row_number,model,seed,method,predictor,bucket_size,num_chains,dimension,repeat,method_seconds,monolithic_seconds_same_index,pairing_note
0,eight_schools_centered,0,monolithic,monolithic,0,512,10,0,6.616889916360378,6.616889916360378,repeat indices align samples but methods were timed sequentially; use independent-resample intervals
0,eight_schools_centered,0,monolithic,monolithic,0,512,10,1,2.0792775973677635,2.0792775973677635,repeat indices align samples but methods were timed sequentially; use independent-resample intervals
0,eight_schools_centered,0,monolithic,monolithic,0,512,10,2,2.043062835931778,2.043062835931778,repeat indices align samples but methods were timed sequentially; use independent-resample intervals
0,eight_schools_centered,0,monolithic,monolithic,0,512,10,3,1.9970072135329247,1.9970072135329247,repeat indices align samples but methods were timed sequentially; use independent-resample intervals
0,eight_schools_centered,0,monolithic,monolithic,0,512,10,4,1.9923262000083923,1.9923262000083923,repeat indices align samples but methods were timed sequentially; use independent-resample intervals
0,eight_schools_centered,0,monolithic,monolithic,0,512,10,5,2.1531567201018333,2.1531567201018333,repeat indices align samples but methods were timed sequentially; use independent-resample intervals
0,eight_schools_centered,0,monolithic,monolithic,0,512,10,6,2.0624205097556114,2.0624205097556114,repeat indices align samples but methods were timed sequentially; use independent-resample intervals
0,eight_schools_centered,0,monolithic,monolithic,0,512,10,7,2.059899851679802,2.059899851679802,repeat indices align samples but methods were timed sequentially; use independent-resample intervals
0,eight_schools_centered,0,monolithic,monolithic,0,512,10,8,2.0969169810414314,2.0969169810414314,repeat indices align samples but methods were timed sequentially; use independent-resample intervals
0,eight_schools_centered,0,monolithic,monolithic,0,512,10,9,2.1098748072981834,2.1098748072981834,repeat indices align samples but methods were timed sequentially; use independent-resample intervals
0,eight_schools_centered,0,monolithic,monolithic,0,512,10,10,2.103776454925537,2.103776454925537,repeat indices align samples but methods were timed sequentially; use independent-resample intervals
0,eight_schools_centered,0,monolithic,monolithic,0,512,10,11,2.0339782685041428,2.0339782685041428,repeat indices align samples but methods were timed sequentially; use independent-resample intervals
0,eight_schools_centered,0,monolithic,monolithic,0,512,10,12,2.0171046629548073,2.0171046629548073,repeat indices align samples but methods were timed sequentially; use independent-resample intervals
0,eight_schools_centered,0,monolithic,monolithic,0,512,10,13,2.0841848850250244,2.0841848850250244,repeat indices align samples but methods were timed sequentially; use independent-resample intervals
0,eight_schools_centered,0,monolithic,monolithic,0,512,10,14,2.0174858942627907,2.0174858942627907,repeat indices align samples but methods were timed sequentially; use independent-resample intervals
0,eight_schools_centered,0,monolithic,monolithic,0,512,10,15,2.100391775369644,2.100391775369644,repeat indices align samples but methods were timed sequentially; use independent-resample intervals
0,eight_schools_centered,0,monolithic,monolithic,0,512,10,16,1.9914533644914627,1.9914533644914627,repeat indices align samples but methods were timed sequentially; use independent-resample intervals
0,eight_schools_centered,0,monolithic,monolithic,0,512,10,17,2.0405857786536217,2.0405857786536217,repeat indices align samples but methods were timed sequentially; use independent-resample intervals
0,eight_schools_centered,0,monolithic,monolithic,0,512,10,18,2.0139219909906387,2.0139219909906387,repeat indices align samples but methods were timed sequentially; use independent-resample intervals
0,eight_schools_centered,0,monolithic,monolithic,0,512,10,19,2.03299493342638,2.03299493342638,repeat indices align samples but methods were timed sequentially; use independent-resample intervals
0,eight_schools_centered,0,monolithic,monolithic,0,512,10,20,2.0420066565275192,2.0420066565275192,repeat indices align samples but methods were timed sequentially; use independent-resample intervals
0,eight_schools_centered,0,monolithic,monolithic,0,512,10,21,2.30061886459589,2.30061886459589,repeat indices align samples but methods were timed sequentially; use independent-resample intervals
0,eight_schools_centered,0,monolithic,monolithic,0,512,10,22,2.491060383617878,2.491060383617878,repeat indices align samples but methods were timed sequentially; use independent-resample intervals
0,eight_schools_centered,0,monolithic,monolithic,0,512,10,23,2.551964722573757,2.551964722573757,repeat indices align samples but methods were timed sequentially; use independent-resample intervals
0,eight_schools_centered,0,monolithic,monolithic,0,512,10,24,2.130551427602768,2.130551427602768,repeat indices align samples but methods were timed sequentially; use independent-resample intervals
0,eight_schools_centered,0,monolithic,monolithic,0,512,10,25,2.0800612345337868,2.0800612345337868,repeat indices align samples but methods were timed sequentially; use independent-resample intervals
0,eight_schools_centered,0,monolithic,monolithic,0,512,10,26,2.040302462875843,2.040302462875843,repeat indices align samples but methods were timed sequentially; use independent-resample intervals
0,eight_schools_centered,0,monolithic,monolithic,0,512,10,27,2.053363487124443,2.053363487124443,repeat indices align samples but methods were timed sequentially; use independent-resample intervals
0,eight_schools_centered,0,monolithic,monolithic,0,512,10,28,2.085471771657467,2.085471771657467,repeat indices align samples but methods were timed sequentially; use independent-resample intervals
0,eight_schools_centered,0,monolithic,monolithic,0,512,10,29,2.028571493923664,2.028571493923664,repeat indices align samples but methods were timed sequentially; use independent-resample intervals
1,eight_schools_centered,0,bucketed,none,64,512,10,0,4.514214165508747,6.616889916360378,repeat indices align samples but methods were timed sequentially; use independent-resample intervals
1,eight_schools_centered,0,bucketed,none,64,512,10,1,1.9865556359291077,2.0792775973677635,repeat indices align samples but methods were timed sequentially; use independent-resample intervals
1,eight_schools_centered,0,bucketed,none,64,512,10,2,1.8974677249789238,2.043062835931778,repeat indices align samples but methods were timed sequentially; use independent-resample intervals
1,eight_schools_centered,0,bucketed,none,64,512,10,3,2.2480515986680984,1.9970072135329247,repeat indices align samples but methods were timed sequentially; use independent-resample intervals
1,eight_schools_centered,0,bucketed,none,64,512,10,4,2.100516304373741,1.9923262000083923,repeat indices align samples but methods were timed sequentially; use independent-resample intervals
1,eight_schools_centered,0,bucketed,none,64,512,10,5,2.107880085706711,2.1531567201018333,repeat indices align samples but methods were timed sequentially; use independent-resample intervals
1,eight_schools_centered,0,bucketed,none,64,512,10,6,1.96425661444664,2.0624205097556114,repeat indices align samples but methods were timed sequentially; use independent-resample intervals
1,eight_schools_centered,0,bucketed,none,64,512,10,7,2.1314367800951004,2.059899851679802,repeat indices align samples but methods were timed sequentially; use independent-resample intervals
1,eight_schools_centered,0,bucketed,none,64,512,10,8,2.1436411663889885,2.0969169810414314,repeat indices align samples but methods were timed sequentially; use independent-resample intervals
1,eight_schools_centered,0,bucketed,none,64,512,10,9,2.1670424193143845,2.1098748072981834,repeat indices align samples but methods were timed sequentially; use independent-resample intervals
1,eight_schools_centered,0,bucketed,none,64,512,10,10,2.2567955628037453,2.103776454925537,repeat indices align samples but methods were timed sequentially; use independent-resample intervals
1,eight_schools_centered,0,bucketed,none,64,512,10,11,1.93625096231699,2.0339782685041428,repeat indices align samples but methods were timed sequentially; use independent-resample intervals
1,eight_schools_centered,0,bucketed,none,64,512,10,12,2.051722437143326,2.0171046629548073,repeat indices align samples but methods were timed sequentially; use independent-resample intervals
1,eight_schools_centered,0,bucketed,none,64,512,10,13,1.8969318941235542,2.0841848850250244,repeat indices align samples but methods were timed sequentially; use independent-resample intervals
1,eight_schools_centered,0,bucketed,none,64,512,10,14,1.8500909805297852,2.0174858942627907,repeat indices align samples but methods were timed sequentially; use independent-resample intervals
1,eight_schools_centered,0,bucketed,none,64,512,10,15,1.8930482864379883,2.100391775369644,repeat indices align samples but methods were timed sequentially; use independent-resample intervals
1,eight_schools_centered,0,bucketed,none,64,512,10,16,1.945580244064331,1.9914533644914627,repeat indices align samples but methods were timed sequentially; use independent-resample intervals
1,eight_schools_centered,0,bucketed,none,64,512,10,17,2.0854021832346916,2.0405857786536217,repeat indices align samples but methods were timed sequentially; use independent-resample intervals
1,eight_schools_centered,0,bucketed,none,64,512,10,18,1.9307056814432144,2.0139219909906387,repeat indices align samples but methods were timed sequentially; use independent-resample intervals
1,eight_schools_centered,0,bucketed,none,64,512,10,19,2.154460594058037,2.03299493342638,repeat indices align samples but methods were timed sequentially; use independent-resample intervals
1,eight_schools_centered,0,bucketed,none,64,512,10,20,2.16092362254858,2.0420066565275192,repeat indices align samples but methods were timed sequentially; use independent-resample intervals
1,eight_schools_centered,0,bucketed,none,64,512,10,21,1.9227204769849777,2.30061886459589,repeat indices align samples but methods were timed sequentially; use independent-resample intervals
1,eight_schools_centered,0,bucketed,none,64,512,10,22,2.217645116150379,2.491060383617878,repeat indices align samples but methods were timed sequentially; use independent-resample intervals
1,eight_schools_centered,0,bucketed,none,64,512,10,23,2.017988830804825,2.551964722573757,repeat indices align samples but methods were timed sequentially; use independent-resample intervals
1,eight_schools_centered,0,bucketed,none,64,512,10,24,1.943167395889759,2.130551427602768,repeat indices align samples but methods were timed sequentially; use independent-resample intervals
1,eight_schools_centered,0,bucketed,none,64,512,10,25,2.1107260286808014,2.0800612345337868,repeat indices align samples but methods were timed sequentially; use independent-resample intervals
1,eight_schools_centered,0,bucketed,none,64,512,10,26,2.2267065569758415,2.040302462875843,repeat indices align samples but methods were timed sequentially; use independent-resample intervals
1,eight_schools_centered,0,bucketed,none,64,512,10,27,2.1609170213341713,2.053363487124443,repeat indices align samples but methods were timed sequentially; use independent-resample intervals
1,eight_schools_centered,0,bucketed,none,64,512,10,28,2.0175105407834053,2.085471771657467,repeat indices align samples but methods were timed sequentially; use independent-resample intervals
1,eight_schools_centered,0,bucketed,none,64,512,10,29,1.9969517141580582,2.028571493923664,repeat indices align samples but methods were timed sequentially; use independent-resample intervals
2,eight_schools_centered,0,bucketed,none,128,512,10,0,4.278291292488575,6.616889916360378,repeat indices align samples but methods were timed sequentially; use independent-resample intervals
2,eight_schools_centered,0,bucketed,none,128,512,10,1,1.9275902807712555,2.0792775973677635,repeat indices align samples but methods were timed sequentially; use independent-resample intervals
2,eight_schools_centered,0,bucketed,none,128,512,10,2,1.8534380570054054,2.043062835931778,repeat indices align samples but methods were timed sequentially; use independent-resample intervals
2,eight_schools_centered,0,bucketed,none,128,512,10,3,1.8728811964392662,1.9970072135329247,repeat indices align samples but methods were timed sequentially; use independent-resample intervals
2,eight_schools_centered,0,bucketed,none,128,512,10,4,1.8423015847802162,1.9923262000083923,repeat indices align samples but methods were timed sequentially; use independent-resample intervals
2,eight_schools_centered,0,bucketed,none,128,512,10,5,1.8578945621848106,2.1531567201018333,repeat indices align samples but methods were timed sequentially; use independent-resample intervals
2,eight_schools_centered,0,bucketed,none,128,512,10,6,1.8761371970176697,2.0624205097556114,repeat indices align samples but methods were timed sequentially; use independent-resample intervals
2,eight_schools_centered,0,bucketed,none,128,512,10,7,1.8788054808974266,2.059899851679802,repeat indices align samples but methods were timed sequentially; use independent-resample intervals
2,eight_schools_centered,0,bucketed,none,128,512,10,8,1.898962363600731,2.0969169810414314,repeat indices align samples but methods were timed sequentially; use independent-resample intervals
2,eight_schools_centered,0,bucketed,none,128,512,10,9,1.8634478524327278,2.1098748072981834,repeat indices align samples but methods were timed sequentially; use independent-resample intervals
2,eight_schools_centered,0,bucketed,none,128,512,10,10,1.9084302112460136,2.103776454925537,repeat indices align samples but methods were timed sequentially; use independent-resample intervals
2,eight_schools_centered,0,bucketed,none,128,512,10,11,1.858736015856266,2.0339782685041428,repeat indices align samples but methods were timed sequentially; use independent-resample intervals
2,eight_schools_centered,0,bucketed,none,128,512,10,12,1.9078497663140297,2.0171046629548073,repeat indices align samples but methods were timed sequentially; use independent-resample intervals
2,eight_schools_centered,0,bucketed,none,128,512,10,13,1.8599202185869217,2.0841848850250244,repeat indices align samples but methods were timed sequentially; use independent-resample intervals
2,eight_schools_centered,0,bucketed,none,128,512,10,14,1.8492252379655838,2.0174858942627907,repeat indices align samples but methods were timed sequentially; use independent-resample intervals
2,eight_schools_centered,0,bucketed,none,128,512,10,15,1.9023851156234741,2.100391775369644,repeat indices align samples but methods were timed sequentially; use independent-resample intervals
2,eight_schools_centered,0,bucketed,none,128,512,10,16,1.808900147676468,1.9914533644914627,repeat indices align samples but methods were timed sequentially; use independent-resample intervals
2,eight_schools_centered,0,bucketed,none,128,512,10,17,1.8687380254268646,2.0405857786536217,repeat indices align samples but methods were timed sequentially; use independent-resample intervals
2,eight_schools_centered,0,bucketed,none,128,512,10,18,2.0025117248296738,2.0139219909906387,repeat indices align samples but methods were timed sequentially; use independent-resample intervals
2,eight_schools_centered,0,bucketed,none,128,512,10,19,1.8557556495070457,2.03299493342638,repeat indices align samples but methods were timed sequentially; use independent-resample intervals
2,eight_schools_centered,0,bucketed,none,128,512,10,20,1.8628223687410355,2.0420066565275192,repeat indices align samples but methods were timed sequentially; use independent-resample intervals
2,eight_schools_centered,0,bucketed,none,128,512,10,21,1.8490082025527954,2.30061886459589,repeat indices align samples but methods were timed sequentially; use independent-resample intervals
2,eight_schools_centered,0,bucketed,none,128,512,10,22,1.8661762103438377,2.491060383617878,repeat indices align samples but methods were timed sequentially; use independent-resample intervals
2,eight_schools_centered,0,bucketed,none,128,512,10,23,1.8631871119141579,2.551964722573757,repeat indices align samples but methods were timed sequentially; use independent-resample intervals
2,eight_schools_centered,0,bucketed,none,128,512,10,24,1.879691630601883,2.130551427602768,repeat indices align samples but methods were timed sequentially; use independent-resample intervals
2,eight_schools_centered,0,bucketed,none,128,512,10,25,1.8820596933364868,2.0800612345337868,repeat indices align samples but methods were timed sequentially; use independent-resample intervals
2,eight_schools_centered,0,bucketed,none,128,512,10,26,1.8507570326328278,2.040302462875843,repeat indices align samples but methods were timed sequentially; use independent-resample intervals
2,eight_schools_centered,0,bucketed,none,128,512,10,27,1.8581484034657478,2.053363487124443,repeat indices align samples but methods were timed sequentially; use independent-resample intervals
2,eight_schools_centered,0,bucketed,none,128,512,10,28,1.8657897785305977,2.085471771657467,repeat indices align samples but methods were timed sequentially; use independent-resample intervals
2,eight_schools_centered,0,bucketed,none,128,512,10,29,1.8973286226391792,2.028571493923664,repeat indices align samples but methods were timed sequentially; use independent-resample intervals
3,eight_schools_centered,0,bucketed,history,64,512,10,0,2.1410241201519966,6.616889916360378,repeat indices align samples but methods were timed sequentially; use independent-resample intervals
3,eight_schools_centered,0,bucketed,history,64,512,10,1,2.118207983672619,2.0792775973677635,repeat indices align samples but methods were timed sequentially; use independent-resample intervals
3,eight_schools_centered,0,bucketed,history,64,512,10,2,1.9704175665974617,2.043062835931778,repeat indices align samples but methods were timed sequentially; use independent-resample intervals
3,eight_schools_centered,0,bucketed,history,64,512,10,3,1.8986578062176704,1.9970072135329247,repeat indices align samples but methods were timed sequentially; use independent-resample intervals
3,eight_schools_centered,0,bucketed,history,64,512,10,4,1.907916821539402,1.9923262000083923,repeat indices align samples but methods were timed sequentially; use independent-resample intervals
3,eight_schools_centered,0,bucketed,history,64,512,10,5,1.9757997915148735,2.1531567201018333,repeat indices align samples but methods were timed sequentially; use independent-resample intervals
3,eight_schools_centered,0,bucketed,history,64,512,10,6,1.9899429380893707,2.0624205097556114,repeat indices align samples but methods were timed sequentially; use independent-resample intervals
3,eight_schools_centered,0,bucketed,history,64,512,10,7,2.012025259435177,2.059899851679802,repeat indices align samples but methods were timed sequentially; use independent-resample intervals
3,eight_schools_centered,0,bucketed,history,64,512,10,8,2.065405033528805,2.0969169810414314,repeat indices align samples but methods were timed sequentially; use independent-resample intervals
3,eight_schools_centered,0,bucketed,history,64,512,10,9,1.9734292030334473,2.1098748072981834,repeat indices align samples but methods were timed sequentially; use independent-resample intervals
3,eight_schools_centered,0,bucketed,history,64,512,10,10,2.081700161099434,2.103776454925537,repeat indices align samples but methods were timed sequentially; use independent-resample intervals
3,eight_schools_centered,0,bucketed,history,64,512,10,11,2.0460299402475357,2.0339782685041428,repeat indices align samples but methods were timed sequentially; use independent-resample intervals
3,eight_schools_centered,0,bucketed,history,64,512,10,12,1.9562703520059586,2.0171046629548073,repeat indices align samples but methods were timed sequentially; use independent-resample intervals
3,eight_schools_centered,0,bucketed,history,64,512,10,13,2.145330399274826,2.0841848850250244,repeat indices align samples but methods were timed sequentially; use independent-resample intervals
3,eight_schools_centered,0,bucketed,history,64,512,10,14,1.9822816997766495,2.0174858942627907,repeat indices align samples but methods were timed sequentially; use independent-resample intervals
3,eight_schools_centered,0,bucketed,history,64,512,10,15,1.961035966873169,2.100391775369644,repeat indices align samples but methods were timed sequentially; use independent-resample intervals
3,eight_schools_centered,0,bucketed,history,64,512,10,16,2.058248147368431,1.9914533644914627,repeat indices align samples but methods were timed sequentially; use independent-resample intervals
3,eight_schools_centered,0,bucketed,history,64,512,10,17,2.162389799952507,2.0405857786536217,repeat indices align samples but methods were timed sequentially; use independent-resample intervals
3,eight_schools_centered,0,bucketed,history,64,512,10,18,1.8959279656410217,2.0139219909906387,repeat indices align samples but methods were timed sequentially; use independent-resample intervals
3,eight_schools_centered,0,bucketed,history,64,512,10,19,2.1261423975229263,2.03299493342638,repeat indices align samples but methods were timed sequentially; use independent-resample intervals
3,eight_schools_centered,0,bucketed,history,64,512,10,20,2.146862894296646,2.0420066565275192,repeat indices align samples but methods were timed sequentially; use independent-resample intervals
3,eight_schools_centered,0,bucketed,history,64,512,10,21,2.103185534477234,2.30061886459589,repeat indices align samples but methods were timed sequentially; use independent-resample intervals
3,eight_schools_centered,0,bucketed,history,64,512,10,22,2.134470909833908,2.491060383617878,repeat indices align samples but methods were timed sequentially; use independent-resample intervals
3,eight_schools_centered,0,bucketed,history,64,512,10,23,2.2162736132740974,2.551964722573757,repeat indices align samples but methods were timed sequentially; use independent-resample intervals
3,eight_schools_centered,0,bucketed,history,64,512,10,24,2.271246775984764,2.130551427602768,repeat indices align samples but methods were timed sequentially; use independent-resample intervals
3,eight_schools_centered,0,bucketed,history,64,512,10,25,2.0512620881199837,2.0800612345337868,repeat indices align samples but methods were timed sequentially; use independent-resample intervals
3,eight_schools_centered,0,bucketed,history,64,512,10,26,2.0635146275162697,2.040302462875843,repeat indices align samples but methods were timed sequentially; use independent-resample intervals
3,eight_schools_centered,0,bucketed,history,64,512,10,27,2.071303866803646,2.053363487124443,repeat indices align samples but methods were timed sequentially; use independent-resample intervals
3,eight_schools_centered,0,bucketed,history,64,512,10,28,2.011728920042515,2.085471771657467,repeat indices align samples but methods were timed sequentially; use independent-resample intervals
3,eight_schools_centered,0,bucketed,history,64,512,10,29,2.005476228892803,2.028571493923664,repeat indices align samples but methods were timed sequentially; use independent-resample intervals
4,eight_schools_centered,0,bucketed,history,128,512,10,0,1.8622002303600311,6.616889916360378,repeat indices align samples but methods were timed sequentially; use independent-resample intervals
4,eight_schools_centered,0,bucketed,history,128,512,10,1,1.8594210967421532,2.0792775973677635,repeat indices align samples but methods were timed sequentially; use independent-resample intervals
4,eight_schools_centered,0,bucketed,history,128,512,10,2,1.8502070382237434,2.043062835931778,repeat indices align samples but methods were timed sequentially; use independent-resample intervals
4,eight_schools_centered,0,bucketed,history,128,512,10,3,1.9263663068413734,1.9970072135329247,repeat indices align samples but methods were timed sequentially; use independent-resample intervals
4,eight_schools_centered,0,bucketed,history,128,512,10,4,1.823288545012474,1.9923262000083923,repeat indices align samples but methods were timed sequentially; use independent-resample intervals
4,eight_schools_centered,0,bucketed,history,128,512,10,5,1.878809630870819,2.1531567201018333,repeat indices align samples but methods were timed sequentially; use independent-resample intervals
4,eight_schools_centered,0,bucketed,history,128,512,10,6,1.8716798722743988,2.0624205097556114,repeat indices align samples but methods were timed sequentially; use independent-resample intervals
4,eight_schools_centered,0,bucketed,history,128,512,10,7,1.8452510088682175,2.059899851679802,repeat indices align samples but methods were timed sequentially; use independent-resample intervals
4,eight_schools_centered,0,bucketed,history,128,512,10,8,1.8896238431334496,2.0969169810414314,repeat indices align samples but methods were timed sequentially; use independent-resample intervals
4,eight_schools_centered,0,bucketed,history,128,512,10,9,1.8762173056602478,2.1098748072981834,repeat indices align samples but methods were timed sequentially; use independent-resample intervals
4,eight_schools_centered,0,bucketed,history,128,512,10,10,1.9460948407649994,2.103776454925537,repeat indices align samples but methods were timed sequentially; use independent-resample intervals
4,eight_schools_centered,0,bucketed,history,128,512,10,11,2.0005441159009933,2.0339782685041428,repeat indices align samples but methods were timed sequentially; use independent-resample intervals
4,eight_schools_centered,0,bucketed,history,128,512,10,12,1.968263640999794,2.0171046629548073,repeat indices align samples but methods were timed sequentially; use independent-resample intervals
4,eight_schools_centered,0,bucketed,history,128,512,10,13,1.8674240857362747,2.0841848850250244,repeat indices align samples but methods were timed sequentially; use independent-resample intervals
4,eight_schools_centered,0,bucketed,history,128,512,10,14,1.9010257050395012,2.0174858942627907,repeat indices align samples but methods were timed sequentially; use independent-resample intervals
4,eight_schools_centered,0,bucketed,history,128,512,10,15,1.8576574549078941,2.100391775369644,repeat indices align samples but methods were timed sequentially; use independent-resample intervals
4,eight_schools_centered,0,bucketed,history,128,512,10,16,1.8799389153718948,1.9914533644914627,repeat indices align samples but methods were timed sequentially; use independent-resample intervals
4,eight_schools_centered,0,bucketed,history,128,512,10,17,1.8876733183860779,2.0405857786536217,repeat indices align samples but methods were timed sequentially; use independent-resample intervals
4,eight_schools_centered,0,bucketed,history,128,512,10,18,1.9646348431706429,2.0139219909906387,repeat indices align samples but methods were timed sequentially; use independent-resample intervals
4,eight_schools_centered,0,bucketed,history,128,512,10,19,2.0499307811260223,2.03299493342638,repeat indices align samples but methods were timed sequentially; use independent-resample intervals
4,eight_schools_centered,0,bucketed,history,128,512,10,20,1.935219794511795,2.0420066565275192,repeat indices align samples but methods were timed sequentially; use independent-resample intervals
4,eight_schools_centered,0,bucketed,history,128,512,10,21,2.05248761177063,2.30061886459589,repeat indices align samples but methods were timed sequentially; use independent-resample intervals
4,eight_schools_centered,0,bucketed,history,128,512,10,22,1.9471291452646255,2.491060383617878,repeat indices align samples but methods were timed sequentially; use independent-resample intervals
4,eight_schools_centered,0,bucketed,history,128,512,10,23,1.8961237967014313,2.551964722573757,repeat indices align samples but methods were timed sequentially; use independent-resample intervals
4,eight_schools_centered,0,bucketed,history,128,512,10,24,1.8905295506119728,2.130551427602768,repeat indices align samples but methods were timed sequentially; use independent-resample intervals
4,eight_schools_centered,0,bucketed,history,128,512,10,25,1.8840415850281715,2.0800612345337868,repeat indices align samples but methods were timed sequentially; use independent-resample intervals
4,eight_schools_centered,0,bucketed,history,128,512,10,26,1.854422114789486,2.040302462875843,repeat indices align samples but methods were timed sequentially; use independent-resample intervals
4,eight_schools_centered,0,bucketed,history,128,512,10,27,1.8615945279598236,2.053363487124443,repeat indices align samples but methods were timed sequentially; use independent-resample intervals
4,eight_schools_centered,0,bucketed,history,128,512,10,28,1.8448119312524796,2.085471771657467,repeat indices align samples but methods were timed sequentially; use independent-resample intervals
4,eight_schools_centered,0,bucketed,history,128,512,10,29,1.8947161063551903,2.028571493923664,repeat indices align samples but methods were timed sequentially; use independent-resample intervals
5,eight_schools_centered,0,bucketed,last_depth,64,512,10,0,2.183994673192501,6.616889916360378,repeat indices align samples but methods were timed sequentially; use independent-resample intervals
5,eight_schools_centered,0,bucketed,last_depth,64,512,10,1,2.046504259109497,2.0792775973677635,repeat indices align samples but methods were timed sequentially; use independent-resample intervals
5,eight_schools_centered,0,bucketed,last_depth,64,512,10,2,2.1364679113030434,2.043062835931778,repeat indices align samples but methods were timed sequentially; use independent-resample intervals
5,eight_schools_centered,0,bucketed,last_depth,64,512,10,3,2.0732104778289795,1.9970072135329247,repeat indices align samples but methods were timed sequentially; use independent-resample intervals
5,eight_schools_centered,0,bucketed,last_depth,64,512,10,4,1.9211799129843712,1.9923262000083923,repeat indices align samples but methods were timed sequentially; use independent-resample intervals
5,eight_schools_centered,0,bucketed,last_depth,64,512,10,5,2.0251415371894836,2.1531567201018333,repeat indices align samples but methods were timed sequentially; use independent-resample intervals
5,eight_schools_centered,0,bucketed,last_depth,64,512,10,6,1.9734249711036682,2.0624205097556114,repeat indices align samples but methods were timed sequentially; use independent-resample intervals
5,eight_schools_centered,0,bucketed,last_depth,64,512,10,7,1.9730893820524216,2.059899851679802,repeat indices align samples but methods were timed sequentially; use independent-resample intervals
5,eight_schools_centered,0,bucketed,last_depth,64,512,10,8,2.0173763558268547,2.0969169810414314,repeat indices align samples but methods were timed sequentially; use independent-resample intervals
5,eight_schools_centered,0,bucketed,last_depth,64,512,10,9,2.0514823272824287,2.1098748072981834,repeat indices align samples but methods were timed sequentially; use independent-resample intervals
5,eight_schools_centered,0,bucketed,last_depth,64,512,10,10,2.0348245054483414,2.103776454925537,repeat indices align samples but methods were timed sequentially; use independent-resample intervals
5,eight_schools_centered,0,bucketed,last_depth,64,512,10,11,1.9841871410608292,2.0339782685041428,repeat indices align samples but methods were timed sequentially; use independent-resample intervals
5,eight_schools_centered,0,bucketed,last_depth,64,512,10,12,2.185980901122093,2.0171046629548073,repeat indices align samples but methods were timed sequentially; use independent-resample intervals
5,eight_schools_centered,0,bucketed,last_depth,64,512,10,13,2.0920082479715347,2.0841848850250244,repeat indices align samples but methods were timed sequentially; use independent-resample intervals
5,eight_schools_centered,0,bucketed,last_depth,64,512,10,14,2.2151151970028877,2.0174858942627907,repeat indices align samples but methods were timed sequentially; use independent-resample intervals
5,eight_schools_centered,0,bucketed,last_depth,64,512,10,15,1.9778246954083443,2.100391775369644,repeat indices align samples but methods were timed sequentially; use independent-resample intervals
5,eight_schools_centered,0,bucketed,last_depth,64,512,10,16,2.0693596974015236,1.9914533644914627,repeat indices align samples but methods were timed sequentially; use independent-resample intervals
5,eight_schools_centered,0,bucketed,last_depth,64,512,10,17,2.0782076939940453,2.0405857786536217,repeat indices align samples but methods were timed sequentially; use independent-resample intervals
5,eight_schools_centered,0,bucketed,last_depth,64,512,10,18,2.0497695207595825,2.0139219909906387,repeat indices align samples but methods were timed sequentially; use independent-resample intervals
5,eight_schools_centered,0,bucketed,last_depth,64,512,10,19,1.9742305353283882,2.03299493342638,repeat indices align samples but methods were timed sequentially; use independent-resample intervals
5,eight_schools_centered,0,bucketed,last_depth,64,512,10,20,2.2276104018092155,2.0420066565275192,repeat indices align samples but methods were timed sequentially; use independent-resample intervals
5,eight_schools_centered,0,bucketed,last_depth,64,512,10,21,2.112844079732895,2.30061886459589,repeat indices align samples but methods were timed sequentially; use independent-resample intervals
5,eight_schools_centered,0,bucketed,last_depth,64,512,10,22,2.233218267560005,2.491060383617878,repeat indices align samples but methods were timed sequentially; use independent-resample intervals
5,eight_schools_centered,0,bucketed,last_depth,64,512,10,23,2.37234103679657,2.551964722573757,repeat indices align samples but methods were timed sequentially; use independent-resample intervals
5,eight_schools_centered,0,bucketed,last_depth,64,512,10,24,2.0918048098683357,2.130551427602768,repeat indices align samples but methods were timed sequentially; use independent-resample intervals
5,eight_schools_centered,0,bucketed,last_depth,64,512,10,25,2.0453886538743973,2.0800612345337868,repeat indices align samples but methods were timed sequentially; use independent-resample intervals
5,eight_schools_centered,0,bucketed,last_depth,64,512,10,26,2.1601011157035828,2.040302462875843,repeat indices align samples but methods were timed sequentially; use independent-resample intervals
5,eight_schools_centered,0,bucketed,last_depth,64,512,10,27,2.040700599551201,2.053363487124443,repeat indices align samples but methods were timed sequentially; use independent-resample intervals
5,eight_schools_centered,0,bucketed,last_depth,64,512,10,28,1.9746523275971413,2.085471771657467,repeat indices align samples but methods were timed sequentially; use independent-resample intervals
5,eight_schools_centered,0,bucketed,last_depth,64,512,10,29,2.0531156212091446,2.028571493923664,repeat indices align samples but methods were timed sequentially; use independent-resample intervals
6,eight_schools_centered,0,bucketed,last_depth,128,512,10,0,1.8567831963300705,6.616889916360378,repeat indices align samples but methods were timed sequentially; use independent-resample intervals
6,eight_schools_centered,0,bucketed,last_depth,128,512,10,1,1.8338093608617783,2.0792775973677635,repeat indices align samples but methods were timed sequentially; use independent-resample intervals
6,eight_schools_centered,0,bucketed,last_depth,128,512,10,2,1.886602446436882,2.043062835931778,repeat indices align samples but methods were timed sequentially; use independent-resample intervals
6,eight_schools_centered,0,bucketed,last_depth,128,512,10,3,1.9090382754802704,1.9970072135329247,repeat indices align samples but methods were timed sequentially; use independent-resample intervals
6,eight_schools_centered,0,bucketed,last_depth,128,512,10,4,1.9290257543325424,1.9923262000083923,repeat indices align samples but methods were timed sequentially; use independent-resample intervals
6,eight_schools_centered,0,bucketed,last_depth,128,512,10,5,1.857410080730915,2.1531567201018333,repeat indices align samples but methods were timed sequentially; use independent-resample intervals
6,eight_schools_centered,0,bucketed,last_depth,128,512,10,6,1.8778310641646385,2.0624205097556114,repeat indices align samples but methods were timed sequentially; use independent-resample intervals
6,eight_schools_centered,0,bucketed,last_depth,128,512,10,7,1.8506851270794868,2.059899851679802,repeat indices align samples but methods were timed sequentially; use independent-resample intervals
6,eight_schools_centered,0,bucketed,last_depth,128,512,10,8,1.9103016033768654,2.0969169810414314,repeat indices align samples but methods were timed sequentially; use independent-resample intervals
6,eight_schools_centered,0,bucketed,last_depth,128,512,10,9,1.8684811815619469,2.1098748072981834,repeat indices align samples but methods were timed sequentially; use independent-resample intervals
6,eight_schools_centered,0,bucketed,last_depth,128,512,10,10,1.9196168035268784,2.103776454925537,repeat indices align samples but methods were timed sequentially; use independent-resample intervals
6,eight_schools_centered,0,bucketed,last_depth,128,512,10,11,1.8938327431678772,2.0339782685041428,repeat indices align samples but methods were timed sequentially; use independent-resample intervals
6,eight_schools_centered,0,bucketed,last_depth,128,512,10,12,1.9548263773322105,2.0171046629548073,repeat indices align samples but methods were timed sequentially; use independent-resample intervals
6,eight_schools_centered,0,bucketed,last_depth,128,512,10,13,1.9632767662405968,2.0841848850250244,repeat indices align samples but methods were timed sequentially; use independent-resample intervals
6,eight_schools_centered,0,bucketed,last_depth,128,512,10,14,1.9496287778019905,2.0174858942627907,repeat indices align samples but methods were timed sequentially; use independent-resample intervals
6,eight_schools_centered,0,bucketed,last_depth,128,512,10,15,1.858894258737564,2.100391775369644,repeat indices align samples but methods were timed sequentially; use independent-resample intervals
6,eight_schools_centered,0,bucketed,last_depth,128,512,10,16,1.8729544952511787,1.9914533644914627,repeat indices align samples but methods were timed sequentially; use independent-resample intervals
6,eight_schools_centered,0,bucketed,last_depth,128,512,10,17,1.8414171263575554,2.0405857786536217,repeat indices align samples but methods were timed sequentially; use independent-resample intervals
6,eight_schools_centered,0,bucketed,last_depth,128,512,10,18,1.842732585966587,2.0139219909906387,repeat indices align samples but methods were timed sequentially; use independent-resample intervals
6,eight_schools_centered,0,bucketed,last_depth,128,512,10,19,1.9177623838186264,2.03299493342638,repeat indices align samples but methods were timed sequentially; use independent-resample intervals
6,eight_schools_centered,0,bucketed,last_depth,128,512,10,20,1.903379164636135,2.0420066565275192,repeat indices align samples but methods were timed sequentially; use independent-resample intervals
6,eight_schools_centered,0,bucketed,last_depth,128,512,10,21,1.9213996306061745,2.30061886459589,repeat indices align samples but methods were timed sequentially; use independent-resample intervals
6,eight_schools_centered,0,bucketed,last_depth,128,512,10,22,1.8710792362689972,2.491060383617878,repeat indices align samples but methods were timed sequentially; use independent-resample intervals
6,eight_schools_centered,0,bucketed,last_depth,128,512,10,23,1.8435731008648872,2.551964722573757,repeat indices align samples but methods were timed sequentially; use independent-resample intervals
6,eight_schools_centered,0,bucketed,last_depth,128,512,10,24,1.8933603093028069,2.130551427602768,repeat indices align samples but methods were timed sequentially; use independent-resample intervals
6,eight_schools_centered,0,bucketed,last_depth,128,512,10,25,1.8613137677311897,2.0800612345337868,repeat indices align samples but methods were timed sequentially; use independent-resample intervals
6,eight_schools_centered,0,bucketed,last_depth,128,512,10,26,1.878097027540207,2.040302462875843,repeat indices align samples but methods were timed sequentially; use independent-resample intervals
6,eight_schools_centered,0,bucketed,last_depth,128,512,10,27,1.832084745168686,2.053363487124443,repeat indices align samples but methods were timed sequentially; use independent-resample intervals
6,eight_schools_centered,0,bucketed,last_depth,128,512,10,28,1.8719857707619667,2.085471771657467,repeat indices align samples but methods were timed sequentially; use independent-resample intervals
6,eight_schools_centered,0,bucketed,last_depth,128,512,10,29,1.8982317000627518,2.028571493923664,repeat indices align samples but methods were timed sequentially; use independent-resample intervals
7,eight_schools_centered,1,monolithic,monolithic,0,512,10,0,1.840473733842373,1.840473733842373,repeat indices align samples but methods were timed sequentially; use independent-resample intervals
7,eight_schools_centered,1,monolithic,monolithic,0,512,10,1,1.864223763346672,1.864223763346672,repeat indices align samples but methods were timed sequentially; use independent-resample intervals
7,eight_schools_centered,1,monolithic,monolithic,0,512,10,2,1.843453735113144,1.843453735113144,repeat indices align samples but methods were timed sequentially; use independent-resample intervals
7,eight_schools_centered,1,monolithic,monolithic,0,512,10,3,1.8885375335812569,1.8885375335812569,repeat indices align samples but methods were timed sequentially; use independent-resample intervals
7,eight_schools_centered,1,monolithic,monolithic,0,512,10,4,1.8476717472076416,1.8476717472076416,repeat indices align samples but methods were timed sequentially; use independent-resample intervals
7,eight_schools_centered,1,monolithic,monolithic,0,512,10,5,1.893821932375431,1.893821932375431,repeat indices align samples but methods were timed sequentially; use independent-resample intervals
7,eight_schools_centered,1,monolithic,monolithic,0,512,10,6,1.763687938451767,1.763687938451767,repeat indices align samples but methods were timed sequentially; use independent-resample intervals
7,eight_schools_centered,1,monolithic,monolithic,0,512,10,7,1.8241894990205765,1.8241894990205765,repeat indices align samples but methods were timed sequentially; use independent-resample intervals
7,eight_schools_centered,1,monolithic,monolithic,0,512,10,8,1.7712404876947403,1.7712404876947403,repeat indices align samples but methods were timed sequentially; use independent-resample intervals
7,eight_schools_centered,1,monolithic,monolithic,0,512,10,9,1.8172182887792587,1.8172182887792587,repeat indices align samples but methods were timed sequentially; use independent-resample intervals
7,eight_schools_centered,1,monolithic,monolithic,0,512,10,10,1.8511916399002075,1.8511916399002075,repeat indices align samples but methods were timed sequentially; use independent-resample intervals
7,eight_schools_centered,1,monolithic,monolithic,0,512,10,11,1.7967983037233353,1.7967983037233353,repeat indices align samples but methods were timed sequentially; use independent-resample intervals
7,eight_schools_centered,1,monolithic,monolithic,0,512,10,12,1.7989099621772766,1.7989099621772766,repeat indices align samples but methods were timed sequentially; use independent-resample intervals
7,eight_schools_centered,1,monolithic,monolithic,0,512,10,13,1.866180270910263,1.866180270910263,repeat indices align samples but methods were timed sequentially; use independent-resample intervals
7,eight_schools_centered,1,monolithic,monolithic,0,512,10,14,1.797850951552391,1.797850951552391,repeat indices align samples but methods were timed sequentially; use independent-resample intervals
7,eight_schools_centered,1,monolithic,monolithic,0,512,10,15,1.8283249586820602,1.8283249586820602,repeat indices align samples but methods were timed sequentially; use independent-resample intervals
7,eight_schools_centered,1,monolithic,monolithic,0,512,10,16,1.844935655593872,1.844935655593872,repeat indices align samples but methods were timed sequentially; use independent-resample intervals
7,eight_schools_centered,1,monolithic,monolithic,0,512,10,17,1.802898421883583,1.802898421883583,repeat indices align samples but methods were timed sequentially; use independent-resample intervals
7,eight_schools_centered,1,monolithic,monolithic,0,512,10,18,1.8094345778226852,1.8094345778226852,repeat indices align samples but methods were timed sequentially; use independent-resample intervals
7,eight_schools_centered,1,monolithic,monolithic,0,512,10,19,1.7686257809400558,1.7686257809400558,repeat indices align samples but methods were timed sequentially; use independent-resample intervals
7,eight_schools_centered,1,monolithic,monolithic,0,512,10,20,1.8477138504385948,1.8477138504385948,repeat indices align samples but methods were timed sequentially; use independent-resample intervals
7,eight_schools_centered,1,monolithic,monolithic,0,512,10,21,1.8838142231106758,1.8838142231106758,repeat indices align samples but methods were timed sequentially; use independent-resample intervals
7,eight_schools_centered,1,monolithic,monolithic,0,512,10,22,1.899252988398075,1.899252988398075,repeat indices align samples but methods were timed sequentially; use independent-resample intervals
7,eight_schools_centered,1,monolithic,monolithic,0,512,10,23,1.8420203551650047,1.8420203551650047,repeat indices align samples but methods were timed sequentially; use independent-resample intervals
7,eight_schools_centered,1,monolithic,monolithic,0,512,10,24,1.9511229023337364,1.9511229023337364,repeat indices align samples but methods were timed sequentially; use independent-resample intervals
7,eight_schools_centered,1,monolithic,monolithic,0,512,10,25,1.8846334293484688,1.8846334293484688,repeat indices align samples but methods were timed sequentially; use independent-resample intervals
7,eight_schools_centered,1,monolithic,monolithic,0,512,10,26,1.8851338922977448,1.8851338922977448,repeat indices align samples but methods were timed sequentially; use independent-resample intervals
7,eight_schools_centered,1,monolithic,monolithic,0,512,10,27,1.9116013869643211,1.9116013869643211,repeat indices align samples but methods were timed sequentially; use independent-resample intervals
7,eight_schools_centered,1,monolithic,monolithic,0,512,10,28,1.9441240280866623,1.9441240280866623,repeat indices align samples but methods were timed sequentially; use independent-resample intervals
7,eight_schools_centered,1,monolithic,monolithic,0,512,10,29,1.900122545659542,1.900122545659542,repeat indices align samples but methods were timed sequentially; use independent-resample intervals
8,eight_schools_centered,1,bucketed,none,64,512,10,0,2.0678638219833374,1.840473733842373,repeat indices align samples but methods were timed sequentially; use independent-resample intervals
8,eight_schools_centered,1,bucketed,none,64,512,10,1,1.9286989122629166,1.864223763346672,repeat indices align samples but methods were timed sequentially; use independent-resample intervals
8,eight_schools_centered,1,bucketed,none,64,512,10,2,2.0131943449378014,1.843453735113144,repeat indices align samples but methods were timed sequentially; use independent-resample intervals
8,eight_schools_centered,1,bucketed,none,64,512,10,3,1.9338511750102043,1.8885375335812569,repeat indices align samples but methods were timed sequentially; use independent-resample intervals
8,eight_schools_centered,1,bucketed,none,64,512,10,4,1.9773860797286034,1.8476717472076416,repeat indices align samples but methods were timed sequentially; use independent-resample intervals
8,eight_schools_centered,1,bucketed,none,64,512,10,5,1.8954512998461723,1.893821932375431,repeat indices align samples but methods were timed sequentially; use independent-resample intervals
8,eight_schools_centered,1,bucketed,none,64,512,10,6,1.8930556774139404,1.763687938451767,repeat indices align samples but methods were timed sequentially; use independent-resample intervals
8,eight_schools_centered,1,bucketed,none,64,512,10,7,1.934066690504551,1.8241894990205765,repeat indices align samples but methods were timed sequentially; use independent-resample intervals
8,eight_schools_centered,1,bucketed,none,64,512,10,8,1.8890708535909653,1.7712404876947403,repeat indices align samples but methods were timed sequentially; use independent-resample intervals
8,eight_schools_centered,1,bucketed,none,64,512,10,9,1.8245489224791527,1.8172182887792587,repeat indices align samples but methods were timed sequentially; use independent-resample intervals
8,eight_schools_centered,1,bucketed,none,64,512,10,10,1.9494227543473244,1.8511916399002075,repeat indices align samples but methods were timed sequentially; use independent-resample intervals
8,eight_schools_centered,1,bucketed,none,64,512,10,11,1.9884827882051468,1.7967983037233353,repeat indices align samples but methods were timed sequentially; use independent-resample intervals
8,eight_schools_centered,1,bucketed,none,64,512,10,12,1.9263446629047394,1.7989099621772766,repeat indices align samples but methods were timed sequentially; use independent-resample intervals
8,eight_schools_centered,1,bucketed,none,64,512,10,13,1.8756936341524124,1.866180270910263,repeat indices align samples but methods were timed sequentially; use independent-resample intervals
8,eight_schools_centered,1,bucketed,none,64,512,10,14,2.012794464826584,1.797850951552391,repeat indices align samples but methods were timed sequentially; use independent-resample intervals
8,eight_schools_centered,1,bucketed,none,64,512,10,15,2.0601832419633865,1.8283249586820602,repeat indices align samples but methods were timed sequentially; use independent-resample intervals
8,eight_schools_centered,1,bucketed,none,64,512,10,16,2.1549057736992836,1.844935655593872,repeat indices align samples but methods were timed sequentially; use independent-resample intervals
8,eight_schools_centered,1,bucketed,none,64,512,10,17,1.7487364187836647,1.802898421883583,repeat indices align samples but methods were timed sequentially; use independent-resample intervals
8,eight_schools_centered,1,bucketed,none,64,512,10,18,1.931436948478222,1.8094345778226852,repeat indices align samples but methods were timed sequentially; use independent-resample intervals
8,eight_schools_centered,1,bucketed,none,64,512,10,19,1.8516548871994019,1.7686257809400558,repeat indices align samples but methods were timed sequentially; use independent-resample intervals
8,eight_schools_centered,1,bucketed,none,64,512,10,20,1.9572975188493729,1.8477138504385948,repeat indices align samples but methods were timed sequentially; use independent-resample intervals
8,eight_schools_centered,1,bucketed,none,64,512,10,21,1.8741284981369972,1.8838142231106758,repeat indices align samples but methods were timed sequentially; use independent-resample intervals
8,eight_schools_centered,1,bucketed,none,64,512,10,22,1.9499297961592674,1.899252988398075,repeat indices align samples but methods were timed sequentially; use independent-resample intervals
8,eight_schools_centered,1,bucketed,none,64,512,10,23,2.0325368717312813,1.8420203551650047,repeat indices align samples but methods were timed sequentially; use independent-resample intervals
8,eight_schools_centered,1,bucketed,none,64,512,10,24,2.0828086882829666,1.9511229023337364,repeat indices align samples but methods were timed sequentially; use independent-resample intervals
8,eight_schools_centered,1,bucketed,none,64,512,10,25,2.125224880874157,1.8846334293484688,repeat indices align samples but methods were timed sequentially; use independent-resample intervals
8,eight_schools_centered,1,bucketed,none,64,512,10,26,2.0932573676109314,1.8851338922977448,repeat indices align samples but methods were timed sequentially; use independent-resample intervals
8,eight_schools_centered,1,bucketed,none,64,512,10,27,1.9757391884922981,1.9116013869643211,repeat indices align samples but methods were timed sequentially; use independent-resample intervals
8,eight_schools_centered,1,bucketed,none,64,512,10,28,2.0291530191898346,1.9441240280866623,repeat indices align samples but methods were timed sequentially; use independent-resample intervals
8,eight_schools_centered,1,bucketed,none,64,512,10,29,1.9071241170167923,1.900122545659542,repeat indices align samples but methods were timed sequentially; use independent-resample intervals
9,eight_schools_centered,1,bucketed,none,128,512,10,0,1.790133461356163,1.840473733842373,repeat indices align samples but methods were timed sequentially; use independent-resample intervals
9,eight_schools_centered,1,bucketed,none,128,512,10,1,1.7931333780288696,1.864223763346672,repeat indices align samples but methods were timed sequentially; use independent-resample intervals
9,eight_schools_centered,1,bucketed,none,128,512,10,2,1.818413868546486,1.843453735113144,repeat indices align samples but methods were timed sequentially; use independent-resample intervals
9,eight_schools_centered,1,bucketed,none,128,512,10,3,1.809401199221611,1.8885375335812569,repeat indices align samples but methods were timed sequentially; use independent-resample intervals
9,eight_schools_centered,1,bucketed,none,128,512,10,4,1.8014483153820038,1.8476717472076416,repeat indices align samples but methods were timed sequentially; use independent-resample intervals
9,eight_schools_centered,1,bucketed,none,128,512,10,5,1.848649449646473,1.893821932375431,repeat indices align samples but methods were timed sequentially; use independent-resample intervals
9,eight_schools_centered,1,bucketed,none,128,512,10,6,1.8077776208519936,1.763687938451767,repeat indices align samples but methods were timed sequentially; use independent-resample intervals
9,eight_schools_centered,1,bucketed,none,128,512,10,7,1.8165741264820099,1.8241894990205765,repeat indices align samples but methods were timed sequentially; use independent-resample intervals
9,eight_schools_centered,1,bucketed,none,128,512,10,8,1.8506316393613815,1.7712404876947403,repeat indices align samples but methods were timed sequentially; use independent-resample intervals
9,eight_schools_centered,1,bucketed,none,128,512,10,9,1.8807267397642136,1.8172182887792587,repeat indices align samples but methods were timed sequentially; use independent-resample intervals
9,eight_schools_centered,1,bucketed,none,128,512,10,10,1.7845898121595383,1.8511916399002075,repeat indices align samples but methods were timed sequentially; use independent-resample intervals
9,eight_schools_centered,1,bucketed,none,128,512,10,11,1.9294672831892967,1.7967983037233353,repeat indices align samples but methods were timed sequentially; use independent-resample intervals
9,eight_schools_centered,1,bucketed,none,128,512,10,12,1.8366162478923798,1.7989099621772766,repeat indices align samples but methods were timed sequentially; use independent-resample intervals
9,eight_schools_centered,1,bucketed,none,128,512,10,13,1.8741051629185677,1.866180270910263,repeat indices align samples but methods were timed sequentially; use independent-resample intervals
9,eight_schools_centered,1,bucketed,none,128,512,10,14,1.8297858908772469,1.797850951552391,repeat indices align samples but methods were timed sequentially; use independent-resample intervals
9,eight_schools_centered,1,bucketed,none,128,512,10,15,1.791320726275444,1.8283249586820602,repeat indices align samples but methods were timed sequentially; use independent-resample intervals
9,eight_schools_centered,1,bucketed,none,128,512,10,16,1.8238502889871597,1.844935655593872,repeat indices align samples but methods were timed sequentially; use independent-resample intervals
9,eight_schools_centered,1,bucketed,none,128,512,10,17,1.7994021400809288,1.802898421883583,repeat indices align samples but methods were timed sequentially; use independent-resample intervals
9,eight_schools_centered,1,bucketed,none,128,512,10,18,1.8290484473109245,1.8094345778226852,repeat indices align samples but methods were timed sequentially; use independent-resample intervals
9,eight_schools_centered,1,bucketed,none,128,512,10,19,1.8741292506456375,1.7686257809400558,repeat indices align samples but methods were timed sequentially; use independent-resample intervals
9,eight_schools_centered,1,bucketed,none,128,512,10,20,1.8802084624767303,1.8477138504385948,repeat indices align samples but methods were timed sequentially; use independent-resample intervals
9,eight_schools_centered,1,bucketed,none,128,512,10,21,1.8450445532798767,1.8838142231106758,repeat indices align samples but methods were timed sequentially; use independent-resample intervals
9,eight_schools_centered,1,bucketed,none,128,512,10,22,1.95426407456398,1.899252988398075,repeat indices align samples but methods were timed sequentially; use independent-resample intervals
9,eight_schools_centered,1,bucketed,none,128,512,10,23,1.83927870541811,1.8420203551650047,repeat indices align samples but methods were timed sequentially; use independent-resample intervals
9,eight_schools_centered,1,bucketed,none,128,512,10,24,1.8889457657933235,1.9511229023337364,repeat indices align samples but methods were timed sequentially; use independent-resample intervals
9,eight_schools_centered,1,bucketed,none,128,512,10,25,2.2026434540748596,1.8846334293484688,repeat indices align samples but methods were timed sequentially; use independent-resample intervals
9,eight_schools_centered,1,bucketed,none,128,512,10,26,2.0011985674500465,1.8851338922977448,repeat indices align samples but methods were timed sequentially; use independent-resample intervals
9,eight_schools_centered,1,bucketed,none,128,512,10,27,1.9945414289832115,1.9116013869643211,repeat indices align samples but methods were timed sequentially; use independent-resample intervals
9,eight_schools_centered,1,bucketed,none,128,512,10,28,1.8968846574425697,1.9441240280866623,repeat indices align samples but methods were timed sequentially; use independent-resample intervals
9,eight_schools_centered,1,bucketed,none,128,512,10,29,1.9003171026706696,1.900122545659542,repeat indices align samples but methods were timed sequentially; use independent-resample intervals
10,eight_schools_centered,1,bucketed,history,64,512,10,0,1.998342402279377,1.840473733842373,repeat indices align samples but methods were timed sequentially; use independent-resample intervals
10,eight_schools_centered,1,bucketed,history,64,512,10,1,1.9808805584907532,1.864223763346672,repeat indices align samples but methods were timed sequentially; use independent-resample intervals
10,eight_schools_centered,1,bucketed,history,64,512,10,2,2.096280224621296,1.843453735113144,repeat indices align samples but methods were timed sequentially; use independent-resample intervals
10,eight_schools_centered,1,bucketed,history,64,512,10,3,1.9652542546391487,1.8885375335812569,repeat indices align samples but methods were timed sequentially; use independent-resample intervals
10,eight_schools_centered,1,bucketed,history,64,512,10,4,2.21092738956213,1.8476717472076416,repeat indices align samples but methods were timed sequentially; use independent-resample intervals
10,eight_schools_centered,1,bucketed,history,64,512,10,5,2.111398160457611,1.893821932375431,repeat indices align samples but methods were timed sequentially; use independent-resample intervals
10,eight_schools_centered,1,bucketed,history,64,512,10,6,2.172960288822651,1.763687938451767,repeat indices align samples but methods were timed sequentially; use independent-resample intervals
10,eight_schools_centered,1,bucketed,history,64,512,10,7,2.054979458451271,1.8241894990205765,repeat indices align samples but methods were timed sequentially; use independent-resample intervals
10,eight_schools_centered,1,bucketed,history,64,512,10,8,2.107699029147625,1.7712404876947403,repeat indices align samples but methods were timed sequentially; use independent-resample intervals
10,eight_schools_centered,1,bucketed,history,64,512,10,9,2.0068748742341995,1.8172182887792587,repeat indices align samples but methods were timed sequentially; use independent-resample intervals
10,eight_schools_centered,1,bucketed,history,64,512,10,10,1.99314334243536,1.8511916399002075,repeat indices align samples but methods were timed sequentially; use independent-resample intervals
10,eight_schools_centered,1,bucketed,history,64,512,10,11,1.9771240204572678,1.7967983037233353,repeat indices align samples but methods were timed sequentially; use independent-resample intervals
10,eight_schools_centered,1,bucketed,history,64,512,10,12,2.053329899907112,1.7989099621772766,repeat indices align samples but methods were timed sequentially; use independent-resample intervals
10,eight_schools_centered,1,bucketed,history,64,512,10,13,1.976047083735466,1.866180270910263,repeat indices align samples but methods were timed sequentially; use independent-resample intervals
10,eight_schools_centered,1,bucketed,history,64,512,10,14,2.072409376502037,1.797850951552391,repeat indices align samples but methods were timed sequentially; use independent-resample intervals
10,eight_schools_centered,1,bucketed,history,64,512,10,15,2.393328920006752,1.8283249586820602,repeat indices align samples but methods were timed sequentially; use independent-resample intervals
10,eight_schools_centered,1,bucketed,history,64,512,10,16,2.340341232717037,1.844935655593872,repeat indices align samples but methods were timed sequentially; use independent-resample intervals
10,eight_schools_centered,1,bucketed,history,64,512,10,17,2.2381915375590324,1.802898421883583,repeat indices align samples but methods were timed sequentially; use independent-resample intervals
10,eight_schools_centered,1,bucketed,history,64,512,10,18,2.143778473138809,1.8094345778226852,repeat indices align samples but methods were timed sequentially; use independent-resample intervals
10,eight_schools_centered,1,bucketed,history,64,512,10,19,2.155794009566307,1.7686257809400558,repeat indices align samples but methods were timed sequentially; use independent-resample intervals
10,eight_schools_centered,1,bucketed,history,64,512,10,20,2.186890296638012,1.8477138504385948,repeat indices align samples but methods were timed sequentially; use independent-resample intervals
10,eight_schools_centered,1,bucketed,history,64,512,10,21,2.1398351415991783,1.8838142231106758,repeat indices align samples but methods were timed sequentially; use independent-resample intervals
10,eight_schools_centered,1,bucketed,history,64,512,10,22,2.1456764489412308,1.899252988398075,repeat indices align samples but methods were timed sequentially; use independent-resample intervals
10,eight_schools_centered,1,bucketed,history,64,512,10,23,1.907748982310295,1.8420203551650047,repeat indices align samples but methods were timed sequentially; use independent-resample intervals
10,eight_schools_centered,1,bucketed,history,64,512,10,24,2.042922720313072,1.9511229023337364,repeat indices align samples but methods were timed sequentially; use independent-resample intervals
10,eight_schools_centered,1,bucketed,history,64,512,10,25,2.1514881402254105,1.8846334293484688,repeat indices align samples but methods were timed sequentially; use independent-resample intervals
10,eight_schools_centered,1,bucketed,history,64,512,10,26,2.0449550300836563,1.8851338922977448,repeat indices align samples but methods were timed sequentially; use independent-resample intervals
10,eight_schools_centered,1,bucketed,history,64,512,10,27,1.8850696682929993,1.9116013869643211,repeat indices align samples but methods were timed sequentially; use independent-resample intervals
10,eight_schools_centered,1,bucketed,history,64,512,10,28,1.975204661488533,1.9441240280866623,repeat indices align samples but methods were timed sequentially; use independent-resample intervals
10,eight_schools_centered,1,bucketed,history,64,512,10,29,2.066800929605961,1.900122545659542,repeat indices align samples but methods were timed sequentially; use independent-resample intervals
11,eight_schools_centered,1,bucketed,history,128,512,10,0,1.9475950300693512,1.840473733842373,repeat indices align samples but methods were timed sequentially; use independent-resample intervals
11,eight_schools_centered,1,bucketed,history,128,512,10,1,2.0576212406158447,1.864223763346672,repeat indices align samples but methods were timed sequentially; use independent-resample intervals
11,eight_schools_centered,1,bucketed,history,128,512,10,2,2.0151366367936134,1.843453735113144,repeat indices align samples but methods were timed sequentially; use independent-resample intervals
11,eight_schools_centered,1,bucketed,history,128,512,10,3,2.0297054797410965,1.8885375335812569,repeat indices align samples but methods were timed sequentially; use independent-resample intervals
11,eight_schools_centered,1,bucketed,history,128,512,10,4,1.9193107187747955,1.8476717472076416,repeat indices align samples but methods were timed sequentially; use independent-resample intervals
11,eight_schools_centered,1,bucketed,history,128,512,10,5,1.8526598289608955,1.893821932375431,repeat indices align samples but methods were timed sequentially; use independent-resample intervals
11,eight_schools_centered,1,bucketed,history,128,512,10,6,1.8380331173539162,1.763687938451767,repeat indices align samples but methods were timed sequentially; use independent-resample intervals
11,eight_schools_centered,1,bucketed,history,128,512,10,7,1.8890728428959846,1.8241894990205765,repeat indices align samples but methods were timed sequentially; use independent-resample intervals
11,eight_schools_centered,1,bucketed,history,128,512,10,8,1.7881938740611076,1.7712404876947403,repeat indices align samples but methods were timed sequentially; use independent-resample intervals
11,eight_schools_centered,1,bucketed,history,128,512,10,9,1.8211579769849777,1.8172182887792587,repeat indices align samples but methods were timed sequentially; use independent-resample intervals
11,eight_schools_centered,1,bucketed,history,128,512,10,10,1.8433550968766212,1.8511916399002075,repeat indices align samples but methods were timed sequentially; use independent-resample intervals
11,eight_schools_centered,1,bucketed,history,128,512,10,11,1.8054261803627014,1.7967983037233353,repeat indices align samples but methods were timed sequentially; use independent-resample intervals
11,eight_schools_centered,1,bucketed,history,128,512,10,12,1.8050965145230293,1.7989099621772766,repeat indices align samples but methods were timed sequentially; use independent-resample intervals
11,eight_schools_centered,1,bucketed,history,128,512,10,13,1.7767545506358147,1.866180270910263,repeat indices align samples but methods were timed sequentially; use independent-resample intervals
11,eight_schools_centered,1,bucketed,history,128,512,10,14,1.8080878630280495,1.797850951552391,repeat indices align samples but methods were timed sequentially; use independent-resample intervals
11,eight_schools_centered,1,bucketed,history,128,512,10,15,1.779841423034668,1.8283249586820602,repeat indices align samples but methods were timed sequentially; use independent-resample intervals
11,eight_schools_centered,1,bucketed,history,128,512,10,16,1.862331546843052,1.844935655593872,repeat indices align samples but methods were timed sequentially; use independent-resample intervals
11,eight_schools_centered,1,bucketed,history,128,512,10,17,1.8416252955794334,1.802898421883583,repeat indices align samples but methods were timed sequentially; use independent-resample intervals
11,eight_schools_centered,1,bucketed,history,128,512,10,18,1.9077222719788551,1.8094345778226852,repeat indices align samples but methods were timed sequentially; use independent-resample intervals
11,eight_schools_centered,1,bucketed,history,128,512,10,19,1.8780352547764778,1.7686257809400558,repeat indices align samples but methods were timed sequentially; use independent-resample intervals
11,eight_schools_centered,1,bucketed,history,128,512,10,20,1.891772098839283,1.8477138504385948,repeat indices align samples but methods were timed sequentially; use independent-resample intervals
11,eight_schools_centered,1,bucketed,history,128,512,10,21,1.8806000277400017,1.8838142231106758,repeat indices align samples but methods were timed sequentially; use independent-resample intervals
11,eight_schools_centered,1,bucketed,history,128,512,10,22,1.9350217506289482,1.899252988398075,repeat indices align samples but methods were timed sequentially; use independent-resample intervals
11,eight_schools_centered,1,bucketed,history,128,512,10,23,1.9016767218708992,1.8420203551650047,repeat indices align samples but methods were timed sequentially; use independent-resample intervals
11,eight_schools_centered,1,bucketed,history,128,512,10,24,1.8759684562683105,1.9511229023337364,repeat indices align samples but methods were timed sequentially; use independent-resample intervals
11,eight_schools_centered,1,bucketed,history,128,512,10,25,1.9177576526999474,1.8846334293484688,repeat indices align samples but methods were timed sequentially; use independent-resample intervals
11,eight_schools_centered,1,bucketed,history,128,512,10,26,1.879844792187214,1.8851338922977448,repeat indices align samples but methods were timed sequentially; use independent-resample intervals
11,eight_schools_centered,1,bucketed,history,128,512,10,27,1.8483209684491158,1.9116013869643211,repeat indices align samples but methods were timed sequentially; use independent-resample intervals
11,eight_schools_centered,1,bucketed,history,128,512,10,28,1.8626942858099937,1.9441240280866623,repeat indices align samples but methods were timed sequentially; use independent-resample intervals
11,eight_schools_centered,1,bucketed,history,128,512,10,29,1.8909552246332169,1.900122545659542,repeat indices align samples but methods were timed sequentially; use independent-resample intervals
12,eight_schools_centered,1,bucketed,last_depth,64,512,10,0,2.337417349219322,1.840473733842373,repeat indices align samples but methods were timed sequentially; use independent-resample intervals
12,eight_schools_centered,1,bucketed,last_depth,64,512,10,1,2.10114399343729,1.864223763346672,repeat indices align samples but methods were timed sequentially; use independent-resample intervals
12,eight_schools_centered,1,bucketed,last_depth,64,512,10,2,2.196803204715252,1.843453735113144,repeat indices align samples but methods were timed sequentially; use independent-resample intervals
12,eight_schools_centered,1,bucketed,last_depth,64,512,10,3,1.9980705976486206,1.8885375335812569,repeat indices align samples but methods were timed sequentially; use independent-resample intervals
12,eight_schools_centered,1,bucketed,last_depth,64,512,10,4,2.0028160586953163,1.8476717472076416,repeat indices align samples but methods were timed sequentially; use independent-resample intervals
12,eight_schools_centered,1,bucketed,last_depth,64,512,10,5,2.0833320766687393,1.893821932375431,repeat indices align samples but methods were timed sequentially; use independent-resample intervals
12,eight_schools_centered,1,bucketed,last_depth,64,512,10,6,1.974918581545353,1.763687938451767,repeat indices align samples but methods were timed sequentially; use independent-resample intervals
12,eight_schools_centered,1,bucketed,last_depth,64,512,10,7,2.1416154727339745,1.8241894990205765,repeat indices align samples but methods were timed sequentially; use independent-resample intervals
12,eight_schools_centered,1,bucketed,last_depth,64,512,10,8,2.052160121500492,1.7712404876947403,repeat indices align samples but methods were timed sequentially; use independent-resample intervals
12,eight_schools_centered,1,bucketed,last_depth,64,512,10,9,2.052817791700363,1.8172182887792587,repeat indices align samples but methods were timed sequentially; use independent-resample intervals
12,eight_schools_centered,1,bucketed,last_depth,64,512,10,10,1.9935569241642952,1.8511916399002075,repeat indices align samples but methods were timed sequentially; use independent-resample intervals
12,eight_schools_centered,1,bucketed,last_depth,64,512,10,11,2.009355790913105,1.7967983037233353,repeat indices align samples but methods were timed sequentially; use independent-resample intervals
12,eight_schools_centered,1,bucketed,last_depth,64,512,10,12,2.1509719789028168,1.7989099621772766,repeat indices align samples but methods were timed sequentially; use independent-resample intervals
12,eight_schools_centered,1,bucketed,last_depth,64,512,10,13,1.9702878147363663,1.866180270910263,repeat indices align samples but methods were timed sequentially; use independent-resample intervals
12,eight_schools_centered,1,bucketed,last_depth,64,512,10,14,2.0311539620161057,1.797850951552391,repeat indices align samples but methods were timed sequentially; use independent-resample intervals
12,eight_schools_centered,1,bucketed,last_depth,64,512,10,15,2.143374726176262,1.8283249586820602,repeat indices align samples but methods were timed sequentially; use independent-resample intervals
12,eight_schools_centered,1,bucketed,last_depth,64,512,10,16,1.9939217120409012,1.844935655593872,repeat indices align samples but methods were timed sequentially; use independent-resample intervals
12,eight_schools_centered,1,bucketed,last_depth,64,512,10,17,1.9710742384195328,1.802898421883583,repeat indices align samples but methods were timed sequentially; use independent-resample intervals
12,eight_schools_centered,1,bucketed,last_depth,64,512,10,18,2.1528032794594765,1.8094345778226852,repeat indices align samples but methods were timed sequentially; use independent-resample intervals
12,eight_schools_centered,1,bucketed,last_depth,64,512,10,19,2.088536076247692,1.7686257809400558,repeat indices align samples but methods were timed sequentially; use independent-resample intervals
12,eight_schools_centered,1,bucketed,last_depth,64,512,10,20,2.1569565311074257,1.8477138504385948,repeat indices align samples but methods were timed sequentially; use independent-resample intervals
12,eight_schools_centered,1,bucketed,last_depth,64,512,10,21,2.2976895198225975,1.8838142231106758,repeat indices align samples but methods were timed sequentially; use independent-resample intervals
12,eight_schools_centered,1,bucketed,last_depth,64,512,10,22,2.649802953004837,1.899252988398075,repeat indices align samples but methods were timed sequentially; use independent-resample intervals
12,eight_schools_centered,1,bucketed,last_depth,64,512,10,23,2.889415353536606,1.8420203551650047,repeat indices align samples but methods were timed sequentially; use independent-resample intervals
12,eight_schools_centered,1,bucketed,last_depth,64,512,10,24,2.8540014773607254,1.9511229023337364,repeat indices align samples but methods were timed sequentially; use independent-resample intervals
12,eight_schools_centered,1,bucketed,last_depth,64,512,10,25,2.6336453780531883,1.8846334293484688,repeat indices align samples but methods were timed sequentially; use independent-resample intervals
12,eight_schools_centered,1,bucketed,last_depth,64,512,10,26,2.21567315608263,1.8851338922977448,repeat indices align samples but methods were timed sequentially; use independent-resample intervals
12,eight_schools_centered,1,bucketed,last_depth,64,512,10,27,2.0970985665917397,1.9116013869643211,repeat indices align samples but methods were timed sequentially; use independent-resample intervals
12,eight_schools_centered,1,bucketed,last_depth,64,512,10,28,1.8918020948767662,1.9441240280866623,repeat indices align samples but methods were timed sequentially; use independent-resample intervals
12,eight_schools_centered,1,bucketed,last_depth,64,512,10,29,2.0070594176650047,1.900122545659542,repeat indices align samples but methods were timed sequentially; use independent-resample intervals
13,eight_schools_centered,1,bucketed,last_depth,128,512,10,0,1.7953521460294724,1.840473733842373,repeat indices align samples but methods were timed sequentially; use independent-resample intervals
13,eight_schools_centered,1,bucketed,last_depth,128,512,10,1,1.8481638506054878,1.864223763346672,repeat indices align samples but methods were timed sequentially; use independent-resample intervals
13,eight_schools_centered,1,bucketed,last_depth,128,512,10,2,1.7879906743764877,1.843453735113144,repeat indices align samples but methods were timed sequentially; use independent-resample intervals
13,eight_schools_centered,1,bucketed,last_depth,128,512,10,3,1.79049351811409,1.8885375335812569,repeat indices align samples but methods were timed sequentially; use independent-resample intervals
13,eight_schools_centered,1,bucketed,last_depth,128,512,10,4,1.7606358081102371,1.8476717472076416,repeat indices align samples but methods were timed sequentially; use independent-resample intervals
13,eight_schools_centered,1,bucketed,last_depth,128,512,10,5,1.806992344558239,1.893821932375431,repeat indices align samples but methods were timed sequentially; use independent-resample intervals
13,eight_schools_centered,1,bucketed,last_depth,128,512,10,6,1.8779072165489197,1.763687938451767,repeat indices align samples but methods were timed sequentially; use independent-resample intervals
13,eight_schools_centered,1,bucketed,last_depth,128,512,10,7,1.7939118444919586,1.8241894990205765,repeat indices align samples but methods were timed sequentially; use independent-resample intervals
13,eight_schools_centered,1,bucketed,last_depth,128,512,10,8,1.8023231476545334,1.7712404876947403,repeat indices align samples but methods were timed sequentially; use independent-resample intervals
13,eight_schools_centered,1,bucketed,last_depth,128,512,10,9,1.7956029325723648,1.8172182887792587,repeat indices align samples but methods were timed sequentially; use independent-resample intervals
13,eight_schools_centered,1,bucketed,last_depth,128,512,10,10,1.7330762073397636,1.8511916399002075,repeat indices align samples but methods were timed sequentially; use independent-resample intervals
13,eight_schools_centered,1,bucketed,last_depth,128,512,10,11,1.8224301263689995,1.7967983037233353,repeat indices align samples but methods were timed sequentially; use independent-resample intervals
13,eight_schools_centered,1,bucketed,last_depth,128,512,10,12,1.8318087235093117,1.7989099621772766,repeat indices align samples but methods were timed sequentially; use independent-resample intervals
13,eight_schools_centered,1,bucketed,last_depth,128,512,10,13,1.7637577280402184,1.866180270910263,repeat indices align samples but methods were timed sequentially; use independent-resample intervals
13,eight_schools_centered,1,bucketed,last_depth,128,512,10,14,1.8141393885016441,1.797850951552391,repeat indices align samples but methods were timed sequentially; use independent-resample intervals
13,eight_schools_centered,1,bucketed,last_depth,128,512,10,15,1.8023459613323212,1.8283249586820602,repeat indices align samples but methods were timed sequentially; use independent-resample intervals
13,eight_schools_centered,1,bucketed,last_depth,128,512,10,16,1.8286529630422592,1.844935655593872,repeat indices align samples but methods were timed sequentially; use independent-resample intervals
13,eight_schools_centered,1,bucketed,last_depth,128,512,10,17,1.8308316841721535,1.802898421883583,repeat indices align samples but methods were timed sequentially; use independent-resample intervals
13,eight_schools_centered,1,bucketed,last_depth,128,512,10,18,1.8795948773622513,1.8094345778226852,repeat indices align samples but methods were timed sequentially; use independent-resample intervals
13,eight_schools_centered,1,bucketed,last_depth,128,512,10,19,1.8696008995175362,1.7686257809400558,repeat indices align samples but methods were timed sequentially; use independent-resample intervals
13,eight_schools_centered,1,bucketed,last_depth,128,512,10,20,1.7972614467144012,1.8477138504385948,repeat indices align samples but methods were timed sequentially; use independent-resample intervals
13,eight_schools_centered,1,bucketed,last_depth,128,512,10,21,1.747989982366562,1.8838142231106758,repeat indices align samples but methods were timed sequentially; use independent-resample intervals
13,eight_schools_centered,1,bucketed,last_depth,128,512,10,22,1.841927893459797,1.899252988398075,repeat indices align samples but methods were timed sequentially; use independent-resample intervals
13,eight_schools_centered,1,bucketed,last_depth,128,512,10,23,1.79569211602211,1.8420203551650047,repeat indices align samples but methods were timed sequentially; use independent-resample intervals
13,eight_schools_centered,1,bucketed,last_depth,128,512,10,24,1.8781976625323296,1.9511229023337364,repeat indices align samples but methods were timed sequentially; use independent-resample intervals
13,eight_schools_centered,1,bucketed,last_depth,128,512,10,25,1.9170310646295547,1.8846334293484688,repeat indices align samples but methods were timed sequentially; use independent-resample intervals
13,eight_schools_centered,1,bucketed,last_depth,128,512,10,26,1.8745198920369148,1.8851338922977448,repeat indices align samples but methods were timed sequentially; use independent-resample intervals
13,eight_schools_centered,1,bucketed,last_depth,128,512,10,27,1.8776866868138313,1.9116013869643211,repeat indices align samples but methods were timed sequentially; use independent-resample intervals
13,eight_schools_centered,1,bucketed,last_depth,128,512,10,28,1.8108882158994675,1.9441240280866623,repeat indices align samples but methods were timed sequentially; use independent-resample intervals
13,eight_schools_centered,1,bucketed,last_depth,128,512,10,29,1.8293696641921997,1.900122545659542,repeat indices align samples but methods were timed sequentially; use independent-resample intervals
14,eight_schools_centered,2,monolithic,monolithic,0,512,10,0,1.9676829427480698,1.9676829427480698,repeat indices align samples but methods were timed sequentially; use independent-resample intervals
14,eight_schools_centered,2,monolithic,monolithic,0,512,10,1,2.005157969892025,2.005157969892025,repeat indices align samples but methods were timed sequentially; use independent-resample intervals
14,eight_schools_centered,2,monolithic,monolithic,0,512,10,2,1.8975848034024239,1.8975848034024239,repeat indices align samples but methods were timed sequentially; use independent-resample intervals
14,eight_schools_centered,2,monolithic,monolithic,0,512,10,3,1.9896862879395485,1.9896862879395485,repeat indices align samples but methods were timed sequentially; use independent-resample intervals
14,eight_schools_centered,2,monolithic,monolithic,0,512,10,4,1.9119082763791084,1.9119082763791084,repeat indices align samples but methods were timed sequentially; use independent-resample intervals
14,eight_schools_centered,2,monolithic,monolithic,0,512,10,5,1.9143573939800262,1.9143573939800262,repeat indices align samples but methods were timed sequentially; use independent-resample intervals
14,eight_schools_centered,2,monolithic,monolithic,0,512,10,6,1.964074082672596,1.964074082672596,repeat indices align samples but methods were timed sequentially; use independent-resample intervals
14,eight_schools_centered,2,monolithic,monolithic,0,512,10,7,1.9828227832913399,1.9828227832913399,repeat indices align samples but methods were timed sequentially; use independent-resample intervals
14,eight_schools_centered,2,monolithic,monolithic,0,512,10,8,2.025393173098564,2.025393173098564,repeat indices align samples but methods were timed sequentially; use independent-resample intervals
14,eight_schools_centered,2,monolithic,monolithic,0,512,10,9,2.007618375122547,2.007618375122547,repeat indices align samples but methods were timed sequentially; use independent-resample intervals
14,eight_schools_centered,2,monolithic,monolithic,0,512,10,10,1.9527605324983597,1.9527605324983597,repeat indices align samples but methods were timed sequentially; use independent-resample intervals
14,eight_schools_centered,2,monolithic,monolithic,0,512,10,11,2.0815289840102196,2.0815289840102196,repeat indices align samples but methods were timed sequentially; use independent-resample intervals
14,eight_schools_centered,2,monolithic,monolithic,0,512,10,12,2.1357265636324883,2.1357265636324883,repeat indices align samples but methods were timed sequentially; use independent-resample intervals
14,eight_schools_centered,2,monolithic,monolithic,0,512,10,13,2.0030604898929596,2.0030604898929596,repeat indices align samples but methods were timed sequentially; use independent-resample intervals
14,eight_schools_centered,2,monolithic,monolithic,0,512,10,14,2.0079485327005386,2.0079485327005386,repeat indices align samples but methods were timed sequentially; use independent-resample intervals
14,eight_schools_centered,2,monolithic,monolithic,0,512,10,15,2.013997420668602,2.013997420668602,repeat indices align samples but methods were timed sequentially; use independent-resample intervals
14,eight_schools_centered,2,monolithic,monolithic,0,512,10,16,1.9790801629424095,1.9790801629424095,repeat indices align samples but methods were timed sequentially; use independent-resample intervals
14,eight_schools_centered,2,monolithic,monolithic,0,512,10,17,1.9551386460661888,1.9551386460661888,repeat indices align samples but methods were timed sequentially; use independent-resample intervals
14,eight_schools_centered,2,monolithic,monolithic,0,512,10,18,2.0526773184537888,2.0526773184537888,repeat indices align samples but methods were timed sequentially; use independent-resample intervals
14,eight_schools_centered,2,monolithic,monolithic,0,512,10,19,1.9728137403726578,1.9728137403726578,repeat indices align samples but methods were timed sequentially; use independent-resample intervals
14,eight_schools_centered,2,monolithic,monolithic,0,512,10,20,2.009993255138397,2.009993255138397,repeat indices align samples but methods were timed sequentially; use independent-resample intervals
14,eight_schools_centered,2,monolithic,monolithic,0,512,10,21,1.9386239126324654,1.9386239126324654,repeat indices align samples but methods were timed sequentially; use independent-resample intervals
14,eight_schools_centered,2,monolithic,monolithic,0,512,10,22,1.900809958577156,1.900809958577156,repeat indices align samples but methods were timed sequentially; use independent-resample intervals
14,eight_schools_centered,2,monolithic,monolithic,0,512,10,23,2.037321150302887,2.037321150302887,repeat indices align samples but methods were timed sequentially; use independent-resample intervals
14,eight_schools_centered,2,monolithic,monolithic,0,512,10,24,2.023524761199951,2.023524761199951,repeat indices align samples but methods were timed sequentially; use independent-resample intervals
14,eight_schools_centered,2,monolithic,monolithic,0,512,10,25,1.9918839558959007,1.9918839558959007,repeat indices align samples but methods were timed sequentially; use independent-resample intervals
14,eight_schools_centered,2,monolithic,monolithic,0,512,10,26,2.001993454992771,2.001993454992771,repeat indices align samples but methods were timed sequentially; use independent-resample intervals
14,eight_schools_centered,2,monolithic,monolithic,0,512,10,27,1.9877118915319443,1.9877118915319443,repeat indices align samples but methods were timed sequentially; use independent-resample intervals
14,eight_schools_centered,2,monolithic,monolithic,0,512,10,28,1.931570254266262,1.931570254266262,repeat indices align samples but methods were timed sequentially; use independent-resample intervals
14,eight_schools_centered,2,monolithic,monolithic,0,512,10,29,1.9312974736094475,1.9312974736094475,repeat indices align samples but methods were timed sequentially; use independent-resample intervals
15,eight_schools_centered,2,bucketed,none,64,512,10,0,2.133606866002083,1.9676829427480698,repeat indices align samples but methods were timed sequentially; use independent-resample intervals
15,eight_schools_centered,2,bucketed,none,64,512,10,1,1.9447835385799408,2.005157969892025,repeat indices align samples but methods were timed sequentially; use independent-resample intervals
15,eight_schools_centered,2,bucketed,none,64,512,10,2,2.085157074034214,1.8975848034024239,repeat indices align samples but methods were timed sequentially; use independent-resample intervals
15,eight_schools_centered,2,bucketed,none,64,512,10,3,1.8505806848406792,1.9896862879395485,repeat indices align samples but methods were timed sequentially; use independent-resample intervals
15,eight_schools_centered,2,bucketed,none,64,512,10,4,1.9782677069306374,1.9119082763791084,repeat indices align samples but methods were timed sequentially; use independent-resample intervals
15,eight_schools_centered,2,bucketed,none,64,512,10,5,2.026904918253422,1.9143573939800262,repeat indices align samples but methods were timed sequentially; use independent-resample intervals
15,eight_schools_centered,2,bucketed,none,64,512,10,6,2.1752763241529465,1.964074082672596,repeat indices align samples but methods were timed sequentially; use independent-resample intervals
15,eight_schools_centered,2,bucketed,none,64,512,10,7,1.963430941104889,1.9828227832913399,repeat indices align samples but methods were timed sequentially; use independent-resample intervals
15,eight_schools_centered,2,bucketed,none,64,512,10,8,1.9698762968182564,2.025393173098564,repeat indices align samples but methods were timed sequentially; use independent-resample intervals
15,eight_schools_centered,2,bucketed,none,64,512,10,9,2.152672901749611,2.007618375122547,repeat indices align samples but methods were timed sequentially; use independent-resample intervals
15,eight_schools_centered,2,bucketed,none,64,512,10,10,2.051299601793289,1.9527605324983597,repeat indices align samples but methods were timed sequentially; use independent-resample intervals
15,eight_schools_centered,2,bucketed,none,64,512,10,11,1.880595602095127,2.0815289840102196,repeat indices align samples but methods were timed sequentially; use independent-resample intervals
15,eight_schools_centered,2,bucketed,none,64,512,10,12,1.9427820891141891,2.1357265636324883,repeat indices align samples but methods were timed sequentially; use independent-resample intervals
15,eight_schools_centered,2,bucketed,none,64,512,10,13,1.9585202857851982,2.0030604898929596,repeat indices align samples but methods were timed sequentially; use independent-resample intervals
15,eight_schools_centered,2,bucketed,none,64,512,10,14,1.9858606159687042,2.0079485327005386,repeat indices align samples but methods were timed sequentially; use independent-resample intervals
15,eight_schools_centered,2,bucketed,none,64,512,10,15,2.029878132045269,2.013997420668602,repeat indices align samples but methods were timed sequentially; use independent-resample intervals
15,eight_schools_centered,2,bucketed,none,64,512,10,16,1.9760849326848984,1.9790801629424095,repeat indices align samples but methods were timed sequentially; use independent-resample intervals
15,eight_schools_centered,2,bucketed,none,64,512,10,17,1.9141952991485596,1.9551386460661888,repeat indices align samples but methods were timed sequentially; use independent-resample intervals
15,eight_schools_centered,2,bucketed,none,64,512,10,18,1.8238100409507751,2.0526773184537888,repeat indices align samples but methods were timed sequentially; use independent-resample intervals
15,eight_schools_centered,2,bucketed,none,64,512,10,19,1.9718258753418922,1.9728137403726578,repeat indices align samples but methods were timed sequentially; use independent-resample intervals
15,eight_schools_centered,2,bucketed,none,64,512,10,20,1.9900439456105232,2.009993255138397,repeat indices align samples but methods were timed sequentially; use independent-resample intervals
15,eight_schools_centered,2,bucketed,none,64,512,10,21,2.181195855140686,1.9386239126324654,repeat indices align samples but methods were timed sequentially; use independent-resample intervals
15,eight_schools_centered,2,bucketed,none,64,512,10,22,1.7743675410747528,1.900809958577156,repeat indices align samples but methods were timed sequentially; use independent-resample intervals
15,eight_schools_centered,2,bucketed,none,64,512,10,23,2.0254905596375465,2.037321150302887,repeat indices align samples but methods were timed sequentially; use independent-resample intervals
15,eight_schools_centered,2,bucketed,none,64,512,10,24,1.9008852690458298,2.023524761199951,repeat indices align samples but methods were timed sequentially; use independent-resample intervals
15,eight_schools_centered,2,bucketed,none,64,512,10,25,2.2465899661183357,1.9918839558959007,repeat indices align samples but methods were timed sequentially; use independent-resample intervals
15,eight_schools_centered,2,bucketed,none,64,512,10,26,2.184985466301441,2.001993454992771,repeat indices align samples but methods were timed sequentially; use independent-resample intervals
15,eight_schools_centered,2,bucketed,none,64,512,10,27,2.154281035065651,1.9877118915319443,repeat indices align samples but methods were timed sequentially; use independent-resample intervals
15,eight_schools_centered,2,bucketed,none,64,512,10,28,2.1930484026670456,1.931570254266262,repeat indices align samples but methods were timed sequentially; use independent-resample intervals
15,eight_schools_centered,2,bucketed,none,64,512,10,29,2.0815078914165497,1.9312974736094475,repeat indices align samples but methods were timed sequentially; use independent-resample intervals
16,eight_schools_centered,2,bucketed,none,128,512,10,0,1.9831471890211105,1.9676829427480698,repeat indices align samples but methods were timed sequentially; use independent-resample intervals
16,eight_schools_centered,2,bucketed,none,128,512,10,1,1.9185479059815407,2.005157969892025,repeat indices align samples but methods were timed sequentially; use independent-resample intervals
16,eight_schools_centered,2,bucketed,none,128,512,10,2,1.9202454686164856,1.8975848034024239,repeat indices align samples but methods were timed sequentially; use independent-resample intervals
16,eight_schools_centered,2,bucketed,none,128,512,10,3,1.903437688946724,1.9896862879395485,repeat indices align samples but methods were timed sequentially; use independent-resample intervals
16,eight_schools_centered,2,bucketed,none,128,512,10,4,2.006804034113884,1.9119082763791084,repeat indices align samples but methods were timed sequentially; use independent-resample intervals
16,eight_schools_centered,2,bucketed,none,128,512,10,5,1.9449632093310356,1.9143573939800262,repeat indices align samples but methods were timed sequentially; use independent-resample intervals
16,eight_schools_centered,2,bucketed,none,128,512,10,6,1.891154207289219,1.964074082672596,repeat indices align samples but methods were timed sequentially; use independent-resample intervals
16,eight_schools_centered,2,bucketed,none,128,512,10,7,1.8615951016545296,1.9828227832913399,repeat indices align samples but methods were timed sequentially; use independent-resample intervals
16,eight_schools_centered,2,bucketed,none,128,512,10,8,1.8399902880191803,2.025393173098564,repeat indices align samples but methods were timed sequentially; use independent-resample intervals
16,eight_schools_centered,2,bucketed,none,128,512,10,9,1.8706554844975471,2.007618375122547,repeat indices align samples but methods were timed sequentially; use independent-resample intervals
16,eight_schools_centered,2,bucketed,none,128,512,10,10,1.8278000131249428,1.9527605324983597,repeat indices align samples but methods were timed sequentially; use independent-resample intervals
16,eight_schools_centered,2,bucketed,none,128,512,10,11,1.9059479013085365,2.0815289840102196,repeat indices align samples but methods were timed sequentially; use independent-resample intervals
16,eight_schools_centered,2,bucketed,none,128,512,10,12,1.808498002588749,2.1357265636324883,repeat indices align samples but methods were timed sequentially; use independent-resample intervals
16,eight_schools_centered,2,bucketed,none,128,512,10,13,1.8613386079668999,2.0030604898929596,repeat indices align samples but methods were timed sequentially; use independent-resample intervals
16,eight_schools_centered,2,bucketed,none,128,512,10,14,1.8606857657432556,2.0079485327005386,repeat indices align samples but methods were timed sequentially; use independent-resample intervals
16,eight_schools_centered,2,bucketed,none,128,512,10,15,1.9294828847050667,2.013997420668602,repeat indices align samples but methods were timed sequentially; use independent-resample intervals
16,eight_schools_centered,2,bucketed,none,128,512,10,16,1.8360869139432907,1.9790801629424095,repeat indices align samples but methods were timed sequentially; use independent-resample intervals
16,eight_schools_centered,2,bucketed,none,128,512,10,17,1.8652728721499443,1.9551386460661888,repeat indices align samples but methods were timed sequentially; use independent-resample intervals
16,eight_schools_centered,2,bucketed,none,128,512,10,18,1.8677871897816658,2.0526773184537888,repeat indices align samples but methods were timed sequentially; use independent-resample intervals
16,eight_schools_centered,2,bucketed,none,128,512,10,19,2.0030569657683372,1.9728137403726578,repeat indices align samples but methods were timed sequentially; use independent-resample intervals
16,eight_schools_centered,2,bucketed,none,128,512,10,20,1.923241175711155,2.009993255138397,repeat indices align samples but methods were timed sequentially; use independent-resample intervals
16,eight_schools_centered,2,bucketed,none,128,512,10,21,1.9070218428969383,1.9386239126324654,repeat indices align samples but methods were timed sequentially; use independent-resample intervals
16,eight_schools_centered,2,bucketed,none,128,512,10,22,2.048024393618107,1.900809958577156,repeat indices align samples but methods were timed sequentially; use independent-resample intervals
16,eight_schools_centered,2,bucketed,none,128,512,10,23,1.8701524510979652,2.037321150302887,repeat indices align samples but methods were timed sequentially; use independent-resample intervals
16,eight_schools_centered,2,bucketed,none,128,512,10,24,1.8765955343842506,2.023524761199951,repeat indices align samples but methods were timed sequentially; use independent-resample intervals
16,eight_schools_centered,2,bucketed,none,128,512,10,25,1.9287356585264206,1.9918839558959007,repeat indices align samples but methods were timed sequentially; use independent-resample intervals
16,eight_schools_centered,2,bucketed,none,128,512,10,26,2.003311187028885,2.001993454992771,repeat indices align samples but methods were timed sequentially; use independent-resample intervals
16,eight_schools_centered,2,bucketed,none,128,512,10,27,2.134024903178215,1.9877118915319443,repeat indices align samples but methods were timed sequentially; use independent-resample intervals
16,eight_schools_centered,2,bucketed,none,128,512,10,28,1.9997366666793823,1.931570254266262,repeat indices align samples but methods were timed sequentially; use independent-resample intervals
16,eight_schools_centered,2,bucketed,none,128,512,10,29,1.9444678723812103,1.9312974736094475,repeat indices align samples but methods were timed sequentially; use independent-resample intervals
17,eight_schools_centered,2,bucketed,history,64,512,10,0,2.094727039337158,1.9676829427480698,repeat indices align samples but methods were timed sequentially; use independent-resample intervals
17,eight_schools_centered,2,bucketed,history,64,512,10,1,2.153858482837677,2.005157969892025,repeat indices align samples but methods were timed sequentially; use independent-resample intervals
17,eight_schools_centered,2,bucketed,history,64,512,10,2,2.1769073233008385,1.8975848034024239,repeat indices align samples but methods were timed sequentially; use independent-resample intervals
17,eight_schools_centered,2,bucketed,history,64,512,10,3,1.9531997963786125,1.9896862879395485,repeat indices align samples but methods were timed sequentially; use independent-resample intervals
17,eight_schools_centered,2,bucketed,history,64,512,10,4,2.019558422267437,1.9119082763791084,repeat indices align samples but methods were timed sequentially; use independent-resample intervals
17,eight_schools_centered,2,bucketed,history,64,512,10,5,2.1469623669981956,1.9143573939800262,repeat indices align samples but methods were timed sequentially; use independent-resample intervals
17,eight_schools_centered,2,bucketed,history,64,512,10,6,1.9888390228152275,1.964074082672596,repeat indices align samples but methods were timed sequentially; use independent-resample intervals
17,eight_schools_centered,2,bucketed,history,64,512,10,7,2.0553601011633873,1.9828227832913399,repeat indices align samples but methods were timed sequentially; use independent-resample intervals
17,eight_schools_centered,2,bucketed,history,64,512,10,8,1.9526834040880203,2.025393173098564,repeat indices align samples but methods were timed sequentially; use independent-resample intervals
17,eight_schools_centered,2,bucketed,history,64,512,10,9,2.0524052679538727,2.007618375122547,repeat indices align samples but methods were timed sequentially; use independent-resample intervals
17,eight_schools_centered,2,bucketed,history,64,512,10,10,1.9791986495256424,1.9527605324983597,repeat indices align samples but methods were timed sequentially; use independent-resample intervals
17,eight_schools_centered,2,bucketed,history,64,512,10,11,2.0354481264948845,2.0815289840102196,repeat indices align samples but methods were timed sequentially; use independent-resample intervals
17,eight_schools_centered,2,bucketed,history,64,512,10,12,1.9759272038936615,2.1357265636324883,repeat indices align samples but methods were timed sequentially; use independent-resample intervals
17,eight_schools_centered,2,bucketed,history,64,512,10,13,2.066555619239807,2.0030604898929596,repeat indices align samples but methods were timed sequentially; use independent-resample intervals
17,eight_schools_centered,2,bucketed,history,64,512,10,14,2.0545077845454216,2.0079485327005386,repeat indices align samples but methods were timed sequentially; use independent-resample intervals
17,eight_schools_centered,2,bucketed,history,64,512,10,15,2.086309038102627,2.013997420668602,repeat indices align samples but methods were timed sequentially; use independent-resample intervals
17,eight_schools_centered,2,bucketed,history,64,512,10,16,2.0098940059542656,1.9790801629424095,repeat indices align samples but methods were timed sequentially; use independent-resample intervals
17,eight_schools_centered,2,bucketed,history,64,512,10,17,2.012164518237114,1.9551386460661888,repeat indices align samples but methods were timed sequentially; use independent-resample intervals
17,eight_schools_centered,2,bucketed,history,64,512,10,18,1.9185640513896942,2.0526773184537888,repeat indices align samples but methods were timed sequentially; use independent-resample intervals
17,eight_schools_centered,2,bucketed,history,64,512,10,19,2.0522794649004936,1.9728137403726578,repeat indices align samples but methods were timed sequentially; use independent-resample intervals
17,eight_schools_centered,2,bucketed,history,64,512,10,20,2.249388702213764,2.009993255138397,repeat indices align samples but methods were timed sequentially; use independent-resample intervals
17,eight_schools_centered,2,bucketed,history,64,512,10,21,2.136695019900799,1.9386239126324654,repeat indices align samples but methods were timed sequentially; use independent-resample intervals
17,eight_schools_centered,2,bucketed,history,64,512,10,22,2.1374569311738014,1.900809958577156,repeat indices align samples but methods were timed sequentially; use independent-resample intervals
17,eight_schools_centered,2,bucketed,history,64,512,10,23,2.07916609197855,2.037321150302887,repeat indices align samples but methods were timed sequentially; use independent-resample intervals
17,eight_schools_centered,2,bucketed,history,64,512,10,24,1.9668180495500565,2.023524761199951,repeat indices align samples but methods were timed sequentially; use independent-resample intervals
17,eight_schools_centered,2,bucketed,history,64,512,10,25,2.149847887456417,1.9918839558959007,repeat indices align samples but methods were timed sequentially; use independent-resample intervals
17,eight_schools_centered,2,bucketed,history,64,512,10,26,2.260897248983383,2.001993454992771,repeat indices align samples but methods were timed sequentially; use independent-resample intervals
17,eight_schools_centered,2,bucketed,history,64,512,10,27,2.060205988585949,1.9877118915319443,repeat indices align samples but methods were timed sequentially; use independent-resample intervals
17,eight_schools_centered,2,bucketed,history,64,512,10,28,2.0899486243724823,1.931570254266262,repeat indices align samples but methods were timed sequentially; use independent-resample intervals
17,eight_schools_centered,2,bucketed,history,64,512,10,29,2.0163272470235825,1.9312974736094475,repeat indices align samples but methods were timed sequentially; use independent-resample intervals
18,eight_schools_centered,2,bucketed,history,128,512,10,0,1.9819579422473907,1.9676829427480698,repeat indices align samples but methods were timed sequentially; use independent-resample intervals
18,eight_schools_centered,2,bucketed,history,128,512,10,1,1.8724631890654564,2.005157969892025,repeat indices align samples but methods were timed sequentially; use independent-resample intervals
18,eight_schools_centered,2,bucketed,history,128,512,10,2,1.9364691972732544,1.8975848034024239,repeat indices align samples but methods were timed sequentially; use independent-resample intervals
18,eight_schools_centered,2,bucketed,history,128,512,10,3,1.8706864938139915,1.9896862879395485,repeat indices align samples but methods were timed sequentially; use independent-resample intervals
18,eight_schools_centered,2,bucketed,history,128,512,10,4,1.8345203921198845,1.9119082763791084,repeat indices align samples but methods were timed sequentially; use independent-resample intervals
18,eight_schools_centered,2,bucketed,history,128,512,10,5,1.8315535187721252,1.9143573939800262,repeat indices align samples but methods were timed sequentially; use independent-resample intervals
18,eight_schools_centered,2,bucketed,history,128,512,10,6,1.817845918238163,1.964074082672596,repeat indices align samples but methods were timed sequentially; use independent-resample intervals
18,eight_schools_centered,2,bucketed,history,128,512,10,7,1.9148523733019829,1.9828227832913399,repeat indices align samples but methods were timed sequentially; use independent-resample intervals
18,eight_schools_centered,2,bucketed,history,128,512,10,8,1.8669204860925674,2.025393173098564,repeat indices align samples but methods were timed sequentially; use independent-resample intervals
18,eight_schools_centered,2,bucketed,history,128,512,10,9,1.931387685239315,2.007618375122547,repeat indices align samples but methods were timed sequentially; use independent-resample intervals
18,eight_schools_centered,2,bucketed,history,128,512,10,10,1.9380825906991959,1.9527605324983597,repeat indices align samples but methods were timed sequentially; use independent-resample intervals
18,eight_schools_centered,2,bucketed,history,128,512,10,11,1.856105662882328,2.0815289840102196,repeat indices align samples but methods were timed sequentially; use independent-resample intervals
18,eight_schools_centered,2,bucketed,history,128,512,10,12,1.8471148237586021,2.1357265636324883,repeat indices align samples but methods were timed sequentially; use independent-resample intervals
18,eight_schools_centered,2,bucketed,history,128,512,10,13,2.0438193306326866,2.0030604898929596,repeat indices align samples but methods were timed sequentially; use independent-resample intervals
18,eight_schools_centered,2,bucketed,history,128,512,10,14,2.022205702960491,2.0079485327005386,repeat indices align samples but methods were timed sequentially; use independent-resample intervals
18,eight_schools_centered,2,bucketed,history,128,512,10,15,1.9508932307362556,2.013997420668602,repeat indices align samples but methods were timed sequentially; use independent-resample intervals
18,eight_schools_centered,2,bucketed,history,128,512,10,16,1.966555543243885,1.9790801629424095,repeat indices align samples but methods were timed sequentially; use independent-resample intervals
18,eight_schools_centered,2,bucketed,history,128,512,10,17,1.9578397497534752,1.9551386460661888,repeat indices align samples but methods were timed sequentially; use independent-resample intervals
18,eight_schools_centered,2,bucketed,history,128,512,10,18,1.9153198525309563,2.0526773184537888,repeat indices align samples but methods were timed sequentially; use independent-resample intervals
18,eight_schools_centered,2,bucketed,history,128,512,10,19,1.8574063330888748,1.9728137403726578,repeat indices align samples but methods were timed sequentially; use independent-resample intervals
18,eight_schools_centered,2,bucketed,history,128,512,10,20,1.899104692041874,2.009993255138397,repeat indices align samples but methods were timed sequentially; use independent-resample intervals
18,eight_schools_centered,2,bucketed,history,128,512,10,21,1.902813345193863,1.9386239126324654,repeat indices align samples but methods were timed sequentially; use independent-resample intervals
18,eight_schools_centered,2,bucketed,history,128,512,10,22,1.879097543656826,1.900809958577156,repeat indices align samples but methods were timed sequentially; use independent-resample intervals
18,eight_schools_centered,2,bucketed,history,128,512,10,23,1.843021847307682,2.037321150302887,repeat indices align samples but methods were timed sequentially; use independent-resample intervals
18,eight_schools_centered,2,bucketed,history,128,512,10,24,1.8632424622774124,2.023524761199951,repeat indices align samples but methods were timed sequentially; use independent-resample intervals
18,eight_schools_centered,2,bucketed,history,128,512,10,25,1.9582356214523315,1.9918839558959007,repeat indices align samples but methods were timed sequentially; use independent-resample intervals
18,eight_schools_centered,2,bucketed,history,128,512,10,26,1.967961922287941,2.001993454992771,repeat indices align samples but methods were timed sequentially; use independent-resample intervals
18,eight_schools_centered,2,bucketed,history,128,512,10,27,2.0246075242757797,1.9877118915319443,repeat indices align samples but methods were timed sequentially; use independent-resample intervals
18,eight_schools_centered,2,bucketed,history,128,512,10,28,2.056595467031002,1.931570254266262,repeat indices align samples but methods were timed sequentially; use independent-resample intervals
18,eight_schools_centered,2,bucketed,history,128,512,10,29,2.0348679423332214,1.9312974736094475,repeat indices align samples but methods were timed sequentially; use independent-resample intervals
19,eight_schools_centered,2,bucketed,last_depth,64,512,10,0,2.0291378423571587,1.9676829427480698,repeat indices align samples but methods were timed sequentially; use independent-resample intervals
19,eight_schools_centered,2,bucketed,last_depth,64,512,10,1,2.012486793100834,2.005157969892025,repeat indices align samples but methods were timed sequentially; use independent-resample intervals
19,eight_schools_centered,2,bucketed,last_depth,64,512,10,2,2.075541339814663,1.8975848034024239,repeat indices align samples but methods were timed sequentially; use independent-resample intervals
19,eight_schools_centered,2,bucketed,last_depth,64,512,10,3,1.9994731470942497,1.9896862879395485,repeat indices align samples but methods were timed sequentially; use independent-resample intervals
19,eight_schools_centered,2,bucketed,last_depth,64,512,10,4,1.9589461088180542,1.9119082763791084,repeat indices align samples but methods were timed sequentially; use independent-resample intervals
19,eight_schools_centered,2,bucketed,last_depth,64,512,10,5,2.09782587736845,1.9143573939800262,repeat indices align samples but methods were timed sequentially; use independent-resample intervals
19,eight_schools_centered,2,bucketed,last_depth,64,512,10,6,1.9332157522439957,1.964074082672596,repeat indices align samples but methods were timed sequentially; use independent-resample intervals
19,eight_schools_centered,2,bucketed,last_depth,64,512,10,7,2.0407393276691437,1.9828227832913399,repeat indices align samples but methods were timed sequentially; use independent-resample intervals
19,eight_schools_centered,2,bucketed,last_depth,64,512,10,8,2.1118532344698906,2.025393173098564,repeat indices align samples but methods were timed sequentially; use independent-resample intervals
19,eight_schools_centered,2,bucketed,last_depth,64,512,10,9,2.1195921525359154,2.007618375122547,repeat indices align samples but methods were timed sequentially; use independent-resample intervals
19,eight_schools_centered,2,bucketed,last_depth,64,512,10,10,2.1472566947340965,1.9527605324983597,repeat indices align samples but methods were timed sequentially; use independent-resample intervals
19,eight_schools_centered,2,bucketed,last_depth,64,512,10,11,1.999747022986412,2.0815289840102196,repeat indices align samples but methods were timed sequentially; use independent-resample intervals
19,eight_schools_centered,2,bucketed,last_depth,64,512,10,12,2.0767998844385147,2.1357265636324883,repeat indices align samples but methods were timed sequentially; use independent-resample intervals
19,eight_schools_centered,2,bucketed,last_depth,64,512,10,13,2.0822477266192436,2.0030604898929596,repeat indices align samples but methods were timed sequentially; use independent-resample intervals
19,eight_schools_centered,2,bucketed,last_depth,64,512,10,14,2.118180550634861,2.0079485327005386,repeat indices align samples but methods were timed sequentially; use independent-resample intervals
19,eight_schools_centered,2,bucketed,last_depth,64,512,10,15,1.983751766383648,2.013997420668602,repeat indices align samples but methods were timed sequentially; use independent-resample intervals
19,eight_schools_centered,2,bucketed,last_depth,64,512,10,16,2.003470741212368,1.9790801629424095,repeat indices align samples but methods were timed sequentially; use independent-resample intervals
19,eight_schools_centered,2,bucketed,last_depth,64,512,10,17,2.0523442700505257,1.9551386460661888,repeat indices align samples but methods were timed sequentially; use independent-resample intervals
19,eight_schools_centered,2,bucketed,last_depth,64,512,10,18,2.0324058160185814,2.0526773184537888,repeat indices align samples but methods were timed sequentially; use independent-resample intervals
19,eight_schools_centered,2,bucketed,last_depth,64,512,10,19,1.9841694459319115,1.9728137403726578,repeat indices align samples but methods were timed sequentially; use independent-resample intervals
19,eight_schools_centered,2,bucketed,last_depth,64,512,10,20,2.0342469662427902,2.009993255138397,repeat indices align samples but methods were timed sequentially; use independent-resample intervals
19,eight_schools_centered,2,bucketed,last_depth,64,512,10,21,1.9964100569486618,1.9386239126324654,repeat indices align samples but methods were timed sequentially; use independent-resample intervals
19,eight_schools_centered,2,bucketed,last_depth,64,512,10,22,2.038243994116783,1.900809958577156,repeat indices align samples but methods were timed sequentially; use independent-resample intervals
19,eight_schools_centered,2,bucketed,last_depth,64,512,10,23,2.067184738814831,2.037321150302887,repeat indices align samples but methods were timed sequentially; use independent-resample intervals
19,eight_schools_centered,2,bucketed,last_depth,64,512,10,24,1.9893473535776138,2.023524761199951,repeat indices align samples but methods were timed sequentially; use independent-resample intervals
19,eight_schools_centered,2,bucketed,last_depth,64,512,10,25,2.2452911138534546,1.9918839558959007,repeat indices align samples but methods were timed sequentially; use independent-resample intervals
19,eight_schools_centered,2,bucketed,last_depth,64,512,10,26,2.143188454210758,2.001993454992771,repeat indices align samples but methods were timed sequentially; use independent-resample intervals
19,eight_schools_centered,2,bucketed,last_depth,64,512,10,27,2.0010346174240112,1.9877118915319443,repeat indices align samples but methods were timed sequentially; use independent-resample intervals
19,eight_schools_centered,2,bucketed,last_depth,64,512,10,28,2.0244866013526917,1.931570254266262,repeat indices align samples but methods were timed sequentially; use independent-resample intervals
19,eight_schools_centered,2,bucketed,last_depth,64,512,10,29,2.0081902593374252,1.9312974736094475,repeat indices align samples but methods were timed sequentially; use independent-resample intervals
20,eight_schools_centered,2,bucketed,last_depth,128,512,10,0,1.8944674134254456,1.9676829427480698,repeat indices align samples but methods were timed sequentially; use independent-resample intervals
20,eight_schools_centered,2,bucketed,last_depth,128,512,10,1,1.872509092092514,2.005157969892025,repeat indices align samples but methods were timed sequentially; use independent-resample intervals
20,eight_schools_centered,2,bucketed,last_depth,128,512,10,2,1.9130175858736038,1.8975848034024239,repeat indices align samples but methods were timed sequentially; use independent-resample intervals
20,eight_schools_centered,2,bucketed,last_depth,128,512,10,3,1.913248173892498,1.9896862879395485,repeat indices align samples but methods were timed sequentially; use independent-resample intervals
20,eight_schools_centered,2,bucketed,last_depth,128,512,10,4,1.9683471620082855,1.9119082763791084,repeat indices align samples but methods were timed sequentially; use independent-resample intervals
20,eight_schools_centered,2,bucketed,last_depth,128,512,10,5,1.8737617284059525,1.9143573939800262,repeat indices align samples but methods were timed sequentially; use independent-resample intervals
20,eight_schools_centered,2,bucketed,last_depth,128,512,10,6,1.904053583741188,1.964074082672596,repeat indices align samples but methods were timed sequentially; use independent-resample intervals
20,eight_schools_centered,2,bucketed,last_depth,128,512,10,7,1.8626264408230782,1.9828227832913399,repeat indices align samples but methods were timed sequentially; use independent-resample intervals
20,eight_schools_centered,2,bucketed,last_depth,128,512,10,8,1.866363912820816,2.025393173098564,repeat indices align samples but methods were timed sequentially; use independent-resample intervals
20,eight_schools_centered,2,bucketed,last_depth,128,512,10,9,1.8785438910126686,2.007618375122547,repeat indices align samples but methods were timed sequentially; use independent-resample intervals
20,eight_schools_centered,2,bucketed,last_depth,128,512,10,10,2.207441456615925,1.9527605324983597,repeat indices align samples but methods were timed sequentially; use independent-resample intervals
20,eight_schools_centered,2,bucketed,last_depth,128,512,10,11,2.4065518975257874,2.0815289840102196,repeat indices align samples but methods were timed sequentially; use independent-resample intervals
20,eight_schools_centered,2,bucketed,last_depth,128,512,10,12,2.3597265407443047,2.1357265636324883,repeat indices align samples but methods were timed sequentially; use independent-resample intervals
20,eight_schools_centered,2,bucketed,last_depth,128,512,10,13,2.4504107758402824,2.0030604898929596,repeat indices align samples but methods were timed sequentially; use independent-resample intervals
20,eight_schools_centered,2,bucketed,last_depth,128,512,10,14,2.4573875442147255,2.0079485327005386,repeat indices align samples but methods were timed sequentially; use independent-resample intervals
20,eight_schools_centered,2,bucketed,last_depth,128,512,10,15,2.1060740798711777,2.013997420668602,repeat indices align samples but methods were timed sequentially; use independent-resample intervals
20,eight_schools_centered,2,bucketed,last_depth,128,512,10,16,1.8533267751336098,1.9790801629424095,repeat indices align samples but methods were timed sequentially; use independent-resample intervals
20,eight_schools_centered,2,bucketed,last_depth,128,512,10,17,1.8759837821125984,1.9551386460661888,repeat indices align samples but methods were timed sequentially; use independent-resample intervals
20,eight_schools_centered,2,bucketed,last_depth,128,512,10,18,1.930670902132988,2.0526773184537888,repeat indices align samples but methods were timed sequentially; use independent-resample intervals
20,eight_schools_centered,2,bucketed,last_depth,128,512,10,19,1.856995977461338,1.9728137403726578,repeat indices align samples but methods were timed sequentially; use independent-resample intervals
20,eight_schools_centered,2,bucketed,last_depth,128,512,10,20,1.911534421145916,2.009993255138397,repeat indices align samples but methods were timed sequentially; use independent-resample intervals
20,eight_schools_centered,2,bucketed,last_depth,128,512,10,21,1.837124340236187,1.9386239126324654,repeat indices align samples but methods were timed sequentially; use independent-resample intervals
20,eight_schools_centered,2,bucketed,last_depth,128,512,10,22,1.8503733202815056,1.900809958577156,repeat indices align samples but methods were timed sequentially; use independent-resample intervals
20,eight_schools_centered,2,bucketed,last_depth,128,512,10,23,1.8990227952599525,2.037321150302887,repeat indices align samples but methods were timed sequentially; use independent-resample intervals
20,eight_schools_centered,2,bucketed,last_depth,128,512,10,24,1.870197020471096,2.023524761199951,repeat indices align samples but methods were timed sequentially; use independent-resample intervals
20,eight_schools_centered,2,bucketed,last_depth,128,512,10,25,1.9016918912529945,1.9918839558959007,repeat indices align samples but methods were timed sequentially; use independent-resample intervals
20,eight_schools_centered,2,bucketed,last_depth,128,512,10,26,1.9442963600158691,2.001993454992771,repeat indices align samples but methods were timed sequentially; use independent-resample intervals
20,eight_schools_centered,2,bucketed,last_depth,128,512,10,27,1.9626820534467697,1.9877118915319443,repeat indices align samples but methods were timed sequentially; use independent-resample intervals
20,eight_schools_centered,2,bucketed,last_depth,128,512,10,28,1.95028617978096,1.931570254266262,repeat indices align samples but methods were timed sequentially; use independent-resample intervals
20,eight_schools_centered,2,bucketed,last_depth,128,512,10,29,1.9166636765003204,1.9312974736094475,repeat indices align samples but methods were timed sequentially; use independent-resample intervals
21,eight_schools_centered,3,monolithic,monolithic,0,512,10,0,1.8837601691484451,1.8837601691484451,repeat indices align samples but methods were timed sequentially; use independent-resample intervals
21,eight_schools_centered,3,monolithic,monolithic,0,512,10,1,1.8127389177680016,1.8127389177680016,repeat indices align samples but methods were timed sequentially; use independent-resample intervals
21,eight_schools_centered,3,monolithic,monolithic,0,512,10,2,1.858515813946724,1.858515813946724,repeat indices align samples but methods were timed sequentially; use independent-resample intervals
21,eight_schools_centered,3,monolithic,monolithic,0,512,10,3,1.820434331893921,1.820434331893921,repeat indices align samples but methods were timed sequentially; use independent-resample intervals
21,eight_schools_centered,3,monolithic,monolithic,0,512,10,4,1.9633882567286491,1.9633882567286491,repeat indices align samples but methods were timed sequentially; use independent-resample intervals
21,eight_schools_centered,3,monolithic,monolithic,0,512,10,5,1.8665090054273605,1.8665090054273605,repeat indices align samples but methods were timed sequentially; use independent-resample intervals
21,eight_schools_centered,3,monolithic,monolithic,0,512,10,6,1.9045590683817863,1.9045590683817863,repeat indices align samples but methods were timed sequentially; use independent-resample intervals
21,eight_schools_centered,3,monolithic,monolithic,0,512,10,7,1.8524019792675972,1.8524019792675972,repeat indices align samples but methods were timed sequentially; use independent-resample intervals
21,eight_schools_centered,3,monolithic,monolithic,0,512,10,8,1.9240300580859184,1.9240300580859184,repeat indices align samples but methods were timed sequentially; use independent-resample intervals
21,eight_schools_centered,3,monolithic,monolithic,0,512,10,9,2.1080998703837395,2.1080998703837395,repeat indices align samples but methods were timed sequentially; use independent-resample intervals
21,eight_schools_centered,3,monolithic,monolithic,0,512,10,10,2.0896294191479683,2.0896294191479683,repeat indices align samples but methods were timed sequentially; use independent-resample intervals
21,eight_schools_centered,3,monolithic,monolithic,0,512,10,11,2.0042896643280983,2.0042896643280983,repeat indices align samples but methods were timed sequentially; use independent-resample intervals
21,eight_schools_centered,3,monolithic,monolithic,0,512,10,12,1.8933880180120468,1.8933880180120468,repeat indices align samples but methods were timed sequentially; use independent-resample intervals
21,eight_schools_centered,3,monolithic,monolithic,0,512,10,13,1.838692530989647,1.838692530989647,repeat indices align samples but methods were timed sequentially; use independent-resample intervals
21,eight_schools_centered,3,monolithic,monolithic,0,512,10,14,1.9615610390901566,1.9615610390901566,repeat indices align samples but methods were timed sequentially; use independent-resample intervals
21,eight_schools_centered,3,monolithic,monolithic,0,512,10,15,1.9235382229089737,1.9235382229089737,repeat indices align samples but methods were timed sequentially; use independent-resample intervals
21,eight_schools_centered,3,monolithic,monolithic,0,512,10,16,1.8986166715621948,1.8986166715621948,repeat indices align samples but methods were timed sequentially; use independent-resample intervals
21,eight_schools_centered,3,monolithic,monolithic,0,512,10,17,1.9874995052814484,1.9874995052814484,repeat indices align samples but methods were timed sequentially; use independent-resample intervals
21,eight_schools_centered,3,monolithic,monolithic,0,512,10,18,1.9167289733886719,1.9167289733886719,repeat indices align samples but methods were timed sequentially; use independent-resample intervals
21,eight_schools_centered,3,monolithic,monolithic,0,512,10,19,1.8296453356742859,1.8296453356742859,repeat indices align samples but methods were timed sequentially; use independent-resample intervals
21,eight_schools_centered,3,monolithic,monolithic,0,512,10,20,1.890368975698948,1.890368975698948,repeat indices align samples but methods were timed sequentially; use independent-resample intervals
21,eight_schools_centered,3,monolithic,monolithic,0,512,10,21,1.9881585240364075,1.9881585240364075,repeat indices align samples but methods were timed sequentially; use independent-resample intervals
21,eight_schools_centered,3,monolithic,monolithic,0,512,10,22,1.9411878287792206,1.9411878287792206,repeat indices align samples but methods were timed sequentially; use independent-resample intervals
21,eight_schools_centered,3,monolithic,monolithic,0,512,10,23,1.9129493534564972,1.9129493534564972,repeat indices align samples but methods were timed sequentially; use independent-resample intervals
21,eight_schools_centered,3,monolithic,monolithic,0,512,10,24,1.9462499022483826,1.9462499022483826,repeat indices align samples but methods were timed sequentially; use independent-resample intervals
21,eight_schools_centered,3,monolithic,monolithic,0,512,10,25,1.8755222707986832,1.8755222707986832,repeat indices align samples but methods were timed sequentially; use independent-resample intervals
21,eight_schools_centered,3,monolithic,monolithic,0,512,10,26,1.7880652621388435,1.7880652621388435,repeat indices align samples but methods were timed sequentially; use independent-resample intervals
21,eight_schools_centered,3,monolithic,monolithic,0,512,10,27,1.9409697651863098,1.9409697651863098,repeat indices align samples but methods were timed sequentially; use independent-resample intervals
21,eight_schools_centered,3,monolithic,monolithic,0,512,10,28,1.9153232723474503,1.9153232723474503,repeat indices align samples but methods were timed sequentially; use independent-resample intervals
21,eight_schools_centered,3,monolithic,monolithic,0,512,10,29,1.97939083725214,1.97939083725214,repeat indices align samples but methods were timed sequentially; use independent-resample intervals
22,eight_schools_centered,3,bucketed,none,64,512,10,0,2.2135645151138306,1.8837601691484451,repeat indices align samples but methods were timed sequentially; use independent-resample intervals
22,eight_schools_centered,3,bucketed,none,64,512,10,1,2.001902684569359,1.8127389177680016,repeat indices align samples but methods were timed sequentially; use independent-resample intervals
22,eight_schools_centered,3,bucketed,none,64,512,10,2,2.0823881700634956,1.858515813946724,repeat indices align samples but methods were timed sequentially; use independent-resample intervals
22,eight_schools_centered,3,bucketed,none,64,512,10,3,1.9443429931998253,1.820434331893921,repeat indices align samples but methods were timed sequentially; use independent-resample intervals
22,eight_schools_centered,3,bucketed,none,64,512,10,4,2.1269194707274437,1.9633882567286491,repeat indices align samples but methods were timed sequentially; use independent-resample intervals
22,eight_schools_centered,3,bucketed,none,64,512,10,5,2.1378999575972557,1.8665090054273605,repeat indices align samples but methods were timed sequentially; use independent-resample intervals
22,eight_schools_centered,3,bucketed,none,64,512,10,6,2.005071774125099,1.9045590683817863,repeat indices align samples but methods were timed sequentially; use independent-resample intervals
22,eight_schools_centered,3,bucketed,none,64,512,10,7,2.0821880996227264,1.8524019792675972,repeat indices align samples but methods were timed sequentially; use independent-resample intervals
22,eight_schools_centered,3,bucketed,none,64,512,10,8,1.8160012736916542,1.9240300580859184,repeat indices align samples but methods were timed sequentially; use independent-resample intervals
22,eight_schools_centered,3,bucketed,none,64,512,10,9,1.9496088474988937,2.1080998703837395,repeat indices align samples but methods were timed sequentially; use independent-resample intervals
22,eight_schools_centered,3,bucketed,none,64,512,10,10,2.08394193649292,2.0896294191479683,repeat indices align samples but methods were timed sequentially; use independent-resample intervals
22,eight_schools_centered,3,bucketed,none,64,512,10,11,2.078129857778549,2.0042896643280983,repeat indices align samples but methods were timed sequentially; use independent-resample intervals
22,eight_schools_centered,3,bucketed,none,64,512,10,12,1.8886417672038078,1.8933880180120468,repeat indices align samples but methods were timed sequentially; use independent-resample intervals
22,eight_schools_centered,3,bucketed,none,64,512,10,13,1.9641121700406075,1.838692530989647,repeat indices align samples but methods were timed sequentially; use independent-resample intervals
22,eight_schools_centered,3,bucketed,none,64,512,10,14,1.9068670868873596,1.9615610390901566,repeat indices align samples but methods were timed sequentially; use independent-resample intervals
22,eight_schools_centered,3,bucketed,none,64,512,10,15,1.9825174733996391,1.9235382229089737,repeat indices align samples but methods were timed sequentially; use independent-resample intervals
22,eight_schools_centered,3,bucketed,none,64,512,10,16,2.0199369192123413,1.8986166715621948,repeat indices align samples but methods were timed sequentially; use independent-resample intervals
22,eight_schools_centered,3,bucketed,none,64,512,10,17,1.826180376112461,1.9874995052814484,repeat indices align samples but methods were timed sequentially; use independent-resample intervals
22,eight_schools_centered,3,bucketed,none,64,512,10,18,2.0324703082442284,1.9167289733886719,repeat indices align samples but methods were timed sequentially; use independent-resample intervals
22,eight_schools_centered,3,bucketed,none,64,512,10,19,2.10369461029768,1.8296453356742859,repeat indices align samples but methods were timed sequentially; use independent-resample intervals
22,eight_schools_centered,3,bucketed,none,64,512,10,20,1.9380283877253532,1.890368975698948,repeat indices align samples but methods were timed sequentially; use independent-resample intervals
22,eight_schools_centered,3,bucketed,none,64,512,10,21,1.9677488580346107,1.9881585240364075,repeat indices align samples but methods were timed sequentially; use independent-resample intervals
22,eight_schools_centered,3,bucketed,none,64,512,10,22,1.971573680639267,1.9411878287792206,repeat indices align samples but methods were timed sequentially; use independent-resample intervals
22,eight_schools_centered,3,bucketed,none,64,512,10,23,2.0376170575618744,1.9129493534564972,repeat indices align samples but methods were timed sequentially; use independent-resample intervals
22,eight_schools_centered,3,bucketed,none,64,512,10,24,1.950354091823101,1.9462499022483826,repeat indices align samples but methods were timed sequentially; use independent-resample intervals
22,eight_schools_centered,3,bucketed,none,64,512,10,25,1.8659231290221214,1.8755222707986832,repeat indices align samples but methods were timed sequentially; use independent-resample intervals
22,eight_schools_centered,3,bucketed,none,64,512,10,26,1.9513934031128883,1.7880652621388435,repeat indices align samples but methods were timed sequentially; use independent-resample intervals
22,eight_schools_centered,3,bucketed,none,64,512,10,27,2.027941532433033,1.9409697651863098,repeat indices align samples but methods were timed sequentially; use independent-resample intervals
22,eight_schools_centered,3,bucketed,none,64,512,10,28,1.9896242916584015,1.9153232723474503,repeat indices align samples but methods were timed sequentially; use independent-resample intervals
22,eight_schools_centered,3,bucketed,none,64,512,10,29,1.8515351042151451,1.97939083725214,repeat indices align samples but methods were timed sequentially; use independent-resample intervals
23,eight_schools_centered,3,bucketed,none,128,512,10,0,1.7268337234854698,1.8837601691484451,repeat indices align samples but methods were timed sequentially; use independent-resample intervals
23,eight_schools_centered,3,bucketed,none,128,512,10,1,1.7375887036323547,1.8127389177680016,repeat indices align samples but methods were timed sequentially; use independent-resample intervals
23,eight_schools_centered,3,bucketed,none,128,512,10,2,1.768651507794857,1.858515813946724,repeat indices align samples but methods were timed sequentially; use independent-resample intervals
23,eight_schools_centered,3,bucketed,none,128,512,10,3,1.7288860753178596,1.820434331893921,repeat indices align samples but methods were timed sequentially; use independent-resample intervals
23,eight_schools_centered,3,bucketed,none,128,512,10,4,1.762833297252655,1.9633882567286491,repeat indices align samples but methods were timed sequentially; use independent-resample intervals
23,eight_schools_centered,3,bucketed,none,128,512,10,5,1.7568186670541763,1.8665090054273605,repeat indices align samples but methods were timed sequentially; use independent-resample intervals
23,eight_schools_centered,3,bucketed,none,128,512,10,6,1.8083170130848885,1.9045590683817863,repeat indices align samples but methods were timed sequentially; use independent-resample intervals
23,eight_schools_centered,3,bucketed,none,128,512,10,7,1.7605700641870499,1.8524019792675972,repeat indices align samples but methods were timed sequentially; use independent-resample intervals
23,eight_schools_centered,3,bucketed,none,128,512,10,8,1.7717478275299072,1.9240300580859184,repeat indices align samples but methods were timed sequentially; use independent-resample intervals
23,eight_schools_centered,3,bucketed,none,128,512,10,9,1.7838337048888206,2.1080998703837395,repeat indices align samples but methods were timed sequentially; use independent-resample intervals
23,eight_schools_centered,3,bucketed,none,128,512,10,10,1.8030594661831856,2.0896294191479683,repeat indices align samples but methods were timed sequentially; use independent-resample intervals
23,eight_schools_centered,3,bucketed,none,128,512,10,11,1.863849587738514,2.0042896643280983,repeat indices align samples but methods were timed sequentially; use independent-resample intervals
23,eight_schools_centered,3,bucketed,none,128,512,10,12,1.9040144979953766,1.8933880180120468,repeat indices align samples but methods were timed sequentially; use independent-resample intervals
23,eight_schools_centered,3,bucketed,none,128,512,10,13,1.9170486330986023,1.838692530989647,repeat indices align samples but methods were timed sequentially; use independent-resample intervals
23,eight_schools_centered,3,bucketed,none,128,512,10,14,1.8346891477704048,1.9615610390901566,repeat indices align samples but methods were timed sequentially; use independent-resample intervals
23,eight_schools_centered,3,bucketed,none,128,512,10,15,1.7671947851777077,1.9235382229089737,repeat indices align samples but methods were timed sequentially; use independent-resample intervals
23,eight_schools_centered,3,bucketed,none,128,512,10,16,1.8047394677996635,1.8986166715621948,repeat indices align samples but methods were timed sequentially; use independent-resample intervals
23,eight_schools_centered,3,bucketed,none,128,512,10,17,1.796807236969471,1.9874995052814484,repeat indices align samples but methods were timed sequentially; use independent-resample intervals
23,eight_schools_centered,3,bucketed,none,128,512,10,18,1.8111686706542969,1.9167289733886719,repeat indices align samples but methods were timed sequentially; use independent-resample intervals
23,eight_schools_centered,3,bucketed,none,128,512,10,19,1.8182117268443108,1.8296453356742859,repeat indices align samples but methods were timed sequentially; use independent-resample intervals
23,eight_schools_centered,3,bucketed,none,128,512,10,20,1.846791073679924,1.890368975698948,repeat indices align samples but methods were timed sequentially; use independent-resample intervals
23,eight_schools_centered,3,bucketed,none,128,512,10,21,1.8280742689967155,1.9881585240364075,repeat indices align samples but methods were timed sequentially; use independent-resample intervals
23,eight_schools_centered,3,bucketed,none,128,512,10,22,1.7937842980027199,1.9411878287792206,repeat indices align samples but methods were timed sequentially; use independent-resample intervals
23,eight_schools_centered,3,bucketed,none,128,512,10,23,1.8086272850632668,1.9129493534564972,repeat indices align samples but methods were timed sequentially; use independent-resample intervals
23,eight_schools_centered,3,bucketed,none,128,512,10,24,1.8378197327256203,1.9462499022483826,repeat indices align samples but methods were timed sequentially; use independent-resample intervals
23,eight_schools_centered,3,bucketed,none,128,512,10,25,1.8211070075631142,1.8755222707986832,repeat indices align samples but methods were timed sequentially; use independent-resample intervals
23,eight_schools_centered,3,bucketed,none,128,512,10,26,1.8254541903734207,1.7880652621388435,repeat indices align samples but methods were timed sequentially; use independent-resample intervals
23,eight_schools_centered,3,bucketed,none,128,512,10,27,1.8094522505998611,1.9409697651863098,repeat indices align samples but methods were timed sequentially; use independent-resample intervals
23,eight_schools_centered,3,bucketed,none,128,512,10,28,1.8275130465626717,1.9153232723474503,repeat indices align samples but methods were timed sequentially; use independent-resample intervals
23,eight_schools_centered,3,bucketed,none,128,512,10,29,1.8537496849894524,1.97939083725214,repeat indices align samples but methods were timed sequentially; use independent-resample intervals
24,eight_schools_centered,3,bucketed,history,64,512,10,0,2.2272956669330597,1.8837601691484451,repeat indices align samples but methods were timed sequentially; use independent-resample intervals
24,eight_schools_centered,3,bucketed,history,64,512,10,1,2.129194885492325,1.8127389177680016,repeat indices align samples but methods were timed sequentially; use independent-resample intervals
24,eight_schools_centered,3,bucketed,history,64,512,10,2,2.1940137445926666,1.858515813946724,repeat indices align samples but methods were timed sequentially; use independent-resample intervals
24,eight_schools_centered,3,bucketed,history,64,512,10,3,2.305521748960018,1.820434331893921,repeat indices align samples but methods were timed sequentially; use independent-resample intervals
24,eight_schools_centered,3,bucketed,history,64,512,10,4,2.200265072286129,1.9633882567286491,repeat indices align samples but methods were timed sequentially; use independent-resample intervals
24,eight_schools_centered,3,bucketed,history,64,512,10,5,2.064582794904709,1.8665090054273605,repeat indices align samples but methods were timed sequentially; use independent-resample intervals
24,eight_schools_centered,3,bucketed,history,64,512,10,6,2.25594300031662,1.9045590683817863,repeat indices align samples but methods were timed sequentially; use independent-resample intervals
24,eight_schools_centered,3,bucketed,history,64,512,10,7,2.423418380320072,1.8524019792675972,repeat indices align samples but methods were timed sequentially; use independent-resample intervals
24,eight_schools_centered,3,bucketed,history,64,512,10,8,2.1098714396357536,1.9240300580859184,repeat indices align samples but methods were timed sequentially; use independent-resample intervals
24,eight_schools_centered,3,bucketed,history,64,512,10,9,2.087171748280525,2.1080998703837395,repeat indices align samples but methods were timed sequentially; use independent-resample intervals
24,eight_schools_centered,3,bucketed,history,64,512,10,10,1.998613677918911,2.0896294191479683,repeat indices align samples but methods were timed sequentially; use independent-resample intervals
24,eight_schools_centered,3,bucketed,history,64,512,10,11,2.0375850424170494,2.0042896643280983,repeat indices align samples but methods were timed sequentially; use independent-resample intervals
24,eight_schools_centered,3,bucketed,history,64,512,10,12,2.194114752113819,1.8933880180120468,repeat indices align samples but methods were timed sequentially; use independent-resample intervals
24,eight_schools_centered,3,bucketed,history,64,512,10,13,2.0736200138926506,1.838692530989647,repeat indices align samples but methods were timed sequentially; use independent-resample intervals
24,eight_schools_centered,3,bucketed,history,64,512,10,14,2.2899071872234344,1.9615610390901566,repeat indices align samples but methods were timed sequentially; use independent-resample intervals
24,eight_schools_centered,3,bucketed,history,64,512,10,15,2.151033468544483,1.9235382229089737,repeat indices align samples but methods were timed sequentially; use independent-resample intervals
24,eight_schools_centered,3,bucketed,history,64,512,10,16,2.158874198794365,1.8986166715621948,repeat indices align samples but methods were timed sequentially; use independent-resample intervals
24,eight_schools_centered,3,bucketed,history,64,512,10,17,2.0627832040190697,1.9874995052814484,repeat indices align samples but methods were timed sequentially; use independent-resample intervals
24,eight_schools_centered,3,bucketed,history,64,512,10,18,2.016413874924183,1.9167289733886719,repeat indices align samples but methods were timed sequentially; use independent-resample intervals
24,eight_schools_centered,3,bucketed,history,64,512,10,19,2.0460841208696365,1.8296453356742859,repeat indices align samples but methods were timed sequentially; use independent-resample intervals
24,eight_schools_centered,3,bucketed,history,64,512,10,20,2.1228457912802696,1.890368975698948,repeat indices align samples but methods were timed sequentially; use independent-resample intervals
24,eight_schools_centered,3,bucketed,history,64,512,10,21,2.182948514819145,1.9881585240364075,repeat indices align samples but methods were timed sequentially; use independent-resample intervals
24,eight_schools_centered,3,bucketed,history,64,512,10,22,2.2247390151023865,1.9411878287792206,repeat indices align samples but methods were timed sequentially; use independent-resample intervals
24,eight_schools_centered,3,bucketed,history,64,512,10,23,2.2161006405949593,1.9129493534564972,repeat indices align samples but methods were timed sequentially; use independent-resample intervals
24,eight_schools_centered,3,bucketed,history,64,512,10,24,2.125297427177429,1.9462499022483826,repeat indices align samples but methods were timed sequentially; use independent-resample intervals
24,eight_schools_centered,3,bucketed,history,64,512,10,25,2.181003972887993,1.8755222707986832,repeat indices align samples but methods were timed sequentially; use independent-resample intervals
24,eight_schools_centered,3,bucketed,history,64,512,10,26,2.0318931713700294,1.7880652621388435,repeat indices align samples but methods were timed sequentially; use independent-resample intervals
24,eight_schools_centered,3,bucketed,history,64,512,10,27,1.9628444612026215,1.9409697651863098,repeat indices align samples but methods were timed sequentially; use independent-resample intervals
24,eight_schools_centered,3,bucketed,history,64,512,10,28,2.333397164940834,1.9153232723474503,repeat indices align samples but methods were timed sequentially; use independent-resample intervals
24,eight_schools_centered,3,bucketed,history,64,512,10,29,2.162320151925087,1.97939083725214,repeat indices align samples but methods were timed sequentially; use independent-resample intervals
25,eight_schools_centered,3,bucketed,history,128,512,10,0,2.088096283376217,1.8837601691484451,repeat indices align samples but methods were timed sequentially; use independent-resample intervals
25,eight_schools_centered,3,bucketed,history,128,512,10,1,1.9921711906790733,1.8127389177680016,repeat indices align samples but methods were timed sequentially; use independent-resample intervals
25,eight_schools_centered,3,bucketed,history,128,512,10,2,2.017135441303253,1.858515813946724,repeat indices align samples but methods were timed sequentially; use independent-resample intervals
25,eight_schools_centered,3,bucketed,history,128,512,10,3,1.884006753563881,1.820434331893921,repeat indices align samples but methods were timed sequentially; use independent-resample intervals
25,eight_schools_centered,3,bucketed,history,128,512,10,4,1.8839532360434532,1.9633882567286491,repeat indices align samples but methods were timed sequentially; use independent-resample intervals
25,eight_schools_centered,3,bucketed,history,128,512,10,5,1.8204010650515556,1.8665090054273605,repeat indices align samples but methods were timed sequentially; use independent-resample intervals
25,eight_schools_centered,3,bucketed,history,128,512,10,6,1.7825792655348778,1.9045590683817863,repeat indices align samples but methods were timed sequentially; use independent-resample intervals
25,eight_schools_centered,3,bucketed,history,128,512,10,7,1.7839458733797073,1.8524019792675972,repeat indices align samples but methods were timed sequentially; use independent-resample intervals
25,eight_schools_centered,3,bucketed,history,128,512,10,8,1.8168515786528587,1.9240300580859184,repeat indices align samples but methods were timed sequentially; use independent-resample intervals
25,eight_schools_centered,3,bucketed,history,128,512,10,9,1.7802469432353973,2.1080998703837395,repeat indices align samples but methods were timed sequentially; use independent-resample intervals
25,eight_schools_centered,3,bucketed,history,128,512,10,10,1.8185029402375221,2.0896294191479683,repeat indices align samples but methods were timed sequentially; use independent-resample intervals
25,eight_schools_centered,3,bucketed,history,128,512,10,11,1.8079473450779915,2.0042896643280983,repeat indices align samples but methods were timed sequentially; use independent-resample intervals
25,eight_schools_centered,3,bucketed,history,128,512,10,12,1.8332127556204796,1.8933880180120468,repeat indices align samples but methods were timed sequentially; use independent-resample intervals
25,eight_schools_centered,3,bucketed,history,128,512,10,13,1.8413377851247787,1.838692530989647,repeat indices align samples but methods were timed sequentially; use independent-resample intervals
25,eight_schools_centered,3,bucketed,history,128,512,10,14,1.7892538011074066,1.9615610390901566,repeat indices align samples but methods were timed sequentially; use independent-resample intervals
25,eight_schools_centered,3,bucketed,history,128,512,10,15,1.8154836148023605,1.9235382229089737,repeat indices align samples but methods were timed sequentially; use independent-resample intervals
25,eight_schools_centered,3,bucketed,history,128,512,10,16,1.7960556745529175,1.8986166715621948,repeat indices align samples but methods were timed sequentially; use independent-resample intervals
25,eight_schools_centered,3,bucketed,history,128,512,10,17,1.813255563378334,1.9874995052814484,repeat indices align samples but methods were timed sequentially; use independent-resample intervals
25,eight_schools_centered,3,bucketed,history,128,512,10,18,1.7881672903895378,1.9167289733886719,repeat indices align samples but methods were timed sequentially; use independent-resample intervals
25,eight_schools_centered,3,bucketed,history,128,512,10,19,1.8354886025190353,1.8296453356742859,repeat indices align samples but methods were timed sequentially; use independent-resample intervals
25,eight_schools_centered,3,bucketed,history,128,512,10,20,1.8611874133348465,1.890368975698948,repeat indices align samples but methods were timed sequentially; use independent-resample intervals
25,eight_schools_centered,3,bucketed,history,128,512,10,21,1.8520212545990944,1.9881585240364075,repeat indices align samples but methods were timed sequentially; use independent-resample intervals
25,eight_schools_centered,3,bucketed,history,128,512,10,22,1.8595068603754044,1.9411878287792206,repeat indices align samples but methods were timed sequentially; use independent-resample intervals
25,eight_schools_centered,3,bucketed,history,128,512,10,23,1.8894375711679459,1.9129493534564972,repeat indices align samples but methods were timed sequentially; use independent-resample intervals
25,eight_schools_centered,3,bucketed,history,128,512,10,24,2.0095992907881737,1.9462499022483826,repeat indices align samples but methods were timed sequentially; use independent-resample intervals
25,eight_schools_centered,3,bucketed,history,128,512,10,25,1.881301112473011,1.8755222707986832,repeat indices align samples but methods were timed sequentially; use independent-resample intervals
25,eight_schools_centered,3,bucketed,history,128,512,10,26,1.8212022557854652,1.7880652621388435,repeat indices align samples but methods were timed sequentially; use independent-resample intervals
25,eight_schools_centered,3,bucketed,history,128,512,10,27,1.8971970900893211,1.9409697651863098,repeat indices align samples but methods were timed sequentially; use independent-resample intervals
25,eight_schools_centered,3,bucketed,history,128,512,10,28,1.8065868467092514,1.9153232723474503,repeat indices align samples but methods were timed sequentially; use independent-resample intervals
25,eight_schools_centered,3,bucketed,history,128,512,10,29,1.847804233431816,1.97939083725214,repeat indices align samples but methods were timed sequentially; use independent-resample intervals
26,eight_schools_centered,3,bucketed,last_depth,64,512,10,0,2.1384436190128326,1.8837601691484451,repeat indices align samples but methods were timed sequentially; use independent-resample intervals
26,eight_schools_centered,3,bucketed,last_depth,64,512,10,1,2.2468982711434364,1.8127389177680016,repeat indices align samples but methods were timed sequentially; use independent-resample intervals
26,eight_schools_centered,3,bucketed,last_depth,64,512,10,2,2.3505958542227745,1.858515813946724,repeat indices align samples but methods were timed sequentially; use independent-resample intervals
26,eight_schools_centered,3,bucketed,last_depth,64,512,10,3,2.110275760293007,1.820434331893921,repeat indices align samples but methods were timed sequentially; use independent-resample intervals
26,eight_schools_centered,3,bucketed,last_depth,64,512,10,4,2.2073438987135887,1.9633882567286491,repeat indices align samples but methods were timed sequentially; use independent-resample intervals
26,eight_schools_centered,3,bucketed,last_depth,64,512,10,5,1.892144612967968,1.8665090054273605,repeat indices align samples but methods were timed sequentially; use independent-resample intervals
26,eight_schools_centered,3,bucketed,last_depth,64,512,10,6,2.0294779390096664,1.9045590683817863,repeat indices align samples but methods were timed sequentially; use independent-resample intervals
26,eight_schools_centered,3,bucketed,last_depth,64,512,10,7,2.160628452897072,1.8524019792675972,repeat indices align samples but methods were timed sequentially; use independent-resample intervals
26,eight_schools_centered,3,bucketed,last_depth,64,512,10,8,1.8998678177595139,1.9240300580859184,repeat indices align samples but methods were timed sequentially; use independent-resample intervals
26,eight_schools_centered,3,bucketed,last_depth,64,512,10,9,2.0529006719589233,2.1080998703837395,repeat indices align samples but methods were timed sequentially; use independent-resample intervals
26,eight_schools_centered,3,bucketed,last_depth,64,512,10,10,2.274698182940483,2.0896294191479683,repeat indices align samples but methods were timed sequentially; use independent-resample intervals
26,eight_schools_centered,3,bucketed,last_depth,64,512,10,11,2.2164208590984344,2.0042896643280983,repeat indices align samples but methods were timed sequentially; use independent-resample intervals
26,eight_schools_centered,3,bucketed,last_depth,64,512,10,12,2.1501986756920815,1.8933880180120468,repeat indices align samples but methods were timed sequentially; use independent-resample intervals
26,eight_schools_centered,3,bucketed,last_depth,64,512,10,13,2.067617803812027,1.838692530989647,repeat indices align samples but methods were timed sequentially; use independent-resample intervals
26,eight_schools_centered,3,bucketed,last_depth,64,512,10,14,2.41381823271513,1.9615610390901566,repeat indices align samples but methods were timed sequentially; use independent-resample intervals
26,eight_schools_centered,3,bucketed,last_depth,64,512,10,15,2.360706739127636,1.9235382229089737,repeat indices align samples but methods were timed sequentially; use independent-resample intervals
26,eight_schools_centered,3,bucketed,last_depth,64,512,10,16,2.624691002070904,1.8986166715621948,repeat indices align samples but methods were timed sequentially; use independent-resample intervals
26,eight_schools_centered,3,bucketed,last_depth,64,512,10,17,2.151526764035225,1.9874995052814484,repeat indices align samples but methods were timed sequentially; use independent-resample intervals
26,eight_schools_centered,3,bucketed,last_depth,64,512,10,18,1.9510645866394043,1.9167289733886719,repeat indices align samples but methods were timed sequentially; use independent-resample intervals
26,eight_schools_centered,3,bucketed,last_depth,64,512,10,19,1.9847284033894539,1.8296453356742859,repeat indices align samples but methods were timed sequentially; use independent-resample intervals
26,eight_schools_centered,3,bucketed,last_depth,64,512,10,20,2.0501398369669914,1.890368975698948,repeat indices align samples but methods were timed sequentially; use independent-resample intervals
26,eight_schools_centered,3,bucketed,last_depth,64,512,10,21,2.1063838079571724,1.9881585240364075,repeat indices align samples but methods were timed sequentially; use independent-resample intervals
26,eight_schools_centered,3,bucketed,last_depth,64,512,10,22,2.0879611149430275,1.9411878287792206,repeat indices align samples but methods were timed sequentially; use independent-resample intervals
26,eight_schools_centered,3,bucketed,last_depth,64,512,10,23,2.08868907392025,1.9129493534564972,repeat indices align samples but methods were timed sequentially; use independent-resample intervals
26,eight_schools_centered,3,bucketed,last_depth,64,512,10,24,1.9352844655513763,1.9462499022483826,repeat indices align samples but methods were timed sequentially; use independent-resample intervals
26,eight_schools_centered,3,bucketed,last_depth,64,512,10,25,1.9163966327905655,1.8755222707986832,repeat indices align samples but methods were timed sequentially; use independent-resample intervals
26,eight_schools_centered,3,bucketed,last_depth,64,512,10,26,2.0003910958766937,1.7880652621388435,repeat indices align samples but methods were timed sequentially; use independent-resample intervals
26,eight_schools_centered,3,bucketed,last_depth,64,512,10,27,1.952755719423294,1.9409697651863098,repeat indices align samples but methods were timed sequentially; use independent-resample intervals
26,eight_schools_centered,3,bucketed,last_depth,64,512,10,28,2.204609401524067,1.9153232723474503,repeat indices align samples but methods were timed sequentially; use independent-resample intervals
26,eight_schools_centered,3,bucketed,last_depth,64,512,10,29,2.0867691412568092,1.97939083725214,repeat indices align samples but methods were timed sequentially; use independent-resample intervals
27,eight_schools_centered,3,bucketed,last_depth,128,512,10,0,1.9154258742928505,1.8837601691484451,repeat indices align samples but methods were timed sequentially; use independent-resample intervals
27,eight_schools_centered,3,bucketed,last_depth,128,512,10,1,1.8659789487719536,1.8127389177680016,repeat indices align samples but methods were timed sequentially; use independent-resample intervals
27,eight_schools_centered,3,bucketed,last_depth,128,512,10,2,1.8453239127993584,1.858515813946724,repeat indices align samples but methods were timed sequentially; use independent-resample intervals
27,eight_schools_centered,3,bucketed,last_depth,128,512,10,3,1.845764771103859,1.820434331893921,repeat indices align samples but methods were timed sequentially; use independent-resample intervals
27,eight_schools_centered,3,bucketed,last_depth,128,512,10,4,1.970759056508541,1.9633882567286491,repeat indices align samples but methods were timed sequentially; use independent-resample intervals
27,eight_schools_centered,3,bucketed,last_depth,128,512,10,5,2.020820662379265,1.8665090054273605,repeat indices align samples but methods were timed sequentially; use independent-resample intervals
27,eight_schools_centered,3,bucketed,last_depth,128,512,10,6,1.93113724142313,1.9045590683817863,repeat indices align samples but methods were timed sequentially; use independent-resample intervals
27,eight_schools_centered,3,bucketed,last_depth,128,512,10,7,1.8440495431423187,1.8524019792675972,repeat indices align samples but methods were timed sequentially; use independent-resample intervals
27,eight_schools_centered,3,bucketed,last_depth,128,512,10,8,1.8503869399428368,1.9240300580859184,repeat indices align samples but methods were timed sequentially; use independent-resample intervals
27,eight_schools_centered,3,bucketed,last_depth,128,512,10,9,1.875094622373581,2.1080998703837395,repeat indices align samples but methods were timed sequentially; use independent-resample intervals
27,eight_schools_centered,3,bucketed,last_depth,128,512,10,10,1.9652525931596756,2.0896294191479683,repeat indices align samples but methods were timed sequentially; use independent-resample intervals
27,eight_schools_centered,3,bucketed,last_depth,128,512,10,11,2.0100425109267235,2.0042896643280983,repeat indices align samples but methods were timed sequentially; use independent-resample intervals
27,eight_schools_centered,3,bucketed,last_depth,128,512,10,12,1.9809982925653458,1.8933880180120468,repeat indices align samples but methods were timed sequentially; use independent-resample intervals
27,eight_schools_centered,3,bucketed,last_depth,128,512,10,13,1.9094083234667778,1.838692530989647,repeat indices align samples but methods were timed sequentially; use independent-resample intervals
27,eight_schools_centered,3,bucketed,last_depth,128,512,10,14,1.8020381778478622,1.9615610390901566,repeat indices align samples but methods were timed sequentially; use independent-resample intervals
27,eight_schools_centered,3,bucketed,last_depth,128,512,10,15,1.820569597184658,1.9235382229089737,repeat indices align samples but methods were timed sequentially; use independent-resample intervals
27,eight_schools_centered,3,bucketed,last_depth,128,512,10,16,1.8246231153607368,1.8986166715621948,repeat indices align samples but methods were timed sequentially; use independent-resample intervals
27,eight_schools_centered,3,bucketed,last_depth,128,512,10,17,1.8242946565151215,1.9874995052814484,repeat indices align samples but methods were timed sequentially; use independent-resample intervals
27,eight_schools_centered,3,bucketed,last_depth,128,512,10,18,2.557929888367653,1.9167289733886719,repeat indices align samples but methods were timed sequentially; use independent-resample intervals
27,eight_schools_centered,3,bucketed,last_depth,128,512,10,19,2.3613032773137093,1.8296453356742859,repeat indices align samples but methods were timed sequentially; use independent-resample intervals
27,eight_schools_centered,3,bucketed,last_depth,128,512,10,20,2.4465662762522697,1.890368975698948,repeat indices align samples but methods were timed sequentially; use independent-resample intervals
27,eight_schools_centered,3,bucketed,last_depth,128,512,10,21,2.346371568739414,1.9881585240364075,repeat indices align samples but methods were timed sequentially; use independent-resample intervals
27,eight_schools_centered,3,bucketed,last_depth,128,512,10,22,2.184223212301731,1.9411878287792206,repeat indices align samples but methods were timed sequentially; use independent-resample intervals
27,eight_schools_centered,3,bucketed,last_depth,128,512,10,23,1.8562182188034058,1.9129493534564972,repeat indices align samples but methods were timed sequentially; use independent-resample intervals
27,eight_schools_centered,3,bucketed,last_depth,128,512,10,24,1.7591190710663795,1.9462499022483826,repeat indices align samples but methods were timed sequentially; use independent-resample intervals
27,eight_schools_centered,3,bucketed,last_depth,128,512,10,25,1.7988618910312653,1.8755222707986832,repeat indices align samples but methods were timed sequentially; use independent-resample intervals
27,eight_schools_centered,3,bucketed,last_depth,128,512,10,26,1.7784529104828835,1.7880652621388435,repeat indices align samples but methods were timed sequentially; use independent-resample intervals
27,eight_schools_centered,3,bucketed,last_depth,128,512,10,27,1.752864308655262,1.9409697651863098,repeat indices align samples but methods were timed sequentially; use independent-resample intervals
27,eight_schools_centered,3,bucketed,last_depth,128,512,10,28,1.8056614771485329,1.9153232723474503,repeat indices align samples but methods were timed sequentially; use independent-resample intervals
27,eight_schools_centered,3,bucketed,last_depth,128,512,10,29,1.8455615937709808,1.97939083725214,repeat indices align samples but methods were timed sequentially; use independent-resample intervals
28,eight_schools_centered,4,monolithic,monolithic,0,512,10,0,1.9275785237550735,1.9275785237550735,repeat indices align samples but methods were timed sequentially; use independent-resample intervals
28,eight_schools_centered,4,monolithic,monolithic,0,512,10,1,1.970308557152748,1.970308557152748,repeat indices align samples but methods were timed sequentially; use independent-resample intervals
28,eight_schools_centered,4,monolithic,monolithic,0,512,10,2,1.9278029724955559,1.9278029724955559,repeat indices align samples but methods were timed sequentially; use independent-resample intervals
28,eight_schools_centered,4,monolithic,monolithic,0,512,10,3,1.9743862226605415,1.9743862226605415,repeat indices align samples but methods were timed sequentially; use independent-resample intervals
28,eight_schools_centered,4,monolithic,monolithic,0,512,10,4,1.9889785796403885,1.9889785796403885,repeat indices align samples but methods were timed sequentially; use independent-resample intervals
28,eight_schools_centered,4,monolithic,monolithic,0,512,10,5,1.9675821512937546,1.9675821512937546,repeat indices align samples but methods were timed sequentially; use independent-resample intervals
28,eight_schools_centered,4,monolithic,monolithic,0,512,10,6,2.0447840988636017,2.0447840988636017,repeat indices align samples but methods were timed sequentially; use independent-resample intervals
28,eight_schools_centered,4,monolithic,monolithic,0,512,10,7,1.9515825808048248,1.9515825808048248,repeat indices align samples but methods were timed sequentially; use independent-resample intervals
28,eight_schools_centered,4,monolithic,monolithic,0,512,10,8,1.9527236968278885,1.9527236968278885,repeat indices align samples but methods were timed sequentially; use independent-resample intervals
28,eight_schools_centered,4,monolithic,monolithic,0,512,10,9,1.9453652650117874,1.9453652650117874,repeat indices align samples but methods were timed sequentially; use independent-resample intervals
28,eight_schools_centered,4,monolithic,monolithic,0,512,10,10,1.8721166476607323,1.8721166476607323,repeat indices align samples but methods were timed sequentially; use independent-resample intervals
28,eight_schools_centered,4,monolithic,monolithic,0,512,10,11,2.532262399792671,2.532262399792671,repeat indices align samples but methods were timed sequentially; use independent-resample intervals
28,eight_schools_centered,4,monolithic,monolithic,0,512,10,12,2.503507114946842,2.503507114946842,repeat indices align samples but methods were timed sequentially; use independent-resample intervals
28,eight_schools_centered,4,monolithic,monolithic,0,512,10,13,2.6981152668595314,2.6981152668595314,repeat indices align samples but methods were timed sequentially; use independent-resample intervals
28,eight_schools_centered,4,monolithic,monolithic,0,512,10,14,2.7375498190522194,2.7375498190522194,repeat indices align samples but methods were timed sequentially; use independent-resample intervals
28,eight_schools_centered,4,monolithic,monolithic,0,512,10,15,2.6792106553912163,2.6792106553912163,repeat indices align samples but methods were timed sequentially; use independent-resample intervals
28,eight_schools_centered,4,monolithic,monolithic,0,512,10,16,2.137514926493168,2.137514926493168,repeat indices align samples but methods were timed sequentially; use independent-resample intervals
28,eight_schools_centered,4,monolithic,monolithic,0,512,10,17,1.7600780352950096,1.7600780352950096,repeat indices align samples but methods were timed sequentially; use independent-resample intervals
28,eight_schools_centered,4,monolithic,monolithic,0,512,10,18,1.8172612637281418,1.8172612637281418,repeat indices align samples but methods were timed sequentially; use independent-resample intervals
28,eight_schools_centered,4,monolithic,monolithic,0,512,10,19,1.8501347750425339,1.8501347750425339,repeat indices align samples but methods were timed sequentially; use independent-resample intervals
28,eight_schools_centered,4,monolithic,monolithic,0,512,10,20,1.8548030033707619,1.8548030033707619,repeat indices align samples but methods were timed sequentially; use independent-resample intervals
28,eight_schools_centered,4,monolithic,monolithic,0,512,10,21,1.843454010784626,1.843454010784626,repeat indices align samples but methods were timed sequentially; use independent-resample intervals
28,eight_schools_centered,4,monolithic,monolithic,0,512,10,22,1.8709486052393913,1.8709486052393913,repeat indices align samples but methods were timed sequentially; use independent-resample intervals
28,eight_schools_centered,4,monolithic,monolithic,0,512,10,23,1.9320600554347038,1.9320600554347038,repeat indices align samples but methods were timed sequentially; use independent-resample intervals
28,eight_schools_centered,4,monolithic,monolithic,0,512,10,24,1.8697662875056267,1.8697662875056267,repeat indices align samples but methods were timed sequentially; use independent-resample intervals
28,eight_schools_centered,4,monolithic,monolithic,0,512,10,25,1.9221125394105911,1.9221125394105911,repeat indices align samples but methods were timed sequentially; use independent-resample intervals
28,eight_schools_centered,4,monolithic,monolithic,0,512,10,26,1.8662319257855415,1.8662319257855415,repeat indices align samples but methods were timed sequentially; use independent-resample intervals
28,eight_schools_centered,4,monolithic,monolithic,0,512,10,27,1.9957289025187492,1.9957289025187492,repeat indices align samples but methods were timed sequentially; use independent-resample intervals
28,eight_schools_centered,4,monolithic,monolithic,0,512,10,28,2.086393155157566,2.086393155157566,repeat indices align samples but methods were timed sequentially; use independent-resample intervals
28,eight_schools_centered,4,monolithic,monolithic,0,512,10,29,1.982180342078209,1.982180342078209,repeat indices align samples but methods were timed sequentially; use independent-resample intervals
29,eight_schools_centered,4,bucketed,none,64,512,10,0,2.0484514310956,1.9275785237550735,repeat indices align samples but methods were timed sequentially; use independent-resample intervals
29,eight_schools_centered,4,bucketed,none,64,512,10,1,2.183665856719017,1.970308557152748,repeat indices align samples but methods were timed sequentially; use independent-resample intervals
29,eight_schools_centered,4,bucketed,none,64,512,10,2,2.051934912800789,1.9278029724955559,repeat indices align samples but methods were timed sequentially; use independent-resample intervals
29,eight_schools_centered,4,bucketed,none,64,512,10,3,1.864137463271618,1.9743862226605415,repeat indices align samples but methods were timed sequentially; use independent-resample intervals
29,eight_schools_centered,4,bucketed,none,64,512,10,4,1.8980695381760597,1.9889785796403885,repeat indices align samples but methods were timed sequentially; use independent-resample intervals
29,eight_schools_centered,4,bucketed,none,64,512,10,5,2.0253064185380936,1.9675821512937546,repeat indices align samples but methods were timed sequentially; use independent-resample intervals
29,eight_schools_centered,4,bucketed,none,64,512,10,6,1.9719426035881042,2.0447840988636017,repeat indices align samples but methods were timed sequentially; use independent-resample intervals
29,eight_schools_centered,4,bucketed,none,64,512,10,7,1.934980146586895,1.9515825808048248,repeat indices align samples but methods were timed sequentially; use independent-resample intervals
29,eight_schools_centered,4,bucketed,none,64,512,10,8,2.042301096022129,1.9527236968278885,repeat indices align samples but methods were timed sequentially; use independent-resample intervals
29,eight_schools_centered,4,bucketed,none,64,512,10,9,1.9783716946840286,1.9453652650117874,repeat indices align samples but methods were timed sequentially; use independent-resample intervals
29,eight_schools_centered,4,bucketed,none,64,512,10,10,1.8450955599546432,1.8721166476607323,repeat indices align samples but methods were timed sequentially; use independent-resample intervals
29,eight_schools_centered,4,bucketed,none,64,512,10,11,1.9713028520345688,2.532262399792671,repeat indices align samples but methods were timed sequentially; use independent-resample intervals
29,eight_schools_centered,4,bucketed,none,64,512,10,12,1.9446874558925629,2.503507114946842,repeat indices align samples but methods were timed sequentially; use independent-resample intervals
29,eight_schools_centered,4,bucketed,none,64,512,10,13,1.9676149189472198,2.6981152668595314,repeat indices align samples but methods were timed sequentially; use independent-resample intervals
29,eight_schools_centered,4,bucketed,none,64,512,10,14,2.1578357443213463,2.7375498190522194,repeat indices align samples but methods were timed sequentially; use independent-resample intervals
29,eight_schools_centered,4,bucketed,none,64,512,10,15,1.9037879705429077,2.6792106553912163,repeat indices align samples but methods were timed sequentially; use independent-resample intervals
29,eight_schools_centered,4,bucketed,none,64,512,10,16,1.8474733531475067,2.137514926493168,repeat indices align samples but methods were timed sequentially; use independent-resample intervals
29,eight_schools_centered,4,bucketed,none,64,512,10,17,1.9705747812986374,1.7600780352950096,repeat indices align samples but methods were timed sequentially; use independent-resample intervals
29,eight_schools_centered,4,bucketed,none,64,512,10,18,1.9471937119960785,1.8172612637281418,repeat indices align samples but methods were timed sequentially; use independent-resample intervals
29,eight_schools_centered,4,bucketed,none,64,512,10,19,2.117875300347805,1.8501347750425339,repeat indices align samples but methods were timed sequentially; use independent-resample intervals
29,eight_schools_centered,4,bucketed,none,64,512,10,20,1.9322680234909058,1.8548030033707619,repeat indices align samples but methods were timed sequentially; use independent-resample intervals
29,eight_schools_centered,4,bucketed,none,64,512,10,21,1.9844403564929962,1.843454010784626,repeat indices align samples but methods were timed sequentially; use independent-resample intervals
29,eight_schools_centered,4,bucketed,none,64,512,10,22,1.9910918027162552,1.8709486052393913,repeat indices align samples but methods were timed sequentially; use independent-resample intervals
29,eight_schools_centered,4,bucketed,none,64,512,10,23,2.1310403048992157,1.9320600554347038,repeat indices align samples but methods were timed sequentially; use independent-resample intervals
29,eight_schools_centered,4,bucketed,none,64,512,10,24,2.1287901550531387,1.8697662875056267,repeat indices align samples but methods were timed sequentially; use independent-resample intervals
29,eight_schools_centered,4,bucketed,none,64,512,10,25,1.951414868235588,1.9221125394105911,repeat indices align samples but methods were timed sequentially; use independent-resample intervals
29,eight_schools_centered,4,bucketed,none,64,512,10,26,2.085961863398552,1.8662319257855415,repeat indices align samples but methods were timed sequentially; use independent-resample intervals
29,eight_schools_centered,4,bucketed,none,64,512,10,27,2.032137632369995,1.9957289025187492,repeat indices align samples but methods were timed sequentially; use independent-resample intervals
29,eight_schools_centered,4,bucketed,none,64,512,10,28,2.118090435862541,2.086393155157566,repeat indices align samples but methods were timed sequentially; use independent-resample intervals
29,eight_schools_centered,4,bucketed,none,64,512,10,29,2.133195251226425,1.982180342078209,repeat indices align samples but methods were timed sequentially; use independent-resample intervals
30,eight_schools_centered,4,bucketed,none,128,512,10,0,1.9035851061344147,1.9275785237550735,repeat indices align samples but methods were timed sequentially; use independent-resample intervals
30,eight_schools_centered,4,bucketed,none,128,512,10,1,1.8539573550224304,1.970308557152748,repeat indices align samples but methods were timed sequentially; use independent-resample intervals
30,eight_schools_centered,4,bucketed,none,128,512,10,2,1.8535702601075172,1.9278029724955559,repeat indices align samples but methods were timed sequentially; use independent-resample intervals
30,eight_schools_centered,4,bucketed,none,128,512,10,3,1.921989493072033,1.9743862226605415,repeat indices align samples but methods were timed sequentially; use independent-resample intervals
30,eight_schools_centered,4,bucketed,none,128,512,10,4,1.8488474115729332,1.9889785796403885,repeat indices align samples but methods were timed sequentially; use independent-resample intervals
30,eight_schools_centered,4,bucketed,none,128,512,10,5,1.8448802381753922,1.9675821512937546,repeat indices align samples but methods were timed sequentially; use independent-resample intervals
30,eight_schools_centered,4,bucketed,none,128,512,10,6,1.816026709973812,2.0447840988636017,repeat indices align samples but methods were timed sequentially; use independent-resample intervals
30,eight_schools_centered,4,bucketed,none,128,512,10,7,1.8529450669884682,1.9515825808048248,repeat indices align samples but methods were timed sequentially; use independent-resample intervals
30,eight_schools_centered,4,bucketed,none,128,512,10,8,1.8568023592233658,1.9527236968278885,repeat indices align samples but methods were timed sequentially; use independent-resample intervals
30,eight_schools_centered,4,bucketed,none,128,512,10,9,2.188818745315075,1.9453652650117874,repeat indices align samples but methods were timed sequentially; use independent-resample intervals
30,eight_schools_centered,4,bucketed,none,128,512,10,10,1.8655968680977821,1.8721166476607323,repeat indices align samples but methods were timed sequentially; use independent-resample intervals
30,eight_schools_centered,4,bucketed,none,128,512,10,11,1.8362519219517708,2.532262399792671,repeat indices align samples but methods were timed sequentially; use independent-resample intervals
30,eight_schools_centered,4,bucketed,none,128,512,10,12,1.912490501999855,2.503507114946842,repeat indices align samples but methods were timed sequentially; use independent-resample intervals
30,eight_schools_centered,4,bucketed,none,128,512,10,13,1.8559311032295227,2.6981152668595314,repeat indices align samples but methods were timed sequentially; use independent-resample intervals
30,eight_schools_centered,4,bucketed,none,128,512,10,14,1.9123820587992668,2.7375498190522194,repeat indices align samples but methods were timed sequentially; use independent-resample intervals
30,eight_schools_centered,4,bucketed,none,128,512,10,15,1.831498809158802,2.6792106553912163,repeat indices align samples but methods were timed sequentially; use independent-resample intervals
30,eight_schools_centered,4,bucketed,none,128,512,10,16,1.8922578245401382,2.137514926493168,repeat indices align samples but methods were timed sequentially; use independent-resample intervals
30,eight_schools_centered,4,bucketed,none,128,512,10,17,1.872855357825756,1.7600780352950096,repeat indices align samples but methods were timed sequentially; use independent-resample intervals
30,eight_schools_centered,4,bucketed,none,128,512,10,18,1.8303982093930244,1.8172612637281418,repeat indices align samples but methods were timed sequentially; use independent-resample intervals
30,eight_schools_centered,4,bucketed,none,128,512,10,19,1.9083016216754913,1.8501347750425339,repeat indices align samples but methods were timed sequentially; use independent-resample intervals
30,eight_schools_centered,4,bucketed,none,128,512,10,20,1.855690211057663,1.8548030033707619,repeat indices align samples but methods were timed sequentially; use independent-resample intervals
30,eight_schools_centered,4,bucketed,none,128,512,10,21,1.8800048902630806,1.843454010784626,repeat indices align samples but methods were timed sequentially; use independent-resample intervals
30,eight_schools_centered,4,bucketed,none,128,512,10,22,1.8470413982868195,1.8709486052393913,repeat indices align samples but methods were timed sequentially; use independent-resample intervals
30,eight_schools_centered,4,bucketed,none,128,512,10,23,1.8455768078565598,1.9320600554347038,repeat indices align samples but methods were timed sequentially; use independent-resample intervals
30,eight_schools_centered,4,bucketed,none,128,512,10,24,1.8627201318740845,1.8697662875056267,repeat indices align samples but methods were timed sequentially; use independent-resample intervals
30,eight_schools_centered,4,bucketed,none,128,512,10,25,1.7696812078356743,1.9221125394105911,repeat indices align samples but methods were timed sequentially; use independent-resample intervals
30,eight_schools_centered,4,bucketed,none,128,512,10,26,1.794724591076374,1.8662319257855415,repeat indices align samples but methods were timed sequentially; use independent-resample intervals
30,eight_schools_centered,4,bucketed,none,128,512,10,27,2.0403112694621086,1.9957289025187492,repeat indices align samples but methods were timed sequentially; use independent-resample intervals
30,eight_schools_centered,4,bucketed,none,128,512,10,28,2.1159437969326973,2.086393155157566,repeat indices align samples but methods were timed sequentially; use independent-resample intervals
30,eight_schools_centered,4,bucketed,none,128,512,10,29,2.437383346259594,1.982180342078209,repeat indices align samples but methods were timed sequentially; use independent-resample intervals
31,eight_schools_centered,4,bucketed,history,64,512,10,0,2.7263568192720413,1.9275785237550735,repeat indices align samples but methods were timed sequentially; use independent-resample intervals
31,eight_schools_centered,4,bucketed,history,64,512,10,1,2.5744383558630943,1.970308557152748,repeat indices align samples but methods were timed sequentially; use independent-resample intervals
31,eight_schools_centered,4,bucketed,history,64,512,10,2,2.2448947951197624,1.9278029724955559,repeat indices align samples but methods were timed sequentially; use independent-resample intervals
31,eight_schools_centered,4,bucketed,history,64,512,10,3,1.8604556545615196,1.9743862226605415,repeat indices align samples but methods were timed sequentially; use independent-resample intervals
31,eight_schools_centered,4,bucketed,history,64,512,10,4,1.8681879788637161,1.9889785796403885,repeat indices align samples but methods were timed sequentially; use independent-resample intervals
31,eight_schools_centered,4,bucketed,history,64,512,10,5,1.859421968460083,1.9675821512937546,repeat indices align samples but methods were timed sequentially; use independent-resample intervals
31,eight_schools_centered,4,bucketed,history,64,512,10,6,1.9465730637311935,2.0447840988636017,repeat indices align samples but methods were timed sequentially; use independent-resample intervals
31,eight_schools_centered,4,bucketed,history,64,512,10,7,1.9936660528182983,1.9515825808048248,repeat indices align samples but methods were timed sequentially; use independent-resample intervals
31,eight_schools_centered,4,bucketed,history,64,512,10,8,1.8870021477341652,1.9527236968278885,repeat indices align samples but methods were timed sequentially; use independent-resample intervals
31,eight_schools_centered,4,bucketed,history,64,512,10,9,1.7907042801380157,1.9453652650117874,repeat indices align samples but methods were timed sequentially; use independent-resample intervals
31,eight_schools_centered,4,bucketed,history,64,512,10,10,1.907094731926918,1.8721166476607323,repeat indices align samples but methods were timed sequentially; use independent-resample intervals
31,eight_schools_centered,4,bucketed,history,64,512,10,11,2.01700621843338,2.532262399792671,repeat indices align samples but methods were timed sequentially; use independent-resample intervals
31,eight_schools_centered,4,bucketed,history,64,512,10,12,1.9826998189091682,2.503507114946842,repeat indices align samples but methods were timed sequentially; use independent-resample intervals
31,eight_schools_centered,4,bucketed,history,64,512,10,13,2.0690968334674835,2.6981152668595314,repeat indices align samples but methods were timed sequentially; use independent-resample intervals
31,eight_schools_centered,4,bucketed,history,64,512,10,14,1.9215728268027306,2.7375498190522194,repeat indices align samples but methods were timed sequentially; use independent-resample intervals
31,eight_schools_centered,4,bucketed,history,64,512,10,15,1.994009256362915,2.6792106553912163,repeat indices align samples but methods were timed sequentially; use independent-resample intervals
31,eight_schools_centered,4,bucketed,history,64,512,10,16,1.9703926369547844,2.137514926493168,repeat indices align samples but methods were timed sequentially; use independent-resample intervals
31,eight_schools_centered,4,bucketed,history,64,512,10,17,2.0445345640182495,1.7600780352950096,repeat indices align samples but methods were timed sequentially; use independent-resample intervals
31,eight_schools_centered,4,bucketed,history,64,512,10,18,2.087569832801819,1.8172612637281418,repeat indices align samples but methods were timed sequentially; use independent-resample intervals
31,eight_schools_centered,4,bucketed,history,64,512,10,19,2.130237229168415,1.8501347750425339,repeat indices align samples but methods were timed sequentially; use independent-resample intervals
31,eight_schools_centered,4,bucketed,history,64,512,10,20,2.0764110311865807,1.8548030033707619,repeat indices align samples but methods were timed sequentially; use independent-resample intervals
31,eight_schools_centered,4,bucketed,history,64,512,10,21,1.9604938700795174,1.843454010784626,repeat indices align samples but methods were timed sequentially; use independent-resample intervals
31,eight_schools_centered,4,bucketed,history,64,512,10,22,2.087751105427742,1.8709486052393913,repeat indices align samples but methods were timed sequentially; use independent-resample intervals
31,eight_schools_centered,4,bucketed,history,64,512,10,23,2.0952164381742477,1.9320600554347038,repeat indices align samples but methods were timed sequentially; use independent-resample intervals
31,eight_schools_centered,4,bucketed,history,64,512,10,24,1.8889066576957703,1.8697662875056267,repeat indices align samples but methods were timed sequentially; use independent-resample intervals
31,eight_schools_centered,4,bucketed,history,64,512,10,25,2.0541143640875816,1.9221125394105911,repeat indices align samples but methods were timed sequentially; use independent-resample intervals
31,eight_schools_centered,4,bucketed,history,64,512,10,26,2.0706573724746704,1.8662319257855415,repeat indices align samples but methods were timed sequentially; use independent-resample intervals
31,eight_schools_centered,4,bucketed,history,64,512,10,27,1.9760970920324326,1.9957289025187492,repeat indices align samples but methods were timed sequentially; use independent-resample intervals
31,eight_schools_centered,4,bucketed,history,64,512,10,28,2.014056548476219,2.086393155157566,repeat indices align samples but methods were timed sequentially; use independent-resample intervals
31,eight_schools_centered,4,bucketed,history,64,512,10,29,2.5493261367082596,1.982180342078209,repeat indices align samples but methods were timed sequentially; use independent-resample intervals
32,eight_schools_centered,4,bucketed,history,128,512,10,0,2.0419803112745285,1.9275785237550735,repeat indices align samples but methods were timed sequentially; use independent-resample intervals
32,eight_schools_centered,4,bucketed,history,128,512,10,1,1.9071865528821945,1.970308557152748,repeat indices align samples but methods were timed sequentially; use independent-resample intervals
32,eight_schools_centered,4,bucketed,history,128,512,10,2,1.782793864607811,1.9278029724955559,repeat indices align samples but methods were timed sequentially; use independent-resample intervals
32,eight_schools_centered,4,bucketed,history,128,512,10,3,1.761334903538227,1.9743862226605415,repeat indices align samples but methods were timed sequentially; use independent-resample intervals
32,eight_schools_centered,4,bucketed,history,128,512,10,4,1.8374505564570427,1.9889785796403885,repeat indices align samples but methods were timed sequentially; use independent-resample intervals
32,eight_schools_centered,4,bucketed,history,128,512,10,5,1.8397088646888733,1.9675821512937546,repeat indices align samples but methods were timed sequentially; use independent-resample intervals
32,eight_schools_centered,4,bucketed,history,128,512,10,6,1.9824252426624298,2.0447840988636017,repeat indices align samples but methods were timed sequentially; use independent-resample intervals
32,eight_schools_centered,4,bucketed,history,128,512,10,7,1.8038231283426285,1.9515825808048248,repeat indices align samples but methods were timed sequentially; use independent-resample intervals
32,eight_schools_centered,4,bucketed,history,128,512,10,8,1.9635121449828148,1.9527236968278885,repeat indices align samples but methods were timed sequentially; use independent-resample intervals
32,eight_schools_centered,4,bucketed,history,128,512,10,9,1.8985698893666267,1.9453652650117874,repeat indices align samples but methods were timed sequentially; use independent-resample intervals
32,eight_schools_centered,4,bucketed,history,128,512,10,10,1.7952333465218544,1.8721166476607323,repeat indices align samples but methods were timed sequentially; use independent-resample intervals
32,eight_schools_centered,4,bucketed,history,128,512,10,11,1.761629544198513,2.532262399792671,repeat indices align samples but methods were timed sequentially; use independent-resample intervals
32,eight_schools_centered,4,bucketed,history,128,512,10,12,1.8198902383446693,2.503507114946842,repeat indices align samples but methods were timed sequentially; use independent-resample intervals
32,eight_schools_centered,4,bucketed,history,128,512,10,13,1.7707139253616333,2.6981152668595314,repeat indices align samples but methods were timed sequentially; use independent-resample intervals
32,eight_schools_centered,4,bucketed,history,128,512,10,14,1.8513332605361938,2.7375498190522194,repeat indices align samples but methods were timed sequentially; use independent-resample intervals
32,eight_schools_centered,4,bucketed,history,128,512,10,15,1.8208280578255653,2.6792106553912163,repeat indices align samples but methods were timed sequentially; use independent-resample intervals
32,eight_schools_centered,4,bucketed,history,128,512,10,16,1.8038575798273087,2.137514926493168,repeat indices align samples but methods were timed sequentially; use independent-resample intervals
32,eight_schools_centered,4,bucketed,history,128,512,10,17,1.9020960107445717,1.7600780352950096,repeat indices align samples but methods were timed sequentially; use independent-resample intervals
32,eight_schools_centered,4,bucketed,history,128,512,10,18,1.8206516206264496,1.8172612637281418,repeat indices align samples but methods were timed sequentially; use independent-resample intervals
32,eight_schools_centered,4,bucketed,history,128,512,10,19,1.7803016602993011,1.8501347750425339,repeat indices align samples but methods were timed sequentially; use independent-resample intervals
32,eight_schools_centered,4,bucketed,history,128,512,10,20,1.7907910346984863,1.8548030033707619,repeat indices align samples but methods were timed sequentially; use independent-resample intervals
32,eight_schools_centered,4,bucketed,history,128,512,10,21,1.810398243367672,1.843454010784626,repeat indices align samples but methods were timed sequentially; use independent-resample intervals
32,eight_schools_centered,4,bucketed,history,128,512,10,22,1.843598134815693,1.8709486052393913,repeat indices align samples but methods were timed sequentially; use independent-resample intervals
32,eight_schools_centered,4,bucketed,history,128,512,10,23,1.823931485414505,1.9320600554347038,repeat indices align samples but methods were timed sequentially; use independent-resample intervals
32,eight_schools_centered,4,bucketed,history,128,512,10,24,1.827582687139511,1.8697662875056267,repeat indices align samples but methods were timed sequentially; use independent-resample intervals
32,eight_schools_centered,4,bucketed,history,128,512,10,25,1.8830523267388344,1.9221125394105911,repeat indices align samples but methods were timed sequentially; use independent-resample intervals
32,eight_schools_centered,4,bucketed,history,128,512,10,26,1.8720326721668243,1.8662319257855415,repeat indices align samples but methods were timed sequentially; use independent-resample intervals
32,eight_schools_centered,4,bucketed,history,128,512,10,27,1.7974601536989212,1.9957289025187492,repeat indices align samples but methods were timed sequentially; use independent-resample intervals
32,eight_schools_centered,4,bucketed,history,128,512,10,28,2.2857550233602524,2.086393155157566,repeat indices align samples but methods were timed sequentially; use independent-resample intervals
32,eight_schools_centered,4,bucketed,history,128,512,10,29,1.7611078843474388,1.982180342078209,repeat indices align samples but methods were timed sequentially; use independent-resample intervals
33,eight_schools_centered,4,bucketed,last_depth,64,512,10,0,2.069383755326271,1.9275785237550735,repeat indices align samples but methods were timed sequentially; use independent-resample intervals
33,eight_schools_centered,4,bucketed,last_depth,64,512,10,1,2.019736625254154,1.970308557152748,repeat indices align samples but methods were timed sequentially; use independent-resample intervals
33,eight_schools_centered,4,bucketed,last_depth,64,512,10,2,2.11361113935709,1.9278029724955559,repeat indices align samples but methods were timed sequentially; use independent-resample intervals
33,eight_schools_centered,4,bucketed,last_depth,64,512,10,3,2.0041033923625946,1.9743862226605415,repeat indices align samples but methods were timed sequentially; use independent-resample intervals
33,eight_schools_centered,4,bucketed,last_depth,64,512,10,4,1.868335522711277,1.9889785796403885,repeat indices align samples but methods were timed sequentially; use independent-resample intervals
33,eight_schools_centered,4,bucketed,last_depth,64,512,10,5,1.926216445863247,1.9675821512937546,repeat indices align samples but methods were timed sequentially; use independent-resample intervals
33,eight_schools_centered,4,bucketed,last_depth,64,512,10,6,1.9465512558817863,2.0447840988636017,repeat indices align samples but methods were timed sequentially; use independent-resample intervals
33,eight_schools_centered,4,bucketed,last_depth,64,512,10,7,1.957183487713337,1.9515825808048248,repeat indices align samples but methods were timed sequentially; use independent-resample intervals
33,eight_schools_centered,4,bucketed,last_depth,64,512,10,8,2.054163970053196,1.9527236968278885,repeat indices align samples but methods were timed sequentially; use independent-resample intervals
33,eight_schools_centered,4,bucketed,last_depth,64,512,10,9,1.954676166176796,1.9453652650117874,repeat indices align samples but methods were timed sequentially; use independent-resample intervals
33,eight_schools_centered,4,bucketed,last_depth,64,512,10,10,1.9262056648731232,1.8721166476607323,repeat indices align samples but methods were timed sequentially; use independent-resample intervals
33,eight_schools_centered,4,bucketed,last_depth,64,512,10,11,2.4945167899131775,2.532262399792671,repeat indices align samples but methods were timed sequentially; use independent-resample intervals
33,eight_schools_centered,4,bucketed,last_depth,64,512,10,12,2.5806960240006447,2.503507114946842,repeat indices align samples but methods were timed sequentially; use independent-resample intervals
33,eight_schools_centered,4,bucketed,last_depth,64,512,10,13,2.1110436394810677,2.6981152668595314,repeat indices align samples but methods were timed sequentially; use independent-resample intervals
33,eight_schools_centered,4,bucketed,last_depth,64,512,10,14,2.1936611980199814,2.7375498190522194,repeat indices align samples but methods were timed sequentially; use independent-resample intervals
33,eight_schools_centered,4,bucketed,last_depth,64,512,10,15,2.0168091729283333,2.6792106553912163,repeat indices align samples but methods were timed sequentially; use independent-resample intervals
33,eight_schools_centered,4,bucketed,last_depth,64,512,10,16,1.9795372635126114,2.137514926493168,repeat indices align samples but methods were timed sequentially; use independent-resample intervals
33,eight_schools_centered,4,bucketed,last_depth,64,512,10,17,1.9613368809223175,1.7600780352950096,repeat indices align samples but methods were timed sequentially; use independent-resample intervals
33,eight_schools_centered,4,bucketed,last_depth,64,512,10,18,1.9072460681200027,1.8172612637281418,repeat indices align samples but methods were timed sequentially; use independent-resample intervals
33,eight_schools_centered,4,bucketed,last_depth,64,512,10,19,1.9567956328392029,1.8501347750425339,repeat indices align samples but methods were timed sequentially; use independent-resample intervals
33,eight_schools_centered,4,bucketed,last_depth,64,512,10,20,2.017055794596672,1.8548030033707619,repeat indices align samples but methods were timed sequentially; use independent-resample intervals
33,eight_schools_centered,4,bucketed,last_depth,64,512,10,21,2.02894676476717,1.843454010784626,repeat indices align samples but methods were timed sequentially; use independent-resample intervals
33,eight_schools_centered,4,bucketed,last_depth,64,512,10,22,2.1500945761799812,1.8709486052393913,repeat indices align samples but methods were timed sequentially; use independent-resample intervals
33,eight_schools_centered,4,bucketed,last_depth,64,512,10,23,2.0950433388352394,1.9320600554347038,repeat indices align samples but methods were timed sequentially; use independent-resample intervals
33,eight_schools_centered,4,bucketed,last_depth,64,512,10,24,2.0357252433896065,1.8697662875056267,repeat indices align samples but methods were timed sequentially; use independent-resample intervals
33,eight_schools_centered,4,bucketed,last_depth,64,512,10,25,2.0617838576436043,1.9221125394105911,repeat indices align samples but methods were timed sequentially; use independent-resample intervals
33,eight_schools_centered,4,bucketed,last_depth,64,512,10,26,1.9580510333180428,1.8662319257855415,repeat indices align samples but methods were timed sequentially; use independent-resample intervals
33,eight_schools_centered,4,bucketed,last_depth,64,512,10,27,1.92228514701128,1.9957289025187492,repeat indices align samples but methods were timed sequentially; use independent-resample intervals
33,eight_schools_centered,4,bucketed,last_depth,64,512,10,28,2.0375872552394867,2.086393155157566,repeat indices align samples but methods were timed sequentially; use independent-resample intervals
33,eight_schools_centered,4,bucketed,last_depth,64,512,10,29,1.986953116953373,1.982180342078209,repeat indices align samples but methods were timed sequentially; use independent-resample intervals
34,eight_schools_centered,4,bucketed,last_depth,128,512,10,0,1.8704741895198822,1.9275785237550735,repeat indices align samples but methods were timed sequentially; use independent-resample intervals
34,eight_schools_centered,4,bucketed,last_depth,128,512,10,1,2.4356430619955063,1.970308557152748,repeat indices align samples but methods were timed sequentially; use independent-resample intervals
34,eight_schools_centered,4,bucketed,last_depth,128,512,10,2,2.124168060719967,1.9278029724955559,repeat indices align samples but methods were timed sequentially; use independent-resample intervals
34,eight_schools_centered,4,bucketed,last_depth,128,512,10,3,1.8522605001926422,1.9743862226605415,repeat indices align samples but methods were timed sequentially; use independent-resample intervals
34,eight_schools_centered,4,bucketed,last_depth,128,512,10,4,1.7903784066438675,1.9889785796403885,repeat indices align samples but methods were timed sequentially; use independent-resample intervals
34,eight_schools_centered,4,bucketed,last_depth,128,512,10,5,1.7902920097112656,1.9675821512937546,repeat indices align samples but methods were timed sequentially; use independent-resample intervals
34,eight_schools_centered,4,bucketed,last_depth,128,512,10,6,1.7910586893558502,2.0447840988636017,repeat indices align samples but methods were timed sequentially; use independent-resample intervals
34,eight_schools_centered,4,bucketed,last_depth,128,512,10,7,1.7861701920628548,1.9515825808048248,repeat indices align samples but methods were timed sequentially; use independent-resample intervals
34,eight_schools_centered,4,bucketed,last_depth,128,512,10,8,1.7951002791523933,1.9527236968278885,repeat indices align samples but methods were timed sequentially; use independent-resample intervals
34,eight_schools_centered,4,bucketed,last_depth,128,512,10,9,1.8039439395070076,1.9453652650117874,repeat indices align samples but methods were timed sequentially; use independent-resample intervals
34,eight_schools_centered,4,bucketed,last_depth,128,512,10,10,1.7780117988586426,1.8721166476607323,repeat indices align samples but methods were timed sequentially; use independent-resample intervals
34,eight_schools_centered,4,bucketed,last_depth,128,512,10,11,1.8357322216033936,2.532262399792671,repeat indices align samples but methods were timed sequentially; use independent-resample intervals
34,eight_schools_centered,4,bucketed,last_depth,128,512,10,12,1.8209969848394394,2.503507114946842,repeat indices align samples but methods were timed sequentially; use independent-resample intervals
34,eight_schools_centered,4,bucketed,last_depth,128,512,10,13,1.8345574662089348,2.6981152668595314,repeat indices align samples but methods were timed sequentially; use independent-resample intervals
34,eight_schools_centered,4,bucketed,last_depth,128,512,10,14,1.876099593937397,2.7375498190522194,repeat indices align samples but methods were timed sequentially; use independent-resample intervals
34,eight_schools_centered,4,bucketed,last_depth,128,512,10,15,1.839481882750988,2.6792106553912163,repeat indices align samples but methods were timed sequentially; use independent-resample intervals
34,eight_schools_centered,4,bucketed,last_depth,128,512,10,16,1.8905841708183289,2.137514926493168,repeat indices align samples but methods were timed sequentially; use independent-resample intervals
34,eight_schools_centered,4,bucketed,last_depth,128,512,10,17,1.8719572648406029,1.7600780352950096,repeat indices align samples but methods were timed sequentially; use independent-resample intervals
34,eight_schools_centered,4,bucketed,last_depth,128,512,10,18,1.8756248205900192,1.8172612637281418,repeat indices align samples but methods were timed sequentially; use independent-resample intervals
34,eight_schools_centered,4,bucketed,last_depth,128,512,10,19,1.8469896540045738,1.8501347750425339,repeat indices align samples but methods were timed sequentially; use independent-resample intervals
34,eight_schools_centered,4,bucketed,last_depth,128,512,10,20,1.8614941239356995,1.8548030033707619,repeat indices align samples but methods were timed sequentially; use independent-resample intervals
34,eight_schools_centered,4,bucketed,last_depth,128,512,10,21,1.8166569620370865,1.843454010784626,repeat indices align samples but methods were timed sequentially; use independent-resample intervals
34,eight_schools_centered,4,bucketed,last_depth,128,512,10,22,1.8131035342812538,1.8709486052393913,repeat indices align samples but methods were timed sequentially; use independent-resample intervals
34,eight_schools_centered,4,bucketed,last_depth,128,512,10,23,1.8716638013720512,1.9320600554347038,repeat indices align samples but methods were timed sequentially; use independent-resample intervals
34,eight_schools_centered,4,bucketed,last_depth,128,512,10,24,1.8403484672307968,1.8697662875056267,repeat indices align samples but methods were timed sequentially; use independent-resample intervals
34,eight_schools_centered,4,bucketed,last_depth,128,512,10,25,1.8491570353507996,1.9221125394105911,repeat indices align samples but methods were timed sequentially; use independent-resample intervals
34,eight_schools_centered,4,bucketed,last_depth,128,512,10,26,1.88567653298378,1.8662319257855415,repeat indices align samples but methods were timed sequentially; use independent-resample intervals
34,eight_schools_centered,4,bucketed,last_depth,128,512,10,27,1.8426246866583824,1.9957289025187492,repeat indices align samples but methods were timed sequentially; use independent-resample intervals
34,eight_schools_centered,4,bucketed,last_depth,128,512,10,28,1.7967438399791718,2.086393155157566,repeat indices align samples but methods were timed sequentially; use independent-resample intervals
34,eight_schools_centered,4,bucketed,last_depth,128,512,10,29,1.8162362277507782,1.982180342078209,repeat indices align samples but methods were timed sequentially; use independent-resample intervals
