row_number,model,seed,method,predictor,bucket_size,num_chains,dimension,repeat,method_seconds,monolithic_seconds_same_index,pairing_note
0,gaussian_process,0,monolithic,monolithic,0,512,3,0,3.934896059334278,3.934896059334278,repeat indices align samples but methods were timed sequentially; use independent-resample intervals
0,gaussian_process,0,monolithic,monolithic,0,512,3,1,3.950060196220875,3.950060196220875,repeat indices align samples but methods were timed sequentially; use independent-resample intervals
0,gaussian_process,0,monolithic,monolithic,0,512,3,2,4.106549061834812,4.106549061834812,repeat indices align samples but methods were timed sequentially; use independent-resample intervals
0,gaussian_process,0,monolithic,monolithic,0,512,3,3,4.01216334849596,4.01216334849596,repeat indices align samples but methods were timed sequentially; use independent-resample intervals
0,gaussian_process,0,monolithic,monolithic,0,512,3,4,3.8613481521606445,3.8613481521606445,repeat indices align samples but methods were timed sequentially; use independent-resample intervals
0,gaussian_process,0,monolithic,monolithic,0,512,3,5,3.6853192299604416,3.6853192299604416,repeat indices align samples but methods were timed sequentially; use independent-resample intervals
0,gaussian_process,0,monolithic,monolithic,0,512,3,6,3.6543256118893623,3.6543256118893623,repeat indices align samples but methods were timed sequentially; use independent-resample intervals
0,gaussian_process,0,monolithic,monolithic,0,512,3,7,4.108213551342487,4.108213551342487,repeat indices align samples but methods were timed sequentially; use independent-resample intervals
0,gaussian_process,0,monolithic,monolithic,0,512,3,8,3.8613855987787247,3.8613855987787247,repeat indices align samples but methods were timed sequentially; use independent-resample intervals
0,gaussian_process,0,monolithic,monolithic,0,512,3,9,3.6958292424678802,3.6958292424678802,repeat indices align samples but methods were timed sequentially; use independent-resample intervals
0,gaussian_process,0,monolithic,monolithic,0,512,3,10,3.6788294464349747,3.6788294464349747,repeat indices align samples but methods were timed sequentially; use independent-resample intervals
0,gaussian_process,0,monolithic,monolithic,0,512,3,11,3.534210555255413,3.534210555255413,repeat indices align samples but methods were timed sequentially; use independent-resample intervals
0,gaussian_process,0,monolithic,monolithic,0,512,3,12,3.5214492976665497,3.5214492976665497,repeat indices align samples but methods were timed sequentially; use independent-resample intervals
0,gaussian_process,0,monolithic,monolithic,0,512,3,13,3.6095536947250366,3.6095536947250366,repeat indices align samples but methods were timed sequentially; use independent-resample intervals
0,gaussian_process,0,monolithic,monolithic,0,512,3,14,3.758891277015209,3.758891277015209,repeat indices align samples but methods were timed sequentially; use independent-resample intervals
0,gaussian_process,0,monolithic,monolithic,0,512,3,15,3.66851694136858,3.66851694136858,repeat indices align samples but methods were timed sequentially; use independent-resample intervals
0,gaussian_process,0,monolithic,monolithic,0,512,3,16,3.9392407312989235,3.9392407312989235,repeat indices align samples but methods were timed sequentially; use independent-resample intervals
0,gaussian_process,0,monolithic,monolithic,0,512,3,17,4.38070971518755,4.38070971518755,repeat indices align samples but methods were timed sequentially; use independent-resample intervals
0,gaussian_process,0,monolithic,monolithic,0,512,3,18,4.169888757169247,4.169888757169247,repeat indices align samples but methods were timed sequentially; use independent-resample intervals
0,gaussian_process,0,monolithic,monolithic,0,512,3,19,4.037783786654472,4.037783786654472,repeat indices align samples but methods were timed sequentially; use independent-resample intervals
0,gaussian_process,0,monolithic,monolithic,0,512,3,20,3.9307724311947823,3.9307724311947823,repeat indices align samples but methods were timed sequentially; use independent-resample intervals
0,gaussian_process,0,monolithic,monolithic,0,512,3,21,3.9523887783288956,3.9523887783288956,repeat indices align samples but methods were timed sequentially; use independent-resample intervals
0,gaussian_process,0,monolithic,monolithic,0,512,3,22,4.098079152405262,4.098079152405262,repeat indices align samples but methods were timed sequentially; use independent-resample intervals
0,gaussian_process,0,monolithic,monolithic,0,512,3,23,3.6900958865880966,3.6900958865880966,repeat indices align samples but methods were timed sequentially; use independent-resample intervals
0,gaussian_process,0,monolithic,monolithic,0,512,3,24,3.934819996356964,3.934819996356964,repeat indices align samples but methods were timed sequentially; use independent-resample intervals
0,gaussian_process,0,monolithic,monolithic,0,512,3,25,3.9256811290979385,3.9256811290979385,repeat indices align samples but methods were timed sequentially; use independent-resample intervals
0,gaussian_process,0,monolithic,monolithic,0,512,3,26,3.948438249528408,3.948438249528408,repeat indices align samples but methods were timed sequentially; use independent-resample intervals
0,gaussian_process,0,monolithic,monolithic,0,512,3,27,3.7990537136793137,3.7990537136793137,repeat indices align samples but methods were timed sequentially; use independent-resample intervals
0,gaussian_process,0,monolithic,monolithic,0,512,3,28,3.8709884732961655,3.8709884732961655,repeat indices align samples but methods were timed sequentially; use independent-resample intervals
0,gaussian_process,0,monolithic,monolithic,0,512,3,29,3.812593623995781,3.812593623995781,repeat indices align samples but methods were timed sequentially; use independent-resample intervals
1,gaussian_process,0,bucketed,none,64,512,3,0,3.8739359751343727,3.934896059334278,repeat indices align samples but methods were timed sequentially; use independent-resample intervals
1,gaussian_process,0,bucketed,none,64,512,3,1,4.163986220955849,3.950060196220875,repeat indices align samples but methods were timed sequentially; use independent-resample intervals
1,gaussian_process,0,bucketed,none,64,512,3,2,4.061537608504295,4.106549061834812,repeat indices align samples but methods were timed sequentially; use independent-resample intervals
1,gaussian_process,0,bucketed,none,64,512,3,3,4.174074441194534,4.01216334849596,repeat indices align samples but methods were timed sequentially; use independent-resample intervals
1,gaussian_process,0,bucketed,none,64,512,3,4,4.193804584443569,3.8613481521606445,repeat indices align samples but methods were timed sequentially; use independent-resample intervals
1,gaussian_process,0,bucketed,none,64,512,3,5,4.26632584631443,3.6853192299604416,repeat indices align samples but methods were timed sequentially; use independent-resample intervals
1,gaussian_process,0,bucketed,none,64,512,3,6,4.6947706043720245,3.6543256118893623,repeat indices align samples but methods were timed sequentially; use independent-resample intervals
1,gaussian_process,0,bucketed,none,64,512,3,7,4.492955319583416,4.108213551342487,repeat indices align samples but methods were timed sequentially; use independent-resample intervals
1,gaussian_process,0,bucketed,none,64,512,3,8,4.321089260280132,3.8613855987787247,repeat indices align samples but methods were timed sequentially; use independent-resample intervals
1,gaussian_process,0,bucketed,none,64,512,3,9,4.251056961715221,3.6958292424678802,repeat indices align samples but methods were timed sequentially; use independent-resample intervals
1,gaussian_process,0,bucketed,none,64,512,3,10,4.048518054187298,3.6788294464349747,repeat indices align samples but methods were timed sequentially; use independent-resample intervals
1,gaussian_process,0,bucketed,none,64,512,3,11,4.134182438254356,3.534210555255413,repeat indices align samples but methods were timed sequentially; use independent-resample intervals
1,gaussian_process,0,bucketed,none,64,512,3,12,3.893311358988285,3.5214492976665497,repeat indices align samples but methods were timed sequentially; use independent-resample intervals
1,gaussian_process,0,bucketed,none,64,512,3,13,3.944106452167034,3.6095536947250366,repeat indices align samples but methods were timed sequentially; use independent-resample intervals
1,gaussian_process,0,bucketed,none,64,512,3,14,4.091278001666069,3.758891277015209,repeat indices align samples but methods were timed sequentially; use independent-resample intervals
1,gaussian_process,0,bucketed,none,64,512,3,15,3.9925711899995804,3.66851694136858,repeat indices align samples but methods were timed sequentially; use independent-resample intervals
1,gaussian_process,0,bucketed,none,64,512,3,16,4.107432521879673,3.9392407312989235,repeat indices align samples but methods were timed sequentially; use independent-resample intervals
1,gaussian_process,0,bucketed,none,64,512,3,17,4.108211934566498,4.38070971518755,repeat indices align samples but methods were timed sequentially; use independent-resample intervals
1,gaussian_process,0,bucketed,none,64,512,3,18,4.0735065042972565,4.169888757169247,repeat indices align samples but methods were timed sequentially; use independent-resample intervals
1,gaussian_process,0,bucketed,none,64,512,3,19,4.076450079679489,4.037783786654472,repeat indices align samples but methods were timed sequentially; use independent-resample intervals
1,gaussian_process,0,bucketed,none,64,512,3,20,4.195939429104328,3.9307724311947823,repeat indices align samples but methods were timed sequentially; use independent-resample intervals
1,gaussian_process,0,bucketed,none,64,512,3,21,5.104046382009983,3.9523887783288956,repeat indices align samples but methods were timed sequentially; use independent-resample intervals
1,gaussian_process,0,bucketed,none,64,512,3,22,4.300529293715954,4.098079152405262,repeat indices align samples but methods were timed sequentially; use independent-resample intervals
1,gaussian_process,0,bucketed,none,64,512,3,23,4.141621515154839,3.6900958865880966,repeat indices align samples but methods were timed sequentially; use independent-resample intervals
1,gaussian_process,0,bucketed,none,64,512,3,24,4.126706801354885,3.934819996356964,repeat indices align samples but methods were timed sequentially; use independent-resample intervals
1,gaussian_process,0,bucketed,none,64,512,3,25,3.9035646319389343,3.9256811290979385,repeat indices align samples but methods were timed sequentially; use independent-resample intervals
1,gaussian_process,0,bucketed,none,64,512,3,26,4.163723438978195,3.948438249528408,repeat indices align samples but methods were timed sequentially; use independent-resample intervals
1,gaussian_process,0,bucketed,none,64,512,3,27,4.0113237500190735,3.7990537136793137,repeat indices align samples but methods were timed sequentially; use independent-resample intervals
1,gaussian_process,0,bucketed,none,64,512,3,28,4.1142251044511795,3.8709884732961655,repeat indices align samples but methods were timed sequentially; use independent-resample intervals
1,gaussian_process,0,bucketed,none,64,512,3,29,4.100827760994434,3.812593623995781,repeat indices align samples but methods were timed sequentially; use independent-resample intervals
2,gaussian_process,0,bucketed,none,128,512,3,0,4.709311626851559,3.934896059334278,repeat indices align samples but methods were timed sequentially; use independent-resample intervals
2,gaussian_process,0,bucketed,none,128,512,3,1,4.256104089319706,3.950060196220875,repeat indices align samples but methods were timed sequentially; use independent-resample intervals
2,gaussian_process,0,bucketed,none,128,512,3,2,3.9256183058023453,4.106549061834812,repeat indices align samples but methods were timed sequentially; use independent-resample intervals
2,gaussian_process,0,bucketed,none,128,512,3,3,4.128918506205082,4.01216334849596,repeat indices align samples but methods were timed sequentially; use independent-resample intervals
2,gaussian_process,0,bucketed,none,128,512,3,4,4.203921690583229,3.8613481521606445,repeat indices align samples but methods were timed sequentially; use independent-resample intervals
2,gaussian_process,0,bucketed,none,128,512,3,5,3.916310951113701,3.6853192299604416,repeat indices align samples but methods were timed sequentially; use independent-resample intervals
2,gaussian_process,0,bucketed,none,128,512,3,6,3.773825041949749,3.6543256118893623,repeat indices align samples but methods were timed sequentially; use independent-resample intervals
2,gaussian_process,0,bucketed,none,128,512,3,7,3.905465289950371,4.108213551342487,repeat indices align samples but methods were timed sequentially; use independent-resample intervals
2,gaussian_process,0,bucketed,none,128,512,3,8,4.145280592143536,3.8613855987787247,repeat indices align samples but methods were timed sequentially; use independent-resample intervals
2,gaussian_process,0,bucketed,none,128,512,3,9,4.010439425706863,3.6958292424678802,repeat indices align samples but methods were timed sequentially; use independent-resample intervals
2,gaussian_process,0,bucketed,none,128,512,3,10,3.9861693307757378,3.6788294464349747,repeat indices align samples but methods were timed sequentially; use independent-resample intervals
2,gaussian_process,0,bucketed,none,128,512,3,11,3.9299105778336525,3.534210555255413,repeat indices align samples but methods were timed sequentially; use independent-resample intervals
2,gaussian_process,0,bucketed,none,128,512,3,12,3.719805270433426,3.5214492976665497,repeat indices align samples but methods were timed sequentially; use independent-resample intervals
2,gaussian_process,0,bucketed,none,128,512,3,13,3.7999438494443893,3.6095536947250366,repeat indices align samples but methods were timed sequentially; use independent-resample intervals
2,gaussian_process,0,bucketed,none,128,512,3,14,4.028421901166439,3.758891277015209,repeat indices align samples but methods were timed sequentially; use independent-resample intervals
2,gaussian_process,0,bucketed,none,128,512,3,15,3.775895334780216,3.66851694136858,repeat indices align samples but methods were timed sequentially; use independent-resample intervals
2,gaussian_process,0,bucketed,none,128,512,3,16,4.0818419605493546,3.9392407312989235,repeat indices align samples but methods were timed sequentially; use independent-resample intervals
2,gaussian_process,0,bucketed,none,128,512,3,17,3.714529074728489,4.38070971518755,repeat indices align samples but methods were timed sequentially; use independent-resample intervals
2,gaussian_process,0,bucketed,none,128,512,3,18,3.9958548694849014,4.169888757169247,repeat indices align samples but methods were timed sequentially; use independent-resample intervals
2,gaussian_process,0,bucketed,none,128,512,3,19,3.949521780014038,4.037783786654472,repeat indices align samples but methods were timed sequentially; use independent-resample intervals
2,gaussian_process,0,bucketed,none,128,512,3,20,4.092227332293987,3.9307724311947823,repeat indices align samples but methods were timed sequentially; use independent-resample intervals
2,gaussian_process,0,bucketed,none,128,512,3,21,3.9579554349184036,3.9523887783288956,repeat indices align samples but methods were timed sequentially; use independent-resample intervals
2,gaussian_process,0,bucketed,none,128,512,3,22,3.931797042489052,4.098079152405262,repeat indices align samples but methods were timed sequentially; use independent-resample intervals
2,gaussian_process,0,bucketed,none,128,512,3,23,4.181550472974777,3.6900958865880966,repeat indices align samples but methods were timed sequentially; use independent-resample intervals
2,gaussian_process,0,bucketed,none,128,512,3,24,3.8998018875718117,3.934819996356964,repeat indices align samples but methods were timed sequentially; use independent-resample intervals
2,gaussian_process,0,bucketed,none,128,512,3,25,3.8952725678682327,3.9256811290979385,repeat indices align samples but methods were timed sequentially; use independent-resample intervals
2,gaussian_process,0,bucketed,none,128,512,3,26,3.772900179028511,3.948438249528408,repeat indices align samples but methods were timed sequentially; use independent-resample intervals
2,gaussian_process,0,bucketed,none,128,512,3,27,3.7637627720832825,3.7990537136793137,repeat indices align samples but methods were timed sequentially; use independent-resample intervals
2,gaussian_process,0,bucketed,none,128,512,3,28,3.708155371248722,3.8709884732961655,repeat indices align samples but methods were timed sequentially; use independent-resample intervals
2,gaussian_process,0,bucketed,none,128,512,3,29,3.733536384999752,3.812593623995781,repeat indices align samples but methods were timed sequentially; use independent-resample intervals
3,gaussian_process,0,bucketed,history,64,512,3,0,3.8502679094672203,3.934896059334278,repeat indices align samples but methods were timed sequentially; use independent-resample intervals
3,gaussian_process,0,bucketed,history,64,512,3,1,4.012270927429199,3.950060196220875,repeat indices align samples but methods were timed sequentially; use independent-resample intervals
3,gaussian_process,0,bucketed,history,64,512,3,2,4.014248244464397,4.106549061834812,repeat indices align samples but methods were timed sequentially; use independent-resample intervals
3,gaussian_process,0,bucketed,history,64,512,3,3,4.169752828776836,4.01216334849596,repeat indices align samples but methods were timed sequentially; use independent-resample intervals
3,gaussian_process,0,bucketed,history,64,512,3,4,4.207064941525459,3.8613481521606445,repeat indices align samples but methods were timed sequentially; use independent-resample intervals
3,gaussian_process,0,bucketed,history,64,512,3,5,4.265529207885265,3.6853192299604416,repeat indices align samples but methods were timed sequentially; use independent-resample intervals
3,gaussian_process,0,bucketed,history,64,512,3,6,4.118473649024963,3.6543256118893623,repeat indices align samples but methods were timed sequentially; use independent-resample intervals
3,gaussian_process,0,bucketed,history,64,512,3,7,4.222143359482288,4.108213551342487,repeat indices align samples but methods were timed sequentially; use independent-resample intervals
3,gaussian_process,0,bucketed,history,64,512,3,8,4.392336487770081,3.8613855987787247,repeat indices align samples but methods were timed sequentially; use independent-resample intervals
3,gaussian_process,0,bucketed,history,64,512,3,9,4.10410763323307,3.6958292424678802,repeat indices align samples but methods were timed sequentially; use independent-resample intervals
3,gaussian_process,0,bucketed,history,64,512,3,10,4.104878976941109,3.6788294464349747,repeat indices align samples but methods were timed sequentially; use independent-resample intervals
3,gaussian_process,0,bucketed,history,64,512,3,11,4.209765687584877,3.534210555255413,repeat indices align samples but methods were timed sequentially; use independent-resample intervals
3,gaussian_process,0,bucketed,history,64,512,3,12,4.178131736814976,3.5214492976665497,repeat indices align samples but methods were timed sequentially; use independent-resample intervals
3,gaussian_process,0,bucketed,history,64,512,3,13,4.16878917068243,3.6095536947250366,repeat indices align samples but methods were timed sequentially; use independent-resample intervals
3,gaussian_process,0,bucketed,history,64,512,3,14,4.021208643913269,3.758891277015209,repeat indices align samples but methods were timed sequentially; use independent-resample intervals
3,gaussian_process,0,bucketed,history,64,512,3,15,4.328294396400452,3.66851694136858,repeat indices align samples but methods were timed sequentially; use independent-resample intervals
3,gaussian_process,0,bucketed,history,64,512,3,16,4.450489237904549,3.9392407312989235,repeat indices align samples but methods were timed sequentially; use independent-resample intervals
3,gaussian_process,0,bucketed,history,64,512,3,17,4.653800085186958,4.38070971518755,repeat indices align samples but methods were timed sequentially; use independent-resample intervals
3,gaussian_process,0,bucketed,history,64,512,3,18,4.6763018518686295,4.169888757169247,repeat indices align samples but methods were timed sequentially; use independent-resample intervals
3,gaussian_process,0,bucketed,history,64,512,3,19,4.00110487639904,4.037783786654472,repeat indices align samples but methods were timed sequentially; use independent-resample intervals
3,gaussian_process,0,bucketed,history,64,512,3,20,3.7584703266620636,3.9307724311947823,repeat indices align samples but methods were timed sequentially; use independent-resample intervals
3,gaussian_process,0,bucketed,history,64,512,3,21,4.023222714662552,3.9523887783288956,repeat indices align samples but methods were timed sequentially; use independent-resample intervals
3,gaussian_process,0,bucketed,history,64,512,3,22,3.9653402492403984,4.098079152405262,repeat indices align samples but methods were timed sequentially; use independent-resample intervals
3,gaussian_process,0,bucketed,history,64,512,3,23,3.802492842078209,3.6900958865880966,repeat indices align samples but methods were timed sequentially; use independent-resample intervals
3,gaussian_process,0,bucketed,history,64,512,3,24,3.8406591042876244,3.934819996356964,repeat indices align samples but methods were timed sequentially; use independent-resample intervals
3,gaussian_process,0,bucketed,history,64,512,3,25,4.03074673563242,3.9256811290979385,repeat indices align samples but methods were timed sequentially; use independent-resample intervals
3,gaussian_process,0,bucketed,history,64,512,3,26,4.008020006120205,3.948438249528408,repeat indices align samples but methods were timed sequentially; use independent-resample intervals
3,gaussian_process,0,bucketed,history,64,512,3,27,4.239277899265289,3.7990537136793137,repeat indices align samples but methods were timed sequentially; use independent-resample intervals
3,gaussian_process,0,bucketed,history,64,512,3,28,4.779915653169155,3.8709884732961655,repeat indices align samples but methods were timed sequentially; use independent-resample intervals
3,gaussian_process,0,bucketed,history,64,512,3,29,4.5896463841199875,3.812593623995781,repeat indices align samples but methods were timed sequentially; use independent-resample intervals
4,gaussian_process,0,bucketed,history,128,512,3,0,4.090280383825302,3.934896059334278,repeat indices align samples but methods were timed sequentially; use independent-resample intervals
4,gaussian_process,0,bucketed,history,128,512,3,1,4.353426903486252,3.950060196220875,repeat indices align samples but methods were timed sequentially; use independent-resample intervals
4,gaussian_process,0,bucketed,history,128,512,3,2,4.32616813480854,4.106549061834812,repeat indices align samples but methods were timed sequentially; use independent-resample intervals
4,gaussian_process,0,bucketed,history,128,512,3,3,4.305650249123573,4.01216334849596,repeat indices align samples but methods were timed sequentially; use independent-resample intervals
4,gaussian_process,0,bucketed,history,128,512,3,4,4.018700495362282,3.8613481521606445,repeat indices align samples but methods were timed sequentially; use independent-resample intervals
4,gaussian_process,0,bucketed,history,128,512,3,5,3.8084533885121346,3.6853192299604416,repeat indices align samples but methods were timed sequentially; use independent-resample intervals
4,gaussian_process,0,bucketed,history,128,512,3,6,3.9294866248965263,3.6543256118893623,repeat indices align samples but methods were timed sequentially; use independent-resample intervals
4,gaussian_process,0,bucketed,history,128,512,3,7,3.9982312843203545,4.108213551342487,repeat indices align samples but methods were timed sequentially; use independent-resample intervals
4,gaussian_process,0,bucketed,history,128,512,3,8,4.162570491433144,3.8613855987787247,repeat indices align samples but methods were timed sequentially; use independent-resample intervals
4,gaussian_process,0,bucketed,history,128,512,3,9,4.38888742774725,3.6958292424678802,repeat indices align samples but methods were timed sequentially; use independent-resample intervals
4,gaussian_process,0,bucketed,history,128,512,3,10,4.242703326046467,3.6788294464349747,repeat indices align samples but methods were timed sequentially; use independent-resample intervals
4,gaussian_process,0,bucketed,history,128,512,3,11,4.379884302616119,3.534210555255413,repeat indices align samples but methods were timed sequentially; use independent-resample intervals
4,gaussian_process,0,bucketed,history,128,512,3,12,4.03684689104557,3.5214492976665497,repeat indices align samples but methods were timed sequentially; use independent-resample intervals
4,gaussian_process,0,bucketed,history,128,512,3,13,4.189625859260559,3.6095536947250366,repeat indices align samples but methods were timed sequentially; use independent-resample intervals
4,gaussian_process,0,bucketed,history,128,512,3,14,4.346107326447964,3.758891277015209,repeat indices align samples but methods were timed sequentially; use independent-resample intervals
4,gaussian_process,0,bucketed,history,128,512,3,15,4.3732504323124886,3.66851694136858,repeat indices align samples but methods were timed sequentially; use independent-resample intervals
4,gaussian_process,0,bucketed,history,128,512,3,16,4.18597698956728,3.9392407312989235,repeat indices align samples but methods were timed sequentially; use independent-resample intervals
4,gaussian_process,0,bucketed,history,128,512,3,17,4.427862241864204,4.38070971518755,repeat indices align samples but methods were timed sequentially; use independent-resample intervals
4,gaussian_process,0,bucketed,history,128,512,3,18,4.687478639185429,4.169888757169247,repeat indices align samples but methods were timed sequentially; use independent-resample intervals
4,gaussian_process,0,bucketed,history,128,512,3,19,4.655410118401051,4.037783786654472,repeat indices align samples but methods were timed sequentially; use independent-resample intervals
4,gaussian_process,0,bucketed,history,128,512,3,20,4.652332790195942,3.9307724311947823,repeat indices align samples but methods were timed sequentially; use independent-resample intervals
4,gaussian_process,0,bucketed,history,128,512,3,21,4.1685551553964615,3.9523887783288956,repeat indices align samples but methods were timed sequentially; use independent-resample intervals
4,gaussian_process,0,bucketed,history,128,512,3,22,4.280392475426197,4.098079152405262,repeat indices align samples but methods were timed sequentially; use independent-resample intervals
4,gaussian_process,0,bucketed,history,128,512,3,23,4.2267050966620445,3.6900958865880966,repeat indices align samples but methods were timed sequentially; use independent-resample intervals
4,gaussian_process,0,bucketed,history,128,512,3,24,4.258195340633392,3.934819996356964,repeat indices align samples but methods were timed sequentially; use independent-resample intervals
4,gaussian_process,0,bucketed,history,128,512,3,25,3.7139901518821716,3.9256811290979385,repeat indices align samples but methods were timed sequentially; use independent-resample intervals
4,gaussian_process,0,bucketed,history,128,512,3,26,3.8933818861842155,3.948438249528408,repeat indices align samples but methods were timed sequentially; use independent-resample intervals
4,gaussian_process,0,bucketed,history,128,512,3,27,3.8381878435611725,3.7990537136793137,repeat indices align samples but methods were timed sequentially; use independent-resample intervals
4,gaussian_process,0,bucketed,history,128,512,3,28,3.6134059950709343,3.8709884732961655,repeat indices align samples but methods were timed sequentially; use independent-resample intervals
4,gaussian_process,0,bucketed,history,128,512,3,29,4.808370046317577,3.812593623995781,repeat indices align samples but methods were timed sequentially; use independent-resample intervals
5,gaussian_process,0,bucketed,last_depth,64,512,3,0,4.231853552162647,3.934896059334278,repeat indices align samples but methods were timed sequentially; use independent-resample intervals
5,gaussian_process,0,bucketed,last_depth,64,512,3,1,4.107618257403374,3.950060196220875,repeat indices align samples but methods were timed sequentially; use independent-resample intervals
5,gaussian_process,0,bucketed,last_depth,64,512,3,2,4.453213214874268,4.106549061834812,repeat indices align samples but methods were timed sequentially; use independent-resample intervals
5,gaussian_process,0,bucketed,last_depth,64,512,3,3,4.056562073528767,4.01216334849596,repeat indices align samples but methods were timed sequentially; use independent-resample intervals
5,gaussian_process,0,bucketed,last_depth,64,512,3,4,3.9377340525388718,3.8613481521606445,repeat indices align samples but methods were timed sequentially; use independent-resample intervals
5,gaussian_process,0,bucketed,last_depth,64,512,3,5,3.969401963055134,3.6853192299604416,repeat indices align samples but methods were timed sequentially; use independent-resample intervals
5,gaussian_process,0,bucketed,last_depth,64,512,3,6,3.871065355837345,3.6543256118893623,repeat indices align samples but methods were timed sequentially; use independent-resample intervals
5,gaussian_process,0,bucketed,last_depth,64,512,3,7,4.066616982221603,4.108213551342487,repeat indices align samples but methods were timed sequentially; use independent-resample intervals
5,gaussian_process,0,bucketed,last_depth,64,512,3,8,4.080140955746174,3.8613855987787247,repeat indices align samples but methods were timed sequentially; use independent-resample intervals
5,gaussian_process,0,bucketed,last_depth,64,512,3,9,3.969893254339695,3.6958292424678802,repeat indices align samples but methods were timed sequentially; use independent-resample intervals
5,gaussian_process,0,bucketed,last_depth,64,512,3,10,3.9782306253910065,3.6788294464349747,repeat indices align samples but methods were timed sequentially; use independent-resample intervals
5,gaussian_process,0,bucketed,last_depth,64,512,3,11,4.213687591254711,3.534210555255413,repeat indices align samples but methods were timed sequentially; use independent-resample intervals
5,gaussian_process,0,bucketed,last_depth,64,512,3,12,4.380168445408344,3.5214492976665497,repeat indices align samples but methods were timed sequentially; use independent-resample intervals
5,gaussian_process,0,bucketed,last_depth,64,512,3,13,4.286185793578625,3.6095536947250366,repeat indices align samples but methods were timed sequentially; use independent-resample intervals
5,gaussian_process,0,bucketed,last_depth,64,512,3,14,3.9996969625353813,3.758891277015209,repeat indices align samples but methods were timed sequentially; use independent-resample intervals
5,gaussian_process,0,bucketed,last_depth,64,512,3,15,3.919063538312912,3.66851694136858,repeat indices align samples but methods were timed sequentially; use independent-resample intervals
5,gaussian_process,0,bucketed,last_depth,64,512,3,16,4.129146672785282,3.9392407312989235,repeat indices align samples but methods were timed sequentially; use independent-resample intervals
5,gaussian_process,0,bucketed,last_depth,64,512,3,17,4.166454531252384,4.38070971518755,repeat indices align samples but methods were timed sequentially; use independent-resample intervals
5,gaussian_process,0,bucketed,last_depth,64,512,3,18,3.93772491812706,4.169888757169247,repeat indices align samples but methods were timed sequentially; use independent-resample intervals
5,gaussian_process,0,bucketed,last_depth,64,512,3,19,3.9606330767273903,4.037783786654472,repeat indices align samples but methods were timed sequentially; use independent-resample intervals
5,gaussian_process,0,bucketed,last_depth,64,512,3,20,4.384741611778736,3.9307724311947823,repeat indices align samples but methods were timed sequentially; use independent-resample intervals
5,gaussian_process,0,bucketed,last_depth,64,512,3,21,4.841513387858868,3.9523887783288956,repeat indices align samples but methods were timed sequentially; use independent-resample intervals
5,gaussian_process,0,bucketed,last_depth,64,512,3,22,4.506834141910076,4.098079152405262,repeat indices align samples but methods were timed sequentially; use independent-resample intervals
5,gaussian_process,0,bucketed,last_depth,64,512,3,23,4.002568781375885,3.6900958865880966,repeat indices align samples but methods were timed sequentially; use independent-resample intervals
5,gaussian_process,0,bucketed,last_depth,64,512,3,24,4.775966495275497,3.934819996356964,repeat indices align samples but methods were timed sequentially; use independent-resample intervals
5,gaussian_process,0,bucketed,last_depth,64,512,3,25,4.565429329872131,3.9256811290979385,repeat indices align samples but methods were timed sequentially; use independent-resample intervals
5,gaussian_process,0,bucketed,last_depth,64,512,3,26,4.284602776169777,3.948438249528408,repeat indices align samples but methods were timed sequentially; use independent-resample intervals
5,gaussian_process,0,bucketed,last_depth,64,512,3,27,4.2483410984277725,3.7990537136793137,repeat indices align samples but methods were timed sequentially; use independent-resample intervals
5,gaussian_process,0,bucketed,last_depth,64,512,3,28,4.023894272744656,3.8709884732961655,repeat indices align samples but methods were timed sequentially; use independent-resample intervals
5,gaussian_process,0,bucketed,last_depth,64,512,3,29,4.470319606363773,3.812593623995781,repeat indices align samples but methods were timed sequentially; use independent-resample intervals
6,gaussian_process,0,bucketed,last_depth,128,512,3,0,4.132623389363289,3.934896059334278,repeat indices align samples but methods were timed sequentially; use independent-resample intervals
6,gaussian_process,0,bucketed,last_depth,128,512,3,1,4.538974367082119,3.950060196220875,repeat indices align samples but methods were timed sequentially; use independent-resample intervals
6,gaussian_process,0,bucketed,last_depth,128,512,3,2,4.214390218257904,4.106549061834812,repeat indices align samples but methods were timed sequentially; use independent-resample intervals
6,gaussian_process,0,bucketed,last_depth,128,512,3,3,4.488113597035408,4.01216334849596,repeat indices align samples but methods were timed sequentially; use independent-resample intervals
6,gaussian_process,0,bucketed,last_depth,128,512,3,4,4.688149273395538,3.8613481521606445,repeat indices align samples but methods were timed sequentially; use independent-resample intervals
6,gaussian_process,0,bucketed,last_depth,128,512,3,5,4.715711914002895,3.6853192299604416,repeat indices align samples but methods were timed sequentially; use independent-resample intervals
6,gaussian_process,0,bucketed,last_depth,128,512,3,6,4.261787883937359,3.6543256118893623,repeat indices align samples but methods were timed sequentially; use independent-resample intervals
6,gaussian_process,0,bucketed,last_depth,128,512,3,7,4.017446778714657,4.108213551342487,repeat indices align samples but methods were timed sequentially; use independent-resample intervals
6,gaussian_process,0,bucketed,last_depth,128,512,3,8,3.957250937819481,3.8613855987787247,repeat indices align samples but methods were timed sequentially; use independent-resample intervals
6,gaussian_process,0,bucketed,last_depth,128,512,3,9,3.9120861515402794,3.6958292424678802,repeat indices align samples but methods were timed sequentially; use independent-resample intervals
6,gaussian_process,0,bucketed,last_depth,128,512,3,10,4.290339656174183,3.6788294464349747,repeat indices align samples but methods were timed sequentially; use independent-resample intervals
6,gaussian_process,0,bucketed,last_depth,128,512,3,11,4.31832966953516,3.534210555255413,repeat indices align samples but methods were timed sequentially; use independent-resample intervals
6,gaussian_process,0,bucketed,last_depth,128,512,3,12,4.4147099405527115,3.5214492976665497,repeat indices align samples but methods were timed sequentially; use independent-resample intervals
6,gaussian_process,0,bucketed,last_depth,128,512,3,13,4.247664883732796,3.6095536947250366,repeat indices align samples but methods were timed sequentially; use independent-resample intervals
6,gaussian_process,0,bucketed,last_depth,128,512,3,14,4.30620764195919,3.758891277015209,repeat indices align samples but methods were timed sequentially; use independent-resample intervals
6,gaussian_process,0,bucketed,last_depth,128,512,3,15,4.331933654844761,3.66851694136858,repeat indices align samples but methods were timed sequentially; use independent-resample intervals
6,gaussian_process,0,bucketed,last_depth,128,512,3,16,3.998602755367756,3.9392407312989235,repeat indices align samples but methods were timed sequentially; use independent-resample intervals
6,gaussian_process,0,bucketed,last_depth,128,512,3,17,4.181403316557407,4.38070971518755,repeat indices align samples but methods were timed sequentially; use independent-resample intervals
6,gaussian_process,0,bucketed,last_depth,128,512,3,18,4.1680851355195045,4.169888757169247,repeat indices align samples but methods were timed sequentially; use independent-resample intervals
6,gaussian_process,0,bucketed,last_depth,128,512,3,19,4.008968248963356,4.037783786654472,repeat indices align samples but methods were timed sequentially; use independent-resample intervals
6,gaussian_process,0,bucketed,last_depth,128,512,3,20,3.821781300008297,3.9307724311947823,repeat indices align samples but methods were timed sequentially; use independent-resample intervals
6,gaussian_process,0,bucketed,last_depth,128,512,3,21,3.9233001098036766,3.9523887783288956,repeat indices align samples but methods were timed sequentially; use independent-resample intervals
6,gaussian_process,0,bucketed,last_depth,128,512,3,22,4.175603345036507,4.098079152405262,repeat indices align samples but methods were timed sequentially; use independent-resample intervals
6,gaussian_process,0,bucketed,last_depth,128,512,3,23,4.1953466683626175,3.6900958865880966,repeat indices align samples but methods were timed sequentially; use independent-resample intervals
6,gaussian_process,0,bucketed,last_depth,128,512,3,24,4.70536695420742,3.934819996356964,repeat indices align samples but methods were timed sequentially; use independent-resample intervals
6,gaussian_process,0,bucketed,last_depth,128,512,3,25,4.402607776224613,3.9256811290979385,repeat indices align samples but methods were timed sequentially; use independent-resample intervals
6,gaussian_process,0,bucketed,last_depth,128,512,3,26,4.1693869307637215,3.948438249528408,repeat indices align samples but methods were timed sequentially; use independent-resample intervals
6,gaussian_process,0,bucketed,last_depth,128,512,3,27,4.156760707497597,3.7990537136793137,repeat indices align samples but methods were timed sequentially; use independent-resample intervals
6,gaussian_process,0,bucketed,last_depth,128,512,3,28,4.078564316034317,3.8709884732961655,repeat indices align samples but methods were timed sequentially; use independent-resample intervals
6,gaussian_process,0,bucketed,last_depth,128,512,3,29,4.078651286661625,3.812593623995781,repeat indices align samples but methods were timed sequentially; use independent-resample intervals
7,gaussian_process,1,monolithic,monolithic,0,512,3,0,4.788058079779148,4.788058079779148,repeat indices align samples but methods were timed sequentially; use independent-resample intervals
7,gaussian_process,1,monolithic,monolithic,0,512,3,1,6.245041079819202,6.245041079819202,repeat indices align samples but methods were timed sequentially; use independent-resample intervals
7,gaussian_process,1,monolithic,monolithic,0,512,3,2,4.147761918604374,4.147761918604374,repeat indices align samples but methods were timed sequentially; use independent-resample intervals
7,gaussian_process,1,monolithic,monolithic,0,512,3,3,4.019577458500862,4.019577458500862,repeat indices align samples but methods were timed sequentially; use independent-resample intervals
7,gaussian_process,1,monolithic,monolithic,0,512,3,4,3.918832667171955,3.918832667171955,repeat indices align samples but methods were timed sequentially; use independent-resample intervals
7,gaussian_process,1,monolithic,monolithic,0,512,3,5,4.051956847310066,4.051956847310066,repeat indices align samples but methods were timed sequentially; use independent-resample intervals
7,gaussian_process,1,monolithic,monolithic,0,512,3,6,3.8601605370640755,3.8601605370640755,repeat indices align samples but methods were timed sequentially; use independent-resample intervals
7,gaussian_process,1,monolithic,monolithic,0,512,3,7,3.9933362752199173,3.9933362752199173,repeat indices align samples but methods were timed sequentially; use independent-resample intervals
7,gaussian_process,1,monolithic,monolithic,0,512,3,8,4.009510427713394,4.009510427713394,repeat indices align samples but methods were timed sequentially; use independent-resample intervals
7,gaussian_process,1,monolithic,monolithic,0,512,3,9,4.096910201013088,4.096910201013088,repeat indices align samples but methods were timed sequentially; use independent-resample intervals
7,gaussian_process,1,monolithic,monolithic,0,512,3,10,4.046128109097481,4.046128109097481,repeat indices align samples but methods were timed sequentially; use independent-resample intervals
7,gaussian_process,1,monolithic,monolithic,0,512,3,11,3.894014023244381,3.894014023244381,repeat indices align samples but methods were timed sequentially; use independent-resample intervals
7,gaussian_process,1,monolithic,monolithic,0,512,3,12,3.8655921295285225,3.8655921295285225,repeat indices align samples but methods were timed sequentially; use independent-resample intervals
7,gaussian_process,1,monolithic,monolithic,0,512,3,13,3.8821964636445045,3.8821964636445045,repeat indices align samples but methods were timed sequentially; use independent-resample intervals
7,gaussian_process,1,monolithic,monolithic,0,512,3,14,3.8805768489837646,3.8805768489837646,repeat indices align samples but methods were timed sequentially; use independent-resample intervals
7,gaussian_process,1,monolithic,monolithic,0,512,3,15,3.8698610812425613,3.8698610812425613,repeat indices align samples but methods were timed sequentially; use independent-resample intervals
7,gaussian_process,1,monolithic,monolithic,0,512,3,16,3.932483844459057,3.932483844459057,repeat indices align samples but methods were timed sequentially; use independent-resample intervals
7,gaussian_process,1,monolithic,monolithic,0,512,3,17,3.7956419959664345,3.7956419959664345,repeat indices align samples but methods were timed sequentially; use independent-resample intervals
7,gaussian_process,1,monolithic,monolithic,0,512,3,18,3.9291551783680916,3.9291551783680916,repeat indices align samples but methods were timed sequentially; use independent-resample intervals
7,gaussian_process,1,monolithic,monolithic,0,512,3,19,3.9990444630384445,3.9990444630384445,repeat indices align samples but methods were timed sequentially; use independent-resample intervals
7,gaussian_process,1,monolithic,monolithic,0,512,3,20,3.952341377735138,3.952341377735138,repeat indices align samples but methods were timed sequentially; use independent-resample intervals
7,gaussian_process,1,monolithic,monolithic,0,512,3,21,4.005357399582863,4.005357399582863,repeat indices align samples but methods were timed sequentially; use independent-resample intervals
7,gaussian_process,1,monolithic,monolithic,0,512,3,22,4.123678952455521,4.123678952455521,repeat indices align samples but methods were timed sequentially; use independent-resample intervals
7,gaussian_process,1,monolithic,monolithic,0,512,3,23,3.9690429717302322,3.9690429717302322,repeat indices align samples but methods were timed sequentially; use independent-resample intervals
7,gaussian_process,1,monolithic,monolithic,0,512,3,24,3.9271606355905533,3.9271606355905533,repeat indices align samples but methods were timed sequentially; use independent-resample intervals
7,gaussian_process,1,monolithic,monolithic,0,512,3,25,3.772489845752716,3.772489845752716,repeat indices align samples but methods were timed sequentially; use independent-resample intervals
7,gaussian_process,1,monolithic,monolithic,0,512,3,26,3.8765658885240555,3.8765658885240555,repeat indices align samples but methods were timed sequentially; use independent-resample intervals
7,gaussian_process,1,monolithic,monolithic,0,512,3,27,3.999380797147751,3.999380797147751,repeat indices align samples but methods were timed sequentially; use independent-resample intervals
7,gaussian_process,1,monolithic,monolithic,0,512,3,28,3.92743406444788,3.92743406444788,repeat indices align samples but methods were timed sequentially; use independent-resample intervals
7,gaussian_process,1,monolithic,monolithic,0,512,3,29,4.510189943015575,4.510189943015575,repeat indices align samples but methods were timed sequentially; use independent-resample intervals
8,gaussian_process,1,bucketed,none,64,512,3,0,4.385772228240967,4.788058079779148,repeat indices align samples but methods were timed sequentially; use independent-resample intervals
8,gaussian_process,1,bucketed,none,64,512,3,1,4.351410008966923,6.245041079819202,repeat indices align samples but methods were timed sequentially; use independent-resample intervals
8,gaussian_process,1,bucketed,none,64,512,3,2,4.650565057992935,4.147761918604374,repeat indices align samples but methods were timed sequentially; use independent-resample intervals
8,gaussian_process,1,bucketed,none,64,512,3,3,4.733449719846249,4.019577458500862,repeat indices align samples but methods were timed sequentially; use independent-resample intervals
8,gaussian_process,1,bucketed,none,64,512,3,4,4.32449022680521,3.918832667171955,repeat indices align samples but methods were timed sequentially; use independent-resample intervals
8,gaussian_process,1,bucketed,none,64,512,3,5,5.087449744343758,4.051956847310066,repeat indices align samples but methods were timed sequentially; use independent-resample intervals
8,gaussian_process,1,bucketed,none,64,512,3,6,5.2764023169875145,3.8601605370640755,repeat indices align samples but methods were timed sequentially; use independent-resample intervals
8,gaussian_process,1,bucketed,none,64,512,3,7,4.939251020550728,3.9933362752199173,repeat indices align samples but methods were timed sequentially; use independent-resample intervals
8,gaussian_process,1,bucketed,none,64,512,3,8,5.599244214594364,4.009510427713394,repeat indices align samples but methods were timed sequentially; use independent-resample intervals
8,gaussian_process,1,bucketed,none,64,512,3,9,4.563085690140724,4.096910201013088,repeat indices align samples but methods were timed sequentially; use independent-resample intervals
8,gaussian_process,1,bucketed,none,64,512,3,10,3.673783078789711,4.046128109097481,repeat indices align samples but methods were timed sequentially; use independent-resample intervals
8,gaussian_process,1,bucketed,none,64,512,3,11,3.601128838956356,3.894014023244381,repeat indices align samples but methods were timed sequentially; use independent-resample intervals
8,gaussian_process,1,bucketed,none,64,512,3,12,3.9277277663350105,3.8655921295285225,repeat indices align samples but methods were timed sequentially; use independent-resample intervals
8,gaussian_process,1,bucketed,none,64,512,3,13,3.903542436659336,3.8821964636445045,repeat indices align samples but methods were timed sequentially; use independent-resample intervals
8,gaussian_process,1,bucketed,none,64,512,3,14,3.665217272937298,3.8805768489837646,repeat indices align samples but methods were timed sequentially; use independent-resample intervals
8,gaussian_process,1,bucketed,none,64,512,3,15,3.838289126753807,3.8698610812425613,repeat indices align samples but methods were timed sequentially; use independent-resample intervals
8,gaussian_process,1,bucketed,none,64,512,3,16,3.6539977192878723,3.932483844459057,repeat indices align samples but methods were timed sequentially; use independent-resample intervals
8,gaussian_process,1,bucketed,none,64,512,3,17,3.930323138833046,3.7956419959664345,repeat indices align samples but methods were timed sequentially; use independent-resample intervals
8,gaussian_process,1,bucketed,none,64,512,3,18,3.761730656027794,3.9291551783680916,repeat indices align samples but methods were timed sequentially; use independent-resample intervals
8,gaussian_process,1,bucketed,none,64,512,3,19,4.383041247725487,3.9990444630384445,repeat indices align samples but methods were timed sequentially; use independent-resample intervals
8,gaussian_process,1,bucketed,none,64,512,3,20,3.8970659598708153,3.952341377735138,repeat indices align samples but methods were timed sequentially; use independent-resample intervals
8,gaussian_process,1,bucketed,none,64,512,3,21,3.8539622128009796,4.005357399582863,repeat indices align samples but methods were timed sequentially; use independent-resample intervals
8,gaussian_process,1,bucketed,none,64,512,3,22,3.9519418329000473,4.123678952455521,repeat indices align samples but methods were timed sequentially; use independent-resample intervals
8,gaussian_process,1,bucketed,none,64,512,3,23,3.8311485573649406,3.9690429717302322,repeat indices align samples but methods were timed sequentially; use independent-resample intervals
8,gaussian_process,1,bucketed,none,64,512,3,24,3.779486306011677,3.9271606355905533,repeat indices align samples but methods were timed sequentially; use independent-resample intervals
8,gaussian_process,1,bucketed,none,64,512,3,25,3.62770114839077,3.772489845752716,repeat indices align samples but methods were timed sequentially; use independent-resample intervals
8,gaussian_process,1,bucketed,none,64,512,3,26,3.6589646860957146,3.8765658885240555,repeat indices align samples but methods were timed sequentially; use independent-resample intervals
8,gaussian_process,1,bucketed,none,64,512,3,27,3.695861838757992,3.999380797147751,repeat indices align samples but methods were timed sequentially; use independent-resample intervals
8,gaussian_process,1,bucketed,none,64,512,3,28,3.6200714260339737,3.92743406444788,repeat indices align samples but methods were timed sequentially; use independent-resample intervals
8,gaussian_process,1,bucketed,none,64,512,3,29,3.6226759180426598,4.510189943015575,repeat indices align samples but methods were timed sequentially; use independent-resample intervals
9,gaussian_process,1,bucketed,none,128,512,3,0,3.760984167456627,4.788058079779148,repeat indices align samples but methods were timed sequentially; use independent-resample intervals
9,gaussian_process,1,bucketed,none,128,512,3,1,3.6178383752703667,6.245041079819202,repeat indices align samples but methods were timed sequentially; use independent-resample intervals
9,gaussian_process,1,bucketed,none,128,512,3,2,3.6199914067983627,4.147761918604374,repeat indices align samples but methods were timed sequentially; use independent-resample intervals
9,gaussian_process,1,bucketed,none,128,512,3,3,3.5739362835884094,4.019577458500862,repeat indices align samples but methods were timed sequentially; use independent-resample intervals
9,gaussian_process,1,bucketed,none,128,512,3,4,4.128841161727905,3.918832667171955,repeat indices align samples but methods were timed sequentially; use independent-resample intervals
9,gaussian_process,1,bucketed,none,128,512,3,5,3.5039199590682983,4.051956847310066,repeat indices align samples but methods were timed sequentially; use independent-resample intervals
9,gaussian_process,1,bucketed,none,128,512,3,6,3.4558958560228348,3.8601605370640755,repeat indices align samples but methods were timed sequentially; use independent-resample intervals
9,gaussian_process,1,bucketed,none,128,512,3,7,3.540510579943657,3.9933362752199173,repeat indices align samples but methods were timed sequentially; use independent-resample intervals
9,gaussian_process,1,bucketed,none,128,512,3,8,3.477444648742676,4.009510427713394,repeat indices align samples but methods were timed sequentially; use independent-resample intervals
9,gaussian_process,1,bucketed,none,128,512,3,9,3.5614104866981506,4.096910201013088,repeat indices align samples but methods were timed sequentially; use independent-resample intervals
9,gaussian_process,1,bucketed,none,128,512,3,10,3.4858002439141273,4.046128109097481,repeat indices align samples but methods were timed sequentially; use independent-resample intervals
9,gaussian_process,1,bucketed,none,128,512,3,11,3.522695228457451,3.894014023244381,repeat indices align samples but methods were timed sequentially; use independent-resample intervals
9,gaussian_process,1,bucketed,none,128,512,3,12,3.49689818918705,3.8655921295285225,repeat indices align samples but methods were timed sequentially; use independent-resample intervals
9,gaussian_process,1,bucketed,none,128,512,3,13,3.7240963354706764,3.8821964636445045,repeat indices align samples but methods were timed sequentially; use independent-resample intervals
9,gaussian_process,1,bucketed,none,128,512,3,14,3.512107215821743,3.8805768489837646,repeat indices align samples but methods were timed sequentially; use independent-resample intervals
9,gaussian_process,1,bucketed,none,128,512,3,15,3.5658839270472527,3.8698610812425613,repeat indices align samples but methods were timed sequentially; use independent-resample intervals
9,gaussian_process,1,bucketed,none,128,512,3,16,3.4940801709890366,3.932483844459057,repeat indices align samples but methods were timed sequentially; use independent-resample intervals
9,gaussian_process,1,bucketed,none,128,512,3,17,3.534373052418232,3.7956419959664345,repeat indices align samples but methods were timed sequentially; use independent-resample intervals
9,gaussian_process,1,bucketed,none,128,512,3,18,3.527874141931534,3.9291551783680916,repeat indices align samples but methods were timed sequentially; use independent-resample intervals
9,gaussian_process,1,bucketed,none,128,512,3,19,3.4835472106933594,3.9990444630384445,repeat indices align samples but methods were timed sequentially; use independent-resample intervals
9,gaussian_process,1,bucketed,none,128,512,3,20,3.424575060606003,3.952341377735138,repeat indices align samples but methods were timed sequentially; use independent-resample intervals
9,gaussian_process,1,bucketed,none,128,512,3,21,3.7063278406858444,4.005357399582863,repeat indices align samples but methods were timed sequentially; use independent-resample intervals
9,gaussian_process,1,bucketed,none,128,512,3,22,3.447267398238182,4.123678952455521,repeat indices align samples but methods were timed sequentially; use independent-resample intervals
9,gaussian_process,1,bucketed,none,128,512,3,23,3.503984957933426,3.9690429717302322,repeat indices align samples but methods were timed sequentially; use independent-resample intervals
9,gaussian_process,1,bucketed,none,128,512,3,24,3.597431182861328,3.9271606355905533,repeat indices align samples but methods were timed sequentially; use independent-resample intervals
9,gaussian_process,1,bucketed,none,128,512,3,25,3.560613267123699,3.772489845752716,repeat indices align samples but methods were timed sequentially; use independent-resample intervals
9,gaussian_process,1,bucketed,none,128,512,3,26,3.930664673447609,3.8765658885240555,repeat indices align samples but methods were timed sequentially; use independent-resample intervals
9,gaussian_process,1,bucketed,none,128,512,3,27,3.990667760372162,3.999380797147751,repeat indices align samples but methods were timed sequentially; use independent-resample intervals
9,gaussian_process,1,bucketed,none,128,512,3,28,4.032663218677044,3.92743406444788,repeat indices align samples but methods were timed sequentially; use independent-resample intervals
9,gaussian_process,1,bucketed,none,128,512,3,29,4.0169273391366005,4.510189943015575,repeat indices align samples but methods were timed sequentially; use independent-resample intervals
10,gaussian_process,1,bucketed,history,64,512,3,0,4.047475539147854,4.788058079779148,repeat indices align samples but methods were timed sequentially; use independent-resample intervals
10,gaussian_process,1,bucketed,history,64,512,3,1,4.013320825994015,6.245041079819202,repeat indices align samples but methods were timed sequentially; use independent-resample intervals
10,gaussian_process,1,bucketed,history,64,512,3,2,3.9928160458803177,4.147761918604374,repeat indices align samples but methods were timed sequentially; use independent-resample intervals
10,gaussian_process,1,bucketed,history,64,512,3,3,4.023140832781792,4.019577458500862,repeat indices align samples but methods were timed sequentially; use independent-resample intervals
10,gaussian_process,1,bucketed,history,64,512,3,4,3.9369861111044884,3.918832667171955,repeat indices align samples but methods were timed sequentially; use independent-resample intervals
10,gaussian_process,1,bucketed,history,64,512,3,5,3.908852830529213,4.051956847310066,repeat indices align samples but methods were timed sequentially; use independent-resample intervals
10,gaussian_process,1,bucketed,history,64,512,3,6,4.186321511864662,3.8601605370640755,repeat indices align samples but methods were timed sequentially; use independent-resample intervals
10,gaussian_process,1,bucketed,history,64,512,3,7,3.9592677131295204,3.9933362752199173,repeat indices align samples but methods were timed sequentially; use independent-resample intervals
10,gaussian_process,1,bucketed,history,64,512,3,8,3.870193213224411,4.009510427713394,repeat indices align samples but methods were timed sequentially; use independent-resample intervals
10,gaussian_process,1,bucketed,history,64,512,3,9,3.913904555141926,4.096910201013088,repeat indices align samples but methods were timed sequentially; use independent-resample intervals
10,gaussian_process,1,bucketed,history,64,512,3,10,3.8907556906342506,4.046128109097481,repeat indices align samples but methods were timed sequentially; use independent-resample intervals
10,gaussian_process,1,bucketed,history,64,512,3,11,3.932675026357174,3.894014023244381,repeat indices align samples but methods were timed sequentially; use independent-resample intervals
10,gaussian_process,1,bucketed,history,64,512,3,12,3.9506233856081963,3.8655921295285225,repeat indices align samples but methods were timed sequentially; use independent-resample intervals
10,gaussian_process,1,bucketed,history,64,512,3,13,4.002220056951046,3.8821964636445045,repeat indices align samples but methods were timed sequentially; use independent-resample intervals
10,gaussian_process,1,bucketed,history,64,512,3,14,3.95823585242033,3.8805768489837646,repeat indices align samples but methods were timed sequentially; use independent-resample intervals
10,gaussian_process,1,bucketed,history,64,512,3,15,4.415438257157803,3.8698610812425613,repeat indices align samples but methods were timed sequentially; use independent-resample intervals
10,gaussian_process,1,bucketed,history,64,512,3,16,3.948690541088581,3.932483844459057,repeat indices align samples but methods were timed sequentially; use independent-resample intervals
10,gaussian_process,1,bucketed,history,64,512,3,17,3.8831794187426567,3.7956419959664345,repeat indices align samples but methods were timed sequentially; use independent-resample intervals
10,gaussian_process,1,bucketed,history,64,512,3,18,4.064365677535534,3.9291551783680916,repeat indices align samples but methods were timed sequentially; use independent-resample intervals
10,gaussian_process,1,bucketed,history,64,512,3,19,3.994717352092266,3.9990444630384445,repeat indices align samples but methods were timed sequentially; use independent-resample intervals
10,gaussian_process,1,bucketed,history,64,512,3,20,4.09635403752327,3.952341377735138,repeat indices align samples but methods were timed sequentially; use independent-resample intervals
10,gaussian_process,1,bucketed,history,64,512,3,21,4.524349324405193,4.005357399582863,repeat indices align samples but methods were timed sequentially; use independent-resample intervals
10,gaussian_process,1,bucketed,history,64,512,3,22,4.105561338365078,4.123678952455521,repeat indices align samples but methods were timed sequentially; use independent-resample intervals
10,gaussian_process,1,bucketed,history,64,512,3,23,3.9677262604236603,3.9690429717302322,repeat indices align samples but methods were timed sequentially; use independent-resample intervals
10,gaussian_process,1,bucketed,history,64,512,3,24,3.9681692123413086,3.9271606355905533,repeat indices align samples but methods were timed sequentially; use independent-resample intervals
10,gaussian_process,1,bucketed,history,64,512,3,25,4.188018284738064,3.772489845752716,repeat indices align samples but methods were timed sequentially; use independent-resample intervals
10,gaussian_process,1,bucketed,history,64,512,3,26,4.4272530525922775,3.8765658885240555,repeat indices align samples but methods were timed sequentially; use independent-resample intervals
10,gaussian_process,1,bucketed,history,64,512,3,27,4.564533807337284,3.999380797147751,repeat indices align samples but methods were timed sequentially; use independent-resample intervals
10,gaussian_process,1,bucketed,history,64,512,3,28,4.100512810051441,3.92743406444788,repeat indices align samples but methods were timed sequentially; use independent-resample intervals
10,gaussian_process,1,bucketed,history,64,512,3,29,3.8052162155508995,4.510189943015575,repeat indices align samples but methods were timed sequentially; use independent-resample intervals
11,gaussian_process,1,bucketed,history,128,512,3,0,6.630087099969387,4.788058079779148,repeat indices align samples but methods were timed sequentially; use independent-resample intervals
11,gaussian_process,1,bucketed,history,128,512,3,1,5.077110975980759,6.245041079819202,repeat indices align samples but methods were timed sequentially; use independent-resample intervals
11,gaussian_process,1,bucketed,history,128,512,3,2,3.746689833700657,4.147761918604374,repeat indices align samples but methods were timed sequentially; use independent-resample intervals
11,gaussian_process,1,bucketed,history,128,512,3,3,3.8490229472517967,4.019577458500862,repeat indices align samples but methods were timed sequentially; use independent-resample intervals
11,gaussian_process,1,bucketed,history,128,512,3,4,3.9000518023967743,3.918832667171955,repeat indices align samples but methods were timed sequentially; use independent-resample intervals
11,gaussian_process,1,bucketed,history,128,512,3,5,3.8893613815307617,4.051956847310066,repeat indices align samples but methods were timed sequentially; use independent-resample intervals
11,gaussian_process,1,bucketed,history,128,512,3,6,3.7820548191666603,3.8601605370640755,repeat indices align samples but methods were timed sequentially; use independent-resample intervals
11,gaussian_process,1,bucketed,history,128,512,3,7,3.796541288495064,3.9933362752199173,repeat indices align samples but methods were timed sequentially; use independent-resample intervals
11,gaussian_process,1,bucketed,history,128,512,3,8,3.7759324684739113,4.009510427713394,repeat indices align samples but methods were timed sequentially; use independent-resample intervals
11,gaussian_process,1,bucketed,history,128,512,3,9,3.7940861359238625,4.096910201013088,repeat indices align samples but methods were timed sequentially; use independent-resample intervals
11,gaussian_process,1,bucketed,history,128,512,3,10,3.687779888510704,4.046128109097481,repeat indices align samples but methods were timed sequentially; use independent-resample intervals
11,gaussian_process,1,bucketed,history,128,512,3,11,3.6630094423890114,3.894014023244381,repeat indices align samples but methods were timed sequentially; use independent-resample intervals
11,gaussian_process,1,bucketed,history,128,512,3,12,3.7305866181850433,3.8655921295285225,repeat indices align samples but methods were timed sequentially; use independent-resample intervals
11,gaussian_process,1,bucketed,history,128,512,3,13,3.674725756049156,3.8821964636445045,repeat indices align samples but methods were timed sequentially; use independent-resample intervals
11,gaussian_process,1,bucketed,history,128,512,3,14,3.644887864589691,3.8805768489837646,repeat indices align samples but methods were timed sequentially; use independent-resample intervals
11,gaussian_process,1,bucketed,history,128,512,3,15,3.6458582505583763,3.8698610812425613,repeat indices align samples but methods were timed sequentially; use independent-resample intervals
11,gaussian_process,1,bucketed,history,128,512,3,16,3.7563219740986824,3.932483844459057,repeat indices align samples but methods were timed sequentially; use independent-resample intervals
11,gaussian_process,1,bucketed,history,128,512,3,17,3.6261829882860184,3.7956419959664345,repeat indices align samples but methods were timed sequentially; use independent-resample intervals
11,gaussian_process,1,bucketed,history,128,512,3,18,3.7716824263334274,3.9291551783680916,repeat indices align samples but methods were timed sequentially; use independent-resample intervals
11,gaussian_process,1,bucketed,history,128,512,3,19,4.298755943775177,3.9990444630384445,repeat indices align samples but methods were timed sequentially; use independent-resample intervals
11,gaussian_process,1,bucketed,history,128,512,3,20,3.8337085768580437,3.952341377735138,repeat indices align samples but methods were timed sequentially; use independent-resample intervals
11,gaussian_process,1,bucketed,history,128,512,3,21,3.76794795691967,4.005357399582863,repeat indices align samples but methods were timed sequentially; use independent-resample intervals
11,gaussian_process,1,bucketed,history,128,512,3,22,3.8256445601582527,4.123678952455521,repeat indices align samples but methods were timed sequentially; use independent-resample intervals
11,gaussian_process,1,bucketed,history,128,512,3,23,3.7170634493231773,3.9690429717302322,repeat indices align samples but methods were timed sequentially; use independent-resample intervals
11,gaussian_process,1,bucketed,history,128,512,3,24,3.6279499605298042,3.9271606355905533,repeat indices align samples but methods were timed sequentially; use independent-resample intervals
11,gaussian_process,1,bucketed,history,128,512,3,25,3.475538581609726,3.772489845752716,repeat indices align samples but methods were timed sequentially; use independent-resample intervals
11,gaussian_process,1,bucketed,history,128,512,3,26,3.500081241130829,3.8765658885240555,repeat indices align samples but methods were timed sequentially; use independent-resample intervals
11,gaussian_process,1,bucketed,history,128,512,3,27,3.3684413582086563,3.999380797147751,repeat indices align samples but methods were timed sequentially; use independent-resample intervals
11,gaussian_process,1,bucketed,history,128,512,3,28,3.337230011820793,3.92743406444788,repeat indices align samples but methods were timed sequentially; use independent-resample intervals
11,gaussian_process,1,bucketed,history,128,512,3,29,3.342322587966919,4.510189943015575,repeat indices align samples but methods were timed sequentially; use independent-resample intervals
12,gaussian_process,1,bucketed,last_depth,64,512,3,0,3.4620640501379967,4.788058079779148,repeat indices align samples but methods were timed sequentially; use independent-resample intervals
12,gaussian_process,1,bucketed,last_depth,64,512,3,1,3.4739572033286095,6.245041079819202,repeat indices align samples but methods were timed sequentially; use independent-resample intervals
12,gaussian_process,1,bucketed,last_depth,64,512,3,2,3.4555965811014175,4.147761918604374,repeat indices align samples but methods were timed sequentially; use independent-resample intervals
12,gaussian_process,1,bucketed,last_depth,64,512,3,3,3.4670992121100426,4.019577458500862,repeat indices align samples but methods were timed sequentially; use independent-resample intervals
12,gaussian_process,1,bucketed,last_depth,64,512,3,4,3.568012058734894,3.918832667171955,repeat indices align samples but methods were timed sequentially; use independent-resample intervals
12,gaussian_process,1,bucketed,last_depth,64,512,3,5,3.7010448947548866,4.051956847310066,repeat indices align samples but methods were timed sequentially; use independent-resample intervals
12,gaussian_process,1,bucketed,last_depth,64,512,3,6,3.3994897231459618,3.8601605370640755,repeat indices align samples but methods were timed sequentially; use independent-resample intervals
12,gaussian_process,1,bucketed,last_depth,64,512,3,7,3.4291591495275497,3.9933362752199173,repeat indices align samples but methods were timed sequentially; use independent-resample intervals
12,gaussian_process,1,bucketed,last_depth,64,512,3,8,4.222840912640095,4.009510427713394,repeat indices align samples but methods were timed sequentially; use independent-resample intervals
12,gaussian_process,1,bucketed,last_depth,64,512,3,9,4.144648157060146,4.096910201013088,repeat indices align samples but methods were timed sequentially; use independent-resample intervals
12,gaussian_process,1,bucketed,last_depth,64,512,3,10,4.274624288082123,4.046128109097481,repeat indices align samples but methods were timed sequentially; use independent-resample intervals
12,gaussian_process,1,bucketed,last_depth,64,512,3,11,4.410864375531673,3.894014023244381,repeat indices align samples but methods were timed sequentially; use independent-resample intervals
12,gaussian_process,1,bucketed,last_depth,64,512,3,12,4.210853956639767,3.8655921295285225,repeat indices align samples but methods were timed sequentially; use independent-resample intervals
12,gaussian_process,1,bucketed,last_depth,64,512,3,13,4.159346967935562,3.8821964636445045,repeat indices align samples but methods were timed sequentially; use independent-resample intervals
12,gaussian_process,1,bucketed,last_depth,64,512,3,14,4.38189885020256,3.8805768489837646,repeat indices align samples but methods were timed sequentially; use independent-resample intervals
12,gaussian_process,1,bucketed,last_depth,64,512,3,15,4.132667489349842,3.8698610812425613,repeat indices align samples but methods were timed sequentially; use independent-resample intervals
12,gaussian_process,1,bucketed,last_depth,64,512,3,16,4.033271633088589,3.932483844459057,repeat indices align samples but methods were timed sequentially; use independent-resample intervals
12,gaussian_process,1,bucketed,last_depth,64,512,3,17,4.318239979445934,3.7956419959664345,repeat indices align samples but methods were timed sequentially; use independent-resample intervals
12,gaussian_process,1,bucketed,last_depth,64,512,3,18,4.243022613227367,3.9291551783680916,repeat indices align samples but methods were timed sequentially; use independent-resample intervals
12,gaussian_process,1,bucketed,last_depth,64,512,3,19,4.286580741405487,3.9990444630384445,repeat indices align samples but methods were timed sequentially; use independent-resample intervals
12,gaussian_process,1,bucketed,last_depth,64,512,3,20,4.193205244839191,3.952341377735138,repeat indices align samples but methods were timed sequentially; use independent-resample intervals
12,gaussian_process,1,bucketed,last_depth,64,512,3,21,4.0774553790688515,4.005357399582863,repeat indices align samples but methods were timed sequentially; use independent-resample intervals
12,gaussian_process,1,bucketed,last_depth,64,512,3,22,4.042412042617798,4.123678952455521,repeat indices align samples but methods were timed sequentially; use independent-resample intervals
12,gaussian_process,1,bucketed,last_depth,64,512,3,23,3.8974548503756523,3.9690429717302322,repeat indices align samples but methods were timed sequentially; use independent-resample intervals
12,gaussian_process,1,bucketed,last_depth,64,512,3,24,4.108919493854046,3.9271606355905533,repeat indices align samples but methods were timed sequentially; use independent-resample intervals
12,gaussian_process,1,bucketed,last_depth,64,512,3,25,4.2830216735601425,3.772489845752716,repeat indices align samples but methods were timed sequentially; use independent-resample intervals
12,gaussian_process,1,bucketed,last_depth,64,512,3,26,4.3650272116065025,3.8765658885240555,repeat indices align samples but methods were timed sequentially; use independent-resample intervals
12,gaussian_process,1,bucketed,last_depth,64,512,3,27,4.348975740373135,3.999380797147751,repeat indices align samples but methods were timed sequentially; use independent-resample intervals
12,gaussian_process,1,bucketed,last_depth,64,512,3,28,4.007675394415855,3.92743406444788,repeat indices align samples but methods were timed sequentially; use independent-resample intervals
12,gaussian_process,1,bucketed,last_depth,64,512,3,29,4.058625787496567,4.510189943015575,repeat indices align samples but methods were timed sequentially; use independent-resample intervals
13,gaussian_process,1,bucketed,last_depth,128,512,3,0,4.562171280384064,4.788058079779148,repeat indices align samples but methods were timed sequentially; use independent-resample intervals
13,gaussian_process,1,bucketed,last_depth,128,512,3,1,4.075327523052692,6.245041079819202,repeat indices align samples but methods were timed sequentially; use independent-resample intervals
13,gaussian_process,1,bucketed,last_depth,128,512,3,2,3.8646814450621605,4.147761918604374,repeat indices align samples but methods were timed sequentially; use independent-resample intervals
13,gaussian_process,1,bucketed,last_depth,128,512,3,3,4.258423209190369,4.019577458500862,repeat indices align samples but methods were timed sequentially; use independent-resample intervals
13,gaussian_process,1,bucketed,last_depth,128,512,3,4,4.210285261273384,3.918832667171955,repeat indices align samples but methods were timed sequentially; use independent-resample intervals
13,gaussian_process,1,bucketed,last_depth,128,512,3,5,4.639038540422916,4.051956847310066,repeat indices align samples but methods were timed sequentially; use independent-resample intervals
13,gaussian_process,1,bucketed,last_depth,128,512,3,6,4.387638762593269,3.8601605370640755,repeat indices align samples but methods were timed sequentially; use independent-resample intervals
13,gaussian_process,1,bucketed,last_depth,128,512,3,7,4.549691878259182,3.9933362752199173,repeat indices align samples but methods were timed sequentially; use independent-resample intervals
13,gaussian_process,1,bucketed,last_depth,128,512,3,8,4.528165362775326,4.009510427713394,repeat indices align samples but methods were timed sequentially; use independent-resample intervals
13,gaussian_process,1,bucketed,last_depth,128,512,3,9,4.198609419167042,4.096910201013088,repeat indices align samples but methods were timed sequentially; use independent-resample intervals
13,gaussian_process,1,bucketed,last_depth,128,512,3,10,4.90908270329237,4.046128109097481,repeat indices align samples but methods were timed sequentially; use independent-resample intervals
13,gaussian_process,1,bucketed,last_depth,128,512,3,11,4.300266116857529,3.894014023244381,repeat indices align samples but methods were timed sequentially; use independent-resample intervals
13,gaussian_process,1,bucketed,last_depth,128,512,3,12,4.294335663318634,3.8655921295285225,repeat indices align samples but methods were timed sequentially; use independent-resample intervals
13,gaussian_process,1,bucketed,last_depth,128,512,3,13,3.9939322024583817,3.8821964636445045,repeat indices align samples but methods were timed sequentially; use independent-resample intervals
13,gaussian_process,1,bucketed,last_depth,128,512,3,14,3.6977671906352043,3.8805768489837646,repeat indices align samples but methods were timed sequentially; use independent-resample intervals
13,gaussian_process,1,bucketed,last_depth,128,512,3,15,3.8813213407993317,3.8698610812425613,repeat indices align samples but methods were timed sequentially; use independent-resample intervals
13,gaussian_process,1,bucketed,last_depth,128,512,3,16,4.106159210205078,3.932483844459057,repeat indices align samples but methods were timed sequentially; use independent-resample intervals
13,gaussian_process,1,bucketed,last_depth,128,512,3,17,4.352797068655491,3.7956419959664345,repeat indices align samples but methods were timed sequentially; use independent-resample intervals
13,gaussian_process,1,bucketed,last_depth,128,512,3,18,4.237674064934254,3.9291551783680916,repeat indices align samples but methods were timed sequentially; use independent-resample intervals
13,gaussian_process,1,bucketed,last_depth,128,512,3,19,4.669048689305782,3.9990444630384445,repeat indices align samples but methods were timed sequentially; use independent-resample intervals
13,gaussian_process,1,bucketed,last_depth,128,512,3,20,4.147700093686581,3.952341377735138,repeat indices align samples but methods were timed sequentially; use independent-resample intervals
13,gaussian_process,1,bucketed,last_depth,128,512,3,21,3.827300526201725,4.005357399582863,repeat indices align samples but methods were timed sequentially; use independent-resample intervals
13,gaussian_process,1,bucketed,last_depth,128,512,3,22,3.9127973169088364,4.123678952455521,repeat indices align samples but methods were timed sequentially; use independent-resample intervals
13,gaussian_process,1,bucketed,last_depth,128,512,3,23,4.090585447847843,3.9690429717302322,repeat indices align samples but methods were timed sequentially; use independent-resample intervals
13,gaussian_process,1,bucketed,last_depth,128,512,3,24,4.011087693274021,3.9271606355905533,repeat indices align samples but methods were timed sequentially; use independent-resample intervals
13,gaussian_process,1,bucketed,last_depth,128,512,3,25,4.071377202868462,3.772489845752716,repeat indices align samples but methods were timed sequentially; use independent-resample intervals
13,gaussian_process,1,bucketed,last_depth,128,512,3,26,4.0997384041547775,3.8765658885240555,repeat indices align samples but methods were timed sequentially; use independent-resample intervals
13,gaussian_process,1,bucketed,last_depth,128,512,3,27,4.055299147963524,3.999380797147751,repeat indices align samples but methods were timed sequentially; use independent-resample intervals
13,gaussian_process,1,bucketed,last_depth,128,512,3,28,3.8896701708436012,3.92743406444788,repeat indices align samples but methods were timed sequentially; use independent-resample intervals
13,gaussian_process,1,bucketed,last_depth,128,512,3,29,4.076550468802452,4.510189943015575,repeat indices align samples but methods were timed sequentially; use independent-resample intervals
14,gaussian_process,2,monolithic,monolithic,0,512,3,0,4.089132063090801,4.089132063090801,repeat indices align samples but methods were timed sequentially; use independent-resample intervals
14,gaussian_process,2,monolithic,monolithic,0,512,3,1,4.219856843352318,4.219856843352318,repeat indices align samples but methods were timed sequentially; use independent-resample intervals
14,gaussian_process,2,monolithic,monolithic,0,512,3,2,4.252296127378941,4.252296127378941,repeat indices align samples but methods were timed sequentially; use independent-resample intervals
14,gaussian_process,2,monolithic,monolithic,0,512,3,3,4.020838849246502,4.020838849246502,repeat indices align samples but methods were timed sequentially; use independent-resample intervals
14,gaussian_process,2,monolithic,monolithic,0,512,3,4,4.224024958908558,4.224024958908558,repeat indices align samples but methods were timed sequentially; use independent-resample intervals
14,gaussian_process,2,monolithic,monolithic,0,512,3,5,4.301006443798542,4.301006443798542,repeat indices align samples but methods were timed sequentially; use independent-resample intervals
14,gaussian_process,2,monolithic,monolithic,0,512,3,6,3.9922619685530663,3.9922619685530663,repeat indices align samples but methods were timed sequentially; use independent-resample intervals
14,gaussian_process,2,monolithic,monolithic,0,512,3,7,3.9739726409316063,3.9739726409316063,repeat indices align samples but methods were timed sequentially; use independent-resample intervals
14,gaussian_process,2,monolithic,monolithic,0,512,3,8,4.208763875067234,4.208763875067234,repeat indices align samples but methods were timed sequentially; use independent-resample intervals
14,gaussian_process,2,monolithic,monolithic,0,512,3,9,4.114106237888336,4.114106237888336,repeat indices align samples but methods were timed sequentially; use independent-resample intervals
14,gaussian_process,2,monolithic,monolithic,0,512,3,10,4.230308443307877,4.230308443307877,repeat indices align samples but methods were timed sequentially; use independent-resample intervals
14,gaussian_process,2,monolithic,monolithic,0,512,3,11,4.048479877412319,4.048479877412319,repeat indices align samples but methods were timed sequentially; use independent-resample intervals
14,gaussian_process,2,monolithic,monolithic,0,512,3,12,4.395673722028732,4.395673722028732,repeat indices align samples but methods were timed sequentially; use independent-resample intervals
14,gaussian_process,2,monolithic,monolithic,0,512,3,13,4.070706278085709,4.070706278085709,repeat indices align samples but methods were timed sequentially; use independent-resample intervals
14,gaussian_process,2,monolithic,monolithic,0,512,3,14,3.9676158875226974,3.9676158875226974,repeat indices align samples but methods were timed sequentially; use independent-resample intervals
14,gaussian_process,2,monolithic,monolithic,0,512,3,15,4.150468863546848,4.150468863546848,repeat indices align samples but methods were timed sequentially; use independent-resample intervals
14,gaussian_process,2,monolithic,monolithic,0,512,3,16,4.1425817757844925,4.1425817757844925,repeat indices align samples but methods were timed sequentially; use independent-resample intervals
14,gaussian_process,2,monolithic,monolithic,0,512,3,17,4.014612250030041,4.014612250030041,repeat indices align samples but methods were timed sequentially; use independent-resample intervals
14,gaussian_process,2,monolithic,monolithic,0,512,3,18,3.987056724727154,3.987056724727154,repeat indices align samples but methods were timed sequentially; use independent-resample intervals
14,gaussian_process,2,monolithic,monolithic,0,512,3,19,3.8607961758971214,3.8607961758971214,repeat indices align samples but methods were timed sequentially; use independent-resample intervals
14,gaussian_process,2,monolithic,monolithic,0,512,3,20,4.0531623139977455,4.0531623139977455,repeat indices align samples but methods were timed sequentially; use independent-resample intervals
14,gaussian_process,2,monolithic,monolithic,0,512,3,21,4.034538872539997,4.034538872539997,repeat indices align samples but methods were timed sequentially; use independent-resample intervals
14,gaussian_process,2,monolithic,monolithic,0,512,3,22,4.237509675323963,4.237509675323963,repeat indices align samples but methods were timed sequentially; use independent-resample intervals
14,gaussian_process,2,monolithic,monolithic,0,512,3,23,4.419654473662376,4.419654473662376,repeat indices align samples but methods were timed sequentially; use independent-resample intervals
14,gaussian_process,2,monolithic,monolithic,0,512,3,24,4.3737142607569695,4.3737142607569695,repeat indices align samples but methods were timed sequentially; use independent-resample intervals
14,gaussian_process,2,monolithic,monolithic,0,512,3,25,4.196482107043266,4.196482107043266,repeat indices align samples but methods were timed sequentially; use independent-resample intervals
14,gaussian_process,2,monolithic,monolithic,0,512,3,26,4.130146659910679,4.130146659910679,repeat indices align samples but methods were timed sequentially; use independent-resample intervals
14,gaussian_process,2,monolithic,monolithic,0,512,3,27,4.191307194530964,4.191307194530964,repeat indices align samples but methods were timed sequentially; use independent-resample intervals
14,gaussian_process,2,monolithic,monolithic,0,512,3,28,3.9344461858272552,3.9344461858272552,repeat indices align samples but methods were timed sequentially; use independent-resample intervals
14,gaussian_process,2,monolithic,monolithic,0,512,3,29,4.038838900625706,4.038838900625706,repeat indices align samples but methods were timed sequentially; use independent-resample intervals
15,gaussian_process,2,bucketed,none,64,512,3,0,4.143923290073872,4.089132063090801,repeat indices align samples but methods were timed sequentially; use independent-resample intervals
15,gaussian_process,2,bucketed,none,64,512,3,1,4.072090946137905,4.219856843352318,repeat indices align samples but methods were timed sequentially; use independent-resample intervals
15,gaussian_process,2,bucketed,none,64,512,3,2,4.060101509094238,4.252296127378941,repeat indices align samples but methods were timed sequentially; use independent-resample intervals
15,gaussian_process,2,bucketed,none,64,512,3,3,4.2909048572182655,4.020838849246502,repeat indices align samples but methods were timed sequentially; use independent-resample intervals
15,gaussian_process,2,bucketed,none,64,512,3,4,4.066216520965099,4.224024958908558,repeat indices align samples but methods were timed sequentially; use independent-resample intervals
15,gaussian_process,2,bucketed,none,64,512,3,5,4.036043018102646,4.301006443798542,repeat indices align samples but methods were timed sequentially; use independent-resample intervals
15,gaussian_process,2,bucketed,none,64,512,3,6,4.358208023011684,3.9922619685530663,repeat indices align samples but methods were timed sequentially; use independent-resample intervals
15,gaussian_process,2,bucketed,none,64,512,3,7,4.254726141691208,3.9739726409316063,repeat indices align samples but methods were timed sequentially; use independent-resample intervals
15,gaussian_process,2,bucketed,none,64,512,3,8,4.124742291867733,4.208763875067234,repeat indices align samples but methods were timed sequentially; use independent-resample intervals
15,gaussian_process,2,bucketed,none,64,512,3,9,4.240093603730202,4.114106237888336,repeat indices align samples but methods were timed sequentially; use independent-resample intervals
15,gaussian_process,2,bucketed,none,64,512,3,10,4.455572687089443,4.230308443307877,repeat indices align samples but methods were timed sequentially; use independent-resample intervals
15,gaussian_process,2,bucketed,none,64,512,3,11,4.355444066226482,4.048479877412319,repeat indices align samples but methods were timed sequentially; use independent-resample intervals
15,gaussian_process,2,bucketed,none,64,512,3,12,4.558271586894989,4.395673722028732,repeat indices align samples but methods were timed sequentially; use independent-resample intervals
15,gaussian_process,2,bucketed,none,64,512,3,13,4.775166980922222,4.070706278085709,repeat indices align samples but methods were timed sequentially; use independent-resample intervals
15,gaussian_process,2,bucketed,none,64,512,3,14,4.695213995873928,3.9676158875226974,repeat indices align samples but methods were timed sequentially; use independent-resample intervals
15,gaussian_process,2,bucketed,none,64,512,3,15,4.162216752767563,4.150468863546848,repeat indices align samples but methods were timed sequentially; use independent-resample intervals
15,gaussian_process,2,bucketed,none,64,512,3,16,3.884269140660763,4.1425817757844925,repeat indices align samples but methods were timed sequentially; use independent-resample intervals
15,gaussian_process,2,bucketed,none,64,512,3,17,4.0557578429579735,4.014612250030041,repeat indices align samples but methods were timed sequentially; use independent-resample intervals
15,gaussian_process,2,bucketed,none,64,512,3,18,3.991178371012211,3.987056724727154,repeat indices align samples but methods were timed sequentially; use independent-resample intervals
15,gaussian_process,2,bucketed,none,64,512,3,19,4.063107058405876,3.8607961758971214,repeat indices align samples but methods were timed sequentially; use independent-resample intervals
15,gaussian_process,2,bucketed,none,64,512,3,20,4.048222325742245,4.0531623139977455,repeat indices align samples but methods were timed sequentially; use independent-resample intervals
15,gaussian_process,2,bucketed,none,64,512,3,21,4.2424711510539055,4.034538872539997,repeat indices align samples but methods were timed sequentially; use independent-resample intervals
15,gaussian_process,2,bucketed,none,64,512,3,22,4.608823999762535,4.237509675323963,repeat indices align samples but methods were timed sequentially; use independent-resample intervals
15,gaussian_process,2,bucketed,none,64,512,3,23,3.9680578261613846,4.419654473662376,repeat indices align samples but methods were timed sequentially; use independent-resample intervals
15,gaussian_process,2,bucketed,none,64,512,3,24,4.466288313269615,4.3737142607569695,repeat indices align samples but methods were timed sequentially; use independent-resample intervals
15,gaussian_process,2,bucketed,none,64,512,3,25,4.790283888578415,4.196482107043266,repeat indices align samples but methods were timed sequentially; use independent-resample intervals
15,gaussian_process,2,bucketed,none,64,512,3,26,4.917609989643097,4.130146659910679,repeat indices align samples but methods were timed sequentially; use independent-resample intervals
15,gaussian_process,2,bucketed,none,64,512,3,27,5.6746897622942924,4.191307194530964,repeat indices align samples but methods were timed sequentially; use independent-resample intervals
15,gaussian_process,2,bucketed,none,64,512,3,28,4.577848955988884,3.9344461858272552,repeat indices align samples but methods were timed sequentially; use independent-resample intervals
15,gaussian_process,2,bucketed,none,64,512,3,29,3.7767905965447426,4.038838900625706,repeat indices align samples but methods were timed sequentially; use independent-resample intervals
16,gaussian_process,2,bucketed,none,128,512,3,0,4.03877467662096,4.089132063090801,repeat indices align samples but methods were timed sequentially; use independent-resample intervals
16,gaussian_process,2,bucketed,none,128,512,3,1,3.940293423831463,4.219856843352318,repeat indices align samples but methods were timed sequentially; use independent-resample intervals
16,gaussian_process,2,bucketed,none,128,512,3,2,4.149195045232773,4.252296127378941,repeat indices align samples but methods were timed sequentially; use independent-resample intervals
16,gaussian_process,2,bucketed,none,128,512,3,3,4.048071272671223,4.020838849246502,repeat indices align samples but methods were timed sequentially; use independent-resample intervals
16,gaussian_process,2,bucketed,none,128,512,3,4,3.927189916372299,4.224024958908558,repeat indices align samples but methods were timed sequentially; use independent-resample intervals
16,gaussian_process,2,bucketed,none,128,512,3,5,3.9453486651182175,4.301006443798542,repeat indices align samples but methods were timed sequentially; use independent-resample intervals
16,gaussian_process,2,bucketed,none,128,512,3,6,3.8942034170031548,3.9922619685530663,repeat indices align samples but methods were timed sequentially; use independent-resample intervals
16,gaussian_process,2,bucketed,none,128,512,3,7,4.124682240188122,3.9739726409316063,repeat indices align samples but methods were timed sequentially; use independent-resample intervals
16,gaussian_process,2,bucketed,none,128,512,3,8,4.019634000957012,4.208763875067234,repeat indices align samples but methods were timed sequentially; use independent-resample intervals
16,gaussian_process,2,bucketed,none,128,512,3,9,3.9367617070674896,4.114106237888336,repeat indices align samples but methods were timed sequentially; use independent-resample intervals
16,gaussian_process,2,bucketed,none,128,512,3,10,4.605052895843983,4.230308443307877,repeat indices align samples but methods were timed sequentially; use independent-resample intervals
16,gaussian_process,2,bucketed,none,128,512,3,11,4.191825784742832,4.048479877412319,repeat indices align samples but methods were timed sequentially; use independent-resample intervals
16,gaussian_process,2,bucketed,none,128,512,3,12,3.827871687710285,4.395673722028732,repeat indices align samples but methods were timed sequentially; use independent-resample intervals
16,gaussian_process,2,bucketed,none,128,512,3,13,3.8248491436243057,4.070706278085709,repeat indices align samples but methods were timed sequentially; use independent-resample intervals
16,gaussian_process,2,bucketed,none,128,512,3,14,3.6259434297680855,3.9676158875226974,repeat indices align samples but methods were timed sequentially; use independent-resample intervals
16,gaussian_process,2,bucketed,none,128,512,3,15,3.6773051097989082,4.150468863546848,repeat indices align samples but methods were timed sequentially; use independent-resample intervals
16,gaussian_process,2,bucketed,none,128,512,3,16,3.543386124074459,4.1425817757844925,repeat indices align samples but methods were timed sequentially; use independent-resample intervals
16,gaussian_process,2,bucketed,none,128,512,3,17,3.576251834630966,4.014612250030041,repeat indices align samples but methods were timed sequentially; use independent-resample intervals
16,gaussian_process,2,bucketed,none,128,512,3,18,3.575818069279194,3.987056724727154,repeat indices align samples but methods were timed sequentially; use independent-resample intervals
16,gaussian_process,2,bucketed,none,128,512,3,19,3.7531126961112022,3.8607961758971214,repeat indices align samples but methods were timed sequentially; use independent-resample intervals
16,gaussian_process,2,bucketed,none,128,512,3,20,4.494368843734264,4.0531623139977455,repeat indices align samples but methods were timed sequentially; use independent-resample intervals
16,gaussian_process,2,bucketed,none,128,512,3,21,4.26156260073185,4.034538872539997,repeat indices align samples but methods were timed sequentially; use independent-resample intervals
16,gaussian_process,2,bucketed,none,128,512,3,22,4.255325295031071,4.237509675323963,repeat indices align samples but methods were timed sequentially; use independent-resample intervals
16,gaussian_process,2,bucketed,none,128,512,3,23,4.243421606719494,4.419654473662376,repeat indices align samples but methods were timed sequentially; use independent-resample intervals
16,gaussian_process,2,bucketed,none,128,512,3,24,4.535759337246418,4.3737142607569695,repeat indices align samples but methods were timed sequentially; use independent-resample intervals
16,gaussian_process,2,bucketed,none,128,512,3,25,4.549782007932663,4.196482107043266,repeat indices align samples but methods were timed sequentially; use independent-resample intervals
16,gaussian_process,2,bucketed,none,128,512,3,26,4.352746106684208,4.130146659910679,repeat indices align samples but methods were timed sequentially; use independent-resample intervals
16,gaussian_process,2,bucketed,none,128,512,3,27,4.154911704361439,4.191307194530964,repeat indices align samples but methods were timed sequentially; use independent-resample intervals
16,gaussian_process,2,bucketed,none,128,512,3,28,4.058286726474762,3.9344461858272552,repeat indices align samples but methods were timed sequentially; use independent-resample intervals
16,gaussian_process,2,bucketed,none,128,512,3,29,4.252575978636742,4.038838900625706,repeat indices align samples but methods were timed sequentially; use independent-resample intervals
17,gaussian_process,2,bucketed,history,64,512,3,0,4.060228079557419,4.089132063090801,repeat indices align samples but methods were timed sequentially; use independent-resample intervals
17,gaussian_process,2,bucketed,history,64,512,3,1,3.907117873430252,4.219856843352318,repeat indices align samples but methods were timed sequentially; use independent-resample intervals
17,gaussian_process,2,bucketed,history,64,512,3,2,3.9384105280041695,4.252296127378941,repeat indices align samples but methods were timed sequentially; use independent-resample intervals
17,gaussian_process,2,bucketed,history,64,512,3,3,4.086365811526775,4.020838849246502,repeat indices align samples but methods were timed sequentially; use independent-resample intervals
17,gaussian_process,2,bucketed,history,64,512,3,4,3.949823834002018,4.224024958908558,repeat indices align samples but methods were timed sequentially; use independent-resample intervals
17,gaussian_process,2,bucketed,history,64,512,3,5,3.8445452749729156,4.301006443798542,repeat indices align samples but methods were timed sequentially; use independent-resample intervals
17,gaussian_process,2,bucketed,history,64,512,3,6,4.295131400227547,3.9922619685530663,repeat indices align samples but methods were timed sequentially; use independent-resample intervals
17,gaussian_process,2,bucketed,history,64,512,3,7,3.8657695055007935,3.9739726409316063,repeat indices align samples but methods were timed sequentially; use independent-resample intervals
17,gaussian_process,2,bucketed,history,64,512,3,8,4.078488878905773,4.208763875067234,repeat indices align samples but methods were timed sequentially; use independent-resample intervals
17,gaussian_process,2,bucketed,history,64,512,3,9,4.476105444133282,4.114106237888336,repeat indices align samples but methods were timed sequentially; use independent-resample intervals
17,gaussian_process,2,bucketed,history,64,512,3,10,4.364836640655994,4.230308443307877,repeat indices align samples but methods were timed sequentially; use independent-resample intervals
17,gaussian_process,2,bucketed,history,64,512,3,11,4.272223770618439,4.048479877412319,repeat indices align samples but methods were timed sequentially; use independent-resample intervals
17,gaussian_process,2,bucketed,history,64,512,3,12,4.193393096327782,4.395673722028732,repeat indices align samples but methods were timed sequentially; use independent-resample intervals
17,gaussian_process,2,bucketed,history,64,512,3,13,4.168546408414841,4.070706278085709,repeat indices align samples but methods were timed sequentially; use independent-resample intervals
17,gaussian_process,2,bucketed,history,64,512,3,14,4.325486309826374,3.9676158875226974,repeat indices align samples but methods were timed sequentially; use independent-resample intervals
17,gaussian_process,2,bucketed,history,64,512,3,15,4.2632175385952,4.150468863546848,repeat indices align samples but methods were timed sequentially; use independent-resample intervals
17,gaussian_process,2,bucketed,history,64,512,3,16,4.4654818922281265,4.1425817757844925,repeat indices align samples but methods were timed sequentially; use independent-resample intervals
17,gaussian_process,2,bucketed,history,64,512,3,17,4.269080065190792,4.014612250030041,repeat indices align samples but methods were timed sequentially; use independent-resample intervals
17,gaussian_process,2,bucketed,history,64,512,3,18,4.449291430413723,3.987056724727154,repeat indices align samples but methods were timed sequentially; use independent-resample intervals
17,gaussian_process,2,bucketed,history,64,512,3,19,4.296330630779266,3.8607961758971214,repeat indices align samples but methods were timed sequentially; use independent-resample intervals
17,gaussian_process,2,bucketed,history,64,512,3,20,4.284084238111973,4.0531623139977455,repeat indices align samples but methods were timed sequentially; use independent-resample intervals
17,gaussian_process,2,bucketed,history,64,512,3,21,4.457982383668423,4.034538872539997,repeat indices align samples but methods were timed sequentially; use independent-resample intervals
17,gaussian_process,2,bucketed,history,64,512,3,22,4.298241227865219,4.237509675323963,repeat indices align samples but methods were timed sequentially; use independent-resample intervals
17,gaussian_process,2,bucketed,history,64,512,3,23,4.46145561337471,4.419654473662376,repeat indices align samples but methods were timed sequentially; use independent-resample intervals
17,gaussian_process,2,bucketed,history,64,512,3,24,4.192876264452934,4.3737142607569695,repeat indices align samples but methods were timed sequentially; use independent-resample intervals
17,gaussian_process,2,bucketed,history,64,512,3,25,3.9382637068629265,4.196482107043266,repeat indices align samples but methods were timed sequentially; use independent-resample intervals
17,gaussian_process,2,bucketed,history,64,512,3,26,4.1104476898908615,4.130146659910679,repeat indices align samples but methods were timed sequentially; use independent-resample intervals
17,gaussian_process,2,bucketed,history,64,512,3,27,4.355967223644257,4.191307194530964,repeat indices align samples but methods were timed sequentially; use independent-resample intervals
17,gaussian_process,2,bucketed,history,64,512,3,28,4.396748766303062,3.9344461858272552,repeat indices align samples but methods were timed sequentially; use independent-resample intervals
17,gaussian_process,2,bucketed,history,64,512,3,29,4.417359404265881,4.038838900625706,repeat indices align samples but methods were timed sequentially; use independent-resample intervals
18,gaussian_process,2,bucketed,history,128,512,3,0,4.262099675834179,4.089132063090801,repeat indices align samples but methods were timed sequentially; use independent-resample intervals
18,gaussian_process,2,bucketed,history,128,512,3,1,4.445906959474087,4.219856843352318,repeat indices align samples but methods were timed sequentially; use independent-resample intervals
18,gaussian_process,2,bucketed,history,128,512,3,2,4.477691069245338,4.252296127378941,repeat indices align samples but methods were timed sequentially; use independent-resample intervals
18,gaussian_process,2,bucketed,history,128,512,3,3,3.8779423758387566,4.020838849246502,repeat indices align samples but methods were timed sequentially; use independent-resample intervals
18,gaussian_process,2,bucketed,history,128,512,3,4,3.9532331228256226,4.224024958908558,repeat indices align samples but methods were timed sequentially; use independent-resample intervals
18,gaussian_process,2,bucketed,history,128,512,3,5,3.799289718270302,4.301006443798542,repeat indices align samples but methods were timed sequentially; use independent-resample intervals
18,gaussian_process,2,bucketed,history,128,512,3,6,4.072314769029617,3.9922619685530663,repeat indices align samples but methods were timed sequentially; use independent-resample intervals
18,gaussian_process,2,bucketed,history,128,512,3,7,4.07307194173336,3.9739726409316063,repeat indices align samples but methods were timed sequentially; use independent-resample intervals
18,gaussian_process,2,bucketed,history,128,512,3,8,3.8796361088752747,4.208763875067234,repeat indices align samples but methods were timed sequentially; use independent-resample intervals
18,gaussian_process,2,bucketed,history,128,512,3,9,4.293554380536079,4.114106237888336,repeat indices align samples but methods were timed sequentially; use independent-resample intervals
18,gaussian_process,2,bucketed,history,128,512,3,10,3.992261163890362,4.230308443307877,repeat indices align samples but methods were timed sequentially; use independent-resample intervals
18,gaussian_process,2,bucketed,history,128,512,3,11,3.844512961804867,4.048479877412319,repeat indices align samples but methods were timed sequentially; use independent-resample intervals
18,gaussian_process,2,bucketed,history,128,512,3,12,4.054006278514862,4.395673722028732,repeat indices align samples but methods were timed sequentially; use independent-resample intervals
18,gaussian_process,2,bucketed,history,128,512,3,13,4.098565734922886,4.070706278085709,repeat indices align samples but methods were timed sequentially; use independent-resample intervals
18,gaussian_process,2,bucketed,history,128,512,3,14,4.105636537075043,3.9676158875226974,repeat indices align samples but methods were timed sequentially; use independent-resample intervals
18,gaussian_process,2,bucketed,history,128,512,3,15,4.184138931334019,4.150468863546848,repeat indices align samples but methods were timed sequentially; use independent-resample intervals
18,gaussian_process,2,bucketed,history,128,512,3,16,4.452012345194817,4.1425817757844925,repeat indices align samples but methods were timed sequentially; use independent-resample intervals
18,gaussian_process,2,bucketed,history,128,512,3,17,4.317318417131901,4.014612250030041,repeat indices align samples but methods were timed sequentially; use independent-resample intervals
18,gaussian_process,2,bucketed,history,128,512,3,18,3.8900587782263756,3.987056724727154,repeat indices align samples but methods were timed sequentially; use independent-resample intervals
18,gaussian_process,2,bucketed,history,128,512,3,19,3.9345641657710075,3.8607961758971214,repeat indices align samples but methods were timed sequentially; use independent-resample intervals
18,gaussian_process,2,bucketed,history,128,512,3,20,3.917208284139633,4.0531623139977455,repeat indices align samples but methods were timed sequentially; use independent-resample intervals
18,gaussian_process,2,bucketed,history,128,512,3,21,4.364277891814709,4.034538872539997,repeat indices align samples but methods were timed sequentially; use independent-resample intervals
18,gaussian_process,2,bucketed,history,128,512,3,22,3.955618493258953,4.237509675323963,repeat indices align samples but methods were timed sequentially; use independent-resample intervals
18,gaussian_process,2,bucketed,history,128,512,3,23,4.01720005273819,4.419654473662376,repeat indices align samples but methods were timed sequentially; use independent-resample intervals
18,gaussian_process,2,bucketed,history,128,512,3,24,3.878105454146862,4.3737142607569695,repeat indices align samples but methods were timed sequentially; use independent-resample intervals
18,gaussian_process,2,bucketed,history,128,512,3,25,4.540374673902988,4.196482107043266,repeat indices align samples but methods were timed sequentially; use independent-resample intervals
18,gaussian_process,2,bucketed,history,128,512,3,26,4.109091393649578,4.130146659910679,repeat indices align samples but methods were timed sequentially; use independent-resample intervals
18,gaussian_process,2,bucketed,history,128,512,3,27,4.148598343133926,4.191307194530964,repeat indices align samples but methods were timed sequentially; use independent-resample intervals
18,gaussian_process,2,bucketed,history,128,512,3,28,4.12776942551136,3.9344461858272552,repeat indices align samples but methods were timed sequentially; use independent-resample intervals
18,gaussian_process,2,bucketed,history,128,512,3,29,4.27687868475914,4.038838900625706,repeat indices align samples but methods were timed sequentially; use independent-resample intervals
19,gaussian_process,2,bucketed,last_depth,64,512,3,0,4.246652282774448,4.089132063090801,repeat indices align samples but methods were timed sequentially; use independent-resample intervals
19,gaussian_process,2,bucketed,last_depth,64,512,3,1,4.124921277165413,4.219856843352318,repeat indices align samples but methods were timed sequentially; use independent-resample intervals
19,gaussian_process,2,bucketed,last_depth,64,512,3,2,3.9230689331889153,4.252296127378941,repeat indices align samples but methods were timed sequentially; use independent-resample intervals
19,gaussian_process,2,bucketed,last_depth,64,512,3,3,4.072019100189209,4.020838849246502,repeat indices align samples but methods were timed sequentially; use independent-resample intervals
19,gaussian_process,2,bucketed,last_depth,64,512,3,4,4.269601888954639,4.224024958908558,repeat indices align samples but methods were timed sequentially; use independent-resample intervals
19,gaussian_process,2,bucketed,last_depth,64,512,3,5,3.9758071526885033,4.301006443798542,repeat indices align samples but methods were timed sequentially; use independent-resample intervals
19,gaussian_process,2,bucketed,last_depth,64,512,3,6,4.045258402824402,3.9922619685530663,repeat indices align samples but methods were timed sequentially; use independent-resample intervals
19,gaussian_process,2,bucketed,last_depth,64,512,3,7,4.002541154623032,3.9739726409316063,repeat indices align samples but methods were timed sequentially; use independent-resample intervals
19,gaussian_process,2,bucketed,last_depth,64,512,3,8,4.26940231770277,4.208763875067234,repeat indices align samples but methods were timed sequentially; use independent-resample intervals
19,gaussian_process,2,bucketed,last_depth,64,512,3,9,4.267484903335571,4.114106237888336,repeat indices align samples but methods were timed sequentially; use independent-resample intervals
19,gaussian_process,2,bucketed,last_depth,64,512,3,10,4.015058182179928,4.230308443307877,repeat indices align samples but methods were timed sequentially; use independent-resample intervals
19,gaussian_process,2,bucketed,last_depth,64,512,3,11,4.297747120261192,4.048479877412319,repeat indices align samples but methods were timed sequentially; use independent-resample intervals
19,gaussian_process,2,bucketed,last_depth,64,512,3,12,3.9020098373293877,4.395673722028732,repeat indices align samples but methods were timed sequentially; use independent-resample intervals
19,gaussian_process,2,bucketed,last_depth,64,512,3,13,4.071636043488979,4.070706278085709,repeat indices align samples but methods were timed sequentially; use independent-resample intervals
19,gaussian_process,2,bucketed,last_depth,64,512,3,14,4.0054870173335075,3.9676158875226974,repeat indices align samples but methods were timed sequentially; use independent-resample intervals
19,gaussian_process,2,bucketed,last_depth,64,512,3,15,3.848141185939312,4.150468863546848,repeat indices align samples but methods were timed sequentially; use independent-resample intervals
19,gaussian_process,2,bucketed,last_depth,64,512,3,16,3.8568794801831245,4.1425817757844925,repeat indices align samples but methods were timed sequentially; use independent-resample intervals
19,gaussian_process,2,bucketed,last_depth,64,512,3,17,3.887497343122959,4.014612250030041,repeat indices align samples but methods were timed sequentially; use independent-resample intervals
19,gaussian_process,2,bucketed,last_depth,64,512,3,18,4.077601298689842,3.987056724727154,repeat indices align samples but methods were timed sequentially; use independent-resample intervals
19,gaussian_process,2,bucketed,last_depth,64,512,3,19,4.372093625366688,3.8607961758971214,repeat indices align samples but methods were timed sequentially; use independent-resample intervals
19,gaussian_process,2,bucketed,last_depth,64,512,3,20,4.255567222833633,4.0531623139977455,repeat indices align samples but methods were timed sequentially; use independent-resample intervals
19,gaussian_process,2,bucketed,last_depth,64,512,3,21,4.183052957057953,4.034538872539997,repeat indices align samples but methods were timed sequentially; use independent-resample intervals
19,gaussian_process,2,bucketed,last_depth,64,512,3,22,4.19960230588913,4.237509675323963,repeat indices align samples but methods were timed sequentially; use independent-resample intervals
19,gaussian_process,2,bucketed,last_depth,64,512,3,23,4.096583031117916,4.419654473662376,repeat indices align samples but methods were timed sequentially; use independent-resample intervals
19,gaussian_process,2,bucketed,last_depth,64,512,3,24,3.9890979900956154,4.3737142607569695,repeat indices align samples but methods were timed sequentially; use independent-resample intervals
19,gaussian_process,2,bucketed,last_depth,64,512,3,25,4.036589190363884,4.196482107043266,repeat indices align samples but methods were timed sequentially; use independent-resample intervals
19,gaussian_process,2,bucketed,last_depth,64,512,3,26,4.3473071455955505,4.130146659910679,repeat indices align samples but methods were timed sequentially; use independent-resample intervals
19,gaussian_process,2,bucketed,last_depth,64,512,3,27,4.0590473636984825,4.191307194530964,repeat indices align samples but methods were timed sequentially; use independent-resample intervals
19,gaussian_process,2,bucketed,last_depth,64,512,3,28,4.349483698606491,3.9344461858272552,repeat indices align samples but methods were timed sequentially; use independent-resample intervals
19,gaussian_process,2,bucketed,last_depth,64,512,3,29,4.570073559880257,4.038838900625706,repeat indices align samples but methods were timed sequentially; use independent-resample intervals
20,gaussian_process,2,bucketed,last_depth,128,512,3,0,4.397237956523895,4.089132063090801,repeat indices align samples but methods were timed sequentially; use independent-resample intervals
20,gaussian_process,2,bucketed,last_depth,128,512,3,1,4.423239015042782,4.219856843352318,repeat indices align samples but methods were timed sequentially; use independent-resample intervals
20,gaussian_process,2,bucketed,last_depth,128,512,3,2,4.734562449157238,4.252296127378941,repeat indices align samples but methods were timed sequentially; use independent-resample intervals
20,gaussian_process,2,bucketed,last_depth,128,512,3,3,4.067257069051266,4.020838849246502,repeat indices align samples but methods were timed sequentially; use independent-resample intervals
20,gaussian_process,2,bucketed,last_depth,128,512,3,4,4.171734891831875,4.224024958908558,repeat indices align samples but methods were timed sequentially; use independent-resample intervals
20,gaussian_process,2,bucketed,last_depth,128,512,3,5,4.413108490407467,4.301006443798542,repeat indices align samples but methods were timed sequentially; use independent-resample intervals
20,gaussian_process,2,bucketed,last_depth,128,512,3,6,4.1794033870100975,3.9922619685530663,repeat indices align samples but methods were timed sequentially; use independent-resample intervals
20,gaussian_process,2,bucketed,last_depth,128,512,3,7,4.446166396141052,3.9739726409316063,repeat indices align samples but methods were timed sequentially; use independent-resample intervals
20,gaussian_process,2,bucketed,last_depth,128,512,3,8,4.512545593082905,4.208763875067234,repeat indices align samples but methods were timed sequentially; use independent-resample intervals
20,gaussian_process,2,bucketed,last_depth,128,512,3,9,5.163158103823662,4.114106237888336,repeat indices align samples but methods were timed sequentially; use independent-resample intervals
20,gaussian_process,2,bucketed,last_depth,128,512,3,10,4.78118821233511,4.230308443307877,repeat indices align samples but methods were timed sequentially; use independent-resample intervals
20,gaussian_process,2,bucketed,last_depth,128,512,3,11,4.781483881175518,4.048479877412319,repeat indices align samples but methods were timed sequentially; use independent-resample intervals
20,gaussian_process,2,bucketed,last_depth,128,512,3,12,5.126138262450695,4.395673722028732,repeat indices align samples but methods were timed sequentially; use independent-resample intervals
20,gaussian_process,2,bucketed,last_depth,128,512,3,13,5.029384590685368,4.070706278085709,repeat indices align samples but methods were timed sequentially; use independent-resample intervals
20,gaussian_process,2,bucketed,last_depth,128,512,3,14,4.6215831115841866,3.9676158875226974,repeat indices align samples but methods were timed sequentially; use independent-resample intervals
20,gaussian_process,2,bucketed,last_depth,128,512,3,15,4.206545792520046,4.150468863546848,repeat indices align samples but methods were timed sequentially; use independent-resample intervals
20,gaussian_process,2,bucketed,last_depth,128,512,3,16,4.319890476763248,4.1425817757844925,repeat indices align samples but methods were timed sequentially; use independent-resample intervals
20,gaussian_process,2,bucketed,last_depth,128,512,3,17,3.8959791883826256,4.014612250030041,repeat indices align samples but methods were timed sequentially; use independent-resample intervals
20,gaussian_process,2,bucketed,last_depth,128,512,3,18,3.774992346763611,3.987056724727154,repeat indices align samples but methods were timed sequentially; use independent-resample intervals
20,gaussian_process,2,bucketed,last_depth,128,512,3,19,3.5748717561364174,3.8607961758971214,repeat indices align samples but methods were timed sequentially; use independent-resample intervals
20,gaussian_process,2,bucketed,last_depth,128,512,3,20,3.847929522395134,4.0531623139977455,repeat indices align samples but methods were timed sequentially; use independent-resample intervals
20,gaussian_process,2,bucketed,last_depth,128,512,3,21,3.964266963303089,4.034538872539997,repeat indices align samples but methods were timed sequentially; use independent-resample intervals
20,gaussian_process,2,bucketed,last_depth,128,512,3,22,4.043626554310322,4.237509675323963,repeat indices align samples but methods were timed sequentially; use independent-resample intervals
20,gaussian_process,2,bucketed,last_depth,128,512,3,23,3.9515639543533325,4.419654473662376,repeat indices align samples but methods were timed sequentially; use independent-resample intervals
20,gaussian_process,2,bucketed,last_depth,128,512,3,24,4.296174332499504,4.3737142607569695,repeat indices align samples but methods were timed sequentially; use independent-resample intervals
20,gaussian_process,2,bucketed,last_depth,128,512,3,25,3.5537841096520424,4.196482107043266,repeat indices align samples but methods were timed sequentially; use independent-resample intervals
20,gaussian_process,2,bucketed,last_depth,128,512,3,26,3.572264462709427,4.130146659910679,repeat indices align samples but methods were timed sequentially; use independent-resample intervals
20,gaussian_process,2,bucketed,last_depth,128,512,3,27,3.53734190762043,4.191307194530964,repeat indices align samples but methods were timed sequentially; use independent-resample intervals
20,gaussian_process,2,bucketed,last_depth,128,512,3,28,3.541567124426365,3.9344461858272552,repeat indices align samples but methods were timed sequentially; use independent-resample intervals
20,gaussian_process,2,bucketed,last_depth,128,512,3,29,3.527914486825466,4.038838900625706,repeat indices align samples but methods were timed sequentially; use independent-resample intervals
21,gaussian_process,3,monolithic,monolithic,0,512,3,0,4.079545110464096,4.079545110464096,repeat indices align samples but methods were timed sequentially; use independent-resample intervals
21,gaussian_process,3,monolithic,monolithic,0,512,3,1,3.7464529722929,3.7464529722929,repeat indices align samples but methods were timed sequentially; use independent-resample intervals
21,gaussian_process,3,monolithic,monolithic,0,512,3,2,4.014332361519337,4.014332361519337,repeat indices align samples but methods were timed sequentially; use independent-resample intervals
21,gaussian_process,3,monolithic,monolithic,0,512,3,3,3.8232840821146965,3.8232840821146965,repeat indices align samples but methods were timed sequentially; use independent-resample intervals
21,gaussian_process,3,monolithic,monolithic,0,512,3,4,3.7949520349502563,3.7949520349502563,repeat indices align samples but methods were timed sequentially; use independent-resample intervals
21,gaussian_process,3,monolithic,monolithic,0,512,3,5,3.609458290040493,3.609458290040493,repeat indices align samples but methods were timed sequentially; use independent-resample intervals
21,gaussian_process,3,monolithic,monolithic,0,512,3,6,3.676755055785179,3.676755055785179,repeat indices align samples but methods were timed sequentially; use independent-resample intervals
21,gaussian_process,3,monolithic,monolithic,0,512,3,7,3.607773818075657,3.607773818075657,repeat indices align samples but methods were timed sequentially; use independent-resample intervals
21,gaussian_process,3,monolithic,monolithic,0,512,3,8,3.89594616740942,3.89594616740942,repeat indices align samples but methods were timed sequentially; use independent-resample intervals
21,gaussian_process,3,monolithic,monolithic,0,512,3,9,4.675119630992413,4.675119630992413,repeat indices align samples but methods were timed sequentially; use independent-resample intervals
21,gaussian_process,3,monolithic,monolithic,0,512,3,10,4.152451694011688,4.152451694011688,repeat indices align samples but methods were timed sequentially; use independent-resample intervals
21,gaussian_process,3,monolithic,monolithic,0,512,3,11,4.067645758390427,4.067645758390427,repeat indices align samples but methods were timed sequentially; use independent-resample intervals
21,gaussian_process,3,monolithic,monolithic,0,512,3,12,4.0775368213653564,4.0775368213653564,repeat indices align samples but methods were timed sequentially; use independent-resample intervals
21,gaussian_process,3,monolithic,monolithic,0,512,3,13,3.911099560558796,3.911099560558796,repeat indices align samples but methods were timed sequentially; use independent-resample intervals
21,gaussian_process,3,monolithic,monolithic,0,512,3,14,4.017576612532139,4.017576612532139,repeat indices align samples but methods were timed sequentially; use independent-resample intervals
21,gaussian_process,3,monolithic,monolithic,0,512,3,15,3.9661545380949974,3.9661545380949974,repeat indices align samples but methods were timed sequentially; use independent-resample intervals
21,gaussian_process,3,monolithic,monolithic,0,512,3,16,4.060124285519123,4.060124285519123,repeat indices align samples but methods were timed sequentially; use independent-resample intervals
21,gaussian_process,3,monolithic,monolithic,0,512,3,17,4.206822909414768,4.206822909414768,repeat indices align samples but methods were timed sequentially; use independent-resample intervals
21,gaussian_process,3,monolithic,monolithic,0,512,3,18,3.913918614387512,3.913918614387512,repeat indices align samples but methods were timed sequentially; use independent-resample intervals
21,gaussian_process,3,monolithic,monolithic,0,512,3,19,3.719774015247822,3.719774015247822,repeat indices align samples but methods were timed sequentially; use independent-resample intervals
21,gaussian_process,3,monolithic,monolithic,0,512,3,20,3.8060475140810013,3.8060475140810013,repeat indices align samples but methods were timed sequentially; use independent-resample intervals
21,gaussian_process,3,monolithic,monolithic,0,512,3,21,3.6605547964572906,3.6605547964572906,repeat indices align samples but methods were timed sequentially; use independent-resample intervals
21,gaussian_process,3,monolithic,monolithic,0,512,3,22,3.7020295560359955,3.7020295560359955,repeat indices align samples but methods were timed sequentially; use independent-resample intervals
21,gaussian_process,3,monolithic,monolithic,0,512,3,23,4.096077583730221,4.096077583730221,repeat indices align samples but methods were timed sequentially; use independent-resample intervals
21,gaussian_process,3,monolithic,monolithic,0,512,3,24,4.091494433581829,4.091494433581829,repeat indices align samples but methods were timed sequentially; use independent-resample intervals
21,gaussian_process,3,monolithic,monolithic,0,512,3,25,4.19649800658226,4.19649800658226,repeat indices align samples but methods were timed sequentially; use independent-resample intervals
21,gaussian_process,3,monolithic,monolithic,0,512,3,26,4.09073469042778,4.09073469042778,repeat indices align samples but methods were timed sequentially; use independent-resample intervals
21,gaussian_process,3,monolithic,monolithic,0,512,3,27,4.139007106423378,4.139007106423378,repeat indices align samples but methods were timed sequentially; use independent-resample intervals
21,gaussian_process,3,monolithic,monolithic,0,512,3,28,6.02728034555912,6.02728034555912,repeat indices align samples but methods were timed sequentially; use independent-resample intervals
21,gaussian_process,3,monolithic,monolithic,0,512,3,29,4.535214431583881,4.535214431583881,repeat indices align samples but methods were timed sequentially; use independent-resample intervals
22,gaussian_process,3,bucketed,none,64,512,3,0,4.213047578930855,4.079545110464096,repeat indices align samples but methods were timed sequentially; use independent-resample intervals
22,gaussian_process,3,bucketed,none,64,512,3,1,3.9463539347052574,3.7464529722929,repeat indices align samples but methods were timed sequentially; use independent-resample intervals
22,gaussian_process,3,bucketed,none,64,512,3,2,3.9471152424812317,4.014332361519337,repeat indices align samples but methods were timed sequentially; use independent-resample intervals
22,gaussian_process,3,bucketed,none,64,512,3,3,4.007106959819794,3.8232840821146965,repeat indices align samples but methods were timed sequentially; use independent-resample intervals
22,gaussian_process,3,bucketed,none,64,512,3,4,4.050084926187992,3.7949520349502563,repeat indices align samples but methods were timed sequentially; use independent-resample intervals
22,gaussian_process,3,bucketed,none,64,512,3,5,4.040662445127964,3.609458290040493,repeat indices align samples but methods were timed sequentially; use independent-resample intervals
22,gaussian_process,3,bucketed,none,64,512,3,6,4.073891036212444,3.676755055785179,repeat indices align samples but methods were timed sequentially; use independent-resample intervals
22,gaussian_process,3,bucketed,none,64,512,3,7,4.167393326759338,3.607773818075657,repeat indices align samples but methods were timed sequentially; use independent-resample intervals
22,gaussian_process,3,bucketed,none,64,512,3,8,4.101383693516254,3.89594616740942,repeat indices align samples but methods were timed sequentially; use independent-resample intervals
22,gaussian_process,3,bucketed,none,64,512,3,9,4.235152654349804,4.675119630992413,repeat indices align samples but methods were timed sequentially; use independent-resample intervals
22,gaussian_process,3,bucketed,none,64,512,3,10,4.317267417907715,4.152451694011688,repeat indices align samples but methods were timed sequentially; use independent-resample intervals
22,gaussian_process,3,bucketed,none,64,512,3,11,4.1129046604037285,4.067645758390427,repeat indices align samples but methods were timed sequentially; use independent-resample intervals
22,gaussian_process,3,bucketed,none,64,512,3,12,4.241494484245777,4.0775368213653564,repeat indices align samples but methods were timed sequentially; use independent-resample intervals
22,gaussian_process,3,bucketed,none,64,512,3,13,4.844022132456303,3.911099560558796,repeat indices align samples but methods were timed sequentially; use independent-resample intervals
22,gaussian_process,3,bucketed,none,64,512,3,14,4.483497127890587,4.017576612532139,repeat indices align samples but methods were timed sequentially; use independent-resample intervals
22,gaussian_process,3,bucketed,none,64,512,3,15,3.6818939074873924,3.9661545380949974,repeat indices align samples but methods were timed sequentially; use independent-resample intervals
22,gaussian_process,3,bucketed,none,64,512,3,16,3.6484700739383698,4.060124285519123,repeat indices align samples but methods were timed sequentially; use independent-resample intervals
22,gaussian_process,3,bucketed,none,64,512,3,17,3.607223004102707,4.206822909414768,repeat indices align samples but methods were timed sequentially; use independent-resample intervals
22,gaussian_process,3,bucketed,none,64,512,3,18,3.5368367955088615,3.913918614387512,repeat indices align samples but methods were timed sequentially; use independent-resample intervals
22,gaussian_process,3,bucketed,none,64,512,3,19,3.5129814371466637,3.719774015247822,repeat indices align samples but methods were timed sequentially; use independent-resample intervals
22,gaussian_process,3,bucketed,none,64,512,3,20,3.5618986263871193,3.8060475140810013,repeat indices align samples but methods were timed sequentially; use independent-resample intervals
22,gaussian_process,3,bucketed,none,64,512,3,21,3.5193404108285904,3.6605547964572906,repeat indices align samples but methods were timed sequentially; use independent-resample intervals
22,gaussian_process,3,bucketed,none,64,512,3,22,3.4489213302731514,3.7020295560359955,repeat indices align samples but methods were timed sequentially; use independent-resample intervals
22,gaussian_process,3,bucketed,none,64,512,3,23,3.5787740275263786,4.096077583730221,repeat indices align samples but methods were timed sequentially; use independent-resample intervals
22,gaussian_process,3,bucketed,none,64,512,3,24,3.4258342012763023,4.091494433581829,repeat indices align samples but methods were timed sequentially; use independent-resample intervals
22,gaussian_process,3,bucketed,none,64,512,3,25,3.5287128761410713,4.19649800658226,repeat indices align samples but methods were timed sequentially; use independent-resample intervals
22,gaussian_process,3,bucketed,none,64,512,3,26,3.494854658842087,4.09073469042778,repeat indices align samples but methods were timed sequentially; use independent-resample intervals
22,gaussian_process,3,bucketed,none,64,512,3,27,3.4189665019512177,4.139007106423378,repeat indices align samples but methods were timed sequentially; use independent-resample intervals
22,gaussian_process,3,bucketed,none,64,512,3,28,3.92351420968771,6.02728034555912,repeat indices align samples but methods were timed sequentially; use independent-resample intervals
22,gaussian_process,3,bucketed,none,64,512,3,29,4.575530685484409,4.535214431583881,repeat indices align samples but methods were timed sequentially; use independent-resample intervals
23,gaussian_process,3,bucketed,none,128,512,3,0,3.5365895703434944,4.079545110464096,repeat indices align samples but methods were timed sequentially; use independent-resample intervals
23,gaussian_process,3,bucketed,none,128,512,3,1,3.599254719913006,3.7464529722929,repeat indices align samples but methods were timed sequentially; use independent-resample intervals
23,gaussian_process,3,bucketed,none,128,512,3,2,3.490279033780098,4.014332361519337,repeat indices align samples but methods were timed sequentially; use independent-resample intervals
23,gaussian_process,3,bucketed,none,128,512,3,3,3.4855315685272217,3.8232840821146965,repeat indices align samples but methods were timed sequentially; use independent-resample intervals
23,gaussian_process,3,bucketed,none,128,512,3,4,3.4724254086613655,3.7949520349502563,repeat indices align samples but methods were timed sequentially; use independent-resample intervals
23,gaussian_process,3,bucketed,none,128,512,3,5,3.467505268752575,3.609458290040493,repeat indices align samples but methods were timed sequentially; use independent-resample intervals
23,gaussian_process,3,bucketed,none,128,512,3,6,3.498436875641346,3.676755055785179,repeat indices align samples but methods were timed sequentially; use independent-resample intervals
23,gaussian_process,3,bucketed,none,128,512,3,7,4.015537321567535,3.607773818075657,repeat indices align samples but methods were timed sequentially; use independent-resample intervals
23,gaussian_process,3,bucketed,none,128,512,3,8,4.09448029845953,3.89594616740942,repeat indices align samples but methods were timed sequentially; use independent-resample intervals
23,gaussian_process,3,bucketed,none,128,512,3,9,3.966805748641491,4.675119630992413,repeat indices align samples but methods were timed sequentially; use independent-resample intervals
23,gaussian_process,3,bucketed,none,128,512,3,10,3.974675752222538,4.152451694011688,repeat indices align samples but methods were timed sequentially; use independent-resample intervals
23,gaussian_process,3,bucketed,none,128,512,3,11,4.066802076995373,4.067645758390427,repeat indices align samples but methods were timed sequentially; use independent-resample intervals
23,gaussian_process,3,bucketed,none,128,512,3,12,4.33040801435709,4.0775368213653564,repeat indices align samples but methods were timed sequentially; use independent-resample intervals
23,gaussian_process,3,bucketed,none,128,512,3,13,4.823966927826405,3.911099560558796,repeat indices align samples but methods were timed sequentially; use independent-resample intervals
23,gaussian_process,3,bucketed,none,128,512,3,14,4.6079505905508995,4.017576612532139,repeat indices align samples but methods were timed sequentially; use independent-resample intervals
23,gaussian_process,3,bucketed,none,128,512,3,15,4.190872430801392,3.9661545380949974,repeat indices align samples but methods were timed sequentially; use independent-resample intervals
23,gaussian_process,3,bucketed,none,128,512,3,16,4.219799570739269,4.060124285519123,repeat indices align samples but methods were timed sequentially; use independent-resample intervals
23,gaussian_process,3,bucketed,none,128,512,3,17,3.927212342619896,4.206822909414768,repeat indices align samples but methods were timed sequentially; use independent-resample intervals
23,gaussian_process,3,bucketed,none,128,512,3,18,3.9159030690789223,3.913918614387512,repeat indices align samples but methods were timed sequentially; use independent-resample intervals
23,gaussian_process,3,bucketed,none,128,512,3,19,3.8696197122335434,3.719774015247822,repeat indices align samples but methods were timed sequentially; use independent-resample intervals
23,gaussian_process,3,bucketed,none,128,512,3,20,3.9122999384999275,3.8060475140810013,repeat indices align samples but methods were timed sequentially; use independent-resample intervals
23,gaussian_process,3,bucketed,none,128,512,3,21,4.043488040566444,3.6605547964572906,repeat indices align samples but methods were timed sequentially; use independent-resample intervals
23,gaussian_process,3,bucketed,none,128,512,3,22,3.9037732928991318,3.7020295560359955,repeat indices align samples but methods were timed sequentially; use independent-resample intervals
23,gaussian_process,3,bucketed,none,128,512,3,23,3.872230663895607,4.096077583730221,repeat indices align samples but methods were timed sequentially; use independent-resample intervals
23,gaussian_process,3,bucketed,none,128,512,3,24,3.841980591416359,4.091494433581829,repeat indices align samples but methods were timed sequentially; use independent-resample intervals
23,gaussian_process,3,bucketed,none,128,512,3,25,3.911961354315281,4.19649800658226,repeat indices align samples but methods were timed sequentially; use independent-resample intervals
23,gaussian_process,3,bucketed,none,128,512,3,26,3.862291045486927,4.09073469042778,repeat indices align samples but methods were timed sequentially; use independent-resample intervals
23,gaussian_process,3,bucketed,none,128,512,3,27,3.943104051053524,4.139007106423378,repeat indices align samples but methods were timed sequentially; use independent-resample intervals
23,gaussian_process,3,bucketed,none,128,512,3,28,3.977178730070591,6.02728034555912,repeat indices align samples but methods were timed sequentially; use independent-resample intervals
23,gaussian_process,3,bucketed,none,128,512,3,29,4.284804120659828,4.535214431583881,repeat indices align samples but methods were timed sequentially; use independent-resample intervals
24,gaussian_process,3,bucketed,history,64,512,3,0,3.7706452310085297,4.079545110464096,repeat indices align samples but methods were timed sequentially; use independent-resample intervals
24,gaussian_process,3,bucketed,history,64,512,3,1,3.767355516552925,3.7464529722929,repeat indices align samples but methods were timed sequentially; use independent-resample intervals
24,gaussian_process,3,bucketed,history,64,512,3,2,3.8587647452950478,4.014332361519337,repeat indices align samples but methods were timed sequentially; use independent-resample intervals
24,gaussian_process,3,bucketed,history,64,512,3,3,3.799777701497078,3.8232840821146965,repeat indices align samples but methods were timed sequentially; use independent-resample intervals
24,gaussian_process,3,bucketed,history,64,512,3,4,3.925001099705696,3.7949520349502563,repeat indices align samples but methods were timed sequentially; use independent-resample intervals
24,gaussian_process,3,bucketed,history,64,512,3,5,3.8077933117747307,3.609458290040493,repeat indices align samples but methods were timed sequentially; use independent-resample intervals
24,gaussian_process,3,bucketed,history,64,512,3,6,3.9426940605044365,3.676755055785179,repeat indices align samples but methods were timed sequentially; use independent-resample intervals
24,gaussian_process,3,bucketed,history,64,512,3,7,3.767613984644413,3.607773818075657,repeat indices align samples but methods were timed sequentially; use independent-resample intervals
24,gaussian_process,3,bucketed,history,64,512,3,8,4.051392048597336,3.89594616740942,repeat indices align samples but methods were timed sequentially; use independent-resample intervals
24,gaussian_process,3,bucketed,history,64,512,3,9,3.8700418174266815,4.675119630992413,repeat indices align samples but methods were timed sequentially; use independent-resample intervals
24,gaussian_process,3,bucketed,history,64,512,3,10,3.8835368305444717,4.152451694011688,repeat indices align samples but methods were timed sequentially; use independent-resample intervals
24,gaussian_process,3,bucketed,history,64,512,3,11,3.822930172085762,4.067645758390427,repeat indices align samples but methods were timed sequentially; use independent-resample intervals
24,gaussian_process,3,bucketed,history,64,512,3,12,4.049307703971863,4.0775368213653564,repeat indices align samples but methods were timed sequentially; use independent-resample intervals
24,gaussian_process,3,bucketed,history,64,512,3,13,4.162574037909508,3.911099560558796,repeat indices align samples but methods were timed sequentially; use independent-resample intervals
24,gaussian_process,3,bucketed,history,64,512,3,14,4.2620348408818245,4.017576612532139,repeat indices align samples but methods were timed sequentially; use independent-resample intervals
24,gaussian_process,3,bucketed,history,64,512,3,15,4.134038656949997,3.9661545380949974,repeat indices align samples but methods were timed sequentially; use independent-resample intervals
24,gaussian_process,3,bucketed,history,64,512,3,16,3.8726512119174004,4.060124285519123,repeat indices align samples but methods were timed sequentially; use independent-resample intervals
24,gaussian_process,3,bucketed,history,64,512,3,17,3.8718182891607285,4.206822909414768,repeat indices align samples but methods were timed sequentially; use independent-resample intervals
24,gaussian_process,3,bucketed,history,64,512,3,18,3.778087593615055,3.913918614387512,repeat indices align samples but methods were timed sequentially; use independent-resample intervals
24,gaussian_process,3,bucketed,history,64,512,3,19,3.8004834800958633,3.719774015247822,repeat indices align samples but methods were timed sequentially; use independent-resample intervals
24,gaussian_process,3,bucketed,history,64,512,3,20,4.354422010481358,3.8060475140810013,repeat indices align samples but methods were timed sequentially; use independent-resample intervals
24,gaussian_process,3,bucketed,history,64,512,3,21,4.437128096818924,3.6605547964572906,repeat indices align samples but methods were timed sequentially; use independent-resample intervals
24,gaussian_process,3,bucketed,history,64,512,3,22,4.131523959338665,3.7020295560359955,repeat indices align samples but methods were timed sequentially; use independent-resample intervals
24,gaussian_process,3,bucketed,history,64,512,3,23,3.896510176360607,4.096077583730221,repeat indices align samples but methods were timed sequentially; use independent-resample intervals
24,gaussian_process,3,bucketed,history,64,512,3,24,3.776893511414528,4.091494433581829,repeat indices align samples but methods were timed sequentially; use independent-resample intervals
24,gaussian_process,3,bucketed,history,64,512,3,25,3.7270737811923027,4.19649800658226,repeat indices align samples but methods were timed sequentially; use independent-resample intervals
24,gaussian_process,3,bucketed,history,64,512,3,26,3.770583599805832,4.09073469042778,repeat indices align samples but methods were timed sequentially; use independent-resample intervals
24,gaussian_process,3,bucketed,history,64,512,3,27,3.7703619301319122,4.139007106423378,repeat indices align samples but methods were timed sequentially; use independent-resample intervals
24,gaussian_process,3,bucketed,history,64,512,3,28,4.219966009259224,6.02728034555912,repeat indices align samples but methods were timed sequentially; use independent-resample intervals
24,gaussian_process,3,bucketed,history,64,512,3,29,4.107424668967724,4.535214431583881,repeat indices align samples but methods were timed sequentially; use independent-resample intervals
25,gaussian_process,3,bucketed,history,128,512,3,0,3.6577497720718384,4.079545110464096,repeat indices align samples but methods were timed sequentially; use independent-resample intervals
25,gaussian_process,3,bucketed,history,128,512,3,1,3.7916867807507515,3.7464529722929,repeat indices align samples but methods were timed sequentially; use independent-resample intervals
25,gaussian_process,3,bucketed,history,128,512,3,2,3.860409624874592,4.014332361519337,repeat indices align samples but methods were timed sequentially; use independent-resample intervals
25,gaussian_process,3,bucketed,history,128,512,3,3,3.704206772148609,3.8232840821146965,repeat indices align samples but methods were timed sequentially; use independent-resample intervals
25,gaussian_process,3,bucketed,history,128,512,3,4,3.8066579550504684,3.7949520349502563,repeat indices align samples but methods were timed sequentially; use independent-resample intervals
25,gaussian_process,3,bucketed,history,128,512,3,5,3.389097072184086,3.609458290040493,repeat indices align samples but methods were timed sequentially; use independent-resample intervals
25,gaussian_process,3,bucketed,history,128,512,3,6,3.4607983008027077,3.676755055785179,repeat indices align samples but methods were timed sequentially; use independent-resample intervals
25,gaussian_process,3,bucketed,history,128,512,3,7,3.4198159128427505,3.607773818075657,repeat indices align samples but methods were timed sequentially; use independent-resample intervals
25,gaussian_process,3,bucketed,history,128,512,3,8,3.4336898177862167,3.89594616740942,repeat indices align samples but methods were timed sequentially; use independent-resample intervals
25,gaussian_process,3,bucketed,history,128,512,3,9,3.5518307983875275,4.675119630992413,repeat indices align samples but methods were timed sequentially; use independent-resample intervals
25,gaussian_process,3,bucketed,history,128,512,3,10,3.552603602409363,4.152451694011688,repeat indices align samples but methods were timed sequentially; use independent-resample intervals
25,gaussian_process,3,bucketed,history,128,512,3,11,3.418156825006008,4.067645758390427,repeat indices align samples but methods were timed sequentially; use independent-resample intervals
25,gaussian_process,3,bucketed,history,128,512,3,12,3.437075160443783,4.0775368213653564,repeat indices align samples but methods were timed sequentially; use independent-resample intervals
25,gaussian_process,3,bucketed,history,128,512,3,13,3.3784103989601135,3.911099560558796,repeat indices align samples but methods were timed sequentially; use independent-resample intervals
25,gaussian_process,3,bucketed,history,128,512,3,14,3.8003211468458176,4.017576612532139,repeat indices align samples but methods were timed sequentially; use independent-resample intervals
25,gaussian_process,3,bucketed,history,128,512,3,15,4.3249819949269295,3.9661545380949974,repeat indices align samples but methods were timed sequentially; use independent-resample intervals
25,gaussian_process,3,bucketed,history,128,512,3,16,3.976340167224407,4.060124285519123,repeat indices align samples but methods were timed sequentially; use independent-resample intervals
25,gaussian_process,3,bucketed,history,128,512,3,17,3.87328739464283,4.206822909414768,repeat indices align samples but methods were timed sequentially; use independent-resample intervals
25,gaussian_process,3,bucketed,history,128,512,3,18,3.8790646716952324,3.913918614387512,repeat indices align samples but methods were timed sequentially; use independent-resample intervals
25,gaussian_process,3,bucketed,history,128,512,3,19,3.741538017988205,3.719774015247822,repeat indices align samples but methods were timed sequentially; use independent-resample intervals
25,gaussian_process,3,bucketed,history,128,512,3,20,3.8258618637919426,3.8060475140810013,repeat indices align samples but methods were timed sequentially; use independent-resample intervals
25,gaussian_process,3,bucketed,history,128,512,3,21,3.7582946717739105,3.6605547964572906,repeat indices align samples but methods were timed sequentially; use independent-resample intervals
25,gaussian_process,3,bucketed,history,128,512,3,22,3.8214074596762657,3.7020295560359955,repeat indices align samples but methods were timed sequentially; use independent-resample intervals
25,gaussian_process,3,bucketed,history,128,512,3,23,3.8068856671452522,4.096077583730221,repeat indices align samples but methods were timed sequentially; use independent-resample intervals
25,gaussian_process,3,bucketed,history,128,512,3,24,3.7194801717996597,4.091494433581829,repeat indices align samples but methods were timed sequentially; use independent-resample intervals
25,gaussian_process,3,bucketed,history,128,512,3,25,3.887849874794483,4.19649800658226,repeat indices align samples but methods were timed sequentially; use independent-resample intervals
25,gaussian_process,3,bucketed,history,128,512,3,26,3.861862376332283,4.09073469042778,repeat indices align samples but methods were timed sequentially; use independent-resample intervals
25,gaussian_process,3,bucketed,history,128,512,3,27,3.9567315950989723,4.139007106423378,repeat indices align samples but methods were timed sequentially; use independent-resample intervals
25,gaussian_process,3,bucketed,history,128,512,3,28,4.085453346371651,6.02728034555912,repeat indices align samples but methods were timed sequentially; use independent-resample intervals
25,gaussian_process,3,bucketed,history,128,512,3,29,3.9619085043668747,4.535214431583881,repeat indices align samples but methods were timed sequentially; use independent-resample intervals
26,gaussian_process,3,bucketed,last_depth,64,512,3,0,3.934163458645344,4.079545110464096,repeat indices align samples but methods were timed sequentially; use independent-resample intervals
26,gaussian_process,3,bucketed,last_depth,64,512,3,1,3.999053679406643,3.7464529722929,repeat indices align samples but methods were timed sequentially; use independent-resample intervals
26,gaussian_process,3,bucketed,last_depth,64,512,3,2,3.8976881355047226,4.014332361519337,repeat indices align samples but methods were timed sequentially; use independent-resample intervals
26,gaussian_process,3,bucketed,last_depth,64,512,3,3,4.0814041793346405,3.8232840821146965,repeat indices align samples but methods were timed sequentially; use independent-resample intervals
26,gaussian_process,3,bucketed,last_depth,64,512,3,4,4.003876090049744,3.7949520349502563,repeat indices align samples but methods were timed sequentially; use independent-resample intervals
26,gaussian_process,3,bucketed,last_depth,64,512,3,5,3.7971899807453156,3.609458290040493,repeat indices align samples but methods were timed sequentially; use independent-resample intervals
26,gaussian_process,3,bucketed,last_depth,64,512,3,6,3.8576228320598602,3.676755055785179,repeat indices align samples but methods were timed sequentially; use independent-resample intervals
26,gaussian_process,3,bucketed,last_depth,64,512,3,7,3.8694827929139137,3.607773818075657,repeat indices align samples but methods were timed sequentially; use independent-resample intervals
26,gaussian_process,3,bucketed,last_depth,64,512,3,8,3.9985183849930763,3.89594616740942,repeat indices align samples but methods were timed sequentially; use independent-resample intervals
26,gaussian_process,3,bucketed,last_depth,64,512,3,9,4.102171361446381,4.675119630992413,repeat indices align samples but methods were timed sequentially; use independent-resample intervals
26,gaussian_process,3,bucketed,last_depth,64,512,3,10,4.132142290472984,4.152451694011688,repeat indices align samples but methods were timed sequentially; use independent-resample intervals
26,gaussian_process,3,bucketed,last_depth,64,512,3,11,3.9430611953139305,4.067645758390427,repeat indices align samples but methods were timed sequentially; use independent-resample intervals
26,gaussian_process,3,bucketed,last_depth,64,512,3,12,3.9296061992645264,4.0775368213653564,repeat indices align samples but methods were timed sequentially; use independent-resample intervals
26,gaussian_process,3,bucketed,last_depth,64,512,3,13,3.945650205016136,3.911099560558796,repeat indices align samples but methods were timed sequentially; use independent-resample intervals
26,gaussian_process,3,bucketed,last_depth,64,512,3,14,3.9488137662410736,4.017576612532139,repeat indices align samples but methods were timed sequentially; use independent-resample intervals
26,gaussian_process,3,bucketed,last_depth,64,512,3,15,3.980382740497589,3.9661545380949974,repeat indices align samples but methods were timed sequentially; use independent-resample intervals
26,gaussian_process,3,bucketed,last_depth,64,512,3,16,3.776869483292103,4.060124285519123,repeat indices align samples but methods were timed sequentially; use independent-resample intervals
26,gaussian_process,3,bucketed,last_depth,64,512,3,17,3.8823723793029785,4.206822909414768,repeat indices align samples but methods were timed sequentially; use independent-resample intervals
26,gaussian_process,3,bucketed,last_depth,64,512,3,18,3.965484507381916,3.913918614387512,repeat indices align samples but methods were timed sequentially; use independent-resample intervals
26,gaussian_process,3,bucketed,last_depth,64,512,3,19,3.845969893038273,3.719774015247822,repeat indices align samples but methods were timed sequentially; use independent-resample intervals
26,gaussian_process,3,bucketed,last_depth,64,512,3,20,4.113936267793179,3.8060475140810013,repeat indices align samples but methods were timed sequentially; use independent-resample intervals
26,gaussian_process,3,bucketed,last_depth,64,512,3,21,3.8299318477511406,3.6605547964572906,repeat indices align samples but methods were timed sequentially; use independent-resample intervals
26,gaussian_process,3,bucketed,last_depth,64,512,3,22,3.919209524989128,3.7020295560359955,repeat indices align samples but methods were timed sequentially; use independent-resample intervals
26,gaussian_process,3,bucketed,last_depth,64,512,3,23,3.895774357020855,4.096077583730221,repeat indices align samples but methods were timed sequentially; use independent-resample intervals
26,gaussian_process,3,bucketed,last_depth,64,512,3,24,3.752184823155403,4.091494433581829,repeat indices align samples but methods were timed sequentially; use independent-resample intervals
26,gaussian_process,3,bucketed,last_depth,64,512,3,25,3.8125065937638283,4.19649800658226,repeat indices align samples but methods were timed sequentially; use independent-resample intervals
26,gaussian_process,3,bucketed,last_depth,64,512,3,26,3.6142431870102882,4.09073469042778,repeat indices align samples but methods were timed sequentially; use independent-resample intervals
26,gaussian_process,3,bucketed,last_depth,64,512,3,27,3.754587337374687,4.139007106423378,repeat indices align samples but methods were timed sequentially; use independent-resample intervals
26,gaussian_process,3,bucketed,last_depth,64,512,3,28,3.875532627105713,6.02728034555912,repeat indices align samples but methods were timed sequentially; use independent-resample intervals
26,gaussian_process,3,bucketed,last_depth,64,512,3,29,3.866761691868305,4.535214431583881,repeat indices align samples but methods were timed sequentially; use independent-resample intervals
27,gaussian_process,3,bucketed,last_depth,128,512,3,0,3.8509928584098816,4.079545110464096,repeat indices align samples but methods were timed sequentially; use independent-resample intervals
27,gaussian_process,3,bucketed,last_depth,128,512,3,1,3.749487616121769,3.7464529722929,repeat indices align samples but methods were timed sequentially; use independent-resample intervals
27,gaussian_process,3,bucketed,last_depth,128,512,3,2,3.7688202261924744,4.014332361519337,repeat indices align samples but methods were timed sequentially; use independent-resample intervals
27,gaussian_process,3,bucketed,last_depth,128,512,3,3,3.8158224299550056,3.8232840821146965,repeat indices align samples but methods were timed sequentially; use independent-resample intervals
27,gaussian_process,3,bucketed,last_depth,128,512,3,4,3.743884712457657,3.7949520349502563,repeat indices align samples but methods were timed sequentially; use independent-resample intervals
27,gaussian_process,3,bucketed,last_depth,128,512,3,5,3.6780460476875305,3.609458290040493,repeat indices align samples but methods were timed sequentially; use independent-resample intervals
27,gaussian_process,3,bucketed,last_depth,128,512,3,6,3.6306347474455833,3.676755055785179,repeat indices align samples but methods were timed sequentially; use independent-resample intervals
27,gaussian_process,3,bucketed,last_depth,128,512,3,7,3.666937842965126,3.607773818075657,repeat indices align samples but methods were timed sequentially; use independent-resample intervals
27,gaussian_process,3,bucketed,last_depth,128,512,3,8,3.6406716108322144,3.89594616740942,repeat indices align samples but methods were timed sequentially; use independent-resample intervals
27,gaussian_process,3,bucketed,last_depth,128,512,3,9,3.971768967807293,4.675119630992413,repeat indices align samples but methods were timed sequentially; use independent-resample intervals
27,gaussian_process,3,bucketed,last_depth,128,512,3,10,3.902645044028759,4.152451694011688,repeat indices align samples but methods were timed sequentially; use independent-resample intervals
27,gaussian_process,3,bucketed,last_depth,128,512,3,11,3.6839310601353645,4.067645758390427,repeat indices align samples but methods were timed sequentially; use independent-resample intervals
27,gaussian_process,3,bucketed,last_depth,128,512,3,12,3.7131874412298203,4.0775368213653564,repeat indices align samples but methods were timed sequentially; use independent-resample intervals
27,gaussian_process,3,bucketed,last_depth,128,512,3,13,3.9595098942518234,3.911099560558796,repeat indices align samples but methods were timed sequentially; use independent-resample intervals
27,gaussian_process,3,bucketed,last_depth,128,512,3,14,4.054455183446407,4.017576612532139,repeat indices align samples but methods were timed sequentially; use independent-resample intervals
27,gaussian_process,3,bucketed,last_depth,128,512,3,15,4.052091099321842,3.9661545380949974,repeat indices align samples but methods were timed sequentially; use independent-resample intervals
27,gaussian_process,3,bucketed,last_depth,128,512,3,16,4.189948722720146,4.060124285519123,repeat indices align samples but methods were timed sequentially; use independent-resample intervals
27,gaussian_process,3,bucketed,last_depth,128,512,3,17,4.106444165110588,4.206822909414768,repeat indices align samples but methods were timed sequentially; use independent-resample intervals
27,gaussian_process,3,bucketed,last_depth,128,512,3,18,3.9942044019699097,3.913918614387512,repeat indices align samples but methods were timed sequentially; use independent-resample intervals
27,gaussian_process,3,bucketed,last_depth,128,512,3,19,4.118601247668266,3.719774015247822,repeat indices align samples but methods were timed sequentially; use independent-resample intervals
27,gaussian_process,3,bucketed,last_depth,128,512,3,20,4.0416290909051895,3.8060475140810013,repeat indices align samples but methods were timed sequentially; use independent-resample intervals
27,gaussian_process,3,bucketed,last_depth,128,512,3,21,3.824688382446766,3.6605547964572906,repeat indices align samples but methods were timed sequentially; use independent-resample intervals
27,gaussian_process,3,bucketed,last_depth,128,512,3,22,3.6466234773397446,3.7020295560359955,repeat indices align samples but methods were timed sequentially; use independent-resample intervals
27,gaussian_process,3,bucketed,last_depth,128,512,3,23,3.864907316863537,4.096077583730221,repeat indices align samples but methods were timed sequentially; use independent-resample intervals
27,gaussian_process,3,bucketed,last_depth,128,512,3,24,3.827889606356621,4.091494433581829,repeat indices align samples but methods were timed sequentially; use independent-resample intervals
27,gaussian_process,3,bucketed,last_depth,128,512,3,25,3.8809414207935333,4.19649800658226,repeat indices align samples but methods were timed sequentially; use independent-resample intervals
27,gaussian_process,3,bucketed,last_depth,128,512,3,26,3.8169150725007057,4.09073469042778,repeat indices align samples but methods were timed sequentially; use independent-resample intervals
27,gaussian_process,3,bucketed,last_depth,128,512,3,27,3.8936609625816345,4.139007106423378,repeat indices align samples but methods were timed sequentially; use independent-resample intervals
27,gaussian_process,3,bucketed,last_depth,128,512,3,28,3.9380269646644592,6.02728034555912,repeat indices align samples but methods were timed sequentially; use independent-resample intervals
27,gaussian_process,3,bucketed,last_depth,128,512,3,29,4.356382600963116,4.535214431583881,repeat indices align samples but methods were timed sequentially; use independent-resample intervals
28,gaussian_process,4,monolithic,monolithic,0,512,3,0,4.18631312251091,4.18631312251091,repeat indices align samples but methods were timed sequentially; use independent-resample intervals
28,gaussian_process,4,monolithic,monolithic,0,512,3,1,3.7854965031147003,3.7854965031147003,repeat indices align samples but methods were timed sequentially; use independent-resample intervals
28,gaussian_process,4,monolithic,monolithic,0,512,3,2,3.6871219128370285,3.6871219128370285,repeat indices align samples but methods were timed sequentially; use independent-resample intervals
28,gaussian_process,4,monolithic,monolithic,0,512,3,3,3.7002029716968536,3.7002029716968536,repeat indices align samples but methods were timed sequentially; use independent-resample intervals
28,gaussian_process,4,monolithic,monolithic,0,512,3,4,3.625570446252823,3.625570446252823,repeat indices align samples but methods were timed sequentially; use independent-resample intervals
28,gaussian_process,4,monolithic,monolithic,0,512,3,5,3.6783298775553703,3.6783298775553703,repeat indices align samples but methods were timed sequentially; use independent-resample intervals
28,gaussian_process,4,monolithic,monolithic,0,512,3,6,3.7460217028856277,3.7460217028856277,repeat indices align samples but methods were timed sequentially; use independent-resample intervals
28,gaussian_process,4,monolithic,monolithic,0,512,3,7,3.771009311079979,3.771009311079979,repeat indices align samples but methods were timed sequentially; use independent-resample intervals
28,gaussian_process,4,monolithic,monolithic,0,512,3,8,3.8023367449641228,3.8023367449641228,repeat indices align samples but methods were timed sequentially; use independent-resample intervals
28,gaussian_process,4,monolithic,monolithic,0,512,3,9,3.8803279027342796,3.8803279027342796,repeat indices align samples but methods were timed sequentially; use independent-resample intervals
28,gaussian_process,4,monolithic,monolithic,0,512,3,10,3.8132555335760117,3.8132555335760117,repeat indices align samples but methods were timed sequentially; use independent-resample intervals
28,gaussian_process,4,monolithic,monolithic,0,512,3,11,3.659642733633518,3.659642733633518,repeat indices align samples but methods were timed sequentially; use independent-resample intervals
28,gaussian_process,4,monolithic,monolithic,0,512,3,12,3.69576832652092,3.69576832652092,repeat indices align samples but methods were timed sequentially; use independent-resample intervals
28,gaussian_process,4,monolithic,monolithic,0,512,3,13,3.829698458313942,3.829698458313942,repeat indices align samples but methods were timed sequentially; use independent-resample intervals
28,gaussian_process,4,monolithic,monolithic,0,512,3,14,4.060586869716644,4.060586869716644,repeat indices align samples but methods were timed sequentially; use independent-resample intervals
28,gaussian_process,4,monolithic,monolithic,0,512,3,15,4.01631760597229,4.01631760597229,repeat indices align samples but methods were timed sequentially; use independent-resample intervals
28,gaussian_process,4,monolithic,monolithic,0,512,3,16,3.90066809207201,3.90066809207201,repeat indices align samples but methods were timed sequentially; use independent-resample intervals
28,gaussian_process,4,monolithic,monolithic,0,512,3,17,3.788287915289402,3.788287915289402,repeat indices align samples but methods were timed sequentially; use independent-resample intervals
28,gaussian_process,4,monolithic,monolithic,0,512,3,18,3.8664137721061707,3.8664137721061707,repeat indices align samples but methods were timed sequentially; use independent-resample intervals
28,gaussian_process,4,monolithic,monolithic,0,512,3,19,3.8985740914940834,3.8985740914940834,repeat indices align samples but methods were timed sequentially; use independent-resample intervals
28,gaussian_process,4,monolithic,monolithic,0,512,3,20,3.884491987526417,3.884491987526417,repeat indices align samples but methods were timed sequentially; use independent-resample intervals
28,gaussian_process,4,monolithic,monolithic,0,512,3,21,3.7169150933623314,3.7169150933623314,repeat indices align samples but methods were timed sequentially; use independent-resample intervals
28,gaussian_process,4,monolithic,monolithic,0,512,3,22,3.736497476696968,3.736497476696968,repeat indices align samples but methods were timed sequentially; use independent-resample intervals
28,gaussian_process,4,monolithic,monolithic,0,512,3,23,3.8092286586761475,3.8092286586761475,repeat indices align samples but methods were timed sequentially; use independent-resample intervals
28,gaussian_process,4,monolithic,monolithic,0,512,3,24,3.6396767050027847,3.6396767050027847,repeat indices align samples but methods were timed sequentially; use independent-resample intervals
28,gaussian_process,4,monolithic,monolithic,0,512,3,25,3.6851399913430214,3.6851399913430214,repeat indices align samples but methods were timed sequentially; use independent-resample intervals
28,gaussian_process,4,monolithic,monolithic,0,512,3,26,3.6742986664175987,3.6742986664175987,repeat indices align samples but methods were timed sequentially; use independent-resample intervals
28,gaussian_process,4,monolithic,monolithic,0,512,3,27,3.593184143304825,3.593184143304825,repeat indices align samples but methods were timed sequentially; use independent-resample intervals
28,gaussian_process,4,monolithic,monolithic,0,512,3,28,3.6461252495646477,3.6461252495646477,repeat indices align samples but methods were timed sequentially; use independent-resample intervals
28,gaussian_process,4,monolithic,monolithic,0,512,3,29,3.8139188662171364,3.8139188662171364,repeat indices align samples but methods were timed sequentially; use independent-resample intervals
29,gaussian_process,4,bucketed,none,64,512,3,0,3.7600723430514336,4.18631312251091,repeat indices align samples but methods were timed sequentially; use independent-resample intervals
29,gaussian_process,4,bucketed,none,64,512,3,1,3.8402912691235542,3.7854965031147003,repeat indices align samples but methods were timed sequentially; use independent-resample intervals
29,gaussian_process,4,bucketed,none,64,512,3,2,3.8138395249843597,3.6871219128370285,repeat indices align samples but methods were timed sequentially; use independent-resample intervals
29,gaussian_process,4,bucketed,none,64,512,3,3,4.019459202885628,3.7002029716968536,repeat indices align samples but methods were timed sequentially; use independent-resample intervals
29,gaussian_process,4,bucketed,none,64,512,3,4,3.8832614719867706,3.625570446252823,repeat indices align samples but methods were timed sequentially; use independent-resample intervals
29,gaussian_process,4,bucketed,none,64,512,3,5,3.8907797262072563,3.6783298775553703,repeat indices align samples but methods were timed sequentially; use independent-resample intervals
29,gaussian_process,4,bucketed,none,64,512,3,6,3.8966396003961563,3.7460217028856277,repeat indices align samples but methods were timed sequentially; use independent-resample intervals
29,gaussian_process,4,bucketed,none,64,512,3,7,3.9778864458203316,3.771009311079979,repeat indices align samples but methods were timed sequentially; use independent-resample intervals
29,gaussian_process,4,bucketed,none,64,512,3,8,3.8840191066265106,3.8023367449641228,repeat indices align samples but methods were timed sequentially; use independent-resample intervals
29,gaussian_process,4,bucketed,none,64,512,3,9,3.92976763099432,3.8803279027342796,repeat indices align samples but methods were timed sequentially; use independent-resample intervals
29,gaussian_process,4,bucketed,none,64,512,3,10,3.8885421603918076,3.8132555335760117,repeat indices align samples but methods were timed sequentially; use independent-resample intervals
29,gaussian_process,4,bucketed,none,64,512,3,11,3.900504991412163,3.659642733633518,repeat indices align samples but methods were timed sequentially; use independent-resample intervals
29,gaussian_process,4,bucketed,none,64,512,3,12,3.963675230741501,3.69576832652092,repeat indices align samples but methods were timed sequentially; use independent-resample intervals
29,gaussian_process,4,bucketed,none,64,512,3,13,4.098074950277805,3.829698458313942,repeat indices align samples but methods were timed sequentially; use independent-resample intervals
29,gaussian_process,4,bucketed,none,64,512,3,14,4.307560861110687,4.060586869716644,repeat indices align samples but methods were timed sequentially; use independent-resample intervals
29,gaussian_process,4,bucketed,none,64,512,3,15,4.231700882315636,4.01631760597229,repeat indices align samples but methods were timed sequentially; use independent-resample intervals
29,gaussian_process,4,bucketed,none,64,512,3,16,3.8756465911865234,3.90066809207201,repeat indices align samples but methods were timed sequentially; use independent-resample intervals
29,gaussian_process,4,bucketed,none,64,512,3,17,3.9624817445874214,3.788287915289402,repeat indices align samples but methods were timed sequentially; use independent-resample intervals
29,gaussian_process,4,bucketed,none,64,512,3,18,3.8775642216205597,3.8664137721061707,repeat indices align samples but methods were timed sequentially; use independent-resample intervals
29,gaussian_process,4,bucketed,none,64,512,3,19,3.944396920502186,3.8985740914940834,repeat indices align samples but methods were timed sequentially; use independent-resample intervals
29,gaussian_process,4,bucketed,none,64,512,3,20,3.7394791916012764,3.884491987526417,repeat indices align samples but methods were timed sequentially; use independent-resample intervals
29,gaussian_process,4,bucketed,none,64,512,3,21,3.7483632043004036,3.7169150933623314,repeat indices align samples but methods were timed sequentially; use independent-resample intervals
29,gaussian_process,4,bucketed,none,64,512,3,22,3.891727291047573,3.736497476696968,repeat indices align samples but methods were timed sequentially; use independent-resample intervals
29,gaussian_process,4,bucketed,none,64,512,3,23,3.8503439128398895,3.8092286586761475,repeat indices align samples but methods were timed sequentially; use independent-resample intervals
29,gaussian_process,4,bucketed,none,64,512,3,24,3.937540866434574,3.6396767050027847,repeat indices align samples but methods were timed sequentially; use independent-resample intervals
29,gaussian_process,4,bucketed,none,64,512,3,25,4.103132851421833,3.6851399913430214,repeat indices align samples but methods were timed sequentially; use independent-resample intervals
29,gaussian_process,4,bucketed,none,64,512,3,26,4.113047532737255,3.6742986664175987,repeat indices align samples but methods were timed sequentially; use independent-resample intervals
29,gaussian_process,4,bucketed,none,64,512,3,27,4.105766803026199,3.593184143304825,repeat indices align samples but methods were timed sequentially; use independent-resample intervals
29,gaussian_process,4,bucketed,none,64,512,3,28,4.374939627945423,3.6461252495646477,repeat indices align samples but methods were timed sequentially; use independent-resample intervals
29,gaussian_process,4,bucketed,none,64,512,3,29,4.5118726044893265,3.8139188662171364,repeat indices align samples but methods were timed sequentially; use independent-resample intervals
30,gaussian_process,4,bucketed,none,128,512,3,0,3.7417940497398376,4.18631312251091,repeat indices align samples but methods were timed sequentially; use independent-resample intervals
30,gaussian_process,4,bucketed,none,128,512,3,1,3.6903959959745407,3.7854965031147003,repeat indices align samples but methods were timed sequentially; use independent-resample intervals
30,gaussian_process,4,bucketed,none,128,512,3,2,4.048563472926617,3.6871219128370285,repeat indices align samples but methods were timed sequentially; use independent-resample intervals
30,gaussian_process,4,bucketed,none,128,512,3,3,3.7675644978880882,3.7002029716968536,repeat indices align samples but methods were timed sequentially; use independent-resample intervals
30,gaussian_process,4,bucketed,none,128,512,3,4,3.873393140733242,3.625570446252823,repeat indices align samples but methods were timed sequentially; use independent-resample intervals
30,gaussian_process,4,bucketed,none,128,512,3,5,3.9943468123674393,3.6783298775553703,repeat indices align samples but methods were timed sequentially; use independent-resample intervals
30,gaussian_process,4,bucketed,none,128,512,3,6,3.876187816262245,3.7460217028856277,repeat indices align samples but methods were timed sequentially; use independent-resample intervals
30,gaussian_process,4,bucketed,none,128,512,3,7,3.9477381631731987,3.771009311079979,repeat indices align samples but methods were timed sequentially; use independent-resample intervals
30,gaussian_process,4,bucketed,none,128,512,3,8,3.940215937793255,3.8023367449641228,repeat indices align samples but methods were timed sequentially; use independent-resample intervals
30,gaussian_process,4,bucketed,none,128,512,3,9,4.071667447686195,3.8803279027342796,repeat indices align samples but methods were timed sequentially; use independent-resample intervals
30,gaussian_process,4,bucketed,none,128,512,3,10,4.1529860496521,3.8132555335760117,repeat indices align samples but methods were timed sequentially; use independent-resample intervals
30,gaussian_process,4,bucketed,none,128,512,3,11,4.111174650490284,3.659642733633518,repeat indices align samples but methods were timed sequentially; use independent-resample intervals
30,gaussian_process,4,bucketed,none,128,512,3,12,4.208810441195965,3.69576832652092,repeat indices align samples but methods were timed sequentially; use independent-resample intervals
30,gaussian_process,4,bucketed,none,128,512,3,13,4.131835117936134,3.829698458313942,repeat indices align samples but methods were timed sequentially; use independent-resample intervals
30,gaussian_process,4,bucketed,none,128,512,3,14,3.9718208760023117,4.060586869716644,repeat indices align samples but methods were timed sequentially; use independent-resample intervals
30,gaussian_process,4,bucketed,none,128,512,3,15,4.153749972581863,4.01631760597229,repeat indices align samples but methods were timed sequentially; use independent-resample intervals
30,gaussian_process,4,bucketed,none,128,512,3,16,4.4565818309783936,3.90066809207201,repeat indices align samples but methods were timed sequentially; use independent-resample intervals
30,gaussian_process,4,bucketed,none,128,512,3,17,3.935123234987259,3.788287915289402,repeat indices align samples but methods were timed sequentially; use independent-resample intervals
30,gaussian_process,4,bucketed,none,128,512,3,18,3.90715641528368,3.8664137721061707,repeat indices align samples but methods were timed sequentially; use independent-resample intervals
30,gaussian_process,4,bucketed,none,128,512,3,19,3.9652081206440926,3.8985740914940834,repeat indices align samples but methods were timed sequentially; use independent-resample intervals
30,gaussian_process,4,bucketed,none,128,512,3,20,4.057215318083763,3.884491987526417,repeat indices align samples but methods were timed sequentially; use independent-resample intervals
30,gaussian_process,4,bucketed,none,128,512,3,21,4.063833400607109,3.7169150933623314,repeat indices align samples but methods were timed sequentially; use independent-resample intervals
30,gaussian_process,4,bucketed,none,128,512,3,22,4.140814490616322,3.736497476696968,repeat indices align samples but methods were timed sequentially; use independent-resample intervals
30,gaussian_process,4,bucketed,none,128,512,3,23,4.199895143508911,3.8092286586761475,repeat indices align samples but methods were timed sequentially; use independent-resample intervals
30,gaussian_process,4,bucketed,none,128,512,3,24,4.139415875077248,3.6396767050027847,repeat indices align samples but methods were timed sequentially; use independent-resample intervals
30,gaussian_process,4,bucketed,none,128,512,3,25,3.915001653134823,3.6851399913430214,repeat indices align samples but methods were timed sequentially; use independent-resample intervals
30,gaussian_process,4,bucketed,none,128,512,3,26,3.9249200895428658,3.6742986664175987,repeat indices align samples but methods were timed sequentially; use independent-resample intervals
30,gaussian_process,4,bucketed,none,128,512,3,27,4.147044077515602,3.593184143304825,repeat indices align samples but methods were timed sequentially; use independent-resample intervals
30,gaussian_process,4,bucketed,none,128,512,3,28,4.020123839378357,3.6461252495646477,repeat indices align samples but methods were timed sequentially; use independent-resample intervals
30,gaussian_process,4,bucketed,none,128,512,3,29,4.183274894952774,3.8139188662171364,repeat indices align samples but methods were timed sequentially; use independent-resample intervals
31,gaussian_process,4,bucketed,history,64,512,3,0,4.097387827932835,4.18631312251091,repeat indices align samples but methods were timed sequentially; use independent-resample intervals
31,gaussian_process,4,bucketed,history,64,512,3,1,4.167051963508129,3.7854965031147003,repeat indices align samples but methods were timed sequentially; use independent-resample intervals
31,gaussian_process,4,bucketed,history,64,512,3,2,3.876745842397213,3.6871219128370285,repeat indices align samples but methods were timed sequentially; use independent-resample intervals
31,gaussian_process,4,bucketed,history,64,512,3,3,3.8198408111929893,3.7002029716968536,repeat indices align samples but methods were timed sequentially; use independent-resample intervals
31,gaussian_process,4,bucketed,history,64,512,3,4,3.742366671562195,3.625570446252823,repeat indices align samples but methods were timed sequentially; use independent-resample intervals
31,gaussian_process,4,bucketed,history,64,512,3,5,3.6091188713908195,3.6783298775553703,repeat indices align samples but methods were timed sequentially; use independent-resample intervals
31,gaussian_process,4,bucketed,history,64,512,3,6,3.614164389669895,3.7460217028856277,repeat indices align samples but methods were timed sequentially; use independent-resample intervals
31,gaussian_process,4,bucketed,history,64,512,3,7,3.8427502289414406,3.771009311079979,repeat indices align samples but methods were timed sequentially; use independent-resample intervals
31,gaussian_process,4,bucketed,history,64,512,3,8,3.8898589983582497,3.8023367449641228,repeat indices align samples but methods were timed sequentially; use independent-resample intervals
31,gaussian_process,4,bucketed,history,64,512,3,9,3.915144458413124,3.8803279027342796,repeat indices align samples but methods were timed sequentially; use independent-resample intervals
31,gaussian_process,4,bucketed,history,64,512,3,10,4.019613616168499,3.8132555335760117,repeat indices align samples but methods were timed sequentially; use independent-resample intervals
31,gaussian_process,4,bucketed,history,64,512,3,11,3.8663876205682755,3.659642733633518,repeat indices align samples but methods were timed sequentially; use independent-resample intervals
31,gaussian_process,4,bucketed,history,64,512,3,12,4.0336513593792915,3.69576832652092,repeat indices align samples but methods were timed sequentially; use independent-resample intervals
31,gaussian_process,4,bucketed,history,64,512,3,13,3.9276653304696083,3.829698458313942,repeat indices align samples but methods were timed sequentially; use independent-resample intervals
31,gaussian_process,4,bucketed,history,64,512,3,14,3.8788791075348854,4.060586869716644,repeat indices align samples but methods were timed sequentially; use independent-resample intervals
31,gaussian_process,4,bucketed,history,64,512,3,15,3.9706634134054184,4.01631760597229,repeat indices align samples but methods were timed sequentially; use independent-resample intervals
31,gaussian_process,4,bucketed,history,64,512,3,16,4.014300748705864,3.90066809207201,repeat indices align samples but methods were timed sequentially; use independent-resample intervals
31,gaussian_process,4,bucketed,history,64,512,3,17,3.8957668840885162,3.788287915289402,repeat indices align samples but methods were timed sequentially; use independent-resample intervals
31,gaussian_process,4,bucketed,history,64,512,3,18,3.811161145567894,3.8664137721061707,repeat indices align samples but methods were timed sequentially; use independent-resample intervals
31,gaussian_process,4,bucketed,history,64,512,3,19,3.9755571261048317,3.8985740914940834,repeat indices align samples but methods were timed sequentially; use independent-resample intervals
31,gaussian_process,4,bucketed,history,64,512,3,20,4.048945963382721,3.884491987526417,repeat indices align samples but methods were timed sequentially; use independent-resample intervals
31,gaussian_process,4,bucketed,history,64,512,3,21,4.092084340751171,3.7169150933623314,repeat indices align samples but methods were timed sequentially; use independent-resample intervals
31,gaussian_process,4,bucketed,history,64,512,3,22,4.130704268813133,3.736497476696968,repeat indices align samples but methods were timed sequentially; use independent-resample intervals
31,gaussian_process,4,bucketed,history,64,512,3,23,4.1189024448394775,3.8092286586761475,repeat indices align samples but methods were timed sequentially; use independent-resample intervals
31,gaussian_process,4,bucketed,history,64,512,3,24,4.011495217680931,3.6396767050027847,repeat indices align samples but methods were timed sequentially; use independent-resample intervals
31,gaussian_process,4,bucketed,history,64,512,3,25,3.987831063568592,3.6851399913430214,repeat indices align samples but methods were timed sequentially; use independent-resample intervals
31,gaussian_process,4,bucketed,history,64,512,3,26,4.443819127976894,3.6742986664175987,repeat indices align samples but methods were timed sequentially; use independent-resample intervals
31,gaussian_process,4,bucketed,history,64,512,3,27,5.249281957745552,3.593184143304825,repeat indices align samples but methods were timed sequentially; use independent-resample intervals
31,gaussian_process,4,bucketed,history,64,512,3,28,4.904958218336105,3.6461252495646477,repeat indices align samples but methods were timed sequentially; use independent-resample intervals
31,gaussian_process,4,bucketed,history,64,512,3,29,4.077209085226059,3.8139188662171364,repeat indices align samples but methods were timed sequentially; use independent-resample intervals
32,gaussian_process,4,bucketed,history,128,512,3,0,4.512859039008617,4.18631312251091,repeat indices align samples but methods were timed sequentially; use independent-resample intervals
32,gaussian_process,4,bucketed,history,128,512,3,1,4.796659670770168,3.7854965031147003,repeat indices align samples but methods were timed sequentially; use independent-resample intervals
32,gaussian_process,4,bucketed,history,128,512,3,2,4.442556142807007,3.6871219128370285,repeat indices align samples but methods were timed sequentially; use independent-resample intervals
32,gaussian_process,4,bucketed,history,128,512,3,3,4.048442393541336,3.7002029716968536,repeat indices align samples but methods were timed sequentially; use independent-resample intervals
32,gaussian_process,4,bucketed,history,128,512,3,4,4.070746801793575,3.625570446252823,repeat indices align samples but methods were timed sequentially; use independent-resample intervals
32,gaussian_process,4,bucketed,history,128,512,3,5,3.697446331381798,3.6783298775553703,repeat indices align samples but methods were timed sequentially; use independent-resample intervals
32,gaussian_process,4,bucketed,history,128,512,3,6,3.9361756965517998,3.7460217028856277,repeat indices align samples but methods were timed sequentially; use independent-resample intervals
32,gaussian_process,4,bucketed,history,128,512,3,7,4.3517986088991165,3.771009311079979,repeat indices align samples but methods were timed sequentially; use independent-resample intervals
32,gaussian_process,4,bucketed,history,128,512,3,8,4.104804217815399,3.8023367449641228,repeat indices align samples but methods were timed sequentially; use independent-resample intervals
32,gaussian_process,4,bucketed,history,128,512,3,9,3.864012949168682,3.8803279027342796,repeat indices align samples but methods were timed sequentially; use independent-resample intervals
32,gaussian_process,4,bucketed,history,128,512,3,10,4.121778316795826,3.8132555335760117,repeat indices align samples but methods were timed sequentially; use independent-resample intervals
32,gaussian_process,4,bucketed,history,128,512,3,11,3.862673632800579,3.659642733633518,repeat indices align samples but methods were timed sequentially; use independent-resample intervals
32,gaussian_process,4,bucketed,history,128,512,3,12,3.805116966366768,3.69576832652092,repeat indices align samples but methods were timed sequentially; use independent-resample intervals
32,gaussian_process,4,bucketed,history,128,512,3,13,3.8345287442207336,3.829698458313942,repeat indices align samples but methods were timed sequentially; use independent-resample intervals
32,gaussian_process,4,bucketed,history,128,512,3,14,3.833519257605076,4.060586869716644,repeat indices align samples but methods were timed sequentially; use independent-resample intervals
32,gaussian_process,4,bucketed,history,128,512,3,15,3.6214880123734474,4.01631760597229,repeat indices align samples but methods were timed sequentially; use independent-resample intervals
32,gaussian_process,4,bucketed,history,128,512,3,16,3.6447488889098167,3.90066809207201,repeat indices align samples but methods were timed sequentially; use independent-resample intervals
32,gaussian_process,4,bucketed,history,128,512,3,17,3.654317133128643,3.788287915289402,repeat indices align samples but methods were timed sequentially; use independent-resample intervals
32,gaussian_process,4,bucketed,history,128,512,3,18,3.659742198884487,3.8664137721061707,repeat indices align samples but methods were timed sequentially; use independent-resample intervals
32,gaussian_process,4,bucketed,history,128,512,3,19,3.680749349296093,3.8985740914940834,repeat indices align samples but methods were timed sequentially; use independent-resample intervals
32,gaussian_process,4,bucketed,history,128,512,3,20,3.7272144556045532,3.884491987526417,repeat indices align samples but methods were timed sequentially; use independent-resample intervals
32,gaussian_process,4,bucketed,history,128,512,3,21,3.972856007516384,3.7169150933623314,repeat indices align samples but methods were timed sequentially; use independent-resample intervals
32,gaussian_process,4,bucketed,history,128,512,3,22,3.829074412584305,3.736497476696968,repeat indices align samples but methods were timed sequentially; use independent-resample intervals
32,gaussian_process,4,bucketed,history,128,512,3,23,3.8407936096191406,3.8092286586761475,repeat indices align samples but methods were timed sequentially; use independent-resample intervals
32,gaussian_process,4,bucketed,history,128,512,3,24,3.8666683435440063,3.6396767050027847,repeat indices align samples but methods were timed sequentially; use independent-resample intervals
32,gaussian_process,4,bucketed,history,128,512,3,25,4.100142329931259,3.6851399913430214,repeat indices align samples but methods were timed sequentially; use independent-resample intervals
32,gaussian_process,4,bucketed,history,128,512,3,26,3.9741790667176247,3.6742986664175987,repeat indices align samples but methods were timed sequentially; use independent-resample intervals
32,gaussian_process,4,bucketed,history,128,512,3,27,4.307201497256756,3.593184143304825,repeat indices align samples but methods were timed sequentially; use independent-resample intervals
32,gaussian_process,4,bucketed,history,128,512,3,28,6.468287713825703,3.6461252495646477,repeat indices align samples but methods were timed sequentially; use independent-resample intervals
32,gaussian_process,4,bucketed,history,128,512,3,29,4.155096419155598,3.8139188662171364,repeat indices align samples but methods were timed sequentially; use independent-resample intervals
33,gaussian_process,4,bucketed,last_depth,64,512,3,0,3.869910880923271,4.18631312251091,repeat indices align samples but methods were timed sequentially; use independent-resample intervals
33,gaussian_process,4,bucketed,last_depth,64,512,3,1,3.9788148552179337,3.7854965031147003,repeat indices align samples but methods were timed sequentially; use independent-resample intervals
33,gaussian_process,4,bucketed,last_depth,64,512,3,2,3.8501520678400993,3.6871219128370285,repeat indices align samples but methods were timed sequentially; use independent-resample intervals
33,gaussian_process,4,bucketed,last_depth,64,512,3,3,3.920829676091671,3.7002029716968536,repeat indices align samples but methods were timed sequentially; use independent-resample intervals
33,gaussian_process,4,bucketed,last_depth,64,512,3,4,3.8539284616708755,3.625570446252823,repeat indices align samples but methods were timed sequentially; use independent-resample intervals
33,gaussian_process,4,bucketed,last_depth,64,512,3,5,3.842811517417431,3.6783298775553703,repeat indices align samples but methods were timed sequentially; use independent-resample intervals
33,gaussian_process,4,bucketed,last_depth,64,512,3,6,3.810089595615864,3.7460217028856277,repeat indices align samples but methods were timed sequentially; use independent-resample intervals
33,gaussian_process,4,bucketed,last_depth,64,512,3,7,3.7890571132302284,3.771009311079979,repeat indices align samples but methods were timed sequentially; use independent-resample intervals
33,gaussian_process,4,bucketed,last_depth,64,512,3,8,3.7356241792440414,3.8023367449641228,repeat indices align samples but methods were timed sequentially; use independent-resample intervals
33,gaussian_process,4,bucketed,last_depth,64,512,3,9,3.9866223111748695,3.8803279027342796,repeat indices align samples but methods were timed sequentially; use independent-resample intervals
33,gaussian_process,4,bucketed,last_depth,64,512,3,10,3.814833387732506,3.8132555335760117,repeat indices align samples but methods were timed sequentially; use independent-resample intervals
33,gaussian_process,4,bucketed,last_depth,64,512,3,11,4.051781632006168,3.659642733633518,repeat indices align samples but methods were timed sequentially; use independent-resample intervals
33,gaussian_process,4,bucketed,last_depth,64,512,3,12,3.95584187656641,3.69576832652092,repeat indices align samples but methods were timed sequentially; use independent-resample intervals
33,gaussian_process,4,bucketed,last_depth,64,512,3,13,4.156754665076733,3.829698458313942,repeat indices align samples but methods were timed sequentially; use independent-resample intervals
33,gaussian_process,4,bucketed,last_depth,64,512,3,14,4.48262196034193,4.060586869716644,repeat indices align samples but methods were timed sequentially; use independent-resample intervals
33,gaussian_process,4,bucketed,last_depth,64,512,3,15,3.9636892154812813,4.01631760597229,repeat indices align samples but methods were timed sequentially; use independent-resample intervals
33,gaussian_process,4,bucketed,last_depth,64,512,3,16,3.9444264099001884,3.90066809207201,repeat indices align samples but methods were timed sequentially; use independent-resample intervals
33,gaussian_process,4,bucketed,last_depth,64,512,3,17,4.158213406801224,3.788287915289402,repeat indices align samples but methods were timed sequentially; use independent-resample intervals
33,gaussian_process,4,bucketed,last_depth,64,512,3,18,4.411603473126888,3.8664137721061707,repeat indices align samples but methods were timed sequentially; use independent-resample intervals
33,gaussian_process,4,bucketed,last_depth,64,512,3,19,4.0044393464922905,3.8985740914940834,repeat indices align samples but methods were timed sequentially; use independent-resample intervals
33,gaussian_process,4,bucketed,last_depth,64,512,3,20,3.9446061104536057,3.884491987526417,repeat indices align samples but methods were timed sequentially; use independent-resample intervals
33,gaussian_process,4,bucketed,last_depth,64,512,3,21,3.8940363079309464,3.7169150933623314,repeat indices align samples but methods were timed sequentially; use independent-resample intervals
33,gaussian_process,4,bucketed,last_depth,64,512,3,22,3.701624259352684,3.736497476696968,repeat indices align samples but methods were timed sequentially; use independent-resample intervals
33,gaussian_process,4,bucketed,last_depth,64,512,3,23,3.8751687332987785,3.8092286586761475,repeat indices align samples but methods were timed sequentially; use independent-resample intervals
33,gaussian_process,4,bucketed,last_depth,64,512,3,24,3.8398461639881134,3.6396767050027847,repeat indices align samples but methods were timed sequentially; use independent-resample intervals
33,gaussian_process,4,bucketed,last_depth,64,512,3,25,3.9995810762047768,3.6851399913430214,repeat indices align samples but methods were timed sequentially; use independent-resample intervals
33,gaussian_process,4,bucketed,last_depth,64,512,3,26,4.035314537584782,3.6742986664175987,repeat indices align samples but methods were timed sequentially; use independent-resample intervals
33,gaussian_process,4,bucketed,last_depth,64,512,3,27,3.838039018213749,3.593184143304825,repeat indices align samples but methods were timed sequentially; use independent-resample intervals
33,gaussian_process,4,bucketed,last_depth,64,512,3,28,3.8541227504611015,3.6461252495646477,repeat indices align samples but methods were timed sequentially; use independent-resample intervals
33,gaussian_process,4,bucketed,last_depth,64,512,3,29,3.8323852345347404,3.8139188662171364,repeat indices align samples but methods were timed sequentially; use independent-resample intervals
34,gaussian_process,4,bucketed,last_depth,128,512,3,0,3.6635991632938385,4.18631312251091,repeat indices align samples but methods were timed sequentially; use independent-resample intervals
34,gaussian_process,4,bucketed,last_depth,128,512,3,1,3.654486760497093,3.7854965031147003,repeat indices align samples but methods were timed sequentially; use independent-resample intervals
34,gaussian_process,4,bucketed,last_depth,128,512,3,2,3.8024613186717033,3.6871219128370285,repeat indices align samples but methods were timed sequentially; use independent-resample intervals
34,gaussian_process,4,bucketed,last_depth,128,512,3,3,3.7137639299035072,3.7002029716968536,repeat indices align samples but methods were timed sequentially; use independent-resample intervals
34,gaussian_process,4,bucketed,last_depth,128,512,3,4,3.727368399500847,3.625570446252823,repeat indices align samples but methods were timed sequentially; use independent-resample intervals
34,gaussian_process,4,bucketed,last_depth,128,512,3,5,3.681084483861923,3.6783298775553703,repeat indices align samples but methods were timed sequentially; use independent-resample intervals
34,gaussian_process,4,bucketed,last_depth,128,512,3,6,3.8325681537389755,3.7460217028856277,repeat indices align samples but methods were timed sequentially; use independent-resample intervals
34,gaussian_process,4,bucketed,last_depth,128,512,3,7,4.036603309214115,3.771009311079979,repeat indices align samples but methods were timed sequentially; use independent-resample intervals
34,gaussian_process,4,bucketed,last_depth,128,512,3,8,4.253547325730324,3.8023367449641228,repeat indices align samples but methods were timed sequentially; use independent-resample intervals
34,gaussian_process,4,bucketed,last_depth,128,512,3,9,3.779585726559162,3.8803279027342796,repeat indices align samples but methods were timed sequentially; use independent-resample intervals
34,gaussian_process,4,bucketed,last_depth,128,512,3,10,3.8655413910746574,3.8132555335760117,repeat indices align samples but methods were timed sequentially; use independent-resample intervals
34,gaussian_process,4,bucketed,last_depth,128,512,3,11,3.7219561710953712,3.659642733633518,repeat indices align samples but methods were timed sequentially; use independent-resample intervals
34,gaussian_process,4,bucketed,last_depth,128,512,3,12,3.686864547431469,3.69576832652092,repeat indices align samples but methods were timed sequentially; use independent-resample intervals
34,gaussian_process,4,bucketed,last_depth,128,512,3,13,3.8210472613573074,3.829698458313942,repeat indices align samples but methods were timed sequentially; use independent-resample intervals
34,gaussian_process,4,bucketed,last_depth,128,512,3,14,3.755609951913357,4.060586869716644,repeat indices align samples but methods were timed sequentially; use independent-resample intervals
34,gaussian_process,4,bucketed,last_depth,128,512,3,15,3.785933718085289,4.01631760597229,repeat indices align samples but methods were timed sequentially; use independent-resample intervals
34,gaussian_process,4,bucketed,last_depth,128,512,3,16,3.977249525487423,3.90066809207201,repeat indices align samples but methods were timed sequentially; use independent-resample intervals
34,gaussian_process,4,bucketed,last_depth,128,512,3,17,4.0050042271614075,3.788287915289402,repeat indices align samples but methods were timed sequentially; use independent-resample intervals
34,gaussian_process,4,bucketed,last_depth,128,512,3,18,3.936355084180832,3.8664137721061707,repeat indices align samples but methods were timed sequentially; use independent-resample intervals
34,gaussian_process,4,bucketed,last_depth,128,512,3,19,4.241916373372078,3.8985740914940834,repeat indices align samples but methods were timed sequentially; use independent-resample intervals
34,gaussian_process,4,bucketed,last_depth,128,512,3,20,4.088499456644058,3.884491987526417,repeat indices align samples but methods were timed sequentially; use independent-resample intervals
34,gaussian_process,4,bucketed,last_depth,128,512,3,21,4.152976326644421,3.7169150933623314,repeat indices align samples but methods were timed sequentially; use independent-resample intervals
34,gaussian_process,4,bucketed,last_depth,128,512,3,22,3.9914529770612717,3.736497476696968,repeat indices align samples but methods were timed sequentially; use independent-resample intervals
34,gaussian_process,4,bucketed,last_depth,128,512,3,23,3.7145951837301254,3.8092286586761475,repeat indices align samples but methods were timed sequentially; use independent-resample intervals
34,gaussian_process,4,bucketed,last_depth,128,512,3,24,3.952900804579258,3.6396767050027847,repeat indices align samples but methods were timed sequentially; use independent-resample intervals
34,gaussian_process,4,bucketed,last_depth,128,512,3,25,3.8518640846014023,3.6851399913430214,repeat indices align samples but methods were timed sequentially; use independent-resample intervals
34,gaussian_process,4,bucketed,last_depth,128,512,3,26,3.731139712035656,3.6742986664175987,repeat indices align samples but methods were timed sequentially; use independent-resample intervals
34,gaussian_process,4,bucketed,last_depth,128,512,3,27,3.6883551105856895,3.593184143304825,repeat indices align samples but methods were timed sequentially; use independent-resample intervals
34,gaussian_process,4,bucketed,last_depth,128,512,3,28,3.841173492372036,3.6461252495646477,repeat indices align samples but methods were timed sequentially; use independent-resample intervals
34,gaussian_process,4,bucketed,last_depth,128,512,3,29,4.188897117972374,3.8139188662171364,repeat indices align samples but methods were timed sequentially; use independent-resample intervals
