model,model_family,parameterization,seed,method,baseline_type,predictor,bucket_size,num_chains,dimension,num_groups,observations_per_group,num_observations,num_features,time_length,kernel,input_dimension,data_seed,jitter,num_steps,step_size,max_tree_depth,hmc_num_leapfrog_steps,independent_baseline_kind,predictor_beta,time_seconds,speedup_vs_monolithic,t_mono,t_bucket,speedup,timing_cold_prime_seconds,timing_warm_repeat_count,timing_warm_min_seconds,timing_warm_q1_seconds,timing_warm_median_seconds,timing_warm_q3_seconds,timing_warm_max_seconds,timing_warm_repeat_seconds_json,mono_warm_repeat_seconds_json,mono_total_leapfrog_count,mono_divergence_count,mono_max_realized_tree_depth,method_total_leapfrog_count,method_divergence_count,method_max_realized_tree_depth,bucket_total_leapfrog_count,bucket_divergence_count,bucket_max_realized_tree_depth,bucket_num_buckets,bucket_padding_count,bucket_padding_ratio,bucket_hvp_overhead_seconds,bucket_hvp_call_count,timing_breakdown_enabled,timing_cold_run_seconds,timing_cold_compile_seconds,timing_warm_iteration_seconds,timing_planner_seconds,timing_executor_seconds,timing_gather_seconds,timing_scatter_seconds,timing_hvp_seconds,timing_total_profiled_seconds,timing_unattributed_seconds,timing_profiler_marker_count
gaussian_process,gaussian_process,log_hyperparameters,0,monolithic,nuts_reference,monolithic,0,128,3,,,8,,,squared_exponential,1,37,1e-05,16,0.2,8,,,0.9,1.0591297782957554,1.0,1.0591297782957554,1.0591297782957554,1.0,10.762864284217358,30,0.98672104626894,1.0373915079981089,1.0591297782957554,1.0935924630612135,1.1940142959356308,"[1.006947934627533, 1.100159339606762, 1.0573310852050781, 1.012575015425682, 1.0927319824695587, 1.1541842445731163, 1.0230106189846992, 1.0938792899250984, 1.0243771597743034, 1.0472275987267494, 1.0544482320547104, 1.0377947390079498, 0.98672104626894, 1.0277208164334297, 1.0386746749281883, 1.0372570976614952, 1.0394825786352158, 1.0714431405067444, 1.062656246125698, 1.0656060501933098, 1.0582561045885086, 1.0972871333360672, 1.079990066587925, 1.1940142959356308, 1.0712562128901482, 1.1138983070850372, 1.0347821414470673, 1.0600034520030022, 1.0947024002671242, 1.1231042593717575]","[1.006947934627533, 1.100159339606762, 1.0573310852050781, 1.012575015425682, 1.0927319824695587, 1.1541842445731163, 1.0230106189846992, 1.0938792899250984, 1.0243771597743034, 1.0472275987267494, 1.0544482320547104, 1.0377947390079498, 0.98672104626894, 1.0277208164334297, 1.0386746749281883, 1.0372570976614952, 1.0394825786352158, 1.0714431405067444, 1.062656246125698, 1.0656060501933098, 1.0582561045885086, 1.0972871333360672, 1.079990066587925, 1.1940142959356308, 1.0712562128901482, 1.1138983070850372, 1.0347821414470673, 1.0600034520030022, 1.0947024002671242, 1.1231042593717575]",15905,19,6,15905,19,6,15905,19,6,,0,0.0,0.0,0,False,0.0,0.0,1.0591297782957554,0.0,0.0,0.0,0.0,0.0,0.0,0.0,0
gaussian_process,gaussian_process,log_hyperparameters,0,bucketed,bucketed_nuts,history,64,128,3,,,8,,,squared_exponential,1,37,1e-05,16,0.2,8,,,0.9,1.266367718577385,0.8363524770558453,1.0591297782957554,1.266367718577385,0.8363524770558453,5.460228353738785,30,1.1309749260544777,1.1884475611150265,1.266367718577385,1.3291111662983894,1.5469400063157082,"[1.17654649913311, 1.2458080351352692, 1.2924950569868088, 1.1530857756733894, 1.1755091398954391, 1.1607708036899567, 1.176476962864399, 1.3089714273810387, 1.3602247834205627, 1.2547103315591812, 1.2067804038524628, 1.294871747493744, 1.227970264852047, 1.1309749260544777, 1.1812576651573181, 1.182336613535881, 1.2617151960730553, 1.2077286466956139, 1.321530058979988, 1.4298381358385086, 1.5469400063157082, 1.2927188873291016, 1.3930041566491127, 1.3656847774982452, 1.2710202410817146, 1.2411196753382683, 1.334302693605423, 1.3297044336795807, 1.3622484728693962, 1.3273313641548157]","[1.006947934627533, 1.100159339606762, 1.0573310852050781, 1.012575015425682, 1.0927319824695587, 1.1541842445731163, 1.0230106189846992, 1.0938792899250984, 1.0243771597743034, 1.0472275987267494, 1.0544482320547104, 1.0377947390079498, 0.98672104626894, 1.0277208164334297, 1.0386746749281883, 1.0372570976614952, 1.0394825786352158, 1.0714431405067444, 1.062656246125698, 1.0656060501933098, 1.0582561045885086, 1.0972871333360672, 1.079990066587925, 1.1940142959356308, 1.0712562128901482, 1.1138983070850372, 1.0347821414470673, 1.0600034520030022, 1.0947024002671242, 1.1231042593717575]",15905,19,6,15905,19,6,15905,19,6,2,0,0.0,0.0,0,False,0.0,0.0,1.266367718577385,0.0,0.0,0.0,0.0,0.0,0.0,0.0,0
gaussian_process,gaussian_process,log_hyperparameters,0,bucketed,bucketed_nuts,history,128,128,3,,,8,,,squared_exponential,1,37,1e-05,16,0.2,8,,,0.9,1.1979712843894958,0.8841028095556596,1.0591297782957554,1.1979712843894958,0.8841028095556596,5.350911974906921,30,1.1225899383425713,1.1686486192047596,1.1979712843894958,1.2360332608222961,1.2759431302547455,"[1.221475526690483, 1.2590754702687263, 1.2108652666211128, 1.2759431302547455, 1.2106777280569077, 1.254000946879387, 1.187825433909893, 1.1661023497581482, 1.1626439541578293, 1.183302715420723, 1.157893806695938, 1.1878376230597496, 1.2757493928074837, 1.2582056298851967, 1.1500576436519623, 1.249813087284565, 1.205716073513031, 1.1912018358707428, 1.1999203488230705, 1.1225899383425713, 1.2289908304810524, 1.1960222199559212, 1.1518369913101196, 1.139202170073986, 1.1787333264946938, 1.201676718890667, 1.1762874275445938, 1.1298678144812584, 1.2383807376027107, 1.264136828482151]","[1.006947934627533, 1.100159339606762, 1.0573310852050781, 1.012575015425682, 1.0927319824695587, 1.1541842445731163, 1.0230106189846992, 1.0938792899250984, 1.0243771597743034, 1.0472275987267494, 1.0544482320547104, 1.0377947390079498, 0.98672104626894, 1.0277208164334297, 1.0386746749281883, 1.0372570976614952, 1.0394825786352158, 1.0714431405067444, 1.062656246125698, 1.0656060501933098, 1.0582561045885086, 1.0972871333360672, 1.079990066587925, 1.1940142959356308, 1.0712562128901482, 1.1138983070850372, 1.0347821414470673, 1.0600034520030022, 1.0947024002671242, 1.1231042593717575]",15905,19,6,15905,19,6,15905,19,6,1,0,0.0,0.0,0,False,0.0,0.0,1.1979712843894958,0.0,0.0,0.0,0.0,0.0,0.0,0.0,0
gaussian_process,gaussian_process,log_hyperparameters,0,bucketed,bucketed_nuts,last_depth,64,128,3,,,8,,,squared_exponential,1,37,1e-05,16,0.2,8,,,0.9,1.336190152913332,0.7926489923507561,1.0591297782957554,1.336190152913332,0.7926489923507561,1.3921100422739983,30,1.2160805761814117,1.2732957415282726,1.336190152913332,1.3656641654670238,1.5660598799586296,"[1.3580819964408875, 1.2877803519368172, 1.5660598799586296, 1.464492790400982, 1.3727910742163658, 1.4089227840304375, 1.3672754392027855, 1.3728830590844154, 1.263184793293476, 1.2665303274989128, 1.3460264429450035, 1.314262069761753, 1.3578859567642212, 1.3330902233719826, 1.2656613886356354, 1.3046526238322258, 1.3413940519094467, 1.2862999513745308, 1.2160805761814117, 1.2687302827835083, 1.3816861063241959, 1.3564642742276192, 1.3806361332535744, 1.2689610049128532, 1.3336104899644852, 1.3023952767252922, 1.3387698158621788, 1.2528095543384552, 1.2199131920933723, 1.360830344259739]","[1.006947934627533, 1.100159339606762, 1.0573310852050781, 1.012575015425682, 1.0927319824695587, 1.1541842445731163, 1.0230106189846992, 1.0938792899250984, 1.0243771597743034, 1.0472275987267494, 1.0544482320547104, 1.0377947390079498, 0.98672104626894, 1.0277208164334297, 1.0386746749281883, 1.0372570976614952, 1.0394825786352158, 1.0714431405067444, 1.062656246125698, 1.0656060501933098, 1.0582561045885086, 1.0972871333360672, 1.079990066587925, 1.1940142959356308, 1.0712562128901482, 1.1138983070850372, 1.0347821414470673, 1.0600034520030022, 1.0947024002671242, 1.1231042593717575]",15905,19,6,15905,19,6,15905,19,6,2,0,0.0,0.0,0,False,0.0,0.0,1.336190152913332,0.0,0.0,0.0,0.0,0.0,0.0,0.0,0
gaussian_process,gaussian_process,log_hyperparameters,0,bucketed,bucketed_nuts,last_depth,128,128,3,,,8,,,squared_exponential,1,37,1e-05,16,0.2,8,,,0.9,1.2269191071391106,0.8632433647279316,1.0591297782957554,1.2269191071391106,0.8632433647279316,1.1793957650661469,30,1.0955031141638756,1.1821579858660698,1.2269191071391106,1.2550719790160656,1.4910985976457596,"[1.1844542250037193, 1.1975015178322792, 1.1813925728201866, 1.234760232269764, 1.229101948440075, 1.179271638393402, 1.2061378881335258, 1.1861329898238182, 1.232115887105465, 1.2549463957548141, 1.2874186486005783, 1.2414309084415436, 1.261236883699894, 1.1760209947824478, 1.2551138401031494, 1.3680205792188644, 1.272815153002739, 1.4910985976457596, 1.4378085657954216, 1.3083605989813805, 1.2510100454092026, 1.242755725979805, 1.1955122351646423, 1.1427213102579117, 1.1176098436117172, 1.0955031141638756, 1.1703064814209938, 1.2055053263902664, 1.1813255995512009, 1.2247362658381462]","[1.006947934627533, 1.100159339606762, 1.0573310852050781, 1.012575015425682, 1.0927319824695587, 1.1541842445731163, 1.0230106189846992, 1.0938792899250984, 1.0243771597743034, 1.0472275987267494, 1.0544482320547104, 1.0377947390079498, 0.98672104626894, 1.0277208164334297, 1.0386746749281883, 1.0372570976614952, 1.0394825786352158, 1.0714431405067444, 1.062656246125698, 1.0656060501933098, 1.0582561045885086, 1.0972871333360672, 1.079990066587925, 1.1940142959356308, 1.0712562128901482, 1.1138983070850372, 1.0347821414470673, 1.0600034520030022, 1.0947024002671242, 1.1231042593717575]",15905,19,6,15905,19,6,15905,19,6,1,0,0.0,0.0,0,False,0.0,0.0,1.2269191071391106,0.0,0.0,0.0,0.0,0.0,0.0,0.0,0
gaussian_process,gaussian_process,log_hyperparameters,1,monolithic,nuts_reference,monolithic,0,128,3,,,8,,,squared_exponential,1,37,1e-05,16,0.2,8,,,0.9,1.1508757919073105,1.0,1.1508757919073105,1.1508757919073105,1.0,1.1564027965068817,30,1.0340897962450981,1.0977906584739685,1.1508757919073105,1.240155728533864,2.087653301656246,"[1.1259062886238098, 1.0621444955468178, 1.125508300960064, 1.09056955575943, 1.0732094049453735, 1.047341838479042, 1.0340897962450981, 1.0698100626468658, 1.1263730078935623, 1.133472204208374, 1.2413197234272957, 1.2272987738251686, 1.0761056244373322, 1.1194539666175842, 1.1493793576955795, 1.1378916278481483, 1.1613123044371605, 1.090009905397892, 1.1523722261190414, 1.236663743853569, 2.087653301656246, 1.8813136368989944, 1.2477427795529366, 1.2342574298381805, 1.2027947306632996, 1.1808379366993904, 1.3956544250249863, 1.419371984899044, 1.3309617936611176, 1.4085945338010788]","[1.1259062886238098, 1.0621444955468178, 1.125508300960064, 1.09056955575943, 1.0732094049453735, 1.047341838479042, 1.0340897962450981, 1.0698100626468658, 1.1263730078935623, 1.133472204208374, 1.2413197234272957, 1.2272987738251686, 1.0761056244373322, 1.1194539666175842, 1.1493793576955795, 1.1378916278481483, 1.1613123044371605, 1.090009905397892, 1.1523722261190414, 1.236663743853569, 2.087653301656246, 1.8813136368989944, 1.2477427795529366, 1.2342574298381805, 1.2027947306632996, 1.1808379366993904, 1.3956544250249863, 1.419371984899044, 1.3309617936611176, 1.4085945338010788]",15774,15,6,15774,15,6,15774,15,6,,0,0.0,0.0,0,False,0.0,0.0,1.1508757919073105,0.0,0.0,0.0,0.0,0.0,0.0,0.0,0
gaussian_process,gaussian_process,log_hyperparameters,1,bucketed,bucketed_nuts,history,64,128,3,,,8,,,squared_exponential,1,37,1e-05,16,0.2,8,,,0.9,1.1677180640399456,0.9855767649304268,1.1508757919073105,1.1677180640399456,0.9855767649304268,1.670533299446106,30,1.0984021797776222,1.1288006212562323,1.1677180640399456,1.2381269969046116,1.4376445934176445,"[1.4376445934176445, 1.2517331689596176, 1.2865190133452415, 1.2574762478470802, 1.3448894917964935, 1.223381131887436, 1.200158677995205, 1.0984021797776222, 1.1690682917833328, 1.1158743798732758, 1.1370238587260246, 1.122609406709671, 1.1715839728713036, 1.2237444445490837, 1.1663678362965584, 1.1347625330090523, 1.1310976594686508, 1.1578577756881714, 1.1123360022902489, 1.215295948088169, 1.359833024442196, 1.2429211810231209, 1.316328078508377, 1.1280349418520927, 1.1056843623518944, 1.131126083433628, 1.099374733865261, 1.1735383495688438, 1.136979267001152, 1.1037693098187447]","[1.1259062886238098, 1.0621444955468178, 1.125508300960064, 1.09056955575943, 1.0732094049453735, 1.047341838479042, 1.0340897962450981, 1.0698100626468658, 1.1263730078935623, 1.133472204208374, 1.2413197234272957, 1.2272987738251686, 1.0761056244373322, 1.1194539666175842, 1.1493793576955795, 1.1378916278481483, 1.1613123044371605, 1.090009905397892, 1.1523722261190414, 1.236663743853569, 2.087653301656246, 1.8813136368989944, 1.2477427795529366, 1.2342574298381805, 1.2027947306632996, 1.1808379366993904, 1.3956544250249863, 1.419371984899044, 1.3309617936611176, 1.4085945338010788]",15774,15,6,15774,15,6,15774,15,6,2,0,0.0,0.0,0,False,0.0,0.0,1.1677180640399456,0.0,0.0,0.0,0.0,0.0,0.0,0.0,0
gaussian_process,gaussian_process,log_hyperparameters,1,bucketed,bucketed_nuts,history,128,128,3,,,8,,,squared_exponential,1,37,1e-05,16,0.2,8,,,0.9,1.1511667892336845,0.9997472153217973,1.1508757919073105,1.1511667892336845,0.9997472153217973,1.1597950235009193,30,1.0929460152983665,1.1237633395940065,1.1511667892336845,1.1781791225075722,1.299641601741314,"[1.1500087678432465, 1.1686166524887085, 1.0929460152983665, 1.105380229651928, 1.1352559924125671, 1.1528615429997444, 1.122556708753109, 1.1229311525821686, 1.1209128499031067, 1.249671719968319, 1.1882717907428741, 1.0931667536497116, 1.1544227227568626, 1.115166425704956, 1.163237027823925, 1.1262599006295204, 1.1712206974625587, 1.1716158241033554, 1.2244893684983253, 1.2598233669996262, 1.2801241651177406, 1.1880324557423592, 1.1367930695414543, 1.1523248106241226, 1.299641601741314, 1.1398043856024742, 1.1358864232897758, 1.180366888642311, 1.1191052719950676, 1.1319288089871407]","[1.1259062886238098, 1.0621444955468178, 1.125508300960064, 1.09056955575943, 1.0732094049453735, 1.047341838479042, 1.0340897962450981, 1.0698100626468658, 1.1263730078935623, 1.133472204208374, 1.2413197234272957, 1.2272987738251686, 1.0761056244373322, 1.1194539666175842, 1.1493793576955795, 1.1378916278481483, 1.1613123044371605, 1.090009905397892, 1.1523722261190414, 1.236663743853569, 2.087653301656246, 1.8813136368989944, 1.2477427795529366, 1.2342574298381805, 1.2027947306632996, 1.1808379366993904, 1.3956544250249863, 1.419371984899044, 1.3309617936611176, 1.4085945338010788]",15774,15,6,15774,15,6,15774,15,6,1,0,0.0,0.0,0,False,0.0,0.0,1.1511667892336845,0.0,0.0,0.0,0.0,0.0,0.0,0.0,0
gaussian_process,gaussian_process,log_hyperparameters,1,bucketed,bucketed_nuts,last_depth,64,128,3,,,8,,,squared_exponential,1,37,1e-05,16,0.2,8,,,0.9,1.143467079848051,1.0064791651546663,1.1508757919073105,1.143467079848051,1.0064791651546663,1.1350393071770668,30,1.0580228716135025,1.100372675806284,1.143467079848051,1.166324196383357,1.242622047662735,"[1.1462337449193, 1.119136430323124, 1.0801600888371468, 1.0939160361886024, 1.095466673374176, 1.1494931802153587, 1.0725367963314056, 1.0580228716135025, 1.1095564663410187, 1.143191173672676, 1.1402922496199608, 1.143742986023426, 1.1664167642593384, 1.1837242543697357, 1.242622047662735, 1.228209674358368, 1.166046492755413, 1.2006915733218193, 1.1417338401079178, 1.194130651652813, 1.208571843802929, 1.1454238593578339, 1.2227990180253983, 1.109153188765049, 1.0968174263834953, 1.0868316665291786, 1.1130592003464699, 1.1550297513604164, 1.0974458381533623, 1.144812785089016]","[1.1259062886238098, 1.0621444955468178, 1.125508300960064, 1.09056955575943, 1.0732094049453735, 1.047341838479042, 1.0340897962450981, 1.0698100626468658, 1.1263730078935623, 1.133472204208374, 1.2413197234272957, 1.2272987738251686, 1.0761056244373322, 1.1194539666175842, 1.1493793576955795, 1.1378916278481483, 1.1613123044371605, 1.090009905397892, 1.1523722261190414, 1.236663743853569, 2.087653301656246, 1.8813136368989944, 1.2477427795529366, 1.2342574298381805, 1.2027947306632996, 1.1808379366993904, 1.3956544250249863, 1.419371984899044, 1.3309617936611176, 1.4085945338010788]",15774,15,6,15774,15,6,15774,15,6,2,0,0.0,0.0,0,False,0.0,0.0,1.143467079848051,0.0,0.0,0.0,0.0,0.0,0.0,0.0,0
gaussian_process,gaussian_process,log_hyperparameters,1,bucketed,bucketed_nuts,last_depth,128,128,3,,,8,,,squared_exponential,1,37,1e-05,16,0.2,8,,,0.9,1.1435528062283993,1.0064037144931361,1.1508757919073105,1.1435528062283993,1.0064037144931361,1.069159835577011,30,1.0840456783771515,1.1226457096636295,1.1435528062283993,1.1739592645317316,1.281852126121521,"[1.090692512691021, 1.1529415473341942, 1.1476714387536049, 1.1352245062589645, 1.1088110134005547, 1.1422594487667084, 1.0842188894748688, 1.0924364626407623, 1.1159257218241692, 1.1290415599942207, 1.1075609996914864, 1.139455609023571, 1.1205137595534325, 1.1422275602817535, 1.1823315173387527, 1.281852126121521, 1.1987823471426964, 1.1604907512664795, 1.1290426552295685, 1.1448461636900902, 1.1408997252583504, 1.1664465814828873, 1.1529564335942268, 1.1822027564048767, 1.1580585017800331, 1.1764634922146797, 1.0840456783771515, 1.2110310941934586, 1.2246503755450249, 1.184630200266838]","[1.1259062886238098, 1.0621444955468178, 1.125508300960064, 1.09056955575943, 1.0732094049453735, 1.047341838479042, 1.0340897962450981, 1.0698100626468658, 1.1263730078935623, 1.133472204208374, 1.2413197234272957, 1.2272987738251686, 1.0761056244373322, 1.1194539666175842, 1.1493793576955795, 1.1378916278481483, 1.1613123044371605, 1.090009905397892, 1.1523722261190414, 1.236663743853569, 2.087653301656246, 1.8813136368989944, 1.2477427795529366, 1.2342574298381805, 1.2027947306632996, 1.1808379366993904, 1.3956544250249863, 1.419371984899044, 1.3309617936611176, 1.4085945338010788]",15774,15,6,15774,15,6,15774,15,6,1,0,0.0,0.0,0,False,0.0,0.0,1.1435528062283993,0.0,0.0,0.0,0.0,0.0,0.0,0.0,0
gaussian_process,gaussian_process,log_hyperparameters,2,monolithic,nuts_reference,monolithic,0,128,3,,,8,,,squared_exponential,1,37,1e-05,16,0.2,8,,,0.9,1.0246052220463753,1.0,1.0246052220463753,1.0246052220463753,1.0,1.0211938321590424,30,0.985086090862751,1.0129648428410292,1.0246052220463753,1.038024891167879,1.1947779431939125,"[1.0207152217626572, 1.1947779431939125, 1.0378861874341965, 1.0091447904706001, 1.0288952738046646, 0.985086090862751, 1.0281998217105865, 1.03556227684021, 1.01871819794178, 1.0229145511984825, 0.9944425523281097, 1.075863666832447, 1.026295892894268, 1.0125236213207245, 1.0420474112033844, 1.0344887971878052, 1.0191221609711647, 1.0050941482186317, 1.0380711257457733, 1.027809977531433, 1.059263750910759, 1.0142885074019432, 0.9947870597243309, 1.0151077061891556, 0.9948144182562828, 1.0868781208992004, 1.0705373734235764, 0.9955188259482384, 1.0547012239694595, 1.0209830105304718]","[1.0207152217626572, 1.1947779431939125, 1.0378861874341965, 1.0091447904706001, 1.0288952738046646, 0.985086090862751, 1.0281998217105865, 1.03556227684021, 1.01871819794178, 1.0229145511984825, 0.9944425523281097, 1.075863666832447, 1.026295892894268, 1.0125236213207245, 1.0420474112033844, 1.0344887971878052, 1.0191221609711647, 1.0050941482186317, 1.0380711257457733, 1.027809977531433, 1.059263750910759, 1.0142885074019432, 0.9947870597243309, 1.0151077061891556, 0.9948144182562828, 1.0868781208992004, 1.0705373734235764, 0.9955188259482384, 1.0547012239694595, 1.0209830105304718]",15496,16,5,15496,16,5,15496,16,5,,0,0.0,0.0,0,False,0.0,0.0,1.0246052220463753,0.0,0.0,0.0,0.0,0.0,0.0,0.0,0
gaussian_process,gaussian_process,log_hyperparameters,2,bucketed,bucketed_nuts,history,64,128,3,,,8,,,squared_exponential,1,37,1e-05,16,0.2,8,,,0.9,1.1665374040603638,0.8783303634157246,1.0246052220463753,1.1665374040603638,0.8783303634157246,1.1372885257005692,30,1.090252049267292,1.135039296001196,1.1665374040603638,1.2174172289669514,1.3390139043331146,"[1.1731946617364883, 1.1106963902711868, 1.1405791714787483, 1.1699501425027847, 1.1392418816685677, 1.2776671350002289, 1.1761715710163116, 1.3267270773649216, 1.3390139043331146, 1.303252473473549, 1.2238945588469505, 1.237874113023281, 1.257995031774044, 1.230438008904457, 1.113578625023365, 1.113448590040207, 1.1515924707055092, 1.149255447089672, 1.1631246656179428, 1.1923950165510178, 1.1809106841683388, 1.133638434112072, 1.1470119133591652, 1.178733505308628, 1.1541028246283531, 1.1303762346506119, 1.090252049267292, 1.099719025194645, 1.0934240445494652, 1.1979852393269539]","[1.0207152217626572, 1.1947779431939125, 1.0378861874341965, 1.0091447904706001, 1.0288952738046646, 0.985086090862751, 1.0281998217105865, 1.03556227684021, 1.01871819794178, 1.0229145511984825, 0.9944425523281097, 1.075863666832447, 1.026295892894268, 1.0125236213207245, 1.0420474112033844, 1.0344887971878052, 1.0191221609711647, 1.0050941482186317, 1.0380711257457733, 1.027809977531433, 1.059263750910759, 1.0142885074019432, 0.9947870597243309, 1.0151077061891556, 0.9948144182562828, 1.0868781208992004, 1.0705373734235764, 0.9955188259482384, 1.0547012239694595, 1.0209830105304718]",15496,16,5,15496,16,5,15496,16,5,2,0,0.0,0.0,0,False,0.0,0.0,1.1665374040603638,0.0,0.0,0.0,0.0,0.0,0.0,0.0,0
gaussian_process,gaussian_process,log_hyperparameters,2,bucketed,bucketed_nuts,history,128,128,3,,,8,,,squared_exponential,1,37,1e-05,16,0.2,8,,,0.9,1.1309493072330952,0.9059691849081245,1.0246052220463753,1.1309493072330952,0.9059691849081245,1.1079037711024284,30,1.0683929175138474,1.0935704540461302,1.1309493072330952,1.1665477436035872,1.292022317647934,"[1.0943700596690178, 1.0813264474272728, 1.175070933997631, 1.078276552259922, 1.1142911538481712, 1.0987445041537285, 1.1513230949640274, 1.143886961042881, 1.127566635608673, 1.093303918838501, 1.0880460068583488, 1.0805820748209953, 1.1321299076080322, 1.1101399436593056, 1.08266132324934, 1.124990575015545, 1.088257096707821, 1.1297687068581581, 1.2068923115730286, 1.1818863973021507, 1.2046646922826767, 1.1626490578055382, 1.0683929175138474, 1.134113721549511, 1.163061000406742, 1.1679134219884872, 1.1677099913358688, 1.1608262434601784, 1.292022317647934, 1.2599071636795998]","[1.0207152217626572, 1.1947779431939125, 1.0378861874341965, 1.0091447904706001, 1.0288952738046646, 0.985086090862751, 1.0281998217105865, 1.03556227684021, 1.01871819794178, 1.0229145511984825, 0.9944425523281097, 1.075863666832447, 1.026295892894268, 1.0125236213207245, 1.0420474112033844, 1.0344887971878052, 1.0191221609711647, 1.0050941482186317, 1.0380711257457733, 1.027809977531433, 1.059263750910759, 1.0142885074019432, 0.9947870597243309, 1.0151077061891556, 0.9948144182562828, 1.0868781208992004, 1.0705373734235764, 0.9955188259482384, 1.0547012239694595, 1.0209830105304718]",15496,16,5,15496,16,5,15496,16,5,1,0,0.0,0.0,0,False,0.0,0.0,1.1309493072330952,0.0,0.0,0.0,0.0,0.0,0.0,0.0,0
gaussian_process,gaussian_process,log_hyperparameters,2,bucketed,bucketed_nuts,last_depth,64,128,3,,,8,,,squared_exponential,1,37,1e-05,16,0.2,8,,,0.9,1.1148069649934769,0.9190875678215471,1.0246052220463753,1.1148069649934769,0.9190875678215471,1.19601409137249,30,1.0470857992768288,1.0970976762473583,1.1148069649934769,1.1367226392030716,1.249216377735138,"[1.170885592699051, 1.180068463087082, 1.123121440410614, 1.1232519894838333, 1.1148009672760963, 1.0747337266802788, 1.0839053690433502, 1.1590611562132835, 1.249216377735138, 1.0987656638026237, 1.0965416803956032, 1.0889679491519928, 1.0470857992768288, 1.1357021480798721, 1.0896781086921692, 1.1494623497128487, 1.0991639643907547, 1.0702146366238594, 1.1370628029108047, 1.1102967858314514, 1.134244091808796, 1.1103272289037704, 1.1042829230427742, 1.1475261002779007, 1.1439608186483383, 1.1229946240782738, 1.091674156486988, 1.1148129627108574, 1.1076602041721344, 1.12373785674572]","[1.0207152217626572, 1.1947779431939125, 1.0378861874341965, 1.0091447904706001, 1.0288952738046646, 0.985086090862751, 1.0281998217105865, 1.03556227684021, 1.01871819794178, 1.0229145511984825, 0.9944425523281097, 1.075863666832447, 1.026295892894268, 1.0125236213207245, 1.0420474112033844, 1.0344887971878052, 1.0191221609711647, 1.0050941482186317, 1.0380711257457733, 1.027809977531433, 1.059263750910759, 1.0142885074019432, 0.9947870597243309, 1.0151077061891556, 0.9948144182562828, 1.0868781208992004, 1.0705373734235764, 0.9955188259482384, 1.0547012239694595, 1.0209830105304718]",15496,16,5,15496,16,5,15496,16,5,2,0,0.0,0.0,0,False,0.0,0.0,1.1148069649934769,0.0,0.0,0.0,0.0,0.0,0.0,0.0,0
gaussian_process,gaussian_process,log_hyperparameters,2,bucketed,bucketed_nuts,last_depth,128,128,3,,,8,,,squared_exponential,1,37,1e-05,16,0.2,8,,,0.9,1.1750212162733078,0.8719886993155823,1.0246052220463753,1.1750212162733078,0.8719886993155823,1.1686086803674698,30,1.0700393170118332,1.1364810969680548,1.1750212162733078,1.2125548757612705,1.4706969559192657,"[1.1847114190459251, 1.2149352356791496, 1.1361681744456291, 1.1604637429118156, 1.1440072804689407, 1.1771357730031013, 1.1834179535508156, 1.1413950473070145, 1.2603531256318092, 1.203159637749195, 1.1374198645353317, 1.1948819756507874, 1.2095065340399742, 1.2135709896683693, 1.1273613423109055, 1.2393049150705338, 1.1729066595435143, 1.2906009331345558, 1.4706969559192657, 1.4053308963775635, 1.1675768122076988, 1.1802849397063255, 1.1682062968611717, 1.2324339598417282, 1.1303819566965103, 1.1359193921089172, 1.1044077575206757, 1.0700393170118332, 1.1008365675807, 1.1159195005893707]","[1.0207152217626572, 1.1947779431939125, 1.0378861874341965, 1.0091447904706001, 1.0288952738046646, 0.985086090862751, 1.0281998217105865, 1.03556227684021, 1.01871819794178, 1.0229145511984825, 0.9944425523281097, 1.075863666832447, 1.026295892894268, 1.0125236213207245, 1.0420474112033844, 1.0344887971878052, 1.0191221609711647, 1.0050941482186317, 1.0380711257457733, 1.027809977531433, 1.059263750910759, 1.0142885074019432, 0.9947870597243309, 1.0151077061891556, 0.9948144182562828, 1.0868781208992004, 1.0705373734235764, 0.9955188259482384, 1.0547012239694595, 1.0209830105304718]",15496,16,5,15496,16,5,15496,16,5,1,0,0.0,0.0,0,False,0.0,0.0,1.1750212162733078,0.0,0.0,0.0,0.0,0.0,0.0,0.0,0
gaussian_process,gaussian_process,log_hyperparameters,3,monolithic,nuts_reference,monolithic,0,128,3,,,8,,,squared_exponential,1,37,1e-05,16,0.2,8,,,0.9,1.0681485086679459,1.0,1.0681485086679459,1.0681485086679459,1.0,1.0236340835690498,30,0.9920999258756638,1.0222195032984018,1.0681485086679459,1.0883374828845263,1.1543192267417908,"[1.0757802203297615, 1.0221686288714409, 1.0045663714408875, 1.0778702199459076, 1.0213286653161049, 1.0696477517485619, 1.1043107733130455, 0.9920999258756638, 1.0139946043491364, 1.0973470360040665, 1.048498809337616, 1.0875612795352936, 1.113245114684105, 1.070948988199234, 1.1543192267417908, 1.0477124154567719, 1.0666492655873299, 1.0184377282857895, 1.079127475619316, 1.0743830502033234, 1.107768476009369, 1.0387967601418495, 1.034512035548687, 1.0463128983974457, 1.0922935530543327, 1.1424100622534752, 1.0103667005896568, 1.0885962173342705, 1.010984592139721, 1.0223721265792847]","[1.0757802203297615, 1.0221686288714409, 1.0045663714408875, 1.0778702199459076, 1.0213286653161049, 1.0696477517485619, 1.1043107733130455, 0.9920999258756638, 1.0139946043491364, 1.0973470360040665, 1.048498809337616, 1.0875612795352936, 1.113245114684105, 1.070948988199234, 1.1543192267417908, 1.0477124154567719, 1.0666492655873299, 1.0184377282857895, 1.079127475619316, 1.0743830502033234, 1.107768476009369, 1.0387967601418495, 1.034512035548687, 1.0463128983974457, 1.0922935530543327, 1.1424100622534752, 1.0103667005896568, 1.0885962173342705, 1.010984592139721, 1.0223721265792847]",15502,13,6,15502,13,6,15502,13,6,,0,0.0,0.0,0,False,0.0,0.0,1.0681485086679459,0.0,0.0,0.0,0.0,0.0,0.0,0.0,0
gaussian_process,gaussian_process,log_hyperparameters,3,bucketed,bucketed_nuts,history,64,128,3,,,8,,,squared_exponential,1,37,1e-05,16,0.2,8,,,0.9,1.1865368634462357,0.9002236184770216,1.0681485086679459,1.1865368634462357,0.9002236184770216,1.079016461968422,30,1.0858725979924202,1.1294186897575855,1.1865368634462357,1.241335354745388,1.49423298984766,"[1.1142316684126854, 1.137725055217743, 1.086911603808403, 1.117971956729889, 1.0858725979924202, 1.153052270412445, 1.1268345564603806, 1.148288942873478, 1.1852947995066643, 1.1695851236581802, 1.2453435808420181, 1.3999393209815025, 1.3483316898345947, 1.1963036879897118, 1.187778927385807, 1.1715372502803802, 1.25431277602911, 1.1997198313474655, 1.1022602021694183, 1.09807750582695, 1.091754138469696, 1.1371710896492004, 1.217027448117733, 1.3185610175132751, 1.3011306524276733, 1.2242553383111954, 1.2293106764554977, 1.4048662558197975, 1.2270296961069107, 1.49423298984766]","[1.0757802203297615, 1.0221686288714409, 1.0045663714408875, 1.0778702199459076, 1.0213286653161049, 1.0696477517485619, 1.1043107733130455, 0.9920999258756638, 1.0139946043491364, 1.0973470360040665, 1.048498809337616, 1.0875612795352936, 1.113245114684105, 1.070948988199234, 1.1543192267417908, 1.0477124154567719, 1.0666492655873299, 1.0184377282857895, 1.079127475619316, 1.0743830502033234, 1.107768476009369, 1.0387967601418495, 1.034512035548687, 1.0463128983974457, 1.0922935530543327, 1.1424100622534752, 1.0103667005896568, 1.0885962173342705, 1.010984592139721, 1.0223721265792847]",15502,13,6,15502,13,6,15502,13,6,2,0,0.0,0.0,0,False,0.0,0.0,1.1865368634462357,0.0,0.0,0.0,0.0,0.0,0.0,0.0,0
gaussian_process,gaussian_process,log_hyperparameters,3,bucketed,bucketed_nuts,history,128,128,3,,,8,,,squared_exponential,1,37,1e-05,16,0.2,8,,,0.9,1.1783073544502258,0.9065109409983461,1.0681485086679459,1.1783073544502258,0.9065109409983461,1.279089778661728,30,1.1131946966052055,1.152081249281764,1.1783073544502258,1.2050420194864273,1.3311097547411919,"[1.1690441891551018, 1.154811754822731, 1.138873130083084, 1.116993322968483, 1.2025598660111427, 1.1289750188589096, 1.1668243259191513, 1.178274154663086, 1.1580311432480812, 1.1131946966052055, 1.1381741911172867, 1.1899480521678925, 1.2027612254023552, 1.1783405542373657, 1.3311097547411919, 1.2014547362923622, 1.2718619853258133, 1.2753864079713821, 1.205802284181118, 1.3284346014261246, 1.2363294512033463, 1.1842179521918297, 1.1743400990962982, 1.1219882667064667, 1.213089644908905, 1.1511710807681084, 1.164392501115799, 1.18105249106884, 1.1429530009627342, 1.2975612878799438]","[1.0757802203297615, 1.0221686288714409, 1.0045663714408875, 1.0778702199459076, 1.0213286653161049, 1.0696477517485619, 1.1043107733130455, 0.9920999258756638, 1.0139946043491364, 1.0973470360040665, 1.048498809337616, 1.0875612795352936, 1.113245114684105, 1.070948988199234, 1.1543192267417908, 1.0477124154567719, 1.0666492655873299, 1.0184377282857895, 1.079127475619316, 1.0743830502033234, 1.107768476009369, 1.0387967601418495, 1.034512035548687, 1.0463128983974457, 1.0922935530543327, 1.1424100622534752, 1.0103667005896568, 1.0885962173342705, 1.010984592139721, 1.0223721265792847]",15502,13,6,15502,13,6,15502,13,6,1,0,0.0,0.0,0,False,0.0,0.0,1.1783073544502258,0.0,0.0,0.0,0.0,0.0,0.0,0.0,0
gaussian_process,gaussian_process,log_hyperparameters,3,bucketed,bucketed_nuts,last_depth,64,128,3,,,8,,,squared_exponential,1,37,1e-05,16,0.2,8,,,0.9,1.1975064873695374,0.8919772209453818,1.0681485086679459,1.1975064873695374,0.8919772209453818,1.3454376310110092,30,1.121266707777977,1.1741698905825615,1.1975064873695374,1.2620679885149002,1.4521267116069794,"[1.2189550772309303, 1.2681339606642723, 1.2066278532147408, 1.2817573174834251, 1.3870767802000046, 1.2819982096552849, 1.2239142134785652, 1.3346269056200981, 1.436216488480568, 1.4521267116069794, 1.1826205253601074, 1.1444771513342857, 1.243870072066784, 1.212818704545498, 1.1733280718326569, 1.1880112513899803, 1.1530326083302498, 1.188385121524334, 1.1879299357533455, 1.2774566039443016, 1.121266707777977, 1.183269277215004, 1.1348628625273705, 1.1727073341608047, 1.2185378819704056, 1.1766953468322754, 1.1537654176354408, 1.1774542555212975, 1.1512705236673355, 1.2426049634814262]","[1.0757802203297615, 1.0221686288714409, 1.0045663714408875, 1.0778702199459076, 1.0213286653161049, 1.0696477517485619, 1.1043107733130455, 0.9920999258756638, 1.0139946043491364, 1.0973470360040665, 1.048498809337616, 1.0875612795352936, 1.113245114684105, 1.070948988199234, 1.1543192267417908, 1.0477124154567719, 1.0666492655873299, 1.0184377282857895, 1.079127475619316, 1.0743830502033234, 1.107768476009369, 1.0387967601418495, 1.034512035548687, 1.0463128983974457, 1.0922935530543327, 1.1424100622534752, 1.0103667005896568, 1.0885962173342705, 1.010984592139721, 1.0223721265792847]",15502,13,6,15502,13,6,15502,13,6,2,0,0.0,0.0,0,False,0.0,0.0,1.1975064873695374,0.0,0.0,0.0,0.0,0.0,0.0,0.0,0
gaussian_process,gaussian_process,log_hyperparameters,3,bucketed,bucketed_nuts,last_depth,128,128,3,,,8,,,squared_exponential,1,37,1e-05,16,0.2,8,,,0.9,1.1503319181501865,0.9285567859280152,1.0681485086679459,1.1503319181501865,0.9285567859280152,1.196980744600296,30,1.0706519037485123,1.115882659330964,1.1503319181501865,1.1946678645908833,1.3038013577461243,"[1.0706519037485123, 1.0870428383350372, 1.2235315144062042, 1.0970542952418327, 1.093874916434288, 1.1018166840076447, 1.099058784544468, 1.1510126367211342, 1.1366259455680847, 1.0906360447406769, 1.1104639694094658, 1.1781167089939117, 1.2523928582668304, 1.1494456082582474, 1.1384811028838158, 1.176920734345913, 1.1550093740224838, 1.2953427284955978, 1.3038013577461243, 1.2686905711889267, 1.239512324333191, 1.214399091899395, 1.1972269043326378, 1.149651199579239, 1.1869907453656197, 1.1645676717162132, 1.1412355676293373, 1.132138729095459, 1.1583845764398575, 1.1472715958952904]","[1.0757802203297615, 1.0221686288714409, 1.0045663714408875, 1.0778702199459076, 1.0213286653161049, 1.0696477517485619, 1.1043107733130455, 0.9920999258756638, 1.0139946043491364, 1.0973470360040665, 1.048498809337616, 1.0875612795352936, 1.113245114684105, 1.070948988199234, 1.1543192267417908, 1.0477124154567719, 1.0666492655873299, 1.0184377282857895, 1.079127475619316, 1.0743830502033234, 1.107768476009369, 1.0387967601418495, 1.034512035548687, 1.0463128983974457, 1.0922935530543327, 1.1424100622534752, 1.0103667005896568, 1.0885962173342705, 1.010984592139721, 1.0223721265792847]",15502,13,6,15502,13,6,15502,13,6,1,0,0.0,0.0,0,False,0.0,0.0,1.1503319181501865,0.0,0.0,0.0,0.0,0.0,0.0,0.0,0
gaussian_process,gaussian_process,log_hyperparameters,4,monolithic,nuts_reference,monolithic,0,128,3,,,8,,,squared_exponential,1,37,1e-05,16,0.2,8,,,0.9,1.0324872471392155,1.0,1.0324872471392155,1.0324872471392155,1.0,1.0199255421757698,30,0.9876000732183456,1.0060441084206104,1.0324872471392155,1.076747503131628,1.1906941682100296,"[1.0114354267716408, 1.063757836818695, 1.0331532433629036, 1.078611046075821, 1.0988117381930351, 1.1906941682100296, 0.9876000732183456, 1.0038760676980019, 0.9899614825844765, 1.0339455381035805, 1.0048919096589088, 1.0318212509155273, 1.0470459461212158, 1.0156030878424644, 0.9994679987430573, 1.0078981295228004, 1.083497829735279, 1.005426101386547, 1.028648890554905, 1.136861376464367, 1.059557318687439, 1.0856332033872604, 1.010466605424881, 0.989362858235836, 0.999444842338562, 1.0293633341789246, 1.0846397578716278, 1.0711568742990494, 1.0651525408029556, 1.0930030569434166]","[1.0114354267716408, 1.063757836818695, 1.0331532433629036, 1.078611046075821, 1.0988117381930351, 1.1906941682100296, 0.9876000732183456, 1.0038760676980019, 0.9899614825844765, 1.0339455381035805, 1.0048919096589088, 1.0318212509155273, 1.0470459461212158, 1.0156030878424644, 0.9994679987430573, 1.0078981295228004, 1.083497829735279, 1.005426101386547, 1.028648890554905, 1.136861376464367, 1.059557318687439, 1.0856332033872604, 1.010466605424881, 0.989362858235836, 0.999444842338562, 1.0293633341789246, 1.0846397578716278, 1.0711568742990494, 1.0651525408029556, 1.0930030569434166]",15633,6,6,15633,6,6,15633,6,6,,0,0.0,0.0,0,False,0.0,0.0,1.0324872471392155,0.0,0.0,0.0,0.0,0.0,0.0,0.0,0
gaussian_process,gaussian_process,log_hyperparameters,4,bucketed,bucketed_nuts,history,64,128,3,,,8,,,squared_exponential,1,37,1e-05,16,0.2,8,,,0.9,1.1261764392256737,0.9168077142948611,1.0324872471392155,1.1261764392256737,0.9168077142948611,1.197027549147606,30,1.0219920575618744,1.0903404876589775,1.1261764392256737,1.1532257907092571,1.3323567807674408,"[1.1831657066941261, 1.1543926820158958, 1.0645255073904991, 1.0510121136903763, 1.0664398968219757, 1.0982958301901817, 1.1352759003639221, 1.1211436614394188, 1.1842660829424858, 1.3323567807674408, 1.2846508100628853, 1.149725116789341, 1.220384530723095, 1.2381125092506409, 1.1900285929441452, 1.1196678802371025, 1.1266629323363304, 1.057989940047264, 1.0396929755806923, 1.0219920575618744, 1.089124210178852, 1.0939893200993538, 1.125689946115017, 1.134718120098114, 1.1462212726473808, 1.1337484568357468, 1.1188492998480797, 1.144767887890339, 1.0983492508530617, 1.0791398733854294]","[1.0114354267716408, 1.063757836818695, 1.0331532433629036, 1.078611046075821, 1.0988117381930351, 1.1906941682100296, 0.9876000732183456, 1.0038760676980019, 0.9899614825844765, 1.0339455381035805, 1.0048919096589088, 1.0318212509155273, 1.0470459461212158, 1.0156030878424644, 0.9994679987430573, 1.0078981295228004, 1.083497829735279, 1.005426101386547, 1.028648890554905, 1.136861376464367, 1.059557318687439, 1.0856332033872604, 1.010466605424881, 0.989362858235836, 0.999444842338562, 1.0293633341789246, 1.0846397578716278, 1.0711568742990494, 1.0651525408029556, 1.0930030569434166]",15633,6,6,15633,6,6,15633,6,6,2,0,0.0,0.0,0,False,0.0,0.0,1.1261764392256737,0.0,0.0,0.0,0.0,0.0,0.0,0.0,0
gaussian_process,gaussian_process,log_hyperparameters,4,bucketed,bucketed_nuts,history,128,128,3,,,8,,,squared_exponential,1,37,1e-05,16,0.2,8,,,0.9,1.1326264925301075,0.9115867004247827,1.0324872471392155,1.1326264925301075,0.9115867004247827,1.0851954594254494,30,1.0718377232551575,1.1089337226003408,1.1326264925301075,1.1822992116212845,1.2747004628181458,"[1.1160724386572838, 1.2053192779421806, 1.129014976322651, 1.111712247133255, 1.1002805680036545, 1.2195556536316872, 1.268474631011486, 1.136238008737564, 1.182807371020317, 1.217718556523323, 1.2071707174181938, 1.1965637281537056, 1.2747004628181458, 1.171847254037857, 1.166489191353321, 1.108667753636837, 1.090845912694931, 1.1506976783275604, 1.1807747334241867, 1.101556546986103, 1.112293854355812, 1.1409173756837845, 1.1580709367990494, 1.0718377232551575, 1.1097316294908524, 1.0970961600542068, 1.1180520132184029, 1.1076002418994904, 1.1286707073450089, 1.0916019678115845]","[1.0114354267716408, 1.063757836818695, 1.0331532433629036, 1.078611046075821, 1.0988117381930351, 1.1906941682100296, 0.9876000732183456, 1.0038760676980019, 0.9899614825844765, 1.0339455381035805, 1.0048919096589088, 1.0318212509155273, 1.0470459461212158, 1.0156030878424644, 0.9994679987430573, 1.0078981295228004, 1.083497829735279, 1.005426101386547, 1.028648890554905, 1.136861376464367, 1.059557318687439, 1.0856332033872604, 1.010466605424881, 0.989362858235836, 0.999444842338562, 1.0293633341789246, 1.0846397578716278, 1.0711568742990494, 1.0651525408029556, 1.0930030569434166]",15633,6,6,15633,6,6,15633,6,6,1,0,0.0,0.0,0,False,0.0,0.0,1.1326264925301075,0.0,0.0,0.0,0.0,0.0,0.0,0.0,0
gaussian_process,gaussian_process,log_hyperparameters,4,bucketed,bucketed_nuts,last_depth,64,128,3,,,8,,,squared_exponential,1,37,1e-05,16,0.2,8,,,0.9,1.1454006657004356,0.9014201563326565,1.0324872471392155,1.1454006657004356,0.9014201563326565,1.1294732764363289,30,0.9922875463962555,1.1173679493367672,1.1454006657004356,1.2328937985002995,1.353129431605339,"[1.2596917748451233, 1.1969604045152664, 1.2613815292716026, 1.353129431605339, 1.2790064960718155, 1.2994765043258667, 1.2814874947071075, 1.1464879885315895, 1.1197261288762093, 1.0673716515302658, 1.1071460470557213, 1.1573756337165833, 1.2504205331206322, 1.1362277567386627, 1.1407793536782265, 1.1443133428692818, 1.1702706441283226, 1.242828942835331, 1.1428587660193443, 1.1605473011732101, 1.1036944016814232, 1.1037116572260857, 1.117105595767498, 1.1313306987285614, 1.203088365495205, 1.1824886798858643, 1.1181550100445747, 1.0870300233364105, 1.0596183389425278, 0.9922875463962555]","[1.0114354267716408, 1.063757836818695, 1.0331532433629036, 1.078611046075821, 1.0988117381930351, 1.1906941682100296, 0.9876000732183456, 1.0038760676980019, 0.9899614825844765, 1.0339455381035805, 1.0048919096589088, 1.0318212509155273, 1.0470459461212158, 1.0156030878424644, 0.9994679987430573, 1.0078981295228004, 1.083497829735279, 1.005426101386547, 1.028648890554905, 1.136861376464367, 1.059557318687439, 1.0856332033872604, 1.010466605424881, 0.989362858235836, 0.999444842338562, 1.0293633341789246, 1.0846397578716278, 1.0711568742990494, 1.0651525408029556, 1.0930030569434166]",15633,6,6,15633,6,6,15633,6,6,2,0,0.0,0.0,0,False,0.0,0.0,1.1454006657004356,0.0,0.0,0.0,0.0,0.0,0.0,0.0,0
gaussian_process,gaussian_process,log_hyperparameters,4,bucketed,bucketed_nuts,last_depth,128,128,3,,,8,,,squared_exponential,1,37,1e-05,16,0.2,8,,,0.9,1.104693342000246,0.9346369783217047,1.0324872471392155,1.104693342000246,0.9346369783217047,1.0941711738705635,30,1.0169763267040253,1.068668520078063,1.104693342000246,1.186260774731636,1.3393988832831383,"[1.0480946823954582, 1.062184289097786, 1.0287048444151878, 1.1063756868243217, 1.1030109971761703, 1.087496593594551, 1.067158304154873, 1.0731991678476334, 1.0844291299581528, 1.0169763267040253, 1.056527890264988, 1.0375299006700516, 1.0947870463132858, 1.074064239859581, 1.0667051076889038, 1.1081198081374168, 1.0904465317726135, 1.1512070074677467, 1.1080283671617508, 1.117633692920208, 1.118839092552662, 1.187639407813549, 1.2951950207352638, 1.2149205803871155, 1.2539008185267448, 1.295140266418457, 1.2575274556875229, 1.182124875485897, 1.3393988832831383, 1.1921850144863129]","[1.0114354267716408, 1.063757836818695, 1.0331532433629036, 1.078611046075821, 1.0988117381930351, 1.1906941682100296, 0.9876000732183456, 1.0038760676980019, 0.9899614825844765, 1.0339455381035805, 1.0048919096589088, 1.0318212509155273, 1.0470459461212158, 1.0156030878424644, 0.9994679987430573, 1.0078981295228004, 1.083497829735279, 1.005426101386547, 1.028648890554905, 1.136861376464367, 1.059557318687439, 1.0856332033872604, 1.010466605424881, 0.989362858235836, 0.999444842338562, 1.0293633341789246, 1.0846397578716278, 1.0711568742990494, 1.0651525408029556, 1.0930030569434166]",15633,6,6,15633,6,6,15633,6,6,1,0,0.0,0.0,0,False,0.0,0.0,1.104693342000246,0.0,0.0,0.0,0.0,0.0,0.0,0.0,0
gaussian_process,gaussian_process,log_hyperparameters,0,monolithic,nuts_reference,monolithic,0,256,3,,,8,,,squared_exponential,1,37,1e-05,16,0.2,8,,,0.9,1.9819751381874084,1.0,1.9819751381874084,1.9819751381874084,1.0,9.247448153793812,30,1.8807338401675224,1.9242470040917397,1.9819751381874084,2.115304261445999,2.401561751961708,"[2.0043363124132156, 1.9622906595468521, 2.1478026285767555, 2.0033688694238663, 1.9334741607308388, 1.9085131660103798, 1.9356538727879524, 1.907039798796177, 1.9872659295797348, 1.8807338401675224, 2.083312228322029, 2.0354186668992043, 1.8809121251106262, 1.9126886427402496, 1.975367784500122, 1.9686224535107613, 2.1736278608441353, 2.0417826995253563, 2.119987152516842, 2.176044724881649, 2.401561751961708, 2.2009411826729774, 2.2610920667648315, 2.101255588233471, 2.1605216562747955, 1.9203407540917397, 1.9138405621051788, 1.92117128521204, 1.9631608873605728, 1.976684346795082]","[2.0043363124132156, 1.9622906595468521, 2.1478026285767555, 2.0033688694238663, 1.9334741607308388, 1.9085131660103798, 1.9356538727879524, 1.907039798796177, 1.9872659295797348, 1.8807338401675224, 2.083312228322029, 2.0354186668992043, 1.8809121251106262, 1.9126886427402496, 1.975367784500122, 1.9686224535107613, 2.1736278608441353, 2.0417826995253563, 2.119987152516842, 2.176044724881649, 2.401561751961708, 2.2009411826729774, 2.2610920667648315, 2.101255588233471, 2.1605216562747955, 1.9203407540917397, 1.9138405621051788, 1.92117128521204, 1.9631608873605728, 1.976684346795082]",31621,19,6,31621,19,6,31621,19,6,,0,0.0,0.0,0,False,0.0,0.0,1.9819751381874084,0.0,0.0,0.0,0.0,0.0,0.0,0.0,0
gaussian_process,gaussian_process,log_hyperparameters,0,bucketed,bucketed_nuts,history,64,256,3,,,8,,,squared_exponential,1,37,1e-05,16,0.2,8,,,0.9,2.2187830731272697,0.8932712540455378,1.9819751381874084,2.2187830731272697,0.8932712540455378,6.0012317299842834,30,2.0650452449917793,2.1488100197166204,2.2187830731272697,2.26443849503994,2.429388888180256,"[2.2093093395233154, 2.1414735317230225, 2.1361328214406967, 2.0650452449917793, 2.13506493717432, 2.0733054354786873, 2.311253771185875, 2.205415688455105, 2.0846896693110466, 2.228486180305481, 2.2111630514264107, 2.174147881567478, 2.214289717376232, 2.2517758533358574, 2.315687231719494, 2.3266718611121178, 2.429388888180256, 2.374956578016281, 2.26617244631052, 2.3784896209836006, 2.2168619483709335, 2.259236641228199, 2.1439092829823494, 2.2530280351638794, 2.162249892950058, 2.2550295516848564, 2.1443300619721413, 2.331045985221863, 2.2280161157250404, 2.220704197883606]","[2.0043363124132156, 1.9622906595468521, 2.1478026285767555, 2.0033688694238663, 1.9334741607308388, 1.9085131660103798, 1.9356538727879524, 1.907039798796177, 1.9872659295797348, 1.8807338401675224, 2.083312228322029, 2.0354186668992043, 1.8809121251106262, 1.9126886427402496, 1.975367784500122, 1.9686224535107613, 2.1736278608441353, 2.0417826995253563, 2.119987152516842, 2.176044724881649, 2.401561751961708, 2.2009411826729774, 2.2610920667648315, 2.101255588233471, 2.1605216562747955, 1.9203407540917397, 1.9138405621051788, 1.92117128521204, 1.9631608873605728, 1.976684346795082]",31621,19,6,31621,19,6,31621,19,6,4,0,0.0,0.0,0,False,0.0,0.0,2.2187830731272697,0.0,0.0,0.0,0.0,0.0,0.0,0.0,0
gaussian_process,gaussian_process,log_hyperparameters,0,bucketed,bucketed_nuts,history,128,256,3,,,8,,,squared_exponential,1,37,1e-05,16,0.2,8,,,0.9,2.1761339716613293,0.9107780881129787,1.9819751381874084,2.1761339716613293,0.9107780881129787,6.222926542162895,30,1.9389268979430199,2.0926290042698383,2.1761339716613293,2.239016067236662,2.3433832302689552,"[2.1650686115026474, 2.215151257812977, 2.118423752486706, 2.1218979507684708, 2.202143684029579, 2.20913128554821, 2.187199331820011, 2.308760516345501, 2.1550638750195503, 2.254644490778446, 2.1117533445358276, 2.1479790955781937, 2.3433832302689552, 2.2435666918754578, 2.056428112089634, 2.2110137790441513, 2.0814710929989815, 2.2253641933202744, 2.262282580137253, 2.2575381994247437, 2.307731553912163, 2.2653979286551476, 2.1995142996311188, 2.1638511419296265, 2.0862542241811752, 2.0696206465363503, 1.940504364669323, 2.051408350467682, 2.0050783157348633, 1.9389268979430199]","[2.0043363124132156, 1.9622906595468521, 2.1478026285767555, 2.0033688694238663, 1.9334741607308388, 1.9085131660103798, 1.9356538727879524, 1.907039798796177, 1.9872659295797348, 1.8807338401675224, 2.083312228322029, 2.0354186668992043, 1.8809121251106262, 1.9126886427402496, 1.975367784500122, 1.9686224535107613, 2.1736278608441353, 2.0417826995253563, 2.119987152516842, 2.176044724881649, 2.401561751961708, 2.2009411826729774, 2.2610920667648315, 2.101255588233471, 2.1605216562747955, 1.9203407540917397, 1.9138405621051788, 1.92117128521204, 1.9631608873605728, 1.976684346795082]",31621,19,6,31621,19,6,31621,19,6,2,0,0.0,0.0,0,False,0.0,0.0,2.1761339716613293,0.0,0.0,0.0,0.0,0.0,0.0,0.0,0
gaussian_process,gaussian_process,log_hyperparameters,0,bucketed,bucketed_nuts,last_depth,64,256,3,,,8,,,squared_exponential,1,37,1e-05,16,0.2,8,,,0.9,2.0731530860066414,0.9560196743623685,1.9819751381874084,2.0731530860066414,0.9560196743623685,2.068130411207676,30,1.9594056978821754,2.042766682803631,2.0731530860066414,2.237086867913604,2.584104135632515,"[1.9594056978821754, 2.0475033074617386, 2.008612744510174, 2.056199513375759, 2.157528907060623, 2.1552339419722557, 2.1827776059508324, 2.2797862514853477, 2.2651204615831375, 2.245044194161892, 2.3274453207850456, 2.4397901818156242, 2.584104135632515, 2.2553942650556564, 2.1841353848576546, 2.2641995772719383, 2.0467292219400406, 2.154442735016346, 2.0573655292391777, 2.019351601600647, 2.0488210693001747, 2.2132148891687393, 2.0414458364248276, 2.038439340889454, 2.066904306411743, 2.063149154186249, 1.9889262914657593, 2.0343742594122887, 2.034724958240986, 2.0794018656015396]","[2.0043363124132156, 1.9622906595468521, 2.1478026285767555, 2.0033688694238663, 1.9334741607308388, 1.9085131660103798, 1.9356538727879524, 1.907039798796177, 1.9872659295797348, 1.8807338401675224, 2.083312228322029, 2.0354186668992043, 1.8809121251106262, 1.9126886427402496, 1.975367784500122, 1.9686224535107613, 2.1736278608441353, 2.0417826995253563, 2.119987152516842, 2.176044724881649, 2.401561751961708, 2.2009411826729774, 2.2610920667648315, 2.101255588233471, 2.1605216562747955, 1.9203407540917397, 1.9138405621051788, 1.92117128521204, 1.9631608873605728, 1.976684346795082]",31621,19,6,31621,19,6,31621,19,6,4,0,0.0,0.0,0,False,0.0,0.0,2.0731530860066414,0.0,0.0,0.0,0.0,0.0,0.0,0.0,0
gaussian_process,gaussian_process,log_hyperparameters,0,bucketed,bucketed_nuts,last_depth,128,256,3,,,8,,,squared_exponential,1,37,1e-05,16,0.2,8,,,0.9,2.1742001697421074,0.9115881627506727,1.9819751381874084,2.1742001697421074,0.9115881627506727,1.9399179443717003,30,1.9748807400465012,2.1003780849277973,2.1742001697421074,2.2207350097596645,2.3710014447569847,"[1.9748807400465012, 2.0289786383509636, 2.020635202527046, 2.1756093874573708, 2.358374275267124, 2.3710014447569847, 2.1453170999884605, 2.2312931567430496, 2.172790952026844, 2.1780574321746826, 2.246887169778347, 2.049713723361492, 2.0920408368110657, 2.1454288959503174, 2.2222021520137787, 2.1290267929434776, 2.1044803112745285, 2.110003851354122, 2.2012578919529915, 2.216333582997322, 2.145106963813305, 2.1826949939131737, 2.0716824010014534, 2.1810751780867577, 2.02521350979805, 2.0990106761455536, 2.234668582677841, 2.195996806025505, 2.259488634765148, 2.239032417535782]","[2.0043363124132156, 1.9622906595468521, 2.1478026285767555, 2.0033688694238663, 1.9334741607308388, 1.9085131660103798, 1.9356538727879524, 1.907039798796177, 1.9872659295797348, 1.8807338401675224, 2.083312228322029, 2.0354186668992043, 1.8809121251106262, 1.9126886427402496, 1.975367784500122, 1.9686224535107613, 2.1736278608441353, 2.0417826995253563, 2.119987152516842, 2.176044724881649, 2.401561751961708, 2.2009411826729774, 2.2610920667648315, 2.101255588233471, 2.1605216562747955, 1.9203407540917397, 1.9138405621051788, 1.92117128521204, 1.9631608873605728, 1.976684346795082]",31621,19,6,31621,19,6,31621,19,6,2,0,0.0,0.0,0,False,0.0,0.0,2.1742001697421074,0.0,0.0,0.0,0.0,0.0,0.0,0.0,0
gaussian_process,gaussian_process,log_hyperparameters,1,monolithic,nuts_reference,monolithic,0,256,3,,,8,,,squared_exponential,1,37,1e-05,16,0.2,8,,,0.9,2.096545573323965,1.0,2.096545573323965,2.096545573323965,1.0,2.2045294120907784,30,1.9335777387022972,2.0477865897119045,2.096545573323965,2.148920373991132,2.2756141051650047,"[2.217157945036888, 2.1937047988176346, 2.2394487634301186, 2.112651601433754, 2.103237636387348, 2.0261441990733147, 2.244744673371315, 2.1176938340067863, 2.0840922370553017, 2.11675713211298, 2.045392729341984, 2.0748196318745613, 2.1593292206525803, 1.9335777387022972, 1.991429090499878, 1.9643486812710762, 2.098845049738884, 2.0721460431814194, 2.1691297441720963, 2.255188226699829, 2.094246096909046, 2.099708504974842, 2.0651744455099106, 2.047543726861477, 2.044513761997223, 2.0264645740389824, 2.0485151782631874, 2.060971386730671, 2.1035937294363976, 2.2756141051650047]","[2.217157945036888, 2.1937047988176346, 2.2394487634301186, 2.112651601433754, 2.103237636387348, 2.0261441990733147, 2.244744673371315, 2.1176938340067863, 2.0840922370553017, 2.11675713211298, 2.045392729341984, 2.0748196318745613, 2.1593292206525803, 1.9335777387022972, 1.991429090499878, 1.9643486812710762, 2.098845049738884, 2.0721460431814194, 2.1691297441720963, 2.255188226699829, 2.094246096909046, 2.099708504974842, 2.0651744455099106, 2.047543726861477, 2.044513761997223, 2.0264645740389824, 2.0485151782631874, 2.060971386730671, 2.1035937294363976, 2.2756141051650047]",30968,35,6,30968,35,6,30968,35,6,,0,0.0,0.0,0,False,0.0,0.0,2.096545573323965,0.0,0.0,0.0,0.0,0.0,0.0,0.0,0
gaussian_process,gaussian_process,log_hyperparameters,1,bucketed,bucketed_nuts,history,64,256,3,,,8,,,squared_exponential,1,37,1e-05,16,0.2,8,,,0.9,2.1208312921226025,0.9885489624333431,2.096545573323965,2.1208312921226025,0.9885489624333431,2.211257040500641,30,2.0386643782258034,2.0916481111198664,2.1208312921226025,2.1653676945716143,2.320529341697693,"[2.1205847039818764, 2.1205700784921646, 2.0990168750286102, 2.0670796781778336, 2.109506316483021, 2.208635374903679, 2.1464182138442993, 2.0386643782258034, 2.193187840282917, 2.0756364837288857, 2.091500610113144, 2.1813317462801933, 2.16313000023365, 2.0818131491541862, 2.166113592684269, 2.0920906141400337, 2.2160209864377975, 2.1210778802633286, 2.149713970720768, 2.094278708100319, 2.126471631228924, 2.143938861787319, 2.0668390542268753, 2.0749612227082253, 2.1185869723558426, 2.0899607241153717, 2.320529341697693, 2.147716298699379, 2.2078284546732903, 2.297130733728409]","[2.217157945036888, 2.1937047988176346, 2.2394487634301186, 2.112651601433754, 2.103237636387348, 2.0261441990733147, 2.244744673371315, 2.1176938340067863, 2.0840922370553017, 2.11675713211298, 2.045392729341984, 2.0748196318745613, 2.1593292206525803, 1.9335777387022972, 1.991429090499878, 1.9643486812710762, 2.098845049738884, 2.0721460431814194, 2.1691297441720963, 2.255188226699829, 2.094246096909046, 2.099708504974842, 2.0651744455099106, 2.047543726861477, 2.044513761997223, 2.0264645740389824, 2.0485151782631874, 2.060971386730671, 2.1035937294363976, 2.2756141051650047]",30968,35,6,30968,35,6,30968,35,6,4,0,0.0,0.0,0,False,0.0,0.0,2.1208312921226025,0.0,0.0,0.0,0.0,0.0,0.0,0.0,0
gaussian_process,gaussian_process,log_hyperparameters,1,bucketed,bucketed_nuts,history,128,256,3,,,8,,,squared_exponential,1,37,1e-05,16,0.2,8,,,0.9,2.1137569546699524,0.9918574454324268,2.096545573323965,2.1137569546699524,0.9918574454324268,2.216298818588257,30,2.007377102971077,2.08137396723032,2.1137569546699524,2.166891895234585,2.378645710647106,"[2.202839031815529, 2.2318585589528084, 2.277814343571663, 2.199271395802498, 2.129868447780609, 2.0981460958719254, 2.1566942930221558, 2.0347152203321457, 2.007377102971077, 2.0373155623674393, 2.170291095972061, 2.0884552225470543, 2.0790135487914085, 2.12175352871418, 2.091720148921013, 2.1487405002117157, 2.1123488172888756, 2.020751491189003, 2.0364258214831352, 2.1220651865005493, 2.1410944908857346, 2.0159828290343285, 2.1130502820014954, 2.378645710647106, 2.104725532233715, 2.1144636273384094, 2.102969452738762, 2.1858407631516457, 2.0569238662719727, 2.2165640592575073]","[2.217157945036888, 2.1937047988176346, 2.2394487634301186, 2.112651601433754, 2.103237636387348, 2.0261441990733147, 2.244744673371315, 2.1176938340067863, 2.0840922370553017, 2.11675713211298, 2.045392729341984, 2.0748196318745613, 2.1593292206525803, 1.9335777387022972, 1.991429090499878, 1.9643486812710762, 2.098845049738884, 2.0721460431814194, 2.1691297441720963, 2.255188226699829, 2.094246096909046, 2.099708504974842, 2.0651744455099106, 2.047543726861477, 2.044513761997223, 2.0264645740389824, 2.0485151782631874, 2.060971386730671, 2.1035937294363976, 2.2756141051650047]",30968,35,6,30968,35,6,30968,35,6,2,0,0.0,0.0,0,False,0.0,0.0,2.1137569546699524,0.0,0.0,0.0,0.0,0.0,0.0,0.0,0
gaussian_process,gaussian_process,log_hyperparameters,1,bucketed,bucketed_nuts,last_depth,64,256,3,,,8,,,squared_exponential,1,37,1e-05,16,0.2,8,,,0.9,2.190975211560726,0.9569006359640669,2.096545573323965,2.190975211560726,0.9569006359640669,2.5759126469492912,30,2.0413392558693886,2.109504660591483,2.190975211560726,2.224180229008198,2.4828552678227425,"[2.36901768296957, 2.262758143246174, 2.2161313891410828, 2.2778293415904045, 2.182019978761673, 2.1049203872680664, 2.2206418588757515, 2.147172711789608, 2.0413392558693886, 2.1036374047398567, 2.1146525889635086, 2.0941008403897285, 2.187575563788414, 2.1525485664606094, 2.2068427950143814, 2.1086849570274353, 2.0904463082551956, 2.350942961871624, 2.1943748593330383, 2.2085412070155144, 2.2066232189536095, 2.094306044280529, 2.1119637712836266, 2.0743680968880653, 2.1726739406585693, 2.225359685719013, 2.1972867622971535, 2.271311528980732, 2.3475691080093384, 2.4828552678227425]","[2.217157945036888, 2.1937047988176346, 2.2394487634301186, 2.112651601433754, 2.103237636387348, 2.0261441990733147, 2.244744673371315, 2.1176938340067863, 2.0840922370553017, 2.11675713211298, 2.045392729341984, 2.0748196318745613, 2.1593292206525803, 1.9335777387022972, 1.991429090499878, 1.9643486812710762, 2.098845049738884, 2.0721460431814194, 2.1691297441720963, 2.255188226699829, 2.094246096909046, 2.099708504974842, 2.0651744455099106, 2.047543726861477, 2.044513761997223, 2.0264645740389824, 2.0485151782631874, 2.060971386730671, 2.1035937294363976, 2.2756141051650047]",30968,35,6,30968,35,6,30968,35,6,4,0,0.0,0.0,0,False,0.0,0.0,2.190975211560726,0.0,0.0,0.0,0.0,0.0,0.0,0.0,0
gaussian_process,gaussian_process,log_hyperparameters,1,bucketed,bucketed_nuts,last_depth,128,256,3,,,8,,,squared_exponential,1,37,1e-05,16,0.2,8,,,0.9,2.4345425739884377,0.8611661162652242,2.096545573323965,2.4345425739884377,0.8611661162652242,2.3608014434576035,30,2.024372659623623,2.2507798317819834,2.4345425739884377,2.656117746606469,3.0116587579250336,"[2.3911770656704903, 2.5661909133195877, 2.454368568956852, 2.6400964707136154, 2.661458171904087, 2.4778619036078453, 2.9719992354512215, 2.4172533825039864, 2.2012752890586853, 2.3865701630711555, 2.097548671066761, 2.3592445999383926, 2.2452593445777893, 2.1402392014861107, 2.451831765472889, 2.112783819437027, 2.2673412933945656, 2.024372659623623, 2.069353997707367, 2.2051472067832947, 2.4093717634677887, 2.3391020745038986, 2.4526310563087463, 2.4930476248264313, 2.830297864973545, 3.0116587579250336, 2.764916270971298, 2.6817936673760414, 2.997183971107006, 3.0010183975100517]","[2.217157945036888, 2.1937047988176346, 2.2394487634301186, 2.112651601433754, 2.103237636387348, 2.0261441990733147, 2.244744673371315, 2.1176938340067863, 2.0840922370553017, 2.11675713211298, 2.045392729341984, 2.0748196318745613, 2.1593292206525803, 1.9335777387022972, 1.991429090499878, 1.9643486812710762, 2.098845049738884, 2.0721460431814194, 2.1691297441720963, 2.255188226699829, 2.094246096909046, 2.099708504974842, 2.0651744455099106, 2.047543726861477, 2.044513761997223, 2.0264645740389824, 2.0485151782631874, 2.060971386730671, 2.1035937294363976, 2.2756141051650047]",30968,35,6,30968,35,6,30968,35,6,2,0,0.0,0.0,0,False,0.0,0.0,2.4345425739884377,0.0,0.0,0.0,0.0,0.0,0.0,0.0,0
gaussian_process,gaussian_process,log_hyperparameters,2,monolithic,nuts_reference,monolithic,0,256,3,,,8,,,squared_exponential,1,37,1e-05,16,0.2,8,,,0.9,2.316991999745369,1.0,2.316991999745369,2.316991999745369,1.0,2.3719966039061546,30,2.0350724309682846,2.2209422793239355,2.316991999745369,2.3831007815897465,2.6475218161940575,"[2.2165226116776466, 2.3058049008250237, 2.4015394672751427, 2.4663320630788803, 2.3008048608899117, 2.2178034633398056, 2.291285417973995, 2.3449263721704483, 2.4052164182066917, 2.3441514149308205, 2.3900769352912903, 2.364828757941723, 2.3841329142451286, 2.3281790986657143, 2.5075525864958763, 2.4278105348348618, 2.3800043836236, 2.2534729540348053, 2.0968930944800377, 2.098901592195034, 2.0621653720736504, 2.0350724309682846, 2.186470665037632, 2.2700222954154015, 2.6475218161940575, 2.3317784667015076, 2.3291854336857796, 2.2908594384789467, 2.2303587272763252, 2.1942691281437874]","[2.2165226116776466, 2.3058049008250237, 2.4015394672751427, 2.4663320630788803, 2.3008048608899117, 2.2178034633398056, 2.291285417973995, 2.3449263721704483, 2.4052164182066917, 2.3441514149308205, 2.3900769352912903, 2.364828757941723, 2.3841329142451286, 2.3281790986657143, 2.5075525864958763, 2.4278105348348618, 2.3800043836236, 2.2534729540348053, 2.0968930944800377, 2.098901592195034, 2.0621653720736504, 2.0350724309682846, 2.186470665037632, 2.2700222954154015, 2.6475218161940575, 2.3317784667015076, 2.3291854336857796, 2.2908594384789467, 2.2303587272763252, 2.1942691281437874]",31418,40,6,31418,40,6,31418,40,6,,0,0.0,0.0,0,False,0.0,0.0,2.316991999745369,0.0,0.0,0.0,0.0,0.0,0.0,0.0,0
gaussian_process,gaussian_process,log_hyperparameters,2,bucketed,bucketed_nuts,history,64,256,3,,,8,,,squared_exponential,1,37,1e-05,16,0.2,8,,,0.9,2.4364795051515102,0.9509589532136404,2.316991999745369,2.4364795051515102,0.9509589532136404,2.3310527205467224,30,2.1341098621487617,2.322782462462783,2.4364795051515102,2.516526049003005,2.692609280347824,"[2.3191909566521645, 2.474030040204525, 2.476411446928978, 2.606610432267189, 2.692609280347824, 2.5440233796834946, 2.5189248248934746, 2.5093297213315964, 2.3796497359871864, 2.5859291926026344, 2.4522862285375595, 2.333556979894638, 2.365020141005516, 2.443390980362892, 2.4043082892894745, 2.387988455593586, 2.4590740650892258, 2.34672037512064, 2.5676783323287964, 2.4295680299401283, 2.475519709289074, 2.6131367534399033, 2.595065787434578, 2.2895262837409973, 2.2483241632580757, 2.1341098621487617, 2.2303275242447853, 2.299929492175579, 2.234812743961811, 2.224135398864746]","[2.2165226116776466, 2.3058049008250237, 2.4015394672751427, 2.4663320630788803, 2.3008048608899117, 2.2178034633398056, 2.291285417973995, 2.3449263721704483, 2.4052164182066917, 2.3441514149308205, 2.3900769352912903, 2.364828757941723, 2.3841329142451286, 2.3281790986657143, 2.5075525864958763, 2.4278105348348618, 2.3800043836236, 2.2534729540348053, 2.0968930944800377, 2.098901592195034, 2.0621653720736504, 2.0350724309682846, 2.186470665037632, 2.2700222954154015, 2.6475218161940575, 2.3317784667015076, 2.3291854336857796, 2.2908594384789467, 2.2303587272763252, 2.1942691281437874]",31418,40,6,31418,40,6,31418,40,6,4,0,0.0,0.0,0,False,0.0,0.0,2.4364795051515102,0.0,0.0,0.0,0.0,0.0,0.0,0.0,0
gaussian_process,gaussian_process,log_hyperparameters,2,bucketed,bucketed_nuts,history,128,256,3,,,8,,,squared_exponential,1,37,1e-05,16,0.2,8,,,0.9,2.1312799118459225,1.0871364136016275,2.316991999745369,2.1312799118459225,1.0871364136016275,2.112256199121475,30,2.0076709166169167,2.0882489550858736,2.1312799118459225,2.2383705638349056,2.379663862287998,"[2.186359614133835, 2.0350368469953537, 2.1452420949935913, 2.1173177286982536, 2.104812726378441, 2.311397545039654, 2.2481596767902374, 2.257817678153515, 2.097983695566654, 2.05753181129694, 2.02715827524662, 2.0975342467427254, 2.104478321969509, 2.0696152970194817, 2.1733997762203217, 2.20900322496891, 2.1752820909023285, 2.091338664293289, 2.1950759664177895, 2.093490332365036, 2.0371382385492325, 2.087219052016735, 2.056819036602974, 2.2041832208633423, 2.379663862287998, 2.3129626661539078, 2.2683118730783463, 2.2762957140803337, 2.2495390847325325, 2.0076709166169167]","[2.2165226116776466, 2.3058049008250237, 2.4015394672751427, 2.4663320630788803, 2.3008048608899117, 2.2178034633398056, 2.291285417973995, 2.3449263721704483, 2.4052164182066917, 2.3441514149308205, 2.3900769352912903, 2.364828757941723, 2.3841329142451286, 2.3281790986657143, 2.5075525864958763, 2.4278105348348618, 2.3800043836236, 2.2534729540348053, 2.0968930944800377, 2.098901592195034, 2.0621653720736504, 2.0350724309682846, 2.186470665037632, 2.2700222954154015, 2.6475218161940575, 2.3317784667015076, 2.3291854336857796, 2.2908594384789467, 2.2303587272763252, 2.1942691281437874]",31418,40,6,31418,40,6,31418,40,6,2,0,0.0,0.0,0,False,0.0,0.0,2.1312799118459225,0.0,0.0,0.0,0.0,0.0,0.0,0.0,0
gaussian_process,gaussian_process,log_hyperparameters,2,bucketed,bucketed_nuts,last_depth,64,256,3,,,8,,,squared_exponential,1,37,1e-05,16,0.2,8,,,0.9,2.2292330376803875,1.039367334227335,2.316991999745369,2.2292330376803875,1.039367334227335,1.9995469003915787,30,2.00990928709507,2.1552684772759676,2.2292330376803875,2.327267698943615,2.4777311384677887,"[2.00990928709507, 2.0591686367988586, 2.2283933758735657, 2.1459094509482384, 2.2627029046416283, 2.225756987929344, 2.1549843475222588, 2.0971304774284363, 2.2502066642045975, 2.1921817883849144, 2.080246239900589, 2.4274257495999336, 2.184073828160763, 2.405752643942833, 2.0933966413140297, 2.2300726994872093, 2.158986710011959, 2.4777311384677887, 2.1358824521303177, 2.156120866537094, 2.3379945307970047, 2.327275477349758, 2.4312490820884705, 2.3272443637251854, 2.2482026889920235, 2.3432256504893303, 2.292825222015381, 2.223583735525608, 2.432844251394272, 2.2733164355158806]","[2.2165226116776466, 2.3058049008250237, 2.4015394672751427, 2.4663320630788803, 2.3008048608899117, 2.2178034633398056, 2.291285417973995, 2.3449263721704483, 2.4052164182066917, 2.3441514149308205, 2.3900769352912903, 2.364828757941723, 2.3841329142451286, 2.3281790986657143, 2.5075525864958763, 2.4278105348348618, 2.3800043836236, 2.2534729540348053, 2.0968930944800377, 2.098901592195034, 2.0621653720736504, 2.0350724309682846, 2.186470665037632, 2.2700222954154015, 2.6475218161940575, 2.3317784667015076, 2.3291854336857796, 2.2908594384789467, 2.2303587272763252, 2.1942691281437874]",31418,40,6,31418,40,6,31418,40,6,4,0,0.0,0.0,0,False,0.0,0.0,2.2292330376803875,0.0,0.0,0.0,0.0,0.0,0.0,0.0,0
gaussian_process,gaussian_process,log_hyperparameters,2,bucketed,bucketed_nuts,last_depth,128,256,3,,,8,,,squared_exponential,1,37,1e-05,16,0.2,8,,,0.9,2.1992629654705524,1.0535311311667668,2.316991999745369,2.1992629654705524,1.0535311311667668,2.241496093571186,30,2.056534543633461,2.1605089753866196,2.1992629654705524,2.3194435499608517,2.419754222035408,"[2.271796263754368, 2.3353259786963463, 2.162011682987213, 2.178279459476471, 2.1600080728530884, 2.170662023127079, 2.366441771388054, 2.2182100489735603, 2.2667943462729454, 2.339637339115143, 2.2150130718946457, 2.182604141533375, 2.056534543633461, 2.0648259818553925, 2.119698978960514, 2.2282200008630753, 2.419754222035408, 2.1567466855049133, 2.198387734591961, 2.16712848842144, 2.352730579674244, 2.370559185743332, 2.3505536019802094, 2.131612427532673, 2.185495600104332, 2.200138196349144, 2.113220676779747, 2.3481676876544952, 2.207017198204994, 2.0722224563360214]","[2.2165226116776466, 2.3058049008250237, 2.4015394672751427, 2.4663320630788803, 2.3008048608899117, 2.2178034633398056, 2.291285417973995, 2.3449263721704483, 2.4052164182066917, 2.3441514149308205, 2.3900769352912903, 2.364828757941723, 2.3841329142451286, 2.3281790986657143, 2.5075525864958763, 2.4278105348348618, 2.3800043836236, 2.2534729540348053, 2.0968930944800377, 2.098901592195034, 2.0621653720736504, 2.0350724309682846, 2.186470665037632, 2.2700222954154015, 2.6475218161940575, 2.3317784667015076, 2.3291854336857796, 2.2908594384789467, 2.2303587272763252, 2.1942691281437874]",31418,40,6,31418,40,6,31418,40,6,2,0,0.0,0.0,0,False,0.0,0.0,2.1992629654705524,0.0,0.0,0.0,0.0,0.0,0.0,0.0,0
gaussian_process,gaussian_process,log_hyperparameters,3,monolithic,nuts_reference,monolithic,0,256,3,,,8,,,squared_exponential,1,37,1e-05,16,0.2,8,,,0.9,1.970188643783331,1.0,1.970188643783331,1.970188643783331,1.0,1.9447134733200073,30,1.8797753006219864,1.9340750835835934,1.970188643783331,2.0236122757196426,2.341496780514717,"[1.9560576900839806, 2.023883394896984, 2.0606490150094032, 1.9637188538908958, 1.976658433675766, 2.003493756055832, 1.9346726909279823, 1.9338758811354637, 2.031407706439495, 1.8797753006219864, 2.001479223370552, 2.1013438627123833, 2.09500702470541, 2.341496780514717, 2.180459640920162, 2.0401804596185684, 2.010700114071369, 1.911538504064083, 1.8932148814201355, 1.9153949916362762, 1.8953879624605179, 1.9437439665198326, 1.8913047537207603, 1.9607678800821304, 1.9599275067448616, 2.00020544975996, 2.0227989181876183, 1.9865396693348885, 1.9562968909740448, 1.9162292182445526]","[1.9560576900839806, 2.023883394896984, 2.0606490150094032, 1.9637188538908958, 1.976658433675766, 2.003493756055832, 1.9346726909279823, 1.9338758811354637, 2.031407706439495, 1.8797753006219864, 2.001479223370552, 2.1013438627123833, 2.09500702470541, 2.341496780514717, 2.180459640920162, 2.0401804596185684, 2.010700114071369, 1.911538504064083, 1.8932148814201355, 1.9153949916362762, 1.8953879624605179, 1.9437439665198326, 1.8913047537207603, 1.9607678800821304, 1.9599275067448616, 2.00020544975996, 2.0227989181876183, 1.9865396693348885, 1.9562968909740448, 1.9162292182445526]",31967,34,6,31967,34,6,31967,34,6,,0,0.0,0.0,0,False,0.0,0.0,1.970188643783331,0.0,0.0,0.0,0.0,0.0,0.0,0.0,0
gaussian_process,gaussian_process,log_hyperparameters,3,bucketed,bucketed_nuts,history,64,256,3,,,8,,,squared_exponential,1,37,1e-05,16,0.2,8,,,0.9,2.0515956543385983,0.9603201486691043,1.970188643783331,2.0515956543385983,0.9603201486691043,2.0979863479733467,30,1.9500546008348465,2.014003111049533,2.0515956543385983,2.144949793815613,2.3513641580939293,"[1.9837244153022766, 2.0138898491859436, 2.1439668759703636, 2.1834647059440613, 2.2627743408083916, 2.176967866718769, 2.1684413477778435, 2.179413914680481, 2.08026771992445, 2.1068741530179977, 1.959742471575737, 2.0170845314860344, 2.140580080449581, 2.033390998840332, 1.9877780303359032, 2.0334533601999283, 2.0836095213890076, 2.0416188165545464, 2.018132209777832, 2.035676397383213, 1.9670004472136497, 1.9728397354483604, 2.0143428966403008, 1.9500546008348465, 2.118923544883728, 2.2307155802845955, 2.1452774330973625, 2.3513641580939293, 2.06157249212265, 1.9683752208948135]","[1.9560576900839806, 2.023883394896984, 2.0606490150094032, 1.9637188538908958, 1.976658433675766, 2.003493756055832, 1.9346726909279823, 1.9338758811354637, 2.031407706439495, 1.8797753006219864, 2.001479223370552, 2.1013438627123833, 2.09500702470541, 2.341496780514717, 2.180459640920162, 2.0401804596185684, 2.010700114071369, 1.911538504064083, 1.8932148814201355, 1.9153949916362762, 1.8953879624605179, 1.9437439665198326, 1.8913047537207603, 1.9607678800821304, 1.9599275067448616, 2.00020544975996, 2.0227989181876183, 1.9865396693348885, 1.9562968909740448, 1.9162292182445526]",31967,34,6,31967,34,6,31967,34,6,4,0,0.0,0.0,0,False,0.0,0.0,2.0515956543385983,0.0,0.0,0.0,0.0,0.0,0.0,0.0,0
gaussian_process,gaussian_process,log_hyperparameters,3,bucketed,bucketed_nuts,history,128,256,3,,,8,,,squared_exponential,1,37,1e-05,16,0.2,8,,,0.9,2.119953256100416,0.9293547572871619,1.970188643783331,2.119953256100416,0.9293547572871619,2.104952558875084,30,1.9630086049437523,2.034849898889661,2.119953256100416,2.212032040581107,2.742194838821888,"[2.055153839290142, 2.030891977250576, 2.1161336079239845, 2.0467236638069153, 2.016511045396328, 2.0470397621393204, 1.9630086049437523, 2.0133714377880096, 2.0108873546123505, 1.9939283430576324, 2.291440427303314, 2.742194838821888, 2.380801737308502, 2.0607531890273094, 2.0027218982577324, 2.123772904276848, 2.269175201654434, 2.10616322606802, 2.133697025477886, 2.178581953048706, 2.2912119701504707, 2.3140838965773582, 2.1992219984531403, 2.3619393557310104, 2.2154222801327705, 2.171089470386505, 1.9936599731445312, 2.201861321926117, 2.1338960081338882, 2.106949970126152]","[1.9560576900839806, 2.023883394896984, 2.0606490150094032, 1.9637188538908958, 1.976658433675766, 2.003493756055832, 1.9346726909279823, 1.9338758811354637, 2.031407706439495, 1.8797753006219864, 2.001479223370552, 2.1013438627123833, 2.09500702470541, 2.341496780514717, 2.180459640920162, 2.0401804596185684, 2.010700114071369, 1.911538504064083, 1.8932148814201355, 1.9153949916362762, 1.8953879624605179, 1.9437439665198326, 1.8913047537207603, 1.9607678800821304, 1.9599275067448616, 2.00020544975996, 2.0227989181876183, 1.9865396693348885, 1.9562968909740448, 1.9162292182445526]",31967,34,6,31967,34,6,31967,34,6,2,0,0.0,0.0,0,False,0.0,0.0,2.119953256100416,0.0,0.0,0.0,0.0,0.0,0.0,0.0,0
gaussian_process,gaussian_process,log_hyperparameters,3,bucketed,bucketed_nuts,last_depth,64,256,3,,,8,,,squared_exponential,1,37,1e-05,16,0.2,8,,,0.9,2.1535731330513954,0.9148464073712569,1.970188643783331,2.1535731330513954,0.9148464073712569,2.154867023229599,30,2.0484379306435585,2.110424540936947,2.1535731330513954,2.2151086144149303,2.384905330836773,"[2.2314106300473213, 2.089475028216839, 2.1500873416662216, 2.147936627268791, 2.107080601155758, 2.161628730595112, 2.384905330836773, 2.3223483338952065, 2.215882331132889, 2.1837034672498703, 2.2055834159255028, 2.1049072667956352, 2.183875687420368, 2.225385643541813, 2.27267125248909, 2.120712384581566, 2.062546454370022, 2.1311865150928497, 2.061756558716297, 2.0760662481188774, 2.133713684976101, 2.1072291284799576, 2.1660144850611687, 2.0484379306435585, 2.1200107783079147, 2.157058924436569, 2.221397638320923, 2.212787464261055, 2.2950128838419914, 2.1494440138339996]","[1.9560576900839806, 2.023883394896984, 2.0606490150094032, 1.9637188538908958, 1.976658433675766, 2.003493756055832, 1.9346726909279823, 1.9338758811354637, 2.031407706439495, 1.8797753006219864, 2.001479223370552, 2.1013438627123833, 2.09500702470541, 2.341496780514717, 2.180459640920162, 2.0401804596185684, 2.010700114071369, 1.911538504064083, 1.8932148814201355, 1.9153949916362762, 1.8953879624605179, 1.9437439665198326, 1.8913047537207603, 1.9607678800821304, 1.9599275067448616, 2.00020544975996, 2.0227989181876183, 1.9865396693348885, 1.9562968909740448, 1.9162292182445526]",31967,34,6,31967,34,6,31967,34,6,4,0,0.0,0.0,0,False,0.0,0.0,2.1535731330513954,0.0,0.0,0.0,0.0,0.0,0.0,0.0,0
gaussian_process,gaussian_process,log_hyperparameters,3,bucketed,bucketed_nuts,last_depth,128,256,3,,,8,,,squared_exponential,1,37,1e-05,16,0.2,8,,,0.9,2.1121582128107548,0.9327845953175554,1.970188643783331,2.1121582128107548,0.9327845953175554,2.107365034520626,30,2.049814336001873,2.0860928390175104,2.1121582128107548,2.204783610999584,2.621533341705799,"[2.092332996428013, 2.0607753917574883, 2.2653222531080246, 2.621533341705799, 2.2668360248208046, 2.457015059888363, 2.3549462109804153, 2.107254274189472, 2.0700274631381035, 2.08996519446373, 2.0794808119535446, 2.0982030108571053, 2.2132983207702637, 2.130954809486866, 2.1170621514320374, 2.059974417090416, 2.1005364432930946, 2.049814336001873, 2.2703641280531883, 2.058922879397869, 2.0596994310617447, 2.0857151597738266, 2.1218904331326485, 2.087225876748562, 2.0892589539289474, 2.2111134976148605, 2.1281211897730827, 2.1502583101391792, 2.1237513720989227, 2.185793951153755]","[1.9560576900839806, 2.023883394896984, 2.0606490150094032, 1.9637188538908958, 1.976658433675766, 2.003493756055832, 1.9346726909279823, 1.9338758811354637, 2.031407706439495, 1.8797753006219864, 2.001479223370552, 2.1013438627123833, 2.09500702470541, 2.341496780514717, 2.180459640920162, 2.0401804596185684, 2.010700114071369, 1.911538504064083, 1.8932148814201355, 1.9153949916362762, 1.8953879624605179, 1.9437439665198326, 1.8913047537207603, 1.9607678800821304, 1.9599275067448616, 2.00020544975996, 2.0227989181876183, 1.9865396693348885, 1.9562968909740448, 1.9162292182445526]",31967,34,6,31967,34,6,31967,34,6,2,0,0.0,0.0,0,False,0.0,0.0,2.1121582128107548,0.0,0.0,0.0,0.0,0.0,0.0,0.0,0
gaussian_process,gaussian_process,log_hyperparameters,4,monolithic,nuts_reference,monolithic,0,256,3,,,8,,,squared_exponential,1,37,1e-05,16,0.2,8,,,0.9,2.071909312158823,1.0,2.071909312158823,2.071909312158823,1.0,2.1004813462495804,30,1.9189739599823952,1.9806536696851254,2.071909312158823,2.190928352996707,2.359147846698761,"[2.1948067471385, 2.0523750111460686, 2.089824430644512, 2.179293170571327, 1.980117291212082, 1.9970417693257332, 2.0556503236293793, 1.9189739599823952, 2.0284987688064575, 2.1469138860702515, 2.0511505901813507, 1.9648078680038452, 1.9792563319206238, 1.965459942817688, 1.9822628051042557, 1.924103356897831, 1.9470584988594055, 1.9760577827692032, 2.026670254766941, 2.1724370643496513, 2.115333653986454, 2.0881683006882668, 2.359147846698761, 2.253417707979679, 2.337404526770115, 2.196664959192276, 2.137469284236431, 2.219379283487797, 2.343615248799324, 2.3520967438817024]","[2.1948067471385, 2.0523750111460686, 2.089824430644512, 2.179293170571327, 1.980117291212082, 1.9970417693257332, 2.0556503236293793, 1.9189739599823952, 2.0284987688064575, 2.1469138860702515, 2.0511505901813507, 1.9648078680038452, 1.9792563319206238, 1.965459942817688, 1.9822628051042557, 1.924103356897831, 1.9470584988594055, 1.9760577827692032, 2.026670254766941, 2.1724370643496513, 2.115333653986454, 2.0881683006882668, 2.359147846698761, 2.253417707979679, 2.337404526770115, 2.196664959192276, 2.137469284236431, 2.219379283487797, 2.343615248799324, 2.3520967438817024]",31826,34,6,31826,34,6,31826,34,6,,0,0.0,0.0,0,False,0.0,0.0,2.071909312158823,0.0,0.0,0.0,0.0,0.0,0.0,0.0,0
gaussian_process,gaussian_process,log_hyperparameters,4,bucketed,bucketed_nuts,history,64,256,3,,,8,,,squared_exponential,1,37,1e-05,16,0.2,8,,,0.9,2.152116321027279,0.96273109957636,2.071909312158823,2.152116321027279,0.96273109957636,2.3546824231743813,30,1.9792590513825417,2.085032667964697,2.152116321027279,2.2823719307780266,2.495512969791889,"[2.3651613369584084, 2.319336101412773, 2.2382096648216248, 2.3038559034466743, 2.3597846925258636, 2.317730687558651, 2.174278698861599, 2.162684977054596, 2.2913810163736343, 2.1491167545318604, 2.1362777426838875, 2.162043012678623, 2.495512969791889, 2.2553446739912033, 2.4435696080327034, 2.0969205647706985, 1.9792590513825417, 2.054170124232769, 2.0697298273444176, 2.1250723972916603, 2.106236606836319, 2.1551158875226974, 1.9980552196502686, 1.9906941875815392, 2.0693376064300537, 2.1320080384612083, 2.1208625733852386, 2.1779709830880165, 2.0810700356960297, 2.0121147707104683]","[2.1948067471385, 2.0523750111460686, 2.089824430644512, 2.179293170571327, 1.980117291212082, 1.9970417693257332, 2.0556503236293793, 1.9189739599823952, 2.0284987688064575, 2.1469138860702515, 2.0511505901813507, 1.9648078680038452, 1.9792563319206238, 1.965459942817688, 1.9822628051042557, 1.924103356897831, 1.9470584988594055, 1.9760577827692032, 2.026670254766941, 2.1724370643496513, 2.115333653986454, 2.0881683006882668, 2.359147846698761, 2.253417707979679, 2.337404526770115, 2.196664959192276, 2.137469284236431, 2.219379283487797, 2.343615248799324, 2.3520967438817024]",31826,34,6,31826,34,6,31826,34,6,4,0,0.0,0.0,0,False,0.0,0.0,2.152116321027279,0.0,0.0,0.0,0.0,0.0,0.0,0.0,0
gaussian_process,gaussian_process,log_hyperparameters,4,bucketed,bucketed_nuts,history,128,256,3,,,8,,,squared_exponential,1,37,1e-05,16,0.2,8,,,0.9,2.254751980304718,0.918907857829585,2.071909312158823,2.254751980304718,0.918907857829585,1.9935115799307823,30,1.9976394325494766,2.1051007863134146,2.254751980304718,2.341776290908456,2.5205031484365463,"[2.10320608317852, 1.9976394325494766, 2.020121216773987, 2.1215381175279617, 2.321622557938099, 2.4364052191376686, 2.388963460922241, 2.2488157376646996, 2.3172860518097878, 2.348494201898575, 2.1730634048581123, 2.5205031484365463, 2.2946808710694313, 2.3618543595075607, 2.35541058331728, 2.445837065577507, 2.2856668531894684, 2.1107848957180977, 2.155918538570404, 2.0263561755418777, 2.08758008480072, 2.298896409571171, 2.094598665833473, 2.099750481545925, 2.060446858406067, 2.366221308708191, 2.2606882229447365, 2.3022783920168877, 2.144646815955639, 2.184422619640827]","[2.1948067471385, 2.0523750111460686, 2.089824430644512, 2.179293170571327, 1.980117291212082, 1.9970417693257332, 2.0556503236293793, 1.9189739599823952, 2.0284987688064575, 2.1469138860702515, 2.0511505901813507, 1.9648078680038452, 1.9792563319206238, 1.965459942817688, 1.9822628051042557, 1.924103356897831, 1.9470584988594055, 1.9760577827692032, 2.026670254766941, 2.1724370643496513, 2.115333653986454, 2.0881683006882668, 2.359147846698761, 2.253417707979679, 2.337404526770115, 2.196664959192276, 2.137469284236431, 2.219379283487797, 2.343615248799324, 2.3520967438817024]",31826,34,6,31826,34,6,31826,34,6,2,0,0.0,0.0,0,False,0.0,0.0,2.254751980304718,0.0,0.0,0.0,0.0,0.0,0.0,0.0,0
gaussian_process,gaussian_process,log_hyperparameters,4,bucketed,bucketed_nuts,last_depth,64,256,3,,,8,,,squared_exponential,1,37,1e-05,16,0.2,8,,,0.9,2.0929057896137238,0.9899677866251323,2.071909312158823,2.0929057896137238,0.9899677866251323,2.1359790191054344,30,1.9460755810141563,2.0462536327540874,2.0929057896137238,2.181990124285221,2.4570036455988884,"[2.042531356215477, 2.166587583720684, 2.040800914168358, 2.0076825097203255, 2.00297312438488, 2.0804429426789284, 2.00475350022316, 1.9460755810141563, 2.09072545170784, 2.0985534489154816, 2.0036731138825417, 2.110443025827408, 2.075690820813179, 2.0950861275196075, 2.057420462369919, 1.984945498406887, 2.176297850906849, 2.220774047076702, 2.4570036455988884, 2.299958273768425, 2.282600589096546, 2.331407606601715, 2.289274498820305, 2.1838875487446785, 2.212447799742222, 2.0757161155343056, 2.1401660069823265, 2.115482524037361, 2.0632169768214226, 2.086327873170376]","[2.1948067471385, 2.0523750111460686, 2.089824430644512, 2.179293170571327, 1.980117291212082, 1.9970417693257332, 2.0556503236293793, 1.9189739599823952, 2.0284987688064575, 2.1469138860702515, 2.0511505901813507, 1.9648078680038452, 1.9792563319206238, 1.965459942817688, 1.9822628051042557, 1.924103356897831, 1.9470584988594055, 1.9760577827692032, 2.026670254766941, 2.1724370643496513, 2.115333653986454, 2.0881683006882668, 2.359147846698761, 2.253417707979679, 2.337404526770115, 2.196664959192276, 2.137469284236431, 2.219379283487797, 2.343615248799324, 2.3520967438817024]",31826,34,6,31826,34,6,31826,34,6,4,0,0.0,0.0,0,False,0.0,0.0,2.0929057896137238,0.0,0.0,0.0,0.0,0.0,0.0,0.0,0
gaussian_process,gaussian_process,log_hyperparameters,4,bucketed,bucketed_nuts,last_depth,128,256,3,,,8,,,squared_exponential,1,37,1e-05,16,0.2,8,,,0.9,2.108029320836067,0.9828655093550034,2.071909312158823,2.108029320836067,0.9828655093550034,2.0379651710391045,30,1.9852267876267433,2.069118184968829,2.108029320836067,2.1592650152742863,2.4320404082536697,"[1.9852267876267433, 2.0422232896089554, 2.003221407532692, 2.040991134941578, 2.011617638170719, 2.1275109872221947, 2.076841063797474, 2.0555629283189774, 2.1222375109791756, 2.1078389659523964, 2.166184037923813, 2.0665438920259476, 2.08394293487072, 2.184366576373577, 2.1242496967315674, 2.214379020035267, 2.164023272693157, 2.4320404082536697, 2.079184092581272, 2.2785634845495224, 1.9954486042261124, 2.232626736164093, 2.1354696229100227, 2.1449902430176735, 2.3566230461001396, 2.0834567323327065, 2.108219675719738, 2.1223154962062836, 2.0850101336836815, 2.1000721007585526]","[2.1948067471385, 2.0523750111460686, 2.089824430644512, 2.179293170571327, 1.980117291212082, 1.9970417693257332, 2.0556503236293793, 1.9189739599823952, 2.0284987688064575, 2.1469138860702515, 2.0511505901813507, 1.9648078680038452, 1.9792563319206238, 1.965459942817688, 1.9822628051042557, 1.924103356897831, 1.9470584988594055, 1.9760577827692032, 2.026670254766941, 2.1724370643496513, 2.115333653986454, 2.0881683006882668, 2.359147846698761, 2.253417707979679, 2.337404526770115, 2.196664959192276, 2.137469284236431, 2.219379283487797, 2.343615248799324, 2.3520967438817024]",31826,34,6,31826,34,6,31826,34,6,2,0,0.0,0.0,0,False,0.0,0.0,2.108029320836067,0.0,0.0,0.0,0.0,0.0,0.0,0.0,0
gaussian_process,gaussian_process,log_hyperparameters,0,monolithic,nuts_reference,monolithic,0,512,3,,,8,,,squared_exponential,1,37,1e-05,16,0.2,8,,,0.9,3.7316820956766605,1.0,3.7316820956766605,3.7316820956766605,1.0,11.318529896438122,30,3.594839483499527,3.662404228001833,3.7316820956766605,3.8559211902320385,4.121718034148216,"[3.7356149181723595, 3.635430596768856, 3.6533832028508186, 3.6957848966121674, 4.065006755292416, 3.821796342730522, 3.652097135782242, 3.594839483499527, 3.72160205245018, 3.7277492731809616, 3.790417268872261, 3.892219364643097, 3.8628446981310844, 3.7865409404039383, 3.770184241235256, 4.012613028287888, 3.866735078394413, 3.69078765809536, 3.6641144156455994, 3.661834165453911, 4.121718034148216, 3.937112919986248, 3.784872129559517, 3.859962649643421, 3.7139356061816216, 3.724639840424061, 3.634883739054203, 3.650379978120327, 3.626916728913784, 3.8437968119978905]","[3.7356149181723595, 3.635430596768856, 3.6533832028508186, 3.6957848966121674, 4.065006755292416, 3.821796342730522, 3.652097135782242, 3.594839483499527, 3.72160205245018, 3.7277492731809616, 3.790417268872261, 3.892219364643097, 3.8628446981310844, 3.7865409404039383, 3.770184241235256, 4.012613028287888, 3.866735078394413, 3.69078765809536, 3.6641144156455994, 3.661834165453911, 4.121718034148216, 3.937112919986248, 3.784872129559517, 3.859962649643421, 3.7139356061816216, 3.724639840424061, 3.634883739054203, 3.650379978120327, 3.626916728913784, 3.8437968119978905]",62759,75,6,62759,75,6,62759,75,6,,0,0.0,0.0,0,False,0.0,0.0,3.7316820956766605,0.0,0.0,0.0,0.0,0.0,0.0,0.0,0
gaussian_process,gaussian_process,log_hyperparameters,0,bucketed,bucketed_nuts,history,64,512,3,,,8,,,squared_exponential,1,37,1e-05,16,0.2,8,,,0.9,3.9980893284082413,0.9333663630678194,3.7316820956766605,3.9980893284082413,0.9333663630678194,8.126574158668518,30,3.7407877296209335,3.9175810907036066,3.9980893284082413,4.176202682778239,4.589096799492836,"[4.589096799492836, 4.173833437263966, 4.120929315686226, 4.408422775566578, 4.263068176805973, 4.169383816421032, 3.8694673627614975, 3.86427940428257, 3.86125897616148, 3.833112210035324, 3.9206503033638, 3.818407081067562, 3.888213999569416, 4.109350457787514, 3.7407877296209335, 3.9540323838591576, 3.945261560380459, 4.246738918125629, 4.522047907114029, 4.117569632828236, 3.9439626708626747, 3.9881787970662117, 4.007999859750271, 3.9168398454785347, 3.9198048263788223, 4.38627303391695, 4.077967129647732, 4.237718254327774, 4.176992431282997, 3.935967229306698]","[3.7356149181723595, 3.635430596768856, 3.6533832028508186, 3.6957848966121674, 4.065006755292416, 3.821796342730522, 3.652097135782242, 3.594839483499527, 3.72160205245018, 3.7277492731809616, 3.790417268872261, 3.892219364643097, 3.8628446981310844, 3.7865409404039383, 3.770184241235256, 4.012613028287888, 3.866735078394413, 3.69078765809536, 3.6641144156455994, 3.661834165453911, 4.121718034148216, 3.937112919986248, 3.784872129559517, 3.859962649643421, 3.7139356061816216, 3.724639840424061, 3.634883739054203, 3.650379978120327, 3.626916728913784, 3.8437968119978905]",62759,75,6,62759,75,6,62759,75,6,8,0,0.0,0.0,0,False,0.0,0.0,3.9980893284082413,0.0,0.0,0.0,0.0,0.0,0.0,0.0,0
gaussian_process,gaussian_process,log_hyperparameters,0,bucketed,bucketed_nuts,history,128,512,3,,,8,,,squared_exponential,1,37,1e-05,16,0.2,8,,,0.9,3.8487552106380463,0.9695815637643587,3.7316820956766605,3.8487552106380463,0.9695815637643587,7.859394200146198,30,3.651736982166767,3.720214346423745,3.8487552106380463,3.9639257080852985,4.225945733487606,"[3.693836033344269, 3.9659929499030113, 3.810431733727455, 3.786825470626354, 3.808877244591713, 3.6832718774676323, 3.8398100659251213, 3.8805227130651474, 3.876829616725445, 3.919245794415474, 3.651736982166767, 3.6734356060624123, 3.7172301560640335, 4.058027863502502, 4.055893808603287, 3.857700355350971, 3.7855113446712494, 4.084425158798695, 3.925271473824978, 4.008979104459286, 3.9363579601049423, 4.043439261615276, 4.014258094131947, 3.7163444980978966, 3.72916691750288, 3.6736552342772484, 3.7096143290400505, 3.7532157599925995, 3.95772398263216, 4.225945733487606]","[3.7356149181723595, 3.635430596768856, 3.6533832028508186, 3.6957848966121674, 4.065006755292416, 3.821796342730522, 3.652097135782242, 3.594839483499527, 3.72160205245018, 3.7277492731809616, 3.790417268872261, 3.892219364643097, 3.8628446981310844, 3.7865409404039383, 3.770184241235256, 4.012613028287888, 3.866735078394413, 3.69078765809536, 3.6641144156455994, 3.661834165453911, 4.121718034148216, 3.937112919986248, 3.784872129559517, 3.859962649643421, 3.7139356061816216, 3.724639840424061, 3.634883739054203, 3.650379978120327, 3.626916728913784, 3.8437968119978905]",62759,75,6,62759,75,6,62759,75,6,4,0,0.0,0.0,0,False,0.0,0.0,3.8487552106380463,0.0,0.0,0.0,0.0,0.0,0.0,0.0,0
gaussian_process,gaussian_process,log_hyperparameters,0,bucketed,bucketed_nuts,last_depth,64,512,3,,,8,,,squared_exponential,1,37,1e-05,16,0.2,8,,,0.9,4.174955423921347,0.893825614111985,3.7316820956766605,4.174955423921347,0.893825614111985,4.117861621081829,30,3.7528489902615547,3.9472037944942713,4.174955423921347,4.542571866884828,5.172358199954033,"[4.149542011320591, 4.5476919412612915, 4.364100098609924, 4.369225174188614, 3.964462585747242, 3.99625775963068, 4.313701823353767, 4.200368836522102, 4.898364290595055, 5.027383640408516, 4.675795644521713, 4.81285085529089, 5.100940607488155, 5.172358199954033, 5.099380537867546, 4.527211643755436, 4.242001511156559, 3.9023449271917343, 4.122086480259895, 4.205942802131176, 3.7528489902615547, 3.8758563175797462, 4.013251326978207, 3.8970352113246918, 3.9414508640766144, 3.9831274896860123, 3.902413085103035, 3.899200953543186, 3.8510315120220184, 4.078261524438858]","[3.7356149181723595, 3.635430596768856, 3.6533832028508186, 3.6957848966121674, 4.065006755292416, 3.821796342730522, 3.652097135782242, 3.594839483499527, 3.72160205245018, 3.7277492731809616, 3.790417268872261, 3.892219364643097, 3.8628446981310844, 3.7865409404039383, 3.770184241235256, 4.012613028287888, 3.866735078394413, 3.69078765809536, 3.6641144156455994, 3.661834165453911, 4.121718034148216, 3.937112919986248, 3.784872129559517, 3.859962649643421, 3.7139356061816216, 3.724639840424061, 3.634883739054203, 3.650379978120327, 3.626916728913784, 3.8437968119978905]",62759,75,6,62759,75,6,62759,75,6,8,0,0.0,0.0,0,False,0.0,0.0,4.174955423921347,0.0,0.0,0.0,0.0,0.0,0.0,0.0,0
gaussian_process,gaussian_process,log_hyperparameters,0,bucketed,bucketed_nuts,last_depth,128,512,3,,,8,,,squared_exponential,1,37,1e-05,16,0.2,8,,,0.9,3.7819899022579193,0.9866980589897334,3.7316820956766605,3.7819899022579193,0.9866980589897334,3.775620087981224,30,3.516860418021679,3.701591670513153,3.7819899022579193,3.905373737215996,4.163820520043373,"[3.7102048695087433, 3.679036483168602, 3.6987206041812897, 3.7742376923561096, 3.6521234810352325, 4.02362160384655, 3.8299958407878876, 3.7898415103554726, 3.7165379896759987, 3.588883049786091, 3.516860418021679, 3.73253533244133, 3.656265288591385, 3.983130343258381, 4.0899670496582985, 3.892589882016182, 3.8712893277406693, 3.7756350710988045, 4.046383827924728, 3.9096350222826004, 3.978710748255253, 3.816035307943821, 4.0333511382341385, 4.163820520043373, 3.724731683731079, 3.7645898908376694, 3.788344733417034, 3.5568536818027496, 3.557847149670124, 3.8162029311060905]","[3.7356149181723595, 3.635430596768856, 3.6533832028508186, 3.6957848966121674, 4.065006755292416, 3.821796342730522, 3.652097135782242, 3.594839483499527, 3.72160205245018, 3.7277492731809616, 3.790417268872261, 3.892219364643097, 3.8628446981310844, 3.7865409404039383, 3.770184241235256, 4.012613028287888, 3.866735078394413, 3.69078765809536, 3.6641144156455994, 3.661834165453911, 4.121718034148216, 3.937112919986248, 3.784872129559517, 3.859962649643421, 3.7139356061816216, 3.724639840424061, 3.634883739054203, 3.650379978120327, 3.626916728913784, 3.8437968119978905]",62759,75,6,62759,75,6,62759,75,6,4,0,0.0,0.0,0,False,0.0,0.0,3.7819899022579193,0.0,0.0,0.0,0.0,0.0,0.0,0.0,0
gaussian_process,gaussian_process,log_hyperparameters,1,monolithic,nuts_reference,monolithic,0,512,3,,,8,,,squared_exponential,1,37,1e-05,16,0.2,8,,,0.9,4.146540779620409,1.0,4.146540779620409,4.146540779620409,1.0,4.093842253088951,30,3.851544387638569,4.004416646435857,4.146540779620409,4.277106972411275,4.61782144010067,"[4.150557190179825, 4.168168634176254, 4.174736365675926, 4.142524369060993, 4.12267480045557, 4.090210318565369, 3.961325965821743, 3.851544387638569, 3.9969577714800835, 3.9747421890497208, 3.9809123799204826, 4.274734988808632, 4.540053009986877, 4.376492604613304, 3.97471734136343, 3.94659810513258, 3.9377045184373856, 4.093233332037926, 4.224245302379131, 4.0630374029278755, 4.331031069159508, 4.338965587317944, 4.293489381670952, 4.277897633612156, 4.3156284391880035, 4.2562112510204315, 4.245424501597881, 4.61782144010067, 4.114088922739029, 4.026793271303177]","[4.150557190179825, 4.168168634176254, 4.174736365675926, 4.142524369060993, 4.12267480045557, 4.090210318565369, 3.961325965821743, 3.851544387638569, 3.9969577714800835, 3.9747421890497208, 3.9809123799204826, 4.274734988808632, 4.540053009986877, 4.376492604613304, 3.97471734136343, 3.94659810513258, 3.9377045184373856, 4.093233332037926, 4.224245302379131, 4.0630374029278755, 4.331031069159508, 4.338965587317944, 4.293489381670952, 4.277897633612156, 4.3156284391880035, 4.2562112510204315, 4.245424501597881, 4.61782144010067, 4.114088922739029, 4.026793271303177]",62943,62,6,62943,62,6,62943,62,6,,0,0.0,0.0,0,False,0.0,0.0,4.146540779620409,0.0,0.0,0.0,0.0,0.0,0.0,0.0,0
gaussian_process,gaussian_process,log_hyperparameters,1,bucketed,bucketed_nuts,history,64,512,3,,,8,,,squared_exponential,1,37,1e-05,16,0.2,8,,,0.9,4.163703132420778,0.9958781036364639,4.146540779620409,4.163703132420778,0.9958781036364639,3.945340596139431,30,3.7494329810142517,4.060904275625944,4.163703132420778,4.317112643271685,4.76297390460968,"[4.037579022347927, 4.204477041959763, 4.2717611491680145, 4.492523543536663, 4.40995342284441, 4.76297390460968, 4.439426496624947, 4.380000628530979, 4.318250261247158, 4.181719869375229, 4.338304720818996, 4.041921861469746, 4.113090507686138, 4.055694565176964, 3.7494329810142517, 4.076533406972885, 4.308701165020466, 4.157363049685955, 4.113808520138264, 4.08550588786602, 4.152849994599819, 3.9883615225553513, 3.9426861107349396, 3.957389257848263, 4.041532285511494, 4.313699789345264, 4.0906089916825294, 4.428966470062733, 4.1700432151556015, 4.183940827846527]","[4.150557190179825, 4.168168634176254, 4.174736365675926, 4.142524369060993, 4.12267480045557, 4.090210318565369, 3.961325965821743, 3.851544387638569, 3.9969577714800835, 3.9747421890497208, 3.9809123799204826, 4.274734988808632, 4.540053009986877, 4.376492604613304, 3.97471734136343, 3.94659810513258, 3.9377045184373856, 4.093233332037926, 4.224245302379131, 4.0630374029278755, 4.331031069159508, 4.338965587317944, 4.293489381670952, 4.277897633612156, 4.3156284391880035, 4.2562112510204315, 4.245424501597881, 4.61782144010067, 4.114088922739029, 4.026793271303177]",62943,62,6,62943,62,6,62943,62,6,8,0,0.0,0.0,0,False,0.0,0.0,4.163703132420778,0.0,0.0,0.0,0.0,0.0,0.0,0.0,0
gaussian_process,gaussian_process,log_hyperparameters,1,bucketed,bucketed_nuts,history,128,512,3,,,8,,,squared_exponential,1,37,1e-05,16,0.2,8,,,0.9,4.167303554713726,0.9950176955384419,4.146540779620409,4.167303554713726,0.9950176955384419,3.838488034904003,30,3.7768943160772324,3.984955558553338,4.167303554713726,4.308982802554965,4.717533841729164,"[4.0849538668990135, 4.172233782708645, 4.125887118279934, 4.185443997383118, 4.411354772746563, 3.7768943160772324, 3.992942176759243, 3.915958561003208, 4.334761254489422, 4.717533841729164, 4.316608116030693, 4.382471866905689, 4.073782578110695, 4.183928988873959, 3.8951039910316467, 4.382712833583355, 4.558140806853771, 4.16286213696003, 4.046313211321831, 4.1717449724674225, 4.0950751677155495, 3.803518444299698, 4.286106862127781, 4.256907857954502, 3.982293352484703, 3.886282965540886, 3.9414625242352486, 3.8862205520272255, 4.172984056174755, 4.511791616678238]","[4.150557190179825, 4.168168634176254, 4.174736365675926, 4.142524369060993, 4.12267480045557, 4.090210318565369, 3.961325965821743, 3.851544387638569, 3.9969577714800835, 3.9747421890497208, 3.9809123799204826, 4.274734988808632, 4.540053009986877, 4.376492604613304, 3.97471734136343, 3.94659810513258, 3.9377045184373856, 4.093233332037926, 4.224245302379131, 4.0630374029278755, 4.331031069159508, 4.338965587317944, 4.293489381670952, 4.277897633612156, 4.3156284391880035, 4.2562112510204315, 4.245424501597881, 4.61782144010067, 4.114088922739029, 4.026793271303177]",62943,62,6,62943,62,6,62943,62,6,4,0,0.0,0.0,0,False,0.0,0.0,4.167303554713726,0.0,0.0,0.0,0.0,0.0,0.0,0.0,0
gaussian_process,gaussian_process,log_hyperparameters,1,bucketed,bucketed_nuts,last_depth,64,512,3,,,8,,,squared_exponential,1,37,1e-05,16,0.2,8,,,0.9,4.2806218564510345,0.9686771966020402,4.146540779620409,4.2806218564510345,0.9686771966020402,4.406551904976368,30,3.738966442644596,4.1940223556011915,4.2806218564510345,4.441597426310182,5.602028846740723,"[4.318065837025642, 4.695415772497654, 4.44304434210062, 4.608962215483189, 4.245435975492001, 4.51521048694849, 5.602028846740723, 4.7278773337602615, 3.7559163570404053, 3.738966442644596, 4.213262781500816, 4.526433072984219, 4.41515477001667, 4.213091187179089, 4.212666988372803, 4.23357405513525, 4.3158077374100685, 4.1878074780106544, 4.078785292804241, 4.086600735783577, 4.348499655723572, 4.437256678938866, 4.50043273717165, 4.316814497113228, 4.226522542536259, 4.03782906383276, 4.111116103827953, 4.413146659731865, 4.225180484354496, 4.018768519163132]","[4.150557190179825, 4.168168634176254, 4.174736365675926, 4.142524369060993, 4.12267480045557, 4.090210318565369, 3.961325965821743, 3.851544387638569, 3.9969577714800835, 3.9747421890497208, 3.9809123799204826, 4.274734988808632, 4.540053009986877, 4.376492604613304, 3.97471734136343, 3.94659810513258, 3.9377045184373856, 4.093233332037926, 4.224245302379131, 4.0630374029278755, 4.331031069159508, 4.338965587317944, 4.293489381670952, 4.277897633612156, 4.3156284391880035, 4.2562112510204315, 4.245424501597881, 4.61782144010067, 4.114088922739029, 4.026793271303177]",62943,62,6,62943,62,6,62943,62,6,8,0,0.0,0.0,0,False,0.0,0.0,4.2806218564510345,0.0,0.0,0.0,0.0,0.0,0.0,0.0,0
gaussian_process,gaussian_process,log_hyperparameters,1,bucketed,bucketed_nuts,last_depth,128,512,3,,,8,,,squared_exponential,1,37,1e-05,16,0.2,8,,,0.9,4.111964218318462,1.0084087699858648,4.146540779620409,4.111964218318462,1.0084087699858648,3.873006522655487,30,3.640681855380535,3.9991122502833605,4.111964218318462,4.341935556381941,5.385286927223206,"[4.088951729238033, 4.1349767073988914, 4.637330554425716, 4.8786763697862625, 4.280747450888157, 4.16462229937315, 3.958679936826229, 4.057320863008499, 4.182324700057507, 4.209199696779251, 4.221127554774284, 3.9430813789367676, 4.255790963768959, 4.3623315915465355, 4.560733065009117, 4.394820906221867, 4.065775103867054, 4.068244345486164, 4.05349987000227, 3.9228636026382446, 3.8066468611359596, 4.041059777140617, 5.385286927223206, 5.259907931089401, 4.383939251303673, 3.640681855380535, 3.9597874209284782, 3.944512464106083, 4.010421723127365, 3.9953424260020256]","[4.150557190179825, 4.168168634176254, 4.174736365675926, 4.142524369060993, 4.12267480045557, 4.090210318565369, 3.961325965821743, 3.851544387638569, 3.9969577714800835, 3.9747421890497208, 3.9809123799204826, 4.274734988808632, 4.540053009986877, 4.376492604613304, 3.97471734136343, 3.94659810513258, 3.9377045184373856, 4.093233332037926, 4.224245302379131, 4.0630374029278755, 4.331031069159508, 4.338965587317944, 4.293489381670952, 4.277897633612156, 4.3156284391880035, 4.2562112510204315, 4.245424501597881, 4.61782144010067, 4.114088922739029, 4.026793271303177]",62943,62,6,62943,62,6,62943,62,6,4,0,0.0,0.0,0,False,0.0,0.0,4.111964218318462,0.0,0.0,0.0,0.0,0.0,0.0,0.0,0
gaussian_process,gaussian_process,log_hyperparameters,2,monolithic,nuts_reference,monolithic,0,512,3,,,8,,,squared_exponential,1,37,1e-05,16,0.2,8,,,0.9,3.9828020073473454,1.0,3.9828020073473454,3.9828020073473454,1.0,4.070509798824787,30,3.656034231185913,3.9086652230471373,3.9828020073473454,4.106840372085571,4.747486054897308,"[4.248216517269611, 4.747486054897308, 4.331971190869808, 3.656034231185913, 3.6980388537049294, 3.920655846595764, 3.886024609208107, 4.0604503229260445, 4.065085895359516, 3.8627725169062614, 4.104378238320351, 3.9740906953811646, 3.9143976122140884, 3.844684660434723, 3.9639142975211143, 4.344132885336876, 4.063479609787464, 4.361287213861942, 4.253810107707977, 4.107661083340645, 3.9323670640587807, 3.9015056043863297, 3.9067544266581535, 3.9320535510778427, 3.857797332108021, 4.0693812891840935, 4.48914435505867, 3.991513319313526, 3.9500536397099495, 4.03803139179945]","[4.248216517269611, 4.747486054897308, 4.331971190869808, 3.656034231185913, 3.6980388537049294, 3.920655846595764, 3.886024609208107, 4.0604503229260445, 4.065085895359516, 3.8627725169062614, 4.104378238320351, 3.9740906953811646, 3.9143976122140884, 3.844684660434723, 3.9639142975211143, 4.344132885336876, 4.063479609787464, 4.361287213861942, 4.253810107707977, 4.107661083340645, 3.9323670640587807, 3.9015056043863297, 3.9067544266581535, 3.9320535510778427, 3.857797332108021, 4.0693812891840935, 4.48914435505867, 3.991513319313526, 3.9500536397099495, 4.03803139179945]",62883,52,6,62883,52,6,62883,52,6,,0,0.0,0.0,0,False,0.0,0.0,3.9828020073473454,0.0,0.0,0.0,0.0,0.0,0.0,0.0,0
gaussian_process,gaussian_process,log_hyperparameters,2,bucketed,bucketed_nuts,history,64,512,3,,,8,,,squared_exponential,1,37,1e-05,16,0.2,8,,,0.9,4.067283224314451,0.9792290793859468,3.9828020073473454,4.067283224314451,0.9792290793859468,4.316202662885189,30,3.934732310473919,3.99446321092546,4.067283224314451,4.171071086078882,4.591750644147396,"[4.127590775489807, 4.086171366274357, 4.021448068320751, 4.008992709219456, 3.9611493051052094, 3.944385588169098, 3.984823986887932, 4.1582584753632545, 4.043587297201157, 4.591750644147396, 4.280368342995644, 4.074110493063927, 4.121781207621098, 4.353919290006161, 4.0901389718055725, 3.950980231165886, 4.122778810560703, 4.034191347658634, 4.060455955564976, 3.9650013521313667, 3.936325326561928, 3.934732310473919, 3.9896200448274612, 4.057652927935123, 4.243933491408825, 4.203086256980896, 4.175341956317425, 4.028635688126087, 4.28874771296978, 4.201110370457172]","[4.248216517269611, 4.747486054897308, 4.331971190869808, 3.656034231185913, 3.6980388537049294, 3.920655846595764, 3.886024609208107, 4.0604503229260445, 4.065085895359516, 3.8627725169062614, 4.104378238320351, 3.9740906953811646, 3.9143976122140884, 3.844684660434723, 3.9639142975211143, 4.344132885336876, 4.063479609787464, 4.361287213861942, 4.253810107707977, 4.107661083340645, 3.9323670640587807, 3.9015056043863297, 3.9067544266581535, 3.9320535510778427, 3.857797332108021, 4.0693812891840935, 4.48914435505867, 3.991513319313526, 3.9500536397099495, 4.03803139179945]",62883,52,6,62883,52,6,62883,52,6,8,0,0.0,0.0,0,False,0.0,0.0,4.067283224314451,0.0,0.0,0.0,0.0,0.0,0.0,0.0,0
gaussian_process,gaussian_process,log_hyperparameters,2,bucketed,bucketed_nuts,history,128,512,3,,,8,,,squared_exponential,1,37,1e-05,16,0.2,8,,,0.9,4.0362075455486774,0.9867683865116822,3.9828020073473454,4.0362075455486774,0.9867683865116822,4.060239888727665,30,3.7281051129102707,3.8728269208222628,4.0362075455486774,4.133076092228293,4.314873039722443,"[4.0488016828894615, 4.185463979840279, 4.154904752969742, 4.13931605219841, 4.189619831740856, 4.23671855032444, 4.314873039722443, 3.9902416318655014, 4.023613408207893, 4.058013595640659, 3.880027160048485, 4.125633895397186, 4.146661192178726, 3.7899117693305016, 4.135556824505329, 4.065903052687645, 3.7470325604081154, 3.8918900936841965, 3.945405311882496, 3.8061034083366394, 3.8392855525016785, 3.7746938690543175, 3.8704268410801888, 4.058860540390015, 3.9643327817320824, 3.9093529731035233, 3.7281051129102707, 4.068268328905106, 3.8235543593764305, 4.0699751898646355]","[4.248216517269611, 4.747486054897308, 4.331971190869808, 3.656034231185913, 3.6980388537049294, 3.920655846595764, 3.886024609208107, 4.0604503229260445, 4.065085895359516, 3.8627725169062614, 4.104378238320351, 3.9740906953811646, 3.9143976122140884, 3.844684660434723, 3.9639142975211143, 4.344132885336876, 4.063479609787464, 4.361287213861942, 4.253810107707977, 4.107661083340645, 3.9323670640587807, 3.9015056043863297, 3.9067544266581535, 3.9320535510778427, 3.857797332108021, 4.0693812891840935, 4.48914435505867, 3.991513319313526, 3.9500536397099495, 4.03803139179945]",62883,52,6,62883,52,6,62883,52,6,4,0,0.0,0.0,0,False,0.0,0.0,4.0362075455486774,0.0,0.0,0.0,0.0,0.0,0.0,0.0,0
gaussian_process,gaussian_process,log_hyperparameters,2,bucketed,bucketed_nuts,last_depth,64,512,3,,,8,,,squared_exponential,1,37,1e-05,16,0.2,8,,,0.9,4.025462005287409,0.9894024591751134,3.9828020073473454,4.025462005287409,0.9894024591751134,4.360376134514809,30,3.847147189080715,3.9658438116312027,4.025462005287409,4.177521655336022,4.448692813515663,"[4.196735426783562, 3.984675645828247, 3.847147189080715, 3.8735334128141403, 4.026749968528748, 4.159023426473141, 4.073656834661961, 3.945577584207058, 3.979784332215786, 3.9630715399980545, 4.218149155378342, 4.448692813515663, 4.248210407793522, 4.115226231515408, 4.120796166360378, 3.8774876818060875, 3.916676439344883, 3.928399123251438, 4.02417404204607, 3.9741606265306473, 4.060766041278839, 4.143563196063042, 4.190279878675938, 4.004662923514843, 3.925399176776409, 4.209491610527039, 4.4049864783883095, 4.18368773162365, 3.986165329813957, 4.018170513212681]","[4.248216517269611, 4.747486054897308, 4.331971190869808, 3.656034231185913, 3.6980388537049294, 3.920655846595764, 3.886024609208107, 4.0604503229260445, 4.065085895359516, 3.8627725169062614, 4.104378238320351, 3.9740906953811646, 3.9143976122140884, 3.844684660434723, 3.9639142975211143, 4.344132885336876, 4.063479609787464, 4.361287213861942, 4.253810107707977, 4.107661083340645, 3.9323670640587807, 3.9015056043863297, 3.9067544266581535, 3.9320535510778427, 3.857797332108021, 4.0693812891840935, 4.48914435505867, 3.991513319313526, 3.9500536397099495, 4.03803139179945]",62883,52,6,62883,52,6,62883,52,6,8,0,0.0,0.0,0,False,0.0,0.0,4.025462005287409,0.0,0.0,0.0,0.0,0.0,0.0,0.0,0
gaussian_process,gaussian_process,log_hyperparameters,2,bucketed,bucketed_nuts,last_depth,128,512,3,,,8,,,squared_exponential,1,37,1e-05,16,0.2,8,,,0.9,3.96953696757555,1.0033417095948842,3.9828020073473454,3.96953696757555,1.0033417095948842,3.859692968428135,30,3.684338256716728,3.863278029486537,3.96953696757555,4.076333502307534,4.523359194397926,"[3.7885890528559685, 3.8639537170529366, 4.012821353971958, 4.003188483417034, 3.935885451734066, 3.684338256716728, 3.7619087174534798, 3.8060679733753204, 3.7418998703360558, 3.859279803931713, 4.015429370105267, 3.9041968807578087, 3.8762805089354515, 3.891168974339962, 3.863052800297737, 3.8714944571256638, 4.128798760473728, 4.166861541569233, 4.059635952115059, 4.191587217152119, 4.018934793770313, 4.081899352371693, 4.181571587920189, 3.8383079320192337, 3.9316463619470596, 4.523359194397926, 4.053601607680321, 4.036767676472664, 4.19425792247057, 4.242223106324673]","[4.248216517269611, 4.747486054897308, 4.331971190869808, 3.656034231185913, 3.6980388537049294, 3.920655846595764, 3.886024609208107, 4.0604503229260445, 4.065085895359516, 3.8627725169062614, 4.104378238320351, 3.9740906953811646, 3.9143976122140884, 3.844684660434723, 3.9639142975211143, 4.344132885336876, 4.063479609787464, 4.361287213861942, 4.253810107707977, 4.107661083340645, 3.9323670640587807, 3.9015056043863297, 3.9067544266581535, 3.9320535510778427, 3.857797332108021, 4.0693812891840935, 4.48914435505867, 3.991513319313526, 3.9500536397099495, 4.03803139179945]",62883,52,6,62883,52,6,62883,52,6,4,0,0.0,0.0,0,False,0.0,0.0,3.96953696757555,0.0,0.0,0.0,0.0,0.0,0.0,0.0,0
gaussian_process,gaussian_process,log_hyperparameters,3,monolithic,nuts_reference,monolithic,0,512,3,,,8,,,squared_exponential,1,37,1e-05,16,0.2,8,,,0.9,4.128245074301958,1.0,4.128245074301958,4.128245074301958,1.0,4.120555303990841,30,3.9034791216254234,4.061413014307618,4.128245074301958,4.216845678165555,5.101396709680557,"[4.046549528837204, 4.032310999929905, 4.1350361704826355, 4.205227650702, 4.440689690411091, 4.390070974826813, 4.084090195596218, 4.444657124578953, 5.101396709680557, 4.360167160630226, 4.1156792640686035, 4.016337312757969, 3.9543184265494347, 4.215860843658447, 4.121453978121281, 3.9034791216254234, 4.0697591081261635, 4.067249953746796, 4.217173956334591, 4.21145786345005, 4.02980974316597, 4.137686923146248, 4.509366407990456, 4.246246226131916, 4.208546996116638, 4.059467367827892, 4.202817402780056, 4.008790209889412, 4.099855467677116, 4.119955621659756]","[4.046549528837204, 4.032310999929905, 4.1350361704826355, 4.205227650702, 4.440689690411091, 4.390070974826813, 4.084090195596218, 4.444657124578953, 5.101396709680557, 4.360167160630226, 4.1156792640686035, 4.016337312757969, 3.9543184265494347, 4.215860843658447, 4.121453978121281, 3.9034791216254234, 4.0697591081261635, 4.067249953746796, 4.217173956334591, 4.21145786345005, 4.02980974316597, 4.137686923146248, 4.509366407990456, 4.246246226131916, 4.208546996116638, 4.059467367827892, 4.202817402780056, 4.008790209889412, 4.099855467677116, 4.119955621659756]",61778,59,6,61778,59,6,61778,59,6,,0,0.0,0.0,0,False,0.0,0.0,4.128245074301958,0.0,0.0,0.0,0.0,0.0,0.0,0.0,0
gaussian_process,gaussian_process,log_hyperparameters,3,bucketed,bucketed_nuts,history,64,512,3,,,8,,,squared_exponential,1,37,1e-05,16,0.2,8,,,0.9,4.010884668678045,1.0292604787518345,4.128245074301958,4.010884668678045,1.0292604787518345,4.259633354842663,30,3.8135296031832695,3.913071285933256,4.010884668678045,4.083603831008077,4.353150740265846,"[4.055049143731594, 4.212178446352482, 4.032605119049549, 4.353150740265846, 4.041579395532608, 3.8173481971025467, 4.1708692237734795, 3.9219292625784874, 3.9120935648679733, 3.8135296031832695, 3.866829350590706, 3.8536650612950325, 3.967183716595173, 4.021499305963516, 4.046397835016251, 3.8891791328787804, 4.236772954463959, 4.162264294922352, 4.088388301432133, 4.000270031392574, 3.950635366141796, 4.28964426368475, 3.980238638818264, 4.073520295321941, 3.9160044491291046, 4.086965009570122, 3.9549258798360825, 3.90027467161417, 4.062343753874302, 3.8229620903730392]","[4.046549528837204, 4.032310999929905, 4.1350361704826355, 4.205227650702, 4.440689690411091, 4.390070974826813, 4.084090195596218, 4.444657124578953, 5.101396709680557, 4.360167160630226, 4.1156792640686035, 4.016337312757969, 3.9543184265494347, 4.215860843658447, 4.121453978121281, 3.9034791216254234, 4.0697591081261635, 4.067249953746796, 4.217173956334591, 4.21145786345005, 4.02980974316597, 4.137686923146248, 4.509366407990456, 4.246246226131916, 4.208546996116638, 4.059467367827892, 4.202817402780056, 4.008790209889412, 4.099855467677116, 4.119955621659756]",61778,59,6,61778,59,6,61778,59,6,8,0,0.0,0.0,0,False,0.0,0.0,4.010884668678045,0.0,0.0,0.0,0.0,0.0,0.0,0.0,0
gaussian_process,gaussian_process,log_hyperparameters,3,bucketed,bucketed_nuts,history,128,512,3,,,8,,,squared_exponential,1,37,1e-05,16,0.2,8,,,0.9,3.976972818374634,1.038037035412565,4.128245074301958,3.976972818374634,1.038037035412565,3.8623276725411415,30,3.743492402136326,3.8482802882790565,3.976972818374634,4.076587297022343,4.561070315539837,"[3.9887220561504364, 3.8941467255353928, 3.870183251798153, 3.7965248748660088, 3.7659447118639946, 4.119082190096378, 4.056753143668175, 4.087769404053688, 3.9545955508947372, 3.9812709614634514, 4.230613857507706, 4.440924823284149, 4.002813495695591, 4.561070315539837, 3.926411844789982, 4.019531860947609, 3.8461778685450554, 3.780952550470829, 4.206571742892265, 3.8093313053250313, 4.005553230643272, 3.8565263897180557, 3.743492402136326, 3.972674675285816, 3.8228752687573433, 3.817993350327015, 3.85458754748106, 4.086635336279869, 4.083198681473732, 3.983347661793232]","[4.046549528837204, 4.032310999929905, 4.1350361704826355, 4.205227650702, 4.440689690411091, 4.390070974826813, 4.084090195596218, 4.444657124578953, 5.101396709680557, 4.360167160630226, 4.1156792640686035, 4.016337312757969, 3.9543184265494347, 4.215860843658447, 4.121453978121281, 3.9034791216254234, 4.0697591081261635, 4.067249953746796, 4.217173956334591, 4.21145786345005, 4.02980974316597, 4.137686923146248, 4.509366407990456, 4.246246226131916, 4.208546996116638, 4.059467367827892, 4.202817402780056, 4.008790209889412, 4.099855467677116, 4.119955621659756]",61778,59,6,61778,59,6,61778,59,6,4,0,0.0,0.0,0,False,0.0,0.0,3.976972818374634,0.0,0.0,0.0,0.0,0.0,0.0,0.0,0
gaussian_process,gaussian_process,log_hyperparameters,3,bucketed,bucketed_nuts,last_depth,64,512,3,,,8,,,squared_exponential,1,37,1e-05,16,0.2,8,,,0.9,4.018258653581142,1.0273716627531664,4.128245074301958,4.018258653581142,1.0273716627531664,4.271792829036713,30,3.7940057888627052,3.939298126846552,4.018258653581142,4.0990641843527555,4.408590145409107,"[4.192540794610977, 3.7940057888627052, 3.883175551891327, 3.9855559170246124, 4.100281827151775, 4.068197138607502, 3.901365891098976, 3.9652044773101807, 4.0126872062683105, 4.374670498073101, 4.024895638227463, 3.9063550233840942, 4.095411255955696, 3.809709683060646, 3.8511879965662956, 4.0281959399580956, 4.103474922478199, 3.913133680820465, 4.009525664150715, 3.999467819929123, 4.013121284544468, 4.051113799214363, 4.1149323508143425, 4.408590145409107, 4.181042358279228, 3.966051436960697, 4.075882077217102, 4.023396022617817, 4.11083759367466, 3.930662676692009]","[4.046549528837204, 4.032310999929905, 4.1350361704826355, 4.205227650702, 4.440689690411091, 4.390070974826813, 4.084090195596218, 4.444657124578953, 5.101396709680557, 4.360167160630226, 4.1156792640686035, 4.016337312757969, 3.9543184265494347, 4.215860843658447, 4.121453978121281, 3.9034791216254234, 4.0697591081261635, 4.067249953746796, 4.217173956334591, 4.21145786345005, 4.02980974316597, 4.137686923146248, 4.509366407990456, 4.246246226131916, 4.208546996116638, 4.059467367827892, 4.202817402780056, 4.008790209889412, 4.099855467677116, 4.119955621659756]",61778,59,6,61778,59,6,61778,59,6,8,0,0.0,0.0,0,False,0.0,0.0,4.018258653581142,0.0,0.0,0.0,0.0,0.0,0.0,0.0,0
gaussian_process,gaussian_process,log_hyperparameters,3,bucketed,bucketed_nuts,last_depth,128,512,3,,,8,,,squared_exponential,1,37,1e-05,16,0.2,8,,,0.9,3.861865244805813,1.0689769871836996,4.128245074301958,3.861865244805813,1.0689769871836996,3.9238541275262833,30,3.659139186143875,3.7375417053699493,3.861865244805813,3.9988740794360638,4.536787331104279,"[3.7431817427277565, 3.672236569225788, 3.769756391644478, 4.019119843840599, 4.043526507914066, 3.9687687531113625, 3.7292795181274414, 3.9753398820757866, 4.1934377029538155, 3.955953486263752, 3.8102434501051903, 3.659139186143875, 3.7301487401127815, 3.710838161408901, 3.749027080833912, 3.6627869307994843, 3.758505254983902, 3.961854249238968, 4.001952186226845, 3.8303952738642693, 3.690033905208111, 3.735661692917347, 3.8874215185642242, 3.8386399671435356, 3.88509052246809, 3.9896397590637207, 4.536787331104279, 4.140983872115612, 4.355121657252312, 4.364060305058956]","[4.046549528837204, 4.032310999929905, 4.1350361704826355, 4.205227650702, 4.440689690411091, 4.390070974826813, 4.084090195596218, 4.444657124578953, 5.101396709680557, 4.360167160630226, 4.1156792640686035, 4.016337312757969, 3.9543184265494347, 4.215860843658447, 4.121453978121281, 3.9034791216254234, 4.0697591081261635, 4.067249953746796, 4.217173956334591, 4.21145786345005, 4.02980974316597, 4.137686923146248, 4.509366407990456, 4.246246226131916, 4.208546996116638, 4.059467367827892, 4.202817402780056, 4.008790209889412, 4.099855467677116, 4.119955621659756]",61778,59,6,61778,59,6,61778,59,6,4,0,0.0,0.0,0,False,0.0,0.0,3.861865244805813,0.0,0.0,0.0,0.0,0.0,0.0,0.0,0
gaussian_process,gaussian_process,log_hyperparameters,4,monolithic,nuts_reference,monolithic,0,512,3,,,8,,,squared_exponential,1,37,1e-05,16,0.2,8,,,0.9,4.3344768434762955,1.0,4.3344768434762955,4.3344768434762955,1.0,3.7819032445549965,30,3.905439205467701,4.226922329515219,4.3344768434762955,4.491899808868766,4.848966673016548,"[3.9188208878040314, 3.9292351230978966, 4.122985944151878, 4.1242715716362, 4.209483273327351, 3.905439205467701, 3.912318952381611, 4.2842157036066055, 4.321113727986813, 4.411547973752022, 4.552527077496052, 4.725766971707344, 4.16849622875452, 4.285439871251583, 4.526201672852039, 4.373926572501659, 4.848966673016548, 4.336094886064529, 4.314710043370724, 4.506492994725704, 4.3328588008880615, 4.6392253786325455, 4.471744768321514, 4.284981995820999, 4.279239498078823, 4.3382278978824615, 4.49861815571785, 4.570047549903393, 4.449478663504124, 4.351423516869545]","[3.9188208878040314, 3.9292351230978966, 4.122985944151878, 4.1242715716362, 4.209483273327351, 3.905439205467701, 3.912318952381611, 4.2842157036066055, 4.321113727986813, 4.411547973752022, 4.552527077496052, 4.725766971707344, 4.16849622875452, 4.285439871251583, 4.526201672852039, 4.373926572501659, 4.848966673016548, 4.336094886064529, 4.314710043370724, 4.506492994725704, 4.3328588008880615, 4.6392253786325455, 4.471744768321514, 4.284981995820999, 4.279239498078823, 4.3382278978824615, 4.49861815571785, 4.570047549903393, 4.449478663504124, 4.351423516869545]",62633,76,6,62633,76,6,62633,76,6,,0,0.0,0.0,0,False,0.0,0.0,4.3344768434762955,0.0,0.0,0.0,0.0,0.0,0.0,0.0,0
gaussian_process,gaussian_process,log_hyperparameters,4,bucketed,bucketed_nuts,history,64,512,3,,,8,,,squared_exponential,1,37,1e-05,16,0.2,8,,,0.9,3.96303141862154,1.0937276003186356,4.3344768434762955,3.96303141862154,1.0937276003186356,4.306186452507973,30,3.737369939684868,3.8646952863782644,3.96303141862154,4.275822479277849,4.956937976181507,"[4.559853531420231, 4.460129223763943, 4.086873352527618, 4.1861544996500015, 4.35576044768095, 4.305711805820465, 4.322720654308796, 4.508550584316254, 4.613661892712116, 4.956937976181507, 3.757608599960804, 3.8595756217837334, 4.032425060868263, 4.144420675933361, 4.072227947413921, 3.9029936715960503, 3.9172277003526688, 3.903918482363224, 3.8911585733294487, 3.737369939684868, 3.8194945231080055, 3.8800542801618576, 3.8077845126390457, 4.1200521513819695, 3.921239323914051, 4.0003485679626465, 3.7818596959114075, 3.8068294301629066, 3.9257142692804337, 3.809833563864231]","[3.9188208878040314, 3.9292351230978966, 4.122985944151878, 4.1242715716362, 4.209483273327351, 3.905439205467701, 3.912318952381611, 4.2842157036066055, 4.321113727986813, 4.411547973752022, 4.552527077496052, 4.725766971707344, 4.16849622875452, 4.285439871251583, 4.526201672852039, 4.373926572501659, 4.848966673016548, 4.336094886064529, 4.314710043370724, 4.506492994725704, 4.3328588008880615, 4.6392253786325455, 4.471744768321514, 4.284981995820999, 4.279239498078823, 4.3382278978824615, 4.49861815571785, 4.570047549903393, 4.449478663504124, 4.351423516869545]",62633,76,6,62633,76,6,62633,76,6,8,0,0.0,0.0,0,False,0.0,0.0,3.96303141862154,0.0,0.0,0.0,0.0,0.0,0.0,0.0,0
gaussian_process,gaussian_process,log_hyperparameters,4,bucketed,bucketed_nuts,history,128,512,3,,,8,,,squared_exponential,1,37,1e-05,16,0.2,8,,,0.9,3.8449943624436855,1.1273038228127648,4.3344768434762955,3.8449943624436855,1.1273038228127648,3.8623894825577736,30,3.6278188452124596,3.734283585101366,3.8449943624436855,4.061241513118148,4.375275239348412,"[3.820090800523758, 3.6278188452124596, 3.6810139939188957, 3.6995531171560287, 3.721757911145687, 3.8248903676867485, 4.147817529737949, 4.12278588116169, 3.722565606236458, 3.674088165163994, 3.8220436424016953, 3.7550802752375603, 3.902388632297516, 4.375275239348412, 3.997710630297661, 4.117434270679951, 4.213326409459114, 4.23743549734354, 4.136942818760872, 3.8406831845641136, 3.9319053143262863, 3.8772172927856445, 3.7899801954627037, 4.076762862503529, 4.014677464962006, 3.7298280969262123, 3.7476500496268272, 3.8493055403232574, 3.9847720563411713, 3.715384691953659]","[3.9188208878040314, 3.9292351230978966, 4.122985944151878, 4.1242715716362, 4.209483273327351, 3.905439205467701, 3.912318952381611, 4.2842157036066055, 4.321113727986813, 4.411547973752022, 4.552527077496052, 4.725766971707344, 4.16849622875452, 4.285439871251583, 4.526201672852039, 4.373926572501659, 4.848966673016548, 4.336094886064529, 4.314710043370724, 4.506492994725704, 4.3328588008880615, 4.6392253786325455, 4.471744768321514, 4.284981995820999, 4.279239498078823, 4.3382278978824615, 4.49861815571785, 4.570047549903393, 4.449478663504124, 4.351423516869545]",62633,76,6,62633,76,6,62633,76,6,4,0,0.0,0.0,0,False,0.0,0.0,3.8449943624436855,0.0,0.0,0.0,0.0,0.0,0.0,0.0,0
gaussian_process,gaussian_process,log_hyperparameters,4,bucketed,bucketed_nuts,last_depth,64,512,3,,,8,,,squared_exponential,1,37,1e-05,16,0.2,8,,,0.9,3.9330449514091015,1.1020664388601438,4.3344768434762955,3.9330449514091015,1.1020664388601438,3.933330737054348,30,3.705836743116379,3.8434746600687504,3.9330449514091015,4.056586317718029,4.44612193852663,"[3.987881116569042, 3.807776615023613, 3.9914078935980797, 4.44612193852663, 4.131122186779976, 4.146921679377556, 4.238631561398506, 4.3620501309633255, 3.90110844373703, 4.06162715703249, 4.041463799774647, 4.110763184726238, 4.131093591451645, 3.892511397600174, 3.821516565978527, 3.792872332036495, 3.930683344602585, 3.7473378032445908, 3.8539118841290474, 3.9155015647411346, 3.9127594381570816, 3.8848255202174187, 4.03283017873764, 3.809876926243305, 4.012168742716312, 3.935406558215618, 3.705836743116379, 3.944872424006462, 3.7692159339785576, 3.8399955853819847]","[3.9188208878040314, 3.9292351230978966, 4.122985944151878, 4.1242715716362, 4.209483273327351, 3.905439205467701, 3.912318952381611, 4.2842157036066055, 4.321113727986813, 4.411547973752022, 4.552527077496052, 4.725766971707344, 4.16849622875452, 4.285439871251583, 4.526201672852039, 4.373926572501659, 4.848966673016548, 4.336094886064529, 4.314710043370724, 4.506492994725704, 4.3328588008880615, 4.6392253786325455, 4.471744768321514, 4.284981995820999, 4.279239498078823, 4.3382278978824615, 4.49861815571785, 4.570047549903393, 4.449478663504124, 4.351423516869545]",62633,76,6,62633,76,6,62633,76,6,8,0,0.0,0.0,0,False,0.0,0.0,3.9330449514091015,0.0,0.0,0.0,0.0,0.0,0.0,0.0,0
gaussian_process,gaussian_process,log_hyperparameters,4,bucketed,bucketed_nuts,last_depth,128,512,3,,,8,,,squared_exponential,1,37,1e-05,16,0.2,8,,,0.9,3.84800461307168,1.126421945740935,4.3344768434762955,3.84800461307168,1.126421945740935,3.6305038183927536,30,3.606380082666874,3.737674428150058,3.84800461307168,3.982346734032035,4.5372117310762405,"[3.785996027290821, 3.7564232498407364, 3.7401004806160927, 3.736865743994713, 3.658722184598446, 3.6227733865380287, 3.674961157143116, 3.8031566217541695, 3.9883576706051826, 3.913148805499077, 3.7182815223932266, 3.730984628200531, 4.000432789325714, 3.9861518517136574, 3.9038263633847237, 3.9113157391548157, 3.8232331424951553, 3.75726780295372, 3.606380082666874, 3.733056828379631, 4.014979645609856, 3.84881691634655, 4.204299420118332, 4.442319959402084, 3.84719230979681, 3.9378164559602737, 3.964684523642063, 4.5372117310762405, 4.041390016674995, 3.9709313809871674]","[3.9188208878040314, 3.9292351230978966, 4.122985944151878, 4.1242715716362, 4.209483273327351, 3.905439205467701, 3.912318952381611, 4.2842157036066055, 4.321113727986813, 4.411547973752022, 4.552527077496052, 4.725766971707344, 4.16849622875452, 4.285439871251583, 4.526201672852039, 4.373926572501659, 4.848966673016548, 4.336094886064529, 4.314710043370724, 4.506492994725704, 4.3328588008880615, 4.6392253786325455, 4.471744768321514, 4.284981995820999, 4.279239498078823, 4.3382278978824615, 4.49861815571785, 4.570047549903393, 4.449478663504124, 4.351423516869545]",62633,76,6,62633,76,6,62633,76,6,4,0,0.0,0.0,0,False,0.0,0.0,3.84800461307168,0.0,0.0,0.0,0.0,0.0,0.0,0.0,0
gaussian_process,gaussian_process,log_hyperparameters,0,monolithic,nuts_reference,monolithic,0,1024,3,,,8,,,squared_exponential,1,37,1e-05,16,0.2,8,,,0.9,9.310121092945337,1.0,9.310121092945337,9.310121092945337,1.0,16.915100283920765,30,8.88016663491726,9.06156069971621,9.310121092945337,9.608414098620415,9.90077070146799,"[9.252478085458279, 9.720142230391502, 9.828060165047646, 9.679797932505608, 9.121141776442528, 9.38038631528616, 9.39131310582161, 9.651940442621708, 9.328352242708206, 9.737393908202648, 9.642351150512695, 9.90077070146799, 9.256149023771286, 9.506602942943573, 9.291889943182468, 9.209347426891327, 9.138988308608532, 9.181841149926186, 9.041700340807438, 8.995634377002716, 8.992318324744701, 8.972881108522415, 9.411602810025215, 9.012239314615726, 8.93484054505825, 8.88016663491726, 8.932999305427074, 9.65800254791975, 9.505387894809246, 9.385684110224247]","[9.252478085458279, 9.720142230391502, 9.828060165047646, 9.679797932505608, 9.121141776442528, 9.38038631528616, 9.39131310582161, 9.651940442621708, 9.328352242708206, 9.737393908202648, 9.642351150512695, 9.90077070146799, 9.256149023771286, 9.506602942943573, 9.291889943182468, 9.209347426891327, 9.138988308608532, 9.181841149926186, 9.041700340807438, 8.995634377002716, 8.992318324744701, 8.972881108522415, 9.411602810025215, 9.012239314615726, 8.93484054505825, 8.88016663491726, 8.932999305427074, 9.65800254791975, 9.505387894809246, 9.385684110224247]",125253,128,6,125253,128,6,125253,128,6,,0,0.0,0.0,0,False,0.0,0.0,9.310121092945337,0.0,0.0,0.0,0.0,0.0,0.0,0.0,0
gaussian_process,gaussian_process,log_hyperparameters,0,bucketed,bucketed_nuts,history,64,1024,3,,,8,,,squared_exponential,1,37,1e-05,16,0.2,8,,,0.9,8.011977352201939,1.1620253882004083,9.310121092945337,8.011977352201939,1.1620253882004083,11.842988222837448,30,7.5857192650437355,7.837454609572887,8.011977352201939,8.109792036935687,9.050203204154968,"[8.01936399936676, 8.07469304651022, 7.973988518118858, 7.92000587284565, 8.295699298381805, 8.601603209972382, 8.039471872150898, 7.894475154578686, 8.032299026846886, 8.121491700410843, 7.737963750958443, 7.6966328620910645, 7.996889643371105, 8.004590705037117, 7.938941456377506, 7.721717976033688, 7.766131788492203, 8.074645578861237, 7.736170671880245, 7.818447761237621, 8.053757265210152, 7.5857192650437355, 7.636018261313438, 8.039251945912838, 7.955209091305733, 8.632109761238098, 8.394959814846516, 8.21225555241108, 9.050203204154968, 8.939400918781757]","[9.252478085458279, 9.720142230391502, 9.828060165047646, 9.679797932505608, 9.121141776442528, 9.38038631528616, 9.39131310582161, 9.651940442621708, 9.328352242708206, 9.737393908202648, 9.642351150512695, 9.90077070146799, 9.256149023771286, 9.506602942943573, 9.291889943182468, 9.209347426891327, 9.138988308608532, 9.181841149926186, 9.041700340807438, 8.995634377002716, 8.992318324744701, 8.972881108522415, 9.411602810025215, 9.012239314615726, 8.93484054505825, 8.88016663491726, 8.932999305427074, 9.65800254791975, 9.505387894809246, 9.385684110224247]",125253,128,6,125253,128,6,125253,128,6,16,0,0.0,0.0,0,False,0.0,0.0,8.011977352201939,0.0,0.0,0.0,0.0,0.0,0.0,0.0,0
gaussian_process,gaussian_process,log_hyperparameters,0,bucketed,bucketed_nuts,history,128,1024,3,,,8,,,squared_exponential,1,37,1e-05,16,0.2,8,,,0.9,7.953543588519096,1.1705626541588903,9.310121092945337,7.953543588519096,1.1705626541588903,12.12219600379467,30,7.270628958940506,7.6269792057573795,7.953543588519096,8.14736863784492,8.61132637411356,"[8.412743896245956, 8.096994943916798, 8.600708849728107, 7.865147136151791, 7.378184914588928, 7.502786181867123, 7.553098499774933, 7.37995357811451, 7.270628958940506, 7.356176808476448, 7.562842406332493, 8.61132637411356, 7.9206662848591805, 7.789534732699394, 7.865798860788345, 8.315029382705688, 8.101471178233624, 8.204691104590893, 8.012521095573902, 7.9970216527581215, 7.6527202650904655, 8.089314267039299, 8.15505564212799, 7.944697305560112, 8.575370274484158, 7.929769814014435, 8.124307624995708, 7.962389871478081, 8.202052660286427, 7.618398852646351]","[9.252478085458279, 9.720142230391502, 9.828060165047646, 9.679797932505608, 9.121141776442528, 9.38038631528616, 9.39131310582161, 9.651940442621708, 9.328352242708206, 9.737393908202648, 9.642351150512695, 9.90077070146799, 9.256149023771286, 9.506602942943573, 9.291889943182468, 9.209347426891327, 9.138988308608532, 9.181841149926186, 9.041700340807438, 8.995634377002716, 8.992318324744701, 8.972881108522415, 9.411602810025215, 9.012239314615726, 8.93484054505825, 8.88016663491726, 8.932999305427074, 9.65800254791975, 9.505387894809246, 9.385684110224247]",125253,128,6,125253,128,6,125253,128,6,8,0,0.0,0.0,0,False,0.0,0.0,7.953543588519096,0.0,0.0,0.0,0.0,0.0,0.0,0.0,0
gaussian_process,gaussian_process,log_hyperparameters,0,bucketed,bucketed_nuts,last_depth,64,1024,3,,,8,,,squared_exponential,1,37,1e-05,16,0.2,8,,,0.9,8.013927422463894,1.1617426265738413,9.310121092945337,8.013927422463894,1.1617426265738413,7.977278999984264,30,7.69812897592783,7.93949300609529,8.013927422463894,8.306359833106399,9.368348017334938,"[7.762530870735645, 7.69812897592783, 8.060417331755161, 7.97869049012661, 7.939092606306076, 8.346026450395584, 8.4371971860528, 8.495514415204525, 8.652005679905415, 9.368348017334938, 8.415040671825409, 8.095527589321136, 7.965813562273979, 7.948689788579941, 7.940694205462933, 7.762900672852993, 7.781089290976524, 8.281251266598701, 8.445830821990967, 8.07883084565401, 7.946774587035179, 7.709700249135494, 8.069875374436378, 7.954433895647526, 7.917216561734676, 7.8285128101706505, 8.049164354801178, 7.960482992231846, 8.206480599939823, 8.314729355275631]","[9.252478085458279, 9.720142230391502, 9.828060165047646, 9.679797932505608, 9.121141776442528, 9.38038631528616, 9.39131310582161, 9.651940442621708, 9.328352242708206, 9.737393908202648, 9.642351150512695, 9.90077070146799, 9.256149023771286, 9.506602942943573, 9.291889943182468, 9.209347426891327, 9.138988308608532, 9.181841149926186, 9.041700340807438, 8.995634377002716, 8.992318324744701, 8.972881108522415, 9.411602810025215, 9.012239314615726, 8.93484054505825, 8.88016663491726, 8.932999305427074, 9.65800254791975, 9.505387894809246, 9.385684110224247]",125253,128,6,125253,128,6,125253,128,6,16,0,0.0,0.0,0,False,0.0,0.0,8.013927422463894,0.0,0.0,0.0,0.0,0.0,0.0,0.0,0
gaussian_process,gaussian_process,log_hyperparameters,0,bucketed,bucketed_nuts,last_depth,128,1024,3,,,8,,,squared_exponential,1,37,1e-05,16,0.2,8,,,0.9,8.181847289204597,1.1378996409807627,9.310121092945337,8.181847289204597,1.1378996409807627,7.568523421883583,30,7.289881147444248,7.841494144871831,8.181847289204597,8.597385544329882,9.409426465630531,"[7.289881147444248, 7.592551186680794, 7.576020658016205, 7.747984662652016, 7.8637076914310455, 7.834089629352093, 7.976162351667881, 7.485480457544327, 7.770274043083191, 8.352769009768963, 8.224465817213058, 8.658381566405296, 8.68893875926733, 7.981667548418045, 8.33438117057085, 8.204378440976143, 8.622576124966145, 8.71738676726818, 8.924721121788025, 9.409426465630531, 8.521813802421093, 8.76801197975874, 8.754193879663944, 8.130659826099873, 8.317211903631687, 8.028997920453548, 8.159316137433052, 8.411325745284557, 8.036069579422474, 7.764010928571224]","[9.252478085458279, 9.720142230391502, 9.828060165047646, 9.679797932505608, 9.121141776442528, 9.38038631528616, 9.39131310582161, 9.651940442621708, 9.328352242708206, 9.737393908202648, 9.642351150512695, 9.90077070146799, 9.256149023771286, 9.506602942943573, 9.291889943182468, 9.209347426891327, 9.138988308608532, 9.181841149926186, 9.041700340807438, 8.995634377002716, 8.992318324744701, 8.972881108522415, 9.411602810025215, 9.012239314615726, 8.93484054505825, 8.88016663491726, 8.932999305427074, 9.65800254791975, 9.505387894809246, 9.385684110224247]",125253,128,6,125253,128,6,125253,128,6,8,0,0.0,0.0,0,False,0.0,0.0,8.181847289204597,0.0,0.0,0.0,0.0,0.0,0.0,0.0,0
gaussian_process,gaussian_process,log_hyperparameters,1,monolithic,nuts_reference,monolithic,0,1024,3,,,8,,,squared_exponential,1,37,1e-05,16,0.2,8,,,0.9,9.126402981579304,1.0,9.126402981579304,9.126402981579304,1.0,9.294146411120892,30,8.72213827073574,8.956073962152004,9.126402981579304,9.414081132039428,10.02540673315525,"[8.921878404915333, 9.127110905945301, 9.764202378690243, 9.419855289161205, 9.65027641505003, 8.760422676801682, 8.879250064492226, 9.543515786528587, 9.100438743829727, 9.043083690106869, 9.011014923453331, 8.853182688355446, 9.03518446534872, 8.879936404526234, 8.72213827073574, 9.377268329262733, 9.2135299295187, 9.125695057213306, 9.508000276982784, 9.63755514472723, 10.02540673315525, 8.913853622972965, 9.128880351781845, 9.396758660674095, 8.951038673520088, 8.971179828047752, 9.081609711050987, 9.152121186256409, 9.497101545333862, 9.235093146562576]","[8.921878404915333, 9.127110905945301, 9.764202378690243, 9.419855289161205, 9.65027641505003, 8.760422676801682, 8.879250064492226, 9.543515786528587, 9.100438743829727, 9.043083690106869, 9.011014923453331, 8.853182688355446, 9.03518446534872, 8.879936404526234, 8.72213827073574, 9.377268329262733, 9.2135299295187, 9.125695057213306, 9.508000276982784, 9.63755514472723, 10.02540673315525, 8.913853622972965, 9.128880351781845, 9.396758660674095, 8.951038673520088, 8.971179828047752, 9.081609711050987, 9.152121186256409, 9.497101545333862, 9.235093146562576]",125227,128,6,125227,128,6,125227,128,6,,0,0.0,0.0,0,False,0.0,0.0,9.126402981579304,0.0,0.0,0.0,0.0,0.0,0.0,0.0,0
gaussian_process,gaussian_process,log_hyperparameters,1,bucketed,bucketed_nuts,history,64,1024,3,,,8,,,squared_exponential,1,37,1e-05,16,0.2,8,,,0.9,7.851367369294167,1.162396631352605,9.126402981579304,7.851367369294167,1.162396631352605,7.801578149199486,30,7.37143711745739,7.661186279729009,7.851367369294167,7.999015539884567,8.35807927697897,"[8.097212463617325, 7.898180671036243, 7.687994360923767, 7.984786115586758, 7.873584233224392, 7.722977481782436, 8.052911378443241, 7.985961273312569, 7.910104840993881, 7.630663186311722, 7.723178192973137, 7.37143711745739, 7.431303195655346, 7.459568686783314, 7.751006625592709, 7.7054851949214935, 8.02653431147337, 7.641516536474228, 7.652250252664089, 7.64714515209198, 8.000751823186874, 8.027501575648785, 7.829150505363941, 7.602172777056694, 8.35807927697897, 7.780325703322887, 8.334205016493797, 8.132503174245358, 7.993806689977646, 7.9180340096354485]","[8.921878404915333, 9.127110905945301, 9.764202378690243, 9.419855289161205, 9.65027641505003, 8.760422676801682, 8.879250064492226, 9.543515786528587, 9.100438743829727, 9.043083690106869, 9.011014923453331, 8.853182688355446, 9.03518446534872, 8.879936404526234, 8.72213827073574, 9.377268329262733, 9.2135299295187, 9.125695057213306, 9.508000276982784, 9.63755514472723, 10.02540673315525, 8.913853622972965, 9.128880351781845, 9.396758660674095, 8.951038673520088, 8.971179828047752, 9.081609711050987, 9.152121186256409, 9.497101545333862, 9.235093146562576]",125227,128,6,125227,128,6,125227,128,6,16,0,0.0,0.0,0,False,0.0,0.0,7.851367369294167,0.0,0.0,0.0,0.0,0.0,0.0,0.0,0
gaussian_process,gaussian_process,log_hyperparameters,1,bucketed,bucketed_nuts,history,128,1024,3,,,8,,,squared_exponential,1,37,1e-05,16,0.2,8,,,0.9,7.699571914970875,1.1853130384864814,9.126402981579304,7.699571914970875,1.1853130384864814,8.101795330643654,30,7.277271114289761,7.516142666339874,7.699571914970875,7.870865572243929,8.268871694803238,"[7.883817248046398, 7.667608320713043, 7.727652236819267, 7.751374118030071, 7.42972269654274, 7.277271114289761, 7.736758276820183, 7.670329287648201, 8.177209250628948, 7.945336282253265, 7.50405053794384, 7.48275812715292, 7.438681200146675, 7.36444204300642, 8.024760261178017, 8.05982156842947, 8.268871694803238, 7.832010544836521, 7.6385050639510155, 7.659998215734959, 7.6918004378676414, 7.709887899458408, 7.707343392074108, 7.400068506598473, 7.552419051527977, 7.423508711159229, 7.57538365572691, 7.726994842290878, 7.907164238393307, 7.963648572564125]","[8.921878404915333, 9.127110905945301, 9.764202378690243, 9.419855289161205, 9.65027641505003, 8.760422676801682, 8.879250064492226, 9.543515786528587, 9.100438743829727, 9.043083690106869, 9.011014923453331, 8.853182688355446, 9.03518446534872, 8.879936404526234, 8.72213827073574, 9.377268329262733, 9.2135299295187, 9.125695057213306, 9.508000276982784, 9.63755514472723, 10.02540673315525, 8.913853622972965, 9.128880351781845, 9.396758660674095, 8.951038673520088, 8.971179828047752, 9.081609711050987, 9.152121186256409, 9.497101545333862, 9.235093146562576]",125227,128,6,125227,128,6,125227,128,6,8,0,0.0,0.0,0,False,0.0,0.0,7.699571914970875,0.0,0.0,0.0,0.0,0.0,0.0,0.0,0
gaussian_process,gaussian_process,log_hyperparameters,1,bucketed,bucketed_nuts,last_depth,64,1024,3,,,8,,,squared_exponential,1,37,1e-05,16,0.2,8,,,0.9,7.935215674340725,1.1501140430360823,9.126402981579304,7.935215674340725,1.1501140430360823,8.333032362163067,30,7.545639157295227,7.787373686209321,7.935215674340725,8.107102831825614,8.36187070608139,"[8.116104140877724, 7.8972891718149185, 8.004966497421265, 8.346570305526257, 8.36187070608139, 8.017031773924828, 7.793230675160885, 7.545639157295227, 8.051474414765835, 7.952446348965168, 7.6675675958395, 7.7549900114536285, 7.945052705705166, 7.703725606203079, 7.794673278927803, 7.9172670394182205, 8.026810944080353, 7.581205613911152, 7.899644710123539, 8.144882060587406, 8.192871309816837, 8.352660901844501, 7.815572030842304, 7.925378642976284, 7.742282047867775, 7.766977325081825, 8.080098904669285, 8.185979530215263, 7.7854213565588, 8.304204046726227]","[8.921878404915333, 9.127110905945301, 9.764202378690243, 9.419855289161205, 9.65027641505003, 8.760422676801682, 8.879250064492226, 9.543515786528587, 9.100438743829727, 9.043083690106869, 9.011014923453331, 8.853182688355446, 9.03518446534872, 8.879936404526234, 8.72213827073574, 9.377268329262733, 9.2135299295187, 9.125695057213306, 9.508000276982784, 9.63755514472723, 10.02540673315525, 8.913853622972965, 9.128880351781845, 9.396758660674095, 8.951038673520088, 8.971179828047752, 9.081609711050987, 9.152121186256409, 9.497101545333862, 9.235093146562576]",125227,128,6,125227,128,6,125227,128,6,16,0,0.0,0.0,0,False,0.0,0.0,7.935215674340725,0.0,0.0,0.0,0.0,0.0,0.0,0.0,0
gaussian_process,gaussian_process,log_hyperparameters,1,bucketed,bucketed_nuts,last_depth,128,1024,3,,,8,,,squared_exponential,1,37,1e-05,16,0.2,8,,,0.9,8.027081113308668,1.1369516331967784,9.126402981579304,8.027081113308668,1.1369516331967784,7.9221371710300446,30,7.372707262635231,7.865509539842606,8.027081113308668,8.396059574559331,9.29312614351511,"[8.127638332545757, 7.862744070589542, 7.523828327655792, 7.873805947601795, 7.683293804526329, 8.313825622200966, 9.29312614351511, 9.136599369347095, 8.587512403726578, 7.972369506955147, 8.535993173718452, 8.730544440448284, 7.996508650481701, 8.527474999427795, 8.849403776228428, 8.135041572153568, 8.057653576135635, 7.974429167807102, 8.119193270802498, 7.875760100781918, 7.906876005232334, 7.823228910565376, 7.992127180099487, 7.772880658507347, 7.372707262635231, 7.518660329282284, 7.827230826020241, 8.42347089201212, 8.120237700641155, 8.280892677605152]","[8.921878404915333, 9.127110905945301, 9.764202378690243, 9.419855289161205, 9.65027641505003, 8.760422676801682, 8.879250064492226, 9.543515786528587, 9.100438743829727, 9.043083690106869, 9.011014923453331, 8.853182688355446, 9.03518446534872, 8.879936404526234, 8.72213827073574, 9.377268329262733, 9.2135299295187, 9.125695057213306, 9.508000276982784, 9.63755514472723, 10.02540673315525, 8.913853622972965, 9.128880351781845, 9.396758660674095, 8.951038673520088, 8.971179828047752, 9.081609711050987, 9.152121186256409, 9.497101545333862, 9.235093146562576]",125227,128,6,125227,128,6,125227,128,6,8,0,0.0,0.0,0,False,0.0,0.0,8.027081113308668,0.0,0.0,0.0,0.0,0.0,0.0,0.0,0
gaussian_process,gaussian_process,log_hyperparameters,2,monolithic,nuts_reference,monolithic,0,1024,3,,,8,,,squared_exponential,1,37,1e-05,16,0.2,8,,,0.9,8.949619054794312,1.0,8.949619054794312,8.949619054794312,1.0,8.850594207644463,30,8.330519996583462,8.737109906971455,8.949619054794312,9.268270181491971,9.856094263494015,"[8.907495349645615, 8.886209666728973, 8.712042815983295, 8.936319276690483, 8.938099712133408, 9.553443916141987, 9.339888200163841, 9.856094263494015, 9.427441522479057, 8.918380476534367, 9.25455229729414, 9.371919862926006, 8.961138397455215, 8.724159575998783, 8.444161526858807, 8.330519996583462, 8.423302449285984, 8.728751741349697, 8.671906605362892, 8.66803439706564, 8.79893483221531, 8.762184403836727, 9.075025111436844, 9.556919127702713, 9.22345993667841, 9.117280133068562, 9.272842809557915, 9.20044182240963, 9.180564530193806, 9.299123622477055]","[8.907495349645615, 8.886209666728973, 8.712042815983295, 8.936319276690483, 8.938099712133408, 9.553443916141987, 9.339888200163841, 9.856094263494015, 9.427441522479057, 8.918380476534367, 9.25455229729414, 9.371919862926006, 8.961138397455215, 8.724159575998783, 8.444161526858807, 8.330519996583462, 8.423302449285984, 8.728751741349697, 8.671906605362892, 8.66803439706564, 8.79893483221531, 8.762184403836727, 9.075025111436844, 9.556919127702713, 9.22345993667841, 9.117280133068562, 9.272842809557915, 9.20044182240963, 9.180564530193806, 9.299123622477055]",125379,126,6,125379,126,6,125379,126,6,,0,0.0,0.0,0,False,0.0,0.0,8.949619054794312,0.0,0.0,0.0,0.0,0.0,0.0,0.0,0
gaussian_process,gaussian_process,log_hyperparameters,2,bucketed,bucketed_nuts,history,64,1024,3,,,8,,,squared_exponential,1,37,1e-05,16,0.2,8,,,0.9,8.160629827529192,1.0966823938764545,8.949619054794312,8.160629827529192,1.0966823938764545,7.7974080219864845,30,7.530190624296665,7.837729459628463,8.160629827529192,8.411776246502995,9.335219137370586,"[7.806345321238041, 8.217867352068424, 8.218673765659332, 8.134273201227188, 7.824466697871685, 7.530190624296665, 7.599846810102463, 7.740973435342312, 8.156711041927338, 7.700501836836338, 7.8451923206448555, 8.251626886427402, 8.589023776352406, 8.587571613490582, 8.427243947982788, 8.308376021683216, 7.922561302781105, 8.164548613131046, 8.57139427214861, 8.846151441335678, 9.335219137370586, 9.30310384184122, 7.697852864861488, 7.835241839289665, 8.16947404295206, 8.083448864519596, 8.365373142063618, 8.609818570315838, 8.048935532569885, 8.149270214140415]","[8.907495349645615, 8.886209666728973, 8.712042815983295, 8.936319276690483, 8.938099712133408, 9.553443916141987, 9.339888200163841, 9.856094263494015, 9.427441522479057, 8.918380476534367, 9.25455229729414, 9.371919862926006, 8.961138397455215, 8.724159575998783, 8.444161526858807, 8.330519996583462, 8.423302449285984, 8.728751741349697, 8.671906605362892, 8.66803439706564, 8.79893483221531, 8.762184403836727, 9.075025111436844, 9.556919127702713, 9.22345993667841, 9.117280133068562, 9.272842809557915, 9.20044182240963, 9.180564530193806, 9.299123622477055]",125379,126,6,125379,126,6,125379,126,6,16,0,0.0,0.0,0,False,0.0,0.0,8.160629827529192,0.0,0.0,0.0,0.0,0.0,0.0,0.0,0
gaussian_process,gaussian_process,log_hyperparameters,2,bucketed,bucketed_nuts,history,128,1024,3,,,8,,,squared_exponential,1,37,1e-05,16,0.2,8,,,0.9,8.17342907935381,1.094965034614562,8.949619054794312,8.17342907935381,1.094965034614562,8.080855898559093,30,7.592736899852753,7.988752864301205,8.17342907935381,8.361900728195906,8.944092884659767,"[7.820644415915012, 7.986636109650135, 8.058125257492065, 8.345433592796326, 8.622490517795086, 7.646869473159313, 8.1715557128191, 8.054632015526295, 8.671253867447376, 7.625547111034393, 7.790995605289936, 8.074124865233898, 8.17530244588852, 8.274463102221489, 8.7688567340374, 7.849050842225552, 8.110713131725788, 7.995103128254414, 8.647713512182236, 8.64152005314827, 8.358142204582691, 8.860777713358402, 8.142164006829262, 8.944092884659767, 8.36315356940031, 8.309166632592678, 8.216046117246151, 8.23601695895195, 7.592736899852753, 7.787196733057499]","[8.907495349645615, 8.886209666728973, 8.712042815983295, 8.936319276690483, 8.938099712133408, 9.553443916141987, 9.339888200163841, 9.856094263494015, 9.427441522479057, 8.918380476534367, 9.25455229729414, 9.371919862926006, 8.961138397455215, 8.724159575998783, 8.444161526858807, 8.330519996583462, 8.423302449285984, 8.728751741349697, 8.671906605362892, 8.66803439706564, 8.79893483221531, 8.762184403836727, 9.075025111436844, 9.556919127702713, 9.22345993667841, 9.117280133068562, 9.272842809557915, 9.20044182240963, 9.180564530193806, 9.299123622477055]",125379,126,6,125379,126,6,125379,126,6,8,0,0.0,0.0,0,False,0.0,0.0,8.17342907935381,0.0,0.0,0.0,0.0,0.0,0.0,0.0,0
gaussian_process,gaussian_process,log_hyperparameters,2,bucketed,bucketed_nuts,last_depth,64,1024,3,,,8,,,squared_exponential,1,37,1e-05,16,0.2,8,,,0.9,7.880915112793446,1.1356065795285615,8.949619054794312,7.880915112793446,1.1356065795285615,8.258549056947231,30,7.455788552761078,7.6943156234920025,7.880915112793446,8.067568289116025,8.74573826789856,"[8.433484934270382, 8.348145082592964, 8.05788540840149, 7.940949432551861, 7.760933995246887, 7.822801008820534, 7.747174561023712, 7.547317788004875, 7.771968342363834, 7.59698460996151, 7.61442644149065, 7.626959279179573, 7.708647504448891, 7.581058822572231, 7.455788552761078, 7.689538329839706, 7.771360889077187, 7.578685991466045, 7.992014139890671, 7.939029216766357, 7.977170266211033, 8.260029509663582, 8.031779445707798, 8.74573826789856, 8.607759676873684, 8.511567614972591, 7.731235310435295, 8.096605986356735, 8.014284528791904, 8.07079591602087]","[8.907495349645615, 8.886209666728973, 8.712042815983295, 8.936319276690483, 8.938099712133408, 9.553443916141987, 9.339888200163841, 9.856094263494015, 9.427441522479057, 8.918380476534367, 9.25455229729414, 9.371919862926006, 8.961138397455215, 8.724159575998783, 8.444161526858807, 8.330519996583462, 8.423302449285984, 8.728751741349697, 8.671906605362892, 8.66803439706564, 8.79893483221531, 8.762184403836727, 9.075025111436844, 9.556919127702713, 9.22345993667841, 9.117280133068562, 9.272842809557915, 9.20044182240963, 9.180564530193806, 9.299123622477055]",125379,126,6,125379,126,6,125379,126,6,16,0,0.0,0.0,0,False,0.0,0.0,7.880915112793446,0.0,0.0,0.0,0.0,0.0,0.0,0.0,0
gaussian_process,gaussian_process,log_hyperparameters,2,bucketed,bucketed_nuts,last_depth,128,1024,3,,,8,,,squared_exponential,1,37,1e-05,16,0.2,8,,,0.9,7.951028149574995,1.1255926763726392,8.949619054794312,7.951028149574995,1.1255926763726392,7.763097286224365,30,7.317702405154705,7.714158717542887,7.951028149574995,8.217856602743268,8.864144377410412,"[8.00648171454668, 7.317702405154705, 7.882835112512112, 8.232643097639084, 8.648911535739899, 7.905199274420738, 8.075635842978954, 8.527279615402222, 8.17349711805582, 7.993867911398411, 8.065219916403294, 8.332780666649342, 8.69632950425148, 8.864144377410412, 8.525428891181946, 7.641777314245701, 8.103478372097015, 8.546267174184322, 7.908188387751579, 7.661677598953247, 7.651825822889805, 7.6815250888466835, 7.872042670845985, 7.812059603631496, 8.087146319448948, 7.531089603900909, 7.643355444073677, 7.451964661478996, 7.8921079114079475, 7.855002373456955]","[8.907495349645615, 8.886209666728973, 8.712042815983295, 8.936319276690483, 8.938099712133408, 9.553443916141987, 9.339888200163841, 9.856094263494015, 9.427441522479057, 8.918380476534367, 9.25455229729414, 9.371919862926006, 8.961138397455215, 8.724159575998783, 8.444161526858807, 8.330519996583462, 8.423302449285984, 8.728751741349697, 8.671906605362892, 8.66803439706564, 8.79893483221531, 8.762184403836727, 9.075025111436844, 9.556919127702713, 9.22345993667841, 9.117280133068562, 9.272842809557915, 9.20044182240963, 9.180564530193806, 9.299123622477055]",125379,126,6,125379,126,6,125379,126,6,8,0,0.0,0.0,0,False,0.0,0.0,7.951028149574995,0.0,0.0,0.0,0.0,0.0,0.0,0.0,0
gaussian_process,gaussian_process,log_hyperparameters,3,monolithic,nuts_reference,monolithic,0,1024,3,,,8,,,squared_exponential,1,37,1e-05,16,0.2,8,,,0.9,8.441258642822504,1.0,8.441258642822504,8.441258642822504,1.0,8.859608218073845,30,7.948849752545357,8.248977495357394,8.441258642822504,8.744699608534575,9.623437605798244,"[8.370563723146915, 8.845873966813087, 8.581990420818329, 8.559918142855167, 8.815335124731064, 8.77553940564394, 8.522223457694054, 8.33503520488739, 8.308705002069473, 8.439706772565842, 9.538016110658646, 8.551357813179493, 8.5296511054039, 8.442810513079166, 9.08578485250473, 9.623437605798244, 9.085021682083607, 8.300439916551113, 7.976560056209564, 8.10600607842207, 8.120663113892078, 8.231823354959488, 8.387706875801086, 8.07486167550087, 8.091107964515686, 7.948849752545357, 7.974251978099346, 8.652180217206478, 8.882448360323906, 8.37379913777113]","[8.370563723146915, 8.845873966813087, 8.581990420818329, 8.559918142855167, 8.815335124731064, 8.77553940564394, 8.522223457694054, 8.33503520488739, 8.308705002069473, 8.439706772565842, 9.538016110658646, 8.551357813179493, 8.5296511054039, 8.442810513079166, 9.08578485250473, 9.623437605798244, 9.085021682083607, 8.300439916551113, 7.976560056209564, 8.10600607842207, 8.120663113892078, 8.231823354959488, 8.387706875801086, 8.07486167550087, 8.091107964515686, 7.948849752545357, 7.974251978099346, 8.652180217206478, 8.882448360323906, 8.37379913777113]",125834,147,6,125834,147,6,125834,147,6,,0,0.0,0.0,0,False,0.0,0.0,8.441258642822504,0.0,0.0,0.0,0.0,0.0,0.0,0.0,0
gaussian_process,gaussian_process,log_hyperparameters,3,bucketed,bucketed_nuts,history,64,1024,3,,,8,,,squared_exponential,1,37,1e-05,16,0.2,8,,,0.9,8.087569262832403,1.0437324699790247,8.441258642822504,8.087569262832403,1.0437324699790247,7.763424247503281,30,7.487444393336773,7.889382269233465,8.087569262832403,8.290624842047691,9.079289115965366,"[7.879193492233753, 7.487444393336773, 7.757027350366116, 7.935165591537952, 7.776955328881741, 7.987083621323109, 8.301890313625336, 8.607604376971722, 8.445077754557133, 8.497243456542492, 8.239222824573517, 7.789197504520416, 8.133081495761871, 7.962964482605457, 8.238214068114758, 9.079289115965366, 8.362242721021175, 8.042057029902935, 8.029148235917091, 7.779951386153698, 8.256828427314758, 8.417501628398895, 8.320377051830292, 8.135082021355629, 7.943559013307095, 7.646152086555958, 7.696357913315296, 8.191890187561512, 7.919948600232601, 8.20176912099123]","[8.370563723146915, 8.845873966813087, 8.581990420818329, 8.559918142855167, 8.815335124731064, 8.77553940564394, 8.522223457694054, 8.33503520488739, 8.308705002069473, 8.439706772565842, 9.538016110658646, 8.551357813179493, 8.5296511054039, 8.442810513079166, 9.08578485250473, 9.623437605798244, 9.085021682083607, 8.300439916551113, 7.976560056209564, 8.10600607842207, 8.120663113892078, 8.231823354959488, 8.387706875801086, 8.07486167550087, 8.091107964515686, 7.948849752545357, 7.974251978099346, 8.652180217206478, 8.882448360323906, 8.37379913777113]",125834,147,6,125834,147,6,125834,147,6,16,0,0.0,0.0,0,False,0.0,0.0,8.087569262832403,0.0,0.0,0.0,0.0,0.0,0.0,0.0,0
gaussian_process,gaussian_process,log_hyperparameters,3,bucketed,bucketed_nuts,history,128,1024,3,,,8,,,squared_exponential,1,37,1e-05,16,0.2,8,,,0.9,7.784301359206438,1.0843951503546414,8.441258642822504,7.784301359206438,1.0843951503546414,7.754114255309105,30,7.382953681051731,7.516552809625864,7.784301359206438,7.914099365472794,51.611436143517494,"[7.682538144290447, 7.557008109986782, 7.503067709505558, 7.382953681051731, 7.459674909710884, 7.4197433441877365, 7.655482679605484, 7.795018315315247, 7.877963952720165, 7.9042437225580215, 7.8030272871255875, 7.917384579777718, 7.950570434331894, 8.31568318605423, 8.505424164235592, 7.812918581068516, 7.804626777768135, 7.393275246024132, 7.4312829077243805, 7.701365768909454, 7.461539544165134, 7.843760326504707, 8.049106761813164, 7.7735844030976295, 8.138121671974659, 8.653801210224628, 7.404182955622673, 7.757085844874382, 7.723057650029659, 51.611436143517494]","[8.370563723146915, 8.845873966813087, 8.581990420818329, 8.559918142855167, 8.815335124731064, 8.77553940564394, 8.522223457694054, 8.33503520488739, 8.308705002069473, 8.439706772565842, 9.538016110658646, 8.551357813179493, 8.5296511054039, 8.442810513079166, 9.08578485250473, 9.623437605798244, 9.085021682083607, 8.300439916551113, 7.976560056209564, 8.10600607842207, 8.120663113892078, 8.231823354959488, 8.387706875801086, 8.07486167550087, 8.091107964515686, 7.948849752545357, 7.974251978099346, 8.652180217206478, 8.882448360323906, 8.37379913777113]",125834,147,6,125834,147,6,125834,147,6,8,0,0.0,0.0,0,False,0.0,0.0,7.784301359206438,0.0,0.0,0.0,0.0,0.0,0.0,0.0,0
gaussian_process,gaussian_process,log_hyperparameters,3,bucketed,bucketed_nuts,last_depth,64,1024,3,,,8,,,squared_exponential,1,37,1e-05,16,0.2,8,,,0.9,8.189266193658113,1.0307710658324354,8.441258642822504,8.189266193658113,1.0307710658324354,9.57786625623703,30,7.444343589246273,7.951818907633424,8.189266193658113,8.80921015702188,9.804250963032246,"[8.001664027571678, 7.950598314404488, 8.090735539793968, 7.929045245051384, 7.579493843019009, 7.444343589246273, 7.601176731288433, 7.760963536798954, 7.935099549591541, 8.095997549593449, 7.901533141732216, 7.989123359322548, 8.3814807087183, 8.113787166774273, 8.016806349158287, 8.676656067371368, 7.955480687320232, 8.264745220541954, 8.5123211145401, 8.704933933913708, 9.517522677779198, 8.789020605385303, 9.301248222589493, 8.301605641841888, 9.804250963032246, 8.869532950222492, 9.231676325201988, 8.815940007567406, 8.82244723290205, 9.360227338969707]","[8.370563723146915, 8.845873966813087, 8.581990420818329, 8.559918142855167, 8.815335124731064, 8.77553940564394, 8.522223457694054, 8.33503520488739, 8.308705002069473, 8.439706772565842, 9.538016110658646, 8.551357813179493, 8.5296511054039, 8.442810513079166, 9.08578485250473, 9.623437605798244, 9.085021682083607, 8.300439916551113, 7.976560056209564, 8.10600607842207, 8.120663113892078, 8.231823354959488, 8.387706875801086, 8.07486167550087, 8.091107964515686, 7.948849752545357, 7.974251978099346, 8.652180217206478, 8.882448360323906, 8.37379913777113]",125834,147,6,125834,147,6,125834,147,6,16,0,0.0,0.0,0,False,0.0,0.0,8.189266193658113,0.0,0.0,0.0,0.0,0.0,0.0,0.0,0
gaussian_process,gaussian_process,log_hyperparameters,3,bucketed,bucketed_nuts,last_depth,128,1024,3,,,8,,,squared_exponential,1,37,1e-05,16,0.2,8,,,0.9,7.530714314430952,1.1209107516728785,8.441258642822504,7.530714314430952,1.1209107516728785,8.924753829836845,30,7.283830285072327,7.396927421912551,7.530714314430952,7.749006753787398,9.02340279519558,"[8.896036863327026, 9.02340279519558, 8.66251990199089, 8.535423547029495, 7.5336902141571045, 7.466431051492691, 7.920004643499851, 7.52815280854702, 7.283830285072327, 7.33802805095911, 7.347252145409584, 7.3214458376169205, 7.507804855704308, 7.532283172011375, 7.563378632068634, 7.419203542172909, 7.35972198843956, 7.529145456850529, 7.357951819896698, 7.534650474786758, 7.97892028093338, 8.026199892163277, 7.465297006070614, 7.603740729391575, 7.567479103803635, 7.764591358602047, 7.7022529393434525, 7.305504083633423, 7.389502048492432, 7.429554149508476]","[8.370563723146915, 8.845873966813087, 8.581990420818329, 8.559918142855167, 8.815335124731064, 8.77553940564394, 8.522223457694054, 8.33503520488739, 8.308705002069473, 8.439706772565842, 9.538016110658646, 8.551357813179493, 8.5296511054039, 8.442810513079166, 9.08578485250473, 9.623437605798244, 9.085021682083607, 8.300439916551113, 7.976560056209564, 8.10600607842207, 8.120663113892078, 8.231823354959488, 8.387706875801086, 8.07486167550087, 8.091107964515686, 7.948849752545357, 7.974251978099346, 8.652180217206478, 8.882448360323906, 8.37379913777113]",125834,147,6,125834,147,6,125834,147,6,8,0,0.0,0.0,0,False,0.0,0.0,7.530714314430952,0.0,0.0,0.0,0.0,0.0,0.0,0.0,0
gaussian_process,gaussian_process,log_hyperparameters,4,monolithic,nuts_reference,monolithic,0,1024,3,,,8,,,squared_exponential,1,37,1e-05,16,0.2,8,,,0.9,8.540878869593143,1.0,8.540878869593143,8.540878869593143,1.0,8.495352879166603,30,8.235911458730698,8.419523674994707,8.540878869593143,8.64665998890996,9.22110752761364,"[8.846055075526237, 9.22110752761364, 8.623163342475891, 8.423416867852211, 9.087002225220203, 8.371964536607265, 8.663408808410168, 8.63939843326807, 8.431076116859913, 8.596804223954678, 8.78535695374012, 8.452066235244274, 8.34167481213808, 8.235911458730698, 8.27743811160326, 8.627208672463894, 8.567252643406391, 8.476494945585728, 8.34913183003664, 8.45268303155899, 8.278274424374104, 8.490389078855515, 8.649641878902912, 8.586309216916561, 8.57603870332241, 8.418225944042206, 8.71180685609579, 8.268430024385452, 8.514505095779896, 8.649080507457256]","[8.846055075526237, 9.22110752761364, 8.623163342475891, 8.423416867852211, 9.087002225220203, 8.371964536607265, 8.663408808410168, 8.63939843326807, 8.431076116859913, 8.596804223954678, 8.78535695374012, 8.452066235244274, 8.34167481213808, 8.235911458730698, 8.27743811160326, 8.627208672463894, 8.567252643406391, 8.476494945585728, 8.34913183003664, 8.45268303155899, 8.278274424374104, 8.490389078855515, 8.649641878902912, 8.586309216916561, 8.57603870332241, 8.418225944042206, 8.71180685609579, 8.268430024385452, 8.514505095779896, 8.649080507457256]",124923,122,6,124923,122,6,124923,122,6,,0,0.0,0.0,0,False,0.0,0.0,8.540878869593143,0.0,0.0,0.0,0.0,0.0,0.0,0.0,0
gaussian_process,gaussian_process,log_hyperparameters,4,bucketed,bucketed_nuts,history,64,1024,3,,,8,,,squared_exponential,1,37,1e-05,16,0.2,8,,,0.9,7.645965214818716,1.1170439087324104,8.540878869593143,7.645965214818716,1.1170439087324104,7.6387544721364975,30,7.222785919904709,7.527744567021728,7.645965214818716,7.812674958258867,8.349650889635086,"[8.293371558189392, 7.627103850245476, 7.476098753511906, 7.528966814279556, 7.658709488809109, 7.552264228463173, 8.245108626782894, 7.806973017752171, 7.528663799166679, 8.028778657317162, 7.977935694158077, 7.65974822640419, 7.414696015417576, 7.531895183026791, 7.369482293725014, 8.349650889635086, 7.873245596885681, 7.814575605094433, 7.973425470292568, 7.742136038839817, 7.633220940828323, 7.557819716632366, 7.8031299114227295, 7.735848002135754, 7.222785919904709, 7.527438156306744, 7.291341617703438, 7.263600043952465, 7.431899830698967, 7.688883662223816]","[8.846055075526237, 9.22110752761364, 8.623163342475891, 8.423416867852211, 9.087002225220203, 8.371964536607265, 8.663408808410168, 8.63939843326807, 8.431076116859913, 8.596804223954678, 8.78535695374012, 8.452066235244274, 8.34167481213808, 8.235911458730698, 8.27743811160326, 8.627208672463894, 8.567252643406391, 8.476494945585728, 8.34913183003664, 8.45268303155899, 8.278274424374104, 8.490389078855515, 8.649641878902912, 8.586309216916561, 8.57603870332241, 8.418225944042206, 8.71180685609579, 8.268430024385452, 8.514505095779896, 8.649080507457256]",124923,122,6,124923,122,6,124923,122,6,16,0,0.0,0.0,0,False,0.0,0.0,7.645965214818716,0.0,0.0,0.0,0.0,0.0,0.0,0.0,0
gaussian_process,gaussian_process,log_hyperparameters,4,bucketed,bucketed_nuts,history,128,1024,3,,,8,,,squared_exponential,1,37,1e-05,16,0.2,8,,,0.9,7.543133974075317,1.1322719308641387,8.540878869593143,7.543133974075317,1.1322719308641387,7.342548750340939,30,7.2387150302529335,7.4185729287564754,7.543133974075317,7.71702685393393,8.228346809744835,"[7.564452275633812, 7.661674425005913, 7.608577720820904, 7.5980329141020775, 8.228346809744835, 7.718153841793537, 7.2983644008636475, 7.543171562254429, 7.674617879092693, 7.425678268074989, 7.961432933807373, 7.783326365053654, 7.252666234970093, 7.305255025625229, 7.28961069136858, 7.786726951599121, 8.018576107919216, 7.897111624479294, 7.71364589035511, 7.2387150302529335, 7.470499850809574, 7.313225008547306, 7.516283676028252, 7.336310647428036, 7.772853754460812, 7.459968023002148, 7.416204482316971, 7.543096385896206, 7.471194744110107, 7.524633713066578]","[8.846055075526237, 9.22110752761364, 8.623163342475891, 8.423416867852211, 9.087002225220203, 8.371964536607265, 8.663408808410168, 8.63939843326807, 8.431076116859913, 8.596804223954678, 8.78535695374012, 8.452066235244274, 8.34167481213808, 8.235911458730698, 8.27743811160326, 8.627208672463894, 8.567252643406391, 8.476494945585728, 8.34913183003664, 8.45268303155899, 8.278274424374104, 8.490389078855515, 8.649641878902912, 8.586309216916561, 8.57603870332241, 8.418225944042206, 8.71180685609579, 8.268430024385452, 8.514505095779896, 8.649080507457256]",124923,122,6,124923,122,6,124923,122,6,8,0,0.0,0.0,0,False,0.0,0.0,7.543133974075317,0.0,0.0,0.0,0.0,0.0,0.0,0.0,0
gaussian_process,gaussian_process,log_hyperparameters,4,bucketed,bucketed_nuts,last_depth,64,1024,3,,,8,,,squared_exponential,1,37,1e-05,16,0.2,8,,,0.9,7.950636848807335,1.0742383323512443,8.540878869593143,7.950636848807335,1.0742383323512443,8.01804917305708,30,7.447167187929153,7.8553700521588326,7.950636848807335,8.048637617379427,8.579899422824383,"[7.83553409576416, 7.883660636842251, 7.812151536345482, 8.269326649606228, 7.980229496955872, 8.051575444638729, 7.447167187929153, 7.857016324996948, 7.854821294546127, 8.186451680958271, 8.579899422824383, 8.036001026630402, 8.003214284777641, 8.05043961852789, 7.7139777690172195, 7.636099472641945, 7.870872937142849, 7.86328237503767, 8.107992939651012, 8.013234287500381, 7.917861707508564, 7.744890987873077, 8.008730188012123, 8.477306991815567, 8.577246867120266, 7.868572220206261, 8.008641935884953, 7.675785511732101, 7.921044200658798, 8.04323161393404]","[8.846055075526237, 9.22110752761364, 8.623163342475891, 8.423416867852211, 9.087002225220203, 8.371964536607265, 8.663408808410168, 8.63939843326807, 8.431076116859913, 8.596804223954678, 8.78535695374012, 8.452066235244274, 8.34167481213808, 8.235911458730698, 8.27743811160326, 8.627208672463894, 8.567252643406391, 8.476494945585728, 8.34913183003664, 8.45268303155899, 8.278274424374104, 8.490389078855515, 8.649641878902912, 8.586309216916561, 8.57603870332241, 8.418225944042206, 8.71180685609579, 8.268430024385452, 8.514505095779896, 8.649080507457256]",124923,122,6,124923,122,6,124923,122,6,16,0,0.0,0.0,0,False,0.0,0.0,7.950636848807335,0.0,0.0,0.0,0.0,0.0,0.0,0.0,0
gaussian_process,gaussian_process,log_hyperparameters,4,bucketed,bucketed_nuts,last_depth,128,1024,3,,,8,,,squared_exponential,1,37,1e-05,16,0.2,8,,,0.9,7.634741075336933,1.1186861198454228,8.540878869593143,7.634741075336933,1.1186861198454228,7.504965990781784,30,7.32293076813221,7.47320955991745,7.634741075336933,7.890251932665706,8.58935659378767,"[8.397423051297665, 8.58935659378767, 7.978219121694565, 7.441870540380478, 7.625896282494068, 7.434567376971245, 7.612192936241627, 7.556451603770256, 7.429151609539986, 7.785869874060154, 8.157886616885662, 7.486458867788315, 7.643585868179798, 7.370879217982292, 7.779265746474266, 7.812849193811417, 8.057656824588776, 8.379289709031582, 7.661827750504017, 7.892945654690266, 7.5637552961707115, 7.538190059363842, 8.056266814470291, 7.777500741183758, 7.468793123960495, 7.882170766592026, 7.445836491882801, 7.32293076813221, 7.460382476449013, 7.520810015499592]","[8.846055075526237, 9.22110752761364, 8.623163342475891, 8.423416867852211, 9.087002225220203, 8.371964536607265, 8.663408808410168, 8.63939843326807, 8.431076116859913, 8.596804223954678, 8.78535695374012, 8.452066235244274, 8.34167481213808, 8.235911458730698, 8.27743811160326, 8.627208672463894, 8.567252643406391, 8.476494945585728, 8.34913183003664, 8.45268303155899, 8.278274424374104, 8.490389078855515, 8.649641878902912, 8.586309216916561, 8.57603870332241, 8.418225944042206, 8.71180685609579, 8.268430024385452, 8.514505095779896, 8.649080507457256]",124923,122,6,124923,122,6,124923,122,6,8,0,0.0,0.0,0,False,0.0,0.0,7.634741075336933,0.0,0.0,0.0,0.0,0.0,0.0,0.0,0
