row_number,model,seed,method,predictor,bucket_size,num_chains,dimension,repeat,method_seconds,monolithic_seconds_same_index,pairing_note
0,funnel,0,monolithic,monolithic,0,512,4,0,5.516673177480698,5.516673177480698,repeat indices align samples but methods were timed sequentially; use independent-resample intervals
0,funnel,0,monolithic,monolithic,0,512,4,1,1.5464336723089218,1.5464336723089218,repeat indices align samples but methods were timed sequentially; use independent-resample intervals
0,funnel,0,monolithic,monolithic,0,512,4,2,1.2873298302292824,1.2873298302292824,repeat indices align samples but methods were timed sequentially; use independent-resample intervals
0,funnel,0,monolithic,monolithic,0,512,4,3,1.146246425807476,1.146246425807476,repeat indices align samples but methods were timed sequentially; use independent-resample intervals
0,funnel,0,monolithic,monolithic,0,512,4,4,1.126074455678463,1.126074455678463,repeat indices align samples but methods were timed sequentially; use independent-resample intervals
0,funnel,0,monolithic,monolithic,0,512,4,5,1.1261163130402565,1.1261163130402565,repeat indices align samples but methods were timed sequentially; use independent-resample intervals
0,funnel,0,monolithic,monolithic,0,512,4,6,1.3017523363232613,1.3017523363232613,repeat indices align samples but methods were timed sequentially; use independent-resample intervals
0,funnel,0,monolithic,monolithic,0,512,4,7,1.1973343789577484,1.1973343789577484,repeat indices align samples but methods were timed sequentially; use independent-resample intervals
0,funnel,0,monolithic,monolithic,0,512,4,8,1.22721466422081,1.22721466422081,repeat indices align samples but methods were timed sequentially; use independent-resample intervals
0,funnel,0,monolithic,monolithic,0,512,4,9,1.197967290878296,1.197967290878296,repeat indices align samples but methods were timed sequentially; use independent-resample intervals
0,funnel,0,monolithic,monolithic,0,512,4,10,1.3669117912650108,1.3669117912650108,repeat indices align samples but methods were timed sequentially; use independent-resample intervals
0,funnel,0,monolithic,monolithic,0,512,4,11,1.2144282907247543,1.2144282907247543,repeat indices align samples but methods were timed sequentially; use independent-resample intervals
0,funnel,0,monolithic,monolithic,0,512,4,12,1.0690568834543228,1.0690568834543228,repeat indices align samples but methods were timed sequentially; use independent-resample intervals
0,funnel,0,monolithic,monolithic,0,512,4,13,1.060584895312786,1.060584895312786,repeat indices align samples but methods were timed sequentially; use independent-resample intervals
0,funnel,0,monolithic,monolithic,0,512,4,14,1.1709498837590218,1.1709498837590218,repeat indices align samples but methods were timed sequentially; use independent-resample intervals
0,funnel,0,monolithic,monolithic,0,512,4,15,1.152604602277279,1.152604602277279,repeat indices align samples but methods were timed sequentially; use independent-resample intervals
0,funnel,0,monolithic,monolithic,0,512,4,16,1.0969994962215424,1.0969994962215424,repeat indices align samples but methods were timed sequentially; use independent-resample intervals
0,funnel,0,monolithic,monolithic,0,512,4,17,1.1396895945072174,1.1396895945072174,repeat indices align samples but methods were timed sequentially; use independent-resample intervals
0,funnel,0,monolithic,monolithic,0,512,4,18,1.1560478210449219,1.1560478210449219,repeat indices align samples but methods were timed sequentially; use independent-resample intervals
0,funnel,0,monolithic,monolithic,0,512,4,19,1.1923077777028084,1.1923077777028084,repeat indices align samples but methods were timed sequentially; use independent-resample intervals
0,funnel,0,monolithic,monolithic,0,512,4,20,1.1879411488771439,1.1879411488771439,repeat indices align samples but methods were timed sequentially; use independent-resample intervals
0,funnel,0,monolithic,monolithic,0,512,4,21,1.3426483049988747,1.3426483049988747,repeat indices align samples but methods were timed sequentially; use independent-resample intervals
0,funnel,0,monolithic,monolithic,0,512,4,22,1.2575353533029556,1.2575353533029556,repeat indices align samples but methods were timed sequentially; use independent-resample intervals
0,funnel,0,monolithic,monolithic,0,512,4,23,1.2139033898711205,1.2139033898711205,repeat indices align samples but methods were timed sequentially; use independent-resample intervals
0,funnel,0,monolithic,monolithic,0,512,4,24,1.2461310476064682,1.2461310476064682,repeat indices align samples but methods were timed sequentially; use independent-resample intervals
0,funnel,0,monolithic,monolithic,0,512,4,25,1.13908152282238,1.13908152282238,repeat indices align samples but methods were timed sequentially; use independent-resample intervals
0,funnel,0,monolithic,monolithic,0,512,4,26,1.1268511936068535,1.1268511936068535,repeat indices align samples but methods were timed sequentially; use independent-resample intervals
0,funnel,0,monolithic,monolithic,0,512,4,27,1.213769368827343,1.213769368827343,repeat indices align samples but methods were timed sequentially; use independent-resample intervals
0,funnel,0,monolithic,monolithic,0,512,4,28,1.1329900547862053,1.1329900547862053,repeat indices align samples but methods were timed sequentially; use independent-resample intervals
0,funnel,0,monolithic,monolithic,0,512,4,29,1.1328783109784126,1.1328783109784126,repeat indices align samples but methods were timed sequentially; use independent-resample intervals
1,funnel,0,bucketed,none,64,512,4,0,4.510173439979553,5.516673177480698,repeat indices align samples but methods were timed sequentially; use independent-resample intervals
1,funnel,0,bucketed,none,64,512,4,1,2.014092095196247,1.5464336723089218,repeat indices align samples but methods were timed sequentially; use independent-resample intervals
1,funnel,0,bucketed,none,64,512,4,2,2.078917510807514,1.2873298302292824,repeat indices align samples but methods were timed sequentially; use independent-resample intervals
1,funnel,0,bucketed,none,64,512,4,3,1.8536485433578491,1.146246425807476,repeat indices align samples but methods were timed sequentially; use independent-resample intervals
1,funnel,0,bucketed,none,64,512,4,4,1.9464310184121132,1.126074455678463,repeat indices align samples but methods were timed sequentially; use independent-resample intervals
1,funnel,0,bucketed,none,64,512,4,5,1.989554412662983,1.1261163130402565,repeat indices align samples but methods were timed sequentially; use independent-resample intervals
1,funnel,0,bucketed,none,64,512,4,6,2.201801225543022,1.3017523363232613,repeat indices align samples but methods were timed sequentially; use independent-resample intervals
1,funnel,0,bucketed,none,64,512,4,7,2.4850943982601166,1.1973343789577484,repeat indices align samples but methods were timed sequentially; use independent-resample intervals
1,funnel,0,bucketed,none,64,512,4,8,2.58591565489769,1.22721466422081,repeat indices align samples but methods were timed sequentially; use independent-resample intervals
1,funnel,0,bucketed,none,64,512,4,9,2.528874583542347,1.197967290878296,repeat indices align samples but methods were timed sequentially; use independent-resample intervals
1,funnel,0,bucketed,none,64,512,4,10,2.582775853574276,1.3669117912650108,repeat indices align samples but methods were timed sequentially; use independent-resample intervals
1,funnel,0,bucketed,none,64,512,4,11,1.9221851155161858,1.2144282907247543,repeat indices align samples but methods were timed sequentially; use independent-resample intervals
1,funnel,0,bucketed,none,64,512,4,12,1.7678904682397842,1.0690568834543228,repeat indices align samples but methods were timed sequentially; use independent-resample intervals
1,funnel,0,bucketed,none,64,512,4,13,1.9572551026940346,1.060584895312786,repeat indices align samples but methods were timed sequentially; use independent-resample intervals
1,funnel,0,bucketed,none,64,512,4,14,1.7380485832691193,1.1709498837590218,repeat indices align samples but methods were timed sequentially; use independent-resample intervals
1,funnel,0,bucketed,none,64,512,4,15,1.8384870737791061,1.152604602277279,repeat indices align samples but methods were timed sequentially; use independent-resample intervals
1,funnel,0,bucketed,none,64,512,4,16,1.8466394171118736,1.0969994962215424,repeat indices align samples but methods were timed sequentially; use independent-resample intervals
1,funnel,0,bucketed,none,64,512,4,17,2.023105025291443,1.1396895945072174,repeat indices align samples but methods were timed sequentially; use independent-resample intervals
1,funnel,0,bucketed,none,64,512,4,18,2.2203545421361923,1.1560478210449219,repeat indices align samples but methods were timed sequentially; use independent-resample intervals
1,funnel,0,bucketed,none,64,512,4,19,2.4756243526935577,1.1923077777028084,repeat indices align samples but methods were timed sequentially; use independent-resample intervals
1,funnel,0,bucketed,none,64,512,4,20,2.102121278643608,1.1879411488771439,repeat indices align samples but methods were timed sequentially; use independent-resample intervals
1,funnel,0,bucketed,none,64,512,4,21,1.9905264228582382,1.3426483049988747,repeat indices align samples but methods were timed sequentially; use independent-resample intervals
1,funnel,0,bucketed,none,64,512,4,22,1.9701162800192833,1.2575353533029556,repeat indices align samples but methods were timed sequentially; use independent-resample intervals
1,funnel,0,bucketed,none,64,512,4,23,1.9482960179448128,1.2139033898711205,repeat indices align samples but methods were timed sequentially; use independent-resample intervals
1,funnel,0,bucketed,none,64,512,4,24,2.1615983843803406,1.2461310476064682,repeat indices align samples but methods were timed sequentially; use independent-resample intervals
1,funnel,0,bucketed,none,64,512,4,25,1.7938761338591576,1.13908152282238,repeat indices align samples but methods were timed sequentially; use independent-resample intervals
1,funnel,0,bucketed,none,64,512,4,26,1.728547342121601,1.1268511936068535,repeat indices align samples but methods were timed sequentially; use independent-resample intervals
1,funnel,0,bucketed,none,64,512,4,27,1.8124783113598824,1.213769368827343,repeat indices align samples but methods were timed sequentially; use independent-resample intervals
1,funnel,0,bucketed,none,64,512,4,28,1.8943238332867622,1.1329900547862053,repeat indices align samples but methods were timed sequentially; use independent-resample intervals
1,funnel,0,bucketed,none,64,512,4,29,2.228400908410549,1.1328783109784126,repeat indices align samples but methods were timed sequentially; use independent-resample intervals
2,funnel,0,bucketed,none,128,512,4,0,4.191789798438549,5.516673177480698,repeat indices align samples but methods were timed sequentially; use independent-resample intervals
2,funnel,0,bucketed,none,128,512,4,1,1.8905158787965775,1.5464336723089218,repeat indices align samples but methods were timed sequentially; use independent-resample intervals
2,funnel,0,bucketed,none,128,512,4,2,1.8801410347223282,1.2873298302292824,repeat indices align samples but methods were timed sequentially; use independent-resample intervals
2,funnel,0,bucketed,none,128,512,4,3,1.8623064756393433,1.146246425807476,repeat indices align samples but methods were timed sequentially; use independent-resample intervals
2,funnel,0,bucketed,none,128,512,4,4,1.6088583916425705,1.126074455678463,repeat indices align samples but methods were timed sequentially; use independent-resample intervals
2,funnel,0,bucketed,none,128,512,4,5,1.8120774403214455,1.1261163130402565,repeat indices align samples but methods were timed sequentially; use independent-resample intervals
2,funnel,0,bucketed,none,128,512,4,6,1.8151377066969872,1.3017523363232613,repeat indices align samples but methods were timed sequentially; use independent-resample intervals
2,funnel,0,bucketed,none,128,512,4,7,1.7303686141967773,1.1973343789577484,repeat indices align samples but methods were timed sequentially; use independent-resample intervals
2,funnel,0,bucketed,none,128,512,4,8,1.846537671983242,1.22721466422081,repeat indices align samples but methods were timed sequentially; use independent-resample intervals
2,funnel,0,bucketed,none,128,512,4,9,1.735251322388649,1.197967290878296,repeat indices align samples but methods were timed sequentially; use independent-resample intervals
2,funnel,0,bucketed,none,128,512,4,10,1.6567427143454552,1.3669117912650108,repeat indices align samples but methods were timed sequentially; use independent-resample intervals
2,funnel,0,bucketed,none,128,512,4,11,1.8367606699466705,1.2144282907247543,repeat indices align samples but methods were timed sequentially; use independent-resample intervals
2,funnel,0,bucketed,none,128,512,4,12,1.8817748576402664,1.0690568834543228,repeat indices align samples but methods were timed sequentially; use independent-resample intervals
2,funnel,0,bucketed,none,128,512,4,13,1.844419926404953,1.060584895312786,repeat indices align samples but methods were timed sequentially; use independent-resample intervals
2,funnel,0,bucketed,none,128,512,4,14,1.7970296517014503,1.1709498837590218,repeat indices align samples but methods were timed sequentially; use independent-resample intervals
2,funnel,0,bucketed,none,128,512,4,15,1.6807824596762657,1.152604602277279,repeat indices align samples but methods were timed sequentially; use independent-resample intervals
2,funnel,0,bucketed,none,128,512,4,16,1.5780876502394676,1.0969994962215424,repeat indices align samples but methods were timed sequentially; use independent-resample intervals
2,funnel,0,bucketed,none,128,512,4,17,1.8866229355335236,1.1396895945072174,repeat indices align samples but methods were timed sequentially; use independent-resample intervals
2,funnel,0,bucketed,none,128,512,4,18,1.7360473424196243,1.1560478210449219,repeat indices align samples but methods were timed sequentially; use independent-resample intervals
2,funnel,0,bucketed,none,128,512,4,19,1.7280270904302597,1.1923077777028084,repeat indices align samples but methods were timed sequentially; use independent-resample intervals
2,funnel,0,bucketed,none,128,512,4,20,1.7708096355199814,1.1879411488771439,repeat indices align samples but methods were timed sequentially; use independent-resample intervals
2,funnel,0,bucketed,none,128,512,4,21,1.7499297633767128,1.3426483049988747,repeat indices align samples but methods were timed sequentially; use independent-resample intervals
2,funnel,0,bucketed,none,128,512,4,22,1.620553858578205,1.2575353533029556,repeat indices align samples but methods were timed sequentially; use independent-resample intervals
2,funnel,0,bucketed,none,128,512,4,23,1.7827614322304726,1.2139033898711205,repeat indices align samples but methods were timed sequentially; use independent-resample intervals
2,funnel,0,bucketed,none,128,512,4,24,1.8276573568582535,1.2461310476064682,repeat indices align samples but methods were timed sequentially; use independent-resample intervals
2,funnel,0,bucketed,none,128,512,4,25,1.904805600643158,1.13908152282238,repeat indices align samples but methods were timed sequentially; use independent-resample intervals
2,funnel,0,bucketed,none,128,512,4,26,1.6765381768345833,1.1268511936068535,repeat indices align samples but methods were timed sequentially; use independent-resample intervals
2,funnel,0,bucketed,none,128,512,4,27,1.7978558614850044,1.213769368827343,repeat indices align samples but methods were timed sequentially; use independent-resample intervals
2,funnel,0,bucketed,none,128,512,4,28,1.6353709548711777,1.1329900547862053,repeat indices align samples but methods were timed sequentially; use independent-resample intervals
2,funnel,0,bucketed,none,128,512,4,29,1.6663775220513344,1.1328783109784126,repeat indices align samples but methods were timed sequentially; use independent-resample intervals
3,funnel,0,bucketed,history,64,512,4,0,1.074658989906311,5.516673177480698,repeat indices align samples but methods were timed sequentially; use independent-resample intervals
3,funnel,0,bucketed,history,64,512,4,1,1.2023782432079315,1.5464336723089218,repeat indices align samples but methods were timed sequentially; use independent-resample intervals
3,funnel,0,bucketed,history,64,512,4,2,1.1319844499230385,1.2873298302292824,repeat indices align samples but methods were timed sequentially; use independent-resample intervals
3,funnel,0,bucketed,history,64,512,4,3,1.250771351158619,1.146246425807476,repeat indices align samples but methods were timed sequentially; use independent-resample intervals
3,funnel,0,bucketed,history,64,512,4,4,1.172732137143612,1.126074455678463,repeat indices align samples but methods were timed sequentially; use independent-resample intervals
3,funnel,0,bucketed,history,64,512,4,5,1.3934523090720177,1.1261163130402565,repeat indices align samples but methods were timed sequentially; use independent-resample intervals
3,funnel,0,bucketed,history,64,512,4,6,1.2639480233192444,1.3017523363232613,repeat indices align samples but methods were timed sequentially; use independent-resample intervals
3,funnel,0,bucketed,history,64,512,4,7,1.1727063953876495,1.1973343789577484,repeat indices align samples but methods were timed sequentially; use independent-resample intervals
3,funnel,0,bucketed,history,64,512,4,8,1.256576493382454,1.22721466422081,repeat indices align samples but methods were timed sequentially; use independent-resample intervals
3,funnel,0,bucketed,history,64,512,4,9,1.2088512554764748,1.197967290878296,repeat indices align samples but methods were timed sequentially; use independent-resample intervals
3,funnel,0,bucketed,history,64,512,4,10,1.171694353222847,1.3669117912650108,repeat indices align samples but methods were timed sequentially; use independent-resample intervals
3,funnel,0,bucketed,history,64,512,4,11,1.1366404220461845,1.2144282907247543,repeat indices align samples but methods were timed sequentially; use independent-resample intervals
3,funnel,0,bucketed,history,64,512,4,12,1.1304696947336197,1.0690568834543228,repeat indices align samples but methods were timed sequentially; use independent-resample intervals
3,funnel,0,bucketed,history,64,512,4,13,1.1103632375597954,1.060584895312786,repeat indices align samples but methods were timed sequentially; use independent-resample intervals
3,funnel,0,bucketed,history,64,512,4,14,1.173567272722721,1.1709498837590218,repeat indices align samples but methods were timed sequentially; use independent-resample intervals
3,funnel,0,bucketed,history,64,512,4,15,1.2154315635561943,1.152604602277279,repeat indices align samples but methods were timed sequentially; use independent-resample intervals
3,funnel,0,bucketed,history,64,512,4,16,1.033033475279808,1.0969994962215424,repeat indices align samples but methods were timed sequentially; use independent-resample intervals
3,funnel,0,bucketed,history,64,512,4,17,1.0211472287774086,1.1396895945072174,repeat indices align samples but methods were timed sequentially; use independent-resample intervals
3,funnel,0,bucketed,history,64,512,4,18,1.1880919858813286,1.1560478210449219,repeat indices align samples but methods were timed sequentially; use independent-resample intervals
3,funnel,0,bucketed,history,64,512,4,19,1.110735610127449,1.1923077777028084,repeat indices align samples but methods were timed sequentially; use independent-resample intervals
3,funnel,0,bucketed,history,64,512,4,20,1.1328972801566124,1.1879411488771439,repeat indices align samples but methods were timed sequentially; use independent-resample intervals
3,funnel,0,bucketed,history,64,512,4,21,1.198878362774849,1.3426483049988747,repeat indices align samples but methods were timed sequentially; use independent-resample intervals
3,funnel,0,bucketed,history,64,512,4,22,1.0757505595684052,1.2575353533029556,repeat indices align samples but methods were timed sequentially; use independent-resample intervals
3,funnel,0,bucketed,history,64,512,4,23,1.2325274869799614,1.2139033898711205,repeat indices align samples but methods were timed sequentially; use independent-resample intervals
3,funnel,0,bucketed,history,64,512,4,24,1.208811305463314,1.2461310476064682,repeat indices align samples but methods were timed sequentially; use independent-resample intervals
3,funnel,0,bucketed,history,64,512,4,25,1.2108775079250336,1.13908152282238,repeat indices align samples but methods were timed sequentially; use independent-resample intervals
3,funnel,0,bucketed,history,64,512,4,26,1.2487710788846016,1.1268511936068535,repeat indices align samples but methods were timed sequentially; use independent-resample intervals
3,funnel,0,bucketed,history,64,512,4,27,1.4269645810127258,1.213769368827343,repeat indices align samples but methods were timed sequentially; use independent-resample intervals
3,funnel,0,bucketed,history,64,512,4,28,1.3158886805176735,1.1329900547862053,repeat indices align samples but methods were timed sequentially; use independent-resample intervals
3,funnel,0,bucketed,history,64,512,4,29,1.3138692378997803,1.1328783109784126,repeat indices align samples but methods were timed sequentially; use independent-resample intervals
4,funnel,0,bucketed,history,128,512,4,0,1.018990196287632,5.516673177480698,repeat indices align samples but methods were timed sequentially; use independent-resample intervals
4,funnel,0,bucketed,history,128,512,4,1,1.1407778710126877,1.5464336723089218,repeat indices align samples but methods were timed sequentially; use independent-resample intervals
4,funnel,0,bucketed,history,128,512,4,2,1.2411853820085526,1.2873298302292824,repeat indices align samples but methods were timed sequentially; use independent-resample intervals
4,funnel,0,bucketed,history,128,512,4,3,1.015374019742012,1.146246425807476,repeat indices align samples but methods were timed sequentially; use independent-resample intervals
4,funnel,0,bucketed,history,128,512,4,4,1.2142509371042252,1.126074455678463,repeat indices align samples but methods were timed sequentially; use independent-resample intervals
4,funnel,0,bucketed,history,128,512,4,5,1.2008926197886467,1.1261163130402565,repeat indices align samples but methods were timed sequentially; use independent-resample intervals
4,funnel,0,bucketed,history,128,512,4,6,1.1152380406856537,1.3017523363232613,repeat indices align samples but methods were timed sequentially; use independent-resample intervals
4,funnel,0,bucketed,history,128,512,4,7,1.1646492406725883,1.1973343789577484,repeat indices align samples but methods were timed sequentially; use independent-resample intervals
4,funnel,0,bucketed,history,128,512,4,8,1.1746722310781479,1.22721466422081,repeat indices align samples but methods were timed sequentially; use independent-resample intervals
4,funnel,0,bucketed,history,128,512,4,9,1.093487486243248,1.197967290878296,repeat indices align samples but methods were timed sequentially; use independent-resample intervals
4,funnel,0,bucketed,history,128,512,4,10,1.2543315514922142,1.3669117912650108,repeat indices align samples but methods were timed sequentially; use independent-resample intervals
4,funnel,0,bucketed,history,128,512,4,11,1.2284206449985504,1.2144282907247543,repeat indices align samples but methods were timed sequentially; use independent-resample intervals
4,funnel,0,bucketed,history,128,512,4,12,1.2058954164385796,1.0690568834543228,repeat indices align samples but methods were timed sequentially; use independent-resample intervals
4,funnel,0,bucketed,history,128,512,4,13,1.2400908768177032,1.060584895312786,repeat indices align samples but methods were timed sequentially; use independent-resample intervals
4,funnel,0,bucketed,history,128,512,4,14,1.2170389965176582,1.1709498837590218,repeat indices align samples but methods were timed sequentially; use independent-resample intervals
4,funnel,0,bucketed,history,128,512,4,15,1.1870091930031776,1.152604602277279,repeat indices align samples but methods were timed sequentially; use independent-resample intervals
4,funnel,0,bucketed,history,128,512,4,16,1.0753291547298431,1.0969994962215424,repeat indices align samples but methods were timed sequentially; use independent-resample intervals
4,funnel,0,bucketed,history,128,512,4,17,1.1072783395648003,1.1396895945072174,repeat indices align samples but methods were timed sequentially; use independent-resample intervals
4,funnel,0,bucketed,history,128,512,4,18,1.193888247013092,1.1560478210449219,repeat indices align samples but methods were timed sequentially; use independent-resample intervals
4,funnel,0,bucketed,history,128,512,4,19,1.1617019698023796,1.1923077777028084,repeat indices align samples but methods were timed sequentially; use independent-resample intervals
4,funnel,0,bucketed,history,128,512,4,20,1.1307289451360703,1.1879411488771439,repeat indices align samples but methods were timed sequentially; use independent-resample intervals
4,funnel,0,bucketed,history,128,512,4,21,1.0842149406671524,1.3426483049988747,repeat indices align samples but methods were timed sequentially; use independent-resample intervals
4,funnel,0,bucketed,history,128,512,4,22,1.3819854333996773,1.2575353533029556,repeat indices align samples but methods were timed sequentially; use independent-resample intervals
4,funnel,0,bucketed,history,128,512,4,23,1.1423224061727524,1.2139033898711205,repeat indices align samples but methods were timed sequentially; use independent-resample intervals
4,funnel,0,bucketed,history,128,512,4,24,1.281714916229248,1.2461310476064682,repeat indices align samples but methods were timed sequentially; use independent-resample intervals
4,funnel,0,bucketed,history,128,512,4,25,1.1995195522904396,1.13908152282238,repeat indices align samples but methods were timed sequentially; use independent-resample intervals
4,funnel,0,bucketed,history,128,512,4,26,1.1224326714873314,1.1268511936068535,repeat indices align samples but methods were timed sequentially; use independent-resample intervals
4,funnel,0,bucketed,history,128,512,4,27,1.2437128871679306,1.213769368827343,repeat indices align samples but methods were timed sequentially; use independent-resample intervals
4,funnel,0,bucketed,history,128,512,4,28,1.341053232550621,1.1329900547862053,repeat indices align samples but methods were timed sequentially; use independent-resample intervals
4,funnel,0,bucketed,history,128,512,4,29,1.1462841629981995,1.1328783109784126,repeat indices align samples but methods were timed sequentially; use independent-resample intervals
5,funnel,0,bucketed,last_depth,64,512,4,0,1.5246153771877289,5.516673177480698,repeat indices align samples but methods were timed sequentially; use independent-resample intervals
5,funnel,0,bucketed,last_depth,64,512,4,1,1.4751267284154892,1.5464336723089218,repeat indices align samples but methods were timed sequentially; use independent-resample intervals
5,funnel,0,bucketed,last_depth,64,512,4,2,1.4634055197238922,1.2873298302292824,repeat indices align samples but methods were timed sequentially; use independent-resample intervals
5,funnel,0,bucketed,last_depth,64,512,4,3,1.1477264240384102,1.146246425807476,repeat indices align samples but methods were timed sequentially; use independent-resample intervals
5,funnel,0,bucketed,last_depth,64,512,4,4,1.2920972108840942,1.126074455678463,repeat indices align samples but methods were timed sequentially; use independent-resample intervals
5,funnel,0,bucketed,last_depth,64,512,4,5,1.3360601216554642,1.1261163130402565,repeat indices align samples but methods were timed sequentially; use independent-resample intervals
5,funnel,0,bucketed,last_depth,64,512,4,6,1.362173043191433,1.3017523363232613,repeat indices align samples but methods were timed sequentially; use independent-resample intervals
5,funnel,0,bucketed,last_depth,64,512,4,7,1.3270910680294037,1.1973343789577484,repeat indices align samples but methods were timed sequentially; use independent-resample intervals
5,funnel,0,bucketed,last_depth,64,512,4,8,1.35956709086895,1.22721466422081,repeat indices align samples but methods were timed sequentially; use independent-resample intervals
5,funnel,0,bucketed,last_depth,64,512,4,9,1.3938428238034248,1.197967290878296,repeat indices align samples but methods were timed sequentially; use independent-resample intervals
5,funnel,0,bucketed,last_depth,64,512,4,10,1.126817725598812,1.3669117912650108,repeat indices align samples but methods were timed sequentially; use independent-resample intervals
5,funnel,0,bucketed,last_depth,64,512,4,11,1.3336726650595665,1.2144282907247543,repeat indices align samples but methods were timed sequentially; use independent-resample intervals
5,funnel,0,bucketed,last_depth,64,512,4,12,1.1741772294044495,1.0690568834543228,repeat indices align samples but methods were timed sequentially; use independent-resample intervals
5,funnel,0,bucketed,last_depth,64,512,4,13,1.1152261644601822,1.060584895312786,repeat indices align samples but methods were timed sequentially; use independent-resample intervals
5,funnel,0,bucketed,last_depth,64,512,4,14,1.41752128303051,1.1709498837590218,repeat indices align samples but methods were timed sequentially; use independent-resample intervals
5,funnel,0,bucketed,last_depth,64,512,4,15,1.1567059084773064,1.152604602277279,repeat indices align samples but methods were timed sequentially; use independent-resample intervals
5,funnel,0,bucketed,last_depth,64,512,4,16,1.3715173155069351,1.0969994962215424,repeat indices align samples but methods were timed sequentially; use independent-resample intervals
5,funnel,0,bucketed,last_depth,64,512,4,17,1.4208360388875008,1.1396895945072174,repeat indices align samples but methods were timed sequentially; use independent-resample intervals
5,funnel,0,bucketed,last_depth,64,512,4,18,1.5083147957921028,1.1560478210449219,repeat indices align samples but methods were timed sequentially; use independent-resample intervals
5,funnel,0,bucketed,last_depth,64,512,4,19,1.3165016397833824,1.1923077777028084,repeat indices align samples but methods were timed sequentially; use independent-resample intervals
5,funnel,0,bucketed,last_depth,64,512,4,20,1.3448044806718826,1.1879411488771439,repeat indices align samples but methods were timed sequentially; use independent-resample intervals
5,funnel,0,bucketed,last_depth,64,512,4,21,1.4445227980613708,1.3426483049988747,repeat indices align samples but methods were timed sequentially; use independent-resample intervals
5,funnel,0,bucketed,last_depth,64,512,4,22,1.2630764096975327,1.2575353533029556,repeat indices align samples but methods were timed sequentially; use independent-resample intervals
5,funnel,0,bucketed,last_depth,64,512,4,23,1.3506255820393562,1.2139033898711205,repeat indices align samples but methods were timed sequentially; use independent-resample intervals
5,funnel,0,bucketed,last_depth,64,512,4,24,1.5522687807679176,1.2461310476064682,repeat indices align samples but methods were timed sequentially; use independent-resample intervals
5,funnel,0,bucketed,last_depth,64,512,4,25,1.4011221081018448,1.13908152282238,repeat indices align samples but methods were timed sequentially; use independent-resample intervals
5,funnel,0,bucketed,last_depth,64,512,4,26,1.3494852781295776,1.1268511936068535,repeat indices align samples but methods were timed sequentially; use independent-resample intervals
5,funnel,0,bucketed,last_depth,64,512,4,27,1.3786874935030937,1.213769368827343,repeat indices align samples but methods were timed sequentially; use independent-resample intervals
5,funnel,0,bucketed,last_depth,64,512,4,28,1.3692507147789001,1.1329900547862053,repeat indices align samples but methods were timed sequentially; use independent-resample intervals
5,funnel,0,bucketed,last_depth,64,512,4,29,1.1976483836770058,1.1328783109784126,repeat indices align samples but methods were timed sequentially; use independent-resample intervals
6,funnel,0,bucketed,last_depth,128,512,4,0,1.3967315331101418,5.516673177480698,repeat indices align samples but methods were timed sequentially; use independent-resample intervals
6,funnel,0,bucketed,last_depth,128,512,4,1,1.450157880783081,1.5464336723089218,repeat indices align samples but methods were timed sequentially; use independent-resample intervals
6,funnel,0,bucketed,last_depth,128,512,4,2,1.257970929145813,1.2873298302292824,repeat indices align samples but methods were timed sequentially; use independent-resample intervals
6,funnel,0,bucketed,last_depth,128,512,4,3,1.382601834833622,1.146246425807476,repeat indices align samples but methods were timed sequentially; use independent-resample intervals
6,funnel,0,bucketed,last_depth,128,512,4,4,1.4664471819996834,1.126074455678463,repeat indices align samples but methods were timed sequentially; use independent-resample intervals
6,funnel,0,bucketed,last_depth,128,512,4,5,1.418651930987835,1.1261163130402565,repeat indices align samples but methods were timed sequentially; use independent-resample intervals
6,funnel,0,bucketed,last_depth,128,512,4,6,1.5171577408909798,1.3017523363232613,repeat indices align samples but methods were timed sequentially; use independent-resample intervals
6,funnel,0,bucketed,last_depth,128,512,4,7,1.5566371902823448,1.1973343789577484,repeat indices align samples but methods were timed sequentially; use independent-resample intervals
6,funnel,0,bucketed,last_depth,128,512,4,8,1.4445269405841827,1.22721466422081,repeat indices align samples but methods were timed sequentially; use independent-resample intervals
6,funnel,0,bucketed,last_depth,128,512,4,9,1.9127956256270409,1.197967290878296,repeat indices align samples but methods were timed sequentially; use independent-resample intervals
6,funnel,0,bucketed,last_depth,128,512,4,10,1.8635417371988297,1.3669117912650108,repeat indices align samples but methods were timed sequentially; use independent-resample intervals
6,funnel,0,bucketed,last_depth,128,512,4,11,1.7453774884343147,1.2144282907247543,repeat indices align samples but methods were timed sequentially; use independent-resample intervals
6,funnel,0,bucketed,last_depth,128,512,4,12,1.5283262878656387,1.0690568834543228,repeat indices align samples but methods were timed sequentially; use independent-resample intervals
6,funnel,0,bucketed,last_depth,128,512,4,13,1.7208600416779518,1.060584895312786,repeat indices align samples but methods were timed sequentially; use independent-resample intervals
6,funnel,0,bucketed,last_depth,128,512,4,14,1.4450370371341705,1.1709498837590218,repeat indices align samples but methods were timed sequentially; use independent-resample intervals
6,funnel,0,bucketed,last_depth,128,512,4,15,1.255681149661541,1.152604602277279,repeat indices align samples but methods were timed sequentially; use independent-resample intervals
6,funnel,0,bucketed,last_depth,128,512,4,16,1.6614737287163734,1.0969994962215424,repeat indices align samples but methods were timed sequentially; use independent-resample intervals
6,funnel,0,bucketed,last_depth,128,512,4,17,1.4442784786224365,1.1396895945072174,repeat indices align samples but methods were timed sequentially; use independent-resample intervals
6,funnel,0,bucketed,last_depth,128,512,4,18,1.3451344296336174,1.1560478210449219,repeat indices align samples but methods were timed sequentially; use independent-resample intervals
6,funnel,0,bucketed,last_depth,128,512,4,19,1.5522628426551819,1.1923077777028084,repeat indices align samples but methods were timed sequentially; use independent-resample intervals
6,funnel,0,bucketed,last_depth,128,512,4,20,1.418614886701107,1.1879411488771439,repeat indices align samples but methods were timed sequentially; use independent-resample intervals
6,funnel,0,bucketed,last_depth,128,512,4,21,1.4973161444067955,1.3426483049988747,repeat indices align samples but methods were timed sequentially; use independent-resample intervals
6,funnel,0,bucketed,last_depth,128,512,4,22,1.9223983883857727,1.2575353533029556,repeat indices align samples but methods were timed sequentially; use independent-resample intervals
6,funnel,0,bucketed,last_depth,128,512,4,23,2.079096920788288,1.2139033898711205,repeat indices align samples but methods were timed sequentially; use independent-resample intervals
6,funnel,0,bucketed,last_depth,128,512,4,24,1.9159621968865395,1.2461310476064682,repeat indices align samples but methods were timed sequentially; use independent-resample intervals
6,funnel,0,bucketed,last_depth,128,512,4,25,2.0170734971761703,1.13908152282238,repeat indices align samples but methods were timed sequentially; use independent-resample intervals
6,funnel,0,bucketed,last_depth,128,512,4,26,1.8369164615869522,1.1268511936068535,repeat indices align samples but methods were timed sequentially; use independent-resample intervals
6,funnel,0,bucketed,last_depth,128,512,4,27,1.8652161657810211,1.213769368827343,repeat indices align samples but methods were timed sequentially; use independent-resample intervals
6,funnel,0,bucketed,last_depth,128,512,4,28,1.8143578991293907,1.1329900547862053,repeat indices align samples but methods were timed sequentially; use independent-resample intervals
6,funnel,0,bucketed,last_depth,128,512,4,29,1.4558453038334846,1.1328783109784126,repeat indices align samples but methods were timed sequentially; use independent-resample intervals
7,funnel,1,monolithic,monolithic,0,512,4,0,1.0656271427869797,1.0656271427869797,repeat indices align samples but methods were timed sequentially; use independent-resample intervals
7,funnel,1,monolithic,monolithic,0,512,4,1,1.201086401939392,1.201086401939392,repeat indices align samples but methods were timed sequentially; use independent-resample intervals
7,funnel,1,monolithic,monolithic,0,512,4,2,1.1409782990813255,1.1409782990813255,repeat indices align samples but methods were timed sequentially; use independent-resample intervals
7,funnel,1,monolithic,monolithic,0,512,4,3,1.0571879968047142,1.0571879968047142,repeat indices align samples but methods were timed sequentially; use independent-resample intervals
7,funnel,1,monolithic,monolithic,0,512,4,4,0.9746675863862038,0.9746675863862038,repeat indices align samples but methods were timed sequentially; use independent-resample intervals
7,funnel,1,monolithic,monolithic,0,512,4,5,0.9794121161103249,0.9794121161103249,repeat indices align samples but methods were timed sequentially; use independent-resample intervals
7,funnel,1,monolithic,monolithic,0,512,4,6,0.9899927303195,0.9899927303195,repeat indices align samples but methods were timed sequentially; use independent-resample intervals
7,funnel,1,monolithic,monolithic,0,512,4,7,0.9914990961551666,0.9914990961551666,repeat indices align samples but methods were timed sequentially; use independent-resample intervals
7,funnel,1,monolithic,monolithic,0,512,4,8,0.9626258090138435,0.9626258090138435,repeat indices align samples but methods were timed sequentially; use independent-resample intervals
7,funnel,1,monolithic,monolithic,0,512,4,9,1.0592630729079247,1.0592630729079247,repeat indices align samples but methods were timed sequentially; use independent-resample intervals
7,funnel,1,monolithic,monolithic,0,512,4,10,1.0812838152050972,1.0812838152050972,repeat indices align samples but methods were timed sequentially; use independent-resample intervals
7,funnel,1,monolithic,monolithic,0,512,4,11,0.9266056716442108,0.9266056716442108,repeat indices align samples but methods were timed sequentially; use independent-resample intervals
7,funnel,1,monolithic,monolithic,0,512,4,12,1.2074846476316452,1.2074846476316452,repeat indices align samples but methods were timed sequentially; use independent-resample intervals
7,funnel,1,monolithic,monolithic,0,512,4,13,1.0855630710721016,1.0855630710721016,repeat indices align samples but methods were timed sequentially; use independent-resample intervals
7,funnel,1,monolithic,monolithic,0,512,4,14,1.0243396908044815,1.0243396908044815,repeat indices align samples but methods were timed sequentially; use independent-resample intervals
7,funnel,1,monolithic,monolithic,0,512,4,15,1.0144885256886482,1.0144885256886482,repeat indices align samples but methods were timed sequentially; use independent-resample intervals
7,funnel,1,monolithic,monolithic,0,512,4,16,1.0624813586473465,1.0624813586473465,repeat indices align samples but methods were timed sequentially; use independent-resample intervals
7,funnel,1,monolithic,monolithic,0,512,4,17,1.004240743815899,1.004240743815899,repeat indices align samples but methods were timed sequentially; use independent-resample intervals
7,funnel,1,monolithic,monolithic,0,512,4,18,0.8809849843382835,0.8809849843382835,repeat indices align samples but methods were timed sequentially; use independent-resample intervals
7,funnel,1,monolithic,monolithic,0,512,4,19,1.029354251921177,1.029354251921177,repeat indices align samples but methods were timed sequentially; use independent-resample intervals
7,funnel,1,monolithic,monolithic,0,512,4,20,0.8905554041266441,0.8905554041266441,repeat indices align samples but methods were timed sequentially; use independent-resample intervals
7,funnel,1,monolithic,monolithic,0,512,4,21,0.9540745839476585,0.9540745839476585,repeat indices align samples but methods were timed sequentially; use independent-resample intervals
7,funnel,1,monolithic,monolithic,0,512,4,22,0.9816256910562515,0.9816256910562515,repeat indices align samples but methods were timed sequentially; use independent-resample intervals
7,funnel,1,monolithic,monolithic,0,512,4,23,1.1230043321847916,1.1230043321847916,repeat indices align samples but methods were timed sequentially; use independent-resample intervals
7,funnel,1,monolithic,monolithic,0,512,4,24,1.0921351239085197,1.0921351239085197,repeat indices align samples but methods were timed sequentially; use independent-resample intervals
7,funnel,1,monolithic,monolithic,0,512,4,25,1.010975830256939,1.010975830256939,repeat indices align samples but methods were timed sequentially; use independent-resample intervals
7,funnel,1,monolithic,monolithic,0,512,4,26,1.0162474513053894,1.0162474513053894,repeat indices align samples but methods were timed sequentially; use independent-resample intervals
7,funnel,1,monolithic,monolithic,0,512,4,27,1.1803833544254303,1.1803833544254303,repeat indices align samples but methods were timed sequentially; use independent-resample intervals
7,funnel,1,monolithic,monolithic,0,512,4,28,0.9850861877202988,0.9850861877202988,repeat indices align samples but methods were timed sequentially; use independent-resample intervals
7,funnel,1,monolithic,monolithic,0,512,4,29,1.0056894570589066,1.0056894570589066,repeat indices align samples but methods were timed sequentially; use independent-resample intervals
8,funnel,1,bucketed,none,64,512,4,0,1.4438170120120049,1.0656271427869797,repeat indices align samples but methods were timed sequentially; use independent-resample intervals
8,funnel,1,bucketed,none,64,512,4,1,1.468520388007164,1.201086401939392,repeat indices align samples but methods were timed sequentially; use independent-resample intervals
8,funnel,1,bucketed,none,64,512,4,2,1.2711927443742752,1.1409782990813255,repeat indices align samples but methods were timed sequentially; use independent-resample intervals
8,funnel,1,bucketed,none,64,512,4,3,1.4360668882727623,1.0571879968047142,repeat indices align samples but methods were timed sequentially; use independent-resample intervals
8,funnel,1,bucketed,none,64,512,4,4,1.3566792383790016,0.9746675863862038,repeat indices align samples but methods were timed sequentially; use independent-resample intervals
8,funnel,1,bucketed,none,64,512,4,5,1.500029817223549,0.9794121161103249,repeat indices align samples but methods were timed sequentially; use independent-resample intervals
8,funnel,1,bucketed,none,64,512,4,6,1.7165159657597542,0.9899927303195,repeat indices align samples but methods were timed sequentially; use independent-resample intervals
8,funnel,1,bucketed,none,64,512,4,7,1.4094546735286713,0.9914990961551666,repeat indices align samples but methods were timed sequentially; use independent-resample intervals
8,funnel,1,bucketed,none,64,512,4,8,1.6112304255366325,0.9626258090138435,repeat indices align samples but methods were timed sequentially; use independent-resample intervals
8,funnel,1,bucketed,none,64,512,4,9,1.5584062337875366,1.0592630729079247,repeat indices align samples but methods were timed sequentially; use independent-resample intervals
8,funnel,1,bucketed,none,64,512,4,10,1.805303879082203,1.0812838152050972,repeat indices align samples but methods were timed sequentially; use independent-resample intervals
8,funnel,1,bucketed,none,64,512,4,11,1.5529387444257736,0.9266056716442108,repeat indices align samples but methods were timed sequentially; use independent-resample intervals
8,funnel,1,bucketed,none,64,512,4,12,1.6432442739605904,1.2074846476316452,repeat indices align samples but methods were timed sequentially; use independent-resample intervals
8,funnel,1,bucketed,none,64,512,4,13,1.6861963123083115,1.0855630710721016,repeat indices align samples but methods were timed sequentially; use independent-resample intervals
8,funnel,1,bucketed,none,64,512,4,14,1.4326466992497444,1.0243396908044815,repeat indices align samples but methods were timed sequentially; use independent-resample intervals
8,funnel,1,bucketed,none,64,512,4,15,1.5814629048109055,1.0144885256886482,repeat indices align samples but methods were timed sequentially; use independent-resample intervals
8,funnel,1,bucketed,none,64,512,4,16,1.5820592194795609,1.0624813586473465,repeat indices align samples but methods were timed sequentially; use independent-resample intervals
8,funnel,1,bucketed,none,64,512,4,17,1.4758800119161606,1.004240743815899,repeat indices align samples but methods were timed sequentially; use independent-resample intervals
8,funnel,1,bucketed,none,64,512,4,18,1.3460957556962967,0.8809849843382835,repeat indices align samples but methods were timed sequentially; use independent-resample intervals
8,funnel,1,bucketed,none,64,512,4,19,1.4705133885145187,1.029354251921177,repeat indices align samples but methods were timed sequentially; use independent-resample intervals
8,funnel,1,bucketed,none,64,512,4,20,1.513829231262207,0.8905554041266441,repeat indices align samples but methods were timed sequentially; use independent-resample intervals
8,funnel,1,bucketed,none,64,512,4,21,1.6305269598960876,0.9540745839476585,repeat indices align samples but methods were timed sequentially; use independent-resample intervals
8,funnel,1,bucketed,none,64,512,4,22,1.5151101127266884,0.9816256910562515,repeat indices align samples but methods were timed sequentially; use independent-resample intervals
8,funnel,1,bucketed,none,64,512,4,23,1.3047612681984901,1.1230043321847916,repeat indices align samples but methods were timed sequentially; use independent-resample intervals
8,funnel,1,bucketed,none,64,512,4,24,1.3084622770547867,1.0921351239085197,repeat indices align samples but methods were timed sequentially; use independent-resample intervals
8,funnel,1,bucketed,none,64,512,4,25,1.3622790351510048,1.010975830256939,repeat indices align samples but methods were timed sequentially; use independent-resample intervals
8,funnel,1,bucketed,none,64,512,4,26,1.530559778213501,1.0162474513053894,repeat indices align samples but methods were timed sequentially; use independent-resample intervals
8,funnel,1,bucketed,none,64,512,4,27,1.4582365900278091,1.1803833544254303,repeat indices align samples but methods were timed sequentially; use independent-resample intervals
8,funnel,1,bucketed,none,64,512,4,28,1.4397697299718857,0.9850861877202988,repeat indices align samples but methods were timed sequentially; use independent-resample intervals
8,funnel,1,bucketed,none,64,512,4,29,1.260252334177494,1.0056894570589066,repeat indices align samples but methods were timed sequentially; use independent-resample intervals
9,funnel,1,bucketed,none,128,512,4,0,1.515639789402485,1.0656271427869797,repeat indices align samples but methods were timed sequentially; use independent-resample intervals
9,funnel,1,bucketed,none,128,512,4,1,1.4598673731088638,1.201086401939392,repeat indices align samples but methods were timed sequentially; use independent-resample intervals
9,funnel,1,bucketed,none,128,512,4,2,1.3298174664378166,1.1409782990813255,repeat indices align samples but methods were timed sequentially; use independent-resample intervals
9,funnel,1,bucketed,none,128,512,4,3,1.496023289859295,1.0571879968047142,repeat indices align samples but methods were timed sequentially; use independent-resample intervals
9,funnel,1,bucketed,none,128,512,4,4,1.4411176890134811,0.9746675863862038,repeat indices align samples but methods were timed sequentially; use independent-resample intervals
9,funnel,1,bucketed,none,128,512,4,5,1.4251795783638954,0.9794121161103249,repeat indices align samples but methods were timed sequentially; use independent-resample intervals
9,funnel,1,bucketed,none,128,512,4,6,1.4121314212679863,0.9899927303195,repeat indices align samples but methods were timed sequentially; use independent-resample intervals
9,funnel,1,bucketed,none,128,512,4,7,1.4329236969351768,0.9914990961551666,repeat indices align samples but methods were timed sequentially; use independent-resample intervals
9,funnel,1,bucketed,none,128,512,4,8,1.5549577549099922,0.9626258090138435,repeat indices align samples but methods were timed sequentially; use independent-resample intervals
9,funnel,1,bucketed,none,128,512,4,9,1.3554630279541016,1.0592630729079247,repeat indices align samples but methods were timed sequentially; use independent-resample intervals
9,funnel,1,bucketed,none,128,512,4,10,1.4522668421268463,1.0812838152050972,repeat indices align samples but methods were timed sequentially; use independent-resample intervals
9,funnel,1,bucketed,none,128,512,4,11,1.5219133123755455,0.9266056716442108,repeat indices align samples but methods were timed sequentially; use independent-resample intervals
9,funnel,1,bucketed,none,128,512,4,12,1.4808908477425575,1.2074846476316452,repeat indices align samples but methods were timed sequentially; use independent-resample intervals
9,funnel,1,bucketed,none,128,512,4,13,1.560679353773594,1.0855630710721016,repeat indices align samples but methods were timed sequentially; use independent-resample intervals
9,funnel,1,bucketed,none,128,512,4,14,1.2447724640369415,1.0243396908044815,repeat indices align samples but methods were timed sequentially; use independent-resample intervals
9,funnel,1,bucketed,none,128,512,4,15,1.5414379239082336,1.0144885256886482,repeat indices align samples but methods were timed sequentially; use independent-resample intervals
9,funnel,1,bucketed,none,128,512,4,16,1.588874876499176,1.0624813586473465,repeat indices align samples but methods were timed sequentially; use independent-resample intervals
9,funnel,1,bucketed,none,128,512,4,17,1.4384721741080284,1.004240743815899,repeat indices align samples but methods were timed sequentially; use independent-resample intervals
9,funnel,1,bucketed,none,128,512,4,18,1.4640073031187057,0.8809849843382835,repeat indices align samples but methods were timed sequentially; use independent-resample intervals
9,funnel,1,bucketed,none,128,512,4,19,1.6679127141833305,1.029354251921177,repeat indices align samples but methods were timed sequentially; use independent-resample intervals
9,funnel,1,bucketed,none,128,512,4,20,1.5534406527876854,0.8905554041266441,repeat indices align samples but methods were timed sequentially; use independent-resample intervals
9,funnel,1,bucketed,none,128,512,4,21,1.5740277022123337,0.9540745839476585,repeat indices align samples but methods were timed sequentially; use independent-resample intervals
9,funnel,1,bucketed,none,128,512,4,22,1.6448521986603737,0.9816256910562515,repeat indices align samples but methods were timed sequentially; use independent-resample intervals
9,funnel,1,bucketed,none,128,512,4,23,1.7102704420685768,1.1230043321847916,repeat indices align samples but methods were timed sequentially; use independent-resample intervals
9,funnel,1,bucketed,none,128,512,4,24,1.522313453257084,1.0921351239085197,repeat indices align samples but methods were timed sequentially; use independent-resample intervals
9,funnel,1,bucketed,none,128,512,4,25,1.5167271941900253,1.010975830256939,repeat indices align samples but methods were timed sequentially; use independent-resample intervals
9,funnel,1,bucketed,none,128,512,4,26,1.531092792749405,1.0162474513053894,repeat indices align samples but methods were timed sequentially; use independent-resample intervals
9,funnel,1,bucketed,none,128,512,4,27,1.5447045266628265,1.1803833544254303,repeat indices align samples but methods were timed sequentially; use independent-resample intervals
9,funnel,1,bucketed,none,128,512,4,28,1.6304949298501015,0.9850861877202988,repeat indices align samples but methods were timed sequentially; use independent-resample intervals
9,funnel,1,bucketed,none,128,512,4,29,1.541487768292427,1.0056894570589066,repeat indices align samples but methods were timed sequentially; use independent-resample intervals
10,funnel,1,bucketed,history,64,512,4,0,1.2155606150627136,1.0656271427869797,repeat indices align samples but methods were timed sequentially; use independent-resample intervals
10,funnel,1,bucketed,history,64,512,4,1,1.2562206238508224,1.201086401939392,repeat indices align samples but methods were timed sequentially; use independent-resample intervals
10,funnel,1,bucketed,history,64,512,4,2,1.0588613152503967,1.1409782990813255,repeat indices align samples but methods were timed sequentially; use independent-resample intervals
10,funnel,1,bucketed,history,64,512,4,3,1.1761819049715996,1.0571879968047142,repeat indices align samples but methods were timed sequentially; use independent-resample intervals
10,funnel,1,bucketed,history,64,512,4,4,1.276090607047081,0.9746675863862038,repeat indices align samples but methods were timed sequentially; use independent-resample intervals
10,funnel,1,bucketed,history,64,512,4,5,1.1571833491325378,0.9794121161103249,repeat indices align samples but methods were timed sequentially; use independent-resample intervals
10,funnel,1,bucketed,history,64,512,4,6,1.2306771948933601,0.9899927303195,repeat indices align samples but methods were timed sequentially; use independent-resample intervals
10,funnel,1,bucketed,history,64,512,4,7,1.2809281423687935,0.9914990961551666,repeat indices align samples but methods were timed sequentially; use independent-resample intervals
10,funnel,1,bucketed,history,64,512,4,8,1.1258735358715057,0.9626258090138435,repeat indices align samples but methods were timed sequentially; use independent-resample intervals
10,funnel,1,bucketed,history,64,512,4,9,1.2696074321866035,1.0592630729079247,repeat indices align samples but methods were timed sequentially; use independent-resample intervals
10,funnel,1,bucketed,history,64,512,4,10,1.1184004470705986,1.0812838152050972,repeat indices align samples but methods were timed sequentially; use independent-resample intervals
10,funnel,1,bucketed,history,64,512,4,11,1.121845044195652,0.9266056716442108,repeat indices align samples but methods were timed sequentially; use independent-resample intervals
10,funnel,1,bucketed,history,64,512,4,12,1.1335657611489296,1.2074846476316452,repeat indices align samples but methods were timed sequentially; use independent-resample intervals
10,funnel,1,bucketed,history,64,512,4,13,1.0964968875050545,1.0855630710721016,repeat indices align samples but methods were timed sequentially; use independent-resample intervals
10,funnel,1,bucketed,history,64,512,4,14,1.3568805158138275,1.0243396908044815,repeat indices align samples but methods were timed sequentially; use independent-resample intervals
10,funnel,1,bucketed,history,64,512,4,15,1.1095054000616074,1.0144885256886482,repeat indices align samples but methods were timed sequentially; use independent-resample intervals
10,funnel,1,bucketed,history,64,512,4,16,1.099172405898571,1.0624813586473465,repeat indices align samples but methods were timed sequentially; use independent-resample intervals
10,funnel,1,bucketed,history,64,512,4,17,1.1723861172795296,1.004240743815899,repeat indices align samples but methods were timed sequentially; use independent-resample intervals
10,funnel,1,bucketed,history,64,512,4,18,1.0478076711297035,0.8809849843382835,repeat indices align samples but methods were timed sequentially; use independent-resample intervals
10,funnel,1,bucketed,history,64,512,4,19,1.2318359687924385,1.029354251921177,repeat indices align samples but methods were timed sequentially; use independent-resample intervals
10,funnel,1,bucketed,history,64,512,4,20,1.2885646224021912,0.8905554041266441,repeat indices align samples but methods were timed sequentially; use independent-resample intervals
10,funnel,1,bucketed,history,64,512,4,21,1.2288385927677155,0.9540745839476585,repeat indices align samples but methods were timed sequentially; use independent-resample intervals
10,funnel,1,bucketed,history,64,512,4,22,1.358000136911869,0.9816256910562515,repeat indices align samples but methods were timed sequentially; use independent-resample intervals
10,funnel,1,bucketed,history,64,512,4,23,1.2334856167435646,1.1230043321847916,repeat indices align samples but methods were timed sequentially; use independent-resample intervals
10,funnel,1,bucketed,history,64,512,4,24,1.208203412592411,1.0921351239085197,repeat indices align samples but methods were timed sequentially; use independent-resample intervals
10,funnel,1,bucketed,history,64,512,4,25,1.2540383413434029,1.010975830256939,repeat indices align samples but methods were timed sequentially; use independent-resample intervals
10,funnel,1,bucketed,history,64,512,4,26,1.2448756471276283,1.0162474513053894,repeat indices align samples but methods were timed sequentially; use independent-resample intervals
10,funnel,1,bucketed,history,64,512,4,27,1.2687915712594986,1.1803833544254303,repeat indices align samples but methods were timed sequentially; use independent-resample intervals
10,funnel,1,bucketed,history,64,512,4,28,1.3394274041056633,0.9850861877202988,repeat indices align samples but methods were timed sequentially; use independent-resample intervals
10,funnel,1,bucketed,history,64,512,4,29,1.282545417547226,1.0056894570589066,repeat indices align samples but methods were timed sequentially; use independent-resample intervals
11,funnel,1,bucketed,history,128,512,4,0,1.186926782131195,1.0656271427869797,repeat indices align samples but methods were timed sequentially; use independent-resample intervals
11,funnel,1,bucketed,history,128,512,4,1,1.090262994170189,1.201086401939392,repeat indices align samples but methods were timed sequentially; use independent-resample intervals
11,funnel,1,bucketed,history,128,512,4,2,1.0523757562041283,1.1409782990813255,repeat indices align samples but methods were timed sequentially; use independent-resample intervals
11,funnel,1,bucketed,history,128,512,4,3,0.952444851398468,1.0571879968047142,repeat indices align samples but methods were timed sequentially; use independent-resample intervals
11,funnel,1,bucketed,history,128,512,4,4,1.04960335791111,0.9746675863862038,repeat indices align samples but methods were timed sequentially; use independent-resample intervals
11,funnel,1,bucketed,history,128,512,4,5,1.0916583761572838,0.9794121161103249,repeat indices align samples but methods were timed sequentially; use independent-resample intervals
11,funnel,1,bucketed,history,128,512,4,6,1.1426846086978912,0.9899927303195,repeat indices align samples but methods were timed sequentially; use independent-resample intervals
11,funnel,1,bucketed,history,128,512,4,7,0.9908521547913551,0.9914990961551666,repeat indices align samples but methods were timed sequentially; use independent-resample intervals
11,funnel,1,bucketed,history,128,512,4,8,0.9888226240873337,0.9626258090138435,repeat indices align samples but methods were timed sequentially; use independent-resample intervals
11,funnel,1,bucketed,history,128,512,4,9,1.0967689007520676,1.0592630729079247,repeat indices align samples but methods were timed sequentially; use independent-resample intervals
11,funnel,1,bucketed,history,128,512,4,10,1.070434808731079,1.0812838152050972,repeat indices align samples but methods were timed sequentially; use independent-resample intervals
11,funnel,1,bucketed,history,128,512,4,11,1.0047652795910835,0.9266056716442108,repeat indices align samples but methods were timed sequentially; use independent-resample intervals
11,funnel,1,bucketed,history,128,512,4,12,1.069379337131977,1.2074846476316452,repeat indices align samples but methods were timed sequentially; use independent-resample intervals
11,funnel,1,bucketed,history,128,512,4,13,1.1220510303974152,1.0855630710721016,repeat indices align samples but methods were timed sequentially; use independent-resample intervals
11,funnel,1,bucketed,history,128,512,4,14,1.1045609265565872,1.0243396908044815,repeat indices align samples but methods were timed sequentially; use independent-resample intervals
11,funnel,1,bucketed,history,128,512,4,15,1.1108422726392746,1.0144885256886482,repeat indices align samples but methods were timed sequentially; use independent-resample intervals
11,funnel,1,bucketed,history,128,512,4,16,1.121981866657734,1.0624813586473465,repeat indices align samples but methods were timed sequentially; use independent-resample intervals
11,funnel,1,bucketed,history,128,512,4,17,1.1798680648207664,1.004240743815899,repeat indices align samples but methods were timed sequentially; use independent-resample intervals
11,funnel,1,bucketed,history,128,512,4,18,0.9197467863559723,0.8809849843382835,repeat indices align samples but methods were timed sequentially; use independent-resample intervals
11,funnel,1,bucketed,history,128,512,4,19,1.1595871448516846,1.029354251921177,repeat indices align samples but methods were timed sequentially; use independent-resample intervals
11,funnel,1,bucketed,history,128,512,4,20,1.0429313853383064,0.8905554041266441,repeat indices align samples but methods were timed sequentially; use independent-resample intervals
11,funnel,1,bucketed,history,128,512,4,21,1.1653165146708488,0.9540745839476585,repeat indices align samples but methods were timed sequentially; use independent-resample intervals
11,funnel,1,bucketed,history,128,512,4,22,1.0285788178443909,0.9816256910562515,repeat indices align samples but methods were timed sequentially; use independent-resample intervals
11,funnel,1,bucketed,history,128,512,4,23,1.1772731095552444,1.1230043321847916,repeat indices align samples but methods were timed sequentially; use independent-resample intervals
11,funnel,1,bucketed,history,128,512,4,24,1.0240559503436089,1.0921351239085197,repeat indices align samples but methods were timed sequentially; use independent-resample intervals
11,funnel,1,bucketed,history,128,512,4,25,1.0602264627814293,1.010975830256939,repeat indices align samples but methods were timed sequentially; use independent-resample intervals
11,funnel,1,bucketed,history,128,512,4,26,1.0331181660294533,1.0162474513053894,repeat indices align samples but methods were timed sequentially; use independent-resample intervals
11,funnel,1,bucketed,history,128,512,4,27,1.042116828262806,1.1803833544254303,repeat indices align samples but methods were timed sequentially; use independent-resample intervals
11,funnel,1,bucketed,history,128,512,4,28,0.9729722440242767,0.9850861877202988,repeat indices align samples but methods were timed sequentially; use independent-resample intervals
11,funnel,1,bucketed,history,128,512,4,29,0.990143321454525,1.0056894570589066,repeat indices align samples but methods were timed sequentially; use independent-resample intervals
12,funnel,1,bucketed,last_depth,64,512,4,0,1.2459920570254326,1.0656271427869797,repeat indices align samples but methods were timed sequentially; use independent-resample intervals
12,funnel,1,bucketed,last_depth,64,512,4,1,1.3168079778552055,1.201086401939392,repeat indices align samples but methods were timed sequentially; use independent-resample intervals
12,funnel,1,bucketed,last_depth,64,512,4,2,1.2879148572683334,1.1409782990813255,repeat indices align samples but methods were timed sequentially; use independent-resample intervals
12,funnel,1,bucketed,last_depth,64,512,4,3,1.4345469325780869,1.0571879968047142,repeat indices align samples but methods were timed sequentially; use independent-resample intervals
12,funnel,1,bucketed,last_depth,64,512,4,4,1.1688659936189651,0.9746675863862038,repeat indices align samples but methods were timed sequentially; use independent-resample intervals
12,funnel,1,bucketed,last_depth,64,512,4,5,1.366812877357006,0.9794121161103249,repeat indices align samples but methods were timed sequentially; use independent-resample intervals
12,funnel,1,bucketed,last_depth,64,512,4,6,1.1299465671181679,0.9899927303195,repeat indices align samples but methods were timed sequentially; use independent-resample intervals
12,funnel,1,bucketed,last_depth,64,512,4,7,1.3763612136244774,0.9914990961551666,repeat indices align samples but methods were timed sequentially; use independent-resample intervals
12,funnel,1,bucketed,last_depth,64,512,4,8,1.341117963194847,0.9626258090138435,repeat indices align samples but methods were timed sequentially; use independent-resample intervals
12,funnel,1,bucketed,last_depth,64,512,4,9,1.3773798123002052,1.0592630729079247,repeat indices align samples but methods were timed sequentially; use independent-resample intervals
12,funnel,1,bucketed,last_depth,64,512,4,10,1.2417187094688416,1.0812838152050972,repeat indices align samples but methods were timed sequentially; use independent-resample intervals
12,funnel,1,bucketed,last_depth,64,512,4,11,1.305090792477131,0.9266056716442108,repeat indices align samples but methods were timed sequentially; use independent-resample intervals
12,funnel,1,bucketed,last_depth,64,512,4,12,1.403572179377079,1.2074846476316452,repeat indices align samples but methods were timed sequentially; use independent-resample intervals
12,funnel,1,bucketed,last_depth,64,512,4,13,1.3459742292761803,1.0855630710721016,repeat indices align samples but methods were timed sequentially; use independent-resample intervals
12,funnel,1,bucketed,last_depth,64,512,4,14,1.363033227622509,1.0243396908044815,repeat indices align samples but methods were timed sequentially; use independent-resample intervals
12,funnel,1,bucketed,last_depth,64,512,4,15,1.2133598551154137,1.0144885256886482,repeat indices align samples but methods were timed sequentially; use independent-resample intervals
12,funnel,1,bucketed,last_depth,64,512,4,16,1.240775689482689,1.0624813586473465,repeat indices align samples but methods were timed sequentially; use independent-resample intervals
12,funnel,1,bucketed,last_depth,64,512,4,17,1.3056551665067673,1.004240743815899,repeat indices align samples but methods were timed sequentially; use independent-resample intervals
12,funnel,1,bucketed,last_depth,64,512,4,18,1.413671888411045,0.8809849843382835,repeat indices align samples but methods were timed sequentially; use independent-resample intervals
12,funnel,1,bucketed,last_depth,64,512,4,19,1.2620549201965332,1.029354251921177,repeat indices align samples but methods were timed sequentially; use independent-resample intervals
12,funnel,1,bucketed,last_depth,64,512,4,20,1.2550820782780647,0.8905554041266441,repeat indices align samples but methods were timed sequentially; use independent-resample intervals
12,funnel,1,bucketed,last_depth,64,512,4,21,1.4014909118413925,0.9540745839476585,repeat indices align samples but methods were timed sequentially; use independent-resample intervals
12,funnel,1,bucketed,last_depth,64,512,4,22,1.3146033734083176,0.9816256910562515,repeat indices align samples but methods were timed sequentially; use independent-resample intervals
12,funnel,1,bucketed,last_depth,64,512,4,23,1.2211820483207703,1.1230043321847916,repeat indices align samples but methods were timed sequentially; use independent-resample intervals
12,funnel,1,bucketed,last_depth,64,512,4,24,1.1204693615436554,1.0921351239085197,repeat indices align samples but methods were timed sequentially; use independent-resample intervals
12,funnel,1,bucketed,last_depth,64,512,4,25,1.2258983477950096,1.010975830256939,repeat indices align samples but methods were timed sequentially; use independent-resample intervals
12,funnel,1,bucketed,last_depth,64,512,4,26,1.359750971198082,1.0162474513053894,repeat indices align samples but methods were timed sequentially; use independent-resample intervals
12,funnel,1,bucketed,last_depth,64,512,4,27,1.3332184478640556,1.1803833544254303,repeat indices align samples but methods were timed sequentially; use independent-resample intervals
12,funnel,1,bucketed,last_depth,64,512,4,28,1.2786275744438171,0.9850861877202988,repeat indices align samples but methods were timed sequentially; use independent-resample intervals
12,funnel,1,bucketed,last_depth,64,512,4,29,1.1590098217129707,1.0056894570589066,repeat indices align samples but methods were timed sequentially; use independent-resample intervals
13,funnel,1,bucketed,last_depth,128,512,4,0,1.341319628059864,1.0656271427869797,repeat indices align samples but methods were timed sequentially; use independent-resample intervals
13,funnel,1,bucketed,last_depth,128,512,4,1,1.255136415362358,1.201086401939392,repeat indices align samples but methods were timed sequentially; use independent-resample intervals
13,funnel,1,bucketed,last_depth,128,512,4,2,1.432698018848896,1.1409782990813255,repeat indices align samples but methods were timed sequentially; use independent-resample intervals
13,funnel,1,bucketed,last_depth,128,512,4,3,1.3181779608130455,1.0571879968047142,repeat indices align samples but methods were timed sequentially; use independent-resample intervals
13,funnel,1,bucketed,last_depth,128,512,4,4,1.265633836388588,0.9746675863862038,repeat indices align samples but methods were timed sequentially; use independent-resample intervals
13,funnel,1,bucketed,last_depth,128,512,4,5,1.2421947568655014,0.9794121161103249,repeat indices align samples but methods were timed sequentially; use independent-resample intervals
13,funnel,1,bucketed,last_depth,128,512,4,6,1.3123759627342224,0.9899927303195,repeat indices align samples but methods were timed sequentially; use independent-resample intervals
13,funnel,1,bucketed,last_depth,128,512,4,7,1.131865255534649,0.9914990961551666,repeat indices align samples but methods were timed sequentially; use independent-resample intervals
13,funnel,1,bucketed,last_depth,128,512,4,8,1.250151365995407,0.9626258090138435,repeat indices align samples but methods were timed sequentially; use independent-resample intervals
13,funnel,1,bucketed,last_depth,128,512,4,9,1.3311614841222763,1.0592630729079247,repeat indices align samples but methods were timed sequentially; use independent-resample intervals
13,funnel,1,bucketed,last_depth,128,512,4,10,0.9919841960072517,1.0812838152050972,repeat indices align samples but methods were timed sequentially; use independent-resample intervals
13,funnel,1,bucketed,last_depth,128,512,4,11,1.3612814843654633,0.9266056716442108,repeat indices align samples but methods were timed sequentially; use independent-resample intervals
13,funnel,1,bucketed,last_depth,128,512,4,12,1.2929612770676613,1.2074846476316452,repeat indices align samples but methods were timed sequentially; use independent-resample intervals
13,funnel,1,bucketed,last_depth,128,512,4,13,1.1734736859798431,1.0855630710721016,repeat indices align samples but methods were timed sequentially; use independent-resample intervals
13,funnel,1,bucketed,last_depth,128,512,4,14,1.2826323434710503,1.0243396908044815,repeat indices align samples but methods were timed sequentially; use independent-resample intervals
13,funnel,1,bucketed,last_depth,128,512,4,15,1.4839906468987465,1.0144885256886482,repeat indices align samples but methods were timed sequentially; use independent-resample intervals
13,funnel,1,bucketed,last_depth,128,512,4,16,1.3076988384127617,1.0624813586473465,repeat indices align samples but methods were timed sequentially; use independent-resample intervals
13,funnel,1,bucketed,last_depth,128,512,4,17,1.396009422838688,1.004240743815899,repeat indices align samples but methods were timed sequentially; use independent-resample intervals
13,funnel,1,bucketed,last_depth,128,512,4,18,1.3028400763869286,0.8809849843382835,repeat indices align samples but methods were timed sequentially; use independent-resample intervals
13,funnel,1,bucketed,last_depth,128,512,4,19,1.3662055060267448,1.029354251921177,repeat indices align samples but methods were timed sequentially; use independent-resample intervals
13,funnel,1,bucketed,last_depth,128,512,4,20,1.3282745629549026,0.8905554041266441,repeat indices align samples but methods were timed sequentially; use independent-resample intervals
13,funnel,1,bucketed,last_depth,128,512,4,21,1.2037870585918427,0.9540745839476585,repeat indices align samples but methods were timed sequentially; use independent-resample intervals
13,funnel,1,bucketed,last_depth,128,512,4,22,1.2419302314519882,0.9816256910562515,repeat indices align samples but methods were timed sequentially; use independent-resample intervals
13,funnel,1,bucketed,last_depth,128,512,4,23,1.164727620780468,1.1230043321847916,repeat indices align samples but methods were timed sequentially; use independent-resample intervals
13,funnel,1,bucketed,last_depth,128,512,4,24,1.1852456256747246,1.0921351239085197,repeat indices align samples but methods were timed sequentially; use independent-resample intervals
13,funnel,1,bucketed,last_depth,128,512,4,25,1.221330463886261,1.010975830256939,repeat indices align samples but methods were timed sequentially; use independent-resample intervals
13,funnel,1,bucketed,last_depth,128,512,4,26,1.254218652844429,1.0162474513053894,repeat indices align samples but methods were timed sequentially; use independent-resample intervals
13,funnel,1,bucketed,last_depth,128,512,4,27,1.1245708391070366,1.1803833544254303,repeat indices align samples but methods were timed sequentially; use independent-resample intervals
13,funnel,1,bucketed,last_depth,128,512,4,28,1.3953429907560349,0.9850861877202988,repeat indices align samples but methods were timed sequentially; use independent-resample intervals
13,funnel,1,bucketed,last_depth,128,512,4,29,1.2604033425450325,1.0056894570589066,repeat indices align samples but methods were timed sequentially; use independent-resample intervals
14,funnel,2,monolithic,monolithic,0,512,4,0,1.1958132684230804,1.1958132684230804,repeat indices align samples but methods were timed sequentially; use independent-resample intervals
14,funnel,2,monolithic,monolithic,0,512,4,1,1.1214513778686523,1.1214513778686523,repeat indices align samples but methods were timed sequentially; use independent-resample intervals
14,funnel,2,monolithic,monolithic,0,512,4,2,1.2366747483611107,1.2366747483611107,repeat indices align samples but methods were timed sequentially; use independent-resample intervals
14,funnel,2,monolithic,monolithic,0,512,4,3,1.1748826056718826,1.1748826056718826,repeat indices align samples but methods were timed sequentially; use independent-resample intervals
14,funnel,2,monolithic,monolithic,0,512,4,4,1.1148463487625122,1.1148463487625122,repeat indices align samples but methods were timed sequentially; use independent-resample intervals
14,funnel,2,monolithic,monolithic,0,512,4,5,1.168317161500454,1.168317161500454,repeat indices align samples but methods were timed sequentially; use independent-resample intervals
14,funnel,2,monolithic,monolithic,0,512,4,6,1.040625773370266,1.040625773370266,repeat indices align samples but methods were timed sequentially; use independent-resample intervals
14,funnel,2,monolithic,monolithic,0,512,4,7,1.0367091670632362,1.0367091670632362,repeat indices align samples but methods were timed sequentially; use independent-resample intervals
14,funnel,2,monolithic,monolithic,0,512,4,8,1.106532245874405,1.106532245874405,repeat indices align samples but methods were timed sequentially; use independent-resample intervals
14,funnel,2,monolithic,monolithic,0,512,4,9,1.06655403226614,1.06655403226614,repeat indices align samples but methods were timed sequentially; use independent-resample intervals
14,funnel,2,monolithic,monolithic,0,512,4,10,1.1238208189606667,1.1238208189606667,repeat indices align samples but methods were timed sequentially; use independent-resample intervals
14,funnel,2,monolithic,monolithic,0,512,4,11,1.0844017937779427,1.0844017937779427,repeat indices align samples but methods were timed sequentially; use independent-resample intervals
14,funnel,2,monolithic,monolithic,0,512,4,12,1.089834101498127,1.089834101498127,repeat indices align samples but methods were timed sequentially; use independent-resample intervals
14,funnel,2,monolithic,monolithic,0,512,4,13,1.0182467326521873,1.0182467326521873,repeat indices align samples but methods were timed sequentially; use independent-resample intervals
14,funnel,2,monolithic,monolithic,0,512,4,14,1.1876633241772652,1.1876633241772652,repeat indices align samples but methods were timed sequentially; use independent-resample intervals
14,funnel,2,monolithic,monolithic,0,512,4,15,1.129708081483841,1.129708081483841,repeat indices align samples but methods were timed sequentially; use independent-resample intervals
14,funnel,2,monolithic,monolithic,0,512,4,16,1.0338868126273155,1.0338868126273155,repeat indices align samples but methods were timed sequentially; use independent-resample intervals
14,funnel,2,monolithic,monolithic,0,512,4,17,1.10078564286232,1.10078564286232,repeat indices align samples but methods were timed sequentially; use independent-resample intervals
14,funnel,2,monolithic,monolithic,0,512,4,18,1.1055641397833824,1.1055641397833824,repeat indices align samples but methods were timed sequentially; use independent-resample intervals
14,funnel,2,monolithic,monolithic,0,512,4,19,1.1249340772628784,1.1249340772628784,repeat indices align samples but methods were timed sequentially; use independent-resample intervals
14,funnel,2,monolithic,monolithic,0,512,4,20,1.132531799376011,1.132531799376011,repeat indices align samples but methods were timed sequentially; use independent-resample intervals
14,funnel,2,monolithic,monolithic,0,512,4,21,1.1424236968159676,1.1424236968159676,repeat indices align samples but methods were timed sequentially; use independent-resample intervals
14,funnel,2,monolithic,monolithic,0,512,4,22,1.1205184236168861,1.1205184236168861,repeat indices align samples but methods were timed sequentially; use independent-resample intervals
14,funnel,2,monolithic,monolithic,0,512,4,23,1.1421534940600395,1.1421534940600395,repeat indices align samples but methods were timed sequentially; use independent-resample intervals
14,funnel,2,monolithic,monolithic,0,512,4,24,1.135417826473713,1.135417826473713,repeat indices align samples but methods were timed sequentially; use independent-resample intervals
14,funnel,2,monolithic,monolithic,0,512,4,25,1.2122690081596375,1.2122690081596375,repeat indices align samples but methods were timed sequentially; use independent-resample intervals
14,funnel,2,monolithic,monolithic,0,512,4,26,1.1199720576405525,1.1199720576405525,repeat indices align samples but methods were timed sequentially; use independent-resample intervals
14,funnel,2,monolithic,monolithic,0,512,4,27,1.132400006055832,1.132400006055832,repeat indices align samples but methods were timed sequentially; use independent-resample intervals
14,funnel,2,monolithic,monolithic,0,512,4,28,1.165624126791954,1.165624126791954,repeat indices align samples but methods were timed sequentially; use independent-resample intervals
14,funnel,2,monolithic,monolithic,0,512,4,29,1.0458469316363335,1.0458469316363335,repeat indices align samples but methods were timed sequentially; use independent-resample intervals
15,funnel,2,bucketed,none,64,512,4,0,1.7120942026376724,1.1958132684230804,repeat indices align samples but methods were timed sequentially; use independent-resample intervals
15,funnel,2,bucketed,none,64,512,4,1,1.9994580373167992,1.1214513778686523,repeat indices align samples but methods were timed sequentially; use independent-resample intervals
15,funnel,2,bucketed,none,64,512,4,2,2.005749873816967,1.2366747483611107,repeat indices align samples but methods were timed sequentially; use independent-resample intervals
15,funnel,2,bucketed,none,64,512,4,3,2.168936014175415,1.1748826056718826,repeat indices align samples but methods were timed sequentially; use independent-resample intervals
15,funnel,2,bucketed,none,64,512,4,4,2.0889390036463737,1.1148463487625122,repeat indices align samples but methods were timed sequentially; use independent-resample intervals
15,funnel,2,bucketed,none,64,512,4,5,1.9420233815908432,1.168317161500454,repeat indices align samples but methods were timed sequentially; use independent-resample intervals
15,funnel,2,bucketed,none,64,512,4,6,1.80747701972723,1.040625773370266,repeat indices align samples but methods were timed sequentially; use independent-resample intervals
15,funnel,2,bucketed,none,64,512,4,7,1.829764686524868,1.0367091670632362,repeat indices align samples but methods were timed sequentially; use independent-resample intervals
15,funnel,2,bucketed,none,64,512,4,8,1.691203124821186,1.106532245874405,repeat indices align samples but methods were timed sequentially; use independent-resample intervals
15,funnel,2,bucketed,none,64,512,4,9,1.8370716720819473,1.06655403226614,repeat indices align samples but methods were timed sequentially; use independent-resample intervals
15,funnel,2,bucketed,none,64,512,4,10,1.9205341562628746,1.1238208189606667,repeat indices align samples but methods were timed sequentially; use independent-resample intervals
15,funnel,2,bucketed,none,64,512,4,11,1.793851874768734,1.0844017937779427,repeat indices align samples but methods were timed sequentially; use independent-resample intervals
15,funnel,2,bucketed,none,64,512,4,12,1.7261545732617378,1.089834101498127,repeat indices align samples but methods were timed sequentially; use independent-resample intervals
15,funnel,2,bucketed,none,64,512,4,13,1.8233961686491966,1.0182467326521873,repeat indices align samples but methods were timed sequentially; use independent-resample intervals
15,funnel,2,bucketed,none,64,512,4,14,2.433031976222992,1.1876633241772652,repeat indices align samples but methods were timed sequentially; use independent-resample intervals
15,funnel,2,bucketed,none,64,512,4,15,1.8414750322699547,1.129708081483841,repeat indices align samples but methods were timed sequentially; use independent-resample intervals
15,funnel,2,bucketed,none,64,512,4,16,1.770994134247303,1.0338868126273155,repeat indices align samples but methods were timed sequentially; use independent-resample intervals
15,funnel,2,bucketed,none,64,512,4,17,1.8119607865810394,1.10078564286232,repeat indices align samples but methods were timed sequentially; use independent-resample intervals
15,funnel,2,bucketed,none,64,512,4,18,1.607668124139309,1.1055641397833824,repeat indices align samples but methods were timed sequentially; use independent-resample intervals
15,funnel,2,bucketed,none,64,512,4,19,1.742805354297161,1.1249340772628784,repeat indices align samples but methods were timed sequentially; use independent-resample intervals
15,funnel,2,bucketed,none,64,512,4,20,1.8836000338196754,1.132531799376011,repeat indices align samples but methods were timed sequentially; use independent-resample intervals
15,funnel,2,bucketed,none,64,512,4,21,1.707617163658142,1.1424236968159676,repeat indices align samples but methods were timed sequentially; use independent-resample intervals
15,funnel,2,bucketed,none,64,512,4,22,1.9285596832633018,1.1205184236168861,repeat indices align samples but methods were timed sequentially; use independent-resample intervals
15,funnel,2,bucketed,none,64,512,4,23,2.353682689368725,1.1421534940600395,repeat indices align samples but methods were timed sequentially; use independent-resample intervals
15,funnel,2,bucketed,none,64,512,4,24,2.2452956959605217,1.135417826473713,repeat indices align samples but methods were timed sequentially; use independent-resample intervals
15,funnel,2,bucketed,none,64,512,4,25,2.0227926149964333,1.2122690081596375,repeat indices align samples but methods were timed sequentially; use independent-resample intervals
15,funnel,2,bucketed,none,64,512,4,26,1.9389197081327438,1.1199720576405525,repeat indices align samples but methods were timed sequentially; use independent-resample intervals
15,funnel,2,bucketed,none,64,512,4,27,1.7846996933221817,1.132400006055832,repeat indices align samples but methods were timed sequentially; use independent-resample intervals
15,funnel,2,bucketed,none,64,512,4,28,1.587459109723568,1.165624126791954,repeat indices align samples but methods were timed sequentially; use independent-resample intervals
15,funnel,2,bucketed,none,64,512,4,29,1.9484055563807487,1.0458469316363335,repeat indices align samples but methods were timed sequentially; use independent-resample intervals
16,funnel,2,bucketed,none,128,512,4,0,1.822402648627758,1.1958132684230804,repeat indices align samples but methods were timed sequentially; use independent-resample intervals
16,funnel,2,bucketed,none,128,512,4,1,1.7407873570919037,1.1214513778686523,repeat indices align samples but methods were timed sequentially; use independent-resample intervals
16,funnel,2,bucketed,none,128,512,4,2,1.6851967349648476,1.2366747483611107,repeat indices align samples but methods were timed sequentially; use independent-resample intervals
16,funnel,2,bucketed,none,128,512,4,3,1.7544590905308723,1.1748826056718826,repeat indices align samples but methods were timed sequentially; use independent-resample intervals
16,funnel,2,bucketed,none,128,512,4,4,1.8639673069119453,1.1148463487625122,repeat indices align samples but methods were timed sequentially; use independent-resample intervals
16,funnel,2,bucketed,none,128,512,4,5,1.7533291429281235,1.168317161500454,repeat indices align samples but methods were timed sequentially; use independent-resample intervals
16,funnel,2,bucketed,none,128,512,4,6,1.8231267854571342,1.040625773370266,repeat indices align samples but methods were timed sequentially; use independent-resample intervals
16,funnel,2,bucketed,none,128,512,4,7,1.7908692881464958,1.0367091670632362,repeat indices align samples but methods were timed sequentially; use independent-resample intervals
16,funnel,2,bucketed,none,128,512,4,8,1.783645160496235,1.106532245874405,repeat indices align samples but methods were timed sequentially; use independent-resample intervals
16,funnel,2,bucketed,none,128,512,4,9,1.7357583940029144,1.06655403226614,repeat indices align samples but methods were timed sequentially; use independent-resample intervals
16,funnel,2,bucketed,none,128,512,4,10,1.7032745108008385,1.1238208189606667,repeat indices align samples but methods were timed sequentially; use independent-resample intervals
16,funnel,2,bucketed,none,128,512,4,11,1.6036405637860298,1.0844017937779427,repeat indices align samples but methods were timed sequentially; use independent-resample intervals
16,funnel,2,bucketed,none,128,512,4,12,1.6866493597626686,1.089834101498127,repeat indices align samples but methods were timed sequentially; use independent-resample intervals
16,funnel,2,bucketed,none,128,512,4,13,1.6380291655659676,1.0182467326521873,repeat indices align samples but methods were timed sequentially; use independent-resample intervals
16,funnel,2,bucketed,none,128,512,4,14,1.7888128831982613,1.1876633241772652,repeat indices align samples but methods were timed sequentially; use independent-resample intervals
16,funnel,2,bucketed,none,128,512,4,15,1.8983684331178665,1.129708081483841,repeat indices align samples but methods were timed sequentially; use independent-resample intervals
16,funnel,2,bucketed,none,128,512,4,16,1.67022293061018,1.0338868126273155,repeat indices align samples but methods were timed sequentially; use independent-resample intervals
16,funnel,2,bucketed,none,128,512,4,17,1.9753996059298515,1.10078564286232,repeat indices align samples but methods were timed sequentially; use independent-resample intervals
16,funnel,2,bucketed,none,128,512,4,18,1.7264164164662361,1.1055641397833824,repeat indices align samples but methods were timed sequentially; use independent-resample intervals
16,funnel,2,bucketed,none,128,512,4,19,1.5654925927519798,1.1249340772628784,repeat indices align samples but methods were timed sequentially; use independent-resample intervals
16,funnel,2,bucketed,none,128,512,4,20,1.6290093958377838,1.132531799376011,repeat indices align samples but methods were timed sequentially; use independent-resample intervals
16,funnel,2,bucketed,none,128,512,4,21,1.6873563826084137,1.1424236968159676,repeat indices align samples but methods were timed sequentially; use independent-resample intervals
16,funnel,2,bucketed,none,128,512,4,22,1.703877940773964,1.1205184236168861,repeat indices align samples but methods were timed sequentially; use independent-resample intervals
16,funnel,2,bucketed,none,128,512,4,23,1.9412604048848152,1.1421534940600395,repeat indices align samples but methods were timed sequentially; use independent-resample intervals
16,funnel,2,bucketed,none,128,512,4,24,1.4902911260724068,1.135417826473713,repeat indices align samples but methods were timed sequentially; use independent-resample intervals
16,funnel,2,bucketed,none,128,512,4,25,1.5451960563659668,1.2122690081596375,repeat indices align samples but methods were timed sequentially; use independent-resample intervals
16,funnel,2,bucketed,none,128,512,4,26,1.641240194439888,1.1199720576405525,repeat indices align samples but methods were timed sequentially; use independent-resample intervals
16,funnel,2,bucketed,none,128,512,4,27,1.5570257306098938,1.132400006055832,repeat indices align samples but methods were timed sequentially; use independent-resample intervals
16,funnel,2,bucketed,none,128,512,4,28,1.4844732731580734,1.165624126791954,repeat indices align samples but methods were timed sequentially; use independent-resample intervals
16,funnel,2,bucketed,none,128,512,4,29,1.5471522584557533,1.0458469316363335,repeat indices align samples but methods were timed sequentially; use independent-resample intervals
17,funnel,2,bucketed,history,64,512,4,0,1.3193076252937317,1.1958132684230804,repeat indices align samples but methods were timed sequentially; use independent-resample intervals
17,funnel,2,bucketed,history,64,512,4,1,1.099676176905632,1.1214513778686523,repeat indices align samples but methods were timed sequentially; use independent-resample intervals
17,funnel,2,bucketed,history,64,512,4,2,1.1017171740531921,1.2366747483611107,repeat indices align samples but methods were timed sequentially; use independent-resample intervals
17,funnel,2,bucketed,history,64,512,4,3,1.2384008467197418,1.1748826056718826,repeat indices align samples but methods were timed sequentially; use independent-resample intervals
17,funnel,2,bucketed,history,64,512,4,4,1.186637982726097,1.1148463487625122,repeat indices align samples but methods were timed sequentially; use independent-resample intervals
17,funnel,2,bucketed,history,64,512,4,5,1.1290932893753052,1.168317161500454,repeat indices align samples but methods were timed sequentially; use independent-resample intervals
17,funnel,2,bucketed,history,64,512,4,6,1.0708929523825645,1.040625773370266,repeat indices align samples but methods were timed sequentially; use independent-resample intervals
17,funnel,2,bucketed,history,64,512,4,7,1.0628259778022766,1.0367091670632362,repeat indices align samples but methods were timed sequentially; use independent-resample intervals
17,funnel,2,bucketed,history,64,512,4,8,1.048531524837017,1.106532245874405,repeat indices align samples but methods were timed sequentially; use independent-resample intervals
17,funnel,2,bucketed,history,64,512,4,9,1.0290280655026436,1.06655403226614,repeat indices align samples but methods were timed sequentially; use independent-resample intervals
17,funnel,2,bucketed,history,64,512,4,10,1.0515816733241081,1.1238208189606667,repeat indices align samples but methods were timed sequentially; use independent-resample intervals
17,funnel,2,bucketed,history,64,512,4,11,1.112853817641735,1.0844017937779427,repeat indices align samples but methods were timed sequentially; use independent-resample intervals
17,funnel,2,bucketed,history,64,512,4,12,1.1195458099246025,1.089834101498127,repeat indices align samples but methods were timed sequentially; use independent-resample intervals
17,funnel,2,bucketed,history,64,512,4,13,1.1307629272341728,1.0182467326521873,repeat indices align samples but methods were timed sequentially; use independent-resample intervals
17,funnel,2,bucketed,history,64,512,4,14,1.2803010642528534,1.1876633241772652,repeat indices align samples but methods were timed sequentially; use independent-resample intervals
17,funnel,2,bucketed,history,64,512,4,15,1.205049805343151,1.129708081483841,repeat indices align samples but methods were timed sequentially; use independent-resample intervals
17,funnel,2,bucketed,history,64,512,4,16,1.058097131550312,1.0338868126273155,repeat indices align samples but methods were timed sequentially; use independent-resample intervals
17,funnel,2,bucketed,history,64,512,4,17,1.3177279978990555,1.10078564286232,repeat indices align samples but methods were timed sequentially; use independent-resample intervals
17,funnel,2,bucketed,history,64,512,4,18,1.1655537486076355,1.1055641397833824,repeat indices align samples but methods were timed sequentially; use independent-resample intervals
17,funnel,2,bucketed,history,64,512,4,19,1.1839388832449913,1.1249340772628784,repeat indices align samples but methods were timed sequentially; use independent-resample intervals
17,funnel,2,bucketed,history,64,512,4,20,1.1214399263262749,1.132531799376011,repeat indices align samples but methods were timed sequentially; use independent-resample intervals
17,funnel,2,bucketed,history,64,512,4,21,1.0998753979802132,1.1424236968159676,repeat indices align samples but methods were timed sequentially; use independent-resample intervals
17,funnel,2,bucketed,history,64,512,4,22,1.2149709984660149,1.1205184236168861,repeat indices align samples but methods were timed sequentially; use independent-resample intervals
17,funnel,2,bucketed,history,64,512,4,23,1.2662810906767845,1.1421534940600395,repeat indices align samples but methods were timed sequentially; use independent-resample intervals
17,funnel,2,bucketed,history,64,512,4,24,1.3122744411230087,1.135417826473713,repeat indices align samples but methods were timed sequentially; use independent-resample intervals
17,funnel,2,bucketed,history,64,512,4,25,1.2153489887714386,1.2122690081596375,repeat indices align samples but methods were timed sequentially; use independent-resample intervals
17,funnel,2,bucketed,history,64,512,4,26,1.3733407035470009,1.1199720576405525,repeat indices align samples but methods were timed sequentially; use independent-resample intervals
17,funnel,2,bucketed,history,64,512,4,27,1.2774703577160835,1.132400006055832,repeat indices align samples but methods were timed sequentially; use independent-resample intervals
17,funnel,2,bucketed,history,64,512,4,28,1.2007985562086105,1.165624126791954,repeat indices align samples but methods were timed sequentially; use independent-resample intervals
17,funnel,2,bucketed,history,64,512,4,29,1.2215205430984497,1.0458469316363335,repeat indices align samples but methods were timed sequentially; use independent-resample intervals
18,funnel,2,bucketed,history,128,512,4,0,1.20266193151474,1.1958132684230804,repeat indices align samples but methods were timed sequentially; use independent-resample intervals
18,funnel,2,bucketed,history,128,512,4,1,1.2259141132235527,1.1214513778686523,repeat indices align samples but methods were timed sequentially; use independent-resample intervals
18,funnel,2,bucketed,history,128,512,4,2,1.0908623486757278,1.2366747483611107,repeat indices align samples but methods were timed sequentially; use independent-resample intervals
18,funnel,2,bucketed,history,128,512,4,3,1.1883248910307884,1.1748826056718826,repeat indices align samples but methods were timed sequentially; use independent-resample intervals
18,funnel,2,bucketed,history,128,512,4,4,1.1862727850675583,1.1148463487625122,repeat indices align samples but methods were timed sequentially; use independent-resample intervals
18,funnel,2,bucketed,history,128,512,4,5,1.3712288066744804,1.168317161500454,repeat indices align samples but methods were timed sequentially; use independent-resample intervals
18,funnel,2,bucketed,history,128,512,4,6,1.1798884645104408,1.040625773370266,repeat indices align samples but methods were timed sequentially; use independent-resample intervals
18,funnel,2,bucketed,history,128,512,4,7,1.0871607884764671,1.0367091670632362,repeat indices align samples but methods were timed sequentially; use independent-resample intervals
18,funnel,2,bucketed,history,128,512,4,8,1.0788456797599792,1.106532245874405,repeat indices align samples but methods were timed sequentially; use independent-resample intervals
18,funnel,2,bucketed,history,128,512,4,9,1.1700532287359238,1.06655403226614,repeat indices align samples but methods were timed sequentially; use independent-resample intervals
18,funnel,2,bucketed,history,128,512,4,10,1.0499826073646545,1.1238208189606667,repeat indices align samples but methods were timed sequentially; use independent-resample intervals
18,funnel,2,bucketed,history,128,512,4,11,1.1941041871905327,1.0844017937779427,repeat indices align samples but methods were timed sequentially; use independent-resample intervals
18,funnel,2,bucketed,history,128,512,4,12,1.2201095595955849,1.089834101498127,repeat indices align samples but methods were timed sequentially; use independent-resample intervals
18,funnel,2,bucketed,history,128,512,4,13,1.1050559729337692,1.0182467326521873,repeat indices align samples but methods were timed sequentially; use independent-resample intervals
18,funnel,2,bucketed,history,128,512,4,14,1.0964052230119705,1.1876633241772652,repeat indices align samples but methods were timed sequentially; use independent-resample intervals
18,funnel,2,bucketed,history,128,512,4,15,1.0861836671829224,1.129708081483841,repeat indices align samples but methods were timed sequentially; use independent-resample intervals
18,funnel,2,bucketed,history,128,512,4,16,1.1777822151780128,1.0338868126273155,repeat indices align samples but methods were timed sequentially; use independent-resample intervals
18,funnel,2,bucketed,history,128,512,4,17,1.2012144476175308,1.10078564286232,repeat indices align samples but methods were timed sequentially; use independent-resample intervals
18,funnel,2,bucketed,history,128,512,4,18,1.1429173350334167,1.1055641397833824,repeat indices align samples but methods were timed sequentially; use independent-resample intervals
18,funnel,2,bucketed,history,128,512,4,19,1.074510045349598,1.1249340772628784,repeat indices align samples but methods were timed sequentially; use independent-resample intervals
18,funnel,2,bucketed,history,128,512,4,20,1.1715196818113327,1.132531799376011,repeat indices align samples but methods were timed sequentially; use independent-resample intervals
18,funnel,2,bucketed,history,128,512,4,21,1.1185244619846344,1.1424236968159676,repeat indices align samples but methods were timed sequentially; use independent-resample intervals
18,funnel,2,bucketed,history,128,512,4,22,1.2277403250336647,1.1205184236168861,repeat indices align samples but methods were timed sequentially; use independent-resample intervals
18,funnel,2,bucketed,history,128,512,4,23,1.2175369262695312,1.1421534940600395,repeat indices align samples but methods were timed sequentially; use independent-resample intervals
18,funnel,2,bucketed,history,128,512,4,24,1.0857540294528008,1.135417826473713,repeat indices align samples but methods were timed sequentially; use independent-resample intervals
18,funnel,2,bucketed,history,128,512,4,25,1.3347193598747253,1.2122690081596375,repeat indices align samples but methods were timed sequentially; use independent-resample intervals
18,funnel,2,bucketed,history,128,512,4,26,1.1180746331810951,1.1199720576405525,repeat indices align samples but methods were timed sequentially; use independent-resample intervals
18,funnel,2,bucketed,history,128,512,4,27,1.0787947699427605,1.132400006055832,repeat indices align samples but methods were timed sequentially; use independent-resample intervals
18,funnel,2,bucketed,history,128,512,4,28,1.0931616723537445,1.165624126791954,repeat indices align samples but methods were timed sequentially; use independent-resample intervals
18,funnel,2,bucketed,history,128,512,4,29,1.1262990832328796,1.0458469316363335,repeat indices align samples but methods were timed sequentially; use independent-resample intervals
19,funnel,2,bucketed,last_depth,64,512,4,0,1.1808370500802994,1.1958132684230804,repeat indices align samples but methods were timed sequentially; use independent-resample intervals
19,funnel,2,bucketed,last_depth,64,512,4,1,1.2077921107411385,1.1214513778686523,repeat indices align samples but methods were timed sequentially; use independent-resample intervals
19,funnel,2,bucketed,last_depth,64,512,4,2,1.3360366448760033,1.2366747483611107,repeat indices align samples but methods were timed sequentially; use independent-resample intervals
19,funnel,2,bucketed,last_depth,64,512,4,3,1.2589417546987534,1.1748826056718826,repeat indices align samples but methods were timed sequentially; use independent-resample intervals
19,funnel,2,bucketed,last_depth,64,512,4,4,1.3750059977173805,1.1148463487625122,repeat indices align samples but methods were timed sequentially; use independent-resample intervals
19,funnel,2,bucketed,last_depth,64,512,4,5,1.4380961507558823,1.168317161500454,repeat indices align samples but methods were timed sequentially; use independent-resample intervals
19,funnel,2,bucketed,last_depth,64,512,4,6,1.2975003272294998,1.040625773370266,repeat indices align samples but methods were timed sequentially; use independent-resample intervals
19,funnel,2,bucketed,last_depth,64,512,4,7,1.4538507238030434,1.0367091670632362,repeat indices align samples but methods were timed sequentially; use independent-resample intervals
19,funnel,2,bucketed,last_depth,64,512,4,8,1.462974727153778,1.106532245874405,repeat indices align samples but methods were timed sequentially; use independent-resample intervals
19,funnel,2,bucketed,last_depth,64,512,4,9,1.2575511634349823,1.06655403226614,repeat indices align samples but methods were timed sequentially; use independent-resample intervals
19,funnel,2,bucketed,last_depth,64,512,4,10,1.279188521206379,1.1238208189606667,repeat indices align samples but methods were timed sequentially; use independent-resample intervals
19,funnel,2,bucketed,last_depth,64,512,4,11,2.467090867459774,1.0844017937779427,repeat indices align samples but methods were timed sequentially; use independent-resample intervals
19,funnel,2,bucketed,last_depth,64,512,4,12,1.9475373327732086,1.089834101498127,repeat indices align samples but methods were timed sequentially; use independent-resample intervals
19,funnel,2,bucketed,last_depth,64,512,4,13,2.115695059299469,1.0182467326521873,repeat indices align samples but methods were timed sequentially; use independent-resample intervals
19,funnel,2,bucketed,last_depth,64,512,4,14,2.0197379291057587,1.1876633241772652,repeat indices align samples but methods were timed sequentially; use independent-resample intervals
19,funnel,2,bucketed,last_depth,64,512,4,15,2.0884478986263275,1.129708081483841,repeat indices align samples but methods were timed sequentially; use independent-resample intervals
19,funnel,2,bucketed,last_depth,64,512,4,16,1.950043924152851,1.0338868126273155,repeat indices align samples but methods were timed sequentially; use independent-resample intervals
19,funnel,2,bucketed,last_depth,64,512,4,17,1.4971454292535782,1.10078564286232,repeat indices align samples but methods were timed sequentially; use independent-resample intervals
19,funnel,2,bucketed,last_depth,64,512,4,18,1.6051875352859497,1.1055641397833824,repeat indices align samples but methods were timed sequentially; use independent-resample intervals
19,funnel,2,bucketed,last_depth,64,512,4,19,1.3738193288445473,1.1249340772628784,repeat indices align samples but methods were timed sequentially; use independent-resample intervals
19,funnel,2,bucketed,last_depth,64,512,4,20,1.3575910478830338,1.132531799376011,repeat indices align samples but methods were timed sequentially; use independent-resample intervals
19,funnel,2,bucketed,last_depth,64,512,4,21,1.3179043978452682,1.1424236968159676,repeat indices align samples but methods were timed sequentially; use independent-resample intervals
19,funnel,2,bucketed,last_depth,64,512,4,22,1.328034721314907,1.1205184236168861,repeat indices align samples but methods were timed sequentially; use independent-resample intervals
19,funnel,2,bucketed,last_depth,64,512,4,23,1.2028553038835526,1.1421534940600395,repeat indices align samples but methods were timed sequentially; use independent-resample intervals
19,funnel,2,bucketed,last_depth,64,512,4,24,1.105634644627571,1.135417826473713,repeat indices align samples but methods were timed sequentially; use independent-resample intervals
19,funnel,2,bucketed,last_depth,64,512,4,25,1.2514203563332558,1.2122690081596375,repeat indices align samples but methods were timed sequentially; use independent-resample intervals
19,funnel,2,bucketed,last_depth,64,512,4,26,1.2992200925946236,1.1199720576405525,repeat indices align samples but methods were timed sequentially; use independent-resample intervals
19,funnel,2,bucketed,last_depth,64,512,4,27,1.2327372506260872,1.132400006055832,repeat indices align samples but methods were timed sequentially; use independent-resample intervals
19,funnel,2,bucketed,last_depth,64,512,4,28,1.0573297888040543,1.165624126791954,repeat indices align samples but methods were timed sequentially; use independent-resample intervals
19,funnel,2,bucketed,last_depth,64,512,4,29,1.0124055296182632,1.0458469316363335,repeat indices align samples but methods were timed sequentially; use independent-resample intervals
20,funnel,2,bucketed,last_depth,128,512,4,0,1.1429033726453781,1.1958132684230804,repeat indices align samples but methods were timed sequentially; use independent-resample intervals
20,funnel,2,bucketed,last_depth,128,512,4,1,1.265221357345581,1.1214513778686523,repeat indices align samples but methods were timed sequentially; use independent-resample intervals
20,funnel,2,bucketed,last_depth,128,512,4,2,1.0757237076759338,1.2366747483611107,repeat indices align samples but methods were timed sequentially; use independent-resample intervals
20,funnel,2,bucketed,last_depth,128,512,4,3,1.0797045305371284,1.1748826056718826,repeat indices align samples but methods were timed sequentially; use independent-resample intervals
20,funnel,2,bucketed,last_depth,128,512,4,4,1.1116745099425316,1.1148463487625122,repeat indices align samples but methods were timed sequentially; use independent-resample intervals
20,funnel,2,bucketed,last_depth,128,512,4,5,1.177090510725975,1.168317161500454,repeat indices align samples but methods were timed sequentially; use independent-resample intervals
20,funnel,2,bucketed,last_depth,128,512,4,6,1.1960728988051414,1.040625773370266,repeat indices align samples but methods were timed sequentially; use independent-resample intervals
20,funnel,2,bucketed,last_depth,128,512,4,7,1.2486216500401497,1.0367091670632362,repeat indices align samples but methods were timed sequentially; use independent-resample intervals
20,funnel,2,bucketed,last_depth,128,512,4,8,1.1449445337057114,1.106532245874405,repeat indices align samples but methods were timed sequentially; use independent-resample intervals
20,funnel,2,bucketed,last_depth,128,512,4,9,1.1610285863280296,1.06655403226614,repeat indices align samples but methods were timed sequentially; use independent-resample intervals
20,funnel,2,bucketed,last_depth,128,512,4,10,1.1934287920594215,1.1238208189606667,repeat indices align samples but methods were timed sequentially; use independent-resample intervals
20,funnel,2,bucketed,last_depth,128,512,4,11,1.165772795677185,1.0844017937779427,repeat indices align samples but methods were timed sequentially; use independent-resample intervals
20,funnel,2,bucketed,last_depth,128,512,4,12,1.111996315419674,1.089834101498127,repeat indices align samples but methods were timed sequentially; use independent-resample intervals
20,funnel,2,bucketed,last_depth,128,512,4,13,1.125469021499157,1.0182467326521873,repeat indices align samples but methods were timed sequentially; use independent-resample intervals
20,funnel,2,bucketed,last_depth,128,512,4,14,1.2363354414701462,1.1876633241772652,repeat indices align samples but methods were timed sequentially; use independent-resample intervals
20,funnel,2,bucketed,last_depth,128,512,4,15,1.1474918350577354,1.129708081483841,repeat indices align samples but methods were timed sequentially; use independent-resample intervals
20,funnel,2,bucketed,last_depth,128,512,4,16,1.1541360318660736,1.0338868126273155,repeat indices align samples but methods were timed sequentially; use independent-resample intervals
20,funnel,2,bucketed,last_depth,128,512,4,17,1.1535250023007393,1.10078564286232,repeat indices align samples but methods were timed sequentially; use independent-resample intervals
20,funnel,2,bucketed,last_depth,128,512,4,18,1.1854088455438614,1.1055641397833824,repeat indices align samples but methods were timed sequentially; use independent-resample intervals
20,funnel,2,bucketed,last_depth,128,512,4,19,1.279431901872158,1.1249340772628784,repeat indices align samples but methods were timed sequentially; use independent-resample intervals
20,funnel,2,bucketed,last_depth,128,512,4,20,1.134280189871788,1.132531799376011,repeat indices align samples but methods were timed sequentially; use independent-resample intervals
20,funnel,2,bucketed,last_depth,128,512,4,21,1.204147458076477,1.1424236968159676,repeat indices align samples but methods were timed sequentially; use independent-resample intervals
20,funnel,2,bucketed,last_depth,128,512,4,22,1.2783847600221634,1.1205184236168861,repeat indices align samples but methods were timed sequentially; use independent-resample intervals
20,funnel,2,bucketed,last_depth,128,512,4,23,1.2565597668290138,1.1421534940600395,repeat indices align samples but methods were timed sequentially; use independent-resample intervals
20,funnel,2,bucketed,last_depth,128,512,4,24,1.3305202051997185,1.135417826473713,repeat indices align samples but methods were timed sequentially; use independent-resample intervals
20,funnel,2,bucketed,last_depth,128,512,4,25,1.3444258645176888,1.2122690081596375,repeat indices align samples but methods were timed sequentially; use independent-resample intervals
20,funnel,2,bucketed,last_depth,128,512,4,26,1.26153863966465,1.1199720576405525,repeat indices align samples but methods were timed sequentially; use independent-resample intervals
20,funnel,2,bucketed,last_depth,128,512,4,27,1.2231307476758957,1.132400006055832,repeat indices align samples but methods were timed sequentially; use independent-resample intervals
20,funnel,2,bucketed,last_depth,128,512,4,28,1.216648317873478,1.165624126791954,repeat indices align samples but methods were timed sequentially; use independent-resample intervals
20,funnel,2,bucketed,last_depth,128,512,4,29,1.235354244709015,1.0458469316363335,repeat indices align samples but methods were timed sequentially; use independent-resample intervals
21,funnel,3,monolithic,monolithic,0,512,4,0,1.2688953951001167,1.2688953951001167,repeat indices align samples but methods were timed sequentially; use independent-resample intervals
21,funnel,3,monolithic,monolithic,0,512,4,1,1.3154919296503067,1.3154919296503067,repeat indices align samples but methods were timed sequentially; use independent-resample intervals
21,funnel,3,monolithic,monolithic,0,512,4,2,1.2271568924188614,1.2271568924188614,repeat indices align samples but methods were timed sequentially; use independent-resample intervals
21,funnel,3,monolithic,monolithic,0,512,4,3,1.178378313779831,1.178378313779831,repeat indices align samples but methods were timed sequentially; use independent-resample intervals
21,funnel,3,monolithic,monolithic,0,512,4,4,1.4794474393129349,1.4794474393129349,repeat indices align samples but methods were timed sequentially; use independent-resample intervals
21,funnel,3,monolithic,monolithic,0,512,4,5,1.899593099951744,1.899593099951744,repeat indices align samples but methods were timed sequentially; use independent-resample intervals
21,funnel,3,monolithic,monolithic,0,512,4,6,1.6706924512982368,1.6706924512982368,repeat indices align samples but methods were timed sequentially; use independent-resample intervals
21,funnel,3,monolithic,monolithic,0,512,4,7,1.2917618826031685,1.2917618826031685,repeat indices align samples but methods were timed sequentially; use independent-resample intervals
21,funnel,3,monolithic,monolithic,0,512,4,8,1.2845242023468018,1.2845242023468018,repeat indices align samples but methods were timed sequentially; use independent-resample intervals
21,funnel,3,monolithic,monolithic,0,512,4,9,1.278456799685955,1.278456799685955,repeat indices align samples but methods were timed sequentially; use independent-resample intervals
21,funnel,3,monolithic,monolithic,0,512,4,10,1.1744948402047157,1.1744948402047157,repeat indices align samples but methods were timed sequentially; use independent-resample intervals
21,funnel,3,monolithic,monolithic,0,512,4,11,1.2466959357261658,1.2466959357261658,repeat indices align samples but methods were timed sequentially; use independent-resample intervals
21,funnel,3,monolithic,monolithic,0,512,4,12,1.2311429306864738,1.2311429306864738,repeat indices align samples but methods were timed sequentially; use independent-resample intervals
21,funnel,3,monolithic,monolithic,0,512,4,13,1.2229152023792267,1.2229152023792267,repeat indices align samples but methods were timed sequentially; use independent-resample intervals
21,funnel,3,monolithic,monolithic,0,512,4,14,1.1410844698548317,1.1410844698548317,repeat indices align samples but methods were timed sequentially; use independent-resample intervals
21,funnel,3,monolithic,monolithic,0,512,4,15,1.3248491138219833,1.3248491138219833,repeat indices align samples but methods were timed sequentially; use independent-resample intervals
21,funnel,3,monolithic,monolithic,0,512,4,16,1.25507290661335,1.25507290661335,repeat indices align samples but methods were timed sequentially; use independent-resample intervals
21,funnel,3,monolithic,monolithic,0,512,4,17,1.1919177770614624,1.1919177770614624,repeat indices align samples but methods were timed sequentially; use independent-resample intervals
21,funnel,3,monolithic,monolithic,0,512,4,18,1.2619262412190437,1.2619262412190437,repeat indices align samples but methods were timed sequentially; use independent-resample intervals
21,funnel,3,monolithic,monolithic,0,512,4,19,1.2144624516367912,1.2144624516367912,repeat indices align samples but methods were timed sequentially; use independent-resample intervals
21,funnel,3,monolithic,monolithic,0,512,4,20,1.2468719482421875,1.2468719482421875,repeat indices align samples but methods were timed sequentially; use independent-resample intervals
21,funnel,3,monolithic,monolithic,0,512,4,21,1.2152962684631348,1.2152962684631348,repeat indices align samples but methods were timed sequentially; use independent-resample intervals
21,funnel,3,monolithic,monolithic,0,512,4,22,1.253332369029522,1.253332369029522,repeat indices align samples but methods were timed sequentially; use independent-resample intervals
21,funnel,3,monolithic,monolithic,0,512,4,23,1.2927169129252434,1.2927169129252434,repeat indices align samples but methods were timed sequentially; use independent-resample intervals
21,funnel,3,monolithic,monolithic,0,512,4,24,1.234184056520462,1.234184056520462,repeat indices align samples but methods were timed sequentially; use independent-resample intervals
21,funnel,3,monolithic,monolithic,0,512,4,25,1.4496880248188972,1.4496880248188972,repeat indices align samples but methods were timed sequentially; use independent-resample intervals
21,funnel,3,monolithic,monolithic,0,512,4,26,1.2873764634132385,1.2873764634132385,repeat indices align samples but methods were timed sequentially; use independent-resample intervals
21,funnel,3,monolithic,monolithic,0,512,4,27,1.4695233330130577,1.4695233330130577,repeat indices align samples but methods were timed sequentially; use independent-resample intervals
21,funnel,3,monolithic,monolithic,0,512,4,28,1.2417013719677925,1.2417013719677925,repeat indices align samples but methods were timed sequentially; use independent-resample intervals
21,funnel,3,monolithic,monolithic,0,512,4,29,1.2445532754063606,1.2445532754063606,repeat indices align samples but methods were timed sequentially; use independent-resample intervals
22,funnel,3,bucketed,none,64,512,4,0,2.0025869086384773,1.2688953951001167,repeat indices align samples but methods were timed sequentially; use independent-resample intervals
22,funnel,3,bucketed,none,64,512,4,1,2.013726584613323,1.3154919296503067,repeat indices align samples but methods were timed sequentially; use independent-resample intervals
22,funnel,3,bucketed,none,64,512,4,2,1.9897630885243416,1.2271568924188614,repeat indices align samples but methods were timed sequentially; use independent-resample intervals
22,funnel,3,bucketed,none,64,512,4,3,1.9190193861722946,1.178378313779831,repeat indices align samples but methods were timed sequentially; use independent-resample intervals
22,funnel,3,bucketed,none,64,512,4,4,2.1172538846731186,1.4794474393129349,repeat indices align samples but methods were timed sequentially; use independent-resample intervals
22,funnel,3,bucketed,none,64,512,4,5,2.1835813745856285,1.899593099951744,repeat indices align samples but methods were timed sequentially; use independent-resample intervals
22,funnel,3,bucketed,none,64,512,4,6,1.8902460783720016,1.6706924512982368,repeat indices align samples but methods were timed sequentially; use independent-resample intervals
22,funnel,3,bucketed,none,64,512,4,7,2.1913215070962906,1.2917618826031685,repeat indices align samples but methods were timed sequentially; use independent-resample intervals
22,funnel,3,bucketed,none,64,512,4,8,2.079668805003166,1.2845242023468018,repeat indices align samples but methods were timed sequentially; use independent-resample intervals
22,funnel,3,bucketed,none,64,512,4,9,1.8744989857077599,1.278456799685955,repeat indices align samples but methods were timed sequentially; use independent-resample intervals
22,funnel,3,bucketed,none,64,512,4,10,1.595841534435749,1.1744948402047157,repeat indices align samples but methods were timed sequentially; use independent-resample intervals
22,funnel,3,bucketed,none,64,512,4,11,1.660101741552353,1.2466959357261658,repeat indices align samples but methods were timed sequentially; use independent-resample intervals
22,funnel,3,bucketed,none,64,512,4,12,1.4486789256334305,1.2311429306864738,repeat indices align samples but methods were timed sequentially; use independent-resample intervals
22,funnel,3,bucketed,none,64,512,4,13,1.5630908906459808,1.2229152023792267,repeat indices align samples but methods were timed sequentially; use independent-resample intervals
22,funnel,3,bucketed,none,64,512,4,14,1.9326513186097145,1.1410844698548317,repeat indices align samples but methods were timed sequentially; use independent-resample intervals
22,funnel,3,bucketed,none,64,512,4,15,1.8933613747358322,1.3248491138219833,repeat indices align samples but methods were timed sequentially; use independent-resample intervals
22,funnel,3,bucketed,none,64,512,4,16,1.8926085978746414,1.25507290661335,repeat indices align samples but methods were timed sequentially; use independent-resample intervals
22,funnel,3,bucketed,none,64,512,4,17,1.90640889108181,1.1919177770614624,repeat indices align samples but methods were timed sequentially; use independent-resample intervals
22,funnel,3,bucketed,none,64,512,4,18,1.7336067482829094,1.2619262412190437,repeat indices align samples but methods were timed sequentially; use independent-resample intervals
22,funnel,3,bucketed,none,64,512,4,19,2.010647214949131,1.2144624516367912,repeat indices align samples but methods were timed sequentially; use independent-resample intervals
22,funnel,3,bucketed,none,64,512,4,20,1.872612401843071,1.2468719482421875,repeat indices align samples but methods were timed sequentially; use independent-resample intervals
22,funnel,3,bucketed,none,64,512,4,21,2.0445282831788063,1.2152962684631348,repeat indices align samples but methods were timed sequentially; use independent-resample intervals
22,funnel,3,bucketed,none,64,512,4,22,2.0825138837099075,1.253332369029522,repeat indices align samples but methods were timed sequentially; use independent-resample intervals
22,funnel,3,bucketed,none,64,512,4,23,1.750873252749443,1.2927169129252434,repeat indices align samples but methods were timed sequentially; use independent-resample intervals
22,funnel,3,bucketed,none,64,512,4,24,1.9343450590968132,1.234184056520462,repeat indices align samples but methods were timed sequentially; use independent-resample intervals
22,funnel,3,bucketed,none,64,512,4,25,1.9914567321538925,1.4496880248188972,repeat indices align samples but methods were timed sequentially; use independent-resample intervals
22,funnel,3,bucketed,none,64,512,4,26,2.069940932095051,1.2873764634132385,repeat indices align samples but methods were timed sequentially; use independent-resample intervals
22,funnel,3,bucketed,none,64,512,4,27,1.991482526063919,1.4695233330130577,repeat indices align samples but methods were timed sequentially; use independent-resample intervals
22,funnel,3,bucketed,none,64,512,4,28,1.8371226489543915,1.2417013719677925,repeat indices align samples but methods were timed sequentially; use independent-resample intervals
22,funnel,3,bucketed,none,64,512,4,29,2.0742271170020103,1.2445532754063606,repeat indices align samples but methods were timed sequentially; use independent-resample intervals
23,funnel,3,bucketed,none,128,512,4,0,1.9298598617315292,1.2688953951001167,repeat indices align samples but methods were timed sequentially; use independent-resample intervals
23,funnel,3,bucketed,none,128,512,4,1,2.0764158219099045,1.3154919296503067,repeat indices align samples but methods were timed sequentially; use independent-resample intervals
23,funnel,3,bucketed,none,128,512,4,2,1.8630365282297134,1.2271568924188614,repeat indices align samples but methods were timed sequentially; use independent-resample intervals
23,funnel,3,bucketed,none,128,512,4,3,1.8500761538743973,1.178378313779831,repeat indices align samples but methods were timed sequentially; use independent-resample intervals
23,funnel,3,bucketed,none,128,512,4,4,1.8697580844163895,1.4794474393129349,repeat indices align samples but methods were timed sequentially; use independent-resample intervals
23,funnel,3,bucketed,none,128,512,4,5,1.8276787996292114,1.899593099951744,repeat indices align samples but methods were timed sequentially; use independent-resample intervals
23,funnel,3,bucketed,none,128,512,4,6,1.8681253716349602,1.6706924512982368,repeat indices align samples but methods were timed sequentially; use independent-resample intervals
23,funnel,3,bucketed,none,128,512,4,7,1.825483538210392,1.2917618826031685,repeat indices align samples but methods were timed sequentially; use independent-resample intervals
23,funnel,3,bucketed,none,128,512,4,8,1.8641285374760628,1.2845242023468018,repeat indices align samples but methods were timed sequentially; use independent-resample intervals
23,funnel,3,bucketed,none,128,512,4,9,1.964331641793251,1.278456799685955,repeat indices align samples but methods were timed sequentially; use independent-resample intervals
23,funnel,3,bucketed,none,128,512,4,10,1.9910796508193016,1.1744948402047157,repeat indices align samples but methods were timed sequentially; use independent-resample intervals
23,funnel,3,bucketed,none,128,512,4,11,2.0002896189689636,1.2466959357261658,repeat indices align samples but methods were timed sequentially; use independent-resample intervals
23,funnel,3,bucketed,none,128,512,4,12,1.9678859263658524,1.2311429306864738,repeat indices align samples but methods were timed sequentially; use independent-resample intervals
23,funnel,3,bucketed,none,128,512,4,13,1.949534259736538,1.2229152023792267,repeat indices align samples but methods were timed sequentially; use independent-resample intervals
23,funnel,3,bucketed,none,128,512,4,14,1.8390686362981796,1.1410844698548317,repeat indices align samples but methods were timed sequentially; use independent-resample intervals
23,funnel,3,bucketed,none,128,512,4,15,1.966635800898075,1.3248491138219833,repeat indices align samples but methods were timed sequentially; use independent-resample intervals
23,funnel,3,bucketed,none,128,512,4,16,1.9354521557688713,1.25507290661335,repeat indices align samples but methods were timed sequentially; use independent-resample intervals
23,funnel,3,bucketed,none,128,512,4,17,1.946697473526001,1.1919177770614624,repeat indices align samples but methods were timed sequentially; use independent-resample intervals
23,funnel,3,bucketed,none,128,512,4,18,1.8992640972137451,1.2619262412190437,repeat indices align samples but methods were timed sequentially; use independent-resample intervals
23,funnel,3,bucketed,none,128,512,4,19,1.8569199666380882,1.2144624516367912,repeat indices align samples but methods were timed sequentially; use independent-resample intervals
23,funnel,3,bucketed,none,128,512,4,20,1.754275418817997,1.2468719482421875,repeat indices align samples but methods were timed sequentially; use independent-resample intervals
23,funnel,3,bucketed,none,128,512,4,21,1.7694227695465088,1.2152962684631348,repeat indices align samples but methods were timed sequentially; use independent-resample intervals
23,funnel,3,bucketed,none,128,512,4,22,1.7476926743984222,1.253332369029522,repeat indices align samples but methods were timed sequentially; use independent-resample intervals
23,funnel,3,bucketed,none,128,512,4,23,1.776145152747631,1.2927169129252434,repeat indices align samples but methods were timed sequentially; use independent-resample intervals
23,funnel,3,bucketed,none,128,512,4,24,1.8344013020396233,1.234184056520462,repeat indices align samples but methods were timed sequentially; use independent-resample intervals
23,funnel,3,bucketed,none,128,512,4,25,1.8504192680120468,1.4496880248188972,repeat indices align samples but methods were timed sequentially; use independent-resample intervals
23,funnel,3,bucketed,none,128,512,4,26,1.774556539952755,1.2873764634132385,repeat indices align samples but methods were timed sequentially; use independent-resample intervals
23,funnel,3,bucketed,none,128,512,4,27,1.7050751075148582,1.4695233330130577,repeat indices align samples but methods were timed sequentially; use independent-resample intervals
23,funnel,3,bucketed,none,128,512,4,28,1.7428893372416496,1.2417013719677925,repeat indices align samples but methods were timed sequentially; use independent-resample intervals
23,funnel,3,bucketed,none,128,512,4,29,2.052655979990959,1.2445532754063606,repeat indices align samples but methods were timed sequentially; use independent-resample intervals
24,funnel,3,bucketed,history,64,512,4,0,1.1630807891488075,1.2688953951001167,repeat indices align samples but methods were timed sequentially; use independent-resample intervals
24,funnel,3,bucketed,history,64,512,4,1,1.1005862802267075,1.3154919296503067,repeat indices align samples but methods were timed sequentially; use independent-resample intervals
24,funnel,3,bucketed,history,64,512,4,2,1.05110751837492,1.2271568924188614,repeat indices align samples but methods were timed sequentially; use independent-resample intervals
24,funnel,3,bucketed,history,64,512,4,3,0.9258685484528542,1.178378313779831,repeat indices align samples but methods were timed sequentially; use independent-resample intervals
24,funnel,3,bucketed,history,64,512,4,4,1.0604400262236595,1.4794474393129349,repeat indices align samples but methods were timed sequentially; use independent-resample intervals
24,funnel,3,bucketed,history,64,512,4,5,0.9715041592717171,1.899593099951744,repeat indices align samples but methods were timed sequentially; use independent-resample intervals
24,funnel,3,bucketed,history,64,512,4,6,0.9792342036962509,1.6706924512982368,repeat indices align samples but methods were timed sequentially; use independent-resample intervals
24,funnel,3,bucketed,history,64,512,4,7,0.9372696131467819,1.2917618826031685,repeat indices align samples but methods were timed sequentially; use independent-resample intervals
24,funnel,3,bucketed,history,64,512,4,8,0.8935704827308655,1.2845242023468018,repeat indices align samples but methods were timed sequentially; use independent-resample intervals
24,funnel,3,bucketed,history,64,512,4,9,1.0260942354798317,1.278456799685955,repeat indices align samples but methods were timed sequentially; use independent-resample intervals
24,funnel,3,bucketed,history,64,512,4,10,0.9940359145402908,1.1744948402047157,repeat indices align samples but methods were timed sequentially; use independent-resample intervals
24,funnel,3,bucketed,history,64,512,4,11,1.1493398621678352,1.2466959357261658,repeat indices align samples but methods were timed sequentially; use independent-resample intervals
24,funnel,3,bucketed,history,64,512,4,12,1.1033135876059532,1.2311429306864738,repeat indices align samples but methods were timed sequentially; use independent-resample intervals
24,funnel,3,bucketed,history,64,512,4,13,1.1255505606532097,1.2229152023792267,repeat indices align samples but methods were timed sequentially; use independent-resample intervals
24,funnel,3,bucketed,history,64,512,4,14,1.0349045023322105,1.1410844698548317,repeat indices align samples but methods were timed sequentially; use independent-resample intervals
24,funnel,3,bucketed,history,64,512,4,15,1.1795412823557854,1.3248491138219833,repeat indices align samples but methods were timed sequentially; use independent-resample intervals
24,funnel,3,bucketed,history,64,512,4,16,1.0820672139525414,1.25507290661335,repeat indices align samples but methods were timed sequentially; use independent-resample intervals
24,funnel,3,bucketed,history,64,512,4,17,1.1488696560263634,1.1919177770614624,repeat indices align samples but methods were timed sequentially; use independent-resample intervals
24,funnel,3,bucketed,history,64,512,4,18,1.1008469685912132,1.2619262412190437,repeat indices align samples but methods were timed sequentially; use independent-resample intervals
24,funnel,3,bucketed,history,64,512,4,19,1.130177266895771,1.2144624516367912,repeat indices align samples but methods were timed sequentially; use independent-resample intervals
24,funnel,3,bucketed,history,64,512,4,20,1.3026039078831673,1.2468719482421875,repeat indices align samples but methods were timed sequentially; use independent-resample intervals
24,funnel,3,bucketed,history,64,512,4,21,1.1949615627527237,1.2152962684631348,repeat indices align samples but methods were timed sequentially; use independent-resample intervals
24,funnel,3,bucketed,history,64,512,4,22,1.074334442615509,1.253332369029522,repeat indices align samples but methods were timed sequentially; use independent-resample intervals
24,funnel,3,bucketed,history,64,512,4,23,1.1961072012782097,1.2927169129252434,repeat indices align samples but methods were timed sequentially; use independent-resample intervals
24,funnel,3,bucketed,history,64,512,4,24,1.227918341755867,1.234184056520462,repeat indices align samples but methods were timed sequentially; use independent-resample intervals
24,funnel,3,bucketed,history,64,512,4,25,1.0382976531982422,1.4496880248188972,repeat indices align samples but methods were timed sequentially; use independent-resample intervals
24,funnel,3,bucketed,history,64,512,4,26,1.0731288269162178,1.2873764634132385,repeat indices align samples but methods were timed sequentially; use independent-resample intervals
24,funnel,3,bucketed,history,64,512,4,27,0.932220533490181,1.4695233330130577,repeat indices align samples but methods were timed sequentially; use independent-resample intervals
24,funnel,3,bucketed,history,64,512,4,28,1.1817820593714714,1.2417013719677925,repeat indices align samples but methods were timed sequentially; use independent-resample intervals
24,funnel,3,bucketed,history,64,512,4,29,1.0946160852909088,1.2445532754063606,repeat indices align samples but methods were timed sequentially; use independent-resample intervals
25,funnel,3,bucketed,history,128,512,4,0,1.2217045649886131,1.2688953951001167,repeat indices align samples but methods were timed sequentially; use independent-resample intervals
25,funnel,3,bucketed,history,128,512,4,1,1.2198854088783264,1.3154919296503067,repeat indices align samples but methods were timed sequentially; use independent-resample intervals
25,funnel,3,bucketed,history,128,512,4,2,1.1922685205936432,1.2271568924188614,repeat indices align samples but methods were timed sequentially; use independent-resample intervals
25,funnel,3,bucketed,history,128,512,4,3,1.1724446713924408,1.178378313779831,repeat indices align samples but methods were timed sequentially; use independent-resample intervals
25,funnel,3,bucketed,history,128,512,4,4,1.2063440158963203,1.4794474393129349,repeat indices align samples but methods were timed sequentially; use independent-resample intervals
25,funnel,3,bucketed,history,128,512,4,5,1.2182602137327194,1.899593099951744,repeat indices align samples but methods were timed sequentially; use independent-resample intervals
25,funnel,3,bucketed,history,128,512,4,6,1.1961941793560982,1.6706924512982368,repeat indices align samples but methods were timed sequentially; use independent-resample intervals
25,funnel,3,bucketed,history,128,512,4,7,1.1932099163532257,1.2917618826031685,repeat indices align samples but methods were timed sequentially; use independent-resample intervals
25,funnel,3,bucketed,history,128,512,4,8,1.3803987875580788,1.2845242023468018,repeat indices align samples but methods were timed sequentially; use independent-resample intervals
25,funnel,3,bucketed,history,128,512,4,9,1.1528262048959732,1.278456799685955,repeat indices align samples but methods were timed sequentially; use independent-resample intervals
25,funnel,3,bucketed,history,128,512,4,10,1.1550263538956642,1.1744948402047157,repeat indices align samples but methods were timed sequentially; use independent-resample intervals
25,funnel,3,bucketed,history,128,512,4,11,1.2004152536392212,1.2466959357261658,repeat indices align samples but methods were timed sequentially; use independent-resample intervals
25,funnel,3,bucketed,history,128,512,4,12,1.1727727502584457,1.2311429306864738,repeat indices align samples but methods were timed sequentially; use independent-resample intervals
25,funnel,3,bucketed,history,128,512,4,13,1.290093533694744,1.2229152023792267,repeat indices align samples but methods were timed sequentially; use independent-resample intervals
25,funnel,3,bucketed,history,128,512,4,14,1.1767109856009483,1.1410844698548317,repeat indices align samples but methods were timed sequentially; use independent-resample intervals
25,funnel,3,bucketed,history,128,512,4,15,1.214470088481903,1.3248491138219833,repeat indices align samples but methods were timed sequentially; use independent-resample intervals
25,funnel,3,bucketed,history,128,512,4,16,1.2140981778502464,1.25507290661335,repeat indices align samples but methods were timed sequentially; use independent-resample intervals
25,funnel,3,bucketed,history,128,512,4,17,1.102299876511097,1.1919177770614624,repeat indices align samples but methods were timed sequentially; use independent-resample intervals
25,funnel,3,bucketed,history,128,512,4,18,1.2013323232531548,1.2619262412190437,repeat indices align samples but methods were timed sequentially; use independent-resample intervals
25,funnel,3,bucketed,history,128,512,4,19,1.1641878709197044,1.2144624516367912,repeat indices align samples but methods were timed sequentially; use independent-resample intervals
25,funnel,3,bucketed,history,128,512,4,20,1.2368549853563309,1.2468719482421875,repeat indices align samples but methods were timed sequentially; use independent-resample intervals
25,funnel,3,bucketed,history,128,512,4,21,1.1576478779315948,1.2152962684631348,repeat indices align samples but methods were timed sequentially; use independent-resample intervals
25,funnel,3,bucketed,history,128,512,4,22,1.283952683210373,1.253332369029522,repeat indices align samples but methods were timed sequentially; use independent-resample intervals
25,funnel,3,bucketed,history,128,512,4,23,1.2241217344999313,1.2927169129252434,repeat indices align samples but methods were timed sequentially; use independent-resample intervals
25,funnel,3,bucketed,history,128,512,4,24,1.2826976478099823,1.234184056520462,repeat indices align samples but methods were timed sequentially; use independent-resample intervals
25,funnel,3,bucketed,history,128,512,4,25,1.3051827549934387,1.4496880248188972,repeat indices align samples but methods were timed sequentially; use independent-resample intervals
25,funnel,3,bucketed,history,128,512,4,26,1.343707598745823,1.2873764634132385,repeat indices align samples but methods were timed sequentially; use independent-resample intervals
25,funnel,3,bucketed,history,128,512,4,27,1.3425341993570328,1.4695233330130577,repeat indices align samples but methods were timed sequentially; use independent-resample intervals
25,funnel,3,bucketed,history,128,512,4,28,1.1841312125325203,1.2417013719677925,repeat indices align samples but methods were timed sequentially; use independent-resample intervals
25,funnel,3,bucketed,history,128,512,4,29,1.1617980971932411,1.2445532754063606,repeat indices align samples but methods were timed sequentially; use independent-resample intervals
26,funnel,3,bucketed,last_depth,64,512,4,0,1.3095517233014107,1.2688953951001167,repeat indices align samples but methods were timed sequentially; use independent-resample intervals
26,funnel,3,bucketed,last_depth,64,512,4,1,1.5030666217207909,1.3154919296503067,repeat indices align samples but methods were timed sequentially; use independent-resample intervals
26,funnel,3,bucketed,last_depth,64,512,4,2,1.5270443558692932,1.2271568924188614,repeat indices align samples but methods were timed sequentially; use independent-resample intervals
26,funnel,3,bucketed,last_depth,64,512,4,3,1.3394336253404617,1.178378313779831,repeat indices align samples but methods were timed sequentially; use independent-resample intervals
26,funnel,3,bucketed,last_depth,64,512,4,4,1.3848177939653397,1.4794474393129349,repeat indices align samples but methods were timed sequentially; use independent-resample intervals
26,funnel,3,bucketed,last_depth,64,512,4,5,1.2915829494595528,1.899593099951744,repeat indices align samples but methods were timed sequentially; use independent-resample intervals
26,funnel,3,bucketed,last_depth,64,512,4,6,1.419619083404541,1.6706924512982368,repeat indices align samples but methods were timed sequentially; use independent-resample intervals
26,funnel,3,bucketed,last_depth,64,512,4,7,1.317032516002655,1.2917618826031685,repeat indices align samples but methods were timed sequentially; use independent-resample intervals
26,funnel,3,bucketed,last_depth,64,512,4,8,1.5858635008335114,1.2845242023468018,repeat indices align samples but methods were timed sequentially; use independent-resample intervals
26,funnel,3,bucketed,last_depth,64,512,4,9,1.4304109513759613,1.278456799685955,repeat indices align samples but methods were timed sequentially; use independent-resample intervals
26,funnel,3,bucketed,last_depth,64,512,4,10,1.3060518726706505,1.1744948402047157,repeat indices align samples but methods were timed sequentially; use independent-resample intervals
26,funnel,3,bucketed,last_depth,64,512,4,11,1.297686219215393,1.2466959357261658,repeat indices align samples but methods were timed sequentially; use independent-resample intervals
26,funnel,3,bucketed,last_depth,64,512,4,12,1.2776321917772293,1.2311429306864738,repeat indices align samples but methods were timed sequentially; use independent-resample intervals
26,funnel,3,bucketed,last_depth,64,512,4,13,1.273983433842659,1.2229152023792267,repeat indices align samples but methods were timed sequentially; use independent-resample intervals
26,funnel,3,bucketed,last_depth,64,512,4,14,1.2359307184815407,1.1410844698548317,repeat indices align samples but methods were timed sequentially; use independent-resample intervals
26,funnel,3,bucketed,last_depth,64,512,4,15,1.1451851278543472,1.3248491138219833,repeat indices align samples but methods were timed sequentially; use independent-resample intervals
26,funnel,3,bucketed,last_depth,64,512,4,16,1.2374445125460625,1.25507290661335,repeat indices align samples but methods were timed sequentially; use independent-resample intervals
26,funnel,3,bucketed,last_depth,64,512,4,17,1.2815513908863068,1.1919177770614624,repeat indices align samples but methods were timed sequentially; use independent-resample intervals
26,funnel,3,bucketed,last_depth,64,512,4,18,1.3315601646900177,1.2619262412190437,repeat indices align samples but methods were timed sequentially; use independent-resample intervals
26,funnel,3,bucketed,last_depth,64,512,4,19,1.3019858971238136,1.2144624516367912,repeat indices align samples but methods were timed sequentially; use independent-resample intervals
26,funnel,3,bucketed,last_depth,64,512,4,20,1.257393717765808,1.2468719482421875,repeat indices align samples but methods were timed sequentially; use independent-resample intervals
26,funnel,3,bucketed,last_depth,64,512,4,21,1.2401378452777863,1.2152962684631348,repeat indices align samples but methods were timed sequentially; use independent-resample intervals
26,funnel,3,bucketed,last_depth,64,512,4,22,1.3136309906840324,1.253332369029522,repeat indices align samples but methods were timed sequentially; use independent-resample intervals
26,funnel,3,bucketed,last_depth,64,512,4,23,1.240366168320179,1.2927169129252434,repeat indices align samples but methods were timed sequentially; use independent-resample intervals
26,funnel,3,bucketed,last_depth,64,512,4,24,1.2284344136714935,1.234184056520462,repeat indices align samples but methods were timed sequentially; use independent-resample intervals
26,funnel,3,bucketed,last_depth,64,512,4,25,1.35014558583498,1.4496880248188972,repeat indices align samples but methods were timed sequentially; use independent-resample intervals
26,funnel,3,bucketed,last_depth,64,512,4,26,1.3798674568533897,1.2873764634132385,repeat indices align samples but methods were timed sequentially; use independent-resample intervals
26,funnel,3,bucketed,last_depth,64,512,4,27,1.3070417940616608,1.4695233330130577,repeat indices align samples but methods were timed sequentially; use independent-resample intervals
26,funnel,3,bucketed,last_depth,64,512,4,28,1.4718418642878532,1.2417013719677925,repeat indices align samples but methods were timed sequentially; use independent-resample intervals
26,funnel,3,bucketed,last_depth,64,512,4,29,1.3260152488946915,1.2445532754063606,repeat indices align samples but methods were timed sequentially; use independent-resample intervals
27,funnel,3,bucketed,last_depth,128,512,4,0,1.448641374707222,1.2688953951001167,repeat indices align samples but methods were timed sequentially; use independent-resample intervals
27,funnel,3,bucketed,last_depth,128,512,4,1,1.367640532553196,1.3154919296503067,repeat indices align samples but methods were timed sequentially; use independent-resample intervals
27,funnel,3,bucketed,last_depth,128,512,4,2,1.3042013049125671,1.2271568924188614,repeat indices align samples but methods were timed sequentially; use independent-resample intervals
27,funnel,3,bucketed,last_depth,128,512,4,3,1.3282775357365608,1.178378313779831,repeat indices align samples but methods were timed sequentially; use independent-resample intervals
27,funnel,3,bucketed,last_depth,128,512,4,4,1.3493396788835526,1.4794474393129349,repeat indices align samples but methods were timed sequentially; use independent-resample intervals
27,funnel,3,bucketed,last_depth,128,512,4,5,1.4174587205052376,1.899593099951744,repeat indices align samples but methods were timed sequentially; use independent-resample intervals
27,funnel,3,bucketed,last_depth,128,512,4,6,1.5030958279967308,1.6706924512982368,repeat indices align samples but methods were timed sequentially; use independent-resample intervals
27,funnel,3,bucketed,last_depth,128,512,4,7,1.4651636332273483,1.2917618826031685,repeat indices align samples but methods were timed sequentially; use independent-resample intervals
27,funnel,3,bucketed,last_depth,128,512,4,8,1.4266764372587204,1.2845242023468018,repeat indices align samples but methods were timed sequentially; use independent-resample intervals
27,funnel,3,bucketed,last_depth,128,512,4,9,1.4329307153820992,1.278456799685955,repeat indices align samples but methods were timed sequentially; use independent-resample intervals
27,funnel,3,bucketed,last_depth,128,512,4,10,1.3435273841023445,1.1744948402047157,repeat indices align samples but methods were timed sequentially; use independent-resample intervals
27,funnel,3,bucketed,last_depth,128,512,4,11,1.3157262280583382,1.2466959357261658,repeat indices align samples but methods were timed sequentially; use independent-resample intervals
27,funnel,3,bucketed,last_depth,128,512,4,12,1.3711999952793121,1.2311429306864738,repeat indices align samples but methods were timed sequentially; use independent-resample intervals
27,funnel,3,bucketed,last_depth,128,512,4,13,1.4159091040492058,1.2229152023792267,repeat indices align samples but methods were timed sequentially; use independent-resample intervals
27,funnel,3,bucketed,last_depth,128,512,4,14,1.296859160065651,1.1410844698548317,repeat indices align samples but methods were timed sequentially; use independent-resample intervals
27,funnel,3,bucketed,last_depth,128,512,4,15,1.3566623106598854,1.3248491138219833,repeat indices align samples but methods were timed sequentially; use independent-resample intervals
27,funnel,3,bucketed,last_depth,128,512,4,16,1.3563412353396416,1.25507290661335,repeat indices align samples but methods were timed sequentially; use independent-resample intervals
27,funnel,3,bucketed,last_depth,128,512,4,17,1.3802996575832367,1.1919177770614624,repeat indices align samples but methods were timed sequentially; use independent-resample intervals
27,funnel,3,bucketed,last_depth,128,512,4,18,1.3989671543240547,1.2619262412190437,repeat indices align samples but methods were timed sequentially; use independent-resample intervals
27,funnel,3,bucketed,last_depth,128,512,4,19,1.446613259613514,1.2144624516367912,repeat indices align samples but methods were timed sequentially; use independent-resample intervals
27,funnel,3,bucketed,last_depth,128,512,4,20,1.5087188258767128,1.2468719482421875,repeat indices align samples but methods were timed sequentially; use independent-resample intervals
27,funnel,3,bucketed,last_depth,128,512,4,21,1.4117058217525482,1.2152962684631348,repeat indices align samples but methods were timed sequentially; use independent-resample intervals
27,funnel,3,bucketed,last_depth,128,512,4,22,1.2309304997324944,1.253332369029522,repeat indices align samples but methods were timed sequentially; use independent-resample intervals
27,funnel,3,bucketed,last_depth,128,512,4,23,1.379731073975563,1.2927169129252434,repeat indices align samples but methods were timed sequentially; use independent-resample intervals
27,funnel,3,bucketed,last_depth,128,512,4,24,1.3926620110869408,1.234184056520462,repeat indices align samples but methods were timed sequentially; use independent-resample intervals
27,funnel,3,bucketed,last_depth,128,512,4,25,1.3501245900988579,1.4496880248188972,repeat indices align samples but methods were timed sequentially; use independent-resample intervals
27,funnel,3,bucketed,last_depth,128,512,4,26,1.3377623707056046,1.2873764634132385,repeat indices align samples but methods were timed sequentially; use independent-resample intervals
27,funnel,3,bucketed,last_depth,128,512,4,27,1.3259946629405022,1.4695233330130577,repeat indices align samples but methods were timed sequentially; use independent-resample intervals
27,funnel,3,bucketed,last_depth,128,512,4,28,1.294770561158657,1.2417013719677925,repeat indices align samples but methods were timed sequentially; use independent-resample intervals
27,funnel,3,bucketed,last_depth,128,512,4,29,1.330491080880165,1.2445532754063606,repeat indices align samples but methods were timed sequentially; use independent-resample intervals
28,funnel,4,monolithic,monolithic,0,512,4,0,1.2862336114048958,1.2862336114048958,repeat indices align samples but methods were timed sequentially; use independent-resample intervals
28,funnel,4,monolithic,monolithic,0,512,4,1,1.4620376974344254,1.4620376974344254,repeat indices align samples but methods were timed sequentially; use independent-resample intervals
28,funnel,4,monolithic,monolithic,0,512,4,2,1.455387569963932,1.455387569963932,repeat indices align samples but methods were timed sequentially; use independent-resample intervals
28,funnel,4,monolithic,monolithic,0,512,4,3,1.2766744941473007,1.2766744941473007,repeat indices align samples but methods were timed sequentially; use independent-resample intervals
28,funnel,4,monolithic,monolithic,0,512,4,4,1.3415318876504898,1.3415318876504898,repeat indices align samples but methods were timed sequentially; use independent-resample intervals
28,funnel,4,monolithic,monolithic,0,512,4,5,1.3065455257892609,1.3065455257892609,repeat indices align samples but methods were timed sequentially; use independent-resample intervals
28,funnel,4,monolithic,monolithic,0,512,4,6,1.2445422410964966,1.2445422410964966,repeat indices align samples but methods were timed sequentially; use independent-resample intervals
28,funnel,4,monolithic,monolithic,0,512,4,7,1.1929207369685173,1.1929207369685173,repeat indices align samples but methods were timed sequentially; use independent-resample intervals
28,funnel,4,monolithic,monolithic,0,512,4,8,1.231704629957676,1.231704629957676,repeat indices align samples but methods were timed sequentially; use independent-resample intervals
28,funnel,4,monolithic,monolithic,0,512,4,9,1.2544551566243172,1.2544551566243172,repeat indices align samples but methods were timed sequentially; use independent-resample intervals
28,funnel,4,monolithic,monolithic,0,512,4,10,1.2805430740118027,1.2805430740118027,repeat indices align samples but methods were timed sequentially; use independent-resample intervals
28,funnel,4,monolithic,monolithic,0,512,4,11,1.290308028459549,1.290308028459549,repeat indices align samples but methods were timed sequentially; use independent-resample intervals
28,funnel,4,monolithic,monolithic,0,512,4,12,1.2632489874958992,1.2632489874958992,repeat indices align samples but methods were timed sequentially; use independent-resample intervals
28,funnel,4,monolithic,monolithic,0,512,4,13,1.3924886286258698,1.3924886286258698,repeat indices align samples but methods were timed sequentially; use independent-resample intervals
28,funnel,4,monolithic,monolithic,0,512,4,14,1.1997023150324821,1.1997023150324821,repeat indices align samples but methods were timed sequentially; use independent-resample intervals
28,funnel,4,monolithic,monolithic,0,512,4,15,1.256025493144989,1.256025493144989,repeat indices align samples but methods were timed sequentially; use independent-resample intervals
28,funnel,4,monolithic,monolithic,0,512,4,16,1.3626767545938492,1.3626767545938492,repeat indices align samples but methods were timed sequentially; use independent-resample intervals
28,funnel,4,monolithic,monolithic,0,512,4,17,1.2361219450831413,1.2361219450831413,repeat indices align samples but methods were timed sequentially; use independent-resample intervals
28,funnel,4,monolithic,monolithic,0,512,4,18,1.2369630709290504,1.2369630709290504,repeat indices align samples but methods were timed sequentially; use independent-resample intervals
28,funnel,4,monolithic,monolithic,0,512,4,19,1.1804199516773224,1.1804199516773224,repeat indices align samples but methods were timed sequentially; use independent-resample intervals
28,funnel,4,monolithic,monolithic,0,512,4,20,1.2783576548099518,1.2783576548099518,repeat indices align samples but methods were timed sequentially; use independent-resample intervals
28,funnel,4,monolithic,monolithic,0,512,4,21,1.2350242510437965,1.2350242510437965,repeat indices align samples but methods were timed sequentially; use independent-resample intervals
28,funnel,4,monolithic,monolithic,0,512,4,22,1.2745893597602844,1.2745893597602844,repeat indices align samples but methods were timed sequentially; use independent-resample intervals
28,funnel,4,monolithic,monolithic,0,512,4,23,1.3949404656887054,1.3949404656887054,repeat indices align samples but methods were timed sequentially; use independent-resample intervals
28,funnel,4,monolithic,monolithic,0,512,4,24,1.204974316060543,1.204974316060543,repeat indices align samples but methods were timed sequentially; use independent-resample intervals
28,funnel,4,monolithic,monolithic,0,512,4,25,1.2134546861052513,1.2134546861052513,repeat indices align samples but methods were timed sequentially; use independent-resample intervals
28,funnel,4,monolithic,monolithic,0,512,4,26,1.20674329996109,1.20674329996109,repeat indices align samples but methods were timed sequentially; use independent-resample intervals
28,funnel,4,monolithic,monolithic,0,512,4,27,1.1877092644572258,1.1877092644572258,repeat indices align samples but methods were timed sequentially; use independent-resample intervals
28,funnel,4,monolithic,monolithic,0,512,4,28,1.2306045964360237,1.2306045964360237,repeat indices align samples but methods were timed sequentially; use independent-resample intervals
28,funnel,4,monolithic,monolithic,0,512,4,29,1.252019926905632,1.252019926905632,repeat indices align samples but methods were timed sequentially; use independent-resample intervals
29,funnel,4,bucketed,none,64,512,4,0,1.8771681934595108,1.2862336114048958,repeat indices align samples but methods were timed sequentially; use independent-resample intervals
29,funnel,4,bucketed,none,64,512,4,1,2.092128872871399,1.4620376974344254,repeat indices align samples but methods were timed sequentially; use independent-resample intervals
29,funnel,4,bucketed,none,64,512,4,2,2.2426621094346046,1.455387569963932,repeat indices align samples but methods were timed sequentially; use independent-resample intervals
29,funnel,4,bucketed,none,64,512,4,3,1.925715371966362,1.2766744941473007,repeat indices align samples but methods were timed sequentially; use independent-resample intervals
29,funnel,4,bucketed,none,64,512,4,4,1.824744276702404,1.3415318876504898,repeat indices align samples but methods were timed sequentially; use independent-resample intervals
29,funnel,4,bucketed,none,64,512,4,5,1.8675528317689896,1.3065455257892609,repeat indices align samples but methods were timed sequentially; use independent-resample intervals
29,funnel,4,bucketed,none,64,512,4,6,2.1389094963669777,1.2445422410964966,repeat indices align samples but methods were timed sequentially; use independent-resample intervals
29,funnel,4,bucketed,none,64,512,4,7,1.7891108319163322,1.1929207369685173,repeat indices align samples but methods were timed sequentially; use independent-resample intervals
29,funnel,4,bucketed,none,64,512,4,8,1.9085335731506348,1.231704629957676,repeat indices align samples but methods were timed sequentially; use independent-resample intervals
29,funnel,4,bucketed,none,64,512,4,9,2.418146900832653,1.2544551566243172,repeat indices align samples but methods were timed sequentially; use independent-resample intervals
29,funnel,4,bucketed,none,64,512,4,10,2.078884392976761,1.2805430740118027,repeat indices align samples but methods were timed sequentially; use independent-resample intervals
29,funnel,4,bucketed,none,64,512,4,11,3.020551636815071,1.290308028459549,repeat indices align samples but methods were timed sequentially; use independent-resample intervals
29,funnel,4,bucketed,none,64,512,4,12,2.266777604818344,1.2632489874958992,repeat indices align samples but methods were timed sequentially; use independent-resample intervals
29,funnel,4,bucketed,none,64,512,4,13,1.9351604953408241,1.3924886286258698,repeat indices align samples but methods were timed sequentially; use independent-resample intervals
29,funnel,4,bucketed,none,64,512,4,14,1.8910401314496994,1.1997023150324821,repeat indices align samples but methods were timed sequentially; use independent-resample intervals
29,funnel,4,bucketed,none,64,512,4,15,1.964021936058998,1.256025493144989,repeat indices align samples but methods were timed sequentially; use independent-resample intervals
29,funnel,4,bucketed,none,64,512,4,16,2.2526242285966873,1.3626767545938492,repeat indices align samples but methods were timed sequentially; use independent-resample intervals
29,funnel,4,bucketed,none,64,512,4,17,2.1062819436192513,1.2361219450831413,repeat indices align samples but methods were timed sequentially; use independent-resample intervals
29,funnel,4,bucketed,none,64,512,4,18,2.3185387775301933,1.2369630709290504,repeat indices align samples but methods were timed sequentially; use independent-resample intervals
29,funnel,4,bucketed,none,64,512,4,19,1.9636181890964508,1.1804199516773224,repeat indices align samples but methods were timed sequentially; use independent-resample intervals
29,funnel,4,bucketed,none,64,512,4,20,1.9678535461425781,1.2783576548099518,repeat indices align samples but methods were timed sequentially; use independent-resample intervals
29,funnel,4,bucketed,none,64,512,4,21,1.9948064163327217,1.2350242510437965,repeat indices align samples but methods were timed sequentially; use independent-resample intervals
29,funnel,4,bucketed,none,64,512,4,22,1.7649892270565033,1.2745893597602844,repeat indices align samples but methods were timed sequentially; use independent-resample intervals
29,funnel,4,bucketed,none,64,512,4,23,1.8302303180098534,1.3949404656887054,repeat indices align samples but methods were timed sequentially; use independent-resample intervals
29,funnel,4,bucketed,none,64,512,4,24,1.8520128056406975,1.204974316060543,repeat indices align samples but methods were timed sequentially; use independent-resample intervals
29,funnel,4,bucketed,none,64,512,4,25,1.758962519466877,1.2134546861052513,repeat indices align samples but methods were timed sequentially; use independent-resample intervals
29,funnel,4,bucketed,none,64,512,4,26,1.7281345129013062,1.20674329996109,repeat indices align samples but methods were timed sequentially; use independent-resample intervals
29,funnel,4,bucketed,none,64,512,4,27,1.6657479479908943,1.1877092644572258,repeat indices align samples but methods were timed sequentially; use independent-resample intervals
29,funnel,4,bucketed,none,64,512,4,28,1.7202625200152397,1.2306045964360237,repeat indices align samples but methods were timed sequentially; use independent-resample intervals
29,funnel,4,bucketed,none,64,512,4,29,1.817599043250084,1.252019926905632,repeat indices align samples but methods were timed sequentially; use independent-resample intervals
30,funnel,4,bucketed,none,128,512,4,0,1.8002836480736732,1.2862336114048958,repeat indices align samples but methods were timed sequentially; use independent-resample intervals
30,funnel,4,bucketed,none,128,512,4,1,1.8825238719582558,1.4620376974344254,repeat indices align samples but methods were timed sequentially; use independent-resample intervals
30,funnel,4,bucketed,none,128,512,4,2,1.937283270061016,1.455387569963932,repeat indices align samples but methods were timed sequentially; use independent-resample intervals
30,funnel,4,bucketed,none,128,512,4,3,1.941740594804287,1.2766744941473007,repeat indices align samples but methods were timed sequentially; use independent-resample intervals
30,funnel,4,bucketed,none,128,512,4,4,1.772113911807537,1.3415318876504898,repeat indices align samples but methods were timed sequentially; use independent-resample intervals
30,funnel,4,bucketed,none,128,512,4,5,2.086988642811775,1.3065455257892609,repeat indices align samples but methods were timed sequentially; use independent-resample intervals
30,funnel,4,bucketed,none,128,512,4,6,1.8686746284365654,1.2445422410964966,repeat indices align samples but methods were timed sequentially; use independent-resample intervals
30,funnel,4,bucketed,none,128,512,4,7,1.9550573229789734,1.1929207369685173,repeat indices align samples but methods were timed sequentially; use independent-resample intervals
30,funnel,4,bucketed,none,128,512,4,8,1.9479301646351814,1.231704629957676,repeat indices align samples but methods were timed sequentially; use independent-resample intervals
30,funnel,4,bucketed,none,128,512,4,9,1.931272491812706,1.2544551566243172,repeat indices align samples but methods were timed sequentially; use independent-resample intervals
30,funnel,4,bucketed,none,128,512,4,10,1.8971208781003952,1.2805430740118027,repeat indices align samples but methods were timed sequentially; use independent-resample intervals
30,funnel,4,bucketed,none,128,512,4,11,1.9413082227110863,1.290308028459549,repeat indices align samples but methods were timed sequentially; use independent-resample intervals
30,funnel,4,bucketed,none,128,512,4,12,2.2063100412487984,1.2632489874958992,repeat indices align samples but methods were timed sequentially; use independent-resample intervals
30,funnel,4,bucketed,none,128,512,4,13,2.0270370468497276,1.3924886286258698,repeat indices align samples but methods were timed sequentially; use independent-resample intervals
30,funnel,4,bucketed,none,128,512,4,14,1.9520488306879997,1.1997023150324821,repeat indices align samples but methods were timed sequentially; use independent-resample intervals
30,funnel,4,bucketed,none,128,512,4,15,1.9834019839763641,1.256025493144989,repeat indices align samples but methods were timed sequentially; use independent-resample intervals
30,funnel,4,bucketed,none,128,512,4,16,1.9521701857447624,1.3626767545938492,repeat indices align samples but methods were timed sequentially; use independent-resample intervals
30,funnel,4,bucketed,none,128,512,4,17,2.2429747730493546,1.2361219450831413,repeat indices align samples but methods were timed sequentially; use independent-resample intervals
30,funnel,4,bucketed,none,128,512,4,18,2.1561400964856148,1.2369630709290504,repeat indices align samples but methods were timed sequentially; use independent-resample intervals
30,funnel,4,bucketed,none,128,512,4,19,2.098167300224304,1.1804199516773224,repeat indices align samples but methods were timed sequentially; use independent-resample intervals
30,funnel,4,bucketed,none,128,512,4,20,2.2250217497348785,1.2783576548099518,repeat indices align samples but methods were timed sequentially; use independent-resample intervals
30,funnel,4,bucketed,none,128,512,4,21,2.0660945624113083,1.2350242510437965,repeat indices align samples but methods were timed sequentially; use independent-resample intervals
30,funnel,4,bucketed,none,128,512,4,22,1.9202683791518211,1.2745893597602844,repeat indices align samples but methods were timed sequentially; use independent-resample intervals
30,funnel,4,bucketed,none,128,512,4,23,1.967879168689251,1.3949404656887054,repeat indices align samples but methods were timed sequentially; use independent-resample intervals
30,funnel,4,bucketed,none,128,512,4,24,1.9841886460781097,1.204974316060543,repeat indices align samples but methods were timed sequentially; use independent-resample intervals
30,funnel,4,bucketed,none,128,512,4,25,1.964393176138401,1.2134546861052513,repeat indices align samples but methods were timed sequentially; use independent-resample intervals
30,funnel,4,bucketed,none,128,512,4,26,1.77207101136446,1.20674329996109,repeat indices align samples but methods were timed sequentially; use independent-resample intervals
30,funnel,4,bucketed,none,128,512,4,27,1.9933805167675018,1.1877092644572258,repeat indices align samples but methods were timed sequentially; use independent-resample intervals
30,funnel,4,bucketed,none,128,512,4,28,1.7847000509500504,1.2306045964360237,repeat indices align samples but methods were timed sequentially; use independent-resample intervals
30,funnel,4,bucketed,none,128,512,4,29,1.8734989613294601,1.252019926905632,repeat indices align samples but methods were timed sequentially; use independent-resample intervals
31,funnel,4,bucketed,history,64,512,4,0,1.092079482972622,1.2862336114048958,repeat indices align samples but methods were timed sequentially; use independent-resample intervals
31,funnel,4,bucketed,history,64,512,4,1,1.097434639930725,1.4620376974344254,repeat indices align samples but methods were timed sequentially; use independent-resample intervals
31,funnel,4,bucketed,history,64,512,4,2,1.236130103468895,1.455387569963932,repeat indices align samples but methods were timed sequentially; use independent-resample intervals
31,funnel,4,bucketed,history,64,512,4,3,1.1506823524832726,1.2766744941473007,repeat indices align samples but methods were timed sequentially; use independent-resample intervals
31,funnel,4,bucketed,history,64,512,4,4,1.180417686700821,1.3415318876504898,repeat indices align samples but methods were timed sequentially; use independent-resample intervals
31,funnel,4,bucketed,history,64,512,4,5,1.0497474372386932,1.3065455257892609,repeat indices align samples but methods were timed sequentially; use independent-resample intervals
31,funnel,4,bucketed,history,64,512,4,6,1.2322461232542992,1.2445422410964966,repeat indices align samples but methods were timed sequentially; use independent-resample intervals
31,funnel,4,bucketed,history,64,512,4,7,1.1801552027463913,1.1929207369685173,repeat indices align samples but methods were timed sequentially; use independent-resample intervals
31,funnel,4,bucketed,history,64,512,4,8,1.0983102545142174,1.231704629957676,repeat indices align samples but methods were timed sequentially; use independent-resample intervals
31,funnel,4,bucketed,history,64,512,4,9,1.3463110998272896,1.2544551566243172,repeat indices align samples but methods were timed sequentially; use independent-resample intervals
31,funnel,4,bucketed,history,64,512,4,10,1.0740227401256561,1.2805430740118027,repeat indices align samples but methods were timed sequentially; use independent-resample intervals
31,funnel,4,bucketed,history,64,512,4,11,1.160034991800785,1.290308028459549,repeat indices align samples but methods were timed sequentially; use independent-resample intervals
31,funnel,4,bucketed,history,64,512,4,12,1.3712000623345375,1.2632489874958992,repeat indices align samples but methods were timed sequentially; use independent-resample intervals
31,funnel,4,bucketed,history,64,512,4,13,1.1070044562220573,1.3924886286258698,repeat indices align samples but methods were timed sequentially; use independent-resample intervals
31,funnel,4,bucketed,history,64,512,4,14,1.179887242615223,1.1997023150324821,repeat indices align samples but methods were timed sequentially; use independent-resample intervals
31,funnel,4,bucketed,history,64,512,4,15,1.1440288126468658,1.256025493144989,repeat indices align samples but methods were timed sequentially; use independent-resample intervals
31,funnel,4,bucketed,history,64,512,4,16,1.2018259167671204,1.3626767545938492,repeat indices align samples but methods were timed sequentially; use independent-resample intervals
31,funnel,4,bucketed,history,64,512,4,17,1.1440946459770203,1.2361219450831413,repeat indices align samples but methods were timed sequentially; use independent-resample intervals
31,funnel,4,bucketed,history,64,512,4,18,1.0947288796305656,1.2369630709290504,repeat indices align samples but methods were timed sequentially; use independent-resample intervals
31,funnel,4,bucketed,history,64,512,4,19,1.04970034211874,1.1804199516773224,repeat indices align samples but methods were timed sequentially; use independent-resample intervals
31,funnel,4,bucketed,history,64,512,4,20,1.1425592303276062,1.2783576548099518,repeat indices align samples but methods were timed sequentially; use independent-resample intervals
31,funnel,4,bucketed,history,64,512,4,21,1.1088757812976837,1.2350242510437965,repeat indices align samples but methods were timed sequentially; use independent-resample intervals
31,funnel,4,bucketed,history,64,512,4,22,1.2739257737994194,1.2745893597602844,repeat indices align samples but methods were timed sequentially; use independent-resample intervals
31,funnel,4,bucketed,history,64,512,4,23,1.1461127400398254,1.3949404656887054,repeat indices align samples but methods were timed sequentially; use independent-resample intervals
31,funnel,4,bucketed,history,64,512,4,24,1.479216828942299,1.204974316060543,repeat indices align samples but methods were timed sequentially; use independent-resample intervals
31,funnel,4,bucketed,history,64,512,4,25,1.4293994903564453,1.2134546861052513,repeat indices align samples but methods were timed sequentially; use independent-resample intervals
31,funnel,4,bucketed,history,64,512,4,26,1.1936800330877304,1.20674329996109,repeat indices align samples but methods were timed sequentially; use independent-resample intervals
31,funnel,4,bucketed,history,64,512,4,27,1.1630083546042442,1.1877092644572258,repeat indices align samples but methods were timed sequentially; use independent-resample intervals
31,funnel,4,bucketed,history,64,512,4,28,1.1422129198908806,1.2306045964360237,repeat indices align samples but methods were timed sequentially; use independent-resample intervals
31,funnel,4,bucketed,history,64,512,4,29,1.1669985577464104,1.252019926905632,repeat indices align samples but methods were timed sequentially; use independent-resample intervals
32,funnel,4,bucketed,history,128,512,4,0,1.2823498994112015,1.2862336114048958,repeat indices align samples but methods were timed sequentially; use independent-resample intervals
32,funnel,4,bucketed,history,128,512,4,1,1.1811272203922272,1.4620376974344254,repeat indices align samples but methods were timed sequentially; use independent-resample intervals
32,funnel,4,bucketed,history,128,512,4,2,1.2709978893399239,1.455387569963932,repeat indices align samples but methods were timed sequentially; use independent-resample intervals
32,funnel,4,bucketed,history,128,512,4,3,1.2209127098321915,1.2766744941473007,repeat indices align samples but methods were timed sequentially; use independent-resample intervals
32,funnel,4,bucketed,history,128,512,4,4,1.1441468372941017,1.3415318876504898,repeat indices align samples but methods were timed sequentially; use independent-resample intervals
32,funnel,4,bucketed,history,128,512,4,5,1.3466199338436127,1.3065455257892609,repeat indices align samples but methods were timed sequentially; use independent-resample intervals
32,funnel,4,bucketed,history,128,512,4,6,1.572117879986763,1.2445422410964966,repeat indices align samples but methods were timed sequentially; use independent-resample intervals
32,funnel,4,bucketed,history,128,512,4,7,1.4326941221952438,1.1929207369685173,repeat indices align samples but methods were timed sequentially; use independent-resample intervals
32,funnel,4,bucketed,history,128,512,4,8,1.661184273660183,1.231704629957676,repeat indices align samples but methods were timed sequentially; use independent-resample intervals
32,funnel,4,bucketed,history,128,512,4,9,1.428192026913166,1.2544551566243172,repeat indices align samples but methods were timed sequentially; use independent-resample intervals
32,funnel,4,bucketed,history,128,512,4,10,1.5087114349007607,1.2805430740118027,repeat indices align samples but methods were timed sequentially; use independent-resample intervals
32,funnel,4,bucketed,history,128,512,4,11,1.5849900618195534,1.290308028459549,repeat indices align samples but methods were timed sequentially; use independent-resample intervals
32,funnel,4,bucketed,history,128,512,4,12,1.547959789633751,1.2632489874958992,repeat indices align samples but methods were timed sequentially; use independent-resample intervals
32,funnel,4,bucketed,history,128,512,4,13,1.5206964015960693,1.3924886286258698,repeat indices align samples but methods were timed sequentially; use independent-resample intervals
32,funnel,4,bucketed,history,128,512,4,14,1.4085658267140388,1.1997023150324821,repeat indices align samples but methods were timed sequentially; use independent-resample intervals
32,funnel,4,bucketed,history,128,512,4,15,1.1110948845744133,1.256025493144989,repeat indices align samples but methods were timed sequentially; use independent-resample intervals
32,funnel,4,bucketed,history,128,512,4,16,1.2782030403614044,1.3626767545938492,repeat indices align samples but methods were timed sequentially; use independent-resample intervals
32,funnel,4,bucketed,history,128,512,4,17,1.286758802831173,1.2361219450831413,repeat indices align samples but methods were timed sequentially; use independent-resample intervals
32,funnel,4,bucketed,history,128,512,4,18,1.2718257084488869,1.2369630709290504,repeat indices align samples but methods were timed sequentially; use independent-resample intervals
32,funnel,4,bucketed,history,128,512,4,19,1.0914898365736008,1.1804199516773224,repeat indices align samples but methods were timed sequentially; use independent-resample intervals
32,funnel,4,bucketed,history,128,512,4,20,1.1549998968839645,1.2783576548099518,repeat indices align samples but methods were timed sequentially; use independent-resample intervals
32,funnel,4,bucketed,history,128,512,4,21,1.1224876418709755,1.2350242510437965,repeat indices align samples but methods were timed sequentially; use independent-resample intervals
32,funnel,4,bucketed,history,128,512,4,22,1.2321046888828278,1.2745893597602844,repeat indices align samples but methods were timed sequentially; use independent-resample intervals
32,funnel,4,bucketed,history,128,512,4,23,1.0442317500710487,1.3949404656887054,repeat indices align samples but methods were timed sequentially; use independent-resample intervals
32,funnel,4,bucketed,history,128,512,4,24,1.135471187531948,1.204974316060543,repeat indices align samples but methods were timed sequentially; use independent-resample intervals
32,funnel,4,bucketed,history,128,512,4,25,1.1493269130587578,1.2134546861052513,repeat indices align samples but methods were timed sequentially; use independent-resample intervals
32,funnel,4,bucketed,history,128,512,4,26,1.168210543692112,1.20674329996109,repeat indices align samples but methods were timed sequentially; use independent-resample intervals
32,funnel,4,bucketed,history,128,512,4,27,1.2706385180354118,1.1877092644572258,repeat indices align samples but methods were timed sequentially; use independent-resample intervals
32,funnel,4,bucketed,history,128,512,4,28,1.2810163348913193,1.2306045964360237,repeat indices align samples but methods were timed sequentially; use independent-resample intervals
32,funnel,4,bucketed,history,128,512,4,29,1.3164424523711205,1.252019926905632,repeat indices align samples but methods were timed sequentially; use independent-resample intervals
33,funnel,4,bucketed,last_depth,64,512,4,0,1.3157105147838593,1.2862336114048958,repeat indices align samples but methods were timed sequentially; use independent-resample intervals
33,funnel,4,bucketed,last_depth,64,512,4,1,1.2391504719853401,1.4620376974344254,repeat indices align samples but methods were timed sequentially; use independent-resample intervals
33,funnel,4,bucketed,last_depth,64,512,4,2,1.196644477546215,1.455387569963932,repeat indices align samples but methods were timed sequentially; use independent-resample intervals
33,funnel,4,bucketed,last_depth,64,512,4,3,1.2401309981942177,1.2766744941473007,repeat indices align samples but methods were timed sequentially; use independent-resample intervals
33,funnel,4,bucketed,last_depth,64,512,4,4,1.4481992423534393,1.3415318876504898,repeat indices align samples but methods were timed sequentially; use independent-resample intervals
33,funnel,4,bucketed,last_depth,64,512,4,5,1.19307691603899,1.3065455257892609,repeat indices align samples but methods were timed sequentially; use independent-resample intervals
33,funnel,4,bucketed,last_depth,64,512,4,6,1.2207644060254097,1.2445422410964966,repeat indices align samples but methods were timed sequentially; use independent-resample intervals
33,funnel,4,bucketed,last_depth,64,512,4,7,1.267062097787857,1.1929207369685173,repeat indices align samples but methods were timed sequentially; use independent-resample intervals
33,funnel,4,bucketed,last_depth,64,512,4,8,1.4088191539049149,1.231704629957676,repeat indices align samples but methods were timed sequentially; use independent-resample intervals
33,funnel,4,bucketed,last_depth,64,512,4,9,1.4951236546039581,1.2544551566243172,repeat indices align samples but methods were timed sequentially; use independent-resample intervals
33,funnel,4,bucketed,last_depth,64,512,4,10,1.1891553103923798,1.2805430740118027,repeat indices align samples but methods were timed sequentially; use independent-resample intervals
33,funnel,4,bucketed,last_depth,64,512,4,11,1.2189564555883408,1.290308028459549,repeat indices align samples but methods were timed sequentially; use independent-resample intervals
33,funnel,4,bucketed,last_depth,64,512,4,12,1.210635006427765,1.2632489874958992,repeat indices align samples but methods were timed sequentially; use independent-resample intervals
33,funnel,4,bucketed,last_depth,64,512,4,13,1.3825332000851631,1.3924886286258698,repeat indices align samples but methods were timed sequentially; use independent-resample intervals
33,funnel,4,bucketed,last_depth,64,512,4,14,1.268022559583187,1.1997023150324821,repeat indices align samples but methods were timed sequentially; use independent-resample intervals
33,funnel,4,bucketed,last_depth,64,512,4,15,1.2102456018328667,1.256025493144989,repeat indices align samples but methods were timed sequentially; use independent-resample intervals
33,funnel,4,bucketed,last_depth,64,512,4,16,1.2456693053245544,1.3626767545938492,repeat indices align samples but methods were timed sequentially; use independent-resample intervals
33,funnel,4,bucketed,last_depth,64,512,4,17,1.3832076638936996,1.2361219450831413,repeat indices align samples but methods were timed sequentially; use independent-resample intervals
33,funnel,4,bucketed,last_depth,64,512,4,18,1.460779219865799,1.2369630709290504,repeat indices align samples but methods were timed sequentially; use independent-resample intervals
33,funnel,4,bucketed,last_depth,64,512,4,19,1.4167309179902077,1.1804199516773224,repeat indices align samples but methods were timed sequentially; use independent-resample intervals
33,funnel,4,bucketed,last_depth,64,512,4,20,1.2805618569254875,1.2783576548099518,repeat indices align samples but methods were timed sequentially; use independent-resample intervals
33,funnel,4,bucketed,last_depth,64,512,4,21,1.2611964717507362,1.2350242510437965,repeat indices align samples but methods were timed sequentially; use independent-resample intervals
33,funnel,4,bucketed,last_depth,64,512,4,22,1.2997161224484444,1.2745893597602844,repeat indices align samples but methods were timed sequentially; use independent-resample intervals
33,funnel,4,bucketed,last_depth,64,512,4,23,1.3761885315179825,1.3949404656887054,repeat indices align samples but methods were timed sequentially; use independent-resample intervals
33,funnel,4,bucketed,last_depth,64,512,4,24,1.2452066838741302,1.204974316060543,repeat indices align samples but methods were timed sequentially; use independent-resample intervals
33,funnel,4,bucketed,last_depth,64,512,4,25,1.3480549305677414,1.2134546861052513,repeat indices align samples but methods were timed sequentially; use independent-resample intervals
33,funnel,4,bucketed,last_depth,64,512,4,26,1.6091170608997345,1.20674329996109,repeat indices align samples but methods were timed sequentially; use independent-resample intervals
33,funnel,4,bucketed,last_depth,64,512,4,27,1.7155746892094612,1.1877092644572258,repeat indices align samples but methods were timed sequentially; use independent-resample intervals
33,funnel,4,bucketed,last_depth,64,512,4,28,1.4749556854367256,1.2306045964360237,repeat indices align samples but methods were timed sequentially; use independent-resample intervals
33,funnel,4,bucketed,last_depth,64,512,4,29,1.4516757130622864,1.252019926905632,repeat indices align samples but methods were timed sequentially; use independent-resample intervals
34,funnel,4,bucketed,last_depth,128,512,4,0,1.3200849071145058,1.2862336114048958,repeat indices align samples but methods were timed sequentially; use independent-resample intervals
34,funnel,4,bucketed,last_depth,128,512,4,1,1.4094505682587624,1.4620376974344254,repeat indices align samples but methods were timed sequentially; use independent-resample intervals
34,funnel,4,bucketed,last_depth,128,512,4,2,1.3659227937459946,1.455387569963932,repeat indices align samples but methods were timed sequentially; use independent-resample intervals
34,funnel,4,bucketed,last_depth,128,512,4,3,1.3812058493494987,1.2766744941473007,repeat indices align samples but methods were timed sequentially; use independent-resample intervals
34,funnel,4,bucketed,last_depth,128,512,4,4,1.312615990638733,1.3415318876504898,repeat indices align samples but methods were timed sequentially; use independent-resample intervals
34,funnel,4,bucketed,last_depth,128,512,4,5,1.390476569533348,1.3065455257892609,repeat indices align samples but methods were timed sequentially; use independent-resample intervals
34,funnel,4,bucketed,last_depth,128,512,4,6,1.3357165083289146,1.2445422410964966,repeat indices align samples but methods were timed sequentially; use independent-resample intervals
34,funnel,4,bucketed,last_depth,128,512,4,7,1.3038055747747421,1.1929207369685173,repeat indices align samples but methods were timed sequentially; use independent-resample intervals
34,funnel,4,bucketed,last_depth,128,512,4,8,1.264883317053318,1.231704629957676,repeat indices align samples but methods were timed sequentially; use independent-resample intervals
34,funnel,4,bucketed,last_depth,128,512,4,9,1.315729282796383,1.2544551566243172,repeat indices align samples but methods were timed sequentially; use independent-resample intervals
34,funnel,4,bucketed,last_depth,128,512,4,10,1.3724602684378624,1.2805430740118027,repeat indices align samples but methods were timed sequentially; use independent-resample intervals
34,funnel,4,bucketed,last_depth,128,512,4,11,1.3719150498509407,1.290308028459549,repeat indices align samples but methods were timed sequentially; use independent-resample intervals
34,funnel,4,bucketed,last_depth,128,512,4,12,1.3922647461295128,1.2632489874958992,repeat indices align samples but methods were timed sequentially; use independent-resample intervals
34,funnel,4,bucketed,last_depth,128,512,4,13,1.4222954362630844,1.3924886286258698,repeat indices align samples but methods were timed sequentially; use independent-resample intervals
34,funnel,4,bucketed,last_depth,128,512,4,14,1.346425011754036,1.1997023150324821,repeat indices align samples but methods were timed sequentially; use independent-resample intervals
34,funnel,4,bucketed,last_depth,128,512,4,15,1.2726256251335144,1.256025493144989,repeat indices align samples but methods were timed sequentially; use independent-resample intervals
34,funnel,4,bucketed,last_depth,128,512,4,16,1.2826424986124039,1.3626767545938492,repeat indices align samples but methods were timed sequentially; use independent-resample intervals
34,funnel,4,bucketed,last_depth,128,512,4,17,1.4315847754478455,1.2361219450831413,repeat indices align samples but methods were timed sequentially; use independent-resample intervals
34,funnel,4,bucketed,last_depth,128,512,4,18,1.3037612363696098,1.2369630709290504,repeat indices align samples but methods were timed sequentially; use independent-resample intervals
34,funnel,4,bucketed,last_depth,128,512,4,19,1.2377226650714874,1.1804199516773224,repeat indices align samples but methods were timed sequentially; use independent-resample intervals
34,funnel,4,bucketed,last_depth,128,512,4,20,1.2550561875104904,1.2783576548099518,repeat indices align samples but methods were timed sequentially; use independent-resample intervals
34,funnel,4,bucketed,last_depth,128,512,4,21,1.3690257519483566,1.2350242510437965,repeat indices align samples but methods were timed sequentially; use independent-resample intervals
34,funnel,4,bucketed,last_depth,128,512,4,22,1.2989692762494087,1.2745893597602844,repeat indices align samples but methods were timed sequentially; use independent-resample intervals
34,funnel,4,bucketed,last_depth,128,512,4,23,1.470271736383438,1.3949404656887054,repeat indices align samples but methods were timed sequentially; use independent-resample intervals
34,funnel,4,bucketed,last_depth,128,512,4,24,1.4048362150788307,1.204974316060543,repeat indices align samples but methods were timed sequentially; use independent-resample intervals
34,funnel,4,bucketed,last_depth,128,512,4,25,1.4308966919779778,1.2134546861052513,repeat indices align samples but methods were timed sequentially; use independent-resample intervals
34,funnel,4,bucketed,last_depth,128,512,4,26,1.336394064128399,1.20674329996109,repeat indices align samples but methods were timed sequentially; use independent-resample intervals
34,funnel,4,bucketed,last_depth,128,512,4,27,1.3565527126193047,1.1877092644572258,repeat indices align samples but methods were timed sequentially; use independent-resample intervals
34,funnel,4,bucketed,last_depth,128,512,4,28,1.5660550966858864,1.2306045964360237,repeat indices align samples but methods were timed sequentially; use independent-resample intervals
34,funnel,4,bucketed,last_depth,128,512,4,29,1.4959670379757881,1.252019926905632,repeat indices align samples but methods were timed sequentially; use independent-resample intervals
