row_number,model,seed,method,predictor,bucket_size,num_chains,dimension,repeat,method_seconds,monolithic_seconds_same_index,pairing_note
0,eight_schools_noncentered,0,monolithic,monolithic,0,512,10,0,4.783946365118027,4.783946365118027,repeat indices align samples but methods were timed sequentially; use independent-resample intervals
0,eight_schools_noncentered,0,monolithic,monolithic,0,512,10,1,0.4406552165746689,0.4406552165746689,repeat indices align samples but methods were timed sequentially; use independent-resample intervals
0,eight_schools_noncentered,0,monolithic,monolithic,0,512,10,2,0.38037731498479843,0.38037731498479843,repeat indices align samples but methods were timed sequentially; use independent-resample intervals
0,eight_schools_noncentered,0,monolithic,monolithic,0,512,10,3,0.45840317010879517,0.45840317010879517,repeat indices align samples but methods were timed sequentially; use independent-resample intervals
0,eight_schools_noncentered,0,monolithic,monolithic,0,512,10,4,0.41867369413375854,0.41867369413375854,repeat indices align samples but methods were timed sequentially; use independent-resample intervals
0,eight_schools_noncentered,0,monolithic,monolithic,0,512,10,5,0.4614218771457672,0.4614218771457672,repeat indices align samples but methods were timed sequentially; use independent-resample intervals
0,eight_schools_noncentered,0,monolithic,monolithic,0,512,10,6,0.39845936745405197,0.39845936745405197,repeat indices align samples but methods were timed sequentially; use independent-resample intervals
0,eight_schools_noncentered,0,monolithic,monolithic,0,512,10,7,0.4637657627463341,0.4637657627463341,repeat indices align samples but methods were timed sequentially; use independent-resample intervals
0,eight_schools_noncentered,0,monolithic,monolithic,0,512,10,8,0.42654789984226227,0.42654789984226227,repeat indices align samples but methods were timed sequentially; use independent-resample intervals
0,eight_schools_noncentered,0,monolithic,monolithic,0,512,10,9,0.4376004785299301,0.4376004785299301,repeat indices align samples but methods were timed sequentially; use independent-resample intervals
0,eight_schools_noncentered,0,monolithic,monolithic,0,512,10,10,0.40481144934892654,0.40481144934892654,repeat indices align samples but methods were timed sequentially; use independent-resample intervals
0,eight_schools_noncentered,0,monolithic,monolithic,0,512,10,11,0.43699079006910324,0.43699079006910324,repeat indices align samples but methods were timed sequentially; use independent-resample intervals
0,eight_schools_noncentered,0,monolithic,monolithic,0,512,10,12,0.4259481728076935,0.4259481728076935,repeat indices align samples but methods were timed sequentially; use independent-resample intervals
0,eight_schools_noncentered,0,monolithic,monolithic,0,512,10,13,0.48324649780988693,0.48324649780988693,repeat indices align samples but methods were timed sequentially; use independent-resample intervals
0,eight_schools_noncentered,0,monolithic,monolithic,0,512,10,14,0.44373349845409393,0.44373349845409393,repeat indices align samples but methods were timed sequentially; use independent-resample intervals
0,eight_schools_noncentered,0,monolithic,monolithic,0,512,10,15,0.38824448734521866,0.38824448734521866,repeat indices align samples but methods were timed sequentially; use independent-resample intervals
0,eight_schools_noncentered,0,monolithic,monolithic,0,512,10,16,0.40607158839702606,0.40607158839702606,repeat indices align samples but methods were timed sequentially; use independent-resample intervals
0,eight_schools_noncentered,0,monolithic,monolithic,0,512,10,17,0.4142390862107277,0.4142390862107277,repeat indices align samples but methods were timed sequentially; use independent-resample intervals
0,eight_schools_noncentered,0,monolithic,monolithic,0,512,10,18,0.46437107771635056,0.46437107771635056,repeat indices align samples but methods were timed sequentially; use independent-resample intervals
0,eight_schools_noncentered,0,monolithic,monolithic,0,512,10,19,0.4123690128326416,0.4123690128326416,repeat indices align samples but methods were timed sequentially; use independent-resample intervals
0,eight_schools_noncentered,0,monolithic,monolithic,0,512,10,20,0.34695278108119965,0.34695278108119965,repeat indices align samples but methods were timed sequentially; use independent-resample intervals
0,eight_schools_noncentered,0,monolithic,monolithic,0,512,10,21,0.42094798386096954,0.42094798386096954,repeat indices align samples but methods were timed sequentially; use independent-resample intervals
0,eight_schools_noncentered,0,monolithic,monolithic,0,512,10,22,0.4756600558757782,0.4756600558757782,repeat indices align samples but methods were timed sequentially; use independent-resample intervals
0,eight_schools_noncentered,0,monolithic,monolithic,0,512,10,23,0.47432053834199905,0.47432053834199905,repeat indices align samples but methods were timed sequentially; use independent-resample intervals
0,eight_schools_noncentered,0,monolithic,monolithic,0,512,10,24,0.41115882992744446,0.41115882992744446,repeat indices align samples but methods were timed sequentially; use independent-resample intervals
0,eight_schools_noncentered,0,monolithic,monolithic,0,512,10,25,0.43033184856176376,0.43033184856176376,repeat indices align samples but methods were timed sequentially; use independent-resample intervals
0,eight_schools_noncentered,0,monolithic,monolithic,0,512,10,26,0.4238474667072296,0.4238474667072296,repeat indices align samples but methods were timed sequentially; use independent-resample intervals
0,eight_schools_noncentered,0,monolithic,monolithic,0,512,10,27,0.4765070006251335,0.4765070006251335,repeat indices align samples but methods were timed sequentially; use independent-resample intervals
0,eight_schools_noncentered,0,monolithic,monolithic,0,512,10,28,0.49719198048114777,0.49719198048114777,repeat indices align samples but methods were timed sequentially; use independent-resample intervals
0,eight_schools_noncentered,0,monolithic,monolithic,0,512,10,29,0.5434698089957237,0.5434698089957237,repeat indices align samples but methods were timed sequentially; use independent-resample intervals
1,eight_schools_noncentered,0,bucketed,none,64,512,10,0,3.2932608649134636,4.783946365118027,repeat indices align samples but methods were timed sequentially; use independent-resample intervals
1,eight_schools_noncentered,0,bucketed,none,64,512,10,1,0.5188359096646309,0.4406552165746689,repeat indices align samples but methods were timed sequentially; use independent-resample intervals
1,eight_schools_noncentered,0,bucketed,none,64,512,10,2,0.5937053263187408,0.38037731498479843,repeat indices align samples but methods were timed sequentially; use independent-resample intervals
1,eight_schools_noncentered,0,bucketed,none,64,512,10,3,0.5146965757012367,0.45840317010879517,repeat indices align samples but methods were timed sequentially; use independent-resample intervals
1,eight_schools_noncentered,0,bucketed,none,64,512,10,4,0.5067514926195145,0.41867369413375854,repeat indices align samples but methods were timed sequentially; use independent-resample intervals
1,eight_schools_noncentered,0,bucketed,none,64,512,10,5,0.5249512493610382,0.4614218771457672,repeat indices align samples but methods were timed sequentially; use independent-resample intervals
1,eight_schools_noncentered,0,bucketed,none,64,512,10,6,0.5261813029646873,0.39845936745405197,repeat indices align samples but methods were timed sequentially; use independent-resample intervals
1,eight_schools_noncentered,0,bucketed,none,64,512,10,7,0.5030474588274956,0.4637657627463341,repeat indices align samples but methods were timed sequentially; use independent-resample intervals
1,eight_schools_noncentered,0,bucketed,none,64,512,10,8,0.5782004445791245,0.42654789984226227,repeat indices align samples but methods were timed sequentially; use independent-resample intervals
1,eight_schools_noncentered,0,bucketed,none,64,512,10,9,0.5046655759215355,0.4376004785299301,repeat indices align samples but methods were timed sequentially; use independent-resample intervals
1,eight_schools_noncentered,0,bucketed,none,64,512,10,10,0.5109286978840828,0.40481144934892654,repeat indices align samples but methods were timed sequentially; use independent-resample intervals
1,eight_schools_noncentered,0,bucketed,none,64,512,10,11,0.5207302868366241,0.43699079006910324,repeat indices align samples but methods were timed sequentially; use independent-resample intervals
1,eight_schools_noncentered,0,bucketed,none,64,512,10,12,0.5825020000338554,0.4259481728076935,repeat indices align samples but methods were timed sequentially; use independent-resample intervals
1,eight_schools_noncentered,0,bucketed,none,64,512,10,13,0.5774061158299446,0.48324649780988693,repeat indices align samples but methods were timed sequentially; use independent-resample intervals
1,eight_schools_noncentered,0,bucketed,none,64,512,10,14,0.5392620339989662,0.44373349845409393,repeat indices align samples but methods were timed sequentially; use independent-resample intervals
1,eight_schools_noncentered,0,bucketed,none,64,512,10,15,0.4795003831386566,0.38824448734521866,repeat indices align samples but methods were timed sequentially; use independent-resample intervals
1,eight_schools_noncentered,0,bucketed,none,64,512,10,16,0.5150725841522217,0.40607158839702606,repeat indices align samples but methods were timed sequentially; use independent-resample intervals
1,eight_schools_noncentered,0,bucketed,none,64,512,10,17,0.48357051610946655,0.4142390862107277,repeat indices align samples but methods were timed sequentially; use independent-resample intervals
1,eight_schools_noncentered,0,bucketed,none,64,512,10,18,0.5648401081562042,0.46437107771635056,repeat indices align samples but methods were timed sequentially; use independent-resample intervals
1,eight_schools_noncentered,0,bucketed,none,64,512,10,19,0.46222612261772156,0.4123690128326416,repeat indices align samples but methods were timed sequentially; use independent-resample intervals
1,eight_schools_noncentered,0,bucketed,none,64,512,10,20,0.5280019119381905,0.34695278108119965,repeat indices align samples but methods were timed sequentially; use independent-resample intervals
1,eight_schools_noncentered,0,bucketed,none,64,512,10,21,0.5455746278166771,0.42094798386096954,repeat indices align samples but methods were timed sequentially; use independent-resample intervals
1,eight_schools_noncentered,0,bucketed,none,64,512,10,22,0.4549967274069786,0.4756600558757782,repeat indices align samples but methods were timed sequentially; use independent-resample intervals
1,eight_schools_noncentered,0,bucketed,none,64,512,10,23,0.6042993739247322,0.47432053834199905,repeat indices align samples but methods were timed sequentially; use independent-resample intervals
1,eight_schools_noncentered,0,bucketed,none,64,512,10,24,0.588298961520195,0.41115882992744446,repeat indices align samples but methods were timed sequentially; use independent-resample intervals
1,eight_schools_noncentered,0,bucketed,none,64,512,10,25,0.5466422438621521,0.43033184856176376,repeat indices align samples but methods were timed sequentially; use independent-resample intervals
1,eight_schools_noncentered,0,bucketed,none,64,512,10,26,0.49045444279909134,0.4238474667072296,repeat indices align samples but methods were timed sequentially; use independent-resample intervals
1,eight_schools_noncentered,0,bucketed,none,64,512,10,27,0.5328503996133804,0.4765070006251335,repeat indices align samples but methods were timed sequentially; use independent-resample intervals
1,eight_schools_noncentered,0,bucketed,none,64,512,10,28,0.49141765385866165,0.49719198048114777,repeat indices align samples but methods were timed sequentially; use independent-resample intervals
1,eight_schools_noncentered,0,bucketed,none,64,512,10,29,0.5027950331568718,0.5434698089957237,repeat indices align samples but methods were timed sequentially; use independent-resample intervals
2,eight_schools_noncentered,0,bucketed,none,128,512,10,0,2.851054549217224,4.783946365118027,repeat indices align samples but methods were timed sequentially; use independent-resample intervals
2,eight_schools_noncentered,0,bucketed,none,128,512,10,1,0.4379236549139023,0.4406552165746689,repeat indices align samples but methods were timed sequentially; use independent-resample intervals
2,eight_schools_noncentered,0,bucketed,none,128,512,10,2,0.45181532204151154,0.38037731498479843,repeat indices align samples but methods were timed sequentially; use independent-resample intervals
2,eight_schools_noncentered,0,bucketed,none,128,512,10,3,0.502796433866024,0.45840317010879517,repeat indices align samples but methods were timed sequentially; use independent-resample intervals
2,eight_schools_noncentered,0,bucketed,none,128,512,10,4,0.4588642343878746,0.41867369413375854,repeat indices align samples but methods were timed sequentially; use independent-resample intervals
2,eight_schools_noncentered,0,bucketed,none,128,512,10,5,0.44617513567209244,0.4614218771457672,repeat indices align samples but methods were timed sequentially; use independent-resample intervals
2,eight_schools_noncentered,0,bucketed,none,128,512,10,6,0.44992026686668396,0.39845936745405197,repeat indices align samples but methods were timed sequentially; use independent-resample intervals
2,eight_schools_noncentered,0,bucketed,none,128,512,10,7,0.4811960533261299,0.4637657627463341,repeat indices align samples but methods were timed sequentially; use independent-resample intervals
2,eight_schools_noncentered,0,bucketed,none,128,512,10,8,0.4310567378997803,0.42654789984226227,repeat indices align samples but methods were timed sequentially; use independent-resample intervals
2,eight_schools_noncentered,0,bucketed,none,128,512,10,9,0.5040789544582367,0.4376004785299301,repeat indices align samples but methods were timed sequentially; use independent-resample intervals
2,eight_schools_noncentered,0,bucketed,none,128,512,10,10,0.4892648905515671,0.40481144934892654,repeat indices align samples but methods were timed sequentially; use independent-resample intervals
2,eight_schools_noncentered,0,bucketed,none,128,512,10,11,0.4958406016230583,0.43699079006910324,repeat indices align samples but methods were timed sequentially; use independent-resample intervals
2,eight_schools_noncentered,0,bucketed,none,128,512,10,12,0.49212250113487244,0.4259481728076935,repeat indices align samples but methods were timed sequentially; use independent-resample intervals
2,eight_schools_noncentered,0,bucketed,none,128,512,10,13,0.48782599717378616,0.48324649780988693,repeat indices align samples but methods were timed sequentially; use independent-resample intervals
2,eight_schools_noncentered,0,bucketed,none,128,512,10,14,0.47383592277765274,0.44373349845409393,repeat indices align samples but methods were timed sequentially; use independent-resample intervals
2,eight_schools_noncentered,0,bucketed,none,128,512,10,15,0.5133866742253304,0.38824448734521866,repeat indices align samples but methods were timed sequentially; use independent-resample intervals
2,eight_schools_noncentered,0,bucketed,none,128,512,10,16,0.48788170516490936,0.40607158839702606,repeat indices align samples but methods were timed sequentially; use independent-resample intervals
2,eight_schools_noncentered,0,bucketed,none,128,512,10,17,0.49672670662403107,0.4142390862107277,repeat indices align samples but methods were timed sequentially; use independent-resample intervals
2,eight_schools_noncentered,0,bucketed,none,128,512,10,18,0.464045949280262,0.46437107771635056,repeat indices align samples but methods were timed sequentially; use independent-resample intervals
2,eight_schools_noncentered,0,bucketed,none,128,512,10,19,0.5155433192849159,0.4123690128326416,repeat indices align samples but methods were timed sequentially; use independent-resample intervals
2,eight_schools_noncentered,0,bucketed,none,128,512,10,20,0.5165435075759888,0.34695278108119965,repeat indices align samples but methods were timed sequentially; use independent-resample intervals
2,eight_schools_noncentered,0,bucketed,none,128,512,10,21,0.48188941925764084,0.42094798386096954,repeat indices align samples but methods were timed sequentially; use independent-resample intervals
2,eight_schools_noncentered,0,bucketed,none,128,512,10,22,0.46315908432006836,0.4756600558757782,repeat indices align samples but methods were timed sequentially; use independent-resample intervals
2,eight_schools_noncentered,0,bucketed,none,128,512,10,23,0.5209534168243408,0.47432053834199905,repeat indices align samples but methods were timed sequentially; use independent-resample intervals
2,eight_schools_noncentered,0,bucketed,none,128,512,10,24,0.49929971992969513,0.41115882992744446,repeat indices align samples but methods were timed sequentially; use independent-resample intervals
2,eight_schools_noncentered,0,bucketed,none,128,512,10,25,0.5044758394360542,0.43033184856176376,repeat indices align samples but methods were timed sequentially; use independent-resample intervals
2,eight_schools_noncentered,0,bucketed,none,128,512,10,26,0.4599148705601692,0.4238474667072296,repeat indices align samples but methods were timed sequentially; use independent-resample intervals
2,eight_schools_noncentered,0,bucketed,none,128,512,10,27,0.4738428294658661,0.4765070006251335,repeat indices align samples but methods were timed sequentially; use independent-resample intervals
2,eight_schools_noncentered,0,bucketed,none,128,512,10,28,0.46848300099372864,0.49719198048114777,repeat indices align samples but methods were timed sequentially; use independent-resample intervals
2,eight_schools_noncentered,0,bucketed,none,128,512,10,29,0.5383399352431297,0.5434698089957237,repeat indices align samples but methods were timed sequentially; use independent-resample intervals
3,eight_schools_noncentered,0,bucketed,history,64,512,10,0,0.6554361432790756,4.783946365118027,repeat indices align samples but methods were timed sequentially; use independent-resample intervals
3,eight_schools_noncentered,0,bucketed,history,64,512,10,1,0.5939467772841454,0.4406552165746689,repeat indices align samples but methods were timed sequentially; use independent-resample intervals
3,eight_schools_noncentered,0,bucketed,history,64,512,10,2,0.5071506574749947,0.38037731498479843,repeat indices align samples but methods were timed sequentially; use independent-resample intervals
3,eight_schools_noncentered,0,bucketed,history,64,512,10,3,0.5370534211397171,0.45840317010879517,repeat indices align samples but methods were timed sequentially; use independent-resample intervals
3,eight_schools_noncentered,0,bucketed,history,64,512,10,4,0.6179819256067276,0.41867369413375854,repeat indices align samples but methods were timed sequentially; use independent-resample intervals
3,eight_schools_noncentered,0,bucketed,history,64,512,10,5,0.671212948858738,0.4614218771457672,repeat indices align samples but methods were timed sequentially; use independent-resample intervals
3,eight_schools_noncentered,0,bucketed,history,64,512,10,6,0.536294475197792,0.39845936745405197,repeat indices align samples but methods were timed sequentially; use independent-resample intervals
3,eight_schools_noncentered,0,bucketed,history,64,512,10,7,0.5937357023358345,0.4637657627463341,repeat indices align samples but methods were timed sequentially; use independent-resample intervals
3,eight_schools_noncentered,0,bucketed,history,64,512,10,8,0.6370174661278725,0.42654789984226227,repeat indices align samples but methods were timed sequentially; use independent-resample intervals
3,eight_schools_noncentered,0,bucketed,history,64,512,10,9,0.6199710071086884,0.4376004785299301,repeat indices align samples but methods were timed sequentially; use independent-resample intervals
3,eight_schools_noncentered,0,bucketed,history,64,512,10,10,0.5122974961996078,0.40481144934892654,repeat indices align samples but methods were timed sequentially; use independent-resample intervals
3,eight_schools_noncentered,0,bucketed,history,64,512,10,11,0.5734450742602348,0.43699079006910324,repeat indices align samples but methods were timed sequentially; use independent-resample intervals
3,eight_schools_noncentered,0,bucketed,history,64,512,10,12,0.512963280081749,0.4259481728076935,repeat indices align samples but methods were timed sequentially; use independent-resample intervals
3,eight_schools_noncentered,0,bucketed,history,64,512,10,13,0.5324821323156357,0.48324649780988693,repeat indices align samples but methods were timed sequentially; use independent-resample intervals
3,eight_schools_noncentered,0,bucketed,history,64,512,10,14,0.5335088223218918,0.44373349845409393,repeat indices align samples but methods were timed sequentially; use independent-resample intervals
3,eight_schools_noncentered,0,bucketed,history,64,512,10,15,0.5141470953822136,0.38824448734521866,repeat indices align samples but methods were timed sequentially; use independent-resample intervals
3,eight_schools_noncentered,0,bucketed,history,64,512,10,16,0.4958338364958763,0.40607158839702606,repeat indices align samples but methods were timed sequentially; use independent-resample intervals
3,eight_schools_noncentered,0,bucketed,history,64,512,10,17,0.6353338286280632,0.4142390862107277,repeat indices align samples but methods were timed sequentially; use independent-resample intervals
3,eight_schools_noncentered,0,bucketed,history,64,512,10,18,0.6376776695251465,0.46437107771635056,repeat indices align samples but methods were timed sequentially; use independent-resample intervals
3,eight_schools_noncentered,0,bucketed,history,64,512,10,19,0.5208365470170975,0.4123690128326416,repeat indices align samples but methods were timed sequentially; use independent-resample intervals
3,eight_schools_noncentered,0,bucketed,history,64,512,10,20,0.6179351881146431,0.34695278108119965,repeat indices align samples but methods were timed sequentially; use independent-resample intervals
3,eight_schools_noncentered,0,bucketed,history,64,512,10,21,0.5342018902301788,0.42094798386096954,repeat indices align samples but methods were timed sequentially; use independent-resample intervals
3,eight_schools_noncentered,0,bucketed,history,64,512,10,22,0.5429483205080032,0.4756600558757782,repeat indices align samples but methods were timed sequentially; use independent-resample intervals
3,eight_schools_noncentered,0,bucketed,history,64,512,10,23,0.46523186564445496,0.47432053834199905,repeat indices align samples but methods were timed sequentially; use independent-resample intervals
3,eight_schools_noncentered,0,bucketed,history,64,512,10,24,0.5412632599473,0.41115882992744446,repeat indices align samples but methods were timed sequentially; use independent-resample intervals
3,eight_schools_noncentered,0,bucketed,history,64,512,10,25,0.5088925436139107,0.43033184856176376,repeat indices align samples but methods were timed sequentially; use independent-resample intervals
3,eight_schools_noncentered,0,bucketed,history,64,512,10,26,0.5394657105207443,0.4238474667072296,repeat indices align samples but methods were timed sequentially; use independent-resample intervals
3,eight_schools_noncentered,0,bucketed,history,64,512,10,27,0.5346951186656952,0.4765070006251335,repeat indices align samples but methods were timed sequentially; use independent-resample intervals
3,eight_schools_noncentered,0,bucketed,history,64,512,10,28,0.58043172955513,0.49719198048114777,repeat indices align samples but methods were timed sequentially; use independent-resample intervals
3,eight_schools_noncentered,0,bucketed,history,64,512,10,29,0.5862540677189827,0.5434698089957237,repeat indices align samples but methods were timed sequentially; use independent-resample intervals
4,eight_schools_noncentered,0,bucketed,history,128,512,10,0,0.49716704338788986,4.783946365118027,repeat indices align samples but methods were timed sequentially; use independent-resample intervals
4,eight_schools_noncentered,0,bucketed,history,128,512,10,1,0.4322413206100464,0.4406552165746689,repeat indices align samples but methods were timed sequentially; use independent-resample intervals
4,eight_schools_noncentered,0,bucketed,history,128,512,10,2,0.4585217833518982,0.38037731498479843,repeat indices align samples but methods were timed sequentially; use independent-resample intervals
4,eight_schools_noncentered,0,bucketed,history,128,512,10,3,0.475824773311615,0.45840317010879517,repeat indices align samples but methods were timed sequentially; use independent-resample intervals
4,eight_schools_noncentered,0,bucketed,history,128,512,10,4,0.5168741792440414,0.41867369413375854,repeat indices align samples but methods were timed sequentially; use independent-resample intervals
4,eight_schools_noncentered,0,bucketed,history,128,512,10,5,0.41292333602905273,0.4614218771457672,repeat indices align samples but methods were timed sequentially; use independent-resample intervals
4,eight_schools_noncentered,0,bucketed,history,128,512,10,6,0.4285953715443611,0.39845936745405197,repeat indices align samples but methods were timed sequentially; use independent-resample intervals
4,eight_schools_noncentered,0,bucketed,history,128,512,10,7,0.43973613530397415,0.4637657627463341,repeat indices align samples but methods were timed sequentially; use independent-resample intervals
4,eight_schools_noncentered,0,bucketed,history,128,512,10,8,0.4871346056461334,0.42654789984226227,repeat indices align samples but methods were timed sequentially; use independent-resample intervals
4,eight_schools_noncentered,0,bucketed,history,128,512,10,9,0.5396025478839874,0.4376004785299301,repeat indices align samples but methods were timed sequentially; use independent-resample intervals
4,eight_schools_noncentered,0,bucketed,history,128,512,10,10,0.7249412387609482,0.40481144934892654,repeat indices align samples but methods were timed sequentially; use independent-resample intervals
4,eight_schools_noncentered,0,bucketed,history,128,512,10,11,0.6988569870591164,0.43699079006910324,repeat indices align samples but methods were timed sequentially; use independent-resample intervals
4,eight_schools_noncentered,0,bucketed,history,128,512,10,12,0.6401889473199844,0.4259481728076935,repeat indices align samples but methods were timed sequentially; use independent-resample intervals
4,eight_schools_noncentered,0,bucketed,history,128,512,10,13,0.6157997772097588,0.48324649780988693,repeat indices align samples but methods were timed sequentially; use independent-resample intervals
4,eight_schools_noncentered,0,bucketed,history,128,512,10,14,0.678974337875843,0.44373349845409393,repeat indices align samples but methods were timed sequentially; use independent-resample intervals
4,eight_schools_noncentered,0,bucketed,history,128,512,10,15,0.5224120914936066,0.38824448734521866,repeat indices align samples but methods were timed sequentially; use independent-resample intervals
4,eight_schools_noncentered,0,bucketed,history,128,512,10,16,0.48762286454439163,0.40607158839702606,repeat indices align samples but methods were timed sequentially; use independent-resample intervals
4,eight_schools_noncentered,0,bucketed,history,128,512,10,17,0.5182499438524246,0.4142390862107277,repeat indices align samples but methods were timed sequentially; use independent-resample intervals
4,eight_schools_noncentered,0,bucketed,history,128,512,10,18,0.4185977801680565,0.46437107771635056,repeat indices align samples but methods were timed sequentially; use independent-resample intervals
4,eight_schools_noncentered,0,bucketed,history,128,512,10,19,0.4047871530056,0.4123690128326416,repeat indices align samples but methods were timed sequentially; use independent-resample intervals
4,eight_schools_noncentered,0,bucketed,history,128,512,10,20,0.4126821979880333,0.34695278108119965,repeat indices align samples but methods were timed sequentially; use independent-resample intervals
4,eight_schools_noncentered,0,bucketed,history,128,512,10,21,0.4365052059292793,0.42094798386096954,repeat indices align samples but methods were timed sequentially; use independent-resample intervals
4,eight_schools_noncentered,0,bucketed,history,128,512,10,22,0.4906197637319565,0.4756600558757782,repeat indices align samples but methods were timed sequentially; use independent-resample intervals
4,eight_schools_noncentered,0,bucketed,history,128,512,10,23,0.5744471549987793,0.47432053834199905,repeat indices align samples but methods were timed sequentially; use independent-resample intervals
4,eight_schools_noncentered,0,bucketed,history,128,512,10,24,0.5955075919628143,0.41115882992744446,repeat indices align samples but methods were timed sequentially; use independent-resample intervals
4,eight_schools_noncentered,0,bucketed,history,128,512,10,25,0.6004794389009476,0.43033184856176376,repeat indices align samples but methods were timed sequentially; use independent-resample intervals
4,eight_schools_noncentered,0,bucketed,history,128,512,10,26,0.5118264853954315,0.4238474667072296,repeat indices align samples but methods were timed sequentially; use independent-resample intervals
4,eight_schools_noncentered,0,bucketed,history,128,512,10,27,0.5865083560347557,0.4765070006251335,repeat indices align samples but methods were timed sequentially; use independent-resample intervals
4,eight_schools_noncentered,0,bucketed,history,128,512,10,28,0.5159022882580757,0.49719198048114777,repeat indices align samples but methods were timed sequentially; use independent-resample intervals
4,eight_schools_noncentered,0,bucketed,history,128,512,10,29,0.41934649646282196,0.5434698089957237,repeat indices align samples but methods were timed sequentially; use independent-resample intervals
5,eight_schools_noncentered,0,bucketed,last_depth,64,512,10,0,0.5321887508034706,4.783946365118027,repeat indices align samples but methods were timed sequentially; use independent-resample intervals
5,eight_schools_noncentered,0,bucketed,last_depth,64,512,10,1,0.4522096961736679,0.4406552165746689,repeat indices align samples but methods were timed sequentially; use independent-resample intervals
5,eight_schools_noncentered,0,bucketed,last_depth,64,512,10,2,0.4794997423887253,0.38037731498479843,repeat indices align samples but methods were timed sequentially; use independent-resample intervals
5,eight_schools_noncentered,0,bucketed,last_depth,64,512,10,3,0.4677055850625038,0.45840317010879517,repeat indices align samples but methods were timed sequentially; use independent-resample intervals
5,eight_schools_noncentered,0,bucketed,last_depth,64,512,10,4,0.59275883436203,0.41867369413375854,repeat indices align samples but methods were timed sequentially; use independent-resample intervals
5,eight_schools_noncentered,0,bucketed,last_depth,64,512,10,5,0.5576701983809471,0.4614218771457672,repeat indices align samples but methods were timed sequentially; use independent-resample intervals
5,eight_schools_noncentered,0,bucketed,last_depth,64,512,10,6,0.5203051641583443,0.39845936745405197,repeat indices align samples but methods were timed sequentially; use independent-resample intervals
5,eight_schools_noncentered,0,bucketed,last_depth,64,512,10,7,0.5718718841671944,0.4637657627463341,repeat indices align samples but methods were timed sequentially; use independent-resample intervals
5,eight_schools_noncentered,0,bucketed,last_depth,64,512,10,8,0.5487565323710442,0.42654789984226227,repeat indices align samples but methods were timed sequentially; use independent-resample intervals
5,eight_schools_noncentered,0,bucketed,last_depth,64,512,10,9,0.5096437335014343,0.4376004785299301,repeat indices align samples but methods were timed sequentially; use independent-resample intervals
5,eight_schools_noncentered,0,bucketed,last_depth,64,512,10,10,0.5674645900726318,0.40481144934892654,repeat indices align samples but methods were timed sequentially; use independent-resample intervals
5,eight_schools_noncentered,0,bucketed,last_depth,64,512,10,11,0.5043743327260017,0.43699079006910324,repeat indices align samples but methods were timed sequentially; use independent-resample intervals
5,eight_schools_noncentered,0,bucketed,last_depth,64,512,10,12,0.4651542603969574,0.4259481728076935,repeat indices align samples but methods were timed sequentially; use independent-resample intervals
5,eight_schools_noncentered,0,bucketed,last_depth,64,512,10,13,0.5181513577699661,0.48324649780988693,repeat indices align samples but methods were timed sequentially; use independent-resample intervals
5,eight_schools_noncentered,0,bucketed,last_depth,64,512,10,14,0.5410264357924461,0.44373349845409393,repeat indices align samples but methods were timed sequentially; use independent-resample intervals
5,eight_schools_noncentered,0,bucketed,last_depth,64,512,10,15,0.5635516345500946,0.38824448734521866,repeat indices align samples but methods were timed sequentially; use independent-resample intervals
5,eight_schools_noncentered,0,bucketed,last_depth,64,512,10,16,0.548723466694355,0.40607158839702606,repeat indices align samples but methods were timed sequentially; use independent-resample intervals
5,eight_schools_noncentered,0,bucketed,last_depth,64,512,10,17,0.4944133386015892,0.4142390862107277,repeat indices align samples but methods were timed sequentially; use independent-resample intervals
5,eight_schools_noncentered,0,bucketed,last_depth,64,512,10,18,0.534178115427494,0.46437107771635056,repeat indices align samples but methods were timed sequentially; use independent-resample intervals
5,eight_schools_noncentered,0,bucketed,last_depth,64,512,10,19,0.5386059209704399,0.4123690128326416,repeat indices align samples but methods were timed sequentially; use independent-resample intervals
5,eight_schools_noncentered,0,bucketed,last_depth,64,512,10,20,0.5139114856719971,0.34695278108119965,repeat indices align samples but methods were timed sequentially; use independent-resample intervals
5,eight_schools_noncentered,0,bucketed,last_depth,64,512,10,21,0.5107632800936699,0.42094798386096954,repeat indices align samples but methods were timed sequentially; use independent-resample intervals
5,eight_schools_noncentered,0,bucketed,last_depth,64,512,10,22,0.4546527564525604,0.4756600558757782,repeat indices align samples but methods were timed sequentially; use independent-resample intervals
5,eight_schools_noncentered,0,bucketed,last_depth,64,512,10,23,0.5076144933700562,0.47432053834199905,repeat indices align samples but methods were timed sequentially; use independent-resample intervals
5,eight_schools_noncentered,0,bucketed,last_depth,64,512,10,24,0.5738648250699043,0.41115882992744446,repeat indices align samples but methods were timed sequentially; use independent-resample intervals
5,eight_schools_noncentered,0,bucketed,last_depth,64,512,10,25,0.5315089598298073,0.43033184856176376,repeat indices align samples but methods were timed sequentially; use independent-resample intervals
5,eight_schools_noncentered,0,bucketed,last_depth,64,512,10,26,0.5069993212819099,0.4238474667072296,repeat indices align samples but methods were timed sequentially; use independent-resample intervals
5,eight_schools_noncentered,0,bucketed,last_depth,64,512,10,27,0.5883575305342674,0.4765070006251335,repeat indices align samples but methods were timed sequentially; use independent-resample intervals
5,eight_schools_noncentered,0,bucketed,last_depth,64,512,10,28,0.5550964027643204,0.49719198048114777,repeat indices align samples but methods were timed sequentially; use independent-resample intervals
5,eight_schools_noncentered,0,bucketed,last_depth,64,512,10,29,0.5676706656813622,0.5434698089957237,repeat indices align samples but methods were timed sequentially; use independent-resample intervals
6,eight_schools_noncentered,0,bucketed,last_depth,128,512,10,0,0.45495476573705673,4.783946365118027,repeat indices align samples but methods were timed sequentially; use independent-resample intervals
6,eight_schools_noncentered,0,bucketed,last_depth,128,512,10,1,0.4589183107018471,0.4406552165746689,repeat indices align samples but methods were timed sequentially; use independent-resample intervals
6,eight_schools_noncentered,0,bucketed,last_depth,128,512,10,2,0.4732286334037781,0.38037731498479843,repeat indices align samples but methods were timed sequentially; use independent-resample intervals
6,eight_schools_noncentered,0,bucketed,last_depth,128,512,10,3,0.4378136619925499,0.45840317010879517,repeat indices align samples but methods were timed sequentially; use independent-resample intervals
6,eight_schools_noncentered,0,bucketed,last_depth,128,512,10,4,0.45446503162384033,0.41867369413375854,repeat indices align samples but methods were timed sequentially; use independent-resample intervals
6,eight_schools_noncentered,0,bucketed,last_depth,128,512,10,5,0.45793335139751434,0.4614218771457672,repeat indices align samples but methods were timed sequentially; use independent-resample intervals
6,eight_schools_noncentered,0,bucketed,last_depth,128,512,10,6,0.6342564299702644,0.39845936745405197,repeat indices align samples but methods were timed sequentially; use independent-resample intervals
6,eight_schools_noncentered,0,bucketed,last_depth,128,512,10,7,0.42894529551267624,0.4637657627463341,repeat indices align samples but methods were timed sequentially; use independent-resample intervals
6,eight_schools_noncentered,0,bucketed,last_depth,128,512,10,8,0.4368046522140503,0.42654789984226227,repeat indices align samples but methods were timed sequentially; use independent-resample intervals
6,eight_schools_noncentered,0,bucketed,last_depth,128,512,10,9,0.4613962024450302,0.4376004785299301,repeat indices align samples but methods were timed sequentially; use independent-resample intervals
6,eight_schools_noncentered,0,bucketed,last_depth,128,512,10,10,0.4879622980952263,0.40481144934892654,repeat indices align samples but methods were timed sequentially; use independent-resample intervals
6,eight_schools_noncentered,0,bucketed,last_depth,128,512,10,11,0.4297874718904495,0.43699079006910324,repeat indices align samples but methods were timed sequentially; use independent-resample intervals
6,eight_schools_noncentered,0,bucketed,last_depth,128,512,10,12,0.46431441605091095,0.4259481728076935,repeat indices align samples but methods were timed sequentially; use independent-resample intervals
6,eight_schools_noncentered,0,bucketed,last_depth,128,512,10,13,0.4291503578424454,0.48324649780988693,repeat indices align samples but methods were timed sequentially; use independent-resample intervals
6,eight_schools_noncentered,0,bucketed,last_depth,128,512,10,14,0.45824649930000305,0.44373349845409393,repeat indices align samples but methods were timed sequentially; use independent-resample intervals
6,eight_schools_noncentered,0,bucketed,last_depth,128,512,10,15,0.48552587628364563,0.38824448734521866,repeat indices align samples but methods were timed sequentially; use independent-resample intervals
6,eight_schools_noncentered,0,bucketed,last_depth,128,512,10,16,0.549908958375454,0.40607158839702606,repeat indices align samples but methods were timed sequentially; use independent-resample intervals
6,eight_schools_noncentered,0,bucketed,last_depth,128,512,10,17,0.543658584356308,0.4142390862107277,repeat indices align samples but methods were timed sequentially; use independent-resample intervals
6,eight_schools_noncentered,0,bucketed,last_depth,128,512,10,18,0.6295182034373283,0.46437107771635056,repeat indices align samples but methods were timed sequentially; use independent-resample intervals
6,eight_schools_noncentered,0,bucketed,last_depth,128,512,10,19,0.6522714197635651,0.4123690128326416,repeat indices align samples but methods were timed sequentially; use independent-resample intervals
6,eight_schools_noncentered,0,bucketed,last_depth,128,512,10,20,0.5965283438563347,0.34695278108119965,repeat indices align samples but methods were timed sequentially; use independent-resample intervals
6,eight_schools_noncentered,0,bucketed,last_depth,128,512,10,21,0.4664263650774956,0.42094798386096954,repeat indices align samples but methods were timed sequentially; use independent-resample intervals
6,eight_schools_noncentered,0,bucketed,last_depth,128,512,10,22,0.5286040753126144,0.4756600558757782,repeat indices align samples but methods were timed sequentially; use independent-resample intervals
6,eight_schools_noncentered,0,bucketed,last_depth,128,512,10,23,0.4550267904996872,0.47432053834199905,repeat indices align samples but methods were timed sequentially; use independent-resample intervals
6,eight_schools_noncentered,0,bucketed,last_depth,128,512,10,24,0.49136999249458313,0.41115882992744446,repeat indices align samples but methods were timed sequentially; use independent-resample intervals
6,eight_schools_noncentered,0,bucketed,last_depth,128,512,10,25,0.4399169608950615,0.43033184856176376,repeat indices align samples but methods were timed sequentially; use independent-resample intervals
6,eight_schools_noncentered,0,bucketed,last_depth,128,512,10,26,0.4743479862809181,0.4238474667072296,repeat indices align samples but methods were timed sequentially; use independent-resample intervals
6,eight_schools_noncentered,0,bucketed,last_depth,128,512,10,27,0.4649681970477104,0.4765070006251335,repeat indices align samples but methods were timed sequentially; use independent-resample intervals
6,eight_schools_noncentered,0,bucketed,last_depth,128,512,10,28,0.4372968152165413,0.49719198048114777,repeat indices align samples but methods were timed sequentially; use independent-resample intervals
6,eight_schools_noncentered,0,bucketed,last_depth,128,512,10,29,0.43899332731962204,0.5434698089957237,repeat indices align samples but methods were timed sequentially; use independent-resample intervals
7,eight_schools_noncentered,1,monolithic,monolithic,0,512,10,0,0.44907447695732117,0.44907447695732117,repeat indices align samples but methods were timed sequentially; use independent-resample intervals
7,eight_schools_noncentered,1,monolithic,monolithic,0,512,10,1,0.4292590767145157,0.4292590767145157,repeat indices align samples but methods were timed sequentially; use independent-resample intervals
7,eight_schools_noncentered,1,monolithic,monolithic,0,512,10,2,0.4201904460787773,0.4201904460787773,repeat indices align samples but methods were timed sequentially; use independent-resample intervals
7,eight_schools_noncentered,1,monolithic,monolithic,0,512,10,3,0.40910515934228897,0.40910515934228897,repeat indices align samples but methods were timed sequentially; use independent-resample intervals
7,eight_schools_noncentered,1,monolithic,monolithic,0,512,10,4,0.3584573045372963,0.3584573045372963,repeat indices align samples but methods were timed sequentially; use independent-resample intervals
7,eight_schools_noncentered,1,monolithic,monolithic,0,512,10,5,0.43471845239400864,0.43471845239400864,repeat indices align samples but methods were timed sequentially; use independent-resample intervals
7,eight_schools_noncentered,1,monolithic,monolithic,0,512,10,6,0.3715064153075218,0.3715064153075218,repeat indices align samples but methods were timed sequentially; use independent-resample intervals
7,eight_schools_noncentered,1,monolithic,monolithic,0,512,10,7,0.42115824669599533,0.42115824669599533,repeat indices align samples but methods were timed sequentially; use independent-resample intervals
7,eight_schools_noncentered,1,monolithic,monolithic,0,512,10,8,0.396137572824955,0.396137572824955,repeat indices align samples but methods were timed sequentially; use independent-resample intervals
7,eight_schools_noncentered,1,monolithic,monolithic,0,512,10,9,0.4630563259124756,0.4630563259124756,repeat indices align samples but methods were timed sequentially; use independent-resample intervals
7,eight_schools_noncentered,1,monolithic,monolithic,0,512,10,10,0.46211882680654526,0.46211882680654526,repeat indices align samples but methods were timed sequentially; use independent-resample intervals
7,eight_schools_noncentered,1,monolithic,monolithic,0,512,10,11,0.4338013827800751,0.4338013827800751,repeat indices align samples but methods were timed sequentially; use independent-resample intervals
7,eight_schools_noncentered,1,monolithic,monolithic,0,512,10,12,0.34590931236743927,0.34590931236743927,repeat indices align samples but methods were timed sequentially; use independent-resample intervals
7,eight_schools_noncentered,1,monolithic,monolithic,0,512,10,13,0.36348559707403183,0.36348559707403183,repeat indices align samples but methods were timed sequentially; use independent-resample intervals
7,eight_schools_noncentered,1,monolithic,monolithic,0,512,10,14,0.4176725000143051,0.4176725000143051,repeat indices align samples but methods were timed sequentially; use independent-resample intervals
7,eight_schools_noncentered,1,monolithic,monolithic,0,512,10,15,0.37560441344976425,0.37560441344976425,repeat indices align samples but methods were timed sequentially; use independent-resample intervals
7,eight_schools_noncentered,1,monolithic,monolithic,0,512,10,16,0.41518812626600266,0.41518812626600266,repeat indices align samples but methods were timed sequentially; use independent-resample intervals
7,eight_schools_noncentered,1,monolithic,monolithic,0,512,10,17,0.41663750261068344,0.41663750261068344,repeat indices align samples but methods were timed sequentially; use independent-resample intervals
7,eight_schools_noncentered,1,monolithic,monolithic,0,512,10,18,0.40126658231019974,0.40126658231019974,repeat indices align samples but methods were timed sequentially; use independent-resample intervals
7,eight_schools_noncentered,1,monolithic,monolithic,0,512,10,19,0.43277308344841003,0.43277308344841003,repeat indices align samples but methods were timed sequentially; use independent-resample intervals
7,eight_schools_noncentered,1,monolithic,monolithic,0,512,10,20,0.4757581651210785,0.4757581651210785,repeat indices align samples but methods were timed sequentially; use independent-resample intervals
7,eight_schools_noncentered,1,monolithic,monolithic,0,512,10,21,0.42160864174366,0.42160864174366,repeat indices align samples but methods were timed sequentially; use independent-resample intervals
7,eight_schools_noncentered,1,monolithic,monolithic,0,512,10,22,0.3910195827484131,0.3910195827484131,repeat indices align samples but methods were timed sequentially; use independent-resample intervals
7,eight_schools_noncentered,1,monolithic,monolithic,0,512,10,23,0.4284272789955139,0.4284272789955139,repeat indices align samples but methods were timed sequentially; use independent-resample intervals
7,eight_schools_noncentered,1,monolithic,monolithic,0,512,10,24,0.45224883407354355,0.45224883407354355,repeat indices align samples but methods were timed sequentially; use independent-resample intervals
7,eight_schools_noncentered,1,monolithic,monolithic,0,512,10,25,0.45144617557525635,0.45144617557525635,repeat indices align samples but methods were timed sequentially; use independent-resample intervals
7,eight_schools_noncentered,1,monolithic,monolithic,0,512,10,26,0.3726360499858856,0.3726360499858856,repeat indices align samples but methods were timed sequentially; use independent-resample intervals
7,eight_schools_noncentered,1,monolithic,monolithic,0,512,10,27,0.41024070978164673,0.41024070978164673,repeat indices align samples but methods were timed sequentially; use independent-resample intervals
7,eight_schools_noncentered,1,monolithic,monolithic,0,512,10,28,0.4741877615451813,0.4741877615451813,repeat indices align samples but methods were timed sequentially; use independent-resample intervals
7,eight_schools_noncentered,1,monolithic,monolithic,0,512,10,29,0.4383915513753891,0.4383915513753891,repeat indices align samples but methods were timed sequentially; use independent-resample intervals
8,eight_schools_noncentered,1,bucketed,none,64,512,10,0,0.564718022942543,0.44907447695732117,repeat indices align samples but methods were timed sequentially; use independent-resample intervals
8,eight_schools_noncentered,1,bucketed,none,64,512,10,1,0.5085866078734398,0.4292590767145157,repeat indices align samples but methods were timed sequentially; use independent-resample intervals
8,eight_schools_noncentered,1,bucketed,none,64,512,10,2,0.5385173261165619,0.4201904460787773,repeat indices align samples but methods were timed sequentially; use independent-resample intervals
8,eight_schools_noncentered,1,bucketed,none,64,512,10,3,0.5226975604891777,0.40910515934228897,repeat indices align samples but methods were timed sequentially; use independent-resample intervals
8,eight_schools_noncentered,1,bucketed,none,64,512,10,4,0.5701963752508163,0.3584573045372963,repeat indices align samples but methods were timed sequentially; use independent-resample intervals
8,eight_schools_noncentered,1,bucketed,none,64,512,10,5,0.4931485503911972,0.43471845239400864,repeat indices align samples but methods were timed sequentially; use independent-resample intervals
8,eight_schools_noncentered,1,bucketed,none,64,512,10,6,0.5004666373133659,0.3715064153075218,repeat indices align samples but methods were timed sequentially; use independent-resample intervals
8,eight_schools_noncentered,1,bucketed,none,64,512,10,7,0.4457142651081085,0.42115824669599533,repeat indices align samples but methods were timed sequentially; use independent-resample intervals
8,eight_schools_noncentered,1,bucketed,none,64,512,10,8,0.44967926293611526,0.396137572824955,repeat indices align samples but methods were timed sequentially; use independent-resample intervals
8,eight_schools_noncentered,1,bucketed,none,64,512,10,9,0.45458028465509415,0.4630563259124756,repeat indices align samples but methods were timed sequentially; use independent-resample intervals
8,eight_schools_noncentered,1,bucketed,none,64,512,10,10,0.4875848591327667,0.46211882680654526,repeat indices align samples but methods were timed sequentially; use independent-resample intervals
8,eight_schools_noncentered,1,bucketed,none,64,512,10,11,0.4818665459752083,0.4338013827800751,repeat indices align samples but methods were timed sequentially; use independent-resample intervals
8,eight_schools_noncentered,1,bucketed,none,64,512,10,12,0.5084400251507759,0.34590931236743927,repeat indices align samples but methods were timed sequentially; use independent-resample intervals
8,eight_schools_noncentered,1,bucketed,none,64,512,10,13,0.4887264221906662,0.36348559707403183,repeat indices align samples but methods were timed sequentially; use independent-resample intervals
8,eight_schools_noncentered,1,bucketed,none,64,512,10,14,0.5859138295054436,0.4176725000143051,repeat indices align samples but methods were timed sequentially; use independent-resample intervals
8,eight_schools_noncentered,1,bucketed,none,64,512,10,15,0.5386787205934525,0.37560441344976425,repeat indices align samples but methods were timed sequentially; use independent-resample intervals
8,eight_schools_noncentered,1,bucketed,none,64,512,10,16,0.6186443045735359,0.41518812626600266,repeat indices align samples but methods were timed sequentially; use independent-resample intervals
8,eight_schools_noncentered,1,bucketed,none,64,512,10,17,0.5472616329789162,0.41663750261068344,repeat indices align samples but methods were timed sequentially; use independent-resample intervals
8,eight_schools_noncentered,1,bucketed,none,64,512,10,18,0.545169785618782,0.40126658231019974,repeat indices align samples but methods were timed sequentially; use independent-resample intervals
8,eight_schools_noncentered,1,bucketed,none,64,512,10,19,0.5115192532539368,0.43277308344841003,repeat indices align samples but methods were timed sequentially; use independent-resample intervals
8,eight_schools_noncentered,1,bucketed,none,64,512,10,20,0.5032039284706116,0.4757581651210785,repeat indices align samples but methods were timed sequentially; use independent-resample intervals
8,eight_schools_noncentered,1,bucketed,none,64,512,10,21,0.5415329709649086,0.42160864174366,repeat indices align samples but methods were timed sequentially; use independent-resample intervals
8,eight_schools_noncentered,1,bucketed,none,64,512,10,22,0.532088115811348,0.3910195827484131,repeat indices align samples but methods were timed sequentially; use independent-resample intervals
8,eight_schools_noncentered,1,bucketed,none,64,512,10,23,0.469634011387825,0.4284272789955139,repeat indices align samples but methods were timed sequentially; use independent-resample intervals
8,eight_schools_noncentered,1,bucketed,none,64,512,10,24,0.5511960759758949,0.45224883407354355,repeat indices align samples but methods were timed sequentially; use independent-resample intervals
8,eight_schools_noncentered,1,bucketed,none,64,512,10,25,0.5472573861479759,0.45144617557525635,repeat indices align samples but methods were timed sequentially; use independent-resample intervals
8,eight_schools_noncentered,1,bucketed,none,64,512,10,26,0.5075665935873985,0.3726360499858856,repeat indices align samples but methods were timed sequentially; use independent-resample intervals
8,eight_schools_noncentered,1,bucketed,none,64,512,10,27,0.5093657076358795,0.41024070978164673,repeat indices align samples but methods were timed sequentially; use independent-resample intervals
8,eight_schools_noncentered,1,bucketed,none,64,512,10,28,0.533661812543869,0.4741877615451813,repeat indices align samples but methods were timed sequentially; use independent-resample intervals
8,eight_schools_noncentered,1,bucketed,none,64,512,10,29,0.504656009376049,0.4383915513753891,repeat indices align samples but methods were timed sequentially; use independent-resample intervals
9,eight_schools_noncentered,1,bucketed,none,128,512,10,0,0.49771878123283386,0.44907447695732117,repeat indices align samples but methods were timed sequentially; use independent-resample intervals
9,eight_schools_noncentered,1,bucketed,none,128,512,10,1,0.468998022377491,0.4292590767145157,repeat indices align samples but methods were timed sequentially; use independent-resample intervals
9,eight_schools_noncentered,1,bucketed,none,128,512,10,2,0.4310992658138275,0.4201904460787773,repeat indices align samples but methods were timed sequentially; use independent-resample intervals
9,eight_schools_noncentered,1,bucketed,none,128,512,10,3,0.47838714718818665,0.40910515934228897,repeat indices align samples but methods were timed sequentially; use independent-resample intervals
9,eight_schools_noncentered,1,bucketed,none,128,512,10,4,0.435313455760479,0.3584573045372963,repeat indices align samples but methods were timed sequentially; use independent-resample intervals
9,eight_schools_noncentered,1,bucketed,none,128,512,10,5,0.4091412276029587,0.43471845239400864,repeat indices align samples but methods were timed sequentially; use independent-resample intervals
9,eight_schools_noncentered,1,bucketed,none,128,512,10,6,0.4553402438759804,0.3715064153075218,repeat indices align samples but methods were timed sequentially; use independent-resample intervals
9,eight_schools_noncentered,1,bucketed,none,128,512,10,7,0.510716937482357,0.42115824669599533,repeat indices align samples but methods were timed sequentially; use independent-resample intervals
9,eight_schools_noncentered,1,bucketed,none,128,512,10,8,0.49613549560308456,0.396137572824955,repeat indices align samples but methods were timed sequentially; use independent-resample intervals
9,eight_schools_noncentered,1,bucketed,none,128,512,10,9,0.4850628972053528,0.4630563259124756,repeat indices align samples but methods were timed sequentially; use independent-resample intervals
9,eight_schools_noncentered,1,bucketed,none,128,512,10,10,0.5127817392349243,0.46211882680654526,repeat indices align samples but methods were timed sequentially; use independent-resample intervals
9,eight_schools_noncentered,1,bucketed,none,128,512,10,11,0.4587702602148056,0.4338013827800751,repeat indices align samples but methods were timed sequentially; use independent-resample intervals
9,eight_schools_noncentered,1,bucketed,none,128,512,10,12,0.5011144652962685,0.34590931236743927,repeat indices align samples but methods were timed sequentially; use independent-resample intervals
9,eight_schools_noncentered,1,bucketed,none,128,512,10,13,0.41466013342142105,0.36348559707403183,repeat indices align samples but methods were timed sequentially; use independent-resample intervals
9,eight_schools_noncentered,1,bucketed,none,128,512,10,14,0.48059074580669403,0.4176725000143051,repeat indices align samples but methods were timed sequentially; use independent-resample intervals
9,eight_schools_noncentered,1,bucketed,none,128,512,10,15,0.45306894183158875,0.37560441344976425,repeat indices align samples but methods were timed sequentially; use independent-resample intervals
9,eight_schools_noncentered,1,bucketed,none,128,512,10,16,0.4919782429933548,0.41518812626600266,repeat indices align samples but methods were timed sequentially; use independent-resample intervals
9,eight_schools_noncentered,1,bucketed,none,128,512,10,17,0.46702534705400467,0.41663750261068344,repeat indices align samples but methods were timed sequentially; use independent-resample intervals
9,eight_schools_noncentered,1,bucketed,none,128,512,10,18,0.43417301774024963,0.40126658231019974,repeat indices align samples but methods were timed sequentially; use independent-resample intervals
9,eight_schools_noncentered,1,bucketed,none,128,512,10,19,0.44102976471185684,0.43277308344841003,repeat indices align samples but methods were timed sequentially; use independent-resample intervals
9,eight_schools_noncentered,1,bucketed,none,128,512,10,20,0.4633846580982208,0.4757581651210785,repeat indices align samples but methods were timed sequentially; use independent-resample intervals
9,eight_schools_noncentered,1,bucketed,none,128,512,10,21,0.43731486052274704,0.42160864174366,repeat indices align samples but methods were timed sequentially; use independent-resample intervals
9,eight_schools_noncentered,1,bucketed,none,128,512,10,22,0.4457225799560547,0.3910195827484131,repeat indices align samples but methods were timed sequentially; use independent-resample intervals
9,eight_schools_noncentered,1,bucketed,none,128,512,10,23,0.4809519574046135,0.4284272789955139,repeat indices align samples but methods were timed sequentially; use independent-resample intervals
9,eight_schools_noncentered,1,bucketed,none,128,512,10,24,0.5263966396450996,0.45224883407354355,repeat indices align samples but methods were timed sequentially; use independent-resample intervals
9,eight_schools_noncentered,1,bucketed,none,128,512,10,25,0.47209108620882034,0.45144617557525635,repeat indices align samples but methods were timed sequentially; use independent-resample intervals
9,eight_schools_noncentered,1,bucketed,none,128,512,10,26,0.4556046724319458,0.3726360499858856,repeat indices align samples but methods were timed sequentially; use independent-resample intervals
9,eight_schools_noncentered,1,bucketed,none,128,512,10,27,0.5109732896089554,0.41024070978164673,repeat indices align samples but methods were timed sequentially; use independent-resample intervals
9,eight_schools_noncentered,1,bucketed,none,128,512,10,28,0.45976757258176804,0.4741877615451813,repeat indices align samples but methods were timed sequentially; use independent-resample intervals
9,eight_schools_noncentered,1,bucketed,none,128,512,10,29,0.5299180224537849,0.4383915513753891,repeat indices align samples but methods were timed sequentially; use independent-resample intervals
10,eight_schools_noncentered,1,bucketed,history,64,512,10,0,0.5113862752914429,0.44907447695732117,repeat indices align samples but methods were timed sequentially; use independent-resample intervals
10,eight_schools_noncentered,1,bucketed,history,64,512,10,1,0.4982920140028,0.4292590767145157,repeat indices align samples but methods were timed sequentially; use independent-resample intervals
10,eight_schools_noncentered,1,bucketed,history,64,512,10,2,0.4821956232190132,0.4201904460787773,repeat indices align samples but methods were timed sequentially; use independent-resample intervals
10,eight_schools_noncentered,1,bucketed,history,64,512,10,3,0.5340583845973015,0.40910515934228897,repeat indices align samples but methods were timed sequentially; use independent-resample intervals
10,eight_schools_noncentered,1,bucketed,history,64,512,10,4,0.5066013038158417,0.3584573045372963,repeat indices align samples but methods were timed sequentially; use independent-resample intervals
10,eight_schools_noncentered,1,bucketed,history,64,512,10,5,0.5495700165629387,0.43471845239400864,repeat indices align samples but methods were timed sequentially; use independent-resample intervals
10,eight_schools_noncentered,1,bucketed,history,64,512,10,6,0.5283339768648148,0.3715064153075218,repeat indices align samples but methods were timed sequentially; use independent-resample intervals
10,eight_schools_noncentered,1,bucketed,history,64,512,10,7,0.45399896800518036,0.42115824669599533,repeat indices align samples but methods were timed sequentially; use independent-resample intervals
10,eight_schools_noncentered,1,bucketed,history,64,512,10,8,0.5160705521702766,0.396137572824955,repeat indices align samples but methods were timed sequentially; use independent-resample intervals
10,eight_schools_noncentered,1,bucketed,history,64,512,10,9,0.442123107612133,0.4630563259124756,repeat indices align samples but methods were timed sequentially; use independent-resample intervals
10,eight_schools_noncentered,1,bucketed,history,64,512,10,10,0.43794985860586166,0.46211882680654526,repeat indices align samples but methods were timed sequentially; use independent-resample intervals
10,eight_schools_noncentered,1,bucketed,history,64,512,10,11,0.5099766179919243,0.4338013827800751,repeat indices align samples but methods were timed sequentially; use independent-resample intervals
10,eight_schools_noncentered,1,bucketed,history,64,512,10,12,0.5270132496953011,0.34590931236743927,repeat indices align samples but methods were timed sequentially; use independent-resample intervals
10,eight_schools_noncentered,1,bucketed,history,64,512,10,13,0.5149661898612976,0.36348559707403183,repeat indices align samples but methods were timed sequentially; use independent-resample intervals
10,eight_schools_noncentered,1,bucketed,history,64,512,10,14,0.448316253721714,0.4176725000143051,repeat indices align samples but methods were timed sequentially; use independent-resample intervals
10,eight_schools_noncentered,1,bucketed,history,64,512,10,15,0.5064962059259415,0.37560441344976425,repeat indices align samples but methods were timed sequentially; use independent-resample intervals
10,eight_schools_noncentered,1,bucketed,history,64,512,10,16,0.46339016407728195,0.41518812626600266,repeat indices align samples but methods were timed sequentially; use independent-resample intervals
10,eight_schools_noncentered,1,bucketed,history,64,512,10,17,0.48901811987161636,0.41663750261068344,repeat indices align samples but methods were timed sequentially; use independent-resample intervals
10,eight_schools_noncentered,1,bucketed,history,64,512,10,18,0.5103367194533348,0.40126658231019974,repeat indices align samples but methods were timed sequentially; use independent-resample intervals
10,eight_schools_noncentered,1,bucketed,history,64,512,10,19,0.4807131662964821,0.43277308344841003,repeat indices align samples but methods were timed sequentially; use independent-resample intervals
10,eight_schools_noncentered,1,bucketed,history,64,512,10,20,0.5336622893810272,0.4757581651210785,repeat indices align samples but methods were timed sequentially; use independent-resample intervals
10,eight_schools_noncentered,1,bucketed,history,64,512,10,21,0.4778381660580635,0.42160864174366,repeat indices align samples but methods were timed sequentially; use independent-resample intervals
10,eight_schools_noncentered,1,bucketed,history,64,512,10,22,0.46742694824934006,0.3910195827484131,repeat indices align samples but methods were timed sequentially; use independent-resample intervals
10,eight_schools_noncentered,1,bucketed,history,64,512,10,23,0.48198968917131424,0.4284272789955139,repeat indices align samples but methods were timed sequentially; use independent-resample intervals
10,eight_schools_noncentered,1,bucketed,history,64,512,10,24,0.5807121843099594,0.45224883407354355,repeat indices align samples but methods were timed sequentially; use independent-resample intervals
10,eight_schools_noncentered,1,bucketed,history,64,512,10,25,0.5146050676703453,0.45144617557525635,repeat indices align samples but methods were timed sequentially; use independent-resample intervals
10,eight_schools_noncentered,1,bucketed,history,64,512,10,26,0.605571836233139,0.3726360499858856,repeat indices align samples but methods were timed sequentially; use independent-resample intervals
10,eight_schools_noncentered,1,bucketed,history,64,512,10,27,0.5335763394832611,0.41024070978164673,repeat indices align samples but methods were timed sequentially; use independent-resample intervals
10,eight_schools_noncentered,1,bucketed,history,64,512,10,28,0.5522693172097206,0.4741877615451813,repeat indices align samples but methods were timed sequentially; use independent-resample intervals
10,eight_schools_noncentered,1,bucketed,history,64,512,10,29,0.44896968454122543,0.4383915513753891,repeat indices align samples but methods were timed sequentially; use independent-resample intervals
11,eight_schools_noncentered,1,bucketed,history,128,512,10,0,0.4528786763548851,0.44907447695732117,repeat indices align samples but methods were timed sequentially; use independent-resample intervals
11,eight_schools_noncentered,1,bucketed,history,128,512,10,1,0.46837081760168076,0.4292590767145157,repeat indices align samples but methods were timed sequentially; use independent-resample intervals
11,eight_schools_noncentered,1,bucketed,history,128,512,10,2,0.49042338132858276,0.4201904460787773,repeat indices align samples but methods were timed sequentially; use independent-resample intervals
11,eight_schools_noncentered,1,bucketed,history,128,512,10,3,0.42709100991487503,0.40910515934228897,repeat indices align samples but methods were timed sequentially; use independent-resample intervals
11,eight_schools_noncentered,1,bucketed,history,128,512,10,4,0.48301954567432404,0.3584573045372963,repeat indices align samples but methods were timed sequentially; use independent-resample intervals
11,eight_schools_noncentered,1,bucketed,history,128,512,10,5,0.4529498964548111,0.43471845239400864,repeat indices align samples but methods were timed sequentially; use independent-resample intervals
11,eight_schools_noncentered,1,bucketed,history,128,512,10,6,0.47420018166303635,0.3715064153075218,repeat indices align samples but methods were timed sequentially; use independent-resample intervals
11,eight_schools_noncentered,1,bucketed,history,128,512,10,7,0.4531533941626549,0.42115824669599533,repeat indices align samples but methods were timed sequentially; use independent-resample intervals
11,eight_schools_noncentered,1,bucketed,history,128,512,10,8,0.4472704753279686,0.396137572824955,repeat indices align samples but methods were timed sequentially; use independent-resample intervals
11,eight_schools_noncentered,1,bucketed,history,128,512,10,9,0.48746758699417114,0.4630563259124756,repeat indices align samples but methods were timed sequentially; use independent-resample intervals
11,eight_schools_noncentered,1,bucketed,history,128,512,10,10,0.4793621599674225,0.46211882680654526,repeat indices align samples but methods were timed sequentially; use independent-resample intervals
11,eight_schools_noncentered,1,bucketed,history,128,512,10,11,0.4903348684310913,0.4338013827800751,repeat indices align samples but methods were timed sequentially; use independent-resample intervals
11,eight_schools_noncentered,1,bucketed,history,128,512,10,12,0.4788890480995178,0.34590931236743927,repeat indices align samples but methods were timed sequentially; use independent-resample intervals
11,eight_schools_noncentered,1,bucketed,history,128,512,10,13,0.48909561336040497,0.36348559707403183,repeat indices align samples but methods were timed sequentially; use independent-resample intervals
11,eight_schools_noncentered,1,bucketed,history,128,512,10,14,0.43867506831884384,0.4176725000143051,repeat indices align samples but methods were timed sequentially; use independent-resample intervals
11,eight_schools_noncentered,1,bucketed,history,128,512,10,15,0.47261229157447815,0.37560441344976425,repeat indices align samples but methods were timed sequentially; use independent-resample intervals
11,eight_schools_noncentered,1,bucketed,history,128,512,10,16,0.495478019118309,0.41518812626600266,repeat indices align samples but methods were timed sequentially; use independent-resample intervals
11,eight_schools_noncentered,1,bucketed,history,128,512,10,17,0.4708847925066948,0.41663750261068344,repeat indices align samples but methods were timed sequentially; use independent-resample intervals
11,eight_schools_noncentered,1,bucketed,history,128,512,10,18,0.7106830477714539,0.40126658231019974,repeat indices align samples but methods were timed sequentially; use independent-resample intervals
11,eight_schools_noncentered,1,bucketed,history,128,512,10,19,0.7950172200798988,0.43277308344841003,repeat indices align samples but methods were timed sequentially; use independent-resample intervals
11,eight_schools_noncentered,1,bucketed,history,128,512,10,20,0.6483689248561859,0.4757581651210785,repeat indices align samples but methods were timed sequentially; use independent-resample intervals
11,eight_schools_noncentered,1,bucketed,history,128,512,10,21,0.6046950444579124,0.42160864174366,repeat indices align samples but methods were timed sequentially; use independent-resample intervals
11,eight_schools_noncentered,1,bucketed,history,128,512,10,22,0.5465913638472557,0.3910195827484131,repeat indices align samples but methods were timed sequentially; use independent-resample intervals
11,eight_schools_noncentered,1,bucketed,history,128,512,10,23,0.48066698014736176,0.4284272789955139,repeat indices align samples but methods were timed sequentially; use independent-resample intervals
11,eight_schools_noncentered,1,bucketed,history,128,512,10,24,0.6957361325621605,0.45224883407354355,repeat indices align samples but methods were timed sequentially; use independent-resample intervals
11,eight_schools_noncentered,1,bucketed,history,128,512,10,25,0.6122038438916206,0.45144617557525635,repeat indices align samples but methods were timed sequentially; use independent-resample intervals
11,eight_schools_noncentered,1,bucketed,history,128,512,10,26,0.6200997456908226,0.3726360499858856,repeat indices align samples but methods were timed sequentially; use independent-resample intervals
11,eight_schools_noncentered,1,bucketed,history,128,512,10,27,0.6727862283587456,0.41024070978164673,repeat indices align samples but methods were timed sequentially; use independent-resample intervals
11,eight_schools_noncentered,1,bucketed,history,128,512,10,28,0.7470404803752899,0.4741877615451813,repeat indices align samples but methods were timed sequentially; use independent-resample intervals
11,eight_schools_noncentered,1,bucketed,history,128,512,10,29,0.6769938990473747,0.4383915513753891,repeat indices align samples but methods were timed sequentially; use independent-resample intervals
12,eight_schools_noncentered,1,bucketed,last_depth,64,512,10,0,0.7919534295797348,0.44907447695732117,repeat indices align samples but methods were timed sequentially; use independent-resample intervals
12,eight_schools_noncentered,1,bucketed,last_depth,64,512,10,1,0.6968381926417351,0.4292590767145157,repeat indices align samples but methods were timed sequentially; use independent-resample intervals
12,eight_schools_noncentered,1,bucketed,last_depth,64,512,10,2,0.6482019424438477,0.4201904460787773,repeat indices align samples but methods were timed sequentially; use independent-resample intervals
12,eight_schools_noncentered,1,bucketed,last_depth,64,512,10,3,0.6038463488221169,0.40910515934228897,repeat indices align samples but methods were timed sequentially; use independent-resample intervals
12,eight_schools_noncentered,1,bucketed,last_depth,64,512,10,4,0.6618709042668343,0.3584573045372963,repeat indices align samples but methods were timed sequentially; use independent-resample intervals
12,eight_schools_noncentered,1,bucketed,last_depth,64,512,10,5,0.6275287717580795,0.43471845239400864,repeat indices align samples but methods were timed sequentially; use independent-resample intervals
12,eight_schools_noncentered,1,bucketed,last_depth,64,512,10,6,0.7248043864965439,0.3715064153075218,repeat indices align samples but methods were timed sequentially; use independent-resample intervals
12,eight_schools_noncentered,1,bucketed,last_depth,64,512,10,7,0.692264549434185,0.42115824669599533,repeat indices align samples but methods were timed sequentially; use independent-resample intervals
12,eight_schools_noncentered,1,bucketed,last_depth,64,512,10,8,0.5438975393772125,0.396137572824955,repeat indices align samples but methods were timed sequentially; use independent-resample intervals
12,eight_schools_noncentered,1,bucketed,last_depth,64,512,10,9,0.5286253541707993,0.4630563259124756,repeat indices align samples but methods were timed sequentially; use independent-resample intervals
12,eight_schools_noncentered,1,bucketed,last_depth,64,512,10,10,0.44271014630794525,0.46211882680654526,repeat indices align samples but methods were timed sequentially; use independent-resample intervals
12,eight_schools_noncentered,1,bucketed,last_depth,64,512,10,11,0.4684836268424988,0.4338013827800751,repeat indices align samples but methods were timed sequentially; use independent-resample intervals
12,eight_schools_noncentered,1,bucketed,last_depth,64,512,10,12,0.5192839577794075,0.34590931236743927,repeat indices align samples but methods were timed sequentially; use independent-resample intervals
12,eight_schools_noncentered,1,bucketed,last_depth,64,512,10,13,0.5627491399645805,0.36348559707403183,repeat indices align samples but methods were timed sequentially; use independent-resample intervals
12,eight_schools_noncentered,1,bucketed,last_depth,64,512,10,14,0.4999489113688469,0.4176725000143051,repeat indices align samples but methods were timed sequentially; use independent-resample intervals
12,eight_schools_noncentered,1,bucketed,last_depth,64,512,10,15,0.4881483241915703,0.37560441344976425,repeat indices align samples but methods were timed sequentially; use independent-resample intervals
12,eight_schools_noncentered,1,bucketed,last_depth,64,512,10,16,0.5863020271062851,0.41518812626600266,repeat indices align samples but methods were timed sequentially; use independent-resample intervals
12,eight_schools_noncentered,1,bucketed,last_depth,64,512,10,17,0.5366061925888062,0.41663750261068344,repeat indices align samples but methods were timed sequentially; use independent-resample intervals
12,eight_schools_noncentered,1,bucketed,last_depth,64,512,10,18,0.5278679430484772,0.40126658231019974,repeat indices align samples but methods were timed sequentially; use independent-resample intervals
12,eight_schools_noncentered,1,bucketed,last_depth,64,512,10,19,0.48116590082645416,0.43277308344841003,repeat indices align samples but methods were timed sequentially; use independent-resample intervals
12,eight_schools_noncentered,1,bucketed,last_depth,64,512,10,20,0.5677041858434677,0.4757581651210785,repeat indices align samples but methods were timed sequentially; use independent-resample intervals
12,eight_schools_noncentered,1,bucketed,last_depth,64,512,10,21,0.4376429319381714,0.42160864174366,repeat indices align samples but methods were timed sequentially; use independent-resample intervals
12,eight_schools_noncentered,1,bucketed,last_depth,64,512,10,22,0.5427257493138313,0.3910195827484131,repeat indices align samples but methods were timed sequentially; use independent-resample intervals
12,eight_schools_noncentered,1,bucketed,last_depth,64,512,10,23,0.46692413836717606,0.4284272789955139,repeat indices align samples but methods were timed sequentially; use independent-resample intervals
12,eight_schools_noncentered,1,bucketed,last_depth,64,512,10,24,0.5241243094205856,0.45224883407354355,repeat indices align samples but methods were timed sequentially; use independent-resample intervals
12,eight_schools_noncentered,1,bucketed,last_depth,64,512,10,25,0.513015903532505,0.45144617557525635,repeat indices align samples but methods were timed sequentially; use independent-resample intervals
12,eight_schools_noncentered,1,bucketed,last_depth,64,512,10,26,0.5471197366714478,0.3726360499858856,repeat indices align samples but methods were timed sequentially; use independent-resample intervals
12,eight_schools_noncentered,1,bucketed,last_depth,64,512,10,27,0.5002744495868683,0.41024070978164673,repeat indices align samples but methods were timed sequentially; use independent-resample intervals
12,eight_schools_noncentered,1,bucketed,last_depth,64,512,10,28,0.6064515933394432,0.4741877615451813,repeat indices align samples but methods were timed sequentially; use independent-resample intervals
12,eight_schools_noncentered,1,bucketed,last_depth,64,512,10,29,0.5040874555706978,0.4383915513753891,repeat indices align samples but methods were timed sequentially; use independent-resample intervals
13,eight_schools_noncentered,1,bucketed,last_depth,128,512,10,0,0.5321586281061172,0.44907447695732117,repeat indices align samples but methods were timed sequentially; use independent-resample intervals
13,eight_schools_noncentered,1,bucketed,last_depth,128,512,10,1,0.4930645227432251,0.4292590767145157,repeat indices align samples but methods were timed sequentially; use independent-resample intervals
13,eight_schools_noncentered,1,bucketed,last_depth,128,512,10,2,0.5650807693600655,0.4201904460787773,repeat indices align samples but methods were timed sequentially; use independent-resample intervals
13,eight_schools_noncentered,1,bucketed,last_depth,128,512,10,3,0.44122108072042465,0.40910515934228897,repeat indices align samples but methods were timed sequentially; use independent-resample intervals
13,eight_schools_noncentered,1,bucketed,last_depth,128,512,10,4,0.4920569062232971,0.3584573045372963,repeat indices align samples but methods were timed sequentially; use independent-resample intervals
13,eight_schools_noncentered,1,bucketed,last_depth,128,512,10,5,0.44402171671390533,0.43471845239400864,repeat indices align samples but methods were timed sequentially; use independent-resample intervals
13,eight_schools_noncentered,1,bucketed,last_depth,128,512,10,6,0.47274260222911835,0.3715064153075218,repeat indices align samples but methods were timed sequentially; use independent-resample intervals
13,eight_schools_noncentered,1,bucketed,last_depth,128,512,10,7,0.4593047946691513,0.42115824669599533,repeat indices align samples but methods were timed sequentially; use independent-resample intervals
13,eight_schools_noncentered,1,bucketed,last_depth,128,512,10,8,0.43858802318573,0.396137572824955,repeat indices align samples but methods were timed sequentially; use independent-resample intervals
13,eight_schools_noncentered,1,bucketed,last_depth,128,512,10,9,0.42826279252767563,0.4630563259124756,repeat indices align samples but methods were timed sequentially; use independent-resample intervals
13,eight_schools_noncentered,1,bucketed,last_depth,128,512,10,10,0.45501890033483505,0.46211882680654526,repeat indices align samples but methods were timed sequentially; use independent-resample intervals
13,eight_schools_noncentered,1,bucketed,last_depth,128,512,10,11,0.43546874821186066,0.4338013827800751,repeat indices align samples but methods were timed sequentially; use independent-resample intervals
13,eight_schools_noncentered,1,bucketed,last_depth,128,512,10,12,0.4423682689666748,0.34590931236743927,repeat indices align samples but methods were timed sequentially; use independent-resample intervals
13,eight_schools_noncentered,1,bucketed,last_depth,128,512,10,13,0.48764459788799286,0.36348559707403183,repeat indices align samples but methods were timed sequentially; use independent-resample intervals
13,eight_schools_noncentered,1,bucketed,last_depth,128,512,10,14,0.4919184595346451,0.4176725000143051,repeat indices align samples but methods were timed sequentially; use independent-resample intervals
13,eight_schools_noncentered,1,bucketed,last_depth,128,512,10,15,0.48257339745759964,0.37560441344976425,repeat indices align samples but methods were timed sequentially; use independent-resample intervals
13,eight_schools_noncentered,1,bucketed,last_depth,128,512,10,16,0.5192475840449333,0.41518812626600266,repeat indices align samples but methods were timed sequentially; use independent-resample intervals
13,eight_schools_noncentered,1,bucketed,last_depth,128,512,10,17,0.4942513406276703,0.41663750261068344,repeat indices align samples but methods were timed sequentially; use independent-resample intervals
13,eight_schools_noncentered,1,bucketed,last_depth,128,512,10,18,0.454231821000576,0.40126658231019974,repeat indices align samples but methods were timed sequentially; use independent-resample intervals
13,eight_schools_noncentered,1,bucketed,last_depth,128,512,10,19,0.4469744861125946,0.43277308344841003,repeat indices align samples but methods were timed sequentially; use independent-resample intervals
13,eight_schools_noncentered,1,bucketed,last_depth,128,512,10,20,0.4253539443016052,0.4757581651210785,repeat indices align samples but methods were timed sequentially; use independent-resample intervals
13,eight_schools_noncentered,1,bucketed,last_depth,128,512,10,21,0.4484713673591614,0.42160864174366,repeat indices align samples but methods were timed sequentially; use independent-resample intervals
13,eight_schools_noncentered,1,bucketed,last_depth,128,512,10,22,0.4686835780739784,0.3910195827484131,repeat indices align samples but methods were timed sequentially; use independent-resample intervals
13,eight_schools_noncentered,1,bucketed,last_depth,128,512,10,23,0.47541751712560654,0.4284272789955139,repeat indices align samples but methods were timed sequentially; use independent-resample intervals
13,eight_schools_noncentered,1,bucketed,last_depth,128,512,10,24,0.49710316956043243,0.45224883407354355,repeat indices align samples but methods were timed sequentially; use independent-resample intervals
13,eight_schools_noncentered,1,bucketed,last_depth,128,512,10,25,0.47042274475097656,0.45144617557525635,repeat indices align samples but methods were timed sequentially; use independent-resample intervals
13,eight_schools_noncentered,1,bucketed,last_depth,128,512,10,26,0.450032077729702,0.3726360499858856,repeat indices align samples but methods were timed sequentially; use independent-resample intervals
13,eight_schools_noncentered,1,bucketed,last_depth,128,512,10,27,0.5213756710290909,0.41024070978164673,repeat indices align samples but methods were timed sequentially; use independent-resample intervals
13,eight_schools_noncentered,1,bucketed,last_depth,128,512,10,28,0.4858391508460045,0.4741877615451813,repeat indices align samples but methods were timed sequentially; use independent-resample intervals
13,eight_schools_noncentered,1,bucketed,last_depth,128,512,10,29,0.47076670825481415,0.4383915513753891,repeat indices align samples but methods were timed sequentially; use independent-resample intervals
14,eight_schools_noncentered,2,monolithic,monolithic,0,512,10,0,0.4556725546717644,0.4556725546717644,repeat indices align samples but methods were timed sequentially; use independent-resample intervals
14,eight_schools_noncentered,2,monolithic,monolithic,0,512,10,1,0.378367617726326,0.378367617726326,repeat indices align samples but methods were timed sequentially; use independent-resample intervals
14,eight_schools_noncentered,2,monolithic,monolithic,0,512,10,2,0.4416097402572632,0.4416097402572632,repeat indices align samples but methods were timed sequentially; use independent-resample intervals
14,eight_schools_noncentered,2,monolithic,monolithic,0,512,10,3,0.40714190155267715,0.40714190155267715,repeat indices align samples but methods were timed sequentially; use independent-resample intervals
14,eight_schools_noncentered,2,monolithic,monolithic,0,512,10,4,0.410152368247509,0.410152368247509,repeat indices align samples but methods were timed sequentially; use independent-resample intervals
14,eight_schools_noncentered,2,monolithic,monolithic,0,512,10,5,0.44641895592212677,0.44641895592212677,repeat indices align samples but methods were timed sequentially; use independent-resample intervals
14,eight_schools_noncentered,2,monolithic,monolithic,0,512,10,6,0.4179626330733299,0.4179626330733299,repeat indices align samples but methods were timed sequentially; use independent-resample intervals
14,eight_schools_noncentered,2,monolithic,monolithic,0,512,10,7,0.4121421128511429,0.4121421128511429,repeat indices align samples but methods were timed sequentially; use independent-resample intervals
14,eight_schools_noncentered,2,monolithic,monolithic,0,512,10,8,0.4555445462465286,0.4555445462465286,repeat indices align samples but methods were timed sequentially; use independent-resample intervals
14,eight_schools_noncentered,2,monolithic,monolithic,0,512,10,9,0.46263890713453293,0.46263890713453293,repeat indices align samples but methods were timed sequentially; use independent-resample intervals
14,eight_schools_noncentered,2,monolithic,monolithic,0,512,10,10,0.4336519092321396,0.4336519092321396,repeat indices align samples but methods were timed sequentially; use independent-resample intervals
14,eight_schools_noncentered,2,monolithic,monolithic,0,512,10,11,0.4615638181567192,0.4615638181567192,repeat indices align samples but methods were timed sequentially; use independent-resample intervals
14,eight_schools_noncentered,2,monolithic,monolithic,0,512,10,12,0.4180605858564377,0.4180605858564377,repeat indices align samples but methods were timed sequentially; use independent-resample intervals
14,eight_schools_noncentered,2,monolithic,monolithic,0,512,10,13,0.3679846003651619,0.3679846003651619,repeat indices align samples but methods were timed sequentially; use independent-resample intervals
14,eight_schools_noncentered,2,monolithic,monolithic,0,512,10,14,0.3884381949901581,0.3884381949901581,repeat indices align samples but methods were timed sequentially; use independent-resample intervals
14,eight_schools_noncentered,2,monolithic,monolithic,0,512,10,15,0.41909099370241165,0.41909099370241165,repeat indices align samples but methods were timed sequentially; use independent-resample intervals
14,eight_schools_noncentered,2,monolithic,monolithic,0,512,10,16,0.3921789452433586,0.3921789452433586,repeat indices align samples but methods were timed sequentially; use independent-resample intervals
14,eight_schools_noncentered,2,monolithic,monolithic,0,512,10,17,0.44555244594812393,0.44555244594812393,repeat indices align samples but methods were timed sequentially; use independent-resample intervals
14,eight_schools_noncentered,2,monolithic,monolithic,0,512,10,18,0.4450851157307625,0.4450851157307625,repeat indices align samples but methods were timed sequentially; use independent-resample intervals
14,eight_schools_noncentered,2,monolithic,monolithic,0,512,10,19,0.41711435467004776,0.41711435467004776,repeat indices align samples but methods were timed sequentially; use independent-resample intervals
14,eight_schools_noncentered,2,monolithic,monolithic,0,512,10,20,0.3691003620624542,0.3691003620624542,repeat indices align samples but methods were timed sequentially; use independent-resample intervals
14,eight_schools_noncentered,2,monolithic,monolithic,0,512,10,21,0.4390684887766838,0.4390684887766838,repeat indices align samples but methods were timed sequentially; use independent-resample intervals
14,eight_schools_noncentered,2,monolithic,monolithic,0,512,10,22,0.39424706995487213,0.39424706995487213,repeat indices align samples but methods were timed sequentially; use independent-resample intervals
14,eight_schools_noncentered,2,monolithic,monolithic,0,512,10,23,0.4593276232481003,0.4593276232481003,repeat indices align samples but methods were timed sequentially; use independent-resample intervals
14,eight_schools_noncentered,2,monolithic,monolithic,0,512,10,24,0.45511655509471893,0.45511655509471893,repeat indices align samples but methods were timed sequentially; use independent-resample intervals
14,eight_schools_noncentered,2,monolithic,monolithic,0,512,10,25,0.4363335371017456,0.4363335371017456,repeat indices align samples but methods were timed sequentially; use independent-resample intervals
14,eight_schools_noncentered,2,monolithic,monolithic,0,512,10,26,0.4110845550894737,0.4110845550894737,repeat indices align samples but methods were timed sequentially; use independent-resample intervals
14,eight_schools_noncentered,2,monolithic,monolithic,0,512,10,27,0.3896201401948929,0.3896201401948929,repeat indices align samples but methods were timed sequentially; use independent-resample intervals
14,eight_schools_noncentered,2,monolithic,monolithic,0,512,10,28,0.4257667660713196,0.4257667660713196,repeat indices align samples but methods were timed sequentially; use independent-resample intervals
14,eight_schools_noncentered,2,monolithic,monolithic,0,512,10,29,0.460116945207119,0.460116945207119,repeat indices align samples but methods were timed sequentially; use independent-resample intervals
15,eight_schools_noncentered,2,bucketed,none,64,512,10,0,0.5731343552470207,0.4556725546717644,repeat indices align samples but methods were timed sequentially; use independent-resample intervals
15,eight_schools_noncentered,2,bucketed,none,64,512,10,1,0.5066148638725281,0.378367617726326,repeat indices align samples but methods were timed sequentially; use independent-resample intervals
15,eight_schools_noncentered,2,bucketed,none,64,512,10,2,0.6571231037378311,0.4416097402572632,repeat indices align samples but methods were timed sequentially; use independent-resample intervals
15,eight_schools_noncentered,2,bucketed,none,64,512,10,3,0.5389761328697205,0.40714190155267715,repeat indices align samples but methods were timed sequentially; use independent-resample intervals
15,eight_schools_noncentered,2,bucketed,none,64,512,10,4,0.4668554663658142,0.410152368247509,repeat indices align samples but methods were timed sequentially; use independent-resample intervals
15,eight_schools_noncentered,2,bucketed,none,64,512,10,5,0.4797140210866928,0.44641895592212677,repeat indices align samples but methods were timed sequentially; use independent-resample intervals
15,eight_schools_noncentered,2,bucketed,none,64,512,10,6,0.5387478098273277,0.4179626330733299,repeat indices align samples but methods were timed sequentially; use independent-resample intervals
15,eight_schools_noncentered,2,bucketed,none,64,512,10,7,0.5681138187646866,0.4121421128511429,repeat indices align samples but methods were timed sequentially; use independent-resample intervals
15,eight_schools_noncentered,2,bucketed,none,64,512,10,8,0.5177973434329033,0.4555445462465286,repeat indices align samples but methods were timed sequentially; use independent-resample intervals
15,eight_schools_noncentered,2,bucketed,none,64,512,10,9,0.4804443046450615,0.46263890713453293,repeat indices align samples but methods were timed sequentially; use independent-resample intervals
15,eight_schools_noncentered,2,bucketed,none,64,512,10,10,0.4983611926436424,0.4336519092321396,repeat indices align samples but methods were timed sequentially; use independent-resample intervals
15,eight_schools_noncentered,2,bucketed,none,64,512,10,11,0.5441060066223145,0.4615638181567192,repeat indices align samples but methods were timed sequentially; use independent-resample intervals
15,eight_schools_noncentered,2,bucketed,none,64,512,10,12,0.4931614100933075,0.4180605858564377,repeat indices align samples but methods were timed sequentially; use independent-resample intervals
15,eight_schools_noncentered,2,bucketed,none,64,512,10,13,0.5395181551575661,0.3679846003651619,repeat indices align samples but methods were timed sequentially; use independent-resample intervals
15,eight_schools_noncentered,2,bucketed,none,64,512,10,14,0.49924496561288834,0.3884381949901581,repeat indices align samples but methods were timed sequentially; use independent-resample intervals
15,eight_schools_noncentered,2,bucketed,none,64,512,10,15,0.5432500913739204,0.41909099370241165,repeat indices align samples but methods were timed sequentially; use independent-resample intervals
15,eight_schools_noncentered,2,bucketed,none,64,512,10,16,0.5484076738357544,0.3921789452433586,repeat indices align samples but methods were timed sequentially; use independent-resample intervals
15,eight_schools_noncentered,2,bucketed,none,64,512,10,17,0.6341643333435059,0.44555244594812393,repeat indices align samples but methods were timed sequentially; use independent-resample intervals
15,eight_schools_noncentered,2,bucketed,none,64,512,10,18,0.5805702209472656,0.4450851157307625,repeat indices align samples but methods were timed sequentially; use independent-resample intervals
15,eight_schools_noncentered,2,bucketed,none,64,512,10,19,0.6024507358670235,0.41711435467004776,repeat indices align samples but methods were timed sequentially; use independent-resample intervals
15,eight_schools_noncentered,2,bucketed,none,64,512,10,20,0.5091267004609108,0.3691003620624542,repeat indices align samples but methods were timed sequentially; use independent-resample intervals
15,eight_schools_noncentered,2,bucketed,none,64,512,10,21,0.5330923497676849,0.4390684887766838,repeat indices align samples but methods were timed sequentially; use independent-resample intervals
15,eight_schools_noncentered,2,bucketed,none,64,512,10,22,0.5320147201418877,0.39424706995487213,repeat indices align samples but methods were timed sequentially; use independent-resample intervals
15,eight_schools_noncentered,2,bucketed,none,64,512,10,23,0.5256697684526443,0.4593276232481003,repeat indices align samples but methods were timed sequentially; use independent-resample intervals
15,eight_schools_noncentered,2,bucketed,none,64,512,10,24,0.5171670913696289,0.45511655509471893,repeat indices align samples but methods were timed sequentially; use independent-resample intervals
15,eight_schools_noncentered,2,bucketed,none,64,512,10,25,0.48363053798675537,0.4363335371017456,repeat indices align samples but methods were timed sequentially; use independent-resample intervals
15,eight_schools_noncentered,2,bucketed,none,64,512,10,26,0.5608551576733589,0.4110845550894737,repeat indices align samples but methods were timed sequentially; use independent-resample intervals
15,eight_schools_noncentered,2,bucketed,none,64,512,10,27,0.5075188726186752,0.3896201401948929,repeat indices align samples but methods were timed sequentially; use independent-resample intervals
15,eight_schools_noncentered,2,bucketed,none,64,512,10,28,0.48869456350803375,0.4257667660713196,repeat indices align samples but methods were timed sequentially; use independent-resample intervals
15,eight_schools_noncentered,2,bucketed,none,64,512,10,29,0.540044292807579,0.460116945207119,repeat indices align samples but methods were timed sequentially; use independent-resample intervals
16,eight_schools_noncentered,2,bucketed,none,128,512,10,0,0.5076229721307755,0.4556725546717644,repeat indices align samples but methods were timed sequentially; use independent-resample intervals
16,eight_schools_noncentered,2,bucketed,none,128,512,10,1,0.47670433670282364,0.378367617726326,repeat indices align samples but methods were timed sequentially; use independent-resample intervals
16,eight_schools_noncentered,2,bucketed,none,128,512,10,2,0.457766056060791,0.4416097402572632,repeat indices align samples but methods were timed sequentially; use independent-resample intervals
16,eight_schools_noncentered,2,bucketed,none,128,512,10,3,0.4543571397662163,0.40714190155267715,repeat indices align samples but methods were timed sequentially; use independent-resample intervals
16,eight_schools_noncentered,2,bucketed,none,128,512,10,4,0.4196564331650734,0.410152368247509,repeat indices align samples but methods were timed sequentially; use independent-resample intervals
16,eight_schools_noncentered,2,bucketed,none,128,512,10,5,0.45672307163476944,0.44641895592212677,repeat indices align samples but methods were timed sequentially; use independent-resample intervals
16,eight_schools_noncentered,2,bucketed,none,128,512,10,6,0.4376623257994652,0.4179626330733299,repeat indices align samples but methods were timed sequentially; use independent-resample intervals
16,eight_schools_noncentered,2,bucketed,none,128,512,10,7,0.46068280190229416,0.4121421128511429,repeat indices align samples but methods were timed sequentially; use independent-resample intervals
16,eight_schools_noncentered,2,bucketed,none,128,512,10,8,0.4398092031478882,0.4555445462465286,repeat indices align samples but methods were timed sequentially; use independent-resample intervals
16,eight_schools_noncentered,2,bucketed,none,128,512,10,9,0.44770921766757965,0.46263890713453293,repeat indices align samples but methods were timed sequentially; use independent-resample intervals
16,eight_schools_noncentered,2,bucketed,none,128,512,10,10,0.4486217126250267,0.4336519092321396,repeat indices align samples but methods were timed sequentially; use independent-resample intervals
16,eight_schools_noncentered,2,bucketed,none,128,512,10,11,0.4492523819208145,0.4615638181567192,repeat indices align samples but methods were timed sequentially; use independent-resample intervals
16,eight_schools_noncentered,2,bucketed,none,128,512,10,12,0.4245685935020447,0.4180605858564377,repeat indices align samples but methods were timed sequentially; use independent-resample intervals
16,eight_schools_noncentered,2,bucketed,none,128,512,10,13,0.42596805840730667,0.3679846003651619,repeat indices align samples but methods were timed sequentially; use independent-resample intervals
16,eight_schools_noncentered,2,bucketed,none,128,512,10,14,0.45365890115499496,0.3884381949901581,repeat indices align samples but methods were timed sequentially; use independent-resample intervals
16,eight_schools_noncentered,2,bucketed,none,128,512,10,15,0.4760071188211441,0.41909099370241165,repeat indices align samples but methods were timed sequentially; use independent-resample intervals
16,eight_schools_noncentered,2,bucketed,none,128,512,10,16,0.4634733125567436,0.3921789452433586,repeat indices align samples but methods were timed sequentially; use independent-resample intervals
16,eight_schools_noncentered,2,bucketed,none,128,512,10,17,0.5193533152341843,0.44555244594812393,repeat indices align samples but methods were timed sequentially; use independent-resample intervals
16,eight_schools_noncentered,2,bucketed,none,128,512,10,18,0.46988827735185623,0.4450851157307625,repeat indices align samples but methods were timed sequentially; use independent-resample intervals
16,eight_schools_noncentered,2,bucketed,none,128,512,10,19,0.48303232342004776,0.41711435467004776,repeat indices align samples but methods were timed sequentially; use independent-resample intervals
16,eight_schools_noncentered,2,bucketed,none,128,512,10,20,0.49568619579076767,0.3691003620624542,repeat indices align samples but methods were timed sequentially; use independent-resample intervals
16,eight_schools_noncentered,2,bucketed,none,128,512,10,21,0.4434085562825203,0.4390684887766838,repeat indices align samples but methods were timed sequentially; use independent-resample intervals
16,eight_schools_noncentered,2,bucketed,none,128,512,10,22,0.48212485760450363,0.39424706995487213,repeat indices align samples but methods were timed sequentially; use independent-resample intervals
16,eight_schools_noncentered,2,bucketed,none,128,512,10,23,0.47513964772224426,0.4593276232481003,repeat indices align samples but methods were timed sequentially; use independent-resample intervals
16,eight_schools_noncentered,2,bucketed,none,128,512,10,24,0.46219000965356827,0.45511655509471893,repeat indices align samples but methods were timed sequentially; use independent-resample intervals
16,eight_schools_noncentered,2,bucketed,none,128,512,10,25,0.4728408679366112,0.4363335371017456,repeat indices align samples but methods were timed sequentially; use independent-resample intervals
16,eight_schools_noncentered,2,bucketed,none,128,512,10,26,0.48210401833057404,0.4110845550894737,repeat indices align samples but methods were timed sequentially; use independent-resample intervals
16,eight_schools_noncentered,2,bucketed,none,128,512,10,27,0.4327891916036606,0.3896201401948929,repeat indices align samples but methods were timed sequentially; use independent-resample intervals
16,eight_schools_noncentered,2,bucketed,none,128,512,10,28,0.6011859402060509,0.4257667660713196,repeat indices align samples but methods were timed sequentially; use independent-resample intervals
16,eight_schools_noncentered,2,bucketed,none,128,512,10,29,0.4517785310745239,0.460116945207119,repeat indices align samples but methods were timed sequentially; use independent-resample intervals
17,eight_schools_noncentered,2,bucketed,history,64,512,10,0,0.5124799162149429,0.4556725546717644,repeat indices align samples but methods were timed sequentially; use independent-resample intervals
17,eight_schools_noncentered,2,bucketed,history,64,512,10,1,0.5387692973017693,0.378367617726326,repeat indices align samples but methods were timed sequentially; use independent-resample intervals
17,eight_schools_noncentered,2,bucketed,history,64,512,10,2,0.5118929445743561,0.4416097402572632,repeat indices align samples but methods were timed sequentially; use independent-resample intervals
17,eight_schools_noncentered,2,bucketed,history,64,512,10,3,0.5101194679737091,0.40714190155267715,repeat indices align samples but methods were timed sequentially; use independent-resample intervals
17,eight_schools_noncentered,2,bucketed,history,64,512,10,4,0.49039311707019806,0.410152368247509,repeat indices align samples but methods were timed sequentially; use independent-resample intervals
17,eight_schools_noncentered,2,bucketed,history,64,512,10,5,0.461005374789238,0.44641895592212677,repeat indices align samples but methods were timed sequentially; use independent-resample intervals
17,eight_schools_noncentered,2,bucketed,history,64,512,10,6,0.5098248347640038,0.4179626330733299,repeat indices align samples but methods were timed sequentially; use independent-resample intervals
17,eight_schools_noncentered,2,bucketed,history,64,512,10,7,0.5547430962324142,0.4121421128511429,repeat indices align samples but methods were timed sequentially; use independent-resample intervals
17,eight_schools_noncentered,2,bucketed,history,64,512,10,8,0.6053979098796844,0.4555445462465286,repeat indices align samples but methods were timed sequentially; use independent-resample intervals
17,eight_schools_noncentered,2,bucketed,history,64,512,10,9,0.5041888281702995,0.46263890713453293,repeat indices align samples but methods were timed sequentially; use independent-resample intervals
17,eight_schools_noncentered,2,bucketed,history,64,512,10,10,0.6121134236454964,0.4336519092321396,repeat indices align samples but methods were timed sequentially; use independent-resample intervals
17,eight_schools_noncentered,2,bucketed,history,64,512,10,11,0.5704876706004143,0.4615638181567192,repeat indices align samples but methods were timed sequentially; use independent-resample intervals
17,eight_schools_noncentered,2,bucketed,history,64,512,10,12,0.538429319858551,0.4180605858564377,repeat indices align samples but methods were timed sequentially; use independent-resample intervals
17,eight_schools_noncentered,2,bucketed,history,64,512,10,13,0.5739728957414627,0.3679846003651619,repeat indices align samples but methods were timed sequentially; use independent-resample intervals
17,eight_schools_noncentered,2,bucketed,history,64,512,10,14,0.5279741361737251,0.3884381949901581,repeat indices align samples but methods were timed sequentially; use independent-resample intervals
17,eight_schools_noncentered,2,bucketed,history,64,512,10,15,0.4978776276111603,0.41909099370241165,repeat indices align samples but methods were timed sequentially; use independent-resample intervals
17,eight_schools_noncentered,2,bucketed,history,64,512,10,16,0.4816392585635185,0.3921789452433586,repeat indices align samples but methods were timed sequentially; use independent-resample intervals
17,eight_schools_noncentered,2,bucketed,history,64,512,10,17,0.5646123588085175,0.44555244594812393,repeat indices align samples but methods were timed sequentially; use independent-resample intervals
17,eight_schools_noncentered,2,bucketed,history,64,512,10,18,0.5209674760699272,0.4450851157307625,repeat indices align samples but methods were timed sequentially; use independent-resample intervals
17,eight_schools_noncentered,2,bucketed,history,64,512,10,19,0.5539654940366745,0.41711435467004776,repeat indices align samples but methods were timed sequentially; use independent-resample intervals
17,eight_schools_noncentered,2,bucketed,history,64,512,10,20,0.5727351382374763,0.3691003620624542,repeat indices align samples but methods were timed sequentially; use independent-resample intervals
17,eight_schools_noncentered,2,bucketed,history,64,512,10,21,0.5833674818277359,0.4390684887766838,repeat indices align samples but methods were timed sequentially; use independent-resample intervals
17,eight_schools_noncentered,2,bucketed,history,64,512,10,22,0.5462367460131645,0.39424706995487213,repeat indices align samples but methods were timed sequentially; use independent-resample intervals
17,eight_schools_noncentered,2,bucketed,history,64,512,10,23,0.5986194908618927,0.4593276232481003,repeat indices align samples but methods were timed sequentially; use independent-resample intervals
17,eight_schools_noncentered,2,bucketed,history,64,512,10,24,0.5315006822347641,0.45511655509471893,repeat indices align samples but methods were timed sequentially; use independent-resample intervals
17,eight_schools_noncentered,2,bucketed,history,64,512,10,25,0.466523215174675,0.4363335371017456,repeat indices align samples but methods were timed sequentially; use independent-resample intervals
17,eight_schools_noncentered,2,bucketed,history,64,512,10,26,0.6018251702189445,0.4110845550894737,repeat indices align samples but methods were timed sequentially; use independent-resample intervals
17,eight_schools_noncentered,2,bucketed,history,64,512,10,27,0.5700476318597794,0.3896201401948929,repeat indices align samples but methods were timed sequentially; use independent-resample intervals
17,eight_schools_noncentered,2,bucketed,history,64,512,10,28,0.6094703897833824,0.4257667660713196,repeat indices align samples but methods were timed sequentially; use independent-resample intervals
17,eight_schools_noncentered,2,bucketed,history,64,512,10,29,0.5869544818997383,0.460116945207119,repeat indices align samples but methods were timed sequentially; use independent-resample intervals
18,eight_schools_noncentered,2,bucketed,history,128,512,10,0,0.43421924859285355,0.4556725546717644,repeat indices align samples but methods were timed sequentially; use independent-resample intervals
18,eight_schools_noncentered,2,bucketed,history,128,512,10,1,0.4463801681995392,0.378367617726326,repeat indices align samples but methods were timed sequentially; use independent-resample intervals
18,eight_schools_noncentered,2,bucketed,history,128,512,10,2,0.43358395248651505,0.4416097402572632,repeat indices align samples but methods were timed sequentially; use independent-resample intervals
18,eight_schools_noncentered,2,bucketed,history,128,512,10,3,0.4387097805738449,0.40714190155267715,repeat indices align samples but methods were timed sequentially; use independent-resample intervals
18,eight_schools_noncentered,2,bucketed,history,128,512,10,4,0.4468560367822647,0.410152368247509,repeat indices align samples but methods were timed sequentially; use independent-resample intervals
18,eight_schools_noncentered,2,bucketed,history,128,512,10,5,0.43119482696056366,0.44641895592212677,repeat indices align samples but methods were timed sequentially; use independent-resample intervals
18,eight_schools_noncentered,2,bucketed,history,128,512,10,6,0.5052512213587761,0.4179626330733299,repeat indices align samples but methods were timed sequentially; use independent-resample intervals
18,eight_schools_noncentered,2,bucketed,history,128,512,10,7,0.45704368501901627,0.4121421128511429,repeat indices align samples but methods were timed sequentially; use independent-resample intervals
18,eight_schools_noncentered,2,bucketed,history,128,512,10,8,0.4994935542345047,0.4555445462465286,repeat indices align samples but methods were timed sequentially; use independent-resample intervals
18,eight_schools_noncentered,2,bucketed,history,128,512,10,9,0.4464728906750679,0.46263890713453293,repeat indices align samples but methods were timed sequentially; use independent-resample intervals
18,eight_schools_noncentered,2,bucketed,history,128,512,10,10,0.4870758205652237,0.4336519092321396,repeat indices align samples but methods were timed sequentially; use independent-resample intervals
18,eight_schools_noncentered,2,bucketed,history,128,512,10,11,0.44451113790273666,0.4615638181567192,repeat indices align samples but methods were timed sequentially; use independent-resample intervals
18,eight_schools_noncentered,2,bucketed,history,128,512,10,12,0.4547397866845131,0.4180605858564377,repeat indices align samples but methods were timed sequentially; use independent-resample intervals
18,eight_schools_noncentered,2,bucketed,history,128,512,10,13,0.45533255487680435,0.3679846003651619,repeat indices align samples but methods were timed sequentially; use independent-resample intervals
18,eight_schools_noncentered,2,bucketed,history,128,512,10,14,0.448180690407753,0.3884381949901581,repeat indices align samples but methods were timed sequentially; use independent-resample intervals
18,eight_schools_noncentered,2,bucketed,history,128,512,10,15,0.4748334139585495,0.41909099370241165,repeat indices align samples but methods were timed sequentially; use independent-resample intervals
18,eight_schools_noncentered,2,bucketed,history,128,512,10,16,0.4496340975165367,0.3921789452433586,repeat indices align samples but methods were timed sequentially; use independent-resample intervals
18,eight_schools_noncentered,2,bucketed,history,128,512,10,17,0.4832766056060791,0.44555244594812393,repeat indices align samples but methods were timed sequentially; use independent-resample intervals
18,eight_schools_noncentered,2,bucketed,history,128,512,10,18,0.49944470077753067,0.4450851157307625,repeat indices align samples but methods were timed sequentially; use independent-resample intervals
18,eight_schools_noncentered,2,bucketed,history,128,512,10,19,0.5016860514879227,0.41711435467004776,repeat indices align samples but methods were timed sequentially; use independent-resample intervals
18,eight_schools_noncentered,2,bucketed,history,128,512,10,20,0.4742372930049896,0.3691003620624542,repeat indices align samples but methods were timed sequentially; use independent-resample intervals
18,eight_schools_noncentered,2,bucketed,history,128,512,10,21,0.5284817814826965,0.4390684887766838,repeat indices align samples but methods were timed sequentially; use independent-resample intervals
18,eight_schools_noncentered,2,bucketed,history,128,512,10,22,0.5837893784046173,0.39424706995487213,repeat indices align samples but methods were timed sequentially; use independent-resample intervals
18,eight_schools_noncentered,2,bucketed,history,128,512,10,23,0.49951569736003876,0.4593276232481003,repeat indices align samples but methods were timed sequentially; use independent-resample intervals
18,eight_schools_noncentered,2,bucketed,history,128,512,10,24,0.46921510994434357,0.45511655509471893,repeat indices align samples but methods were timed sequentially; use independent-resample intervals
18,eight_schools_noncentered,2,bucketed,history,128,512,10,25,0.48188212513923645,0.4363335371017456,repeat indices align samples but methods were timed sequentially; use independent-resample intervals
18,eight_schools_noncentered,2,bucketed,history,128,512,10,26,0.5272199213504791,0.4110845550894737,repeat indices align samples but methods were timed sequentially; use independent-resample intervals
18,eight_schools_noncentered,2,bucketed,history,128,512,10,27,0.47312168776988983,0.3896201401948929,repeat indices align samples but methods were timed sequentially; use independent-resample intervals
18,eight_schools_noncentered,2,bucketed,history,128,512,10,28,0.5824490487575531,0.4257667660713196,repeat indices align samples but methods were timed sequentially; use independent-resample intervals
18,eight_schools_noncentered,2,bucketed,history,128,512,10,29,0.5315382853150368,0.460116945207119,repeat indices align samples but methods were timed sequentially; use independent-resample intervals
19,eight_schools_noncentered,2,bucketed,last_depth,64,512,10,0,0.5928311347961426,0.4556725546717644,repeat indices align samples but methods were timed sequentially; use independent-resample intervals
19,eight_schools_noncentered,2,bucketed,last_depth,64,512,10,1,0.5420554727315903,0.378367617726326,repeat indices align samples but methods were timed sequentially; use independent-resample intervals
19,eight_schools_noncentered,2,bucketed,last_depth,64,512,10,2,0.6449235826730728,0.4416097402572632,repeat indices align samples but methods were timed sequentially; use independent-resample intervals
19,eight_schools_noncentered,2,bucketed,last_depth,64,512,10,3,0.612434633076191,0.40714190155267715,repeat indices align samples but methods were timed sequentially; use independent-resample intervals
19,eight_schools_noncentered,2,bucketed,last_depth,64,512,10,4,0.5922458097338676,0.410152368247509,repeat indices align samples but methods were timed sequentially; use independent-resample intervals
19,eight_schools_noncentered,2,bucketed,last_depth,64,512,10,5,0.5983443111181259,0.44641895592212677,repeat indices align samples but methods were timed sequentially; use independent-resample intervals
19,eight_schools_noncentered,2,bucketed,last_depth,64,512,10,6,0.6197457239031792,0.4179626330733299,repeat indices align samples but methods were timed sequentially; use independent-resample intervals
19,eight_schools_noncentered,2,bucketed,last_depth,64,512,10,7,0.5948397815227509,0.4121421128511429,repeat indices align samples but methods were timed sequentially; use independent-resample intervals
19,eight_schools_noncentered,2,bucketed,last_depth,64,512,10,8,0.5347483828663826,0.4555445462465286,repeat indices align samples but methods were timed sequentially; use independent-resample intervals
19,eight_schools_noncentered,2,bucketed,last_depth,64,512,10,9,0.59258733689785,0.46263890713453293,repeat indices align samples but methods were timed sequentially; use independent-resample intervals
19,eight_schools_noncentered,2,bucketed,last_depth,64,512,10,10,0.5079157203435898,0.4336519092321396,repeat indices align samples but methods were timed sequentially; use independent-resample intervals
19,eight_schools_noncentered,2,bucketed,last_depth,64,512,10,11,0.5735976174473763,0.4615638181567192,repeat indices align samples but methods were timed sequentially; use independent-resample intervals
19,eight_schools_noncentered,2,bucketed,last_depth,64,512,10,12,0.6145424172282219,0.4180605858564377,repeat indices align samples but methods were timed sequentially; use independent-resample intervals
19,eight_schools_noncentered,2,bucketed,last_depth,64,512,10,13,0.6007034182548523,0.3679846003651619,repeat indices align samples but methods were timed sequentially; use independent-resample intervals
19,eight_schools_noncentered,2,bucketed,last_depth,64,512,10,14,0.5925869196653366,0.3884381949901581,repeat indices align samples but methods were timed sequentially; use independent-resample intervals
19,eight_schools_noncentered,2,bucketed,last_depth,64,512,10,15,0.5395598188042641,0.41909099370241165,repeat indices align samples but methods were timed sequentially; use independent-resample intervals
19,eight_schools_noncentered,2,bucketed,last_depth,64,512,10,16,0.6124367341399193,0.3921789452433586,repeat indices align samples but methods were timed sequentially; use independent-resample intervals
19,eight_schools_noncentered,2,bucketed,last_depth,64,512,10,17,0.5707246884703636,0.44555244594812393,repeat indices align samples but methods were timed sequentially; use independent-resample intervals
19,eight_schools_noncentered,2,bucketed,last_depth,64,512,10,18,0.5550701469182968,0.4450851157307625,repeat indices align samples but methods were timed sequentially; use independent-resample intervals
19,eight_schools_noncentered,2,bucketed,last_depth,64,512,10,19,0.5737964957952499,0.41711435467004776,repeat indices align samples but methods were timed sequentially; use independent-resample intervals
19,eight_schools_noncentered,2,bucketed,last_depth,64,512,10,20,0.4987998455762863,0.3691003620624542,repeat indices align samples but methods were timed sequentially; use independent-resample intervals
19,eight_schools_noncentered,2,bucketed,last_depth,64,512,10,21,0.5052347332239151,0.4390684887766838,repeat indices align samples but methods were timed sequentially; use independent-resample intervals
19,eight_schools_noncentered,2,bucketed,last_depth,64,512,10,22,0.45803724974393845,0.39424706995487213,repeat indices align samples but methods were timed sequentially; use independent-resample intervals
19,eight_schools_noncentered,2,bucketed,last_depth,64,512,10,23,0.5650560334324837,0.4593276232481003,repeat indices align samples but methods were timed sequentially; use independent-resample intervals
19,eight_schools_noncentered,2,bucketed,last_depth,64,512,10,24,0.4939466118812561,0.45511655509471893,repeat indices align samples but methods were timed sequentially; use independent-resample intervals
19,eight_schools_noncentered,2,bucketed,last_depth,64,512,10,25,0.6019193530082703,0.4363335371017456,repeat indices align samples but methods were timed sequentially; use independent-resample intervals
19,eight_schools_noncentered,2,bucketed,last_depth,64,512,10,26,0.5406278148293495,0.4110845550894737,repeat indices align samples but methods were timed sequentially; use independent-resample intervals
19,eight_schools_noncentered,2,bucketed,last_depth,64,512,10,27,0.6038979738950729,0.3896201401948929,repeat indices align samples but methods were timed sequentially; use independent-resample intervals
19,eight_schools_noncentered,2,bucketed,last_depth,64,512,10,28,0.5380923971533775,0.4257667660713196,repeat indices align samples but methods were timed sequentially; use independent-resample intervals
19,eight_schools_noncentered,2,bucketed,last_depth,64,512,10,29,0.5554063245654106,0.460116945207119,repeat indices align samples but methods were timed sequentially; use independent-resample intervals
20,eight_schools_noncentered,2,bucketed,last_depth,128,512,10,0,0.47992584854364395,0.4556725546717644,repeat indices align samples but methods were timed sequentially; use independent-resample intervals
20,eight_schools_noncentered,2,bucketed,last_depth,128,512,10,1,0.46581509709358215,0.378367617726326,repeat indices align samples but methods were timed sequentially; use independent-resample intervals
20,eight_schools_noncentered,2,bucketed,last_depth,128,512,10,2,0.49272656440734863,0.4416097402572632,repeat indices align samples but methods were timed sequentially; use independent-resample intervals
20,eight_schools_noncentered,2,bucketed,last_depth,128,512,10,3,0.4450855404138565,0.40714190155267715,repeat indices align samples but methods were timed sequentially; use independent-resample intervals
20,eight_schools_noncentered,2,bucketed,last_depth,128,512,10,4,0.44587673991918564,0.410152368247509,repeat indices align samples but methods were timed sequentially; use independent-resample intervals
20,eight_schools_noncentered,2,bucketed,last_depth,128,512,10,5,0.5130446255207062,0.44641895592212677,repeat indices align samples but methods were timed sequentially; use independent-resample intervals
20,eight_schools_noncentered,2,bucketed,last_depth,128,512,10,6,0.44266730546951294,0.4179626330733299,repeat indices align samples but methods were timed sequentially; use independent-resample intervals
20,eight_schools_noncentered,2,bucketed,last_depth,128,512,10,7,0.47068165987730026,0.4121421128511429,repeat indices align samples but methods were timed sequentially; use independent-resample intervals
20,eight_schools_noncentered,2,bucketed,last_depth,128,512,10,8,0.42044805735349655,0.4555445462465286,repeat indices align samples but methods were timed sequentially; use independent-resample intervals
20,eight_schools_noncentered,2,bucketed,last_depth,128,512,10,9,0.4769906550645828,0.46263890713453293,repeat indices align samples but methods were timed sequentially; use independent-resample intervals
20,eight_schools_noncentered,2,bucketed,last_depth,128,512,10,10,0.48788119852542877,0.4336519092321396,repeat indices align samples but methods were timed sequentially; use independent-resample intervals
20,eight_schools_noncentered,2,bucketed,last_depth,128,512,10,11,0.459354005753994,0.4615638181567192,repeat indices align samples but methods were timed sequentially; use independent-resample intervals
20,eight_schools_noncentered,2,bucketed,last_depth,128,512,10,12,0.48638611286878586,0.4180605858564377,repeat indices align samples but methods were timed sequentially; use independent-resample intervals
20,eight_schools_noncentered,2,bucketed,last_depth,128,512,10,13,0.508270613849163,0.3679846003651619,repeat indices align samples but methods were timed sequentially; use independent-resample intervals
20,eight_schools_noncentered,2,bucketed,last_depth,128,512,10,14,0.43394453823566437,0.3884381949901581,repeat indices align samples but methods were timed sequentially; use independent-resample intervals
20,eight_schools_noncentered,2,bucketed,last_depth,128,512,10,15,0.48685965687036514,0.41909099370241165,repeat indices align samples but methods were timed sequentially; use independent-resample intervals
20,eight_schools_noncentered,2,bucketed,last_depth,128,512,10,16,0.45043858140707016,0.3921789452433586,repeat indices align samples but methods were timed sequentially; use independent-resample intervals
20,eight_schools_noncentered,2,bucketed,last_depth,128,512,10,17,0.4676908254623413,0.44555244594812393,repeat indices align samples but methods were timed sequentially; use independent-resample intervals
20,eight_schools_noncentered,2,bucketed,last_depth,128,512,10,18,0.4847659394145012,0.4450851157307625,repeat indices align samples but methods were timed sequentially; use independent-resample intervals
20,eight_schools_noncentered,2,bucketed,last_depth,128,512,10,19,0.5198750495910645,0.41711435467004776,repeat indices align samples but methods were timed sequentially; use independent-resample intervals
20,eight_schools_noncentered,2,bucketed,last_depth,128,512,10,20,0.4905356392264366,0.3691003620624542,repeat indices align samples but methods were timed sequentially; use independent-resample intervals
20,eight_schools_noncentered,2,bucketed,last_depth,128,512,10,21,0.4705062806606293,0.4390684887766838,repeat indices align samples but methods were timed sequentially; use independent-resample intervals
20,eight_schools_noncentered,2,bucketed,last_depth,128,512,10,22,0.48853661119937897,0.39424706995487213,repeat indices align samples but methods were timed sequentially; use independent-resample intervals
20,eight_schools_noncentered,2,bucketed,last_depth,128,512,10,23,0.44556473195552826,0.4593276232481003,repeat indices align samples but methods were timed sequentially; use independent-resample intervals
20,eight_schools_noncentered,2,bucketed,last_depth,128,512,10,24,0.5880318209528923,0.45511655509471893,repeat indices align samples but methods were timed sequentially; use independent-resample intervals
20,eight_schools_noncentered,2,bucketed,last_depth,128,512,10,25,0.4998222663998604,0.4363335371017456,repeat indices align samples but methods were timed sequentially; use independent-resample intervals
20,eight_schools_noncentered,2,bucketed,last_depth,128,512,10,26,0.5165891125798225,0.4110845550894737,repeat indices align samples but methods were timed sequentially; use independent-resample intervals
20,eight_schools_noncentered,2,bucketed,last_depth,128,512,10,27,0.5153759941458702,0.3896201401948929,repeat indices align samples but methods were timed sequentially; use independent-resample intervals
20,eight_schools_noncentered,2,bucketed,last_depth,128,512,10,28,0.5164980068802834,0.4257667660713196,repeat indices align samples but methods were timed sequentially; use independent-resample intervals
20,eight_schools_noncentered,2,bucketed,last_depth,128,512,10,29,0.5421264320611954,0.460116945207119,repeat indices align samples but methods were timed sequentially; use independent-resample intervals
21,eight_schools_noncentered,3,monolithic,monolithic,0,512,10,0,0.4646318480372429,0.4646318480372429,repeat indices align samples but methods were timed sequentially; use independent-resample intervals
21,eight_schools_noncentered,3,monolithic,monolithic,0,512,10,1,0.428147591650486,0.428147591650486,repeat indices align samples but methods were timed sequentially; use independent-resample intervals
21,eight_schools_noncentered,3,monolithic,monolithic,0,512,10,2,0.4805832579731941,0.4805832579731941,repeat indices align samples but methods were timed sequentially; use independent-resample intervals
21,eight_schools_noncentered,3,monolithic,monolithic,0,512,10,3,0.4101331904530525,0.4101331904530525,repeat indices align samples but methods were timed sequentially; use independent-resample intervals
21,eight_schools_noncentered,3,monolithic,monolithic,0,512,10,4,0.4012357369065285,0.4012357369065285,repeat indices align samples but methods were timed sequentially; use independent-resample intervals
21,eight_schools_noncentered,3,monolithic,monolithic,0,512,10,5,0.4564378634095192,0.4564378634095192,repeat indices align samples but methods were timed sequentially; use independent-resample intervals
21,eight_schools_noncentered,3,monolithic,monolithic,0,512,10,6,0.47399524599313736,0.47399524599313736,repeat indices align samples but methods were timed sequentially; use independent-resample intervals
21,eight_schools_noncentered,3,monolithic,monolithic,0,512,10,7,0.43264031410217285,0.43264031410217285,repeat indices align samples but methods were timed sequentially; use independent-resample intervals
21,eight_schools_noncentered,3,monolithic,monolithic,0,512,10,8,0.4951229467988014,0.4951229467988014,repeat indices align samples but methods were timed sequentially; use independent-resample intervals
21,eight_schools_noncentered,3,monolithic,monolithic,0,512,10,9,0.4508848413825035,0.4508848413825035,repeat indices align samples but methods were timed sequentially; use independent-resample intervals
21,eight_schools_noncentered,3,monolithic,monolithic,0,512,10,10,0.3554346412420273,0.3554346412420273,repeat indices align samples but methods were timed sequentially; use independent-resample intervals
21,eight_schools_noncentered,3,monolithic,monolithic,0,512,10,11,0.4313773140311241,0.4313773140311241,repeat indices align samples but methods were timed sequentially; use independent-resample intervals
21,eight_schools_noncentered,3,monolithic,monolithic,0,512,10,12,0.41100338101387024,0.41100338101387024,repeat indices align samples but methods were timed sequentially; use independent-resample intervals
21,eight_schools_noncentered,3,monolithic,monolithic,0,512,10,13,0.466988205909729,0.466988205909729,repeat indices align samples but methods were timed sequentially; use independent-resample intervals
21,eight_schools_noncentered,3,monolithic,monolithic,0,512,10,14,0.43183381110429764,0.43183381110429764,repeat indices align samples but methods were timed sequentially; use independent-resample intervals
21,eight_schools_noncentered,3,monolithic,monolithic,0,512,10,15,0.42228245735168457,0.42228245735168457,repeat indices align samples but methods were timed sequentially; use independent-resample intervals
21,eight_schools_noncentered,3,monolithic,monolithic,0,512,10,16,0.46606476604938507,0.46606476604938507,repeat indices align samples but methods were timed sequentially; use independent-resample intervals
21,eight_schools_noncentered,3,monolithic,monolithic,0,512,10,17,0.43436627089977264,0.43436627089977264,repeat indices align samples but methods were timed sequentially; use independent-resample intervals
21,eight_schools_noncentered,3,monolithic,monolithic,0,512,10,18,0.4079134464263916,0.4079134464263916,repeat indices align samples but methods were timed sequentially; use independent-resample intervals
21,eight_schools_noncentered,3,monolithic,monolithic,0,512,10,19,0.4410007819533348,0.4410007819533348,repeat indices align samples but methods were timed sequentially; use independent-resample intervals
21,eight_schools_noncentered,3,monolithic,monolithic,0,512,10,20,0.45591771602630615,0.45591771602630615,repeat indices align samples but methods were timed sequentially; use independent-resample intervals
21,eight_schools_noncentered,3,monolithic,monolithic,0,512,10,21,0.37724124640226364,0.37724124640226364,repeat indices align samples but methods were timed sequentially; use independent-resample intervals
21,eight_schools_noncentered,3,monolithic,monolithic,0,512,10,22,0.4076914042234421,0.4076914042234421,repeat indices align samples but methods were timed sequentially; use independent-resample intervals
21,eight_schools_noncentered,3,monolithic,monolithic,0,512,10,23,0.4569900929927826,0.4569900929927826,repeat indices align samples but methods were timed sequentially; use independent-resample intervals
21,eight_schools_noncentered,3,monolithic,monolithic,0,512,10,24,0.39084361493587494,0.39084361493587494,repeat indices align samples but methods were timed sequentially; use independent-resample intervals
21,eight_schools_noncentered,3,monolithic,monolithic,0,512,10,25,0.40507252514362335,0.40507252514362335,repeat indices align samples but methods were timed sequentially; use independent-resample intervals
21,eight_schools_noncentered,3,monolithic,monolithic,0,512,10,26,0.3771941661834717,0.3771941661834717,repeat indices align samples but methods were timed sequentially; use independent-resample intervals
21,eight_schools_noncentered,3,monolithic,monolithic,0,512,10,27,0.48411958664655685,0.48411958664655685,repeat indices align samples but methods were timed sequentially; use independent-resample intervals
21,eight_schools_noncentered,3,monolithic,monolithic,0,512,10,28,0.455535463988781,0.455535463988781,repeat indices align samples but methods were timed sequentially; use independent-resample intervals
21,eight_schools_noncentered,3,monolithic,monolithic,0,512,10,29,0.43185777217149734,0.43185777217149734,repeat indices align samples but methods were timed sequentially; use independent-resample intervals
22,eight_schools_noncentered,3,bucketed,none,64,512,10,0,0.5560518950223923,0.4646318480372429,repeat indices align samples but methods were timed sequentially; use independent-resample intervals
22,eight_schools_noncentered,3,bucketed,none,64,512,10,1,0.6145079508423805,0.428147591650486,repeat indices align samples but methods were timed sequentially; use independent-resample intervals
22,eight_schools_noncentered,3,bucketed,none,64,512,10,2,0.5097143724560738,0.4805832579731941,repeat indices align samples but methods were timed sequentially; use independent-resample intervals
22,eight_schools_noncentered,3,bucketed,none,64,512,10,3,0.5763752162456512,0.4101331904530525,repeat indices align samples but methods were timed sequentially; use independent-resample intervals
22,eight_schools_noncentered,3,bucketed,none,64,512,10,4,0.5321449339389801,0.4012357369065285,repeat indices align samples but methods were timed sequentially; use independent-resample intervals
22,eight_schools_noncentered,3,bucketed,none,64,512,10,5,0.51008490473032,0.4564378634095192,repeat indices align samples but methods were timed sequentially; use independent-resample intervals
22,eight_schools_noncentered,3,bucketed,none,64,512,10,6,0.5864667445421219,0.47399524599313736,repeat indices align samples but methods were timed sequentially; use independent-resample intervals
22,eight_schools_noncentered,3,bucketed,none,64,512,10,7,0.6053469032049179,0.43264031410217285,repeat indices align samples but methods were timed sequentially; use independent-resample intervals
22,eight_schools_noncentered,3,bucketed,none,64,512,10,8,0.5825431495904922,0.4951229467988014,repeat indices align samples but methods were timed sequentially; use independent-resample intervals
22,eight_schools_noncentered,3,bucketed,none,64,512,10,9,0.579477347433567,0.4508848413825035,repeat indices align samples but methods were timed sequentially; use independent-resample intervals
22,eight_schools_noncentered,3,bucketed,none,64,512,10,10,0.5137260034680367,0.3554346412420273,repeat indices align samples but methods were timed sequentially; use independent-resample intervals
22,eight_schools_noncentered,3,bucketed,none,64,512,10,11,0.5258814916014671,0.4313773140311241,repeat indices align samples but methods were timed sequentially; use independent-resample intervals
22,eight_schools_noncentered,3,bucketed,none,64,512,10,12,0.5832338556647301,0.41100338101387024,repeat indices align samples but methods were timed sequentially; use independent-resample intervals
22,eight_schools_noncentered,3,bucketed,none,64,512,10,13,0.532649353146553,0.466988205909729,repeat indices align samples but methods were timed sequentially; use independent-resample intervals
22,eight_schools_noncentered,3,bucketed,none,64,512,10,14,0.5956643000245094,0.43183381110429764,repeat indices align samples but methods were timed sequentially; use independent-resample intervals
22,eight_schools_noncentered,3,bucketed,none,64,512,10,15,0.5451195761561394,0.42228245735168457,repeat indices align samples but methods were timed sequentially; use independent-resample intervals
22,eight_schools_noncentered,3,bucketed,none,64,512,10,16,0.49286528676748276,0.46606476604938507,repeat indices align samples but methods were timed sequentially; use independent-resample intervals
22,eight_schools_noncentered,3,bucketed,none,64,512,10,17,0.5589620247483253,0.43436627089977264,repeat indices align samples but methods were timed sequentially; use independent-resample intervals
22,eight_schools_noncentered,3,bucketed,none,64,512,10,18,0.5665996298193932,0.4079134464263916,repeat indices align samples but methods were timed sequentially; use independent-resample intervals
22,eight_schools_noncentered,3,bucketed,none,64,512,10,19,0.579069621860981,0.4410007819533348,repeat indices align samples but methods were timed sequentially; use independent-resample intervals
22,eight_schools_noncentered,3,bucketed,none,64,512,10,20,0.6207744628190994,0.45591771602630615,repeat indices align samples but methods were timed sequentially; use independent-resample intervals
22,eight_schools_noncentered,3,bucketed,none,64,512,10,21,0.5728347525000572,0.37724124640226364,repeat indices align samples but methods were timed sequentially; use independent-resample intervals
22,eight_schools_noncentered,3,bucketed,none,64,512,10,22,0.5526169985532761,0.4076914042234421,repeat indices align samples but methods were timed sequentially; use independent-resample intervals
22,eight_schools_noncentered,3,bucketed,none,64,512,10,23,0.542488768696785,0.4569900929927826,repeat indices align samples but methods were timed sequentially; use independent-resample intervals
22,eight_schools_noncentered,3,bucketed,none,64,512,10,24,0.5865366831421852,0.39084361493587494,repeat indices align samples but methods were timed sequentially; use independent-resample intervals
22,eight_schools_noncentered,3,bucketed,none,64,512,10,25,0.5879281759262085,0.40507252514362335,repeat indices align samples but methods were timed sequentially; use independent-resample intervals
22,eight_schools_noncentered,3,bucketed,none,64,512,10,26,0.6108739674091339,0.3771941661834717,repeat indices align samples but methods were timed sequentially; use independent-resample intervals
22,eight_schools_noncentered,3,bucketed,none,64,512,10,27,0.6292533576488495,0.48411958664655685,repeat indices align samples but methods were timed sequentially; use independent-resample intervals
22,eight_schools_noncentered,3,bucketed,none,64,512,10,28,0.6104337945580482,0.455535463988781,repeat indices align samples but methods were timed sequentially; use independent-resample intervals
22,eight_schools_noncentered,3,bucketed,none,64,512,10,29,0.5542124211788177,0.43185777217149734,repeat indices align samples but methods were timed sequentially; use independent-resample intervals
23,eight_schools_noncentered,3,bucketed,none,128,512,10,0,0.4707387685775757,0.4646318480372429,repeat indices align samples but methods were timed sequentially; use independent-resample intervals
23,eight_schools_noncentered,3,bucketed,none,128,512,10,1,0.4411246031522751,0.428147591650486,repeat indices align samples but methods were timed sequentially; use independent-resample intervals
23,eight_schools_noncentered,3,bucketed,none,128,512,10,2,0.47879569232463837,0.4805832579731941,repeat indices align samples but methods were timed sequentially; use independent-resample intervals
23,eight_schools_noncentered,3,bucketed,none,128,512,10,3,0.47144197672605515,0.4101331904530525,repeat indices align samples but methods were timed sequentially; use independent-resample intervals
23,eight_schools_noncentered,3,bucketed,none,128,512,10,4,0.46988727152347565,0.4012357369065285,repeat indices align samples but methods were timed sequentially; use independent-resample intervals
23,eight_schools_noncentered,3,bucketed,none,128,512,10,5,0.4852037876844406,0.4564378634095192,repeat indices align samples but methods were timed sequentially; use independent-resample intervals
23,eight_schools_noncentered,3,bucketed,none,128,512,10,6,0.46338779479265213,0.47399524599313736,repeat indices align samples but methods were timed sequentially; use independent-resample intervals
23,eight_schools_noncentered,3,bucketed,none,128,512,10,7,0.5037002936005592,0.43264031410217285,repeat indices align samples but methods were timed sequentially; use independent-resample intervals
23,eight_schools_noncentered,3,bucketed,none,128,512,10,8,0.4959886148571968,0.4951229467988014,repeat indices align samples but methods were timed sequentially; use independent-resample intervals
23,eight_schools_noncentered,3,bucketed,none,128,512,10,9,0.4731399044394493,0.4508848413825035,repeat indices align samples but methods were timed sequentially; use independent-resample intervals
23,eight_schools_noncentered,3,bucketed,none,128,512,10,10,0.508091077208519,0.3554346412420273,repeat indices align samples but methods were timed sequentially; use independent-resample intervals
23,eight_schools_noncentered,3,bucketed,none,128,512,10,11,0.444053590297699,0.4313773140311241,repeat indices align samples but methods were timed sequentially; use independent-resample intervals
23,eight_schools_noncentered,3,bucketed,none,128,512,10,12,0.43511857837438583,0.41100338101387024,repeat indices align samples but methods were timed sequentially; use independent-resample intervals
23,eight_schools_noncentered,3,bucketed,none,128,512,10,13,0.45679906010627747,0.466988205909729,repeat indices align samples but methods were timed sequentially; use independent-resample intervals
23,eight_schools_noncentered,3,bucketed,none,128,512,10,14,0.47105731070041656,0.43183381110429764,repeat indices align samples but methods were timed sequentially; use independent-resample intervals
23,eight_schools_noncentered,3,bucketed,none,128,512,10,15,0.42085426300764084,0.42228245735168457,repeat indices align samples but methods were timed sequentially; use independent-resample intervals
23,eight_schools_noncentered,3,bucketed,none,128,512,10,16,0.5293614491820335,0.46606476604938507,repeat indices align samples but methods were timed sequentially; use independent-resample intervals
23,eight_schools_noncentered,3,bucketed,none,128,512,10,17,0.45687515288591385,0.43436627089977264,repeat indices align samples but methods were timed sequentially; use independent-resample intervals
23,eight_schools_noncentered,3,bucketed,none,128,512,10,18,0.4393780007958412,0.4079134464263916,repeat indices align samples but methods were timed sequentially; use independent-resample intervals
23,eight_schools_noncentered,3,bucketed,none,128,512,10,19,0.4338577166199684,0.4410007819533348,repeat indices align samples but methods were timed sequentially; use independent-resample intervals
23,eight_schools_noncentered,3,bucketed,none,128,512,10,20,0.4619123190641403,0.45591771602630615,repeat indices align samples but methods were timed sequentially; use independent-resample intervals
23,eight_schools_noncentered,3,bucketed,none,128,512,10,21,0.4353700429201126,0.37724124640226364,repeat indices align samples but methods were timed sequentially; use independent-resample intervals
23,eight_schools_noncentered,3,bucketed,none,128,512,10,22,0.45156417042016983,0.4076914042234421,repeat indices align samples but methods were timed sequentially; use independent-resample intervals
23,eight_schools_noncentered,3,bucketed,none,128,512,10,23,0.4446200430393219,0.4569900929927826,repeat indices align samples but methods were timed sequentially; use independent-resample intervals
23,eight_schools_noncentered,3,bucketed,none,128,512,10,24,0.4432607591152191,0.39084361493587494,repeat indices align samples but methods were timed sequentially; use independent-resample intervals
23,eight_schools_noncentered,3,bucketed,none,128,512,10,25,0.5197027772665024,0.40507252514362335,repeat indices align samples but methods were timed sequentially; use independent-resample intervals
23,eight_schools_noncentered,3,bucketed,none,128,512,10,26,0.4831395447254181,0.3771941661834717,repeat indices align samples but methods were timed sequentially; use independent-resample intervals
23,eight_schools_noncentered,3,bucketed,none,128,512,10,27,0.462680384516716,0.48411958664655685,repeat indices align samples but methods were timed sequentially; use independent-resample intervals
23,eight_schools_noncentered,3,bucketed,none,128,512,10,28,0.4702456220984459,0.455535463988781,repeat indices align samples but methods were timed sequentially; use independent-resample intervals
23,eight_schools_noncentered,3,bucketed,none,128,512,10,29,0.4552270323038101,0.43185777217149734,repeat indices align samples but methods were timed sequentially; use independent-resample intervals
24,eight_schools_noncentered,3,bucketed,history,64,512,10,0,0.5443993508815765,0.4646318480372429,repeat indices align samples but methods were timed sequentially; use independent-resample intervals
24,eight_schools_noncentered,3,bucketed,history,64,512,10,1,0.5961935222148895,0.428147591650486,repeat indices align samples but methods were timed sequentially; use independent-resample intervals
24,eight_schools_noncentered,3,bucketed,history,64,512,10,2,0.5679311230778694,0.4805832579731941,repeat indices align samples but methods were timed sequentially; use independent-resample intervals
24,eight_schools_noncentered,3,bucketed,history,64,512,10,3,0.5953116565942764,0.4101331904530525,repeat indices align samples but methods were timed sequentially; use independent-resample intervals
24,eight_schools_noncentered,3,bucketed,history,64,512,10,4,0.5487428978085518,0.4012357369065285,repeat indices align samples but methods were timed sequentially; use independent-resample intervals
24,eight_schools_noncentered,3,bucketed,history,64,512,10,5,0.5313476100564003,0.4564378634095192,repeat indices align samples but methods were timed sequentially; use independent-resample intervals
24,eight_schools_noncentered,3,bucketed,history,64,512,10,6,0.5104275047779083,0.47399524599313736,repeat indices align samples but methods were timed sequentially; use independent-resample intervals
24,eight_schools_noncentered,3,bucketed,history,64,512,10,7,0.5565862581133842,0.43264031410217285,repeat indices align samples but methods were timed sequentially; use independent-resample intervals
24,eight_schools_noncentered,3,bucketed,history,64,512,10,8,0.5124514624476433,0.4951229467988014,repeat indices align samples but methods were timed sequentially; use independent-resample intervals
24,eight_schools_noncentered,3,bucketed,history,64,512,10,9,0.5232096686959267,0.4508848413825035,repeat indices align samples but methods were timed sequentially; use independent-resample intervals
24,eight_schools_noncentered,3,bucketed,history,64,512,10,10,0.5079039037227631,0.3554346412420273,repeat indices align samples but methods were timed sequentially; use independent-resample intervals
24,eight_schools_noncentered,3,bucketed,history,64,512,10,11,0.5793547108769417,0.4313773140311241,repeat indices align samples but methods were timed sequentially; use independent-resample intervals
24,eight_schools_noncentered,3,bucketed,history,64,512,10,12,0.543269619345665,0.41100338101387024,repeat indices align samples but methods were timed sequentially; use independent-resample intervals
24,eight_schools_noncentered,3,bucketed,history,64,512,10,13,0.6012050732970238,0.466988205909729,repeat indices align samples but methods were timed sequentially; use independent-resample intervals
24,eight_schools_noncentered,3,bucketed,history,64,512,10,14,0.5229356959462166,0.43183381110429764,repeat indices align samples but methods were timed sequentially; use independent-resample intervals
24,eight_schools_noncentered,3,bucketed,history,64,512,10,15,0.5216505751013756,0.42228245735168457,repeat indices align samples but methods were timed sequentially; use independent-resample intervals
24,eight_schools_noncentered,3,bucketed,history,64,512,10,16,0.4901801273226738,0.46606476604938507,repeat indices align samples but methods were timed sequentially; use independent-resample intervals
24,eight_schools_noncentered,3,bucketed,history,64,512,10,17,0.5528507679700851,0.43436627089977264,repeat indices align samples but methods were timed sequentially; use independent-resample intervals
24,eight_schools_noncentered,3,bucketed,history,64,512,10,18,0.531587116420269,0.4079134464263916,repeat indices align samples but methods were timed sequentially; use independent-resample intervals
24,eight_schools_noncentered,3,bucketed,history,64,512,10,19,0.5586954653263092,0.4410007819533348,repeat indices align samples but methods were timed sequentially; use independent-resample intervals
24,eight_schools_noncentered,3,bucketed,history,64,512,10,20,0.5417694970965385,0.45591771602630615,repeat indices align samples but methods were timed sequentially; use independent-resample intervals
24,eight_schools_noncentered,3,bucketed,history,64,512,10,21,0.5166914463043213,0.37724124640226364,repeat indices align samples but methods were timed sequentially; use independent-resample intervals
24,eight_schools_noncentered,3,bucketed,history,64,512,10,22,0.45250610262155533,0.4076914042234421,repeat indices align samples but methods were timed sequentially; use independent-resample intervals
24,eight_schools_noncentered,3,bucketed,history,64,512,10,23,0.4619266837835312,0.4569900929927826,repeat indices align samples but methods were timed sequentially; use independent-resample intervals
24,eight_schools_noncentered,3,bucketed,history,64,512,10,24,0.4836110696196556,0.39084361493587494,repeat indices align samples but methods were timed sequentially; use independent-resample intervals
24,eight_schools_noncentered,3,bucketed,history,64,512,10,25,0.49937112629413605,0.40507252514362335,repeat indices align samples but methods were timed sequentially; use independent-resample intervals
24,eight_schools_noncentered,3,bucketed,history,64,512,10,26,0.5688987076282501,0.3771941661834717,repeat indices align samples but methods were timed sequentially; use independent-resample intervals
24,eight_schools_noncentered,3,bucketed,history,64,512,10,27,0.4911796897649765,0.48411958664655685,repeat indices align samples but methods were timed sequentially; use independent-resample intervals
24,eight_schools_noncentered,3,bucketed,history,64,512,10,28,0.4982714131474495,0.455535463988781,repeat indices align samples but methods were timed sequentially; use independent-resample intervals
24,eight_schools_noncentered,3,bucketed,history,64,512,10,29,0.5377102941274643,0.43185777217149734,repeat indices align samples but methods were timed sequentially; use independent-resample intervals
25,eight_schools_noncentered,3,bucketed,history,128,512,10,0,0.48576802015304565,0.4646318480372429,repeat indices align samples but methods were timed sequentially; use independent-resample intervals
25,eight_schools_noncentered,3,bucketed,history,128,512,10,1,0.45038266479969025,0.428147591650486,repeat indices align samples but methods were timed sequentially; use independent-resample intervals
25,eight_schools_noncentered,3,bucketed,history,128,512,10,2,0.4478158801794052,0.4805832579731941,repeat indices align samples but methods were timed sequentially; use independent-resample intervals
25,eight_schools_noncentered,3,bucketed,history,128,512,10,3,0.4773203432559967,0.4101331904530525,repeat indices align samples but methods were timed sequentially; use independent-resample intervals
25,eight_schools_noncentered,3,bucketed,history,128,512,10,4,0.47668836265802383,0.4012357369065285,repeat indices align samples but methods were timed sequentially; use independent-resample intervals
25,eight_schools_noncentered,3,bucketed,history,128,512,10,5,0.4512471556663513,0.4564378634095192,repeat indices align samples but methods were timed sequentially; use independent-resample intervals
25,eight_schools_noncentered,3,bucketed,history,128,512,10,6,0.42775606364011765,0.47399524599313736,repeat indices align samples but methods were timed sequentially; use independent-resample intervals
25,eight_schools_noncentered,3,bucketed,history,128,512,10,7,0.4452079311013222,0.43264031410217285,repeat indices align samples but methods were timed sequentially; use independent-resample intervals
25,eight_schools_noncentered,3,bucketed,history,128,512,10,8,0.42705772817134857,0.4951229467988014,repeat indices align samples but methods were timed sequentially; use independent-resample intervals
25,eight_schools_noncentered,3,bucketed,history,128,512,10,9,0.4577591046690941,0.4508848413825035,repeat indices align samples but methods were timed sequentially; use independent-resample intervals
25,eight_schools_noncentered,3,bucketed,history,128,512,10,10,0.5100747048854828,0.3554346412420273,repeat indices align samples but methods were timed sequentially; use independent-resample intervals
25,eight_schools_noncentered,3,bucketed,history,128,512,10,11,0.4648768976330757,0.4313773140311241,repeat indices align samples but methods were timed sequentially; use independent-resample intervals
25,eight_schools_noncentered,3,bucketed,history,128,512,10,12,0.4466008171439171,0.41100338101387024,repeat indices align samples but methods were timed sequentially; use independent-resample intervals
25,eight_schools_noncentered,3,bucketed,history,128,512,10,13,0.5175392180681229,0.466988205909729,repeat indices align samples but methods were timed sequentially; use independent-resample intervals
25,eight_schools_noncentered,3,bucketed,history,128,512,10,14,0.5012000128626823,0.43183381110429764,repeat indices align samples but methods were timed sequentially; use independent-resample intervals
25,eight_schools_noncentered,3,bucketed,history,128,512,10,15,0.4409913271665573,0.42228245735168457,repeat indices align samples but methods were timed sequentially; use independent-resample intervals
25,eight_schools_noncentered,3,bucketed,history,128,512,10,16,0.5021137148141861,0.46606476604938507,repeat indices align samples but methods were timed sequentially; use independent-resample intervals
25,eight_schools_noncentered,3,bucketed,history,128,512,10,17,0.5299614071846008,0.43436627089977264,repeat indices align samples but methods were timed sequentially; use independent-resample intervals
25,eight_schools_noncentered,3,bucketed,history,128,512,10,18,0.48818255215883255,0.4079134464263916,repeat indices align samples but methods were timed sequentially; use independent-resample intervals
25,eight_schools_noncentered,3,bucketed,history,128,512,10,19,0.4823441654443741,0.4410007819533348,repeat indices align samples but methods were timed sequentially; use independent-resample intervals
25,eight_schools_noncentered,3,bucketed,history,128,512,10,20,0.4764951169490814,0.45591771602630615,repeat indices align samples but methods were timed sequentially; use independent-resample intervals
25,eight_schools_noncentered,3,bucketed,history,128,512,10,21,0.5032297149300575,0.37724124640226364,repeat indices align samples but methods were timed sequentially; use independent-resample intervals
25,eight_schools_noncentered,3,bucketed,history,128,512,10,22,0.5079052150249481,0.4076914042234421,repeat indices align samples but methods were timed sequentially; use independent-resample intervals
25,eight_schools_noncentered,3,bucketed,history,128,512,10,23,0.480052150785923,0.4569900929927826,repeat indices align samples but methods were timed sequentially; use independent-resample intervals
25,eight_schools_noncentered,3,bucketed,history,128,512,10,24,0.5548237860202789,0.39084361493587494,repeat indices align samples but methods were timed sequentially; use independent-resample intervals
25,eight_schools_noncentered,3,bucketed,history,128,512,10,25,0.5606342554092407,0.40507252514362335,repeat indices align samples but methods were timed sequentially; use independent-resample intervals
25,eight_schools_noncentered,3,bucketed,history,128,512,10,26,0.5191361382603645,0.3771941661834717,repeat indices align samples but methods were timed sequentially; use independent-resample intervals
25,eight_schools_noncentered,3,bucketed,history,128,512,10,27,0.5137651711702347,0.48411958664655685,repeat indices align samples but methods were timed sequentially; use independent-resample intervals
25,eight_schools_noncentered,3,bucketed,history,128,512,10,28,0.5089086517691612,0.455535463988781,repeat indices align samples but methods were timed sequentially; use independent-resample intervals
25,eight_schools_noncentered,3,bucketed,history,128,512,10,29,0.4661191254854202,0.43185777217149734,repeat indices align samples but methods were timed sequentially; use independent-resample intervals
26,eight_schools_noncentered,3,bucketed,last_depth,64,512,10,0,0.5096495673060417,0.4646318480372429,repeat indices align samples but methods were timed sequentially; use independent-resample intervals
26,eight_schools_noncentered,3,bucketed,last_depth,64,512,10,1,0.48355647176504135,0.428147591650486,repeat indices align samples but methods were timed sequentially; use independent-resample intervals
26,eight_schools_noncentered,3,bucketed,last_depth,64,512,10,2,0.5222614109516144,0.4805832579731941,repeat indices align samples but methods were timed sequentially; use independent-resample intervals
26,eight_schools_noncentered,3,bucketed,last_depth,64,512,10,3,0.45115897059440613,0.4101331904530525,repeat indices align samples but methods were timed sequentially; use independent-resample intervals
26,eight_schools_noncentered,3,bucketed,last_depth,64,512,10,4,0.4569082483649254,0.4012357369065285,repeat indices align samples but methods were timed sequentially; use independent-resample intervals
26,eight_schools_noncentered,3,bucketed,last_depth,64,512,10,5,0.44780658930540085,0.4564378634095192,repeat indices align samples but methods were timed sequentially; use independent-resample intervals
26,eight_schools_noncentered,3,bucketed,last_depth,64,512,10,6,0.47507091611623764,0.47399524599313736,repeat indices align samples but methods were timed sequentially; use independent-resample intervals
26,eight_schools_noncentered,3,bucketed,last_depth,64,512,10,7,0.5621135085821152,0.43264031410217285,repeat indices align samples but methods were timed sequentially; use independent-resample intervals
26,eight_schools_noncentered,3,bucketed,last_depth,64,512,10,8,0.463082954287529,0.4951229467988014,repeat indices align samples but methods were timed sequentially; use independent-resample intervals
26,eight_schools_noncentered,3,bucketed,last_depth,64,512,10,9,0.45694007724523544,0.4508848413825035,repeat indices align samples but methods were timed sequentially; use independent-resample intervals
26,eight_schools_noncentered,3,bucketed,last_depth,64,512,10,10,0.4853174090385437,0.3554346412420273,repeat indices align samples but methods were timed sequentially; use independent-resample intervals
26,eight_schools_noncentered,3,bucketed,last_depth,64,512,10,11,0.5228495299816132,0.4313773140311241,repeat indices align samples but methods were timed sequentially; use independent-resample intervals
26,eight_schools_noncentered,3,bucketed,last_depth,64,512,10,12,0.4956997111439705,0.41100338101387024,repeat indices align samples but methods were timed sequentially; use independent-resample intervals
26,eight_schools_noncentered,3,bucketed,last_depth,64,512,10,13,0.515510730445385,0.466988205909729,repeat indices align samples but methods were timed sequentially; use independent-resample intervals
26,eight_schools_noncentered,3,bucketed,last_depth,64,512,10,14,0.5203476697206497,0.43183381110429764,repeat indices align samples but methods were timed sequentially; use independent-resample intervals
26,eight_schools_noncentered,3,bucketed,last_depth,64,512,10,15,0.5016873404383659,0.42228245735168457,repeat indices align samples but methods were timed sequentially; use independent-resample intervals
26,eight_schools_noncentered,3,bucketed,last_depth,64,512,10,16,0.5374453887343407,0.46606476604938507,repeat indices align samples but methods were timed sequentially; use independent-resample intervals
26,eight_schools_noncentered,3,bucketed,last_depth,64,512,10,17,0.5450393185019493,0.43436627089977264,repeat indices align samples but methods were timed sequentially; use independent-resample intervals
26,eight_schools_noncentered,3,bucketed,last_depth,64,512,10,18,0.6613975912332535,0.4079134464263916,repeat indices align samples but methods were timed sequentially; use independent-resample intervals
26,eight_schools_noncentered,3,bucketed,last_depth,64,512,10,19,0.757106602191925,0.4410007819533348,repeat indices align samples but methods were timed sequentially; use independent-resample intervals
26,eight_schools_noncentered,3,bucketed,last_depth,64,512,10,20,0.6522851437330246,0.45591771602630615,repeat indices align samples but methods were timed sequentially; use independent-resample intervals
26,eight_schools_noncentered,3,bucketed,last_depth,64,512,10,21,0.5827019512653351,0.37724124640226364,repeat indices align samples but methods were timed sequentially; use independent-resample intervals
26,eight_schools_noncentered,3,bucketed,last_depth,64,512,10,22,0.6380121633410454,0.4076914042234421,repeat indices align samples but methods were timed sequentially; use independent-resample intervals
26,eight_schools_noncentered,3,bucketed,last_depth,64,512,10,23,0.548139177262783,0.4569900929927826,repeat indices align samples but methods were timed sequentially; use independent-resample intervals
26,eight_schools_noncentered,3,bucketed,last_depth,64,512,10,24,0.5102194920182228,0.39084361493587494,repeat indices align samples but methods were timed sequentially; use independent-resample intervals
26,eight_schools_noncentered,3,bucketed,last_depth,64,512,10,25,0.5644163563847542,0.40507252514362335,repeat indices align samples but methods were timed sequentially; use independent-resample intervals
26,eight_schools_noncentered,3,bucketed,last_depth,64,512,10,26,0.5944360122084618,0.3771941661834717,repeat indices align samples but methods were timed sequentially; use independent-resample intervals
26,eight_schools_noncentered,3,bucketed,last_depth,64,512,10,27,0.5050612539052963,0.48411958664655685,repeat indices align samples but methods were timed sequentially; use independent-resample intervals
26,eight_schools_noncentered,3,bucketed,last_depth,64,512,10,28,0.5120652988553047,0.455535463988781,repeat indices align samples but methods were timed sequentially; use independent-resample intervals
26,eight_schools_noncentered,3,bucketed,last_depth,64,512,10,29,0.524770937860012,0.43185777217149734,repeat indices align samples but methods were timed sequentially; use independent-resample intervals
27,eight_schools_noncentered,3,bucketed,last_depth,128,512,10,0,0.560978040099144,0.4646318480372429,repeat indices align samples but methods were timed sequentially; use independent-resample intervals
27,eight_schools_noncentered,3,bucketed,last_depth,128,512,10,1,0.4973623976111412,0.428147591650486,repeat indices align samples but methods were timed sequentially; use independent-resample intervals
27,eight_schools_noncentered,3,bucketed,last_depth,128,512,10,2,0.46513520926237106,0.4805832579731941,repeat indices align samples but methods were timed sequentially; use independent-resample intervals
27,eight_schools_noncentered,3,bucketed,last_depth,128,512,10,3,0.4684216156601906,0.4101331904530525,repeat indices align samples but methods were timed sequentially; use independent-resample intervals
27,eight_schools_noncentered,3,bucketed,last_depth,128,512,10,4,0.4880741238594055,0.4012357369065285,repeat indices align samples but methods were timed sequentially; use independent-resample intervals
27,eight_schools_noncentered,3,bucketed,last_depth,128,512,10,5,0.4884234145283699,0.4564378634095192,repeat indices align samples but methods were timed sequentially; use independent-resample intervals
27,eight_schools_noncentered,3,bucketed,last_depth,128,512,10,6,0.43718112260103226,0.47399524599313736,repeat indices align samples but methods were timed sequentially; use independent-resample intervals
27,eight_schools_noncentered,3,bucketed,last_depth,128,512,10,7,0.4581836611032486,0.43264031410217285,repeat indices align samples but methods were timed sequentially; use independent-resample intervals
27,eight_schools_noncentered,3,bucketed,last_depth,128,512,10,8,0.4831054359674454,0.4951229467988014,repeat indices align samples but methods were timed sequentially; use independent-resample intervals
27,eight_schools_noncentered,3,bucketed,last_depth,128,512,10,9,0.4746226295828819,0.4508848413825035,repeat indices align samples but methods were timed sequentially; use independent-resample intervals
27,eight_schools_noncentered,3,bucketed,last_depth,128,512,10,10,0.5247167199850082,0.3554346412420273,repeat indices align samples but methods were timed sequentially; use independent-resample intervals
27,eight_schools_noncentered,3,bucketed,last_depth,128,512,10,11,0.47400423139333725,0.4313773140311241,repeat indices align samples but methods were timed sequentially; use independent-resample intervals
27,eight_schools_noncentered,3,bucketed,last_depth,128,512,10,12,0.4752584174275398,0.41100338101387024,repeat indices align samples but methods were timed sequentially; use independent-resample intervals
27,eight_schools_noncentered,3,bucketed,last_depth,128,512,10,13,0.4563573896884918,0.466988205909729,repeat indices align samples but methods were timed sequentially; use independent-resample intervals
27,eight_schools_noncentered,3,bucketed,last_depth,128,512,10,14,0.5042218267917633,0.43183381110429764,repeat indices align samples but methods were timed sequentially; use independent-resample intervals
27,eight_schools_noncentered,3,bucketed,last_depth,128,512,10,15,0.46849631518125534,0.42228245735168457,repeat indices align samples but methods were timed sequentially; use independent-resample intervals
27,eight_schools_noncentered,3,bucketed,last_depth,128,512,10,16,0.5167617276310921,0.46606476604938507,repeat indices align samples but methods were timed sequentially; use independent-resample intervals
27,eight_schools_noncentered,3,bucketed,last_depth,128,512,10,17,0.4624399393796921,0.43436627089977264,repeat indices align samples but methods were timed sequentially; use independent-resample intervals
27,eight_schools_noncentered,3,bucketed,last_depth,128,512,10,18,0.5293758809566498,0.4079134464263916,repeat indices align samples but methods were timed sequentially; use independent-resample intervals
27,eight_schools_noncentered,3,bucketed,last_depth,128,512,10,19,0.5142983570694923,0.4410007819533348,repeat indices align samples but methods were timed sequentially; use independent-resample intervals
27,eight_schools_noncentered,3,bucketed,last_depth,128,512,10,20,0.46210382878780365,0.45591771602630615,repeat indices align samples but methods were timed sequentially; use independent-resample intervals
27,eight_schools_noncentered,3,bucketed,last_depth,128,512,10,21,0.4121351018548012,0.37724124640226364,repeat indices align samples but methods were timed sequentially; use independent-resample intervals
27,eight_schools_noncentered,3,bucketed,last_depth,128,512,10,22,0.46663737297058105,0.4076914042234421,repeat indices align samples but methods were timed sequentially; use independent-resample intervals
27,eight_schools_noncentered,3,bucketed,last_depth,128,512,10,23,0.507072851061821,0.4569900929927826,repeat indices align samples but methods were timed sequentially; use independent-resample intervals
27,eight_schools_noncentered,3,bucketed,last_depth,128,512,10,24,0.49197154492139816,0.39084361493587494,repeat indices align samples but methods were timed sequentially; use independent-resample intervals
27,eight_schools_noncentered,3,bucketed,last_depth,128,512,10,25,0.4515165239572525,0.40507252514362335,repeat indices align samples but methods were timed sequentially; use independent-resample intervals
27,eight_schools_noncentered,3,bucketed,last_depth,128,512,10,26,0.4568028971552849,0.3771941661834717,repeat indices align samples but methods were timed sequentially; use independent-resample intervals
27,eight_schools_noncentered,3,bucketed,last_depth,128,512,10,27,0.4821346774697304,0.48411958664655685,repeat indices align samples but methods were timed sequentially; use independent-resample intervals
27,eight_schools_noncentered,3,bucketed,last_depth,128,512,10,28,0.46606069058179855,0.455535463988781,repeat indices align samples but methods were timed sequentially; use independent-resample intervals
27,eight_schools_noncentered,3,bucketed,last_depth,128,512,10,29,0.47423573583364487,0.43185777217149734,repeat indices align samples but methods were timed sequentially; use independent-resample intervals
28,eight_schools_noncentered,4,monolithic,monolithic,0,512,10,0,0.4629826992750168,0.4629826992750168,repeat indices align samples but methods were timed sequentially; use independent-resample intervals
28,eight_schools_noncentered,4,monolithic,monolithic,0,512,10,1,0.4747074618935585,0.4747074618935585,repeat indices align samples but methods were timed sequentially; use independent-resample intervals
28,eight_schools_noncentered,4,monolithic,monolithic,0,512,10,2,0.5128361657261848,0.5128361657261848,repeat indices align samples but methods were timed sequentially; use independent-resample intervals
28,eight_schools_noncentered,4,monolithic,monolithic,0,512,10,3,0.5154156237840652,0.5154156237840652,repeat indices align samples but methods were timed sequentially; use independent-resample intervals
28,eight_schools_noncentered,4,monolithic,monolithic,0,512,10,4,0.4935505539178848,0.4935505539178848,repeat indices align samples but methods were timed sequentially; use independent-resample intervals
28,eight_schools_noncentered,4,monolithic,monolithic,0,512,10,5,0.46024804562330246,0.46024804562330246,repeat indices align samples but methods were timed sequentially; use independent-resample intervals
28,eight_schools_noncentered,4,monolithic,monolithic,0,512,10,6,0.47975559532642365,0.47975559532642365,repeat indices align samples but methods were timed sequentially; use independent-resample intervals
28,eight_schools_noncentered,4,monolithic,monolithic,0,512,10,7,0.44606807827949524,0.44606807827949524,repeat indices align samples but methods were timed sequentially; use independent-resample intervals
28,eight_schools_noncentered,4,monolithic,monolithic,0,512,10,8,0.4340362846851349,0.4340362846851349,repeat indices align samples but methods were timed sequentially; use independent-resample intervals
28,eight_schools_noncentered,4,monolithic,monolithic,0,512,10,9,0.39545588195323944,0.39545588195323944,repeat indices align samples but methods were timed sequentially; use independent-resample intervals
28,eight_schools_noncentered,4,monolithic,monolithic,0,512,10,10,0.4351588562130928,0.4351588562130928,repeat indices align samples but methods were timed sequentially; use independent-resample intervals
28,eight_schools_noncentered,4,monolithic,monolithic,0,512,10,11,0.4200732260942459,0.4200732260942459,repeat indices align samples but methods were timed sequentially; use independent-resample intervals
28,eight_schools_noncentered,4,monolithic,monolithic,0,512,10,12,0.41103095561265945,0.41103095561265945,repeat indices align samples but methods were timed sequentially; use independent-resample intervals
28,eight_schools_noncentered,4,monolithic,monolithic,0,512,10,13,0.4788333773612976,0.4788333773612976,repeat indices align samples but methods were timed sequentially; use independent-resample intervals
28,eight_schools_noncentered,4,monolithic,monolithic,0,512,10,14,0.49878692626953125,0.49878692626953125,repeat indices align samples but methods were timed sequentially; use independent-resample intervals
28,eight_schools_noncentered,4,monolithic,monolithic,0,512,10,15,0.42892174422740936,0.42892174422740936,repeat indices align samples but methods were timed sequentially; use independent-resample intervals
28,eight_schools_noncentered,4,monolithic,monolithic,0,512,10,16,0.414642870426178,0.414642870426178,repeat indices align samples but methods were timed sequentially; use independent-resample intervals
28,eight_schools_noncentered,4,monolithic,monolithic,0,512,10,17,0.5174980536103249,0.5174980536103249,repeat indices align samples but methods were timed sequentially; use independent-resample intervals
28,eight_schools_noncentered,4,monolithic,monolithic,0,512,10,18,0.5032020211219788,0.5032020211219788,repeat indices align samples but methods were timed sequentially; use independent-resample intervals
28,eight_schools_noncentered,4,monolithic,monolithic,0,512,10,19,0.4849361702799797,0.4849361702799797,repeat indices align samples but methods were timed sequentially; use independent-resample intervals
28,eight_schools_noncentered,4,monolithic,monolithic,0,512,10,20,0.45126304775476456,0.45126304775476456,repeat indices align samples but methods were timed sequentially; use independent-resample intervals
28,eight_schools_noncentered,4,monolithic,monolithic,0,512,10,21,0.45999328047037125,0.45999328047037125,repeat indices align samples but methods were timed sequentially; use independent-resample intervals
28,eight_schools_noncentered,4,monolithic,monolithic,0,512,10,22,0.5088291466236115,0.5088291466236115,repeat indices align samples but methods were timed sequentially; use independent-resample intervals
28,eight_schools_noncentered,4,monolithic,monolithic,0,512,10,23,0.38807855546474457,0.38807855546474457,repeat indices align samples but methods were timed sequentially; use independent-resample intervals
28,eight_schools_noncentered,4,monolithic,monolithic,0,512,10,24,0.4532591849565506,0.4532591849565506,repeat indices align samples but methods were timed sequentially; use independent-resample intervals
28,eight_schools_noncentered,4,monolithic,monolithic,0,512,10,25,0.44250643998384476,0.44250643998384476,repeat indices align samples but methods were timed sequentially; use independent-resample intervals
28,eight_schools_noncentered,4,monolithic,monolithic,0,512,10,26,0.5005524009466171,0.5005524009466171,repeat indices align samples but methods were timed sequentially; use independent-resample intervals
28,eight_schools_noncentered,4,monolithic,monolithic,0,512,10,27,0.4742616266012192,0.4742616266012192,repeat indices align samples but methods were timed sequentially; use independent-resample intervals
28,eight_schools_noncentered,4,monolithic,monolithic,0,512,10,28,0.47157858312129974,0.47157858312129974,repeat indices align samples but methods were timed sequentially; use independent-resample intervals
28,eight_schools_noncentered,4,monolithic,monolithic,0,512,10,29,0.3981747254729271,0.3981747254729271,repeat indices align samples but methods were timed sequentially; use independent-resample intervals
29,eight_schools_noncentered,4,bucketed,none,64,512,10,0,0.5024651810526848,0.4629826992750168,repeat indices align samples but methods were timed sequentially; use independent-resample intervals
29,eight_schools_noncentered,4,bucketed,none,64,512,10,1,0.5363956391811371,0.4747074618935585,repeat indices align samples but methods were timed sequentially; use independent-resample intervals
29,eight_schools_noncentered,4,bucketed,none,64,512,10,2,0.5570990815758705,0.5128361657261848,repeat indices align samples but methods were timed sequentially; use independent-resample intervals
29,eight_schools_noncentered,4,bucketed,none,64,512,10,3,0.5267946198582649,0.5154156237840652,repeat indices align samples but methods were timed sequentially; use independent-resample intervals
29,eight_schools_noncentered,4,bucketed,none,64,512,10,4,0.6081141605973244,0.4935505539178848,repeat indices align samples but methods were timed sequentially; use independent-resample intervals
29,eight_schools_noncentered,4,bucketed,none,64,512,10,5,0.5521438792347908,0.46024804562330246,repeat indices align samples but methods were timed sequentially; use independent-resample intervals
29,eight_schools_noncentered,4,bucketed,none,64,512,10,6,0.49963588267564774,0.47975559532642365,repeat indices align samples but methods were timed sequentially; use independent-resample intervals
29,eight_schools_noncentered,4,bucketed,none,64,512,10,7,0.48261139541864395,0.44606807827949524,repeat indices align samples but methods were timed sequentially; use independent-resample intervals
29,eight_schools_noncentered,4,bucketed,none,64,512,10,8,0.5018511861562729,0.4340362846851349,repeat indices align samples but methods were timed sequentially; use independent-resample intervals
29,eight_schools_noncentered,4,bucketed,none,64,512,10,9,0.5464257001876831,0.39545588195323944,repeat indices align samples but methods were timed sequentially; use independent-resample intervals
29,eight_schools_noncentered,4,bucketed,none,64,512,10,10,0.5877662897109985,0.4351588562130928,repeat indices align samples but methods were timed sequentially; use independent-resample intervals
29,eight_schools_noncentered,4,bucketed,none,64,512,10,11,0.5518951863050461,0.4200732260942459,repeat indices align samples but methods were timed sequentially; use independent-resample intervals
29,eight_schools_noncentered,4,bucketed,none,64,512,10,12,0.598525658249855,0.41103095561265945,repeat indices align samples but methods were timed sequentially; use independent-resample intervals
29,eight_schools_noncentered,4,bucketed,none,64,512,10,13,0.5172702595591545,0.4788333773612976,repeat indices align samples but methods were timed sequentially; use independent-resample intervals
29,eight_schools_noncentered,4,bucketed,none,64,512,10,14,0.5192293375730515,0.49878692626953125,repeat indices align samples but methods were timed sequentially; use independent-resample intervals
29,eight_schools_noncentered,4,bucketed,none,64,512,10,15,0.6038563773036003,0.42892174422740936,repeat indices align samples but methods were timed sequentially; use independent-resample intervals
29,eight_schools_noncentered,4,bucketed,none,64,512,10,16,0.5842897370457649,0.414642870426178,repeat indices align samples but methods were timed sequentially; use independent-resample intervals
29,eight_schools_noncentered,4,bucketed,none,64,512,10,17,0.49474065750837326,0.5174980536103249,repeat indices align samples but methods were timed sequentially; use independent-resample intervals
29,eight_schools_noncentered,4,bucketed,none,64,512,10,18,0.590951532125473,0.5032020211219788,repeat indices align samples but methods were timed sequentially; use independent-resample intervals
29,eight_schools_noncentered,4,bucketed,none,64,512,10,19,0.5156364664435387,0.4849361702799797,repeat indices align samples but methods were timed sequentially; use independent-resample intervals
29,eight_schools_noncentered,4,bucketed,none,64,512,10,20,0.5522333011031151,0.45126304775476456,repeat indices align samples but methods were timed sequentially; use independent-resample intervals
29,eight_schools_noncentered,4,bucketed,none,64,512,10,21,0.5518287420272827,0.45999328047037125,repeat indices align samples but methods were timed sequentially; use independent-resample intervals
29,eight_schools_noncentered,4,bucketed,none,64,512,10,22,0.5127975195646286,0.5088291466236115,repeat indices align samples but methods were timed sequentially; use independent-resample intervals
29,eight_schools_noncentered,4,bucketed,none,64,512,10,23,0.6081451326608658,0.38807855546474457,repeat indices align samples but methods were timed sequentially; use independent-resample intervals
29,eight_schools_noncentered,4,bucketed,none,64,512,10,24,0.5385339930653572,0.4532591849565506,repeat indices align samples but methods were timed sequentially; use independent-resample intervals
29,eight_schools_noncentered,4,bucketed,none,64,512,10,25,0.5150575190782547,0.44250643998384476,repeat indices align samples but methods were timed sequentially; use independent-resample intervals
29,eight_schools_noncentered,4,bucketed,none,64,512,10,26,0.4802586957812309,0.5005524009466171,repeat indices align samples but methods were timed sequentially; use independent-resample intervals
29,eight_schools_noncentered,4,bucketed,none,64,512,10,27,0.5260064601898193,0.4742616266012192,repeat indices align samples but methods were timed sequentially; use independent-resample intervals
29,eight_schools_noncentered,4,bucketed,none,64,512,10,28,0.4498641788959503,0.47157858312129974,repeat indices align samples but methods were timed sequentially; use independent-resample intervals
29,eight_schools_noncentered,4,bucketed,none,64,512,10,29,0.4784810394048691,0.3981747254729271,repeat indices align samples but methods were timed sequentially; use independent-resample intervals
30,eight_schools_noncentered,4,bucketed,none,128,512,10,0,0.4412279650568962,0.4629826992750168,repeat indices align samples but methods were timed sequentially; use independent-resample intervals
30,eight_schools_noncentered,4,bucketed,none,128,512,10,1,0.4756336659193039,0.4747074618935585,repeat indices align samples but methods were timed sequentially; use independent-resample intervals
30,eight_schools_noncentered,4,bucketed,none,128,512,10,2,0.49653639644384384,0.5128361657261848,repeat indices align samples but methods were timed sequentially; use independent-resample intervals
30,eight_schools_noncentered,4,bucketed,none,128,512,10,3,0.504706047475338,0.5154156237840652,repeat indices align samples but methods were timed sequentially; use independent-resample intervals
30,eight_schools_noncentered,4,bucketed,none,128,512,10,4,0.4445643275976181,0.4935505539178848,repeat indices align samples but methods were timed sequentially; use independent-resample intervals
30,eight_schools_noncentered,4,bucketed,none,128,512,10,5,0.4807734489440918,0.46024804562330246,repeat indices align samples but methods were timed sequentially; use independent-resample intervals
30,eight_schools_noncentered,4,bucketed,none,128,512,10,6,0.422855943441391,0.47975559532642365,repeat indices align samples but methods were timed sequentially; use independent-resample intervals
30,eight_schools_noncentered,4,bucketed,none,128,512,10,7,0.48252207785844803,0.44606807827949524,repeat indices align samples but methods were timed sequentially; use independent-resample intervals
30,eight_schools_noncentered,4,bucketed,none,128,512,10,8,0.46057552099227905,0.4340362846851349,repeat indices align samples but methods were timed sequentially; use independent-resample intervals
30,eight_schools_noncentered,4,bucketed,none,128,512,10,9,0.4829043224453926,0.39545588195323944,repeat indices align samples but methods were timed sequentially; use independent-resample intervals
30,eight_schools_noncentered,4,bucketed,none,128,512,10,10,0.46765825897455215,0.4351588562130928,repeat indices align samples but methods were timed sequentially; use independent-resample intervals
30,eight_schools_noncentered,4,bucketed,none,128,512,10,11,0.4200232997536659,0.4200732260942459,repeat indices align samples but methods were timed sequentially; use independent-resample intervals
30,eight_schools_noncentered,4,bucketed,none,128,512,10,12,0.45167575776576996,0.41103095561265945,repeat indices align samples but methods were timed sequentially; use independent-resample intervals
30,eight_schools_noncentered,4,bucketed,none,128,512,10,13,0.41238781809806824,0.4788333773612976,repeat indices align samples but methods were timed sequentially; use independent-resample intervals
30,eight_schools_noncentered,4,bucketed,none,128,512,10,14,0.46379000693559647,0.49878692626953125,repeat indices align samples but methods were timed sequentially; use independent-resample intervals
30,eight_schools_noncentered,4,bucketed,none,128,512,10,15,0.4451013281941414,0.42892174422740936,repeat indices align samples but methods were timed sequentially; use independent-resample intervals
30,eight_schools_noncentered,4,bucketed,none,128,512,10,16,0.4485514611005783,0.414642870426178,repeat indices align samples but methods were timed sequentially; use independent-resample intervals
30,eight_schools_noncentered,4,bucketed,none,128,512,10,17,0.4430136978626251,0.5174980536103249,repeat indices align samples but methods were timed sequentially; use independent-resample intervals
30,eight_schools_noncentered,4,bucketed,none,128,512,10,18,0.4698434919118881,0.5032020211219788,repeat indices align samples but methods were timed sequentially; use independent-resample intervals
30,eight_schools_noncentered,4,bucketed,none,128,512,10,19,0.49635033309459686,0.4849361702799797,repeat indices align samples but methods were timed sequentially; use independent-resample intervals
30,eight_schools_noncentered,4,bucketed,none,128,512,10,20,0.4884028509259224,0.45126304775476456,repeat indices align samples but methods were timed sequentially; use independent-resample intervals
30,eight_schools_noncentered,4,bucketed,none,128,512,10,21,0.49562348425388336,0.45999328047037125,repeat indices align samples but methods were timed sequentially; use independent-resample intervals
30,eight_schools_noncentered,4,bucketed,none,128,512,10,22,0.4802543520927429,0.5088291466236115,repeat indices align samples but methods were timed sequentially; use independent-resample intervals
30,eight_schools_noncentered,4,bucketed,none,128,512,10,23,0.443999208509922,0.38807855546474457,repeat indices align samples but methods were timed sequentially; use independent-resample intervals
30,eight_schools_noncentered,4,bucketed,none,128,512,10,24,0.48157165199518204,0.4532591849565506,repeat indices align samples but methods were timed sequentially; use independent-resample intervals
30,eight_schools_noncentered,4,bucketed,none,128,512,10,25,0.45700986683368683,0.44250643998384476,repeat indices align samples but methods were timed sequentially; use independent-resample intervals
30,eight_schools_noncentered,4,bucketed,none,128,512,10,26,0.4985611364245415,0.5005524009466171,repeat indices align samples but methods were timed sequentially; use independent-resample intervals
30,eight_schools_noncentered,4,bucketed,none,128,512,10,27,0.5246256962418556,0.4742616266012192,repeat indices align samples but methods were timed sequentially; use independent-resample intervals
30,eight_schools_noncentered,4,bucketed,none,128,512,10,28,0.44677798449993134,0.47157858312129974,repeat indices align samples but methods were timed sequentially; use independent-resample intervals
30,eight_schools_noncentered,4,bucketed,none,128,512,10,29,0.4823467805981636,0.3981747254729271,repeat indices align samples but methods were timed sequentially; use independent-resample intervals
31,eight_schools_noncentered,4,bucketed,history,64,512,10,0,0.5189650356769562,0.4629826992750168,repeat indices align samples but methods were timed sequentially; use independent-resample intervals
31,eight_schools_noncentered,4,bucketed,history,64,512,10,1,0.5846497043967247,0.4747074618935585,repeat indices align samples but methods were timed sequentially; use independent-resample intervals
31,eight_schools_noncentered,4,bucketed,history,64,512,10,2,0.5534956008195877,0.5128361657261848,repeat indices align samples but methods were timed sequentially; use independent-resample intervals
31,eight_schools_noncentered,4,bucketed,history,64,512,10,3,0.5875949785113335,0.5154156237840652,repeat indices align samples but methods were timed sequentially; use independent-resample intervals
31,eight_schools_noncentered,4,bucketed,history,64,512,10,4,0.6152268350124359,0.4935505539178848,repeat indices align samples but methods were timed sequentially; use independent-resample intervals
31,eight_schools_noncentered,4,bucketed,history,64,512,10,5,0.5277825966477394,0.46024804562330246,repeat indices align samples but methods were timed sequentially; use independent-resample intervals
31,eight_schools_noncentered,4,bucketed,history,64,512,10,6,0.4960585683584213,0.47975559532642365,repeat indices align samples but methods were timed sequentially; use independent-resample intervals
31,eight_schools_noncentered,4,bucketed,history,64,512,10,7,0.492030568420887,0.44606807827949524,repeat indices align samples but methods were timed sequentially; use independent-resample intervals
31,eight_schools_noncentered,4,bucketed,history,64,512,10,8,0.5289309471845627,0.4340362846851349,repeat indices align samples but methods were timed sequentially; use independent-resample intervals
31,eight_schools_noncentered,4,bucketed,history,64,512,10,9,0.46349727362394333,0.39545588195323944,repeat indices align samples but methods were timed sequentially; use independent-resample intervals
31,eight_schools_noncentered,4,bucketed,history,64,512,10,10,0.5255649983882904,0.4351588562130928,repeat indices align samples but methods were timed sequentially; use independent-resample intervals
31,eight_schools_noncentered,4,bucketed,history,64,512,10,11,0.5519599467515945,0.4200732260942459,repeat indices align samples but methods were timed sequentially; use independent-resample intervals
31,eight_schools_noncentered,4,bucketed,history,64,512,10,12,0.5787282586097717,0.41103095561265945,repeat indices align samples but methods were timed sequentially; use independent-resample intervals
31,eight_schools_noncentered,4,bucketed,history,64,512,10,13,0.5690672472119331,0.4788333773612976,repeat indices align samples but methods were timed sequentially; use independent-resample intervals
31,eight_schools_noncentered,4,bucketed,history,64,512,10,14,0.5579538643360138,0.49878692626953125,repeat indices align samples but methods were timed sequentially; use independent-resample intervals
31,eight_schools_noncentered,4,bucketed,history,64,512,10,15,0.49235204607248306,0.42892174422740936,repeat indices align samples but methods were timed sequentially; use independent-resample intervals
31,eight_schools_noncentered,4,bucketed,history,64,512,10,16,0.5203660577535629,0.414642870426178,repeat indices align samples but methods were timed sequentially; use independent-resample intervals
31,eight_schools_noncentered,4,bucketed,history,64,512,10,17,0.615769624710083,0.5174980536103249,repeat indices align samples but methods were timed sequentially; use independent-resample intervals
31,eight_schools_noncentered,4,bucketed,history,64,512,10,18,0.5884013175964355,0.5032020211219788,repeat indices align samples but methods were timed sequentially; use independent-resample intervals
31,eight_schools_noncentered,4,bucketed,history,64,512,10,19,0.55925702303648,0.4849361702799797,repeat indices align samples but methods were timed sequentially; use independent-resample intervals
31,eight_schools_noncentered,4,bucketed,history,64,512,10,20,0.5600718110799789,0.45126304775476456,repeat indices align samples but methods were timed sequentially; use independent-resample intervals
31,eight_schools_noncentered,4,bucketed,history,64,512,10,21,0.5544959232211113,0.45999328047037125,repeat indices align samples but methods were timed sequentially; use independent-resample intervals
31,eight_schools_noncentered,4,bucketed,history,64,512,10,22,0.5901498198509216,0.5088291466236115,repeat indices align samples but methods were timed sequentially; use independent-resample intervals
31,eight_schools_noncentered,4,bucketed,history,64,512,10,23,0.6081461757421494,0.38807855546474457,repeat indices align samples but methods were timed sequentially; use independent-resample intervals
31,eight_schools_noncentered,4,bucketed,history,64,512,10,24,0.6672632247209549,0.4532591849565506,repeat indices align samples but methods were timed sequentially; use independent-resample intervals
31,eight_schools_noncentered,4,bucketed,history,64,512,10,25,0.5906488373875618,0.44250643998384476,repeat indices align samples but methods were timed sequentially; use independent-resample intervals
31,eight_schools_noncentered,4,bucketed,history,64,512,10,26,0.5757520273327827,0.5005524009466171,repeat indices align samples but methods were timed sequentially; use independent-resample intervals
31,eight_schools_noncentered,4,bucketed,history,64,512,10,27,0.5350249484181404,0.4742616266012192,repeat indices align samples but methods were timed sequentially; use independent-resample intervals
31,eight_schools_noncentered,4,bucketed,history,64,512,10,28,0.5479814931750298,0.47157858312129974,repeat indices align samples but methods were timed sequentially; use independent-resample intervals
31,eight_schools_noncentered,4,bucketed,history,64,512,10,29,0.6387808546423912,0.3981747254729271,repeat indices align samples but methods were timed sequentially; use independent-resample intervals
32,eight_schools_noncentered,4,bucketed,history,128,512,10,0,0.45937563478946686,0.4629826992750168,repeat indices align samples but methods were timed sequentially; use independent-resample intervals
32,eight_schools_noncentered,4,bucketed,history,128,512,10,1,0.5239502564072609,0.4747074618935585,repeat indices align samples but methods were timed sequentially; use independent-resample intervals
32,eight_schools_noncentered,4,bucketed,history,128,512,10,2,0.4955740347504616,0.5128361657261848,repeat indices align samples but methods were timed sequentially; use independent-resample intervals
32,eight_schools_noncentered,4,bucketed,history,128,512,10,3,0.5287222042679787,0.5154156237840652,repeat indices align samples but methods were timed sequentially; use independent-resample intervals
32,eight_schools_noncentered,4,bucketed,history,128,512,10,4,0.5058902502059937,0.4935505539178848,repeat indices align samples but methods were timed sequentially; use independent-resample intervals
32,eight_schools_noncentered,4,bucketed,history,128,512,10,5,0.49341243505477905,0.46024804562330246,repeat indices align samples but methods were timed sequentially; use independent-resample intervals
32,eight_schools_noncentered,4,bucketed,history,128,512,10,6,0.4931302070617676,0.47975559532642365,repeat indices align samples but methods were timed sequentially; use independent-resample intervals
32,eight_schools_noncentered,4,bucketed,history,128,512,10,7,0.4921269863843918,0.44606807827949524,repeat indices align samples but methods were timed sequentially; use independent-resample intervals
32,eight_schools_noncentered,4,bucketed,history,128,512,10,8,0.44409988075494766,0.4340362846851349,repeat indices align samples but methods were timed sequentially; use independent-resample intervals
32,eight_schools_noncentered,4,bucketed,history,128,512,10,9,0.4555002748966217,0.39545588195323944,repeat indices align samples but methods were timed sequentially; use independent-resample intervals
32,eight_schools_noncentered,4,bucketed,history,128,512,10,10,0.506191298365593,0.4351588562130928,repeat indices align samples but methods were timed sequentially; use independent-resample intervals
32,eight_schools_noncentered,4,bucketed,history,128,512,10,11,0.4989372193813324,0.4200732260942459,repeat indices align samples but methods were timed sequentially; use independent-resample intervals
32,eight_schools_noncentered,4,bucketed,history,128,512,10,12,0.46993112564086914,0.41103095561265945,repeat indices align samples but methods were timed sequentially; use independent-resample intervals
32,eight_schools_noncentered,4,bucketed,history,128,512,10,13,0.48479798436164856,0.4788333773612976,repeat indices align samples but methods were timed sequentially; use independent-resample intervals
32,eight_schools_noncentered,4,bucketed,history,128,512,10,14,0.4521379768848419,0.49878692626953125,repeat indices align samples but methods were timed sequentially; use independent-resample intervals
32,eight_schools_noncentered,4,bucketed,history,128,512,10,15,0.4864537939429283,0.42892174422740936,repeat indices align samples but methods were timed sequentially; use independent-resample intervals
32,eight_schools_noncentered,4,bucketed,history,128,512,10,16,0.5493858158588409,0.414642870426178,repeat indices align samples but methods were timed sequentially; use independent-resample intervals
32,eight_schools_noncentered,4,bucketed,history,128,512,10,17,0.4474978446960449,0.5174980536103249,repeat indices align samples but methods were timed sequentially; use independent-resample intervals
32,eight_schools_noncentered,4,bucketed,history,128,512,10,18,0.4565572515130043,0.5032020211219788,repeat indices align samples but methods were timed sequentially; use independent-resample intervals
32,eight_schools_noncentered,4,bucketed,history,128,512,10,19,0.48351510614156723,0.4849361702799797,repeat indices align samples but methods were timed sequentially; use independent-resample intervals
32,eight_schools_noncentered,4,bucketed,history,128,512,10,20,0.5107479989528656,0.45126304775476456,repeat indices align samples but methods were timed sequentially; use independent-resample intervals
32,eight_schools_noncentered,4,bucketed,history,128,512,10,21,0.4429827705025673,0.45999328047037125,repeat indices align samples but methods were timed sequentially; use independent-resample intervals
32,eight_schools_noncentered,4,bucketed,history,128,512,10,22,0.5026127472519875,0.5088291466236115,repeat indices align samples but methods were timed sequentially; use independent-resample intervals
32,eight_schools_noncentered,4,bucketed,history,128,512,10,23,0.5052761137485504,0.38807855546474457,repeat indices align samples but methods were timed sequentially; use independent-resample intervals
32,eight_schools_noncentered,4,bucketed,history,128,512,10,24,0.5038212686777115,0.4532591849565506,repeat indices align samples but methods were timed sequentially; use independent-resample intervals
32,eight_schools_noncentered,4,bucketed,history,128,512,10,25,0.48582790046930313,0.44250643998384476,repeat indices align samples but methods were timed sequentially; use independent-resample intervals
32,eight_schools_noncentered,4,bucketed,history,128,512,10,26,0.5307206511497498,0.5005524009466171,repeat indices align samples but methods were timed sequentially; use independent-resample intervals
32,eight_schools_noncentered,4,bucketed,history,128,512,10,27,0.4379286617040634,0.4742616266012192,repeat indices align samples but methods were timed sequentially; use independent-resample intervals
32,eight_schools_noncentered,4,bucketed,history,128,512,10,28,0.4676520526409149,0.47157858312129974,repeat indices align samples but methods were timed sequentially; use independent-resample intervals
32,eight_schools_noncentered,4,bucketed,history,128,512,10,29,0.4770098552107811,0.3981747254729271,repeat indices align samples but methods were timed sequentially; use independent-resample intervals
33,eight_schools_noncentered,4,bucketed,last_depth,64,512,10,0,0.4659491181373596,0.4629826992750168,repeat indices align samples but methods were timed sequentially; use independent-resample intervals
33,eight_schools_noncentered,4,bucketed,last_depth,64,512,10,1,0.5136388912796974,0.4747074618935585,repeat indices align samples but methods were timed sequentially; use independent-resample intervals
33,eight_schools_noncentered,4,bucketed,last_depth,64,512,10,2,0.5928158313035965,0.5128361657261848,repeat indices align samples but methods were timed sequentially; use independent-resample intervals
33,eight_schools_noncentered,4,bucketed,last_depth,64,512,10,3,0.5156189724802971,0.5154156237840652,repeat indices align samples but methods were timed sequentially; use independent-resample intervals
33,eight_schools_noncentered,4,bucketed,last_depth,64,512,10,4,0.5425441265106201,0.4935505539178848,repeat indices align samples but methods were timed sequentially; use independent-resample intervals
33,eight_schools_noncentered,4,bucketed,last_depth,64,512,10,5,0.46773260831832886,0.46024804562330246,repeat indices align samples but methods were timed sequentially; use independent-resample intervals
33,eight_schools_noncentered,4,bucketed,last_depth,64,512,10,6,0.5360713973641396,0.47975559532642365,repeat indices align samples but methods were timed sequentially; use independent-resample intervals
33,eight_schools_noncentered,4,bucketed,last_depth,64,512,10,7,0.4954402893781662,0.44606807827949524,repeat indices align samples but methods were timed sequentially; use independent-resample intervals
33,eight_schools_noncentered,4,bucketed,last_depth,64,512,10,8,0.5983840972185135,0.4340362846851349,repeat indices align samples but methods were timed sequentially; use independent-resample intervals
33,eight_schools_noncentered,4,bucketed,last_depth,64,512,10,9,0.49918512254953384,0.39545588195323944,repeat indices align samples but methods were timed sequentially; use independent-resample intervals
33,eight_schools_noncentered,4,bucketed,last_depth,64,512,10,10,0.549748569726944,0.4351588562130928,repeat indices align samples but methods were timed sequentially; use independent-resample intervals
33,eight_schools_noncentered,4,bucketed,last_depth,64,512,10,11,0.5637869909405708,0.4200732260942459,repeat indices align samples but methods were timed sequentially; use independent-resample intervals
33,eight_schools_noncentered,4,bucketed,last_depth,64,512,10,12,0.5347130000591278,0.41103095561265945,repeat indices align samples but methods were timed sequentially; use independent-resample intervals
33,eight_schools_noncentered,4,bucketed,last_depth,64,512,10,13,0.524534173309803,0.4788333773612976,repeat indices align samples but methods were timed sequentially; use independent-resample intervals
33,eight_schools_noncentered,4,bucketed,last_depth,64,512,10,14,0.5162876322865486,0.49878692626953125,repeat indices align samples but methods were timed sequentially; use independent-resample intervals
33,eight_schools_noncentered,4,bucketed,last_depth,64,512,10,15,0.5373456254601479,0.42892174422740936,repeat indices align samples but methods were timed sequentially; use independent-resample intervals
33,eight_schools_noncentered,4,bucketed,last_depth,64,512,10,16,0.567655935883522,0.414642870426178,repeat indices align samples but methods were timed sequentially; use independent-resample intervals
33,eight_schools_noncentered,4,bucketed,last_depth,64,512,10,17,0.5839708521962166,0.5174980536103249,repeat indices align samples but methods were timed sequentially; use independent-resample intervals
33,eight_schools_noncentered,4,bucketed,last_depth,64,512,10,18,0.44388090819120407,0.5032020211219788,repeat indices align samples but methods were timed sequentially; use independent-resample intervals
33,eight_schools_noncentered,4,bucketed,last_depth,64,512,10,19,0.5249317288398743,0.4849361702799797,repeat indices align samples but methods were timed sequentially; use independent-resample intervals
33,eight_schools_noncentered,4,bucketed,last_depth,64,512,10,20,0.5277987346053123,0.45126304775476456,repeat indices align samples but methods were timed sequentially; use independent-resample intervals
33,eight_schools_noncentered,4,bucketed,last_depth,64,512,10,21,0.6131960153579712,0.45999328047037125,repeat indices align samples but methods were timed sequentially; use independent-resample intervals
33,eight_schools_noncentered,4,bucketed,last_depth,64,512,10,22,0.5353860631585121,0.5088291466236115,repeat indices align samples but methods were timed sequentially; use independent-resample intervals
33,eight_schools_noncentered,4,bucketed,last_depth,64,512,10,23,0.565326988697052,0.38807855546474457,repeat indices align samples but methods were timed sequentially; use independent-resample intervals
33,eight_schools_noncentered,4,bucketed,last_depth,64,512,10,24,0.501372680068016,0.4532591849565506,repeat indices align samples but methods were timed sequentially; use independent-resample intervals
33,eight_schools_noncentered,4,bucketed,last_depth,64,512,10,25,0.5004413053393364,0.44250643998384476,repeat indices align samples but methods were timed sequentially; use independent-resample intervals
33,eight_schools_noncentered,4,bucketed,last_depth,64,512,10,26,0.5139230489730835,0.5005524009466171,repeat indices align samples but methods were timed sequentially; use independent-resample intervals
33,eight_schools_noncentered,4,bucketed,last_depth,64,512,10,27,0.5897962301969528,0.4742616266012192,repeat indices align samples but methods were timed sequentially; use independent-resample intervals
33,eight_schools_noncentered,4,bucketed,last_depth,64,512,10,28,0.5943550914525986,0.47157858312129974,repeat indices align samples but methods were timed sequentially; use independent-resample intervals
33,eight_schools_noncentered,4,bucketed,last_depth,64,512,10,29,0.5021809861063957,0.3981747254729271,repeat indices align samples but methods were timed sequentially; use independent-resample intervals
34,eight_schools_noncentered,4,bucketed,last_depth,128,512,10,0,0.442050576210022,0.4629826992750168,repeat indices align samples but methods were timed sequentially; use independent-resample intervals
34,eight_schools_noncentered,4,bucketed,last_depth,128,512,10,1,0.45498909056186676,0.4747074618935585,repeat indices align samples but methods were timed sequentially; use independent-resample intervals
34,eight_schools_noncentered,4,bucketed,last_depth,128,512,10,2,0.46232452243566513,0.5128361657261848,repeat indices align samples but methods were timed sequentially; use independent-resample intervals
34,eight_schools_noncentered,4,bucketed,last_depth,128,512,10,3,0.45330607146024704,0.5154156237840652,repeat indices align samples but methods were timed sequentially; use independent-resample intervals
34,eight_schools_noncentered,4,bucketed,last_depth,128,512,10,4,0.45517223328351974,0.4935505539178848,repeat indices align samples but methods were timed sequentially; use independent-resample intervals
34,eight_schools_noncentered,4,bucketed,last_depth,128,512,10,5,0.4354233294725418,0.46024804562330246,repeat indices align samples but methods were timed sequentially; use independent-resample intervals
34,eight_schools_noncentered,4,bucketed,last_depth,128,512,10,6,0.45867931097745895,0.47975559532642365,repeat indices align samples but methods were timed sequentially; use independent-resample intervals
34,eight_schools_noncentered,4,bucketed,last_depth,128,512,10,7,0.4758461117744446,0.44606807827949524,repeat indices align samples but methods were timed sequentially; use independent-resample intervals
34,eight_schools_noncentered,4,bucketed,last_depth,128,512,10,8,0.45950280874967575,0.4340362846851349,repeat indices align samples but methods were timed sequentially; use independent-resample intervals
34,eight_schools_noncentered,4,bucketed,last_depth,128,512,10,9,0.46265680342912674,0.39545588195323944,repeat indices align samples but methods were timed sequentially; use independent-resample intervals
34,eight_schools_noncentered,4,bucketed,last_depth,128,512,10,10,0.4473532736301422,0.4351588562130928,repeat indices align samples but methods were timed sequentially; use independent-resample intervals
34,eight_schools_noncentered,4,bucketed,last_depth,128,512,10,11,0.4694492593407631,0.4200732260942459,repeat indices align samples but methods were timed sequentially; use independent-resample intervals
34,eight_schools_noncentered,4,bucketed,last_depth,128,512,10,12,0.5190116763114929,0.41103095561265945,repeat indices align samples but methods were timed sequentially; use independent-resample intervals
34,eight_schools_noncentered,4,bucketed,last_depth,128,512,10,13,0.4820791408419609,0.4788333773612976,repeat indices align samples but methods were timed sequentially; use independent-resample intervals
34,eight_schools_noncentered,4,bucketed,last_depth,128,512,10,14,0.4867725521326065,0.49878692626953125,repeat indices align samples but methods were timed sequentially; use independent-resample intervals
34,eight_schools_noncentered,4,bucketed,last_depth,128,512,10,15,0.5436606630682945,0.42892174422740936,repeat indices align samples but methods were timed sequentially; use independent-resample intervals
34,eight_schools_noncentered,4,bucketed,last_depth,128,512,10,16,0.5396299809217453,0.414642870426178,repeat indices align samples but methods were timed sequentially; use independent-resample intervals
34,eight_schools_noncentered,4,bucketed,last_depth,128,512,10,17,0.5369986519217491,0.5174980536103249,repeat indices align samples but methods were timed sequentially; use independent-resample intervals
34,eight_schools_noncentered,4,bucketed,last_depth,128,512,10,18,0.4486791342496872,0.5032020211219788,repeat indices align samples but methods were timed sequentially; use independent-resample intervals
34,eight_schools_noncentered,4,bucketed,last_depth,128,512,10,19,0.5141156986355782,0.4849361702799797,repeat indices align samples but methods were timed sequentially; use independent-resample intervals
34,eight_schools_noncentered,4,bucketed,last_depth,128,512,10,20,0.5026941522955894,0.45126304775476456,repeat indices align samples but methods were timed sequentially; use independent-resample intervals
34,eight_schools_noncentered,4,bucketed,last_depth,128,512,10,21,0.4375365376472473,0.45999328047037125,repeat indices align samples but methods were timed sequentially; use independent-resample intervals
34,eight_schools_noncentered,4,bucketed,last_depth,128,512,10,22,0.4791413024067879,0.5088291466236115,repeat indices align samples but methods were timed sequentially; use independent-resample intervals
34,eight_schools_noncentered,4,bucketed,last_depth,128,512,10,23,0.4855591878294945,0.38807855546474457,repeat indices align samples but methods were timed sequentially; use independent-resample intervals
34,eight_schools_noncentered,4,bucketed,last_depth,128,512,10,24,0.46749311685562134,0.4532591849565506,repeat indices align samples but methods were timed sequentially; use independent-resample intervals
34,eight_schools_noncentered,4,bucketed,last_depth,128,512,10,25,0.5107055604457855,0.44250643998384476,repeat indices align samples but methods were timed sequentially; use independent-resample intervals
34,eight_schools_noncentered,4,bucketed,last_depth,128,512,10,26,0.4739518091082573,0.5005524009466171,repeat indices align samples but methods were timed sequentially; use independent-resample intervals
34,eight_schools_noncentered,4,bucketed,last_depth,128,512,10,27,0.5120236501097679,0.4742616266012192,repeat indices align samples but methods were timed sequentially; use independent-resample intervals
34,eight_schools_noncentered,4,bucketed,last_depth,128,512,10,28,0.48350827395915985,0.47157858312129974,repeat indices align samples but methods were timed sequentially; use independent-resample intervals
34,eight_schools_noncentered,4,bucketed,last_depth,128,512,10,29,0.5091453343629837,0.3981747254729271,repeat indices align samples but methods were timed sequentially; use independent-resample intervals
