row_number,model,seed,method,predictor,bucket_size,num_chains,dimension,repeat,method_seconds,monolithic_seconds_same_index,pairing_note
0,funnel,0,monolithic,monolithic,0,512,4,0,1.1752708405256271,1.1752708405256271,repeat indices align samples but methods were timed sequentially; use independent-resample intervals
0,funnel,0,monolithic,monolithic,0,512,4,1,1.1890087276697159,1.1890087276697159,repeat indices align samples but methods were timed sequentially; use independent-resample intervals
0,funnel,0,monolithic,monolithic,0,512,4,2,1.2606843411922455,1.2606843411922455,repeat indices align samples but methods were timed sequentially; use independent-resample intervals
0,funnel,0,monolithic,monolithic,0,512,4,3,1.1545001938939095,1.1545001938939095,repeat indices align samples but methods were timed sequentially; use independent-resample intervals
0,funnel,0,monolithic,monolithic,0,512,4,4,1.206381805241108,1.206381805241108,repeat indices align samples but methods were timed sequentially; use independent-resample intervals
0,funnel,0,monolithic,monolithic,0,512,4,5,1.260070115327835,1.260070115327835,repeat indices align samples but methods were timed sequentially; use independent-resample intervals
0,funnel,0,monolithic,monolithic,0,512,4,6,1.2572556287050247,1.2572556287050247,repeat indices align samples but methods were timed sequentially; use independent-resample intervals
0,funnel,0,monolithic,monolithic,0,512,4,7,1.137234017252922,1.137234017252922,repeat indices align samples but methods were timed sequentially; use independent-resample intervals
0,funnel,0,monolithic,monolithic,0,512,4,8,1.167175978422165,1.167175978422165,repeat indices align samples but methods were timed sequentially; use independent-resample intervals
0,funnel,0,monolithic,monolithic,0,512,4,9,1.137881062924862,1.137881062924862,repeat indices align samples but methods were timed sequentially; use independent-resample intervals
0,funnel,0,monolithic,monolithic,0,512,4,10,1.2213558703660965,1.2213558703660965,repeat indices align samples but methods were timed sequentially; use independent-resample intervals
0,funnel,0,monolithic,monolithic,0,512,4,11,1.1488689631223679,1.1488689631223679,repeat indices align samples but methods were timed sequentially; use independent-resample intervals
0,funnel,0,monolithic,monolithic,0,512,4,12,1.086995154619217,1.086995154619217,repeat indices align samples but methods were timed sequentially; use independent-resample intervals
0,funnel,0,monolithic,monolithic,0,512,4,13,1.1354252025485039,1.1354252025485039,repeat indices align samples but methods were timed sequentially; use independent-resample intervals
0,funnel,0,monolithic,monolithic,0,512,4,14,1.11166300624609,1.11166300624609,repeat indices align samples but methods were timed sequentially; use independent-resample intervals
0,funnel,0,monolithic,monolithic,0,512,4,15,1.018838256597519,1.018838256597519,repeat indices align samples but methods were timed sequentially; use independent-resample intervals
0,funnel,0,monolithic,monolithic,0,512,4,16,1.0008684322237968,1.0008684322237968,repeat indices align samples but methods were timed sequentially; use independent-resample intervals
0,funnel,0,monolithic,monolithic,0,512,4,17,1.0653982758522034,1.0653982758522034,repeat indices align samples but methods were timed sequentially; use independent-resample intervals
0,funnel,0,monolithic,monolithic,0,512,4,18,1.0106080323457718,1.0106080323457718,repeat indices align samples but methods were timed sequentially; use independent-resample intervals
0,funnel,0,monolithic,monolithic,0,512,4,19,1.045932061970234,1.045932061970234,repeat indices align samples but methods were timed sequentially; use independent-resample intervals
0,funnel,0,monolithic,monolithic,0,512,4,20,1.0115579143166542,1.0115579143166542,repeat indices align samples but methods were timed sequentially; use independent-resample intervals
0,funnel,0,monolithic,monolithic,0,512,4,21,1.0051675140857697,1.0051675140857697,repeat indices align samples but methods were timed sequentially; use independent-resample intervals
0,funnel,0,monolithic,monolithic,0,512,4,22,1.0205219611525536,1.0205219611525536,repeat indices align samples but methods were timed sequentially; use independent-resample intervals
0,funnel,0,monolithic,monolithic,0,512,4,23,1.0334468856453896,1.0334468856453896,repeat indices align samples but methods were timed sequentially; use independent-resample intervals
0,funnel,0,monolithic,monolithic,0,512,4,24,1.0451246723532677,1.0451246723532677,repeat indices align samples but methods were timed sequentially; use independent-resample intervals
0,funnel,0,monolithic,monolithic,0,512,4,25,0.999073289334774,0.999073289334774,repeat indices align samples but methods were timed sequentially; use independent-resample intervals
0,funnel,0,monolithic,monolithic,0,512,4,26,1.0261517688632011,1.0261517688632011,repeat indices align samples but methods were timed sequentially; use independent-resample intervals
0,funnel,0,monolithic,monolithic,0,512,4,27,1.024169348180294,1.024169348180294,repeat indices align samples but methods were timed sequentially; use independent-resample intervals
0,funnel,0,monolithic,monolithic,0,512,4,28,1.0385425388813019,1.0385425388813019,repeat indices align samples but methods were timed sequentially; use independent-resample intervals
0,funnel,0,monolithic,monolithic,0,512,4,29,0.9882810711860657,0.9882810711860657,repeat indices align samples but methods were timed sequentially; use independent-resample intervals
1,funnel,0,bucketed,none,64,512,4,0,1.629563644528389,1.1752708405256271,repeat indices align samples but methods were timed sequentially; use independent-resample intervals
1,funnel,0,bucketed,none,64,512,4,1,1.5207676514983177,1.1890087276697159,repeat indices align samples but methods were timed sequentially; use independent-resample intervals
1,funnel,0,bucketed,none,64,512,4,2,1.6169241219758987,1.2606843411922455,repeat indices align samples but methods were timed sequentially; use independent-resample intervals
1,funnel,0,bucketed,none,64,512,4,3,1.5556090623140335,1.1545001938939095,repeat indices align samples but methods were timed sequentially; use independent-resample intervals
1,funnel,0,bucketed,none,64,512,4,4,1.6156249046325684,1.206381805241108,repeat indices align samples but methods were timed sequentially; use independent-resample intervals
1,funnel,0,bucketed,none,64,512,4,5,1.721702478826046,1.260070115327835,repeat indices align samples but methods were timed sequentially; use independent-resample intervals
1,funnel,0,bucketed,none,64,512,4,6,1.568205714225769,1.2572556287050247,repeat indices align samples but methods were timed sequentially; use independent-resample intervals
1,funnel,0,bucketed,none,64,512,4,7,1.5198908671736717,1.137234017252922,repeat indices align samples but methods were timed sequentially; use independent-resample intervals
1,funnel,0,bucketed,none,64,512,4,8,1.475573554635048,1.167175978422165,repeat indices align samples but methods were timed sequentially; use independent-resample intervals
1,funnel,0,bucketed,none,64,512,4,9,1.610281154513359,1.137881062924862,repeat indices align samples but methods were timed sequentially; use independent-resample intervals
1,funnel,0,bucketed,none,64,512,4,10,1.6070924773812294,1.2213558703660965,repeat indices align samples but methods were timed sequentially; use independent-resample intervals
1,funnel,0,bucketed,none,64,512,4,11,1.380228914320469,1.1488689631223679,repeat indices align samples but methods were timed sequentially; use independent-resample intervals
1,funnel,0,bucketed,none,64,512,4,12,1.5075858980417252,1.086995154619217,repeat indices align samples but methods were timed sequentially; use independent-resample intervals
1,funnel,0,bucketed,none,64,512,4,13,1.6308877617120743,1.1354252025485039,repeat indices align samples but methods were timed sequentially; use independent-resample intervals
1,funnel,0,bucketed,none,64,512,4,14,1.5295992270112038,1.11166300624609,repeat indices align samples but methods were timed sequentially; use independent-resample intervals
1,funnel,0,bucketed,none,64,512,4,15,1.5611887946724892,1.018838256597519,repeat indices align samples but methods were timed sequentially; use independent-resample intervals
1,funnel,0,bucketed,none,64,512,4,16,1.7350437864661217,1.0008684322237968,repeat indices align samples but methods were timed sequentially; use independent-resample intervals
1,funnel,0,bucketed,none,64,512,4,17,1.4950016140937805,1.0653982758522034,repeat indices align samples but methods were timed sequentially; use independent-resample intervals
1,funnel,0,bucketed,none,64,512,4,18,1.5132988914847374,1.0106080323457718,repeat indices align samples but methods were timed sequentially; use independent-resample intervals
1,funnel,0,bucketed,none,64,512,4,19,1.4878514185547829,1.045932061970234,repeat indices align samples but methods were timed sequentially; use independent-resample intervals
1,funnel,0,bucketed,none,64,512,4,20,1.7015306055545807,1.0115579143166542,repeat indices align samples but methods were timed sequentially; use independent-resample intervals
1,funnel,0,bucketed,none,64,512,4,21,1.6312264055013657,1.0051675140857697,repeat indices align samples but methods were timed sequentially; use independent-resample intervals
1,funnel,0,bucketed,none,64,512,4,22,1.7198781073093414,1.0205219611525536,repeat indices align samples but methods were timed sequentially; use independent-resample intervals
1,funnel,0,bucketed,none,64,512,4,23,1.7603743523359299,1.0334468856453896,repeat indices align samples but methods were timed sequentially; use independent-resample intervals
1,funnel,0,bucketed,none,64,512,4,24,1.6843902245163918,1.0451246723532677,repeat indices align samples but methods were timed sequentially; use independent-resample intervals
1,funnel,0,bucketed,none,64,512,4,25,1.7761497125029564,0.999073289334774,repeat indices align samples but methods were timed sequentially; use independent-resample intervals
1,funnel,0,bucketed,none,64,512,4,26,1.63005892932415,1.0261517688632011,repeat indices align samples but methods were timed sequentially; use independent-resample intervals
1,funnel,0,bucketed,none,64,512,4,27,1.6249312162399292,1.024169348180294,repeat indices align samples but methods were timed sequentially; use independent-resample intervals
1,funnel,0,bucketed,none,64,512,4,28,1.6534012109041214,1.0385425388813019,repeat indices align samples but methods were timed sequentially; use independent-resample intervals
1,funnel,0,bucketed,none,64,512,4,29,1.4520879536867142,0.9882810711860657,repeat indices align samples but methods were timed sequentially; use independent-resample intervals
2,funnel,0,bucketed,none,128,512,4,0,1.6130430474877357,1.1752708405256271,repeat indices align samples but methods were timed sequentially; use independent-resample intervals
2,funnel,0,bucketed,none,128,512,4,1,1.6392775103449821,1.1890087276697159,repeat indices align samples but methods were timed sequentially; use independent-resample intervals
2,funnel,0,bucketed,none,128,512,4,2,1.7104258462786674,1.2606843411922455,repeat indices align samples but methods were timed sequentially; use independent-resample intervals
2,funnel,0,bucketed,none,128,512,4,3,1.6851928308606148,1.1545001938939095,repeat indices align samples but methods were timed sequentially; use independent-resample intervals
2,funnel,0,bucketed,none,128,512,4,4,1.659334808588028,1.206381805241108,repeat indices align samples but methods were timed sequentially; use independent-resample intervals
2,funnel,0,bucketed,none,128,512,4,5,1.6832678765058517,1.260070115327835,repeat indices align samples but methods were timed sequentially; use independent-resample intervals
2,funnel,0,bucketed,none,128,512,4,6,1.5512007176876068,1.2572556287050247,repeat indices align samples but methods were timed sequentially; use independent-resample intervals
2,funnel,0,bucketed,none,128,512,4,7,1.6714621111750603,1.137234017252922,repeat indices align samples but methods were timed sequentially; use independent-resample intervals
2,funnel,0,bucketed,none,128,512,4,8,1.6454413831233978,1.167175978422165,repeat indices align samples but methods were timed sequentially; use independent-resample intervals
2,funnel,0,bucketed,none,128,512,4,9,1.7313129305839539,1.137881062924862,repeat indices align samples but methods were timed sequentially; use independent-resample intervals
2,funnel,0,bucketed,none,128,512,4,10,1.617203839123249,1.2213558703660965,repeat indices align samples but methods were timed sequentially; use independent-resample intervals
2,funnel,0,bucketed,none,128,512,4,11,1.6346101239323616,1.1488689631223679,repeat indices align samples but methods were timed sequentially; use independent-resample intervals
2,funnel,0,bucketed,none,128,512,4,12,1.6386972591280937,1.086995154619217,repeat indices align samples but methods were timed sequentially; use independent-resample intervals
2,funnel,0,bucketed,none,128,512,4,13,1.5933320745825768,1.1354252025485039,repeat indices align samples but methods were timed sequentially; use independent-resample intervals
2,funnel,0,bucketed,none,128,512,4,14,1.5269878134131432,1.11166300624609,repeat indices align samples but methods were timed sequentially; use independent-resample intervals
2,funnel,0,bucketed,none,128,512,4,15,1.7052127793431282,1.018838256597519,repeat indices align samples but methods were timed sequentially; use independent-resample intervals
2,funnel,0,bucketed,none,128,512,4,16,1.5367050915956497,1.0008684322237968,repeat indices align samples but methods were timed sequentially; use independent-resample intervals
2,funnel,0,bucketed,none,128,512,4,17,1.5457137376070023,1.0653982758522034,repeat indices align samples but methods were timed sequentially; use independent-resample intervals
2,funnel,0,bucketed,none,128,512,4,18,1.5104579403996468,1.0106080323457718,repeat indices align samples but methods were timed sequentially; use independent-resample intervals
2,funnel,0,bucketed,none,128,512,4,19,1.5520533695816994,1.045932061970234,repeat indices align samples but methods were timed sequentially; use independent-resample intervals
2,funnel,0,bucketed,none,128,512,4,20,1.9308745041489601,1.0115579143166542,repeat indices align samples but methods were timed sequentially; use independent-resample intervals
2,funnel,0,bucketed,none,128,512,4,21,1.837882049381733,1.0051675140857697,repeat indices align samples but methods were timed sequentially; use independent-resample intervals
2,funnel,0,bucketed,none,128,512,4,22,1.448092207312584,1.0205219611525536,repeat indices align samples but methods were timed sequentially; use independent-resample intervals
2,funnel,0,bucketed,none,128,512,4,23,1.583692580461502,1.0334468856453896,repeat indices align samples but methods were timed sequentially; use independent-resample intervals
2,funnel,0,bucketed,none,128,512,4,24,1.44154641777277,1.0451246723532677,repeat indices align samples but methods were timed sequentially; use independent-resample intervals
2,funnel,0,bucketed,none,128,512,4,25,1.5759198144078255,0.999073289334774,repeat indices align samples but methods were timed sequentially; use independent-resample intervals
2,funnel,0,bucketed,none,128,512,4,26,1.685762882232666,1.0261517688632011,repeat indices align samples but methods were timed sequentially; use independent-resample intervals
2,funnel,0,bucketed,none,128,512,4,27,1.7161626443266869,1.024169348180294,repeat indices align samples but methods were timed sequentially; use independent-resample intervals
2,funnel,0,bucketed,none,128,512,4,28,1.592179149389267,1.0385425388813019,repeat indices align samples but methods were timed sequentially; use independent-resample intervals
2,funnel,0,bucketed,none,128,512,4,29,1.632116712629795,0.9882810711860657,repeat indices align samples but methods were timed sequentially; use independent-resample intervals
3,funnel,0,bucketed,history,64,512,4,0,1.1133956089615822,1.1752708405256271,repeat indices align samples but methods were timed sequentially; use independent-resample intervals
3,funnel,0,bucketed,history,64,512,4,1,1.1633165925741196,1.1890087276697159,repeat indices align samples but methods were timed sequentially; use independent-resample intervals
3,funnel,0,bucketed,history,64,512,4,2,1.09038458019495,1.2606843411922455,repeat indices align samples but methods were timed sequentially; use independent-resample intervals
3,funnel,0,bucketed,history,64,512,4,3,1.1238953694701195,1.1545001938939095,repeat indices align samples but methods were timed sequentially; use independent-resample intervals
3,funnel,0,bucketed,history,64,512,4,4,1.122996300458908,1.206381805241108,repeat indices align samples but methods were timed sequentially; use independent-resample intervals
3,funnel,0,bucketed,history,64,512,4,5,1.1431161016225815,1.260070115327835,repeat indices align samples but methods were timed sequentially; use independent-resample intervals
3,funnel,0,bucketed,history,64,512,4,6,0.9772021919488907,1.2572556287050247,repeat indices align samples but methods were timed sequentially; use independent-resample intervals
3,funnel,0,bucketed,history,64,512,4,7,1.0946320369839668,1.137234017252922,repeat indices align samples but methods were timed sequentially; use independent-resample intervals
3,funnel,0,bucketed,history,64,512,4,8,1.1054096594452858,1.167175978422165,repeat indices align samples but methods were timed sequentially; use independent-resample intervals
3,funnel,0,bucketed,history,64,512,4,9,1.0087722539901733,1.137881062924862,repeat indices align samples but methods were timed sequentially; use independent-resample intervals
3,funnel,0,bucketed,history,64,512,4,10,0.9630927816033363,1.2213558703660965,repeat indices align samples but methods were timed sequentially; use independent-resample intervals
3,funnel,0,bucketed,history,64,512,4,11,1.000040054321289,1.1488689631223679,repeat indices align samples but methods were timed sequentially; use independent-resample intervals
3,funnel,0,bucketed,history,64,512,4,12,0.9520336091518402,1.086995154619217,repeat indices align samples but methods were timed sequentially; use independent-resample intervals
3,funnel,0,bucketed,history,64,512,4,13,1.025522768497467,1.1354252025485039,repeat indices align samples but methods were timed sequentially; use independent-resample intervals
3,funnel,0,bucketed,history,64,512,4,14,1.0640616342425346,1.11166300624609,repeat indices align samples but methods were timed sequentially; use independent-resample intervals
3,funnel,0,bucketed,history,64,512,4,15,0.9640003219246864,1.018838256597519,repeat indices align samples but methods were timed sequentially; use independent-resample intervals
3,funnel,0,bucketed,history,64,512,4,16,0.9254854395985603,1.0008684322237968,repeat indices align samples but methods were timed sequentially; use independent-resample intervals
3,funnel,0,bucketed,history,64,512,4,17,0.9125799387693405,1.0653982758522034,repeat indices align samples but methods were timed sequentially; use independent-resample intervals
3,funnel,0,bucketed,history,64,512,4,18,1.0522942394018173,1.0106080323457718,repeat indices align samples but methods were timed sequentially; use independent-resample intervals
3,funnel,0,bucketed,history,64,512,4,19,1.0232711657881737,1.045932061970234,repeat indices align samples but methods were timed sequentially; use independent-resample intervals
3,funnel,0,bucketed,history,64,512,4,20,1.0901313498616219,1.0115579143166542,repeat indices align samples but methods were timed sequentially; use independent-resample intervals
3,funnel,0,bucketed,history,64,512,4,21,0.9390509873628616,1.0051675140857697,repeat indices align samples but methods were timed sequentially; use independent-resample intervals
3,funnel,0,bucketed,history,64,512,4,22,0.9060033112764359,1.0205219611525536,repeat indices align samples but methods were timed sequentially; use independent-resample intervals
3,funnel,0,bucketed,history,64,512,4,23,0.9982645809650421,1.0334468856453896,repeat indices align samples but methods were timed sequentially; use independent-resample intervals
3,funnel,0,bucketed,history,64,512,4,24,0.958213560283184,1.0451246723532677,repeat indices align samples but methods were timed sequentially; use independent-resample intervals
3,funnel,0,bucketed,history,64,512,4,25,0.9836694151163101,0.999073289334774,repeat indices align samples but methods were timed sequentially; use independent-resample intervals
3,funnel,0,bucketed,history,64,512,4,26,0.9965819418430328,1.0261517688632011,repeat indices align samples but methods were timed sequentially; use independent-resample intervals
3,funnel,0,bucketed,history,64,512,4,27,1.0601484403014183,1.024169348180294,repeat indices align samples but methods were timed sequentially; use independent-resample intervals
3,funnel,0,bucketed,history,64,512,4,28,0.9413428381085396,1.0385425388813019,repeat indices align samples but methods were timed sequentially; use independent-resample intervals
3,funnel,0,bucketed,history,64,512,4,29,1.0753957107663155,0.9882810711860657,repeat indices align samples but methods were timed sequentially; use independent-resample intervals
4,funnel,0,bucketed,history,128,512,4,0,1.0381477996706963,1.1752708405256271,repeat indices align samples but methods were timed sequentially; use independent-resample intervals
4,funnel,0,bucketed,history,128,512,4,1,0.9953398108482361,1.1890087276697159,repeat indices align samples but methods were timed sequentially; use independent-resample intervals
4,funnel,0,bucketed,history,128,512,4,2,1.0656843930482864,1.2606843411922455,repeat indices align samples but methods were timed sequentially; use independent-resample intervals
4,funnel,0,bucketed,history,128,512,4,3,0.9366965889930725,1.1545001938939095,repeat indices align samples but methods were timed sequentially; use independent-resample intervals
4,funnel,0,bucketed,history,128,512,4,4,1.101601891219616,1.206381805241108,repeat indices align samples but methods were timed sequentially; use independent-resample intervals
4,funnel,0,bucketed,history,128,512,4,5,1.1189020574092865,1.260070115327835,repeat indices align samples but methods were timed sequentially; use independent-resample intervals
4,funnel,0,bucketed,history,128,512,4,6,1.0141484960913658,1.2572556287050247,repeat indices align samples but methods were timed sequentially; use independent-resample intervals
4,funnel,0,bucketed,history,128,512,4,7,1.0687339678406715,1.137234017252922,repeat indices align samples but methods were timed sequentially; use independent-resample intervals
4,funnel,0,bucketed,history,128,512,4,8,1.1480523496866226,1.167175978422165,repeat indices align samples but methods were timed sequentially; use independent-resample intervals
4,funnel,0,bucketed,history,128,512,4,9,1.041376568377018,1.137881062924862,repeat indices align samples but methods were timed sequentially; use independent-resample intervals
4,funnel,0,bucketed,history,128,512,4,10,1.1288014277815819,1.2213558703660965,repeat indices align samples but methods were timed sequentially; use independent-resample intervals
4,funnel,0,bucketed,history,128,512,4,11,1.0927434414625168,1.1488689631223679,repeat indices align samples but methods were timed sequentially; use independent-resample intervals
4,funnel,0,bucketed,history,128,512,4,12,1.081780731678009,1.086995154619217,repeat indices align samples but methods were timed sequentially; use independent-resample intervals
4,funnel,0,bucketed,history,128,512,4,13,1.0815210714936256,1.1354252025485039,repeat indices align samples but methods were timed sequentially; use independent-resample intervals
4,funnel,0,bucketed,history,128,512,4,14,1.0965396910905838,1.11166300624609,repeat indices align samples but methods were timed sequentially; use independent-resample intervals
4,funnel,0,bucketed,history,128,512,4,15,1.1056503355503082,1.018838256597519,repeat indices align samples but methods were timed sequentially; use independent-resample intervals
4,funnel,0,bucketed,history,128,512,4,16,1.0824000015854836,1.0008684322237968,repeat indices align samples but methods were timed sequentially; use independent-resample intervals
4,funnel,0,bucketed,history,128,512,4,17,0.9350791499018669,1.0653982758522034,repeat indices align samples but methods were timed sequentially; use independent-resample intervals
4,funnel,0,bucketed,history,128,512,4,18,0.980778768658638,1.0106080323457718,repeat indices align samples but methods were timed sequentially; use independent-resample intervals
4,funnel,0,bucketed,history,128,512,4,19,1.0245544835925102,1.045932061970234,repeat indices align samples but methods were timed sequentially; use independent-resample intervals
4,funnel,0,bucketed,history,128,512,4,20,1.0618224740028381,1.0115579143166542,repeat indices align samples but methods were timed sequentially; use independent-resample intervals
4,funnel,0,bucketed,history,128,512,4,21,1.1765359193086624,1.0051675140857697,repeat indices align samples but methods were timed sequentially; use independent-resample intervals
4,funnel,0,bucketed,history,128,512,4,22,1.1179761737585068,1.0205219611525536,repeat indices align samples but methods were timed sequentially; use independent-resample intervals
4,funnel,0,bucketed,history,128,512,4,23,0.9966648891568184,1.0334468856453896,repeat indices align samples but methods were timed sequentially; use independent-resample intervals
4,funnel,0,bucketed,history,128,512,4,24,1.1183650866150856,1.0451246723532677,repeat indices align samples but methods were timed sequentially; use independent-resample intervals
4,funnel,0,bucketed,history,128,512,4,25,1.0654857233166695,0.999073289334774,repeat indices align samples but methods were timed sequentially; use independent-resample intervals
4,funnel,0,bucketed,history,128,512,4,26,1.0075213089585304,1.0261517688632011,repeat indices align samples but methods were timed sequentially; use independent-resample intervals
4,funnel,0,bucketed,history,128,512,4,27,1.1217293441295624,1.024169348180294,repeat indices align samples but methods were timed sequentially; use independent-resample intervals
4,funnel,0,bucketed,history,128,512,4,28,1.0166904255747795,1.0385425388813019,repeat indices align samples but methods were timed sequentially; use independent-resample intervals
4,funnel,0,bucketed,history,128,512,4,29,0.9999770000576973,0.9882810711860657,repeat indices align samples but methods were timed sequentially; use independent-resample intervals
5,funnel,0,bucketed,last_depth,64,512,4,0,1.1233080103993416,1.1752708405256271,repeat indices align samples but methods were timed sequentially; use independent-resample intervals
5,funnel,0,bucketed,last_depth,64,512,4,1,0.9955116882920265,1.1890087276697159,repeat indices align samples but methods were timed sequentially; use independent-resample intervals
5,funnel,0,bucketed,last_depth,64,512,4,2,0.9911239668726921,1.2606843411922455,repeat indices align samples but methods were timed sequentially; use independent-resample intervals
5,funnel,0,bucketed,last_depth,64,512,4,3,1.140676200389862,1.1545001938939095,repeat indices align samples but methods were timed sequentially; use independent-resample intervals
5,funnel,0,bucketed,last_depth,64,512,4,4,1.141301691532135,1.206381805241108,repeat indices align samples but methods were timed sequentially; use independent-resample intervals
5,funnel,0,bucketed,last_depth,64,512,4,5,1.048893503844738,1.260070115327835,repeat indices align samples but methods were timed sequentially; use independent-resample intervals
5,funnel,0,bucketed,last_depth,64,512,4,6,1.0028816685080528,1.2572556287050247,repeat indices align samples but methods were timed sequentially; use independent-resample intervals
5,funnel,0,bucketed,last_depth,64,512,4,7,1.0731857791543007,1.137234017252922,repeat indices align samples but methods were timed sequentially; use independent-resample intervals
5,funnel,0,bucketed,last_depth,64,512,4,8,0.9802545383572578,1.167175978422165,repeat indices align samples but methods were timed sequentially; use independent-resample intervals
5,funnel,0,bucketed,last_depth,64,512,4,9,1.0345829650759697,1.137881062924862,repeat indices align samples but methods were timed sequentially; use independent-resample intervals
5,funnel,0,bucketed,last_depth,64,512,4,10,1.0700997933745384,1.2213558703660965,repeat indices align samples but methods were timed sequentially; use independent-resample intervals
5,funnel,0,bucketed,last_depth,64,512,4,11,1.1348765790462494,1.1488689631223679,repeat indices align samples but methods were timed sequentially; use independent-resample intervals
5,funnel,0,bucketed,last_depth,64,512,4,12,1.15764369815588,1.086995154619217,repeat indices align samples but methods were timed sequentially; use independent-resample intervals
5,funnel,0,bucketed,last_depth,64,512,4,13,1.0823389440774918,1.1354252025485039,repeat indices align samples but methods were timed sequentially; use independent-resample intervals
5,funnel,0,bucketed,last_depth,64,512,4,14,1.1498666852712631,1.11166300624609,repeat indices align samples but methods were timed sequentially; use independent-resample intervals
5,funnel,0,bucketed,last_depth,64,512,4,15,1.130623646080494,1.018838256597519,repeat indices align samples but methods were timed sequentially; use independent-resample intervals
5,funnel,0,bucketed,last_depth,64,512,4,16,1.1568294018507004,1.0008684322237968,repeat indices align samples but methods were timed sequentially; use independent-resample intervals
5,funnel,0,bucketed,last_depth,64,512,4,17,1.1449007540941238,1.0653982758522034,repeat indices align samples but methods were timed sequentially; use independent-resample intervals
5,funnel,0,bucketed,last_depth,64,512,4,18,1.0709661543369293,1.0106080323457718,repeat indices align samples but methods were timed sequentially; use independent-resample intervals
5,funnel,0,bucketed,last_depth,64,512,4,19,1.1423968076705933,1.045932061970234,repeat indices align samples but methods were timed sequentially; use independent-resample intervals
5,funnel,0,bucketed,last_depth,64,512,4,20,1.0183179825544357,1.0115579143166542,repeat indices align samples but methods were timed sequentially; use independent-resample intervals
5,funnel,0,bucketed,last_depth,64,512,4,21,1.0117987394332886,1.0051675140857697,repeat indices align samples but methods were timed sequentially; use independent-resample intervals
5,funnel,0,bucketed,last_depth,64,512,4,22,0.9988871291279793,1.0205219611525536,repeat indices align samples but methods were timed sequentially; use independent-resample intervals
5,funnel,0,bucketed,last_depth,64,512,4,23,1.1074179261922836,1.0334468856453896,repeat indices align samples but methods were timed sequentially; use independent-resample intervals
5,funnel,0,bucketed,last_depth,64,512,4,24,1.1425504460930824,1.0451246723532677,repeat indices align samples but methods were timed sequentially; use independent-resample intervals
5,funnel,0,bucketed,last_depth,64,512,4,25,1.1151790991425514,0.999073289334774,repeat indices align samples but methods were timed sequentially; use independent-resample intervals
5,funnel,0,bucketed,last_depth,64,512,4,26,1.139598697423935,1.0261517688632011,repeat indices align samples but methods were timed sequentially; use independent-resample intervals
5,funnel,0,bucketed,last_depth,64,512,4,27,1.2751408591866493,1.024169348180294,repeat indices align samples but methods were timed sequentially; use independent-resample intervals
5,funnel,0,bucketed,last_depth,64,512,4,28,1.1773103773593903,1.0385425388813019,repeat indices align samples but methods were timed sequentially; use independent-resample intervals
5,funnel,0,bucketed,last_depth,64,512,4,29,1.1030192002654076,0.9882810711860657,repeat indices align samples but methods were timed sequentially; use independent-resample intervals
6,funnel,0,bucketed,last_depth,128,512,4,0,1.2298723012208939,1.1752708405256271,repeat indices align samples but methods were timed sequentially; use independent-resample intervals
6,funnel,0,bucketed,last_depth,128,512,4,1,1.266099937260151,1.1890087276697159,repeat indices align samples but methods were timed sequentially; use independent-resample intervals
6,funnel,0,bucketed,last_depth,128,512,4,2,1.3485539555549622,1.2606843411922455,repeat indices align samples but methods were timed sequentially; use independent-resample intervals
6,funnel,0,bucketed,last_depth,128,512,4,3,1.5738519057631493,1.1545001938939095,repeat indices align samples but methods were timed sequentially; use independent-resample intervals
6,funnel,0,bucketed,last_depth,128,512,4,4,1.3372219279408455,1.206381805241108,repeat indices align samples but methods were timed sequentially; use independent-resample intervals
6,funnel,0,bucketed,last_depth,128,512,4,5,1.0360429137945175,1.260070115327835,repeat indices align samples but methods were timed sequentially; use independent-resample intervals
6,funnel,0,bucketed,last_depth,128,512,4,6,1.228363186120987,1.2572556287050247,repeat indices align samples but methods were timed sequentially; use independent-resample intervals
6,funnel,0,bucketed,last_depth,128,512,4,7,1.272631861269474,1.137234017252922,repeat indices align samples but methods were timed sequentially; use independent-resample intervals
6,funnel,0,bucketed,last_depth,128,512,4,8,1.227380357682705,1.167175978422165,repeat indices align samples but methods were timed sequentially; use independent-resample intervals
6,funnel,0,bucketed,last_depth,128,512,4,9,1.2063836604356766,1.137881062924862,repeat indices align samples but methods were timed sequentially; use independent-resample intervals
6,funnel,0,bucketed,last_depth,128,512,4,10,1.3306290581822395,1.2213558703660965,repeat indices align samples but methods were timed sequentially; use independent-resample intervals
6,funnel,0,bucketed,last_depth,128,512,4,11,1.2116324082016945,1.1488689631223679,repeat indices align samples but methods were timed sequentially; use independent-resample intervals
6,funnel,0,bucketed,last_depth,128,512,4,12,1.301146261394024,1.086995154619217,repeat indices align samples but methods were timed sequentially; use independent-resample intervals
6,funnel,0,bucketed,last_depth,128,512,4,13,1.305946633219719,1.1354252025485039,repeat indices align samples but methods were timed sequentially; use independent-resample intervals
6,funnel,0,bucketed,last_depth,128,512,4,14,1.3341051042079926,1.11166300624609,repeat indices align samples but methods were timed sequentially; use independent-resample intervals
6,funnel,0,bucketed,last_depth,128,512,4,15,1.3232963383197784,1.018838256597519,repeat indices align samples but methods were timed sequentially; use independent-resample intervals
6,funnel,0,bucketed,last_depth,128,512,4,16,1.167710855603218,1.0008684322237968,repeat indices align samples but methods were timed sequentially; use independent-resample intervals
6,funnel,0,bucketed,last_depth,128,512,4,17,1.417117863893509,1.0653982758522034,repeat indices align samples but methods were timed sequentially; use independent-resample intervals
6,funnel,0,bucketed,last_depth,128,512,4,18,1.3482074066996574,1.0106080323457718,repeat indices align samples but methods were timed sequentially; use independent-resample intervals
6,funnel,0,bucketed,last_depth,128,512,4,19,1.3477968350052834,1.045932061970234,repeat indices align samples but methods were timed sequentially; use independent-resample intervals
6,funnel,0,bucketed,last_depth,128,512,4,20,1.3233494982123375,1.0115579143166542,repeat indices align samples but methods were timed sequentially; use independent-resample intervals
6,funnel,0,bucketed,last_depth,128,512,4,21,1.3686883822083473,1.0051675140857697,repeat indices align samples but methods were timed sequentially; use independent-resample intervals
6,funnel,0,bucketed,last_depth,128,512,4,22,1.4589100703597069,1.0205219611525536,repeat indices align samples but methods were timed sequentially; use independent-resample intervals
6,funnel,0,bucketed,last_depth,128,512,4,23,1.3385109305381775,1.0334468856453896,repeat indices align samples but methods were timed sequentially; use independent-resample intervals
6,funnel,0,bucketed,last_depth,128,512,4,24,1.3397707641124725,1.0451246723532677,repeat indices align samples but methods were timed sequentially; use independent-resample intervals
6,funnel,0,bucketed,last_depth,128,512,4,25,1.3600071743130684,0.999073289334774,repeat indices align samples but methods were timed sequentially; use independent-resample intervals
6,funnel,0,bucketed,last_depth,128,512,4,26,1.3165520131587982,1.0261517688632011,repeat indices align samples but methods were timed sequentially; use independent-resample intervals
6,funnel,0,bucketed,last_depth,128,512,4,27,1.3099365532398224,1.024169348180294,repeat indices align samples but methods were timed sequentially; use independent-resample intervals
6,funnel,0,bucketed,last_depth,128,512,4,28,1.201602578163147,1.0385425388813019,repeat indices align samples but methods were timed sequentially; use independent-resample intervals
6,funnel,0,bucketed,last_depth,128,512,4,29,1.2744059935212135,0.9882810711860657,repeat indices align samples but methods were timed sequentially; use independent-resample intervals
7,funnel,1,monolithic,monolithic,0,512,4,0,1.0435990765690804,1.0435990765690804,repeat indices align samples but methods were timed sequentially; use independent-resample intervals
7,funnel,1,monolithic,monolithic,0,512,4,1,0.9770496115088463,0.9770496115088463,repeat indices align samples but methods were timed sequentially; use independent-resample intervals
7,funnel,1,monolithic,monolithic,0,512,4,2,0.9550772830843925,0.9550772830843925,repeat indices align samples but methods were timed sequentially; use independent-resample intervals
7,funnel,1,monolithic,monolithic,0,512,4,3,1.041570819914341,1.041570819914341,repeat indices align samples but methods were timed sequentially; use independent-resample intervals
7,funnel,1,monolithic,monolithic,0,512,4,4,0.930045522749424,0.930045522749424,repeat indices align samples but methods were timed sequentially; use independent-resample intervals
7,funnel,1,monolithic,monolithic,0,512,4,5,0.9764022082090378,0.9764022082090378,repeat indices align samples but methods were timed sequentially; use independent-resample intervals
7,funnel,1,monolithic,monolithic,0,512,4,6,1.1242462918162346,1.1242462918162346,repeat indices align samples but methods were timed sequentially; use independent-resample intervals
7,funnel,1,monolithic,monolithic,0,512,4,7,0.978143997490406,0.978143997490406,repeat indices align samples but methods were timed sequentially; use independent-resample intervals
7,funnel,1,monolithic,monolithic,0,512,4,8,1.0662250220775604,1.0662250220775604,repeat indices align samples but methods were timed sequentially; use independent-resample intervals
7,funnel,1,monolithic,monolithic,0,512,4,9,0.9737990498542786,0.9737990498542786,repeat indices align samples but methods were timed sequentially; use independent-resample intervals
7,funnel,1,monolithic,monolithic,0,512,4,10,1.0085631236433983,1.0085631236433983,repeat indices align samples but methods were timed sequentially; use independent-resample intervals
7,funnel,1,monolithic,monolithic,0,512,4,11,0.9446221962571144,0.9446221962571144,repeat indices align samples but methods were timed sequentially; use independent-resample intervals
7,funnel,1,monolithic,monolithic,0,512,4,12,0.9695617854595184,0.9695617854595184,repeat indices align samples but methods were timed sequentially; use independent-resample intervals
7,funnel,1,monolithic,monolithic,0,512,4,13,1.07001281529665,1.07001281529665,repeat indices align samples but methods were timed sequentially; use independent-resample intervals
7,funnel,1,monolithic,monolithic,0,512,4,14,0.9959614723920822,0.9959614723920822,repeat indices align samples but methods were timed sequentially; use independent-resample intervals
7,funnel,1,monolithic,monolithic,0,512,4,15,0.9954687058925629,0.9954687058925629,repeat indices align samples but methods were timed sequentially; use independent-resample intervals
7,funnel,1,monolithic,monolithic,0,512,4,16,0.9432079046964645,0.9432079046964645,repeat indices align samples but methods were timed sequentially; use independent-resample intervals
7,funnel,1,monolithic,monolithic,0,512,4,17,1.0210204795002937,1.0210204795002937,repeat indices align samples but methods were timed sequentially; use independent-resample intervals
7,funnel,1,monolithic,monolithic,0,512,4,18,0.9774707332253456,0.9774707332253456,repeat indices align samples but methods were timed sequentially; use independent-resample intervals
7,funnel,1,monolithic,monolithic,0,512,4,19,1.0314470008015633,1.0314470008015633,repeat indices align samples but methods were timed sequentially; use independent-resample intervals
7,funnel,1,monolithic,monolithic,0,512,4,20,1.0081133097410202,1.0081133097410202,repeat indices align samples but methods were timed sequentially; use independent-resample intervals
7,funnel,1,monolithic,monolithic,0,512,4,21,1.0043372437357903,1.0043372437357903,repeat indices align samples but methods were timed sequentially; use independent-resample intervals
7,funnel,1,monolithic,monolithic,0,512,4,22,1.0079457238316536,1.0079457238316536,repeat indices align samples but methods were timed sequentially; use independent-resample intervals
7,funnel,1,monolithic,monolithic,0,512,4,23,1.1783170998096466,1.1783170998096466,repeat indices align samples but methods were timed sequentially; use independent-resample intervals
7,funnel,1,monolithic,monolithic,0,512,4,24,1.2938042730093002,1.2938042730093002,repeat indices align samples but methods were timed sequentially; use independent-resample intervals
7,funnel,1,monolithic,monolithic,0,512,4,25,1.1849808171391487,1.1849808171391487,repeat indices align samples but methods were timed sequentially; use independent-resample intervals
7,funnel,1,monolithic,monolithic,0,512,4,26,1.0186468437314034,1.0186468437314034,repeat indices align samples but methods were timed sequentially; use independent-resample intervals
7,funnel,1,monolithic,monolithic,0,512,4,27,1.0177151933312416,1.0177151933312416,repeat indices align samples but methods were timed sequentially; use independent-resample intervals
7,funnel,1,monolithic,monolithic,0,512,4,28,0.9862065985798836,0.9862065985798836,repeat indices align samples but methods were timed sequentially; use independent-resample intervals
7,funnel,1,monolithic,monolithic,0,512,4,29,0.9528091251850128,0.9528091251850128,repeat indices align samples but methods were timed sequentially; use independent-resample intervals
8,funnel,1,bucketed,none,64,512,4,0,1.377838633954525,1.0435990765690804,repeat indices align samples but methods were timed sequentially; use independent-resample intervals
8,funnel,1,bucketed,none,64,512,4,1,1.4432516172528267,0.9770496115088463,repeat indices align samples but methods were timed sequentially; use independent-resample intervals
8,funnel,1,bucketed,none,64,512,4,2,1.5174070224165916,0.9550772830843925,repeat indices align samples but methods were timed sequentially; use independent-resample intervals
8,funnel,1,bucketed,none,64,512,4,3,1.4593205749988556,1.041570819914341,repeat indices align samples but methods were timed sequentially; use independent-resample intervals
8,funnel,1,bucketed,none,64,512,4,4,1.6479380801320076,0.930045522749424,repeat indices align samples but methods were timed sequentially; use independent-resample intervals
8,funnel,1,bucketed,none,64,512,4,5,1.5193606689572334,0.9764022082090378,repeat indices align samples but methods were timed sequentially; use independent-resample intervals
8,funnel,1,bucketed,none,64,512,4,6,1.4627343118190765,1.1242462918162346,repeat indices align samples but methods were timed sequentially; use independent-resample intervals
8,funnel,1,bucketed,none,64,512,4,7,1.398028053343296,0.978143997490406,repeat indices align samples but methods were timed sequentially; use independent-resample intervals
8,funnel,1,bucketed,none,64,512,4,8,1.4360406696796417,1.0662250220775604,repeat indices align samples but methods were timed sequentially; use independent-resample intervals
8,funnel,1,bucketed,none,64,512,4,9,1.453815020620823,0.9737990498542786,repeat indices align samples but methods were timed sequentially; use independent-resample intervals
8,funnel,1,bucketed,none,64,512,4,10,1.4429657384753227,1.0085631236433983,repeat indices align samples but methods were timed sequentially; use independent-resample intervals
8,funnel,1,bucketed,none,64,512,4,11,1.4701431691646576,0.9446221962571144,repeat indices align samples but methods were timed sequentially; use independent-resample intervals
8,funnel,1,bucketed,none,64,512,4,12,1.415012203156948,0.9695617854595184,repeat indices align samples but methods were timed sequentially; use independent-resample intervals
8,funnel,1,bucketed,none,64,512,4,13,1.4449286386370659,1.07001281529665,repeat indices align samples but methods were timed sequentially; use independent-resample intervals
8,funnel,1,bucketed,none,64,512,4,14,1.3909929767251015,0.9959614723920822,repeat indices align samples but methods were timed sequentially; use independent-resample intervals
8,funnel,1,bucketed,none,64,512,4,15,1.4936237260699272,0.9954687058925629,repeat indices align samples but methods were timed sequentially; use independent-resample intervals
8,funnel,1,bucketed,none,64,512,4,16,1.3746848702430725,0.9432079046964645,repeat indices align samples but methods were timed sequentially; use independent-resample intervals
8,funnel,1,bucketed,none,64,512,4,17,1.4459673017263412,1.0210204795002937,repeat indices align samples but methods were timed sequentially; use independent-resample intervals
8,funnel,1,bucketed,none,64,512,4,18,1.3350548967719078,0.9774707332253456,repeat indices align samples but methods were timed sequentially; use independent-resample intervals
8,funnel,1,bucketed,none,64,512,4,19,1.5084620267152786,1.0314470008015633,repeat indices align samples but methods were timed sequentially; use independent-resample intervals
8,funnel,1,bucketed,none,64,512,4,20,1.439845748245716,1.0081133097410202,repeat indices align samples but methods were timed sequentially; use independent-resample intervals
8,funnel,1,bucketed,none,64,512,4,21,1.511659413576126,1.0043372437357903,repeat indices align samples but methods were timed sequentially; use independent-resample intervals
8,funnel,1,bucketed,none,64,512,4,22,1.4291807264089584,1.0079457238316536,repeat indices align samples but methods were timed sequentially; use independent-resample intervals
8,funnel,1,bucketed,none,64,512,4,23,1.4096357896924019,1.1783170998096466,repeat indices align samples but methods were timed sequentially; use independent-resample intervals
8,funnel,1,bucketed,none,64,512,4,24,1.5789840146899223,1.2938042730093002,repeat indices align samples but methods were timed sequentially; use independent-resample intervals
8,funnel,1,bucketed,none,64,512,4,25,1.5306722298264503,1.1849808171391487,repeat indices align samples but methods were timed sequentially; use independent-resample intervals
8,funnel,1,bucketed,none,64,512,4,26,1.4805811047554016,1.0186468437314034,repeat indices align samples but methods were timed sequentially; use independent-resample intervals
8,funnel,1,bucketed,none,64,512,4,27,1.4907134175300598,1.0177151933312416,repeat indices align samples but methods were timed sequentially; use independent-resample intervals
8,funnel,1,bucketed,none,64,512,4,28,1.4266639947891235,0.9862065985798836,repeat indices align samples but methods were timed sequentially; use independent-resample intervals
8,funnel,1,bucketed,none,64,512,4,29,1.6016662865877151,0.9528091251850128,repeat indices align samples but methods were timed sequentially; use independent-resample intervals
9,funnel,1,bucketed,none,128,512,4,0,1.469894528388977,1.0435990765690804,repeat indices align samples but methods were timed sequentially; use independent-resample intervals
9,funnel,1,bucketed,none,128,512,4,1,1.4875594228506088,0.9770496115088463,repeat indices align samples but methods were timed sequentially; use independent-resample intervals
9,funnel,1,bucketed,none,128,512,4,2,1.562387928366661,0.9550772830843925,repeat indices align samples but methods were timed sequentially; use independent-resample intervals
9,funnel,1,bucketed,none,128,512,4,3,1.6854786425828934,1.041570819914341,repeat indices align samples but methods were timed sequentially; use independent-resample intervals
9,funnel,1,bucketed,none,128,512,4,4,1.8770288825035095,0.930045522749424,repeat indices align samples but methods were timed sequentially; use independent-resample intervals
9,funnel,1,bucketed,none,128,512,4,5,1.7037202194333076,0.9764022082090378,repeat indices align samples but methods were timed sequentially; use independent-resample intervals
9,funnel,1,bucketed,none,128,512,4,6,1.57208351790905,1.1242462918162346,repeat indices align samples but methods were timed sequentially; use independent-resample intervals
9,funnel,1,bucketed,none,128,512,4,7,1.5661554336547852,0.978143997490406,repeat indices align samples but methods were timed sequentially; use independent-resample intervals
9,funnel,1,bucketed,none,128,512,4,8,1.5870148912072182,1.0662250220775604,repeat indices align samples but methods were timed sequentially; use independent-resample intervals
9,funnel,1,bucketed,none,128,512,4,9,1.4663737639784813,0.9737990498542786,repeat indices align samples but methods were timed sequentially; use independent-resample intervals
9,funnel,1,bucketed,none,128,512,4,10,1.6237486228346825,1.0085631236433983,repeat indices align samples but methods were timed sequentially; use independent-resample intervals
9,funnel,1,bucketed,none,128,512,4,11,1.5527042746543884,0.9446221962571144,repeat indices align samples but methods were timed sequentially; use independent-resample intervals
9,funnel,1,bucketed,none,128,512,4,12,1.6270803585648537,0.9695617854595184,repeat indices align samples but methods were timed sequentially; use independent-resample intervals
9,funnel,1,bucketed,none,128,512,4,13,1.725152626633644,1.07001281529665,repeat indices align samples but methods were timed sequentially; use independent-resample intervals
9,funnel,1,bucketed,none,128,512,4,14,1.5582808777689934,0.9959614723920822,repeat indices align samples but methods were timed sequentially; use independent-resample intervals
9,funnel,1,bucketed,none,128,512,4,15,1.5621866583824158,0.9954687058925629,repeat indices align samples but methods were timed sequentially; use independent-resample intervals
9,funnel,1,bucketed,none,128,512,4,16,1.5139300376176834,0.9432079046964645,repeat indices align samples but methods were timed sequentially; use independent-resample intervals
9,funnel,1,bucketed,none,128,512,4,17,1.5768849775195122,1.0210204795002937,repeat indices align samples but methods were timed sequentially; use independent-resample intervals
9,funnel,1,bucketed,none,128,512,4,18,1.581398956477642,0.9774707332253456,repeat indices align samples but methods were timed sequentially; use independent-resample intervals
9,funnel,1,bucketed,none,128,512,4,19,1.6028232350945473,1.0314470008015633,repeat indices align samples but methods were timed sequentially; use independent-resample intervals
9,funnel,1,bucketed,none,128,512,4,20,1.4869013726711273,1.0081133097410202,repeat indices align samples but methods were timed sequentially; use independent-resample intervals
9,funnel,1,bucketed,none,128,512,4,21,1.4293730035424232,1.0043372437357903,repeat indices align samples but methods were timed sequentially; use independent-resample intervals
9,funnel,1,bucketed,none,128,512,4,22,1.596669614315033,1.0079457238316536,repeat indices align samples but methods were timed sequentially; use independent-resample intervals
9,funnel,1,bucketed,none,128,512,4,23,1.5190725699067116,1.1783170998096466,repeat indices align samples but methods were timed sequentially; use independent-resample intervals
9,funnel,1,bucketed,none,128,512,4,24,1.4283388033509254,1.2938042730093002,repeat indices align samples but methods were timed sequentially; use independent-resample intervals
9,funnel,1,bucketed,none,128,512,4,25,1.4905121475458145,1.1849808171391487,repeat indices align samples but methods were timed sequentially; use independent-resample intervals
9,funnel,1,bucketed,none,128,512,4,26,1.5283301323652267,1.0186468437314034,repeat indices align samples but methods were timed sequentially; use independent-resample intervals
9,funnel,1,bucketed,none,128,512,4,27,1.5171939060091972,1.0177151933312416,repeat indices align samples but methods were timed sequentially; use independent-resample intervals
9,funnel,1,bucketed,none,128,512,4,28,1.4668957889080048,0.9862065985798836,repeat indices align samples but methods were timed sequentially; use independent-resample intervals
9,funnel,1,bucketed,none,128,512,4,29,1.4204729422926903,0.9528091251850128,repeat indices align samples but methods were timed sequentially; use independent-resample intervals
10,funnel,1,bucketed,history,64,512,4,0,0.8708360195159912,1.0435990765690804,repeat indices align samples but methods were timed sequentially; use independent-resample intervals
10,funnel,1,bucketed,history,64,512,4,1,1.0791194662451744,0.9770496115088463,repeat indices align samples but methods were timed sequentially; use independent-resample intervals
10,funnel,1,bucketed,history,64,512,4,2,1.0095698460936546,0.9550772830843925,repeat indices align samples but methods were timed sequentially; use independent-resample intervals
10,funnel,1,bucketed,history,64,512,4,3,1.0786836370825768,1.041570819914341,repeat indices align samples but methods were timed sequentially; use independent-resample intervals
10,funnel,1,bucketed,history,64,512,4,4,1.0123583152890205,0.930045522749424,repeat indices align samples but methods were timed sequentially; use independent-resample intervals
10,funnel,1,bucketed,history,64,512,4,5,1.0048142969608307,0.9764022082090378,repeat indices align samples but methods were timed sequentially; use independent-resample intervals
10,funnel,1,bucketed,history,64,512,4,6,0.9242709949612617,1.1242462918162346,repeat indices align samples but methods were timed sequentially; use independent-resample intervals
10,funnel,1,bucketed,history,64,512,4,7,0.9916968047618866,0.978143997490406,repeat indices align samples but methods were timed sequentially; use independent-resample intervals
10,funnel,1,bucketed,history,64,512,4,8,1.0072858482599258,1.0662250220775604,repeat indices align samples but methods were timed sequentially; use independent-resample intervals
10,funnel,1,bucketed,history,64,512,4,9,0.9139740914106369,0.9737990498542786,repeat indices align samples but methods were timed sequentially; use independent-resample intervals
10,funnel,1,bucketed,history,64,512,4,10,0.9405722320079803,1.0085631236433983,repeat indices align samples but methods were timed sequentially; use independent-resample intervals
10,funnel,1,bucketed,history,64,512,4,11,1.0043460354208946,0.9446221962571144,repeat indices align samples but methods were timed sequentially; use independent-resample intervals
10,funnel,1,bucketed,history,64,512,4,12,0.9966492429375648,0.9695617854595184,repeat indices align samples but methods were timed sequentially; use independent-resample intervals
10,funnel,1,bucketed,history,64,512,4,13,0.9583770483732224,1.07001281529665,repeat indices align samples but methods were timed sequentially; use independent-resample intervals
10,funnel,1,bucketed,history,64,512,4,14,0.8833482563495636,0.9959614723920822,repeat indices align samples but methods were timed sequentially; use independent-resample intervals
10,funnel,1,bucketed,history,64,512,4,15,0.8370678871870041,0.9954687058925629,repeat indices align samples but methods were timed sequentially; use independent-resample intervals
10,funnel,1,bucketed,history,64,512,4,16,0.8143468871712685,0.9432079046964645,repeat indices align samples but methods were timed sequentially; use independent-resample intervals
10,funnel,1,bucketed,history,64,512,4,17,0.8855795040726662,1.0210204795002937,repeat indices align samples but methods were timed sequentially; use independent-resample intervals
10,funnel,1,bucketed,history,64,512,4,18,0.9104078859090805,0.9774707332253456,repeat indices align samples but methods were timed sequentially; use independent-resample intervals
10,funnel,1,bucketed,history,64,512,4,19,1.01016154140234,1.0314470008015633,repeat indices align samples but methods were timed sequentially; use independent-resample intervals
10,funnel,1,bucketed,history,64,512,4,20,1.0584737807512283,1.0081133097410202,repeat indices align samples but methods were timed sequentially; use independent-resample intervals
10,funnel,1,bucketed,history,64,512,4,21,1.1820620000362396,1.0043372437357903,repeat indices align samples but methods were timed sequentially; use independent-resample intervals
10,funnel,1,bucketed,history,64,512,4,22,0.9062773287296295,1.0079457238316536,repeat indices align samples but methods were timed sequentially; use independent-resample intervals
10,funnel,1,bucketed,history,64,512,4,23,0.8915670663118362,1.1783170998096466,repeat indices align samples but methods were timed sequentially; use independent-resample intervals
10,funnel,1,bucketed,history,64,512,4,24,0.9781269952654839,1.2938042730093002,repeat indices align samples but methods were timed sequentially; use independent-resample intervals
10,funnel,1,bucketed,history,64,512,4,25,0.9367904812097549,1.1849808171391487,repeat indices align samples but methods were timed sequentially; use independent-resample intervals
10,funnel,1,bucketed,history,64,512,4,26,1.0056143924593925,1.0186468437314034,repeat indices align samples but methods were timed sequentially; use independent-resample intervals
10,funnel,1,bucketed,history,64,512,4,27,0.8604915589094162,1.0177151933312416,repeat indices align samples but methods were timed sequentially; use independent-resample intervals
10,funnel,1,bucketed,history,64,512,4,28,0.863175131380558,0.9862065985798836,repeat indices align samples but methods were timed sequentially; use independent-resample intervals
10,funnel,1,bucketed,history,64,512,4,29,0.8177395164966583,0.9528091251850128,repeat indices align samples but methods were timed sequentially; use independent-resample intervals
11,funnel,1,bucketed,history,128,512,4,0,0.979236550629139,1.0435990765690804,repeat indices align samples but methods were timed sequentially; use independent-resample intervals
11,funnel,1,bucketed,history,128,512,4,1,0.8146325424313545,0.9770496115088463,repeat indices align samples but methods were timed sequentially; use independent-resample intervals
11,funnel,1,bucketed,history,128,512,4,2,0.9703947305679321,0.9550772830843925,repeat indices align samples but methods were timed sequentially; use independent-resample intervals
11,funnel,1,bucketed,history,128,512,4,3,1.0195517614483833,1.041570819914341,repeat indices align samples but methods were timed sequentially; use independent-resample intervals
11,funnel,1,bucketed,history,128,512,4,4,0.9838914051651955,0.930045522749424,repeat indices align samples but methods were timed sequentially; use independent-resample intervals
11,funnel,1,bucketed,history,128,512,4,5,0.9284516721963882,0.9764022082090378,repeat indices align samples but methods were timed sequentially; use independent-resample intervals
11,funnel,1,bucketed,history,128,512,4,6,0.8456179946660995,1.1242462918162346,repeat indices align samples but methods were timed sequentially; use independent-resample intervals
11,funnel,1,bucketed,history,128,512,4,7,0.9586126506328583,0.978143997490406,repeat indices align samples but methods were timed sequentially; use independent-resample intervals
11,funnel,1,bucketed,history,128,512,4,8,0.9312588647007942,1.0662250220775604,repeat indices align samples but methods were timed sequentially; use independent-resample intervals
11,funnel,1,bucketed,history,128,512,4,9,0.9419156461954117,0.9737990498542786,repeat indices align samples but methods were timed sequentially; use independent-resample intervals
11,funnel,1,bucketed,history,128,512,4,10,0.9921620562672615,1.0085631236433983,repeat indices align samples but methods were timed sequentially; use independent-resample intervals
11,funnel,1,bucketed,history,128,512,4,11,0.883724607527256,0.9446221962571144,repeat indices align samples but methods were timed sequentially; use independent-resample intervals
11,funnel,1,bucketed,history,128,512,4,12,1.0220228284597397,0.9695617854595184,repeat indices align samples but methods were timed sequentially; use independent-resample intervals
11,funnel,1,bucketed,history,128,512,4,13,1.0159252807497978,1.07001281529665,repeat indices align samples but methods were timed sequentially; use independent-resample intervals
11,funnel,1,bucketed,history,128,512,4,14,0.9969699829816818,0.9959614723920822,repeat indices align samples but methods were timed sequentially; use independent-resample intervals
11,funnel,1,bucketed,history,128,512,4,15,0.9815137088298798,0.9954687058925629,repeat indices align samples but methods were timed sequentially; use independent-resample intervals
11,funnel,1,bucketed,history,128,512,4,16,0.916357584297657,0.9432079046964645,repeat indices align samples but methods were timed sequentially; use independent-resample intervals
11,funnel,1,bucketed,history,128,512,4,17,0.8992245867848396,1.0210204795002937,repeat indices align samples but methods were timed sequentially; use independent-resample intervals
11,funnel,1,bucketed,history,128,512,4,18,1.0019972622394562,0.9774707332253456,repeat indices align samples but methods were timed sequentially; use independent-resample intervals
11,funnel,1,bucketed,history,128,512,4,19,0.936028316617012,1.0314470008015633,repeat indices align samples but methods were timed sequentially; use independent-resample intervals
11,funnel,1,bucketed,history,128,512,4,20,1.0359427258372307,1.0081133097410202,repeat indices align samples but methods were timed sequentially; use independent-resample intervals
11,funnel,1,bucketed,history,128,512,4,21,0.8677239492535591,1.0043372437357903,repeat indices align samples but methods were timed sequentially; use independent-resample intervals
11,funnel,1,bucketed,history,128,512,4,22,0.8590465113520622,1.0079457238316536,repeat indices align samples but methods were timed sequentially; use independent-resample intervals
11,funnel,1,bucketed,history,128,512,4,23,0.8864026293158531,1.1783170998096466,repeat indices align samples but methods were timed sequentially; use independent-resample intervals
11,funnel,1,bucketed,history,128,512,4,24,0.9555054381489754,1.2938042730093002,repeat indices align samples but methods were timed sequentially; use independent-resample intervals
11,funnel,1,bucketed,history,128,512,4,25,1.0494469851255417,1.1849808171391487,repeat indices align samples but methods were timed sequentially; use independent-resample intervals
11,funnel,1,bucketed,history,128,512,4,26,0.8850516900420189,1.0186468437314034,repeat indices align samples but methods were timed sequentially; use independent-resample intervals
11,funnel,1,bucketed,history,128,512,4,27,0.8666744828224182,1.0177151933312416,repeat indices align samples but methods were timed sequentially; use independent-resample intervals
11,funnel,1,bucketed,history,128,512,4,28,0.9001218751072884,0.9862065985798836,repeat indices align samples but methods were timed sequentially; use independent-resample intervals
11,funnel,1,bucketed,history,128,512,4,29,0.9584438875317574,0.9528091251850128,repeat indices align samples but methods were timed sequentially; use independent-resample intervals
12,funnel,1,bucketed,last_depth,64,512,4,0,0.9617547392845154,1.0435990765690804,repeat indices align samples but methods were timed sequentially; use independent-resample intervals
12,funnel,1,bucketed,last_depth,64,512,4,1,0.8638854771852493,0.9770496115088463,repeat indices align samples but methods were timed sequentially; use independent-resample intervals
12,funnel,1,bucketed,last_depth,64,512,4,2,0.9042787402868271,0.9550772830843925,repeat indices align samples but methods were timed sequentially; use independent-resample intervals
12,funnel,1,bucketed,last_depth,64,512,4,3,0.9059161767363548,1.041570819914341,repeat indices align samples but methods were timed sequentially; use independent-resample intervals
12,funnel,1,bucketed,last_depth,64,512,4,4,0.9350771009922028,0.930045522749424,repeat indices align samples but methods were timed sequentially; use independent-resample intervals
12,funnel,1,bucketed,last_depth,64,512,4,5,0.9911298379302025,0.9764022082090378,repeat indices align samples but methods were timed sequentially; use independent-resample intervals
12,funnel,1,bucketed,last_depth,64,512,4,6,0.906693622469902,1.1242462918162346,repeat indices align samples but methods were timed sequentially; use independent-resample intervals
12,funnel,1,bucketed,last_depth,64,512,4,7,1.0171612799167633,0.978143997490406,repeat indices align samples but methods were timed sequentially; use independent-resample intervals
12,funnel,1,bucketed,last_depth,64,512,4,8,1.006370648741722,1.0662250220775604,repeat indices align samples but methods were timed sequentially; use independent-resample intervals
12,funnel,1,bucketed,last_depth,64,512,4,9,1.07105004042387,0.9737990498542786,repeat indices align samples but methods were timed sequentially; use independent-resample intervals
12,funnel,1,bucketed,last_depth,64,512,4,10,0.9156282395124435,1.0085631236433983,repeat indices align samples but methods were timed sequentially; use independent-resample intervals
12,funnel,1,bucketed,last_depth,64,512,4,11,1.0142135694622993,0.9446221962571144,repeat indices align samples but methods were timed sequentially; use independent-resample intervals
12,funnel,1,bucketed,last_depth,64,512,4,12,1.1238123178482056,0.9695617854595184,repeat indices align samples but methods were timed sequentially; use independent-resample intervals
12,funnel,1,bucketed,last_depth,64,512,4,13,1.059907928109169,1.07001281529665,repeat indices align samples but methods were timed sequentially; use independent-resample intervals
12,funnel,1,bucketed,last_depth,64,512,4,14,1.0916368216276169,0.9959614723920822,repeat indices align samples but methods were timed sequentially; use independent-resample intervals
12,funnel,1,bucketed,last_depth,64,512,4,15,0.927830345928669,0.9954687058925629,repeat indices align samples but methods were timed sequentially; use independent-resample intervals
12,funnel,1,bucketed,last_depth,64,512,4,16,0.9569294154644012,0.9432079046964645,repeat indices align samples but methods were timed sequentially; use independent-resample intervals
12,funnel,1,bucketed,last_depth,64,512,4,17,0.8647983893752098,1.0210204795002937,repeat indices align samples but methods were timed sequentially; use independent-resample intervals
12,funnel,1,bucketed,last_depth,64,512,4,18,1.0498192980885506,0.9774707332253456,repeat indices align samples but methods were timed sequentially; use independent-resample intervals
12,funnel,1,bucketed,last_depth,64,512,4,19,1.1328344121575356,1.0314470008015633,repeat indices align samples but methods were timed sequentially; use independent-resample intervals
12,funnel,1,bucketed,last_depth,64,512,4,20,1.1936353221535683,1.0081133097410202,repeat indices align samples but methods were timed sequentially; use independent-resample intervals
12,funnel,1,bucketed,last_depth,64,512,4,21,1.2079936563968658,1.0043372437357903,repeat indices align samples but methods were timed sequentially; use independent-resample intervals
12,funnel,1,bucketed,last_depth,64,512,4,22,0.9863701835274696,1.0079457238316536,repeat indices align samples but methods were timed sequentially; use independent-resample intervals
12,funnel,1,bucketed,last_depth,64,512,4,23,0.9261603206396103,1.1783170998096466,repeat indices align samples but methods were timed sequentially; use independent-resample intervals
12,funnel,1,bucketed,last_depth,64,512,4,24,1.0317863002419472,1.2938042730093002,repeat indices align samples but methods were timed sequentially; use independent-resample intervals
12,funnel,1,bucketed,last_depth,64,512,4,25,1.0232559368014336,1.1849808171391487,repeat indices align samples but methods were timed sequentially; use independent-resample intervals
12,funnel,1,bucketed,last_depth,64,512,4,26,1.002847783267498,1.0186468437314034,repeat indices align samples but methods were timed sequentially; use independent-resample intervals
12,funnel,1,bucketed,last_depth,64,512,4,27,0.9729725122451782,1.0177151933312416,repeat indices align samples but methods were timed sequentially; use independent-resample intervals
12,funnel,1,bucketed,last_depth,64,512,4,28,1.1621359214186668,0.9862065985798836,repeat indices align samples but methods were timed sequentially; use independent-resample intervals
12,funnel,1,bucketed,last_depth,64,512,4,29,1.1145547479391098,0.9528091251850128,repeat indices align samples but methods were timed sequentially; use independent-resample intervals
13,funnel,1,bucketed,last_depth,128,512,4,0,1.0915375724434853,1.0435990765690804,repeat indices align samples but methods were timed sequentially; use independent-resample intervals
13,funnel,1,bucketed,last_depth,128,512,4,1,1.1089903190732002,0.9770496115088463,repeat indices align samples but methods were timed sequentially; use independent-resample intervals
13,funnel,1,bucketed,last_depth,128,512,4,2,1.128251165151596,0.9550772830843925,repeat indices align samples but methods were timed sequentially; use independent-resample intervals
13,funnel,1,bucketed,last_depth,128,512,4,3,1.0554552152752876,1.041570819914341,repeat indices align samples but methods were timed sequentially; use independent-resample intervals
13,funnel,1,bucketed,last_depth,128,512,4,4,1.0171035751700401,0.930045522749424,repeat indices align samples but methods were timed sequentially; use independent-resample intervals
13,funnel,1,bucketed,last_depth,128,512,4,5,1.0980983898043633,0.9764022082090378,repeat indices align samples but methods were timed sequentially; use independent-resample intervals
13,funnel,1,bucketed,last_depth,128,512,4,6,1.075777254998684,1.1242462918162346,repeat indices align samples but methods were timed sequentially; use independent-resample intervals
13,funnel,1,bucketed,last_depth,128,512,4,7,1.0160151273012161,0.978143997490406,repeat indices align samples but methods were timed sequentially; use independent-resample intervals
13,funnel,1,bucketed,last_depth,128,512,4,8,1.0454906150698662,1.0662250220775604,repeat indices align samples but methods were timed sequentially; use independent-resample intervals
13,funnel,1,bucketed,last_depth,128,512,4,9,0.9407592937350273,0.9737990498542786,repeat indices align samples but methods were timed sequentially; use independent-resample intervals
13,funnel,1,bucketed,last_depth,128,512,4,10,1.0094517543911934,1.0085631236433983,repeat indices align samples but methods were timed sequentially; use independent-resample intervals
13,funnel,1,bucketed,last_depth,128,512,4,11,0.8899443298578262,0.9446221962571144,repeat indices align samples but methods were timed sequentially; use independent-resample intervals
13,funnel,1,bucketed,last_depth,128,512,4,12,0.9819874092936516,0.9695617854595184,repeat indices align samples but methods were timed sequentially; use independent-resample intervals
13,funnel,1,bucketed,last_depth,128,512,4,13,0.9905564486980438,1.07001281529665,repeat indices align samples but methods were timed sequentially; use independent-resample intervals
13,funnel,1,bucketed,last_depth,128,512,4,14,0.9438340812921524,0.9959614723920822,repeat indices align samples but methods were timed sequentially; use independent-resample intervals
13,funnel,1,bucketed,last_depth,128,512,4,15,1.006874181330204,0.9954687058925629,repeat indices align samples but methods were timed sequentially; use independent-resample intervals
13,funnel,1,bucketed,last_depth,128,512,4,16,0.9203829392790794,0.9432079046964645,repeat indices align samples but methods were timed sequentially; use independent-resample intervals
13,funnel,1,bucketed,last_depth,128,512,4,17,1.0684142857789993,1.0210204795002937,repeat indices align samples but methods were timed sequentially; use independent-resample intervals
13,funnel,1,bucketed,last_depth,128,512,4,18,1.0685600936412811,0.9774707332253456,repeat indices align samples but methods were timed sequentially; use independent-resample intervals
13,funnel,1,bucketed,last_depth,128,512,4,19,1.0657135173678398,1.0314470008015633,repeat indices align samples but methods were timed sequentially; use independent-resample intervals
13,funnel,1,bucketed,last_depth,128,512,4,20,1.0626428872346878,1.0081133097410202,repeat indices align samples but methods were timed sequentially; use independent-resample intervals
13,funnel,1,bucketed,last_depth,128,512,4,21,1.11050146818161,1.0043372437357903,repeat indices align samples but methods were timed sequentially; use independent-resample intervals
13,funnel,1,bucketed,last_depth,128,512,4,22,1.1236889585852623,1.0079457238316536,repeat indices align samples but methods were timed sequentially; use independent-resample intervals
13,funnel,1,bucketed,last_depth,128,512,4,23,1.0022359117865562,1.1783170998096466,repeat indices align samples but methods were timed sequentially; use independent-resample intervals
13,funnel,1,bucketed,last_depth,128,512,4,24,1.1047556400299072,1.2938042730093002,repeat indices align samples but methods were timed sequentially; use independent-resample intervals
13,funnel,1,bucketed,last_depth,128,512,4,25,1.0172933861613274,1.1849808171391487,repeat indices align samples but methods were timed sequentially; use independent-resample intervals
13,funnel,1,bucketed,last_depth,128,512,4,26,1.1403997018933296,1.0186468437314034,repeat indices align samples but methods were timed sequentially; use independent-resample intervals
13,funnel,1,bucketed,last_depth,128,512,4,27,1.096950389444828,1.0177151933312416,repeat indices align samples but methods were timed sequentially; use independent-resample intervals
13,funnel,1,bucketed,last_depth,128,512,4,28,1.041231170296669,0.9862065985798836,repeat indices align samples but methods were timed sequentially; use independent-resample intervals
13,funnel,1,bucketed,last_depth,128,512,4,29,0.9731620624661446,0.9528091251850128,repeat indices align samples but methods were timed sequentially; use independent-resample intervals
14,funnel,2,monolithic,monolithic,0,512,4,0,0.910617783665657,0.910617783665657,repeat indices align samples but methods were timed sequentially; use independent-resample intervals
14,funnel,2,monolithic,monolithic,0,512,4,1,0.93449916690588,0.93449916690588,repeat indices align samples but methods were timed sequentially; use independent-resample intervals
14,funnel,2,monolithic,monolithic,0,512,4,2,0.9219052419066429,0.9219052419066429,repeat indices align samples but methods were timed sequentially; use independent-resample intervals
14,funnel,2,monolithic,monolithic,0,512,4,3,0.9339787140488625,0.9339787140488625,repeat indices align samples but methods were timed sequentially; use independent-resample intervals
14,funnel,2,monolithic,monolithic,0,512,4,4,0.9187662377953529,0.9187662377953529,repeat indices align samples but methods were timed sequentially; use independent-resample intervals
14,funnel,2,monolithic,monolithic,0,512,4,5,0.9370112642645836,0.9370112642645836,repeat indices align samples but methods were timed sequentially; use independent-resample intervals
14,funnel,2,monolithic,monolithic,0,512,4,6,0.9243312478065491,0.9243312478065491,repeat indices align samples but methods were timed sequentially; use independent-resample intervals
14,funnel,2,monolithic,monolithic,0,512,4,7,0.9682415574789047,0.9682415574789047,repeat indices align samples but methods were timed sequentially; use independent-resample intervals
14,funnel,2,monolithic,monolithic,0,512,4,8,0.9614266157150269,0.9614266157150269,repeat indices align samples but methods were timed sequentially; use independent-resample intervals
14,funnel,2,monolithic,monolithic,0,512,4,9,0.9543874934315681,0.9543874934315681,repeat indices align samples but methods were timed sequentially; use independent-resample intervals
14,funnel,2,monolithic,monolithic,0,512,4,10,0.9684296995401382,0.9684296995401382,repeat indices align samples but methods were timed sequentially; use independent-resample intervals
14,funnel,2,monolithic,monolithic,0,512,4,11,0.9408063739538193,0.9408063739538193,repeat indices align samples but methods were timed sequentially; use independent-resample intervals
14,funnel,2,monolithic,monolithic,0,512,4,12,0.9341641068458557,0.9341641068458557,repeat indices align samples but methods were timed sequentially; use independent-resample intervals
14,funnel,2,monolithic,monolithic,0,512,4,13,0.9687041491270065,0.9687041491270065,repeat indices align samples but methods were timed sequentially; use independent-resample intervals
14,funnel,2,monolithic,monolithic,0,512,4,14,0.9679597467184067,0.9679597467184067,repeat indices align samples but methods were timed sequentially; use independent-resample intervals
14,funnel,2,monolithic,monolithic,0,512,4,15,1.0580952018499374,1.0580952018499374,repeat indices align samples but methods were timed sequentially; use independent-resample intervals
14,funnel,2,monolithic,monolithic,0,512,4,16,1.158201426267624,1.158201426267624,repeat indices align samples but methods were timed sequentially; use independent-resample intervals
14,funnel,2,monolithic,monolithic,0,512,4,17,1.1618157103657722,1.1618157103657722,repeat indices align samples but methods were timed sequentially; use independent-resample intervals
14,funnel,2,monolithic,monolithic,0,512,4,18,0.9736465513706207,0.9736465513706207,repeat indices align samples but methods were timed sequentially; use independent-resample intervals
14,funnel,2,monolithic,monolithic,0,512,4,19,0.982975110411644,0.982975110411644,repeat indices align samples but methods were timed sequentially; use independent-resample intervals
14,funnel,2,monolithic,monolithic,0,512,4,20,1.002749614417553,1.002749614417553,repeat indices align samples but methods were timed sequentially; use independent-resample intervals
14,funnel,2,monolithic,monolithic,0,512,4,21,0.9951256588101387,0.9951256588101387,repeat indices align samples but methods were timed sequentially; use independent-resample intervals
14,funnel,2,monolithic,monolithic,0,512,4,22,0.9526906907558441,0.9526906907558441,repeat indices align samples but methods were timed sequentially; use independent-resample intervals
14,funnel,2,monolithic,monolithic,0,512,4,23,1.0119688659906387,1.0119688659906387,repeat indices align samples but methods were timed sequentially; use independent-resample intervals
14,funnel,2,monolithic,monolithic,0,512,4,24,0.991382397711277,0.991382397711277,repeat indices align samples but methods were timed sequentially; use independent-resample intervals
14,funnel,2,monolithic,monolithic,0,512,4,25,0.9632222652435303,0.9632222652435303,repeat indices align samples but methods were timed sequentially; use independent-resample intervals
14,funnel,2,monolithic,monolithic,0,512,4,26,1.1536129638552666,1.1536129638552666,repeat indices align samples but methods were timed sequentially; use independent-resample intervals
14,funnel,2,monolithic,monolithic,0,512,4,27,1.039028748869896,1.039028748869896,repeat indices align samples but methods were timed sequentially; use independent-resample intervals
14,funnel,2,monolithic,monolithic,0,512,4,28,1.0526340454816818,1.0526340454816818,repeat indices align samples but methods were timed sequentially; use independent-resample intervals
14,funnel,2,monolithic,monolithic,0,512,4,29,1.0451684966683388,1.0451684966683388,repeat indices align samples but methods were timed sequentially; use independent-resample intervals
15,funnel,2,bucketed,none,64,512,4,0,1.4520665258169174,0.910617783665657,repeat indices align samples but methods were timed sequentially; use independent-resample intervals
15,funnel,2,bucketed,none,64,512,4,1,1.6206719055771828,0.93449916690588,repeat indices align samples but methods were timed sequentially; use independent-resample intervals
15,funnel,2,bucketed,none,64,512,4,2,1.4368419274687767,0.9219052419066429,repeat indices align samples but methods were timed sequentially; use independent-resample intervals
15,funnel,2,bucketed,none,64,512,4,3,1.4917742237448692,0.9339787140488625,repeat indices align samples but methods were timed sequentially; use independent-resample intervals
15,funnel,2,bucketed,none,64,512,4,4,1.5090547055006027,0.9187662377953529,repeat indices align samples but methods were timed sequentially; use independent-resample intervals
15,funnel,2,bucketed,none,64,512,4,5,1.502090960741043,0.9370112642645836,repeat indices align samples but methods were timed sequentially; use independent-resample intervals
15,funnel,2,bucketed,none,64,512,4,6,1.3579054921865463,0.9243312478065491,repeat indices align samples but methods were timed sequentially; use independent-resample intervals
15,funnel,2,bucketed,none,64,512,4,7,1.456271193921566,0.9682415574789047,repeat indices align samples but methods were timed sequentially; use independent-resample intervals
15,funnel,2,bucketed,none,64,512,4,8,1.3973871544003487,0.9614266157150269,repeat indices align samples but methods were timed sequentially; use independent-resample intervals
15,funnel,2,bucketed,none,64,512,4,9,1.4012718871235847,0.9543874934315681,repeat indices align samples but methods were timed sequentially; use independent-resample intervals
15,funnel,2,bucketed,none,64,512,4,10,1.324453130364418,0.9684296995401382,repeat indices align samples but methods were timed sequentially; use independent-resample intervals
15,funnel,2,bucketed,none,64,512,4,11,1.550552174448967,0.9408063739538193,repeat indices align samples but methods were timed sequentially; use independent-resample intervals
15,funnel,2,bucketed,none,64,512,4,12,1.4750947579741478,0.9341641068458557,repeat indices align samples but methods were timed sequentially; use independent-resample intervals
15,funnel,2,bucketed,none,64,512,4,13,1.645022951066494,0.9687041491270065,repeat indices align samples but methods were timed sequentially; use independent-resample intervals
15,funnel,2,bucketed,none,64,512,4,14,1.4209620580077171,0.9679597467184067,repeat indices align samples but methods were timed sequentially; use independent-resample intervals
15,funnel,2,bucketed,none,64,512,4,15,1.3241283893585205,1.0580952018499374,repeat indices align samples but methods were timed sequentially; use independent-resample intervals
15,funnel,2,bucketed,none,64,512,4,16,1.5178947374224663,1.158201426267624,repeat indices align samples but methods were timed sequentially; use independent-resample intervals
15,funnel,2,bucketed,none,64,512,4,17,1.355757124722004,1.1618157103657722,repeat indices align samples but methods were timed sequentially; use independent-resample intervals
15,funnel,2,bucketed,none,64,512,4,18,1.3936118334531784,0.9736465513706207,repeat indices align samples but methods were timed sequentially; use independent-resample intervals
15,funnel,2,bucketed,none,64,512,4,19,1.4042254909873009,0.982975110411644,repeat indices align samples but methods were timed sequentially; use independent-resample intervals
15,funnel,2,bucketed,none,64,512,4,20,1.3727252557873726,1.002749614417553,repeat indices align samples but methods were timed sequentially; use independent-resample intervals
15,funnel,2,bucketed,none,64,512,4,21,1.3812863007187843,0.9951256588101387,repeat indices align samples but methods were timed sequentially; use independent-resample intervals
15,funnel,2,bucketed,none,64,512,4,22,1.272848404943943,0.9526906907558441,repeat indices align samples but methods were timed sequentially; use independent-resample intervals
15,funnel,2,bucketed,none,64,512,4,23,1.3484580367803574,1.0119688659906387,repeat indices align samples but methods were timed sequentially; use independent-resample intervals
15,funnel,2,bucketed,none,64,512,4,24,1.269970789551735,0.991382397711277,repeat indices align samples but methods were timed sequentially; use independent-resample intervals
15,funnel,2,bucketed,none,64,512,4,25,1.3616292402148247,0.9632222652435303,repeat indices align samples but methods were timed sequentially; use independent-resample intervals
15,funnel,2,bucketed,none,64,512,4,26,1.306089147925377,1.1536129638552666,repeat indices align samples but methods were timed sequentially; use independent-resample intervals
15,funnel,2,bucketed,none,64,512,4,27,1.5235208421945572,1.039028748869896,repeat indices align samples but methods were timed sequentially; use independent-resample intervals
15,funnel,2,bucketed,none,64,512,4,28,1.2973094880580902,1.0526340454816818,repeat indices align samples but methods were timed sequentially; use independent-resample intervals
15,funnel,2,bucketed,none,64,512,4,29,1.363292783498764,1.0451684966683388,repeat indices align samples but methods were timed sequentially; use independent-resample intervals
16,funnel,2,bucketed,none,128,512,4,0,1.783421277999878,0.910617783665657,repeat indices align samples but methods were timed sequentially; use independent-resample intervals
16,funnel,2,bucketed,none,128,512,4,1,1.4772205501794815,0.93449916690588,repeat indices align samples but methods were timed sequentially; use independent-resample intervals
16,funnel,2,bucketed,none,128,512,4,2,1.4140691086649895,0.9219052419066429,repeat indices align samples but methods were timed sequentially; use independent-resample intervals
16,funnel,2,bucketed,none,128,512,4,3,1.3940632417798042,0.9339787140488625,repeat indices align samples but methods were timed sequentially; use independent-resample intervals
16,funnel,2,bucketed,none,128,512,4,4,1.3746312335133553,0.9187662377953529,repeat indices align samples but methods were timed sequentially; use independent-resample intervals
16,funnel,2,bucketed,none,128,512,4,5,1.4051988422870636,0.9370112642645836,repeat indices align samples but methods were timed sequentially; use independent-resample intervals
16,funnel,2,bucketed,none,128,512,4,6,1.4261460825800896,0.9243312478065491,repeat indices align samples but methods were timed sequentially; use independent-resample intervals
16,funnel,2,bucketed,none,128,512,4,7,1.5809793174266815,0.9682415574789047,repeat indices align samples but methods were timed sequentially; use independent-resample intervals
16,funnel,2,bucketed,none,128,512,4,8,1.6569493263959885,0.9614266157150269,repeat indices align samples but methods were timed sequentially; use independent-resample intervals
16,funnel,2,bucketed,none,128,512,4,9,1.6537885442376137,0.9543874934315681,repeat indices align samples but methods were timed sequentially; use independent-resample intervals
16,funnel,2,bucketed,none,128,512,4,10,1.6384506970643997,0.9684296995401382,repeat indices align samples but methods were timed sequentially; use independent-resample intervals
16,funnel,2,bucketed,none,128,512,4,11,1.4213935360312462,0.9408063739538193,repeat indices align samples but methods were timed sequentially; use independent-resample intervals
16,funnel,2,bucketed,none,128,512,4,12,1.4205117374658585,0.9341641068458557,repeat indices align samples but methods were timed sequentially; use independent-resample intervals
16,funnel,2,bucketed,none,128,512,4,13,1.405538372695446,0.9687041491270065,repeat indices align samples but methods were timed sequentially; use independent-resample intervals
16,funnel,2,bucketed,none,128,512,4,14,1.384742096066475,0.9679597467184067,repeat indices align samples but methods were timed sequentially; use independent-resample intervals
16,funnel,2,bucketed,none,128,512,4,15,1.371817260980606,1.0580952018499374,repeat indices align samples but methods were timed sequentially; use independent-resample intervals
16,funnel,2,bucketed,none,128,512,4,16,1.3492103442549706,1.158201426267624,repeat indices align samples but methods were timed sequentially; use independent-resample intervals
16,funnel,2,bucketed,none,128,512,4,17,1.4824087619781494,1.1618157103657722,repeat indices align samples but methods were timed sequentially; use independent-resample intervals
16,funnel,2,bucketed,none,128,512,4,18,1.4587911292910576,0.9736465513706207,repeat indices align samples but methods were timed sequentially; use independent-resample intervals
16,funnel,2,bucketed,none,128,512,4,19,1.4318892806768417,0.982975110411644,repeat indices align samples but methods were timed sequentially; use independent-resample intervals
16,funnel,2,bucketed,none,128,512,4,20,1.5264767855405807,1.002749614417553,repeat indices align samples but methods were timed sequentially; use independent-resample intervals
16,funnel,2,bucketed,none,128,512,4,21,1.5492454320192337,0.9951256588101387,repeat indices align samples but methods were timed sequentially; use independent-resample intervals
16,funnel,2,bucketed,none,128,512,4,22,1.4012712612748146,0.9526906907558441,repeat indices align samples but methods were timed sequentially; use independent-resample intervals
16,funnel,2,bucketed,none,128,512,4,23,1.36288633197546,1.0119688659906387,repeat indices align samples but methods were timed sequentially; use independent-resample intervals
16,funnel,2,bucketed,none,128,512,4,24,1.5495358854532242,0.991382397711277,repeat indices align samples but methods were timed sequentially; use independent-resample intervals
16,funnel,2,bucketed,none,128,512,4,25,1.4620659798383713,0.9632222652435303,repeat indices align samples but methods were timed sequentially; use independent-resample intervals
16,funnel,2,bucketed,none,128,512,4,26,1.4964919239282608,1.1536129638552666,repeat indices align samples but methods were timed sequentially; use independent-resample intervals
16,funnel,2,bucketed,none,128,512,4,27,1.592748187482357,1.039028748869896,repeat indices align samples but methods were timed sequentially; use independent-resample intervals
16,funnel,2,bucketed,none,128,512,4,28,1.4843598678708076,1.0526340454816818,repeat indices align samples but methods were timed sequentially; use independent-resample intervals
16,funnel,2,bucketed,none,128,512,4,29,1.3737994581460953,1.0451684966683388,repeat indices align samples but methods were timed sequentially; use independent-resample intervals
17,funnel,2,bucketed,history,64,512,4,0,0.961308017373085,0.910617783665657,repeat indices align samples but methods were timed sequentially; use independent-resample intervals
17,funnel,2,bucketed,history,64,512,4,1,0.9275365248322487,0.93449916690588,repeat indices align samples but methods were timed sequentially; use independent-resample intervals
17,funnel,2,bucketed,history,64,512,4,2,0.9693818241357803,0.9219052419066429,repeat indices align samples but methods were timed sequentially; use independent-resample intervals
17,funnel,2,bucketed,history,64,512,4,3,0.985668495297432,0.9339787140488625,repeat indices align samples but methods were timed sequentially; use independent-resample intervals
17,funnel,2,bucketed,history,64,512,4,4,0.9444270804524422,0.9187662377953529,repeat indices align samples but methods were timed sequentially; use independent-resample intervals
17,funnel,2,bucketed,history,64,512,4,5,0.9300146400928497,0.9370112642645836,repeat indices align samples but methods were timed sequentially; use independent-resample intervals
17,funnel,2,bucketed,history,64,512,4,6,0.8669410347938538,0.9243312478065491,repeat indices align samples but methods were timed sequentially; use independent-resample intervals
17,funnel,2,bucketed,history,64,512,4,7,0.8718686178326607,0.9682415574789047,repeat indices align samples but methods were timed sequentially; use independent-resample intervals
17,funnel,2,bucketed,history,64,512,4,8,0.8664004132151604,0.9614266157150269,repeat indices align samples but methods were timed sequentially; use independent-resample intervals
17,funnel,2,bucketed,history,64,512,4,9,0.882148839533329,0.9543874934315681,repeat indices align samples but methods were timed sequentially; use independent-resample intervals
17,funnel,2,bucketed,history,64,512,4,10,1.0134571641683578,0.9684296995401382,repeat indices align samples but methods were timed sequentially; use independent-resample intervals
17,funnel,2,bucketed,history,64,512,4,11,0.9433852285146713,0.9408063739538193,repeat indices align samples but methods were timed sequentially; use independent-resample intervals
17,funnel,2,bucketed,history,64,512,4,12,0.9755944535136223,0.9341641068458557,repeat indices align samples but methods were timed sequentially; use independent-resample intervals
17,funnel,2,bucketed,history,64,512,4,13,1.004093013703823,0.9687041491270065,repeat indices align samples but methods were timed sequentially; use independent-resample intervals
17,funnel,2,bucketed,history,64,512,4,14,0.8970460146665573,0.9679597467184067,repeat indices align samples but methods were timed sequentially; use independent-resample intervals
17,funnel,2,bucketed,history,64,512,4,15,1.0510624796152115,1.0580952018499374,repeat indices align samples but methods were timed sequentially; use independent-resample intervals
17,funnel,2,bucketed,history,64,512,4,16,1.1560562774538994,1.158201426267624,repeat indices align samples but methods were timed sequentially; use independent-resample intervals
17,funnel,2,bucketed,history,64,512,4,17,1.2404354736208916,1.1618157103657722,repeat indices align samples but methods were timed sequentially; use independent-resample intervals
17,funnel,2,bucketed,history,64,512,4,18,0.9030239507555962,0.9736465513706207,repeat indices align samples but methods were timed sequentially; use independent-resample intervals
17,funnel,2,bucketed,history,64,512,4,19,0.9013181924819946,0.982975110411644,repeat indices align samples but methods were timed sequentially; use independent-resample intervals
17,funnel,2,bucketed,history,64,512,4,20,0.9072466716170311,1.002749614417553,repeat indices align samples but methods were timed sequentially; use independent-resample intervals
17,funnel,2,bucketed,history,64,512,4,21,0.9445066824555397,0.9951256588101387,repeat indices align samples but methods were timed sequentially; use independent-resample intervals
17,funnel,2,bucketed,history,64,512,4,22,1.0079471319913864,0.9526906907558441,repeat indices align samples but methods were timed sequentially; use independent-resample intervals
17,funnel,2,bucketed,history,64,512,4,23,0.9030118063092232,1.0119688659906387,repeat indices align samples but methods were timed sequentially; use independent-resample intervals
17,funnel,2,bucketed,history,64,512,4,24,0.8272769972681999,0.991382397711277,repeat indices align samples but methods were timed sequentially; use independent-resample intervals
17,funnel,2,bucketed,history,64,512,4,25,0.9088190943002701,0.9632222652435303,repeat indices align samples but methods were timed sequentially; use independent-resample intervals
17,funnel,2,bucketed,history,64,512,4,26,0.925361268222332,1.1536129638552666,repeat indices align samples but methods were timed sequentially; use independent-resample intervals
17,funnel,2,bucketed,history,64,512,4,27,0.868840292096138,1.039028748869896,repeat indices align samples but methods were timed sequentially; use independent-resample intervals
17,funnel,2,bucketed,history,64,512,4,28,0.8657796010375023,1.0526340454816818,repeat indices align samples but methods were timed sequentially; use independent-resample intervals
17,funnel,2,bucketed,history,64,512,4,29,0.9119887948036194,1.0451684966683388,repeat indices align samples but methods were timed sequentially; use independent-resample intervals
18,funnel,2,bucketed,history,128,512,4,0,1.0239189118146896,0.910617783665657,repeat indices align samples but methods were timed sequentially; use independent-resample intervals
18,funnel,2,bucketed,history,128,512,4,1,0.9988315179944038,0.93449916690588,repeat indices align samples but methods were timed sequentially; use independent-resample intervals
18,funnel,2,bucketed,history,128,512,4,2,1.0079807564616203,0.9219052419066429,repeat indices align samples but methods were timed sequentially; use independent-resample intervals
18,funnel,2,bucketed,history,128,512,4,3,0.946202963590622,0.9339787140488625,repeat indices align samples but methods were timed sequentially; use independent-resample intervals
18,funnel,2,bucketed,history,128,512,4,4,1.1000198051333427,0.9187662377953529,repeat indices align samples but methods were timed sequentially; use independent-resample intervals
18,funnel,2,bucketed,history,128,512,4,5,1.0130502879619598,0.9370112642645836,repeat indices align samples but methods were timed sequentially; use independent-resample intervals
18,funnel,2,bucketed,history,128,512,4,6,1.0102393105626106,0.9243312478065491,repeat indices align samples but methods were timed sequentially; use independent-resample intervals
18,funnel,2,bucketed,history,128,512,4,7,0.9976685419678688,0.9682415574789047,repeat indices align samples but methods were timed sequentially; use independent-resample intervals
18,funnel,2,bucketed,history,128,512,4,8,1.0152985006570816,0.9614266157150269,repeat indices align samples but methods were timed sequentially; use independent-resample intervals
18,funnel,2,bucketed,history,128,512,4,9,0.9952763989567757,0.9543874934315681,repeat indices align samples but methods were timed sequentially; use independent-resample intervals
18,funnel,2,bucketed,history,128,512,4,10,1.03850719332695,0.9684296995401382,repeat indices align samples but methods were timed sequentially; use independent-resample intervals
18,funnel,2,bucketed,history,128,512,4,11,1.0182270258665085,0.9408063739538193,repeat indices align samples but methods were timed sequentially; use independent-resample intervals
18,funnel,2,bucketed,history,128,512,4,12,0.9508088454604149,0.9341641068458557,repeat indices align samples but methods were timed sequentially; use independent-resample intervals
18,funnel,2,bucketed,history,128,512,4,13,0.9798290804028511,0.9687041491270065,repeat indices align samples but methods were timed sequentially; use independent-resample intervals
18,funnel,2,bucketed,history,128,512,4,14,1.075268678367138,0.9679597467184067,repeat indices align samples but methods were timed sequentially; use independent-resample intervals
18,funnel,2,bucketed,history,128,512,4,15,1.0159689784049988,1.0580952018499374,repeat indices align samples but methods were timed sequentially; use independent-resample intervals
18,funnel,2,bucketed,history,128,512,4,16,0.9726959466934204,1.158201426267624,repeat indices align samples but methods were timed sequentially; use independent-resample intervals
18,funnel,2,bucketed,history,128,512,4,17,0.9752248078584671,1.1618157103657722,repeat indices align samples but methods were timed sequentially; use independent-resample intervals
18,funnel,2,bucketed,history,128,512,4,18,0.873549111187458,0.9736465513706207,repeat indices align samples but methods were timed sequentially; use independent-resample intervals
18,funnel,2,bucketed,history,128,512,4,19,0.9178596436977386,0.982975110411644,repeat indices align samples but methods were timed sequentially; use independent-resample intervals
18,funnel,2,bucketed,history,128,512,4,20,0.9844678714871407,1.002749614417553,repeat indices align samples but methods were timed sequentially; use independent-resample intervals
18,funnel,2,bucketed,history,128,512,4,21,0.9294315204024315,0.9951256588101387,repeat indices align samples but methods were timed sequentially; use independent-resample intervals
18,funnel,2,bucketed,history,128,512,4,22,1.0073269307613373,0.9526906907558441,repeat indices align samples but methods were timed sequentially; use independent-resample intervals
18,funnel,2,bucketed,history,128,512,4,23,1.0224569663405418,1.0119688659906387,repeat indices align samples but methods were timed sequentially; use independent-resample intervals
18,funnel,2,bucketed,history,128,512,4,24,1.0087675973773003,0.991382397711277,repeat indices align samples but methods were timed sequentially; use independent-resample intervals
18,funnel,2,bucketed,history,128,512,4,25,1.116704873740673,0.9632222652435303,repeat indices align samples but methods were timed sequentially; use independent-resample intervals
18,funnel,2,bucketed,history,128,512,4,26,1.0780164450407028,1.1536129638552666,repeat indices align samples but methods were timed sequentially; use independent-resample intervals
18,funnel,2,bucketed,history,128,512,4,27,1.1100240722298622,1.039028748869896,repeat indices align samples but methods were timed sequentially; use independent-resample intervals
18,funnel,2,bucketed,history,128,512,4,28,1.05873092263937,1.0526340454816818,repeat indices align samples but methods were timed sequentially; use independent-resample intervals
18,funnel,2,bucketed,history,128,512,4,29,1.0946679338812828,1.0451684966683388,repeat indices align samples but methods were timed sequentially; use independent-resample intervals
19,funnel,2,bucketed,last_depth,64,512,4,0,1.1094392612576485,0.910617783665657,repeat indices align samples but methods were timed sequentially; use independent-resample intervals
19,funnel,2,bucketed,last_depth,64,512,4,1,1.075258955359459,0.93449916690588,repeat indices align samples but methods were timed sequentially; use independent-resample intervals
19,funnel,2,bucketed,last_depth,64,512,4,2,1.0147652924060822,0.9219052419066429,repeat indices align samples but methods were timed sequentially; use independent-resample intervals
19,funnel,2,bucketed,last_depth,64,512,4,3,1.0692974478006363,0.9339787140488625,repeat indices align samples but methods were timed sequentially; use independent-resample intervals
19,funnel,2,bucketed,last_depth,64,512,4,4,1.0244318544864655,0.9187662377953529,repeat indices align samples but methods were timed sequentially; use independent-resample intervals
19,funnel,2,bucketed,last_depth,64,512,4,5,1.1155120879411697,0.9370112642645836,repeat indices align samples but methods were timed sequentially; use independent-resample intervals
19,funnel,2,bucketed,last_depth,64,512,4,6,1.1186953783035278,0.9243312478065491,repeat indices align samples but methods were timed sequentially; use independent-resample intervals
19,funnel,2,bucketed,last_depth,64,512,4,7,1.054348573088646,0.9682415574789047,repeat indices align samples but methods were timed sequentially; use independent-resample intervals
19,funnel,2,bucketed,last_depth,64,512,4,8,1.1149232983589172,0.9614266157150269,repeat indices align samples but methods were timed sequentially; use independent-resample intervals
19,funnel,2,bucketed,last_depth,64,512,4,9,1.0110115706920624,0.9543874934315681,repeat indices align samples but methods were timed sequentially; use independent-resample intervals
19,funnel,2,bucketed,last_depth,64,512,4,10,1.01637364923954,0.9684296995401382,repeat indices align samples but methods were timed sequentially; use independent-resample intervals
19,funnel,2,bucketed,last_depth,64,512,4,11,1.001828245818615,0.9408063739538193,repeat indices align samples but methods were timed sequentially; use independent-resample intervals
19,funnel,2,bucketed,last_depth,64,512,4,12,1.0310747474431992,0.9341641068458557,repeat indices align samples but methods were timed sequentially; use independent-resample intervals
19,funnel,2,bucketed,last_depth,64,512,4,13,1.120305947959423,0.9687041491270065,repeat indices align samples but methods were timed sequentially; use independent-resample intervals
19,funnel,2,bucketed,last_depth,64,512,4,14,1.2395441085100174,0.9679597467184067,repeat indices align samples but methods were timed sequentially; use independent-resample intervals
19,funnel,2,bucketed,last_depth,64,512,4,15,0.9904569089412689,1.0580952018499374,repeat indices align samples but methods were timed sequentially; use independent-resample intervals
19,funnel,2,bucketed,last_depth,64,512,4,16,0.9159712120890617,1.158201426267624,repeat indices align samples but methods were timed sequentially; use independent-resample intervals
19,funnel,2,bucketed,last_depth,64,512,4,17,0.9389074966311455,1.1618157103657722,repeat indices align samples but methods were timed sequentially; use independent-resample intervals
19,funnel,2,bucketed,last_depth,64,512,4,18,1.0161274671554565,0.9736465513706207,repeat indices align samples but methods were timed sequentially; use independent-resample intervals
19,funnel,2,bucketed,last_depth,64,512,4,19,0.962518572807312,0.982975110411644,repeat indices align samples but methods were timed sequentially; use independent-resample intervals
19,funnel,2,bucketed,last_depth,64,512,4,20,0.9337439760565758,1.002749614417553,repeat indices align samples but methods were timed sequentially; use independent-resample intervals
19,funnel,2,bucketed,last_depth,64,512,4,21,1.0229137018322945,0.9951256588101387,repeat indices align samples but methods were timed sequentially; use independent-resample intervals
19,funnel,2,bucketed,last_depth,64,512,4,22,1.0278239771723747,0.9526906907558441,repeat indices align samples but methods were timed sequentially; use independent-resample intervals
19,funnel,2,bucketed,last_depth,64,512,4,23,1.1219748705625534,1.0119688659906387,repeat indices align samples but methods were timed sequentially; use independent-resample intervals
19,funnel,2,bucketed,last_depth,64,512,4,24,0.9477707296609879,0.991382397711277,repeat indices align samples but methods were timed sequentially; use independent-resample intervals
19,funnel,2,bucketed,last_depth,64,512,4,25,1.0368413180112839,0.9632222652435303,repeat indices align samples but methods were timed sequentially; use independent-resample intervals
19,funnel,2,bucketed,last_depth,64,512,4,26,1.0374455004930496,1.1536129638552666,repeat indices align samples but methods were timed sequentially; use independent-resample intervals
19,funnel,2,bucketed,last_depth,64,512,4,27,0.9928292110562325,1.039028748869896,repeat indices align samples but methods were timed sequentially; use independent-resample intervals
19,funnel,2,bucketed,last_depth,64,512,4,28,1.1443264111876488,1.0526340454816818,repeat indices align samples but methods were timed sequentially; use independent-resample intervals
19,funnel,2,bucketed,last_depth,64,512,4,29,1.0039786472916603,1.0451684966683388,repeat indices align samples but methods were timed sequentially; use independent-resample intervals
20,funnel,2,bucketed,last_depth,128,512,4,0,1.0814303830265999,0.910617783665657,repeat indices align samples but methods were timed sequentially; use independent-resample intervals
20,funnel,2,bucketed,last_depth,128,512,4,1,1.2011898681521416,0.93449916690588,repeat indices align samples but methods were timed sequentially; use independent-resample intervals
20,funnel,2,bucketed,last_depth,128,512,4,2,1.0224299132823944,0.9219052419066429,repeat indices align samples but methods were timed sequentially; use independent-resample intervals
20,funnel,2,bucketed,last_depth,128,512,4,3,0.9824441224336624,0.9339787140488625,repeat indices align samples but methods were timed sequentially; use independent-resample intervals
20,funnel,2,bucketed,last_depth,128,512,4,4,1.118156559765339,0.9187662377953529,repeat indices align samples but methods were timed sequentially; use independent-resample intervals
20,funnel,2,bucketed,last_depth,128,512,4,5,1.0609256029129028,0.9370112642645836,repeat indices align samples but methods were timed sequentially; use independent-resample intervals
20,funnel,2,bucketed,last_depth,128,512,4,6,1.1352834329009056,0.9243312478065491,repeat indices align samples but methods were timed sequentially; use independent-resample intervals
20,funnel,2,bucketed,last_depth,128,512,4,7,1.0408252701163292,0.9682415574789047,repeat indices align samples but methods were timed sequentially; use independent-resample intervals
20,funnel,2,bucketed,last_depth,128,512,4,8,1.1252787560224533,0.9614266157150269,repeat indices align samples but methods were timed sequentially; use independent-resample intervals
20,funnel,2,bucketed,last_depth,128,512,4,9,1.1845430880784988,0.9543874934315681,repeat indices align samples but methods were timed sequentially; use independent-resample intervals
20,funnel,2,bucketed,last_depth,128,512,4,10,1.116320863366127,0.9684296995401382,repeat indices align samples but methods were timed sequentially; use independent-resample intervals
20,funnel,2,bucketed,last_depth,128,512,4,11,1.1078524813055992,0.9408063739538193,repeat indices align samples but methods were timed sequentially; use independent-resample intervals
20,funnel,2,bucketed,last_depth,128,512,4,12,1.0383609309792519,0.9341641068458557,repeat indices align samples but methods were timed sequentially; use independent-resample intervals
20,funnel,2,bucketed,last_depth,128,512,4,13,1.0640205293893814,0.9687041491270065,repeat indices align samples but methods were timed sequentially; use independent-resample intervals
20,funnel,2,bucketed,last_depth,128,512,4,14,1.046103559434414,0.9679597467184067,repeat indices align samples but methods were timed sequentially; use independent-resample intervals
20,funnel,2,bucketed,last_depth,128,512,4,15,1.0610860288143158,1.0580952018499374,repeat indices align samples but methods were timed sequentially; use independent-resample intervals
20,funnel,2,bucketed,last_depth,128,512,4,16,1.1101029813289642,1.158201426267624,repeat indices align samples but methods were timed sequentially; use independent-resample intervals
20,funnel,2,bucketed,last_depth,128,512,4,17,1.0746269300580025,1.1618157103657722,repeat indices align samples but methods were timed sequentially; use independent-resample intervals
20,funnel,2,bucketed,last_depth,128,512,4,18,1.0802800506353378,0.9736465513706207,repeat indices align samples but methods were timed sequentially; use independent-resample intervals
20,funnel,2,bucketed,last_depth,128,512,4,19,1.0187026038765907,0.982975110411644,repeat indices align samples but methods were timed sequentially; use independent-resample intervals
20,funnel,2,bucketed,last_depth,128,512,4,20,1.114597737789154,1.002749614417553,repeat indices align samples but methods were timed sequentially; use independent-resample intervals
20,funnel,2,bucketed,last_depth,128,512,4,21,1.0788669288158417,0.9951256588101387,repeat indices align samples but methods were timed sequentially; use independent-resample intervals
20,funnel,2,bucketed,last_depth,128,512,4,22,1.0987792536616325,0.9526906907558441,repeat indices align samples but methods were timed sequentially; use independent-resample intervals
20,funnel,2,bucketed,last_depth,128,512,4,23,1.095771886408329,1.0119688659906387,repeat indices align samples but methods were timed sequentially; use independent-resample intervals
20,funnel,2,bucketed,last_depth,128,512,4,24,1.1636878922581673,0.991382397711277,repeat indices align samples but methods were timed sequentially; use independent-resample intervals
20,funnel,2,bucketed,last_depth,128,512,4,25,1.0320778861641884,0.9632222652435303,repeat indices align samples but methods were timed sequentially; use independent-resample intervals
20,funnel,2,bucketed,last_depth,128,512,4,26,1.1359665542840958,1.1536129638552666,repeat indices align samples but methods were timed sequentially; use independent-resample intervals
20,funnel,2,bucketed,last_depth,128,512,4,27,1.055373027920723,1.039028748869896,repeat indices align samples but methods were timed sequentially; use independent-resample intervals
20,funnel,2,bucketed,last_depth,128,512,4,28,1.1482484638690948,1.0526340454816818,repeat indices align samples but methods were timed sequentially; use independent-resample intervals
20,funnel,2,bucketed,last_depth,128,512,4,29,1.167780190706253,1.0451684966683388,repeat indices align samples but methods were timed sequentially; use independent-resample intervals
21,funnel,3,monolithic,monolithic,0,512,4,0,1.0702532306313515,1.0702532306313515,repeat indices align samples but methods were timed sequentially; use independent-resample intervals
21,funnel,3,monolithic,monolithic,0,512,4,1,1.0716615319252014,1.0716615319252014,repeat indices align samples but methods were timed sequentially; use independent-resample intervals
21,funnel,3,monolithic,monolithic,0,512,4,2,1.0725439190864563,1.0725439190864563,repeat indices align samples but methods were timed sequentially; use independent-resample intervals
21,funnel,3,monolithic,monolithic,0,512,4,3,1.1018449068069458,1.1018449068069458,repeat indices align samples but methods were timed sequentially; use independent-resample intervals
21,funnel,3,monolithic,monolithic,0,512,4,4,1.080696016550064,1.080696016550064,repeat indices align samples but methods were timed sequentially; use independent-resample intervals
21,funnel,3,monolithic,monolithic,0,512,4,5,1.188410922884941,1.188410922884941,repeat indices align samples but methods were timed sequentially; use independent-resample intervals
21,funnel,3,monolithic,monolithic,0,512,4,6,1.1432075649499893,1.1432075649499893,repeat indices align samples but methods were timed sequentially; use independent-resample intervals
21,funnel,3,monolithic,monolithic,0,512,4,7,1.203250341117382,1.203250341117382,repeat indices align samples but methods were timed sequentially; use independent-resample intervals
21,funnel,3,monolithic,monolithic,0,512,4,8,1.292798563838005,1.292798563838005,repeat indices align samples but methods were timed sequentially; use independent-resample intervals
21,funnel,3,monolithic,monolithic,0,512,4,9,1.079623818397522,1.079623818397522,repeat indices align samples but methods were timed sequentially; use independent-resample intervals
21,funnel,3,monolithic,monolithic,0,512,4,10,1.09624033421278,1.09624033421278,repeat indices align samples but methods were timed sequentially; use independent-resample intervals
21,funnel,3,monolithic,monolithic,0,512,4,11,1.0596092641353607,1.0596092641353607,repeat indices align samples but methods were timed sequentially; use independent-resample intervals
21,funnel,3,monolithic,monolithic,0,512,4,12,1.1896826028823853,1.1896826028823853,repeat indices align samples but methods were timed sequentially; use independent-resample intervals
21,funnel,3,monolithic,monolithic,0,512,4,13,1.1052021086215973,1.1052021086215973,repeat indices align samples but methods were timed sequentially; use independent-resample intervals
21,funnel,3,monolithic,monolithic,0,512,4,14,1.0753917396068573,1.0753917396068573,repeat indices align samples but methods were timed sequentially; use independent-resample intervals
21,funnel,3,monolithic,monolithic,0,512,4,15,1.0957044214010239,1.0957044214010239,repeat indices align samples but methods were timed sequentially; use independent-resample intervals
21,funnel,3,monolithic,monolithic,0,512,4,16,1.0744006857275963,1.0744006857275963,repeat indices align samples but methods were timed sequentially; use independent-resample intervals
21,funnel,3,monolithic,monolithic,0,512,4,17,1.138135351240635,1.138135351240635,repeat indices align samples but methods were timed sequentially; use independent-resample intervals
21,funnel,3,monolithic,monolithic,0,512,4,18,1.055983044207096,1.055983044207096,repeat indices align samples but methods were timed sequentially; use independent-resample intervals
21,funnel,3,monolithic,monolithic,0,512,4,19,1.1108568161725998,1.1108568161725998,repeat indices align samples but methods were timed sequentially; use independent-resample intervals
21,funnel,3,monolithic,monolithic,0,512,4,20,1.1008619666099548,1.1008619666099548,repeat indices align samples but methods were timed sequentially; use independent-resample intervals
21,funnel,3,monolithic,monolithic,0,512,4,21,1.2502223178744316,1.2502223178744316,repeat indices align samples but methods were timed sequentially; use independent-resample intervals
21,funnel,3,monolithic,monolithic,0,512,4,22,1.095267504453659,1.095267504453659,repeat indices align samples but methods were timed sequentially; use independent-resample intervals
21,funnel,3,monolithic,monolithic,0,512,4,23,1.1249503791332245,1.1249503791332245,repeat indices align samples but methods were timed sequentially; use independent-resample intervals
21,funnel,3,monolithic,monolithic,0,512,4,24,1.1087215840816498,1.1087215840816498,repeat indices align samples but methods were timed sequentially; use independent-resample intervals
21,funnel,3,monolithic,monolithic,0,512,4,25,1.1312973946332932,1.1312973946332932,repeat indices align samples but methods were timed sequentially; use independent-resample intervals
21,funnel,3,monolithic,monolithic,0,512,4,26,1.049284890294075,1.049284890294075,repeat indices align samples but methods were timed sequentially; use independent-resample intervals
21,funnel,3,monolithic,monolithic,0,512,4,27,1.048547014594078,1.048547014594078,repeat indices align samples but methods were timed sequentially; use independent-resample intervals
21,funnel,3,monolithic,monolithic,0,512,4,28,1.0755773037672043,1.0755773037672043,repeat indices align samples but methods were timed sequentially; use independent-resample intervals
21,funnel,3,monolithic,monolithic,0,512,4,29,1.115334428846836,1.115334428846836,repeat indices align samples but methods were timed sequentially; use independent-resample intervals
22,funnel,3,bucketed,none,64,512,4,0,1.5631908029317856,1.0702532306313515,repeat indices align samples but methods were timed sequentially; use independent-resample intervals
22,funnel,3,bucketed,none,64,512,4,1,1.5028056129813194,1.0716615319252014,repeat indices align samples but methods were timed sequentially; use independent-resample intervals
22,funnel,3,bucketed,none,64,512,4,2,1.5256899520754814,1.0725439190864563,repeat indices align samples but methods were timed sequentially; use independent-resample intervals
22,funnel,3,bucketed,none,64,512,4,3,1.5854088515043259,1.1018449068069458,repeat indices align samples but methods were timed sequentially; use independent-resample intervals
22,funnel,3,bucketed,none,64,512,4,4,1.579103745520115,1.080696016550064,repeat indices align samples but methods were timed sequentially; use independent-resample intervals
22,funnel,3,bucketed,none,64,512,4,5,1.5108331143856049,1.188410922884941,repeat indices align samples but methods were timed sequentially; use independent-resample intervals
22,funnel,3,bucketed,none,64,512,4,6,1.513639286160469,1.1432075649499893,repeat indices align samples but methods were timed sequentially; use independent-resample intervals
22,funnel,3,bucketed,none,64,512,4,7,1.4941261932253838,1.203250341117382,repeat indices align samples but methods were timed sequentially; use independent-resample intervals
22,funnel,3,bucketed,none,64,512,4,8,1.4995271861553192,1.292798563838005,repeat indices align samples but methods were timed sequentially; use independent-resample intervals
22,funnel,3,bucketed,none,64,512,4,9,1.5055658221244812,1.079623818397522,repeat indices align samples but methods were timed sequentially; use independent-resample intervals
22,funnel,3,bucketed,none,64,512,4,10,1.4408433884382248,1.09624033421278,repeat indices align samples but methods were timed sequentially; use independent-resample intervals
22,funnel,3,bucketed,none,64,512,4,11,1.5146216973662376,1.0596092641353607,repeat indices align samples but methods were timed sequentially; use independent-resample intervals
22,funnel,3,bucketed,none,64,512,4,12,1.4678229466080666,1.1896826028823853,repeat indices align samples but methods were timed sequentially; use independent-resample intervals
22,funnel,3,bucketed,none,64,512,4,13,1.4531828239560127,1.1052021086215973,repeat indices align samples but methods were timed sequentially; use independent-resample intervals
22,funnel,3,bucketed,none,64,512,4,14,1.5187566801905632,1.0753917396068573,repeat indices align samples but methods were timed sequentially; use independent-resample intervals
22,funnel,3,bucketed,none,64,512,4,15,1.4442743510007858,1.0957044214010239,repeat indices align samples but methods were timed sequentially; use independent-resample intervals
22,funnel,3,bucketed,none,64,512,4,16,1.6634432598948479,1.0744006857275963,repeat indices align samples but methods were timed sequentially; use independent-resample intervals
22,funnel,3,bucketed,none,64,512,4,17,1.357874371111393,1.138135351240635,repeat indices align samples but methods were timed sequentially; use independent-resample intervals
22,funnel,3,bucketed,none,64,512,4,18,1.3782912865281105,1.055983044207096,repeat indices align samples but methods were timed sequentially; use independent-resample intervals
22,funnel,3,bucketed,none,64,512,4,19,1.516705445945263,1.1108568161725998,repeat indices align samples but methods were timed sequentially; use independent-resample intervals
22,funnel,3,bucketed,none,64,512,4,20,1.5150929316878319,1.1008619666099548,repeat indices align samples but methods were timed sequentially; use independent-resample intervals
22,funnel,3,bucketed,none,64,512,4,21,1.7988861948251724,1.2502223178744316,repeat indices align samples but methods were timed sequentially; use independent-resample intervals
22,funnel,3,bucketed,none,64,512,4,22,2.135025143623352,1.095267504453659,repeat indices align samples but methods were timed sequentially; use independent-resample intervals
22,funnel,3,bucketed,none,64,512,4,23,1.85770745575428,1.1249503791332245,repeat indices align samples but methods were timed sequentially; use independent-resample intervals
22,funnel,3,bucketed,none,64,512,4,24,1.7342255637049675,1.1087215840816498,repeat indices align samples but methods were timed sequentially; use independent-resample intervals
22,funnel,3,bucketed,none,64,512,4,25,1.6754212528467178,1.1312973946332932,repeat indices align samples but methods were timed sequentially; use independent-resample intervals
22,funnel,3,bucketed,none,64,512,4,26,1.5111889764666557,1.049284890294075,repeat indices align samples but methods were timed sequentially; use independent-resample intervals
22,funnel,3,bucketed,none,64,512,4,27,1.6293765753507614,1.048547014594078,repeat indices align samples but methods were timed sequentially; use independent-resample intervals
22,funnel,3,bucketed,none,64,512,4,28,1.7040009424090385,1.0755773037672043,repeat indices align samples but methods were timed sequentially; use independent-resample intervals
22,funnel,3,bucketed,none,64,512,4,29,1.7552538961172104,1.115334428846836,repeat indices align samples but methods were timed sequentially; use independent-resample intervals
23,funnel,3,bucketed,none,128,512,4,0,1.7436292618513107,1.0702532306313515,repeat indices align samples but methods were timed sequentially; use independent-resample intervals
23,funnel,3,bucketed,none,128,512,4,1,1.799050748348236,1.0716615319252014,repeat indices align samples but methods were timed sequentially; use independent-resample intervals
23,funnel,3,bucketed,none,128,512,4,2,1.655859351158142,1.0725439190864563,repeat indices align samples but methods were timed sequentially; use independent-resample intervals
23,funnel,3,bucketed,none,128,512,4,3,1.604059286415577,1.1018449068069458,repeat indices align samples but methods were timed sequentially; use independent-resample intervals
23,funnel,3,bucketed,none,128,512,4,4,1.7819043546915054,1.080696016550064,repeat indices align samples but methods were timed sequentially; use independent-resample intervals
23,funnel,3,bucketed,none,128,512,4,5,1.6263402998447418,1.188410922884941,repeat indices align samples but methods were timed sequentially; use independent-resample intervals
23,funnel,3,bucketed,none,128,512,4,6,1.6454718187451363,1.1432075649499893,repeat indices align samples but methods were timed sequentially; use independent-resample intervals
23,funnel,3,bucketed,none,128,512,4,7,1.636675849556923,1.203250341117382,repeat indices align samples but methods were timed sequentially; use independent-resample intervals
23,funnel,3,bucketed,none,128,512,4,8,1.7520471960306168,1.292798563838005,repeat indices align samples but methods were timed sequentially; use independent-resample intervals
23,funnel,3,bucketed,none,128,512,4,9,1.739418812096119,1.079623818397522,repeat indices align samples but methods were timed sequentially; use independent-resample intervals
23,funnel,3,bucketed,none,128,512,4,10,1.4912483766674995,1.09624033421278,repeat indices align samples but methods were timed sequentially; use independent-resample intervals
23,funnel,3,bucketed,none,128,512,4,11,1.7187625989317894,1.0596092641353607,repeat indices align samples but methods were timed sequentially; use independent-resample intervals
23,funnel,3,bucketed,none,128,512,4,12,1.7531934157013893,1.1896826028823853,repeat indices align samples but methods were timed sequentially; use independent-resample intervals
23,funnel,3,bucketed,none,128,512,4,13,1.6033057197928429,1.1052021086215973,repeat indices align samples but methods were timed sequentially; use independent-resample intervals
23,funnel,3,bucketed,none,128,512,4,14,1.7461413219571114,1.0753917396068573,repeat indices align samples but methods were timed sequentially; use independent-resample intervals
23,funnel,3,bucketed,none,128,512,4,15,1.7485458478331566,1.0957044214010239,repeat indices align samples but methods were timed sequentially; use independent-resample intervals
23,funnel,3,bucketed,none,128,512,4,16,1.658146545290947,1.0744006857275963,repeat indices align samples but methods were timed sequentially; use independent-resample intervals
23,funnel,3,bucketed,none,128,512,4,17,1.7314367517828941,1.138135351240635,repeat indices align samples but methods were timed sequentially; use independent-resample intervals
23,funnel,3,bucketed,none,128,512,4,18,1.8139708340168,1.055983044207096,repeat indices align samples but methods were timed sequentially; use independent-resample intervals
23,funnel,3,bucketed,none,128,512,4,19,1.8100380450487137,1.1108568161725998,repeat indices align samples but methods were timed sequentially; use independent-resample intervals
23,funnel,3,bucketed,none,128,512,4,20,1.6351910009980202,1.1008619666099548,repeat indices align samples but methods were timed sequentially; use independent-resample intervals
23,funnel,3,bucketed,none,128,512,4,21,1.7474916502833366,1.2502223178744316,repeat indices align samples but methods were timed sequentially; use independent-resample intervals
23,funnel,3,bucketed,none,128,512,4,22,1.6609994545578957,1.095267504453659,repeat indices align samples but methods were timed sequentially; use independent-resample intervals
23,funnel,3,bucketed,none,128,512,4,23,1.6362491473555565,1.1249503791332245,repeat indices align samples but methods were timed sequentially; use independent-resample intervals
23,funnel,3,bucketed,none,128,512,4,24,1.7323556244373322,1.1087215840816498,repeat indices align samples but methods were timed sequentially; use independent-resample intervals
23,funnel,3,bucketed,none,128,512,4,25,1.692418523132801,1.1312973946332932,repeat indices align samples but methods were timed sequentially; use independent-resample intervals
23,funnel,3,bucketed,none,128,512,4,26,1.883981131017208,1.049284890294075,repeat indices align samples but methods were timed sequentially; use independent-resample intervals
23,funnel,3,bucketed,none,128,512,4,27,1.8271954953670502,1.048547014594078,repeat indices align samples but methods were timed sequentially; use independent-resample intervals
23,funnel,3,bucketed,none,128,512,4,28,1.6743310540914536,1.0755773037672043,repeat indices align samples but methods were timed sequentially; use independent-resample intervals
23,funnel,3,bucketed,none,128,512,4,29,1.7709251716732979,1.115334428846836,repeat indices align samples but methods were timed sequentially; use independent-resample intervals
24,funnel,3,bucketed,history,64,512,4,0,1.0258719474077225,1.0702532306313515,repeat indices align samples but methods were timed sequentially; use independent-resample intervals
24,funnel,3,bucketed,history,64,512,4,1,1.0150873363018036,1.0716615319252014,repeat indices align samples but methods were timed sequentially; use independent-resample intervals
24,funnel,3,bucketed,history,64,512,4,2,0.8932300209999084,1.0725439190864563,repeat indices align samples but methods were timed sequentially; use independent-resample intervals
24,funnel,3,bucketed,history,64,512,4,3,0.8871423974633217,1.1018449068069458,repeat indices align samples but methods were timed sequentially; use independent-resample intervals
24,funnel,3,bucketed,history,64,512,4,4,0.9521620944142342,1.080696016550064,repeat indices align samples but methods were timed sequentially; use independent-resample intervals
24,funnel,3,bucketed,history,64,512,4,5,1.054696686565876,1.188410922884941,repeat indices align samples but methods were timed sequentially; use independent-resample intervals
24,funnel,3,bucketed,history,64,512,4,6,1.1175768971443176,1.1432075649499893,repeat indices align samples but methods were timed sequentially; use independent-resample intervals
24,funnel,3,bucketed,history,64,512,4,7,0.8982922360301018,1.203250341117382,repeat indices align samples but methods were timed sequentially; use independent-resample intervals
24,funnel,3,bucketed,history,64,512,4,8,0.9076586291193962,1.292798563838005,repeat indices align samples but methods were timed sequentially; use independent-resample intervals
24,funnel,3,bucketed,history,64,512,4,9,0.9192470088601112,1.079623818397522,repeat indices align samples but methods were timed sequentially; use independent-resample intervals
24,funnel,3,bucketed,history,64,512,4,10,0.9492584317922592,1.09624033421278,repeat indices align samples but methods were timed sequentially; use independent-resample intervals
24,funnel,3,bucketed,history,64,512,4,11,0.9030471742153168,1.0596092641353607,repeat indices align samples but methods were timed sequentially; use independent-resample intervals
24,funnel,3,bucketed,history,64,512,4,12,0.9310136064887047,1.1896826028823853,repeat indices align samples but methods were timed sequentially; use independent-resample intervals
24,funnel,3,bucketed,history,64,512,4,13,1.0240996703505516,1.1052021086215973,repeat indices align samples but methods were timed sequentially; use independent-resample intervals
24,funnel,3,bucketed,history,64,512,4,14,0.9649565070867538,1.0753917396068573,repeat indices align samples but methods were timed sequentially; use independent-resample intervals
24,funnel,3,bucketed,history,64,512,4,15,0.9232107624411583,1.0957044214010239,repeat indices align samples but methods were timed sequentially; use independent-resample intervals
24,funnel,3,bucketed,history,64,512,4,16,1.0771341398358345,1.0744006857275963,repeat indices align samples but methods were timed sequentially; use independent-resample intervals
24,funnel,3,bucketed,history,64,512,4,17,0.9195125997066498,1.138135351240635,repeat indices align samples but methods were timed sequentially; use independent-resample intervals
24,funnel,3,bucketed,history,64,512,4,18,1.0092261284589767,1.055983044207096,repeat indices align samples but methods were timed sequentially; use independent-resample intervals
24,funnel,3,bucketed,history,64,512,4,19,0.9698448702692986,1.1108568161725998,repeat indices align samples but methods were timed sequentially; use independent-resample intervals
24,funnel,3,bucketed,history,64,512,4,20,0.949031300842762,1.1008619666099548,repeat indices align samples but methods were timed sequentially; use independent-resample intervals
24,funnel,3,bucketed,history,64,512,4,21,0.9537681043148041,1.2502223178744316,repeat indices align samples but methods were timed sequentially; use independent-resample intervals
24,funnel,3,bucketed,history,64,512,4,22,0.9318571910262108,1.095267504453659,repeat indices align samples but methods were timed sequentially; use independent-resample intervals
24,funnel,3,bucketed,history,64,512,4,23,0.8801849856972694,1.1249503791332245,repeat indices align samples but methods were timed sequentially; use independent-resample intervals
24,funnel,3,bucketed,history,64,512,4,24,0.9938236698508263,1.1087215840816498,repeat indices align samples but methods were timed sequentially; use independent-resample intervals
24,funnel,3,bucketed,history,64,512,4,25,0.9831387922167778,1.1312973946332932,repeat indices align samples but methods were timed sequentially; use independent-resample intervals
24,funnel,3,bucketed,history,64,512,4,26,1.0211226418614388,1.049284890294075,repeat indices align samples but methods were timed sequentially; use independent-resample intervals
24,funnel,3,bucketed,history,64,512,4,27,1.0677585080265999,1.048547014594078,repeat indices align samples but methods were timed sequentially; use independent-resample intervals
24,funnel,3,bucketed,history,64,512,4,28,1.0418584048748016,1.0755773037672043,repeat indices align samples but methods were timed sequentially; use independent-resample intervals
24,funnel,3,bucketed,history,64,512,4,29,0.982105553150177,1.115334428846836,repeat indices align samples but methods were timed sequentially; use independent-resample intervals
25,funnel,3,bucketed,history,128,512,4,0,1.123340643942356,1.0702532306313515,repeat indices align samples but methods were timed sequentially; use independent-resample intervals
25,funnel,3,bucketed,history,128,512,4,1,1.0734310150146484,1.0716615319252014,repeat indices align samples but methods were timed sequentially; use independent-resample intervals
25,funnel,3,bucketed,history,128,512,4,2,1.1503469794988632,1.0725439190864563,repeat indices align samples but methods were timed sequentially; use independent-resample intervals
25,funnel,3,bucketed,history,128,512,4,3,1.1478755921125412,1.1018449068069458,repeat indices align samples but methods were timed sequentially; use independent-resample intervals
25,funnel,3,bucketed,history,128,512,4,4,1.0471436008810997,1.080696016550064,repeat indices align samples but methods were timed sequentially; use independent-resample intervals
25,funnel,3,bucketed,history,128,512,4,5,1.0954184234142303,1.188410922884941,repeat indices align samples but methods were timed sequentially; use independent-resample intervals
25,funnel,3,bucketed,history,128,512,4,6,1.0882274061441422,1.1432075649499893,repeat indices align samples but methods were timed sequentially; use independent-resample intervals
25,funnel,3,bucketed,history,128,512,4,7,1.1503162533044815,1.203250341117382,repeat indices align samples but methods were timed sequentially; use independent-resample intervals
25,funnel,3,bucketed,history,128,512,4,8,1.0808035582304,1.292798563838005,repeat indices align samples but methods were timed sequentially; use independent-resample intervals
25,funnel,3,bucketed,history,128,512,4,9,1.1370768919587135,1.079623818397522,repeat indices align samples but methods were timed sequentially; use independent-resample intervals
25,funnel,3,bucketed,history,128,512,4,10,1.1823090016841888,1.09624033421278,repeat indices align samples but methods were timed sequentially; use independent-resample intervals
25,funnel,3,bucketed,history,128,512,4,11,1.216466747224331,1.0596092641353607,repeat indices align samples but methods were timed sequentially; use independent-resample intervals
25,funnel,3,bucketed,history,128,512,4,12,1.1791369020938873,1.1896826028823853,repeat indices align samples but methods were timed sequentially; use independent-resample intervals
25,funnel,3,bucketed,history,128,512,4,13,1.1733931824564934,1.1052021086215973,repeat indices align samples but methods were timed sequentially; use independent-resample intervals
25,funnel,3,bucketed,history,128,512,4,14,1.1942385882139206,1.0753917396068573,repeat indices align samples but methods were timed sequentially; use independent-resample intervals
25,funnel,3,bucketed,history,128,512,4,15,1.1927111521363258,1.0957044214010239,repeat indices align samples but methods were timed sequentially; use independent-resample intervals
25,funnel,3,bucketed,history,128,512,4,16,1.1316334307193756,1.0744006857275963,repeat indices align samples but methods were timed sequentially; use independent-resample intervals
25,funnel,3,bucketed,history,128,512,4,17,1.139650359749794,1.138135351240635,repeat indices align samples but methods were timed sequentially; use independent-resample intervals
25,funnel,3,bucketed,history,128,512,4,18,1.2903199195861816,1.055983044207096,repeat indices align samples but methods were timed sequentially; use independent-resample intervals
25,funnel,3,bucketed,history,128,512,4,19,1.4052852615714073,1.1108568161725998,repeat indices align samples but methods were timed sequentially; use independent-resample intervals
25,funnel,3,bucketed,history,128,512,4,20,1.0816131234169006,1.1008619666099548,repeat indices align samples but methods were timed sequentially; use independent-resample intervals
25,funnel,3,bucketed,history,128,512,4,21,1.1485823839902878,1.2502223178744316,repeat indices align samples but methods were timed sequentially; use independent-resample intervals
25,funnel,3,bucketed,history,128,512,4,22,1.1837390586733818,1.095267504453659,repeat indices align samples but methods were timed sequentially; use independent-resample intervals
25,funnel,3,bucketed,history,128,512,4,23,1.0546047240495682,1.1249503791332245,repeat indices align samples but methods were timed sequentially; use independent-resample intervals
25,funnel,3,bucketed,history,128,512,4,24,1.0421587154269218,1.1087215840816498,repeat indices align samples but methods were timed sequentially; use independent-resample intervals
25,funnel,3,bucketed,history,128,512,4,25,1.1996898129582405,1.1312973946332932,repeat indices align samples but methods were timed sequentially; use independent-resample intervals
25,funnel,3,bucketed,history,128,512,4,26,1.1916098445653915,1.049284890294075,repeat indices align samples but methods were timed sequentially; use independent-resample intervals
25,funnel,3,bucketed,history,128,512,4,27,1.1889105811715126,1.048547014594078,repeat indices align samples but methods were timed sequentially; use independent-resample intervals
25,funnel,3,bucketed,history,128,512,4,28,1.1292003691196442,1.0755773037672043,repeat indices align samples but methods were timed sequentially; use independent-resample intervals
25,funnel,3,bucketed,history,128,512,4,29,1.150598905980587,1.115334428846836,repeat indices align samples but methods were timed sequentially; use independent-resample intervals
26,funnel,3,bucketed,last_depth,64,512,4,0,1.2374964281916618,1.0702532306313515,repeat indices align samples but methods were timed sequentially; use independent-resample intervals
26,funnel,3,bucketed,last_depth,64,512,4,1,1.2260454520583153,1.0716615319252014,repeat indices align samples but methods were timed sequentially; use independent-resample intervals
26,funnel,3,bucketed,last_depth,64,512,4,2,1.0872870460152626,1.0725439190864563,repeat indices align samples but methods were timed sequentially; use independent-resample intervals
26,funnel,3,bucketed,last_depth,64,512,4,3,1.0880019590258598,1.1018449068069458,repeat indices align samples but methods were timed sequentially; use independent-resample intervals
26,funnel,3,bucketed,last_depth,64,512,4,4,1.1795228123664856,1.080696016550064,repeat indices align samples but methods were timed sequentially; use independent-resample intervals
26,funnel,3,bucketed,last_depth,64,512,4,5,1.031009428203106,1.188410922884941,repeat indices align samples but methods were timed sequentially; use independent-resample intervals
26,funnel,3,bucketed,last_depth,64,512,4,6,1.0151627883315086,1.1432075649499893,repeat indices align samples but methods were timed sequentially; use independent-resample intervals
26,funnel,3,bucketed,last_depth,64,512,4,7,1.1299557238817215,1.203250341117382,repeat indices align samples but methods were timed sequentially; use independent-resample intervals
26,funnel,3,bucketed,last_depth,64,512,4,8,1.2677580416202545,1.292798563838005,repeat indices align samples but methods were timed sequentially; use independent-resample intervals
26,funnel,3,bucketed,last_depth,64,512,4,9,1.0821926891803741,1.079623818397522,repeat indices align samples but methods were timed sequentially; use independent-resample intervals
26,funnel,3,bucketed,last_depth,64,512,4,10,0.9482655450701714,1.09624033421278,repeat indices align samples but methods were timed sequentially; use independent-resample intervals
26,funnel,3,bucketed,last_depth,64,512,4,11,1.0467750877141953,1.0596092641353607,repeat indices align samples but methods were timed sequentially; use independent-resample intervals
26,funnel,3,bucketed,last_depth,64,512,4,12,1.1738401055335999,1.1896826028823853,repeat indices align samples but methods were timed sequentially; use independent-resample intervals
26,funnel,3,bucketed,last_depth,64,512,4,13,1.029881589114666,1.1052021086215973,repeat indices align samples but methods were timed sequentially; use independent-resample intervals
26,funnel,3,bucketed,last_depth,64,512,4,14,1.0220969542860985,1.0753917396068573,repeat indices align samples but methods were timed sequentially; use independent-resample intervals
26,funnel,3,bucketed,last_depth,64,512,4,15,1.2254853323101997,1.0957044214010239,repeat indices align samples but methods were timed sequentially; use independent-resample intervals
26,funnel,3,bucketed,last_depth,64,512,4,16,1.065930001437664,1.0744006857275963,repeat indices align samples but methods were timed sequentially; use independent-resample intervals
26,funnel,3,bucketed,last_depth,64,512,4,17,1.0912401303648949,1.138135351240635,repeat indices align samples but methods were timed sequentially; use independent-resample intervals
26,funnel,3,bucketed,last_depth,64,512,4,18,1.0022228732705116,1.055983044207096,repeat indices align samples but methods were timed sequentially; use independent-resample intervals
26,funnel,3,bucketed,last_depth,64,512,4,19,0.9704243987798691,1.1108568161725998,repeat indices align samples but methods were timed sequentially; use independent-resample intervals
26,funnel,3,bucketed,last_depth,64,512,4,20,1.104782298207283,1.1008619666099548,repeat indices align samples but methods were timed sequentially; use independent-resample intervals
26,funnel,3,bucketed,last_depth,64,512,4,21,1.0714275017380714,1.2502223178744316,repeat indices align samples but methods were timed sequentially; use independent-resample intervals
26,funnel,3,bucketed,last_depth,64,512,4,22,1.190599761903286,1.095267504453659,repeat indices align samples but methods were timed sequentially; use independent-resample intervals
26,funnel,3,bucketed,last_depth,64,512,4,23,1.220987729728222,1.1249503791332245,repeat indices align samples but methods were timed sequentially; use independent-resample intervals
26,funnel,3,bucketed,last_depth,64,512,4,24,1.213279366493225,1.1087215840816498,repeat indices align samples but methods were timed sequentially; use independent-resample intervals
26,funnel,3,bucketed,last_depth,64,512,4,25,1.1085043922066689,1.1312973946332932,repeat indices align samples but methods were timed sequentially; use independent-resample intervals
26,funnel,3,bucketed,last_depth,64,512,4,26,1.2496739476919174,1.049284890294075,repeat indices align samples but methods were timed sequentially; use independent-resample intervals
26,funnel,3,bucketed,last_depth,64,512,4,27,1.1151136234402657,1.048547014594078,repeat indices align samples but methods were timed sequentially; use independent-resample intervals
26,funnel,3,bucketed,last_depth,64,512,4,28,1.0888819694519043,1.0755773037672043,repeat indices align samples but methods were timed sequentially; use independent-resample intervals
26,funnel,3,bucketed,last_depth,64,512,4,29,1.0592296496033669,1.115334428846836,repeat indices align samples but methods were timed sequentially; use independent-resample intervals
27,funnel,3,bucketed,last_depth,128,512,4,0,1.1779865473508835,1.0702532306313515,repeat indices align samples but methods were timed sequentially; use independent-resample intervals
27,funnel,3,bucketed,last_depth,128,512,4,1,1.1850947067141533,1.0716615319252014,repeat indices align samples but methods were timed sequentially; use independent-resample intervals
27,funnel,3,bucketed,last_depth,128,512,4,2,1.2035674005746841,1.0725439190864563,repeat indices align samples but methods were timed sequentially; use independent-resample intervals
27,funnel,3,bucketed,last_depth,128,512,4,3,1.222945585846901,1.1018449068069458,repeat indices align samples but methods were timed sequentially; use independent-resample intervals
27,funnel,3,bucketed,last_depth,128,512,4,4,1.3084467947483063,1.080696016550064,repeat indices align samples but methods were timed sequentially; use independent-resample intervals
27,funnel,3,bucketed,last_depth,128,512,4,5,1.2930457592010498,1.188410922884941,repeat indices align samples but methods were timed sequentially; use independent-resample intervals
27,funnel,3,bucketed,last_depth,128,512,4,6,1.2504707276821136,1.1432075649499893,repeat indices align samples but methods were timed sequentially; use independent-resample intervals
27,funnel,3,bucketed,last_depth,128,512,4,7,1.2894949615001678,1.203250341117382,repeat indices align samples but methods were timed sequentially; use independent-resample intervals
27,funnel,3,bucketed,last_depth,128,512,4,8,1.4102372452616692,1.292798563838005,repeat indices align samples but methods were timed sequentially; use independent-resample intervals
27,funnel,3,bucketed,last_depth,128,512,4,9,1.4805241525173187,1.079623818397522,repeat indices align samples but methods were timed sequentially; use independent-resample intervals
27,funnel,3,bucketed,last_depth,128,512,4,10,1.1477713882923126,1.09624033421278,repeat indices align samples but methods were timed sequentially; use independent-resample intervals
27,funnel,3,bucketed,last_depth,128,512,4,11,1.1290888488292694,1.0596092641353607,repeat indices align samples but methods were timed sequentially; use independent-resample intervals
27,funnel,3,bucketed,last_depth,128,512,4,12,1.1884815245866776,1.1896826028823853,repeat indices align samples but methods were timed sequentially; use independent-resample intervals
27,funnel,3,bucketed,last_depth,128,512,4,13,1.276855744421482,1.1052021086215973,repeat indices align samples but methods were timed sequentially; use independent-resample intervals
27,funnel,3,bucketed,last_depth,128,512,4,14,1.2628443762660027,1.0753917396068573,repeat indices align samples but methods were timed sequentially; use independent-resample intervals
27,funnel,3,bucketed,last_depth,128,512,4,15,1.1646002009510994,1.0957044214010239,repeat indices align samples but methods were timed sequentially; use independent-resample intervals
27,funnel,3,bucketed,last_depth,128,512,4,16,1.1750224903225899,1.0744006857275963,repeat indices align samples but methods were timed sequentially; use independent-resample intervals
27,funnel,3,bucketed,last_depth,128,512,4,17,1.1986836716532707,1.138135351240635,repeat indices align samples but methods were timed sequentially; use independent-resample intervals
27,funnel,3,bucketed,last_depth,128,512,4,18,1.1567485556006432,1.055983044207096,repeat indices align samples but methods were timed sequentially; use independent-resample intervals
27,funnel,3,bucketed,last_depth,128,512,4,19,1.22773939371109,1.1108568161725998,repeat indices align samples but methods were timed sequentially; use independent-resample intervals
27,funnel,3,bucketed,last_depth,128,512,4,20,1.291022427380085,1.1008619666099548,repeat indices align samples but methods were timed sequentially; use independent-resample intervals
27,funnel,3,bucketed,last_depth,128,512,4,21,1.194975271821022,1.2502223178744316,repeat indices align samples but methods were timed sequentially; use independent-resample intervals
27,funnel,3,bucketed,last_depth,128,512,4,22,1.2269460409879684,1.095267504453659,repeat indices align samples but methods were timed sequentially; use independent-resample intervals
27,funnel,3,bucketed,last_depth,128,512,4,23,1.1738859340548515,1.1249503791332245,repeat indices align samples but methods were timed sequentially; use independent-resample intervals
27,funnel,3,bucketed,last_depth,128,512,4,24,1.2987595945596695,1.1087215840816498,repeat indices align samples but methods were timed sequentially; use independent-resample intervals
27,funnel,3,bucketed,last_depth,128,512,4,25,1.2633609548211098,1.1312973946332932,repeat indices align samples but methods were timed sequentially; use independent-resample intervals
27,funnel,3,bucketed,last_depth,128,512,4,26,1.1389921233057976,1.049284890294075,repeat indices align samples but methods were timed sequentially; use independent-resample intervals
27,funnel,3,bucketed,last_depth,128,512,4,27,1.3103499934077263,1.048547014594078,repeat indices align samples but methods were timed sequentially; use independent-resample intervals
27,funnel,3,bucketed,last_depth,128,512,4,28,1.1918558701872826,1.0755773037672043,repeat indices align samples but methods were timed sequentially; use independent-resample intervals
27,funnel,3,bucketed,last_depth,128,512,4,29,1.2171140387654305,1.115334428846836,repeat indices align samples but methods were timed sequentially; use independent-resample intervals
28,funnel,4,monolithic,monolithic,0,512,4,0,1.0917531847953796,1.0917531847953796,repeat indices align samples but methods were timed sequentially; use independent-resample intervals
28,funnel,4,monolithic,monolithic,0,512,4,1,1.076342687010765,1.076342687010765,repeat indices align samples but methods were timed sequentially; use independent-resample intervals
28,funnel,4,monolithic,monolithic,0,512,4,2,1.1074188873171806,1.1074188873171806,repeat indices align samples but methods were timed sequentially; use independent-resample intervals
28,funnel,4,monolithic,monolithic,0,512,4,3,1.0534650534391403,1.0534650534391403,repeat indices align samples but methods were timed sequentially; use independent-resample intervals
28,funnel,4,monolithic,monolithic,0,512,4,4,1.0610284358263016,1.0610284358263016,repeat indices align samples but methods were timed sequentially; use independent-resample intervals
28,funnel,4,monolithic,monolithic,0,512,4,5,1.0569309145212173,1.0569309145212173,repeat indices align samples but methods were timed sequentially; use independent-resample intervals
28,funnel,4,monolithic,monolithic,0,512,4,6,1.1331392750144005,1.1331392750144005,repeat indices align samples but methods were timed sequentially; use independent-resample intervals
28,funnel,4,monolithic,monolithic,0,512,4,7,1.121713548898697,1.121713548898697,repeat indices align samples but methods were timed sequentially; use independent-resample intervals
28,funnel,4,monolithic,monolithic,0,512,4,8,1.1587275266647339,1.1587275266647339,repeat indices align samples but methods were timed sequentially; use independent-resample intervals
28,funnel,4,monolithic,monolithic,0,512,4,9,1.0903160497546196,1.0903160497546196,repeat indices align samples but methods were timed sequentially; use independent-resample intervals
28,funnel,4,monolithic,monolithic,0,512,4,10,1.0658840164542198,1.0658840164542198,repeat indices align samples but methods were timed sequentially; use independent-resample intervals
28,funnel,4,monolithic,monolithic,0,512,4,11,1.0729744657874107,1.0729744657874107,repeat indices align samples but methods were timed sequentially; use independent-resample intervals
28,funnel,4,monolithic,monolithic,0,512,4,12,1.1100464314222336,1.1100464314222336,repeat indices align samples but methods were timed sequentially; use independent-resample intervals
28,funnel,4,monolithic,monolithic,0,512,4,13,1.04494958370924,1.04494958370924,repeat indices align samples but methods were timed sequentially; use independent-resample intervals
28,funnel,4,monolithic,monolithic,0,512,4,14,1.0694613978266716,1.0694613978266716,repeat indices align samples but methods were timed sequentially; use independent-resample intervals
28,funnel,4,monolithic,monolithic,0,512,4,15,1.0445652455091476,1.0445652455091476,repeat indices align samples but methods were timed sequentially; use independent-resample intervals
28,funnel,4,monolithic,monolithic,0,512,4,16,1.0437123700976372,1.0437123700976372,repeat indices align samples but methods were timed sequentially; use independent-resample intervals
28,funnel,4,monolithic,monolithic,0,512,4,17,1.0471147149801254,1.0471147149801254,repeat indices align samples but methods were timed sequentially; use independent-resample intervals
28,funnel,4,monolithic,monolithic,0,512,4,18,1.0540232434868813,1.0540232434868813,repeat indices align samples but methods were timed sequentially; use independent-resample intervals
28,funnel,4,monolithic,monolithic,0,512,4,19,1.0191860720515251,1.0191860720515251,repeat indices align samples but methods were timed sequentially; use independent-resample intervals
28,funnel,4,monolithic,monolithic,0,512,4,20,1.041976347565651,1.041976347565651,repeat indices align samples but methods were timed sequentially; use independent-resample intervals
28,funnel,4,monolithic,monolithic,0,512,4,21,1.0717631205916405,1.0717631205916405,repeat indices align samples but methods were timed sequentially; use independent-resample intervals
28,funnel,4,monolithic,monolithic,0,512,4,22,1.1703674346208572,1.1703674346208572,repeat indices align samples but methods were timed sequentially; use independent-resample intervals
28,funnel,4,monolithic,monolithic,0,512,4,23,1.1052388027310371,1.1052388027310371,repeat indices align samples but methods were timed sequentially; use independent-resample intervals
28,funnel,4,monolithic,monolithic,0,512,4,24,1.042057827115059,1.042057827115059,repeat indices align samples but methods were timed sequentially; use independent-resample intervals
28,funnel,4,monolithic,monolithic,0,512,4,25,1.1050716787576675,1.1050716787576675,repeat indices align samples but methods were timed sequentially; use independent-resample intervals
28,funnel,4,monolithic,monolithic,0,512,4,26,1.0811628326773643,1.0811628326773643,repeat indices align samples but methods were timed sequentially; use independent-resample intervals
28,funnel,4,monolithic,monolithic,0,512,4,27,1.036220870912075,1.036220870912075,repeat indices align samples but methods were timed sequentially; use independent-resample intervals
28,funnel,4,monolithic,monolithic,0,512,4,28,1.0613982528448105,1.0613982528448105,repeat indices align samples but methods were timed sequentially; use independent-resample intervals
28,funnel,4,monolithic,monolithic,0,512,4,29,1.0648489594459534,1.0648489594459534,repeat indices align samples but methods were timed sequentially; use independent-resample intervals
29,funnel,4,bucketed,none,64,512,4,0,1.678142711520195,1.0917531847953796,repeat indices align samples but methods were timed sequentially; use independent-resample intervals
29,funnel,4,bucketed,none,64,512,4,1,1.4533220753073692,1.076342687010765,repeat indices align samples but methods were timed sequentially; use independent-resample intervals
29,funnel,4,bucketed,none,64,512,4,2,1.5217403173446655,1.1074188873171806,repeat indices align samples but methods were timed sequentially; use independent-resample intervals
29,funnel,4,bucketed,none,64,512,4,3,1.4723295271396637,1.0534650534391403,repeat indices align samples but methods were timed sequentially; use independent-resample intervals
29,funnel,4,bucketed,none,64,512,4,4,1.533040538430214,1.0610284358263016,repeat indices align samples but methods were timed sequentially; use independent-resample intervals
29,funnel,4,bucketed,none,64,512,4,5,1.6325203478336334,1.0569309145212173,repeat indices align samples but methods were timed sequentially; use independent-resample intervals
29,funnel,4,bucketed,none,64,512,4,6,1.59241583943367,1.1331392750144005,repeat indices align samples but methods were timed sequentially; use independent-resample intervals
29,funnel,4,bucketed,none,64,512,4,7,1.6195381954312325,1.121713548898697,repeat indices align samples but methods were timed sequentially; use independent-resample intervals
29,funnel,4,bucketed,none,64,512,4,8,1.6328309029340744,1.1587275266647339,repeat indices align samples but methods were timed sequentially; use independent-resample intervals
29,funnel,4,bucketed,none,64,512,4,9,1.6009220704436302,1.0903160497546196,repeat indices align samples but methods were timed sequentially; use independent-resample intervals
29,funnel,4,bucketed,none,64,512,4,10,1.566693477332592,1.0658840164542198,repeat indices align samples but methods were timed sequentially; use independent-resample intervals
29,funnel,4,bucketed,none,64,512,4,11,1.632477730512619,1.0729744657874107,repeat indices align samples but methods were timed sequentially; use independent-resample intervals
29,funnel,4,bucketed,none,64,512,4,12,1.5686723366379738,1.1100464314222336,repeat indices align samples but methods were timed sequentially; use independent-resample intervals
29,funnel,4,bucketed,none,64,512,4,13,1.3925007581710815,1.04494958370924,repeat indices align samples but methods were timed sequentially; use independent-resample intervals
29,funnel,4,bucketed,none,64,512,4,14,1.3934331983327866,1.0694613978266716,repeat indices align samples but methods were timed sequentially; use independent-resample intervals
29,funnel,4,bucketed,none,64,512,4,15,1.7092729210853577,1.0445652455091476,repeat indices align samples but methods were timed sequentially; use independent-resample intervals
29,funnel,4,bucketed,none,64,512,4,16,1.4616702124476433,1.0437123700976372,repeat indices align samples but methods were timed sequentially; use independent-resample intervals
29,funnel,4,bucketed,none,64,512,4,17,1.513960987329483,1.0471147149801254,repeat indices align samples but methods were timed sequentially; use independent-resample intervals
29,funnel,4,bucketed,none,64,512,4,18,1.555338703095913,1.0540232434868813,repeat indices align samples but methods were timed sequentially; use independent-resample intervals
29,funnel,4,bucketed,none,64,512,4,19,1.4461556747555733,1.0191860720515251,repeat indices align samples but methods were timed sequentially; use independent-resample intervals
29,funnel,4,bucketed,none,64,512,4,20,1.535960502922535,1.041976347565651,repeat indices align samples but methods were timed sequentially; use independent-resample intervals
29,funnel,4,bucketed,none,64,512,4,21,1.4894435182213783,1.0717631205916405,repeat indices align samples but methods were timed sequentially; use independent-resample intervals
29,funnel,4,bucketed,none,64,512,4,22,1.4247082397341728,1.1703674346208572,repeat indices align samples but methods were timed sequentially; use independent-resample intervals
29,funnel,4,bucketed,none,64,512,4,23,1.4011864215135574,1.1052388027310371,repeat indices align samples but methods were timed sequentially; use independent-resample intervals
29,funnel,4,bucketed,none,64,512,4,24,1.5518591031432152,1.042057827115059,repeat indices align samples but methods were timed sequentially; use independent-resample intervals
29,funnel,4,bucketed,none,64,512,4,25,1.7452822998166084,1.1050716787576675,repeat indices align samples but methods were timed sequentially; use independent-resample intervals
29,funnel,4,bucketed,none,64,512,4,26,1.5600093603134155,1.0811628326773643,repeat indices align samples but methods were timed sequentially; use independent-resample intervals
29,funnel,4,bucketed,none,64,512,4,27,1.6862380132079124,1.036220870912075,repeat indices align samples but methods were timed sequentially; use independent-resample intervals
29,funnel,4,bucketed,none,64,512,4,28,1.6132062822580338,1.0613982528448105,repeat indices align samples but methods were timed sequentially; use independent-resample intervals
29,funnel,4,bucketed,none,64,512,4,29,1.6499968841671944,1.0648489594459534,repeat indices align samples but methods were timed sequentially; use independent-resample intervals
30,funnel,4,bucketed,none,128,512,4,0,1.824503943324089,1.0917531847953796,repeat indices align samples but methods were timed sequentially; use independent-resample intervals
30,funnel,4,bucketed,none,128,512,4,1,1.847114935517311,1.076342687010765,repeat indices align samples but methods were timed sequentially; use independent-resample intervals
30,funnel,4,bucketed,none,128,512,4,2,1.7654407620429993,1.1074188873171806,repeat indices align samples but methods were timed sequentially; use independent-resample intervals
30,funnel,4,bucketed,none,128,512,4,3,1.7678172141313553,1.0534650534391403,repeat indices align samples but methods were timed sequentially; use independent-resample intervals
30,funnel,4,bucketed,none,128,512,4,4,1.7762418016791344,1.0610284358263016,repeat indices align samples but methods were timed sequentially; use independent-resample intervals
30,funnel,4,bucketed,none,128,512,4,5,1.740902878344059,1.0569309145212173,repeat indices align samples but methods were timed sequentially; use independent-resample intervals
30,funnel,4,bucketed,none,128,512,4,6,1.8000848591327667,1.1331392750144005,repeat indices align samples but methods were timed sequentially; use independent-resample intervals
30,funnel,4,bucketed,none,128,512,4,7,1.6210086941719055,1.121713548898697,repeat indices align samples but methods were timed sequentially; use independent-resample intervals
30,funnel,4,bucketed,none,128,512,4,8,1.744455985724926,1.1587275266647339,repeat indices align samples but methods were timed sequentially; use independent-resample intervals
30,funnel,4,bucketed,none,128,512,4,9,1.7992375567555428,1.0903160497546196,repeat indices align samples but methods were timed sequentially; use independent-resample intervals
30,funnel,4,bucketed,none,128,512,4,10,1.6650980859994888,1.0658840164542198,repeat indices align samples but methods were timed sequentially; use independent-resample intervals
30,funnel,4,bucketed,none,128,512,4,11,1.8181077539920807,1.0729744657874107,repeat indices align samples but methods were timed sequentially; use independent-resample intervals
30,funnel,4,bucketed,none,128,512,4,12,1.8139841705560684,1.1100464314222336,repeat indices align samples but methods were timed sequentially; use independent-resample intervals
30,funnel,4,bucketed,none,128,512,4,13,1.9153179451823235,1.04494958370924,repeat indices align samples but methods were timed sequentially; use independent-resample intervals
30,funnel,4,bucketed,none,128,512,4,14,2.0067744851112366,1.0694613978266716,repeat indices align samples but methods were timed sequentially; use independent-resample intervals
30,funnel,4,bucketed,none,128,512,4,15,1.7425481230020523,1.0445652455091476,repeat indices align samples but methods were timed sequentially; use independent-resample intervals
30,funnel,4,bucketed,none,128,512,4,16,1.7358074262738228,1.0437123700976372,repeat indices align samples but methods were timed sequentially; use independent-resample intervals
30,funnel,4,bucketed,none,128,512,4,17,1.8223504722118378,1.0471147149801254,repeat indices align samples but methods were timed sequentially; use independent-resample intervals
30,funnel,4,bucketed,none,128,512,4,18,1.7199613079428673,1.0540232434868813,repeat indices align samples but methods were timed sequentially; use independent-resample intervals
30,funnel,4,bucketed,none,128,512,4,19,1.65227772295475,1.0191860720515251,repeat indices align samples but methods were timed sequentially; use independent-resample intervals
30,funnel,4,bucketed,none,128,512,4,20,1.8004122152924538,1.041976347565651,repeat indices align samples but methods were timed sequentially; use independent-resample intervals
30,funnel,4,bucketed,none,128,512,4,21,1.8000769540667534,1.0717631205916405,repeat indices align samples but methods were timed sequentially; use independent-resample intervals
30,funnel,4,bucketed,none,128,512,4,22,1.6816964894533157,1.1703674346208572,repeat indices align samples but methods were timed sequentially; use independent-resample intervals
30,funnel,4,bucketed,none,128,512,4,23,1.636558972299099,1.1052388027310371,repeat indices align samples but methods were timed sequentially; use independent-resample intervals
30,funnel,4,bucketed,none,128,512,4,24,1.7920915856957436,1.042057827115059,repeat indices align samples but methods were timed sequentially; use independent-resample intervals
30,funnel,4,bucketed,none,128,512,4,25,1.5785170495510101,1.1050716787576675,repeat indices align samples but methods were timed sequentially; use independent-resample intervals
30,funnel,4,bucketed,none,128,512,4,26,1.8322026133537292,1.0811628326773643,repeat indices align samples but methods were timed sequentially; use independent-resample intervals
30,funnel,4,bucketed,none,128,512,4,27,1.7989286482334137,1.036220870912075,repeat indices align samples but methods were timed sequentially; use independent-resample intervals
30,funnel,4,bucketed,none,128,512,4,28,1.8131627440452576,1.0613982528448105,repeat indices align samples but methods were timed sequentially; use independent-resample intervals
30,funnel,4,bucketed,none,128,512,4,29,1.7820493206381798,1.0648489594459534,repeat indices align samples but methods were timed sequentially; use independent-resample intervals
31,funnel,4,bucketed,history,64,512,4,0,1.0308431386947632,1.0917531847953796,repeat indices align samples but methods were timed sequentially; use independent-resample intervals
31,funnel,4,bucketed,history,64,512,4,1,1.017256610095501,1.076342687010765,repeat indices align samples but methods were timed sequentially; use independent-resample intervals
31,funnel,4,bucketed,history,64,512,4,2,0.8683101981878281,1.1074188873171806,repeat indices align samples but methods were timed sequentially; use independent-resample intervals
31,funnel,4,bucketed,history,64,512,4,3,0.9528438523411751,1.0534650534391403,repeat indices align samples but methods were timed sequentially; use independent-resample intervals
31,funnel,4,bucketed,history,64,512,4,4,0.8891046717762947,1.0610284358263016,repeat indices align samples but methods were timed sequentially; use independent-resample intervals
31,funnel,4,bucketed,history,64,512,4,5,0.8621432781219482,1.0569309145212173,repeat indices align samples but methods were timed sequentially; use independent-resample intervals
31,funnel,4,bucketed,history,64,512,4,6,0.9475926756858826,1.1331392750144005,repeat indices align samples but methods were timed sequentially; use independent-resample intervals
31,funnel,4,bucketed,history,64,512,4,7,1.0054600834846497,1.121713548898697,repeat indices align samples but methods were timed sequentially; use independent-resample intervals
31,funnel,4,bucketed,history,64,512,4,8,0.9241687655448914,1.1587275266647339,repeat indices align samples but methods were timed sequentially; use independent-resample intervals
31,funnel,4,bucketed,history,64,512,4,9,0.8834727853536606,1.0903160497546196,repeat indices align samples but methods were timed sequentially; use independent-resample intervals
31,funnel,4,bucketed,history,64,512,4,10,1.0205724760890007,1.0658840164542198,repeat indices align samples but methods were timed sequentially; use independent-resample intervals
31,funnel,4,bucketed,history,64,512,4,11,1.0650902092456818,1.0729744657874107,repeat indices align samples but methods were timed sequentially; use independent-resample intervals
31,funnel,4,bucketed,history,64,512,4,12,0.9691172242164612,1.1100464314222336,repeat indices align samples but methods were timed sequentially; use independent-resample intervals
31,funnel,4,bucketed,history,64,512,4,13,0.974385991692543,1.04494958370924,repeat indices align samples but methods were timed sequentially; use independent-resample intervals
31,funnel,4,bucketed,history,64,512,4,14,0.9660550579428673,1.0694613978266716,repeat indices align samples but methods were timed sequentially; use independent-resample intervals
31,funnel,4,bucketed,history,64,512,4,15,1.1654834523797035,1.0445652455091476,repeat indices align samples but methods were timed sequentially; use independent-resample intervals
31,funnel,4,bucketed,history,64,512,4,16,1.2326870188117027,1.0437123700976372,repeat indices align samples but methods were timed sequentially; use independent-resample intervals
31,funnel,4,bucketed,history,64,512,4,17,1.394809938967228,1.0471147149801254,repeat indices align samples but methods were timed sequentially; use independent-resample intervals
31,funnel,4,bucketed,history,64,512,4,18,1.3390029296278954,1.0540232434868813,repeat indices align samples but methods were timed sequentially; use independent-resample intervals
31,funnel,4,bucketed,history,64,512,4,19,1.0814220681786537,1.0191860720515251,repeat indices align samples but methods were timed sequentially; use independent-resample intervals
31,funnel,4,bucketed,history,64,512,4,20,0.9544294476509094,1.041976347565651,repeat indices align samples but methods were timed sequentially; use independent-resample intervals
31,funnel,4,bucketed,history,64,512,4,21,1.0950405672192574,1.0717631205916405,repeat indices align samples but methods were timed sequentially; use independent-resample intervals
31,funnel,4,bucketed,history,64,512,4,22,0.9375656247138977,1.1703674346208572,repeat indices align samples but methods were timed sequentially; use independent-resample intervals
31,funnel,4,bucketed,history,64,512,4,23,0.988526314496994,1.1052388027310371,repeat indices align samples but methods were timed sequentially; use independent-resample intervals
31,funnel,4,bucketed,history,64,512,4,24,1.0748220682144165,1.042057827115059,repeat indices align samples but methods were timed sequentially; use independent-resample intervals
31,funnel,4,bucketed,history,64,512,4,25,1.1904727593064308,1.1050716787576675,repeat indices align samples but methods were timed sequentially; use independent-resample intervals
31,funnel,4,bucketed,history,64,512,4,26,1.0919291898608208,1.0811628326773643,repeat indices align samples but methods were timed sequentially; use independent-resample intervals
31,funnel,4,bucketed,history,64,512,4,27,1.0179631039500237,1.036220870912075,repeat indices align samples but methods were timed sequentially; use independent-resample intervals
31,funnel,4,bucketed,history,64,512,4,28,1.0420751571655273,1.0613982528448105,repeat indices align samples but methods were timed sequentially; use independent-resample intervals
31,funnel,4,bucketed,history,64,512,4,29,1.170480988919735,1.0648489594459534,repeat indices align samples but methods were timed sequentially; use independent-resample intervals
32,funnel,4,bucketed,history,128,512,4,0,0.97859276086092,1.0917531847953796,repeat indices align samples but methods were timed sequentially; use independent-resample intervals
32,funnel,4,bucketed,history,128,512,4,1,0.9907603859901428,1.076342687010765,repeat indices align samples but methods were timed sequentially; use independent-resample intervals
32,funnel,4,bucketed,history,128,512,4,2,1.0808723270893097,1.1074188873171806,repeat indices align samples but methods were timed sequentially; use independent-resample intervals
32,funnel,4,bucketed,history,128,512,4,3,1.033344753086567,1.0534650534391403,repeat indices align samples but methods were timed sequentially; use independent-resample intervals
32,funnel,4,bucketed,history,128,512,4,4,1.1380499079823494,1.0610284358263016,repeat indices align samples but methods were timed sequentially; use independent-resample intervals
32,funnel,4,bucketed,history,128,512,4,5,1.009171038866043,1.0569309145212173,repeat indices align samples but methods were timed sequentially; use independent-resample intervals
32,funnel,4,bucketed,history,128,512,4,6,1.0219574496150017,1.1331392750144005,repeat indices align samples but methods were timed sequentially; use independent-resample intervals
32,funnel,4,bucketed,history,128,512,4,7,1.1299076154828072,1.121713548898697,repeat indices align samples but methods were timed sequentially; use independent-resample intervals
32,funnel,4,bucketed,history,128,512,4,8,0.9602601751685143,1.1587275266647339,repeat indices align samples but methods were timed sequentially; use independent-resample intervals
32,funnel,4,bucketed,history,128,512,4,9,1.0900248438119888,1.0903160497546196,repeat indices align samples but methods were timed sequentially; use independent-resample intervals
32,funnel,4,bucketed,history,128,512,4,10,1.0395625680685043,1.0658840164542198,repeat indices align samples but methods were timed sequentially; use independent-resample intervals
32,funnel,4,bucketed,history,128,512,4,11,1.0915744826197624,1.0729744657874107,repeat indices align samples but methods were timed sequentially; use independent-resample intervals
32,funnel,4,bucketed,history,128,512,4,12,0.963629461824894,1.1100464314222336,repeat indices align samples but methods were timed sequentially; use independent-resample intervals
32,funnel,4,bucketed,history,128,512,4,13,1.1210601180791855,1.04494958370924,repeat indices align samples but methods were timed sequentially; use independent-resample intervals
32,funnel,4,bucketed,history,128,512,4,14,1.0959243774414062,1.0694613978266716,repeat indices align samples but methods were timed sequentially; use independent-resample intervals
32,funnel,4,bucketed,history,128,512,4,15,1.004041276872158,1.0445652455091476,repeat indices align samples but methods were timed sequentially; use independent-resample intervals
32,funnel,4,bucketed,history,128,512,4,16,1.0435919165611267,1.0437123700976372,repeat indices align samples but methods were timed sequentially; use independent-resample intervals
32,funnel,4,bucketed,history,128,512,4,17,1.1355430260300636,1.0471147149801254,repeat indices align samples but methods were timed sequentially; use independent-resample intervals
32,funnel,4,bucketed,history,128,512,4,18,1.1325235664844513,1.0540232434868813,repeat indices align samples but methods were timed sequentially; use independent-resample intervals
32,funnel,4,bucketed,history,128,512,4,19,1.0756825804710388,1.0191860720515251,repeat indices align samples but methods were timed sequentially; use independent-resample intervals
32,funnel,4,bucketed,history,128,512,4,20,1.1421359777450562,1.041976347565651,repeat indices align samples but methods were timed sequentially; use independent-resample intervals
32,funnel,4,bucketed,history,128,512,4,21,1.0423047095537186,1.0717631205916405,repeat indices align samples but methods were timed sequentially; use independent-resample intervals
32,funnel,4,bucketed,history,128,512,4,22,1.125354140996933,1.1703674346208572,repeat indices align samples but methods were timed sequentially; use independent-resample intervals
32,funnel,4,bucketed,history,128,512,4,23,1.0365600064396858,1.1052388027310371,repeat indices align samples but methods were timed sequentially; use independent-resample intervals
32,funnel,4,bucketed,history,128,512,4,24,0.9779124706983566,1.042057827115059,repeat indices align samples but methods were timed sequentially; use independent-resample intervals
32,funnel,4,bucketed,history,128,512,4,25,1.1329335719347,1.1050716787576675,repeat indices align samples but methods were timed sequentially; use independent-resample intervals
32,funnel,4,bucketed,history,128,512,4,26,0.970894955098629,1.0811628326773643,repeat indices align samples but methods were timed sequentially; use independent-resample intervals
32,funnel,4,bucketed,history,128,512,4,27,1.0819945186376572,1.036220870912075,repeat indices align samples but methods were timed sequentially; use independent-resample intervals
32,funnel,4,bucketed,history,128,512,4,28,1.1124990731477737,1.0613982528448105,repeat indices align samples but methods were timed sequentially; use independent-resample intervals
32,funnel,4,bucketed,history,128,512,4,29,1.110026590526104,1.0648489594459534,repeat indices align samples but methods were timed sequentially; use independent-resample intervals
33,funnel,4,bucketed,last_depth,64,512,4,0,1.088478997349739,1.0917531847953796,repeat indices align samples but methods were timed sequentially; use independent-resample intervals
33,funnel,4,bucketed,last_depth,64,512,4,1,1.0402280539274216,1.076342687010765,repeat indices align samples but methods were timed sequentially; use independent-resample intervals
33,funnel,4,bucketed,last_depth,64,512,4,2,1.2712595611810684,1.1074188873171806,repeat indices align samples but methods were timed sequentially; use independent-resample intervals
33,funnel,4,bucketed,last_depth,64,512,4,3,1.0534193217754364,1.0534650534391403,repeat indices align samples but methods were timed sequentially; use independent-resample intervals
33,funnel,4,bucketed,last_depth,64,512,4,4,1.134477213025093,1.0610284358263016,repeat indices align samples but methods were timed sequentially; use independent-resample intervals
33,funnel,4,bucketed,last_depth,64,512,4,5,0.9952981695532799,1.0569309145212173,repeat indices align samples but methods were timed sequentially; use independent-resample intervals
33,funnel,4,bucketed,last_depth,64,512,4,6,1.1108063757419586,1.1331392750144005,repeat indices align samples but methods were timed sequentially; use independent-resample intervals
33,funnel,4,bucketed,last_depth,64,512,4,7,1.0421994999051094,1.121713548898697,repeat indices align samples but methods were timed sequentially; use independent-resample intervals
33,funnel,4,bucketed,last_depth,64,512,4,8,1.19927679002285,1.1587275266647339,repeat indices align samples but methods were timed sequentially; use independent-resample intervals
33,funnel,4,bucketed,last_depth,64,512,4,9,1.2256493791937828,1.0903160497546196,repeat indices align samples but methods were timed sequentially; use independent-resample intervals
33,funnel,4,bucketed,last_depth,64,512,4,10,1.2931603491306305,1.0658840164542198,repeat indices align samples but methods were timed sequentially; use independent-resample intervals
33,funnel,4,bucketed,last_depth,64,512,4,11,1.038635790348053,1.0729744657874107,repeat indices align samples but methods were timed sequentially; use independent-resample intervals
33,funnel,4,bucketed,last_depth,64,512,4,12,1.0411723777651787,1.1100464314222336,repeat indices align samples but methods were timed sequentially; use independent-resample intervals
33,funnel,4,bucketed,last_depth,64,512,4,13,1.1227948665618896,1.04494958370924,repeat indices align samples but methods were timed sequentially; use independent-resample intervals
33,funnel,4,bucketed,last_depth,64,512,4,14,1.079609490931034,1.0694613978266716,repeat indices align samples but methods were timed sequentially; use independent-resample intervals
33,funnel,4,bucketed,last_depth,64,512,4,15,1.0720360651612282,1.0445652455091476,repeat indices align samples but methods were timed sequentially; use independent-resample intervals
33,funnel,4,bucketed,last_depth,64,512,4,16,1.0761601477861404,1.0437123700976372,repeat indices align samples but methods were timed sequentially; use independent-resample intervals
33,funnel,4,bucketed,last_depth,64,512,4,17,1.1308872625231743,1.0471147149801254,repeat indices align samples but methods were timed sequentially; use independent-resample intervals
33,funnel,4,bucketed,last_depth,64,512,4,18,1.1702407971024513,1.0540232434868813,repeat indices align samples but methods were timed sequentially; use independent-resample intervals
33,funnel,4,bucketed,last_depth,64,512,4,19,1.0759041085839272,1.0191860720515251,repeat indices align samples but methods were timed sequentially; use independent-resample intervals
33,funnel,4,bucketed,last_depth,64,512,4,20,1.1035380437970161,1.041976347565651,repeat indices align samples but methods were timed sequentially; use independent-resample intervals
33,funnel,4,bucketed,last_depth,64,512,4,21,1.0351695865392685,1.0717631205916405,repeat indices align samples but methods were timed sequentially; use independent-resample intervals
33,funnel,4,bucketed,last_depth,64,512,4,22,0.9713194295763969,1.1703674346208572,repeat indices align samples but methods were timed sequentially; use independent-resample intervals
33,funnel,4,bucketed,last_depth,64,512,4,23,1.0362020507454872,1.1052388027310371,repeat indices align samples but methods were timed sequentially; use independent-resample intervals
33,funnel,4,bucketed,last_depth,64,512,4,24,1.1142950057983398,1.042057827115059,repeat indices align samples but methods were timed sequentially; use independent-resample intervals
33,funnel,4,bucketed,last_depth,64,512,4,25,1.0670860260725021,1.1050716787576675,repeat indices align samples but methods were timed sequentially; use independent-resample intervals
33,funnel,4,bucketed,last_depth,64,512,4,26,0.9803858399391174,1.0811628326773643,repeat indices align samples but methods were timed sequentially; use independent-resample intervals
33,funnel,4,bucketed,last_depth,64,512,4,27,1.1192030534148216,1.036220870912075,repeat indices align samples but methods were timed sequentially; use independent-resample intervals
33,funnel,4,bucketed,last_depth,64,512,4,28,1.0163290277123451,1.0613982528448105,repeat indices align samples but methods were timed sequentially; use independent-resample intervals
33,funnel,4,bucketed,last_depth,64,512,4,29,1.053162731230259,1.0648489594459534,repeat indices align samples but methods were timed sequentially; use independent-resample intervals
34,funnel,4,bucketed,last_depth,128,512,4,0,1.1676345318555832,1.0917531847953796,repeat indices align samples but methods were timed sequentially; use independent-resample intervals
34,funnel,4,bucketed,last_depth,128,512,4,1,1.162691630423069,1.076342687010765,repeat indices align samples but methods were timed sequentially; use independent-resample intervals
34,funnel,4,bucketed,last_depth,128,512,4,2,1.2401429563760757,1.1074188873171806,repeat indices align samples but methods were timed sequentially; use independent-resample intervals
34,funnel,4,bucketed,last_depth,128,512,4,3,1.1013352274894714,1.0534650534391403,repeat indices align samples but methods were timed sequentially; use independent-resample intervals
34,funnel,4,bucketed,last_depth,128,512,4,4,1.1905904859304428,1.0610284358263016,repeat indices align samples but methods were timed sequentially; use independent-resample intervals
34,funnel,4,bucketed,last_depth,128,512,4,5,1.2313973382115364,1.0569309145212173,repeat indices align samples but methods were timed sequentially; use independent-resample intervals
34,funnel,4,bucketed,last_depth,128,512,4,6,1.1856287643313408,1.1331392750144005,repeat indices align samples but methods were timed sequentially; use independent-resample intervals
34,funnel,4,bucketed,last_depth,128,512,4,7,1.1430920585989952,1.121713548898697,repeat indices align samples but methods were timed sequentially; use independent-resample intervals
34,funnel,4,bucketed,last_depth,128,512,4,8,1.1897423192858696,1.1587275266647339,repeat indices align samples but methods were timed sequentially; use independent-resample intervals
34,funnel,4,bucketed,last_depth,128,512,4,9,1.2237006947398186,1.0903160497546196,repeat indices align samples but methods were timed sequentially; use independent-resample intervals
34,funnel,4,bucketed,last_depth,128,512,4,10,1.1805445924401283,1.0658840164542198,repeat indices align samples but methods were timed sequentially; use independent-resample intervals
34,funnel,4,bucketed,last_depth,128,512,4,11,1.1554790437221527,1.0729744657874107,repeat indices align samples but methods were timed sequentially; use independent-resample intervals
34,funnel,4,bucketed,last_depth,128,512,4,12,1.2401430159807205,1.1100464314222336,repeat indices align samples but methods were timed sequentially; use independent-resample intervals
34,funnel,4,bucketed,last_depth,128,512,4,13,1.1555691063404083,1.04494958370924,repeat indices align samples but methods were timed sequentially; use independent-resample intervals
34,funnel,4,bucketed,last_depth,128,512,4,14,1.2398817092180252,1.0694613978266716,repeat indices align samples but methods were timed sequentially; use independent-resample intervals
34,funnel,4,bucketed,last_depth,128,512,4,15,1.2907103896141052,1.0445652455091476,repeat indices align samples but methods were timed sequentially; use independent-resample intervals
34,funnel,4,bucketed,last_depth,128,512,4,16,1.2636025995016098,1.0437123700976372,repeat indices align samples but methods were timed sequentially; use independent-resample intervals
34,funnel,4,bucketed,last_depth,128,512,4,17,1.1232504770159721,1.0471147149801254,repeat indices align samples but methods were timed sequentially; use independent-resample intervals
34,funnel,4,bucketed,last_depth,128,512,4,18,1.2067494541406631,1.0540232434868813,repeat indices align samples but methods were timed sequentially; use independent-resample intervals
34,funnel,4,bucketed,last_depth,128,512,4,19,1.2723025754094124,1.0191860720515251,repeat indices align samples but methods were timed sequentially; use independent-resample intervals
34,funnel,4,bucketed,last_depth,128,512,4,20,1.2522458583116531,1.041976347565651,repeat indices align samples but methods were timed sequentially; use independent-resample intervals
34,funnel,4,bucketed,last_depth,128,512,4,21,1.2152385786175728,1.0717631205916405,repeat indices align samples but methods were timed sequentially; use independent-resample intervals
34,funnel,4,bucketed,last_depth,128,512,4,22,1.2754293754696846,1.1703674346208572,repeat indices align samples but methods were timed sequentially; use independent-resample intervals
34,funnel,4,bucketed,last_depth,128,512,4,23,1.3038658276200294,1.1052388027310371,repeat indices align samples but methods were timed sequentially; use independent-resample intervals
34,funnel,4,bucketed,last_depth,128,512,4,24,1.2407721355557442,1.042057827115059,repeat indices align samples but methods were timed sequentially; use independent-resample intervals
34,funnel,4,bucketed,last_depth,128,512,4,25,1.2707996740937233,1.1050716787576675,repeat indices align samples but methods were timed sequentially; use independent-resample intervals
34,funnel,4,bucketed,last_depth,128,512,4,26,1.2877889052033424,1.0811628326773643,repeat indices align samples but methods were timed sequentially; use independent-resample intervals
34,funnel,4,bucketed,last_depth,128,512,4,27,1.2705245837569237,1.036220870912075,repeat indices align samples but methods were timed sequentially; use independent-resample intervals
34,funnel,4,bucketed,last_depth,128,512,4,28,1.097671054303646,1.0613982528448105,repeat indices align samples but methods were timed sequentially; use independent-resample intervals
34,funnel,4,bucketed,last_depth,128,512,4,29,1.1684214174747467,1.0648489594459534,repeat indices align samples but methods were timed sequentially; use independent-resample intervals
