row_number,model,seed,method,predictor,bucket_size,num_chains,dimension,repeat,method_seconds,monolithic_seconds_same_index,pairing_note
0,gaussian_process,0,monolithic,monolithic,0,512,3,0,22.853718638420105,22.853718638420105,repeat indices align samples but methods were timed sequentially; use independent-resample intervals
0,gaussian_process,0,monolithic,monolithic,0,512,3,1,4.382054321467876,4.382054321467876,repeat indices align samples but methods were timed sequentially; use independent-resample intervals
0,gaussian_process,0,monolithic,monolithic,0,512,3,2,3.3968698754906654,3.3968698754906654,repeat indices align samples but methods were timed sequentially; use independent-resample intervals
0,gaussian_process,0,monolithic,monolithic,0,512,3,3,3.424249090254307,3.424249090254307,repeat indices align samples but methods were timed sequentially; use independent-resample intervals
0,gaussian_process,0,monolithic,monolithic,0,512,3,4,3.2486650720238686,3.2486650720238686,repeat indices align samples but methods were timed sequentially; use independent-resample intervals
0,gaussian_process,0,monolithic,monolithic,0,512,3,5,3.710359774529934,3.710359774529934,repeat indices align samples but methods were timed sequentially; use independent-resample intervals
0,gaussian_process,0,monolithic,monolithic,0,512,3,6,3.738581322133541,3.738581322133541,repeat indices align samples but methods were timed sequentially; use independent-resample intervals
0,gaussian_process,0,monolithic,monolithic,0,512,3,7,3.6592943221330643,3.6592943221330643,repeat indices align samples but methods were timed sequentially; use independent-resample intervals
0,gaussian_process,0,monolithic,monolithic,0,512,3,8,3.6746280044317245,3.6746280044317245,repeat indices align samples but methods were timed sequentially; use independent-resample intervals
0,gaussian_process,0,monolithic,monolithic,0,512,3,9,3.6899296417832375,3.6899296417832375,repeat indices align samples but methods were timed sequentially; use independent-resample intervals
0,gaussian_process,0,monolithic,monolithic,0,512,3,10,3.6540850400924683,3.6540850400924683,repeat indices align samples but methods were timed sequentially; use independent-resample intervals
0,gaussian_process,0,monolithic,monolithic,0,512,3,11,3.6484180837869644,3.6484180837869644,repeat indices align samples but methods were timed sequentially; use independent-resample intervals
0,gaussian_process,0,monolithic,monolithic,0,512,3,12,3.6531287655234337,3.6531287655234337,repeat indices align samples but methods were timed sequentially; use independent-resample intervals
0,gaussian_process,0,monolithic,monolithic,0,512,3,13,3.6463629081845284,3.6463629081845284,repeat indices align samples but methods were timed sequentially; use independent-resample intervals
0,gaussian_process,0,monolithic,monolithic,0,512,3,14,3.6698237657546997,3.6698237657546997,repeat indices align samples but methods were timed sequentially; use independent-resample intervals
0,gaussian_process,0,monolithic,monolithic,0,512,3,15,3.7705836445093155,3.7705836445093155,repeat indices align samples but methods were timed sequentially; use independent-resample intervals
0,gaussian_process,0,monolithic,monolithic,0,512,3,16,3.702522285282612,3.702522285282612,repeat indices align samples but methods were timed sequentially; use independent-resample intervals
0,gaussian_process,0,monolithic,monolithic,0,512,3,17,3.566666468977928,3.566666468977928,repeat indices align samples but methods were timed sequentially; use independent-resample intervals
0,gaussian_process,0,monolithic,monolithic,0,512,3,18,3.5373875200748444,3.5373875200748444,repeat indices align samples but methods were timed sequentially; use independent-resample intervals
0,gaussian_process,0,monolithic,monolithic,0,512,3,19,4.098819449543953,4.098819449543953,repeat indices align samples but methods were timed sequentially; use independent-resample intervals
0,gaussian_process,0,monolithic,monolithic,0,512,3,20,3.7127795293927193,3.7127795293927193,repeat indices align samples but methods were timed sequentially; use independent-resample intervals
0,gaussian_process,0,monolithic,monolithic,0,512,3,21,3.605560392141342,3.605560392141342,repeat indices align samples but methods were timed sequentially; use independent-resample intervals
0,gaussian_process,0,monolithic,monolithic,0,512,3,22,3.676087774336338,3.676087774336338,repeat indices align samples but methods were timed sequentially; use independent-resample intervals
0,gaussian_process,0,monolithic,monolithic,0,512,3,23,3.6585437804460526,3.6585437804460526,repeat indices align samples but methods were timed sequentially; use independent-resample intervals
0,gaussian_process,0,monolithic,monolithic,0,512,3,24,3.6854527592658997,3.6854527592658997,repeat indices align samples but methods were timed sequentially; use independent-resample intervals
0,gaussian_process,0,monolithic,monolithic,0,512,3,25,3.528969593346119,3.528969593346119,repeat indices align samples but methods were timed sequentially; use independent-resample intervals
0,gaussian_process,0,monolithic,monolithic,0,512,3,26,3.6074571311473846,3.6074571311473846,repeat indices align samples but methods were timed sequentially; use independent-resample intervals
0,gaussian_process,0,monolithic,monolithic,0,512,3,27,3.880953848361969,3.880953848361969,repeat indices align samples but methods were timed sequentially; use independent-resample intervals
0,gaussian_process,0,monolithic,monolithic,0,512,3,28,3.553792953491211,3.553792953491211,repeat indices align samples but methods were timed sequentially; use independent-resample intervals
0,gaussian_process,0,monolithic,monolithic,0,512,3,29,3.370123617351055,3.370123617351055,repeat indices align samples but methods were timed sequentially; use independent-resample intervals
1,gaussian_process,0,bucketed,none,64,512,3,0,7.457131825387478,22.853718638420105,repeat indices align samples but methods were timed sequentially; use independent-resample intervals
1,gaussian_process,0,bucketed,none,64,512,3,1,3.900670349597931,4.382054321467876,repeat indices align samples but methods were timed sequentially; use independent-resample intervals
1,gaussian_process,0,bucketed,none,64,512,3,2,3.88005780428648,3.3968698754906654,repeat indices align samples but methods were timed sequentially; use independent-resample intervals
1,gaussian_process,0,bucketed,none,64,512,3,3,3.640842854976654,3.424249090254307,repeat indices align samples but methods were timed sequentially; use independent-resample intervals
1,gaussian_process,0,bucketed,none,64,512,3,4,3.90644633769989,3.2486650720238686,repeat indices align samples but methods were timed sequentially; use independent-resample intervals
1,gaussian_process,0,bucketed,none,64,512,3,5,3.8299996852874756,3.710359774529934,repeat indices align samples but methods were timed sequentially; use independent-resample intervals
1,gaussian_process,0,bucketed,none,64,512,3,6,3.7913579121232033,3.738581322133541,repeat indices align samples but methods were timed sequentially; use independent-resample intervals
1,gaussian_process,0,bucketed,none,64,512,3,7,3.6527916342020035,3.6592943221330643,repeat indices align samples but methods were timed sequentially; use independent-resample intervals
1,gaussian_process,0,bucketed,none,64,512,3,8,3.6607362031936646,3.6746280044317245,repeat indices align samples but methods were timed sequentially; use independent-resample intervals
1,gaussian_process,0,bucketed,none,64,512,3,9,3.6913903951644897,3.6899296417832375,repeat indices align samples but methods were timed sequentially; use independent-resample intervals
1,gaussian_process,0,bucketed,none,64,512,3,10,3.746442995965481,3.6540850400924683,repeat indices align samples but methods were timed sequentially; use independent-resample intervals
1,gaussian_process,0,bucketed,none,64,512,3,11,3.6636557430028915,3.6484180837869644,repeat indices align samples but methods were timed sequentially; use independent-resample intervals
1,gaussian_process,0,bucketed,none,64,512,3,12,3.669473372399807,3.6531287655234337,repeat indices align samples but methods were timed sequentially; use independent-resample intervals
1,gaussian_process,0,bucketed,none,64,512,3,13,3.7600080519914627,3.6463629081845284,repeat indices align samples but methods were timed sequentially; use independent-resample intervals
1,gaussian_process,0,bucketed,none,64,512,3,14,3.7729751989245415,3.6698237657546997,repeat indices align samples but methods were timed sequentially; use independent-resample intervals
1,gaussian_process,0,bucketed,none,64,512,3,15,3.9624214842915535,3.7705836445093155,repeat indices align samples but methods were timed sequentially; use independent-resample intervals
1,gaussian_process,0,bucketed,none,64,512,3,16,3.8274422362446785,3.702522285282612,repeat indices align samples but methods were timed sequentially; use independent-resample intervals
1,gaussian_process,0,bucketed,none,64,512,3,17,3.9365286827087402,3.566666468977928,repeat indices align samples but methods were timed sequentially; use independent-resample intervals
1,gaussian_process,0,bucketed,none,64,512,3,18,3.9192348644137383,3.5373875200748444,repeat indices align samples but methods were timed sequentially; use independent-resample intervals
1,gaussian_process,0,bucketed,none,64,512,3,19,3.99506064504385,4.098819449543953,repeat indices align samples but methods were timed sequentially; use independent-resample intervals
1,gaussian_process,0,bucketed,none,64,512,3,20,4.092826075851917,3.7127795293927193,repeat indices align samples but methods were timed sequentially; use independent-resample intervals
1,gaussian_process,0,bucketed,none,64,512,3,21,3.940863788127899,3.605560392141342,repeat indices align samples but methods were timed sequentially; use independent-resample intervals
1,gaussian_process,0,bucketed,none,64,512,3,22,4.320484176278114,3.676087774336338,repeat indices align samples but methods were timed sequentially; use independent-resample intervals
1,gaussian_process,0,bucketed,none,64,512,3,23,4.836540415883064,3.6585437804460526,repeat indices align samples but methods were timed sequentially; use independent-resample intervals
1,gaussian_process,0,bucketed,none,64,512,3,24,5.999781474471092,3.6854527592658997,repeat indices align samples but methods were timed sequentially; use independent-resample intervals
1,gaussian_process,0,bucketed,none,64,512,3,25,5.183199293911457,3.528969593346119,repeat indices align samples but methods were timed sequentially; use independent-resample intervals
1,gaussian_process,0,bucketed,none,64,512,3,26,4.717669382691383,3.6074571311473846,repeat indices align samples but methods were timed sequentially; use independent-resample intervals
1,gaussian_process,0,bucketed,none,64,512,3,27,3.7099670842289925,3.880953848361969,repeat indices align samples but methods were timed sequentially; use independent-resample intervals
1,gaussian_process,0,bucketed,none,64,512,3,28,3.692704848945141,3.553792953491211,repeat indices align samples but methods were timed sequentially; use independent-resample intervals
1,gaussian_process,0,bucketed,none,64,512,3,29,3.823414757847786,3.370123617351055,repeat indices align samples but methods were timed sequentially; use independent-resample intervals
2,gaussian_process,0,bucketed,none,128,512,3,0,7.471962504088879,22.853718638420105,repeat indices align samples but methods were timed sequentially; use independent-resample intervals
2,gaussian_process,0,bucketed,none,128,512,3,1,3.726617194712162,4.382054321467876,repeat indices align samples but methods were timed sequentially; use independent-resample intervals
2,gaussian_process,0,bucketed,none,128,512,3,2,3.8356548324227333,3.3968698754906654,repeat indices align samples but methods were timed sequentially; use independent-resample intervals
2,gaussian_process,0,bucketed,none,128,512,3,3,3.8672672882676125,3.424249090254307,repeat indices align samples but methods were timed sequentially; use independent-resample intervals
2,gaussian_process,0,bucketed,none,128,512,3,4,3.91963117569685,3.2486650720238686,repeat indices align samples but methods were timed sequentially; use independent-resample intervals
2,gaussian_process,0,bucketed,none,128,512,3,5,3.7446849644184113,3.710359774529934,repeat indices align samples but methods were timed sequentially; use independent-resample intervals
2,gaussian_process,0,bucketed,none,128,512,3,6,4.262610509991646,3.738581322133541,repeat indices align samples but methods were timed sequentially; use independent-resample intervals
2,gaussian_process,0,bucketed,none,128,512,3,7,4.752759546041489,3.6592943221330643,repeat indices align samples but methods were timed sequentially; use independent-resample intervals
2,gaussian_process,0,bucketed,none,128,512,3,8,4.7339415699243546,3.6746280044317245,repeat indices align samples but methods were timed sequentially; use independent-resample intervals
2,gaussian_process,0,bucketed,none,128,512,3,9,4.384950511157513,3.6899296417832375,repeat indices align samples but methods were timed sequentially; use independent-resample intervals
2,gaussian_process,0,bucketed,none,128,512,3,10,3.8159268870949745,3.6540850400924683,repeat indices align samples but methods were timed sequentially; use independent-resample intervals
2,gaussian_process,0,bucketed,none,128,512,3,11,3.6381931081414223,3.6484180837869644,repeat indices align samples but methods were timed sequentially; use independent-resample intervals
2,gaussian_process,0,bucketed,none,128,512,3,12,3.745663844048977,3.6531287655234337,repeat indices align samples but methods were timed sequentially; use independent-resample intervals
2,gaussian_process,0,bucketed,none,128,512,3,13,3.6901373714208603,3.6463629081845284,repeat indices align samples but methods were timed sequentially; use independent-resample intervals
2,gaussian_process,0,bucketed,none,128,512,3,14,3.6772571578621864,3.6698237657546997,repeat indices align samples but methods were timed sequentially; use independent-resample intervals
2,gaussian_process,0,bucketed,none,128,512,3,15,3.861260712146759,3.7705836445093155,repeat indices align samples but methods were timed sequentially; use independent-resample intervals
2,gaussian_process,0,bucketed,none,128,512,3,16,3.79963568598032,3.702522285282612,repeat indices align samples but methods were timed sequentially; use independent-resample intervals
2,gaussian_process,0,bucketed,none,128,512,3,17,3.6266169622540474,3.566666468977928,repeat indices align samples but methods were timed sequentially; use independent-resample intervals
2,gaussian_process,0,bucketed,none,128,512,3,18,3.8047042191028595,3.5373875200748444,repeat indices align samples but methods were timed sequentially; use independent-resample intervals
2,gaussian_process,0,bucketed,none,128,512,3,19,3.8746760487556458,4.098819449543953,repeat indices align samples but methods were timed sequentially; use independent-resample intervals
2,gaussian_process,0,bucketed,none,128,512,3,20,3.756100356578827,3.7127795293927193,repeat indices align samples but methods were timed sequentially; use independent-resample intervals
2,gaussian_process,0,bucketed,none,128,512,3,21,3.7551870867609978,3.605560392141342,repeat indices align samples but methods were timed sequentially; use independent-resample intervals
2,gaussian_process,0,bucketed,none,128,512,3,22,3.8464629650115967,3.676087774336338,repeat indices align samples but methods were timed sequentially; use independent-resample intervals
2,gaussian_process,0,bucketed,none,128,512,3,23,4.481007516384125,3.6585437804460526,repeat indices align samples but methods were timed sequentially; use independent-resample intervals
2,gaussian_process,0,bucketed,none,128,512,3,24,3.656920999288559,3.6854527592658997,repeat indices align samples but methods were timed sequentially; use independent-resample intervals
2,gaussian_process,0,bucketed,none,128,512,3,25,3.6109056398272514,3.528969593346119,repeat indices align samples but methods were timed sequentially; use independent-resample intervals
2,gaussian_process,0,bucketed,none,128,512,3,26,3.5398723483085632,3.6074571311473846,repeat indices align samples but methods were timed sequentially; use independent-resample intervals
2,gaussian_process,0,bucketed,none,128,512,3,27,3.61652971804142,3.880953848361969,repeat indices align samples but methods were timed sequentially; use independent-resample intervals
2,gaussian_process,0,bucketed,none,128,512,3,28,3.5234281048178673,3.553792953491211,repeat indices align samples but methods were timed sequentially; use independent-resample intervals
2,gaussian_process,0,bucketed,none,128,512,3,29,3.5385408103466034,3.370123617351055,repeat indices align samples but methods were timed sequentially; use independent-resample intervals
3,gaussian_process,0,bucketed,history,64,512,3,0,3.5795211791992188,22.853718638420105,repeat indices align samples but methods were timed sequentially; use independent-resample intervals
3,gaussian_process,0,bucketed,history,64,512,3,1,3.6317115128040314,4.382054321467876,repeat indices align samples but methods were timed sequentially; use independent-resample intervals
3,gaussian_process,0,bucketed,history,64,512,3,2,3.668000638484955,3.3968698754906654,repeat indices align samples but methods were timed sequentially; use independent-resample intervals
3,gaussian_process,0,bucketed,history,64,512,3,3,3.634841486811638,3.424249090254307,repeat indices align samples but methods were timed sequentially; use independent-resample intervals
3,gaussian_process,0,bucketed,history,64,512,3,4,3.77687818557024,3.2486650720238686,repeat indices align samples but methods were timed sequentially; use independent-resample intervals
3,gaussian_process,0,bucketed,history,64,512,3,5,4.059535995125771,3.710359774529934,repeat indices align samples but methods were timed sequentially; use independent-resample intervals
3,gaussian_process,0,bucketed,history,64,512,3,6,3.8697729855775833,3.738581322133541,repeat indices align samples but methods were timed sequentially; use independent-resample intervals
3,gaussian_process,0,bucketed,history,64,512,3,7,3.630948528647423,3.6592943221330643,repeat indices align samples but methods were timed sequentially; use independent-resample intervals
3,gaussian_process,0,bucketed,history,64,512,3,8,3.661179192364216,3.6746280044317245,repeat indices align samples but methods were timed sequentially; use independent-resample intervals
3,gaussian_process,0,bucketed,history,64,512,3,9,3.6593111753463745,3.6899296417832375,repeat indices align samples but methods were timed sequentially; use independent-resample intervals
3,gaussian_process,0,bucketed,history,64,512,3,10,3.7682691141963005,3.6540850400924683,repeat indices align samples but methods were timed sequentially; use independent-resample intervals
3,gaussian_process,0,bucketed,history,64,512,3,11,3.8433552905917168,3.6484180837869644,repeat indices align samples but methods were timed sequentially; use independent-resample intervals
3,gaussian_process,0,bucketed,history,64,512,3,12,3.767349034547806,3.6531287655234337,repeat indices align samples but methods were timed sequentially; use independent-resample intervals
3,gaussian_process,0,bucketed,history,64,512,3,13,3.71401409804821,3.6463629081845284,repeat indices align samples but methods were timed sequentially; use independent-resample intervals
3,gaussian_process,0,bucketed,history,64,512,3,14,3.5542821288108826,3.6698237657546997,repeat indices align samples but methods were timed sequentially; use independent-resample intervals
3,gaussian_process,0,bucketed,history,64,512,3,15,3.700487293303013,3.7705836445093155,repeat indices align samples but methods were timed sequentially; use independent-resample intervals
3,gaussian_process,0,bucketed,history,64,512,3,16,3.6633406654000282,3.702522285282612,repeat indices align samples but methods were timed sequentially; use independent-resample intervals
3,gaussian_process,0,bucketed,history,64,512,3,17,3.6828190311789513,3.566666468977928,repeat indices align samples but methods were timed sequentially; use independent-resample intervals
3,gaussian_process,0,bucketed,history,64,512,3,18,3.7280873879790306,3.5373875200748444,repeat indices align samples but methods were timed sequentially; use independent-resample intervals
3,gaussian_process,0,bucketed,history,64,512,3,19,3.860155366361141,4.098819449543953,repeat indices align samples but methods were timed sequentially; use independent-resample intervals
3,gaussian_process,0,bucketed,history,64,512,3,20,3.687040738761425,3.7127795293927193,repeat indices align samples but methods were timed sequentially; use independent-resample intervals
3,gaussian_process,0,bucketed,history,64,512,3,21,3.9020154923200607,3.605560392141342,repeat indices align samples but methods were timed sequentially; use independent-resample intervals
3,gaussian_process,0,bucketed,history,64,512,3,22,3.6761283725500107,3.676087774336338,repeat indices align samples but methods were timed sequentially; use independent-resample intervals
3,gaussian_process,0,bucketed,history,64,512,3,23,3.668620817363262,3.6585437804460526,repeat indices align samples but methods were timed sequentially; use independent-resample intervals
3,gaussian_process,0,bucketed,history,64,512,3,24,3.6338860914111137,3.6854527592658997,repeat indices align samples but methods were timed sequentially; use independent-resample intervals
3,gaussian_process,0,bucketed,history,64,512,3,25,3.597175531089306,3.528969593346119,repeat indices align samples but methods were timed sequentially; use independent-resample intervals
3,gaussian_process,0,bucketed,history,64,512,3,26,3.7044802233576775,3.6074571311473846,repeat indices align samples but methods were timed sequentially; use independent-resample intervals
3,gaussian_process,0,bucketed,history,64,512,3,27,3.7915353775024414,3.880953848361969,repeat indices align samples but methods were timed sequentially; use independent-resample intervals
3,gaussian_process,0,bucketed,history,64,512,3,28,3.852541759610176,3.553792953491211,repeat indices align samples but methods were timed sequentially; use independent-resample intervals
3,gaussian_process,0,bucketed,history,64,512,3,29,3.8331020176410675,3.370123617351055,repeat indices align samples but methods were timed sequentially; use independent-resample intervals
4,gaussian_process,0,bucketed,history,128,512,3,0,3.6662250831723213,22.853718638420105,repeat indices align samples but methods were timed sequentially; use independent-resample intervals
4,gaussian_process,0,bucketed,history,128,512,3,1,4.055543050169945,4.382054321467876,repeat indices align samples but methods were timed sequentially; use independent-resample intervals
4,gaussian_process,0,bucketed,history,128,512,3,2,3.599015712738037,3.3968698754906654,repeat indices align samples but methods were timed sequentially; use independent-resample intervals
4,gaussian_process,0,bucketed,history,128,512,3,3,3.5630724728107452,3.424249090254307,repeat indices align samples but methods were timed sequentially; use independent-resample intervals
4,gaussian_process,0,bucketed,history,128,512,3,4,3.5895020216703415,3.2486650720238686,repeat indices align samples but methods were timed sequentially; use independent-resample intervals
4,gaussian_process,0,bucketed,history,128,512,3,5,3.5976507514715195,3.710359774529934,repeat indices align samples but methods were timed sequentially; use independent-resample intervals
4,gaussian_process,0,bucketed,history,128,512,3,6,3.793456941843033,3.738581322133541,repeat indices align samples but methods were timed sequentially; use independent-resample intervals
4,gaussian_process,0,bucketed,history,128,512,3,7,4.3327586725354195,3.6592943221330643,repeat indices align samples but methods were timed sequentially; use independent-resample intervals
4,gaussian_process,0,bucketed,history,128,512,3,8,4.004438728094101,3.6746280044317245,repeat indices align samples but methods were timed sequentially; use independent-resample intervals
4,gaussian_process,0,bucketed,history,128,512,3,9,3.9616596028208733,3.6899296417832375,repeat indices align samples but methods were timed sequentially; use independent-resample intervals
4,gaussian_process,0,bucketed,history,128,512,3,10,4.488412253558636,3.6540850400924683,repeat indices align samples but methods were timed sequentially; use independent-resample intervals
4,gaussian_process,0,bucketed,history,128,512,3,11,4.424754478037357,3.6484180837869644,repeat indices align samples but methods were timed sequentially; use independent-resample intervals
4,gaussian_process,0,bucketed,history,128,512,3,12,3.8327422738075256,3.6531287655234337,repeat indices align samples but methods were timed sequentially; use independent-resample intervals
4,gaussian_process,0,bucketed,history,128,512,3,13,4.21024314314127,3.6463629081845284,repeat indices align samples but methods were timed sequentially; use independent-resample intervals
4,gaussian_process,0,bucketed,history,128,512,3,14,5.3284251019358635,3.6698237657546997,repeat indices align samples but methods were timed sequentially; use independent-resample intervals
4,gaussian_process,0,bucketed,history,128,512,3,15,4.300380043685436,3.7705836445093155,repeat indices align samples but methods were timed sequentially; use independent-resample intervals
4,gaussian_process,0,bucketed,history,128,512,3,16,4.5250352919101715,3.702522285282612,repeat indices align samples but methods were timed sequentially; use independent-resample intervals
4,gaussian_process,0,bucketed,history,128,512,3,17,4.547875493764877,3.566666468977928,repeat indices align samples but methods were timed sequentially; use independent-resample intervals
4,gaussian_process,0,bucketed,history,128,512,3,18,4.500892110168934,3.5373875200748444,repeat indices align samples but methods were timed sequentially; use independent-resample intervals
4,gaussian_process,0,bucketed,history,128,512,3,19,4.594053722918034,4.098819449543953,repeat indices align samples but methods were timed sequentially; use independent-resample intervals
4,gaussian_process,0,bucketed,history,128,512,3,20,3.989251032471657,3.7127795293927193,repeat indices align samples but methods were timed sequentially; use independent-resample intervals
4,gaussian_process,0,bucketed,history,128,512,3,21,3.783852867782116,3.605560392141342,repeat indices align samples but methods were timed sequentially; use independent-resample intervals
4,gaussian_process,0,bucketed,history,128,512,3,22,3.7783441618084908,3.676087774336338,repeat indices align samples but methods were timed sequentially; use independent-resample intervals
4,gaussian_process,0,bucketed,history,128,512,3,23,3.865714393556118,3.6585437804460526,repeat indices align samples but methods were timed sequentially; use independent-resample intervals
4,gaussian_process,0,bucketed,history,128,512,3,24,3.8231862485408783,3.6854527592658997,repeat indices align samples but methods were timed sequentially; use independent-resample intervals
4,gaussian_process,0,bucketed,history,128,512,3,25,4.135290637612343,3.528969593346119,repeat indices align samples but methods were timed sequentially; use independent-resample intervals
4,gaussian_process,0,bucketed,history,128,512,3,26,3.865763835608959,3.6074571311473846,repeat indices align samples but methods were timed sequentially; use independent-resample intervals
4,gaussian_process,0,bucketed,history,128,512,3,27,3.7978346794843674,3.880953848361969,repeat indices align samples but methods were timed sequentially; use independent-resample intervals
4,gaussian_process,0,bucketed,history,128,512,3,28,3.9528459310531616,3.553792953491211,repeat indices align samples but methods were timed sequentially; use independent-resample intervals
4,gaussian_process,0,bucketed,history,128,512,3,29,3.836480639874935,3.370123617351055,repeat indices align samples but methods were timed sequentially; use independent-resample intervals
5,gaussian_process,0,bucketed,last_depth,64,512,3,0,3.9031840190291405,22.853718638420105,repeat indices align samples but methods were timed sequentially; use independent-resample intervals
5,gaussian_process,0,bucketed,last_depth,64,512,3,1,3.8815830424427986,4.382054321467876,repeat indices align samples but methods were timed sequentially; use independent-resample intervals
5,gaussian_process,0,bucketed,last_depth,64,512,3,2,3.7672373354434967,3.3968698754906654,repeat indices align samples but methods were timed sequentially; use independent-resample intervals
5,gaussian_process,0,bucketed,last_depth,64,512,3,3,3.8489754423499107,3.424249090254307,repeat indices align samples but methods were timed sequentially; use independent-resample intervals
5,gaussian_process,0,bucketed,last_depth,64,512,3,4,3.978763520717621,3.2486650720238686,repeat indices align samples but methods were timed sequentially; use independent-resample intervals
5,gaussian_process,0,bucketed,last_depth,64,512,3,5,4.05678927898407,3.710359774529934,repeat indices align samples but methods were timed sequentially; use independent-resample intervals
5,gaussian_process,0,bucketed,last_depth,64,512,3,6,4.136331610381603,3.738581322133541,repeat indices align samples but methods were timed sequentially; use independent-resample intervals
5,gaussian_process,0,bucketed,last_depth,64,512,3,7,4.000528559088707,3.6592943221330643,repeat indices align samples but methods were timed sequentially; use independent-resample intervals
5,gaussian_process,0,bucketed,last_depth,64,512,3,8,4.0831614807248116,3.6746280044317245,repeat indices align samples but methods were timed sequentially; use independent-resample intervals
5,gaussian_process,0,bucketed,last_depth,64,512,3,9,3.840937092900276,3.6899296417832375,repeat indices align samples but methods were timed sequentially; use independent-resample intervals
5,gaussian_process,0,bucketed,last_depth,64,512,3,10,3.753288969397545,3.6540850400924683,repeat indices align samples but methods were timed sequentially; use independent-resample intervals
5,gaussian_process,0,bucketed,last_depth,64,512,3,11,4.040524400770664,3.6484180837869644,repeat indices align samples but methods were timed sequentially; use independent-resample intervals
5,gaussian_process,0,bucketed,last_depth,64,512,3,12,4.3671823143959045,3.6531287655234337,repeat indices align samples but methods were timed sequentially; use independent-resample intervals
5,gaussian_process,0,bucketed,last_depth,64,512,3,13,4.032965764403343,3.6463629081845284,repeat indices align samples but methods were timed sequentially; use independent-resample intervals
5,gaussian_process,0,bucketed,last_depth,64,512,3,14,3.728042133152485,3.6698237657546997,repeat indices align samples but methods were timed sequentially; use independent-resample intervals
5,gaussian_process,0,bucketed,last_depth,64,512,3,15,3.8352380841970444,3.7705836445093155,repeat indices align samples but methods were timed sequentially; use independent-resample intervals
5,gaussian_process,0,bucketed,last_depth,64,512,3,16,3.830142691731453,3.702522285282612,repeat indices align samples but methods were timed sequentially; use independent-resample intervals
5,gaussian_process,0,bucketed,last_depth,64,512,3,17,4.034588687121868,3.566666468977928,repeat indices align samples but methods were timed sequentially; use independent-resample intervals
5,gaussian_process,0,bucketed,last_depth,64,512,3,18,4.127823024988174,3.5373875200748444,repeat indices align samples but methods were timed sequentially; use independent-resample intervals
5,gaussian_process,0,bucketed,last_depth,64,512,3,19,4.063148967921734,4.098819449543953,repeat indices align samples but methods were timed sequentially; use independent-resample intervals
5,gaussian_process,0,bucketed,last_depth,64,512,3,20,3.79778178781271,3.7127795293927193,repeat indices align samples but methods were timed sequentially; use independent-resample intervals
5,gaussian_process,0,bucketed,last_depth,64,512,3,21,4.085606977343559,3.605560392141342,repeat indices align samples but methods were timed sequentially; use independent-resample intervals
5,gaussian_process,0,bucketed,last_depth,64,512,3,22,4.319592632353306,3.676087774336338,repeat indices align samples but methods were timed sequentially; use independent-resample intervals
5,gaussian_process,0,bucketed,last_depth,64,512,3,23,4.11777338385582,3.6585437804460526,repeat indices align samples but methods were timed sequentially; use independent-resample intervals
5,gaussian_process,0,bucketed,last_depth,64,512,3,24,4.14636766910553,3.6854527592658997,repeat indices align samples but methods were timed sequentially; use independent-resample intervals
5,gaussian_process,0,bucketed,last_depth,64,512,3,25,3.894778661429882,3.528969593346119,repeat indices align samples but methods were timed sequentially; use independent-resample intervals
5,gaussian_process,0,bucketed,last_depth,64,512,3,26,3.8883919790387154,3.6074571311473846,repeat indices align samples but methods were timed sequentially; use independent-resample intervals
5,gaussian_process,0,bucketed,last_depth,64,512,3,27,3.837436892092228,3.880953848361969,repeat indices align samples but methods were timed sequentially; use independent-resample intervals
5,gaussian_process,0,bucketed,last_depth,64,512,3,28,3.9363060295581818,3.553792953491211,repeat indices align samples but methods were timed sequentially; use independent-resample intervals
5,gaussian_process,0,bucketed,last_depth,64,512,3,29,3.87009909003973,3.370123617351055,repeat indices align samples but methods were timed sequentially; use independent-resample intervals
6,gaussian_process,0,bucketed,last_depth,128,512,3,0,4.211828328669071,22.853718638420105,repeat indices align samples but methods were timed sequentially; use independent-resample intervals
6,gaussian_process,0,bucketed,last_depth,128,512,3,1,3.853238023817539,4.382054321467876,repeat indices align samples but methods were timed sequentially; use independent-resample intervals
6,gaussian_process,0,bucketed,last_depth,128,512,3,2,3.744586080312729,3.3968698754906654,repeat indices align samples but methods were timed sequentially; use independent-resample intervals
6,gaussian_process,0,bucketed,last_depth,128,512,3,3,3.895646445453167,3.424249090254307,repeat indices align samples but methods were timed sequentially; use independent-resample intervals
6,gaussian_process,0,bucketed,last_depth,128,512,3,4,3.7367042750120163,3.2486650720238686,repeat indices align samples but methods were timed sequentially; use independent-resample intervals
6,gaussian_process,0,bucketed,last_depth,128,512,3,5,3.6881050392985344,3.710359774529934,repeat indices align samples but methods were timed sequentially; use independent-resample intervals
6,gaussian_process,0,bucketed,last_depth,128,512,3,6,3.9064162895083427,3.738581322133541,repeat indices align samples but methods were timed sequentially; use independent-resample intervals
6,gaussian_process,0,bucketed,last_depth,128,512,3,7,3.7975007221102715,3.6592943221330643,repeat indices align samples but methods were timed sequentially; use independent-resample intervals
6,gaussian_process,0,bucketed,last_depth,128,512,3,8,3.8081062361598015,3.6746280044317245,repeat indices align samples but methods were timed sequentially; use independent-resample intervals
6,gaussian_process,0,bucketed,last_depth,128,512,3,9,4.004825063049793,3.6899296417832375,repeat indices align samples but methods were timed sequentially; use independent-resample intervals
6,gaussian_process,0,bucketed,last_depth,128,512,3,10,3.9617753624916077,3.6540850400924683,repeat indices align samples but methods were timed sequentially; use independent-resample intervals
6,gaussian_process,0,bucketed,last_depth,128,512,3,11,3.7345807552337646,3.6484180837869644,repeat indices align samples but methods were timed sequentially; use independent-resample intervals
6,gaussian_process,0,bucketed,last_depth,128,512,3,12,4.206527851521969,3.6531287655234337,repeat indices align samples but methods were timed sequentially; use independent-resample intervals
6,gaussian_process,0,bucketed,last_depth,128,512,3,13,3.98856034129858,3.6463629081845284,repeat indices align samples but methods were timed sequentially; use independent-resample intervals
6,gaussian_process,0,bucketed,last_depth,128,512,3,14,3.9157349169254303,3.6698237657546997,repeat indices align samples but methods were timed sequentially; use independent-resample intervals
6,gaussian_process,0,bucketed,last_depth,128,512,3,15,3.607689432799816,3.7705836445093155,repeat indices align samples but methods were timed sequentially; use independent-resample intervals
6,gaussian_process,0,bucketed,last_depth,128,512,3,16,3.6817695572972298,3.702522285282612,repeat indices align samples but methods were timed sequentially; use independent-resample intervals
6,gaussian_process,0,bucketed,last_depth,128,512,3,17,4.239463105797768,3.566666468977928,repeat indices align samples but methods were timed sequentially; use independent-resample intervals
6,gaussian_process,0,bucketed,last_depth,128,512,3,18,3.6963893100619316,3.5373875200748444,repeat indices align samples but methods were timed sequentially; use independent-resample intervals
6,gaussian_process,0,bucketed,last_depth,128,512,3,19,3.810742385685444,4.098819449543953,repeat indices align samples but methods were timed sequentially; use independent-resample intervals
6,gaussian_process,0,bucketed,last_depth,128,512,3,20,3.5398950800299644,3.7127795293927193,repeat indices align samples but methods were timed sequentially; use independent-resample intervals
6,gaussian_process,0,bucketed,last_depth,128,512,3,21,3.7467298433184624,3.605560392141342,repeat indices align samples but methods were timed sequentially; use independent-resample intervals
6,gaussian_process,0,bucketed,last_depth,128,512,3,22,4.013393081724644,3.676087774336338,repeat indices align samples but methods were timed sequentially; use independent-resample intervals
6,gaussian_process,0,bucketed,last_depth,128,512,3,23,3.7363963797688484,3.6585437804460526,repeat indices align samples but methods were timed sequentially; use independent-resample intervals
6,gaussian_process,0,bucketed,last_depth,128,512,3,24,3.6326930448412895,3.6854527592658997,repeat indices align samples but methods were timed sequentially; use independent-resample intervals
6,gaussian_process,0,bucketed,last_depth,128,512,3,25,3.6201730519533157,3.528969593346119,repeat indices align samples but methods were timed sequentially; use independent-resample intervals
6,gaussian_process,0,bucketed,last_depth,128,512,3,26,3.5360683500766754,3.6074571311473846,repeat indices align samples but methods were timed sequentially; use independent-resample intervals
6,gaussian_process,0,bucketed,last_depth,128,512,3,27,3.6709950268268585,3.880953848361969,repeat indices align samples but methods were timed sequentially; use independent-resample intervals
6,gaussian_process,0,bucketed,last_depth,128,512,3,28,3.5280070826411247,3.553792953491211,repeat indices align samples but methods were timed sequentially; use independent-resample intervals
6,gaussian_process,0,bucketed,last_depth,128,512,3,29,3.5282162725925446,3.370123617351055,repeat indices align samples but methods were timed sequentially; use independent-resample intervals
7,gaussian_process,1,monolithic,monolithic,0,512,3,0,3.9854953438043594,3.9854953438043594,repeat indices align samples but methods were timed sequentially; use independent-resample intervals
7,gaussian_process,1,monolithic,monolithic,0,512,3,1,3.9335702136158943,3.9335702136158943,repeat indices align samples but methods were timed sequentially; use independent-resample intervals
7,gaussian_process,1,monolithic,monolithic,0,512,3,2,3.817336581647396,3.817336581647396,repeat indices align samples but methods were timed sequentially; use independent-resample intervals
7,gaussian_process,1,monolithic,monolithic,0,512,3,3,3.873087927699089,3.873087927699089,repeat indices align samples but methods were timed sequentially; use independent-resample intervals
7,gaussian_process,1,monolithic,monolithic,0,512,3,4,3.8131263852119446,3.8131263852119446,repeat indices align samples but methods were timed sequentially; use independent-resample intervals
7,gaussian_process,1,monolithic,monolithic,0,512,3,5,3.985948368906975,3.985948368906975,repeat indices align samples but methods were timed sequentially; use independent-resample intervals
7,gaussian_process,1,monolithic,monolithic,0,512,3,6,4.005892664194107,4.005892664194107,repeat indices align samples but methods were timed sequentially; use independent-resample intervals
7,gaussian_process,1,monolithic,monolithic,0,512,3,7,3.9767238721251488,3.9767238721251488,repeat indices align samples but methods were timed sequentially; use independent-resample intervals
7,gaussian_process,1,monolithic,monolithic,0,512,3,8,4.242081694304943,4.242081694304943,repeat indices align samples but methods were timed sequentially; use independent-resample intervals
7,gaussian_process,1,monolithic,monolithic,0,512,3,9,3.831130214035511,3.831130214035511,repeat indices align samples but methods were timed sequentially; use independent-resample intervals
7,gaussian_process,1,monolithic,monolithic,0,512,3,10,3.8417512699961662,3.8417512699961662,repeat indices align samples but methods were timed sequentially; use independent-resample intervals
7,gaussian_process,1,monolithic,monolithic,0,512,3,11,3.8188169673085213,3.8188169673085213,repeat indices align samples but methods were timed sequentially; use independent-resample intervals
7,gaussian_process,1,monolithic,monolithic,0,512,3,12,3.8382358625531197,3.8382358625531197,repeat indices align samples but methods were timed sequentially; use independent-resample intervals
7,gaussian_process,1,monolithic,monolithic,0,512,3,13,3.8951331079006195,3.8951331079006195,repeat indices align samples but methods were timed sequentially; use independent-resample intervals
7,gaussian_process,1,monolithic,monolithic,0,512,3,14,3.8323397040367126,3.8323397040367126,repeat indices align samples but methods were timed sequentially; use independent-resample intervals
7,gaussian_process,1,monolithic,monolithic,0,512,3,15,3.8603706806898117,3.8603706806898117,repeat indices align samples but methods were timed sequentially; use independent-resample intervals
7,gaussian_process,1,monolithic,monolithic,0,512,3,16,4.0760857462883,4.0760857462883,repeat indices align samples but methods were timed sequentially; use independent-resample intervals
7,gaussian_process,1,monolithic,monolithic,0,512,3,17,3.897144816815853,3.897144816815853,repeat indices align samples but methods were timed sequentially; use independent-resample intervals
7,gaussian_process,1,monolithic,monolithic,0,512,3,18,3.961218498647213,3.961218498647213,repeat indices align samples but methods were timed sequentially; use independent-resample intervals
7,gaussian_process,1,monolithic,monolithic,0,512,3,19,4.163493111729622,4.163493111729622,repeat indices align samples but methods were timed sequentially; use independent-resample intervals
7,gaussian_process,1,monolithic,monolithic,0,512,3,20,4.129930198192596,4.129930198192596,repeat indices align samples but methods were timed sequentially; use independent-resample intervals
7,gaussian_process,1,monolithic,monolithic,0,512,3,21,4.655446745455265,4.655446745455265,repeat indices align samples but methods were timed sequentially; use independent-resample intervals
7,gaussian_process,1,monolithic,monolithic,0,512,3,22,4.1106676533818245,4.1106676533818245,repeat indices align samples but methods were timed sequentially; use independent-resample intervals
7,gaussian_process,1,monolithic,monolithic,0,512,3,23,4.056847229599953,4.056847229599953,repeat indices align samples but methods were timed sequentially; use independent-resample intervals
7,gaussian_process,1,monolithic,monolithic,0,512,3,24,3.952895648777485,3.952895648777485,repeat indices align samples but methods were timed sequentially; use independent-resample intervals
7,gaussian_process,1,monolithic,monolithic,0,512,3,25,4.09684419631958,4.09684419631958,repeat indices align samples but methods were timed sequentially; use independent-resample intervals
7,gaussian_process,1,monolithic,monolithic,0,512,3,26,3.9382262974977493,3.9382262974977493,repeat indices align samples but methods were timed sequentially; use independent-resample intervals
7,gaussian_process,1,monolithic,monolithic,0,512,3,27,3.8831521943211555,3.8831521943211555,repeat indices align samples but methods were timed sequentially; use independent-resample intervals
7,gaussian_process,1,monolithic,monolithic,0,512,3,28,3.9136889651417732,3.9136889651417732,repeat indices align samples but methods were timed sequentially; use independent-resample intervals
7,gaussian_process,1,monolithic,monolithic,0,512,3,29,4.029891103506088,4.029891103506088,repeat indices align samples but methods were timed sequentially; use independent-resample intervals
8,gaussian_process,1,bucketed,none,64,512,3,0,4.299410559237003,3.9854953438043594,repeat indices align samples but methods were timed sequentially; use independent-resample intervals
8,gaussian_process,1,bucketed,none,64,512,3,1,3.7565374076366425,3.9335702136158943,repeat indices align samples but methods were timed sequentially; use independent-resample intervals
8,gaussian_process,1,bucketed,none,64,512,3,2,3.86237770318985,3.817336581647396,repeat indices align samples but methods were timed sequentially; use independent-resample intervals
8,gaussian_process,1,bucketed,none,64,512,3,3,4.002378448843956,3.873087927699089,repeat indices align samples but methods were timed sequentially; use independent-resample intervals
8,gaussian_process,1,bucketed,none,64,512,3,4,3.886788636445999,3.8131263852119446,repeat indices align samples but methods were timed sequentially; use independent-resample intervals
8,gaussian_process,1,bucketed,none,64,512,3,5,3.9737982526421547,3.985948368906975,repeat indices align samples but methods were timed sequentially; use independent-resample intervals
8,gaussian_process,1,bucketed,none,64,512,3,6,3.9265638068318367,4.005892664194107,repeat indices align samples but methods were timed sequentially; use independent-resample intervals
8,gaussian_process,1,bucketed,none,64,512,3,7,4.043383322656155,3.9767238721251488,repeat indices align samples but methods were timed sequentially; use independent-resample intervals
8,gaussian_process,1,bucketed,none,64,512,3,8,4.5133957862854,4.242081694304943,repeat indices align samples but methods were timed sequentially; use independent-resample intervals
8,gaussian_process,1,bucketed,none,64,512,3,9,3.8980706334114075,3.831130214035511,repeat indices align samples but methods were timed sequentially; use independent-resample intervals
8,gaussian_process,1,bucketed,none,64,512,3,10,3.9657448083162308,3.8417512699961662,repeat indices align samples but methods were timed sequentially; use independent-resample intervals
8,gaussian_process,1,bucketed,none,64,512,3,11,4.088699132204056,3.8188169673085213,repeat indices align samples but methods were timed sequentially; use independent-resample intervals
8,gaussian_process,1,bucketed,none,64,512,3,12,4.052739351987839,3.8382358625531197,repeat indices align samples but methods were timed sequentially; use independent-resample intervals
8,gaussian_process,1,bucketed,none,64,512,3,13,3.995218612253666,3.8951331079006195,repeat indices align samples but methods were timed sequentially; use independent-resample intervals
8,gaussian_process,1,bucketed,none,64,512,3,14,5.294187113642693,3.8323397040367126,repeat indices align samples but methods were timed sequentially; use independent-resample intervals
8,gaussian_process,1,bucketed,none,64,512,3,15,7.303439974784851,3.8603706806898117,repeat indices align samples but methods were timed sequentially; use independent-resample intervals
8,gaussian_process,1,bucketed,none,64,512,3,16,4.044220849871635,4.0760857462883,repeat indices align samples but methods were timed sequentially; use independent-resample intervals
8,gaussian_process,1,bucketed,none,64,512,3,17,3.755056567490101,3.897144816815853,repeat indices align samples but methods were timed sequentially; use independent-resample intervals
8,gaussian_process,1,bucketed,none,64,512,3,18,3.795205220580101,3.961218498647213,repeat indices align samples but methods were timed sequentially; use independent-resample intervals
8,gaussian_process,1,bucketed,none,64,512,3,19,3.835882805287838,4.163493111729622,repeat indices align samples but methods were timed sequentially; use independent-resample intervals
8,gaussian_process,1,bucketed,none,64,512,3,20,3.6866209506988525,4.129930198192596,repeat indices align samples but methods were timed sequentially; use independent-resample intervals
8,gaussian_process,1,bucketed,none,64,512,3,21,4.341944120824337,4.655446745455265,repeat indices align samples but methods were timed sequentially; use independent-resample intervals
8,gaussian_process,1,bucketed,none,64,512,3,22,4.240884140133858,4.1106676533818245,repeat indices align samples but methods were timed sequentially; use independent-resample intervals
8,gaussian_process,1,bucketed,none,64,512,3,23,3.686844877898693,4.056847229599953,repeat indices align samples but methods were timed sequentially; use independent-resample intervals
8,gaussian_process,1,bucketed,none,64,512,3,24,3.6055738478899,3.952895648777485,repeat indices align samples but methods were timed sequentially; use independent-resample intervals
8,gaussian_process,1,bucketed,none,64,512,3,25,3.656307615339756,4.09684419631958,repeat indices align samples but methods were timed sequentially; use independent-resample intervals
8,gaussian_process,1,bucketed,none,64,512,3,26,3.721070535480976,3.9382262974977493,repeat indices align samples but methods were timed sequentially; use independent-resample intervals
8,gaussian_process,1,bucketed,none,64,512,3,27,3.6414811462163925,3.8831521943211555,repeat indices align samples but methods were timed sequentially; use independent-resample intervals
8,gaussian_process,1,bucketed,none,64,512,3,28,3.662728115916252,3.9136889651417732,repeat indices align samples but methods were timed sequentially; use independent-resample intervals
8,gaussian_process,1,bucketed,none,64,512,3,29,3.637047201395035,4.029891103506088,repeat indices align samples but methods were timed sequentially; use independent-resample intervals
9,gaussian_process,1,bucketed,none,128,512,3,0,3.5632552206516266,3.9854953438043594,repeat indices align samples but methods were timed sequentially; use independent-resample intervals
9,gaussian_process,1,bucketed,none,128,512,3,1,3.6346604600548744,3.9335702136158943,repeat indices align samples but methods were timed sequentially; use independent-resample intervals
9,gaussian_process,1,bucketed,none,128,512,3,2,3.596666894853115,3.817336581647396,repeat indices align samples but methods were timed sequentially; use independent-resample intervals
9,gaussian_process,1,bucketed,none,128,512,3,3,3.6666589230298996,3.873087927699089,repeat indices align samples but methods were timed sequentially; use independent-resample intervals
9,gaussian_process,1,bucketed,none,128,512,3,4,3.6682620272040367,3.8131263852119446,repeat indices align samples but methods were timed sequentially; use independent-resample intervals
9,gaussian_process,1,bucketed,none,128,512,3,5,3.8133191987872124,3.985948368906975,repeat indices align samples but methods were timed sequentially; use independent-resample intervals
9,gaussian_process,1,bucketed,none,128,512,3,6,3.7122094705700874,4.005892664194107,repeat indices align samples but methods were timed sequentially; use independent-resample intervals
9,gaussian_process,1,bucketed,none,128,512,3,7,4.016896985471249,3.9767238721251488,repeat indices align samples but methods were timed sequentially; use independent-resample intervals
9,gaussian_process,1,bucketed,none,128,512,3,8,4.665899619460106,4.242081694304943,repeat indices align samples but methods were timed sequentially; use independent-resample intervals
9,gaussian_process,1,bucketed,none,128,512,3,9,3.648044541478157,3.831130214035511,repeat indices align samples but methods were timed sequentially; use independent-resample intervals
9,gaussian_process,1,bucketed,none,128,512,3,10,3.6445174366235733,3.8417512699961662,repeat indices align samples but methods were timed sequentially; use independent-resample intervals
9,gaussian_process,1,bucketed,none,128,512,3,11,3.641012765467167,3.8188169673085213,repeat indices align samples but methods were timed sequentially; use independent-resample intervals
9,gaussian_process,1,bucketed,none,128,512,3,12,3.601620391011238,3.8382358625531197,repeat indices align samples but methods were timed sequentially; use independent-resample intervals
9,gaussian_process,1,bucketed,none,128,512,3,13,3.6600909531116486,3.8951331079006195,repeat indices align samples but methods were timed sequentially; use independent-resample intervals
9,gaussian_process,1,bucketed,none,128,512,3,14,3.752739779651165,3.8323397040367126,repeat indices align samples but methods were timed sequentially; use independent-resample intervals
9,gaussian_process,1,bucketed,none,128,512,3,15,3.851771079003811,3.8603706806898117,repeat indices align samples but methods were timed sequentially; use independent-resample intervals
9,gaussian_process,1,bucketed,none,128,512,3,16,4.418177507817745,4.0760857462883,repeat indices align samples but methods were timed sequentially; use independent-resample intervals
9,gaussian_process,1,bucketed,none,128,512,3,17,3.8666463643312454,3.897144816815853,repeat indices align samples but methods were timed sequentially; use independent-resample intervals
9,gaussian_process,1,bucketed,none,128,512,3,18,3.963340789079666,3.961218498647213,repeat indices align samples but methods were timed sequentially; use independent-resample intervals
9,gaussian_process,1,bucketed,none,128,512,3,19,4.1129394844174385,4.163493111729622,repeat indices align samples but methods were timed sequentially; use independent-resample intervals
9,gaussian_process,1,bucketed,none,128,512,3,20,4.113682799041271,4.129930198192596,repeat indices align samples but methods were timed sequentially; use independent-resample intervals
9,gaussian_process,1,bucketed,none,128,512,3,21,3.797903724014759,4.655446745455265,repeat indices align samples but methods were timed sequentially; use independent-resample intervals
9,gaussian_process,1,bucketed,none,128,512,3,22,3.9050577133893967,4.1106676533818245,repeat indices align samples but methods were timed sequentially; use independent-resample intervals
9,gaussian_process,1,bucketed,none,128,512,3,23,4.249976083636284,4.056847229599953,repeat indices align samples but methods were timed sequentially; use independent-resample intervals
9,gaussian_process,1,bucketed,none,128,512,3,24,4.038517944514751,3.952895648777485,repeat indices align samples but methods were timed sequentially; use independent-resample intervals
9,gaussian_process,1,bucketed,none,128,512,3,25,4.020332559943199,4.09684419631958,repeat indices align samples but methods were timed sequentially; use independent-resample intervals
9,gaussian_process,1,bucketed,none,128,512,3,26,3.9713271036744118,3.9382262974977493,repeat indices align samples but methods were timed sequentially; use independent-resample intervals
9,gaussian_process,1,bucketed,none,128,512,3,27,3.9436332881450653,3.8831521943211555,repeat indices align samples but methods were timed sequentially; use independent-resample intervals
9,gaussian_process,1,bucketed,none,128,512,3,28,3.8486393243074417,3.9136889651417732,repeat indices align samples but methods were timed sequentially; use independent-resample intervals
9,gaussian_process,1,bucketed,none,128,512,3,29,3.8379367664456367,4.029891103506088,repeat indices align samples but methods were timed sequentially; use independent-resample intervals
10,gaussian_process,1,bucketed,history,64,512,3,0,4.249235861003399,3.9854953438043594,repeat indices align samples but methods were timed sequentially; use independent-resample intervals
10,gaussian_process,1,bucketed,history,64,512,3,1,4.106804005801678,3.9335702136158943,repeat indices align samples but methods were timed sequentially; use independent-resample intervals
10,gaussian_process,1,bucketed,history,64,512,3,2,4.217203237116337,3.817336581647396,repeat indices align samples but methods were timed sequentially; use independent-resample intervals
10,gaussian_process,1,bucketed,history,64,512,3,3,4.0920166075229645,3.873087927699089,repeat indices align samples but methods were timed sequentially; use independent-resample intervals
10,gaussian_process,1,bucketed,history,64,512,3,4,3.8576281368732452,3.8131263852119446,repeat indices align samples but methods were timed sequentially; use independent-resample intervals
10,gaussian_process,1,bucketed,history,64,512,3,5,3.7906529083848,3.985948368906975,repeat indices align samples but methods were timed sequentially; use independent-resample intervals
10,gaussian_process,1,bucketed,history,64,512,3,6,3.746979795396328,4.005892664194107,repeat indices align samples but methods were timed sequentially; use independent-resample intervals
10,gaussian_process,1,bucketed,history,64,512,3,7,3.748417243361473,3.9767238721251488,repeat indices align samples but methods were timed sequentially; use independent-resample intervals
10,gaussian_process,1,bucketed,history,64,512,3,8,3.9808730483055115,4.242081694304943,repeat indices align samples but methods were timed sequentially; use independent-resample intervals
10,gaussian_process,1,bucketed,history,64,512,3,9,3.985480412840843,3.831130214035511,repeat indices align samples but methods were timed sequentially; use independent-resample intervals
10,gaussian_process,1,bucketed,history,64,512,3,10,3.861412674188614,3.8417512699961662,repeat indices align samples but methods were timed sequentially; use independent-resample intervals
10,gaussian_process,1,bucketed,history,64,512,3,11,3.7003447338938713,3.8188169673085213,repeat indices align samples but methods were timed sequentially; use independent-resample intervals
10,gaussian_process,1,bucketed,history,64,512,3,12,3.747055821120739,3.8382358625531197,repeat indices align samples but methods were timed sequentially; use independent-resample intervals
10,gaussian_process,1,bucketed,history,64,512,3,13,3.826118618249893,3.8951331079006195,repeat indices align samples but methods were timed sequentially; use independent-resample intervals
10,gaussian_process,1,bucketed,history,64,512,3,14,3.904134549200535,3.8323397040367126,repeat indices align samples but methods were timed sequentially; use independent-resample intervals
10,gaussian_process,1,bucketed,history,64,512,3,15,3.934757389128208,3.8603706806898117,repeat indices align samples but methods were timed sequentially; use independent-resample intervals
10,gaussian_process,1,bucketed,history,64,512,3,16,3.891728512942791,4.0760857462883,repeat indices align samples but methods were timed sequentially; use independent-resample intervals
10,gaussian_process,1,bucketed,history,64,512,3,17,4.160860814154148,3.897144816815853,repeat indices align samples but methods were timed sequentially; use independent-resample intervals
10,gaussian_process,1,bucketed,history,64,512,3,18,3.89752896130085,3.961218498647213,repeat indices align samples but methods were timed sequentially; use independent-resample intervals
10,gaussian_process,1,bucketed,history,64,512,3,19,3.9076375514268875,4.163493111729622,repeat indices align samples but methods were timed sequentially; use independent-resample intervals
10,gaussian_process,1,bucketed,history,64,512,3,20,4.503135107457638,4.129930198192596,repeat indices align samples but methods were timed sequentially; use independent-resample intervals
10,gaussian_process,1,bucketed,history,64,512,3,21,3.7558602765202522,4.655446745455265,repeat indices align samples but methods were timed sequentially; use independent-resample intervals
10,gaussian_process,1,bucketed,history,64,512,3,22,3.8901482224464417,4.1106676533818245,repeat indices align samples but methods were timed sequentially; use independent-resample intervals
10,gaussian_process,1,bucketed,history,64,512,3,23,3.857524409890175,4.056847229599953,repeat indices align samples but methods were timed sequentially; use independent-resample intervals
10,gaussian_process,1,bucketed,history,64,512,3,24,3.9039188027381897,3.952895648777485,repeat indices align samples but methods were timed sequentially; use independent-resample intervals
10,gaussian_process,1,bucketed,history,64,512,3,25,3.9617418199777603,4.09684419631958,repeat indices align samples but methods were timed sequentially; use independent-resample intervals
10,gaussian_process,1,bucketed,history,64,512,3,26,3.93160530179739,3.9382262974977493,repeat indices align samples but methods were timed sequentially; use independent-resample intervals
10,gaussian_process,1,bucketed,history,64,512,3,27,3.6452969908714294,3.8831521943211555,repeat indices align samples but methods were timed sequentially; use independent-resample intervals
10,gaussian_process,1,bucketed,history,64,512,3,28,3.7375249341130257,3.9136889651417732,repeat indices align samples but methods were timed sequentially; use independent-resample intervals
10,gaussian_process,1,bucketed,history,64,512,3,29,3.8276369720697403,4.029891103506088,repeat indices align samples but methods were timed sequentially; use independent-resample intervals
11,gaussian_process,1,bucketed,history,128,512,3,0,3.573215901851654,3.9854953438043594,repeat indices align samples but methods were timed sequentially; use independent-resample intervals
11,gaussian_process,1,bucketed,history,128,512,3,1,3.6634594798088074,3.9335702136158943,repeat indices align samples but methods were timed sequentially; use independent-resample intervals
11,gaussian_process,1,bucketed,history,128,512,3,2,3.5139504447579384,3.817336581647396,repeat indices align samples but methods were timed sequentially; use independent-resample intervals
11,gaussian_process,1,bucketed,history,128,512,3,3,3.676453873515129,3.873087927699089,repeat indices align samples but methods were timed sequentially; use independent-resample intervals
11,gaussian_process,1,bucketed,history,128,512,3,4,3.6163131669163704,3.8131263852119446,repeat indices align samples but methods were timed sequentially; use independent-resample intervals
11,gaussian_process,1,bucketed,history,128,512,3,5,3.686234250664711,3.985948368906975,repeat indices align samples but methods were timed sequentially; use independent-resample intervals
11,gaussian_process,1,bucketed,history,128,512,3,6,3.8951791748404503,4.005892664194107,repeat indices align samples but methods were timed sequentially; use independent-resample intervals
11,gaussian_process,1,bucketed,history,128,512,3,7,3.8241968750953674,3.9767238721251488,repeat indices align samples but methods were timed sequentially; use independent-resample intervals
11,gaussian_process,1,bucketed,history,128,512,3,8,3.8368084356188774,4.242081694304943,repeat indices align samples but methods were timed sequentially; use independent-resample intervals
11,gaussian_process,1,bucketed,history,128,512,3,9,4.05926338583231,3.831130214035511,repeat indices align samples but methods were timed sequentially; use independent-resample intervals
11,gaussian_process,1,bucketed,history,128,512,3,10,3.902223937213421,3.8417512699961662,repeat indices align samples but methods were timed sequentially; use independent-resample intervals
11,gaussian_process,1,bucketed,history,128,512,3,11,4.086105860769749,3.8188169673085213,repeat indices align samples but methods were timed sequentially; use independent-resample intervals
11,gaussian_process,1,bucketed,history,128,512,3,12,3.842339873313904,3.8382358625531197,repeat indices align samples but methods were timed sequentially; use independent-resample intervals
11,gaussian_process,1,bucketed,history,128,512,3,13,4.181663975119591,3.8951331079006195,repeat indices align samples but methods were timed sequentially; use independent-resample intervals
11,gaussian_process,1,bucketed,history,128,512,3,14,4.042561784386635,3.8323397040367126,repeat indices align samples but methods were timed sequentially; use independent-resample intervals
11,gaussian_process,1,bucketed,history,128,512,3,15,3.909111127257347,3.8603706806898117,repeat indices align samples but methods were timed sequentially; use independent-resample intervals
11,gaussian_process,1,bucketed,history,128,512,3,16,3.866249106824398,4.0760857462883,repeat indices align samples but methods were timed sequentially; use independent-resample intervals
11,gaussian_process,1,bucketed,history,128,512,3,17,4.0747247487306595,3.897144816815853,repeat indices align samples but methods were timed sequentially; use independent-resample intervals
11,gaussian_process,1,bucketed,history,128,512,3,18,4.219424940645695,3.961218498647213,repeat indices align samples but methods were timed sequentially; use independent-resample intervals
11,gaussian_process,1,bucketed,history,128,512,3,19,4.089681968092918,4.163493111729622,repeat indices align samples but methods were timed sequentially; use independent-resample intervals
11,gaussian_process,1,bucketed,history,128,512,3,20,4.306405872106552,4.129930198192596,repeat indices align samples but methods were timed sequentially; use independent-resample intervals
11,gaussian_process,1,bucketed,history,128,512,3,21,4.060426153242588,4.655446745455265,repeat indices align samples but methods were timed sequentially; use independent-resample intervals
11,gaussian_process,1,bucketed,history,128,512,3,22,3.9358905106782913,4.1106676533818245,repeat indices align samples but methods were timed sequentially; use independent-resample intervals
11,gaussian_process,1,bucketed,history,128,512,3,23,3.7210941463708878,4.056847229599953,repeat indices align samples but methods were timed sequentially; use independent-resample intervals
11,gaussian_process,1,bucketed,history,128,512,3,24,3.9950031042099,3.952895648777485,repeat indices align samples but methods were timed sequentially; use independent-resample intervals
11,gaussian_process,1,bucketed,history,128,512,3,25,3.91021491587162,4.09684419631958,repeat indices align samples but methods were timed sequentially; use independent-resample intervals
11,gaussian_process,1,bucketed,history,128,512,3,26,3.766380660235882,3.9382262974977493,repeat indices align samples but methods were timed sequentially; use independent-resample intervals
11,gaussian_process,1,bucketed,history,128,512,3,27,3.658740319311619,3.8831521943211555,repeat indices align samples but methods were timed sequentially; use independent-resample intervals
11,gaussian_process,1,bucketed,history,128,512,3,28,3.966834343969822,3.9136889651417732,repeat indices align samples but methods were timed sequentially; use independent-resample intervals
11,gaussian_process,1,bucketed,history,128,512,3,29,3.849252313375473,4.029891103506088,repeat indices align samples but methods were timed sequentially; use independent-resample intervals
12,gaussian_process,1,bucketed,last_depth,64,512,3,0,3.9021164625883102,3.9854953438043594,repeat indices align samples but methods were timed sequentially; use independent-resample intervals
12,gaussian_process,1,bucketed,last_depth,64,512,3,1,3.9772437438368797,3.9335702136158943,repeat indices align samples but methods were timed sequentially; use independent-resample intervals
12,gaussian_process,1,bucketed,last_depth,64,512,3,2,4.041296057403088,3.817336581647396,repeat indices align samples but methods were timed sequentially; use independent-resample intervals
12,gaussian_process,1,bucketed,last_depth,64,512,3,3,3.9243817552924156,3.873087927699089,repeat indices align samples but methods were timed sequentially; use independent-resample intervals
12,gaussian_process,1,bucketed,last_depth,64,512,3,4,3.9162485525012016,3.8131263852119446,repeat indices align samples but methods were timed sequentially; use independent-resample intervals
12,gaussian_process,1,bucketed,last_depth,64,512,3,5,3.9629425033926964,3.985948368906975,repeat indices align samples but methods were timed sequentially; use independent-resample intervals
12,gaussian_process,1,bucketed,last_depth,64,512,3,6,3.9466954469680786,4.005892664194107,repeat indices align samples but methods were timed sequentially; use independent-resample intervals
12,gaussian_process,1,bucketed,last_depth,64,512,3,7,3.9878885746002197,3.9767238721251488,repeat indices align samples but methods were timed sequentially; use independent-resample intervals
12,gaussian_process,1,bucketed,last_depth,64,512,3,8,4.049885742366314,4.242081694304943,repeat indices align samples but methods were timed sequentially; use independent-resample intervals
12,gaussian_process,1,bucketed,last_depth,64,512,3,9,4.0869047194719315,3.831130214035511,repeat indices align samples but methods were timed sequentially; use independent-resample intervals
12,gaussian_process,1,bucketed,last_depth,64,512,3,10,4.141077607870102,3.8417512699961662,repeat indices align samples but methods were timed sequentially; use independent-resample intervals
12,gaussian_process,1,bucketed,last_depth,64,512,3,11,4.134693488478661,3.8188169673085213,repeat indices align samples but methods were timed sequentially; use independent-resample intervals
12,gaussian_process,1,bucketed,last_depth,64,512,3,12,3.9301993250846863,3.8382358625531197,repeat indices align samples but methods were timed sequentially; use independent-resample intervals
12,gaussian_process,1,bucketed,last_depth,64,512,3,13,4.058605521917343,3.8951331079006195,repeat indices align samples but methods were timed sequentially; use independent-resample intervals
12,gaussian_process,1,bucketed,last_depth,64,512,3,14,3.9851331412792206,3.8323397040367126,repeat indices align samples but methods were timed sequentially; use independent-resample intervals
12,gaussian_process,1,bucketed,last_depth,64,512,3,15,3.908746026456356,3.8603706806898117,repeat indices align samples but methods were timed sequentially; use independent-resample intervals
12,gaussian_process,1,bucketed,last_depth,64,512,3,16,4.250138886272907,4.0760857462883,repeat indices align samples but methods were timed sequentially; use independent-resample intervals
12,gaussian_process,1,bucketed,last_depth,64,512,3,17,4.163554519414902,3.897144816815853,repeat indices align samples but methods were timed sequentially; use independent-resample intervals
12,gaussian_process,1,bucketed,last_depth,64,512,3,18,3.84915928542614,3.961218498647213,repeat indices align samples but methods were timed sequentially; use independent-resample intervals
12,gaussian_process,1,bucketed,last_depth,64,512,3,19,3.8715713173151016,4.163493111729622,repeat indices align samples but methods were timed sequentially; use independent-resample intervals
12,gaussian_process,1,bucketed,last_depth,64,512,3,20,4.0197639092803,4.129930198192596,repeat indices align samples but methods were timed sequentially; use independent-resample intervals
12,gaussian_process,1,bucketed,last_depth,64,512,3,21,4.079954192042351,4.655446745455265,repeat indices align samples but methods were timed sequentially; use independent-resample intervals
12,gaussian_process,1,bucketed,last_depth,64,512,3,22,4.013424381613731,4.1106676533818245,repeat indices align samples but methods were timed sequentially; use independent-resample intervals
12,gaussian_process,1,bucketed,last_depth,64,512,3,23,3.862414948642254,4.056847229599953,repeat indices align samples but methods were timed sequentially; use independent-resample intervals
12,gaussian_process,1,bucketed,last_depth,64,512,3,24,3.922893762588501,3.952895648777485,repeat indices align samples but methods were timed sequentially; use independent-resample intervals
12,gaussian_process,1,bucketed,last_depth,64,512,3,25,4.234194651246071,4.09684419631958,repeat indices align samples but methods were timed sequentially; use independent-resample intervals
12,gaussian_process,1,bucketed,last_depth,64,512,3,26,4.339128017425537,3.9382262974977493,repeat indices align samples but methods were timed sequentially; use independent-resample intervals
12,gaussian_process,1,bucketed,last_depth,64,512,3,27,3.91002506762743,3.8831521943211555,repeat indices align samples but methods were timed sequentially; use independent-resample intervals
12,gaussian_process,1,bucketed,last_depth,64,512,3,28,4.225985944271088,3.9136889651417732,repeat indices align samples but methods were timed sequentially; use independent-resample intervals
12,gaussian_process,1,bucketed,last_depth,64,512,3,29,4.31086553633213,4.029891103506088,repeat indices align samples but methods were timed sequentially; use independent-resample intervals
13,gaussian_process,1,bucketed,last_depth,128,512,3,0,3.8046214058995247,3.9854953438043594,repeat indices align samples but methods were timed sequentially; use independent-resample intervals
13,gaussian_process,1,bucketed,last_depth,128,512,3,1,4.520356751978397,3.9335702136158943,repeat indices align samples but methods were timed sequentially; use independent-resample intervals
13,gaussian_process,1,bucketed,last_depth,128,512,3,2,5.3058013170957565,3.817336581647396,repeat indices align samples but methods were timed sequentially; use independent-resample intervals
13,gaussian_process,1,bucketed,last_depth,128,512,3,3,5.247922897338867,3.873087927699089,repeat indices align samples but methods were timed sequentially; use independent-resample intervals
13,gaussian_process,1,bucketed,last_depth,128,512,3,4,4.3755519688129425,3.8131263852119446,repeat indices align samples but methods were timed sequentially; use independent-resample intervals
13,gaussian_process,1,bucketed,last_depth,128,512,3,5,3.8647279515862465,3.985948368906975,repeat indices align samples but methods were timed sequentially; use independent-resample intervals
13,gaussian_process,1,bucketed,last_depth,128,512,3,6,3.802014395594597,4.005892664194107,repeat indices align samples but methods were timed sequentially; use independent-resample intervals
13,gaussian_process,1,bucketed,last_depth,128,512,3,7,3.9108872786164284,3.9767238721251488,repeat indices align samples but methods were timed sequentially; use independent-resample intervals
13,gaussian_process,1,bucketed,last_depth,128,512,3,8,3.953899160027504,4.242081694304943,repeat indices align samples but methods were timed sequentially; use independent-resample intervals
13,gaussian_process,1,bucketed,last_depth,128,512,3,9,3.9506965428590775,3.831130214035511,repeat indices align samples but methods were timed sequentially; use independent-resample intervals
13,gaussian_process,1,bucketed,last_depth,128,512,3,10,3.7364316284656525,3.8417512699961662,repeat indices align samples but methods were timed sequentially; use independent-resample intervals
13,gaussian_process,1,bucketed,last_depth,128,512,3,11,3.763784557580948,3.8188169673085213,repeat indices align samples but methods were timed sequentially; use independent-resample intervals
13,gaussian_process,1,bucketed,last_depth,128,512,3,12,3.6950769424438477,3.8382358625531197,repeat indices align samples but methods were timed sequentially; use independent-resample intervals
13,gaussian_process,1,bucketed,last_depth,128,512,3,13,3.703618608415127,3.8951331079006195,repeat indices align samples but methods were timed sequentially; use independent-resample intervals
13,gaussian_process,1,bucketed,last_depth,128,512,3,14,3.616207018494606,3.8323397040367126,repeat indices align samples but methods were timed sequentially; use independent-resample intervals
13,gaussian_process,1,bucketed,last_depth,128,512,3,15,3.8550241738557816,3.8603706806898117,repeat indices align samples but methods were timed sequentially; use independent-resample intervals
13,gaussian_process,1,bucketed,last_depth,128,512,3,16,3.8173333555459976,4.0760857462883,repeat indices align samples but methods were timed sequentially; use independent-resample intervals
13,gaussian_process,1,bucketed,last_depth,128,512,3,17,3.802665762603283,3.897144816815853,repeat indices align samples but methods were timed sequentially; use independent-resample intervals
13,gaussian_process,1,bucketed,last_depth,128,512,3,18,3.9200362786650658,3.961218498647213,repeat indices align samples but methods were timed sequentially; use independent-resample intervals
13,gaussian_process,1,bucketed,last_depth,128,512,3,19,3.784386806190014,4.163493111729622,repeat indices align samples but methods were timed sequentially; use independent-resample intervals
13,gaussian_process,1,bucketed,last_depth,128,512,3,20,4.151970759034157,4.129930198192596,repeat indices align samples but methods were timed sequentially; use independent-resample intervals
13,gaussian_process,1,bucketed,last_depth,128,512,3,21,3.8907600045204163,4.655446745455265,repeat indices align samples but methods were timed sequentially; use independent-resample intervals
13,gaussian_process,1,bucketed,last_depth,128,512,3,22,3.7291722893714905,4.1106676533818245,repeat indices align samples but methods were timed sequentially; use independent-resample intervals
13,gaussian_process,1,bucketed,last_depth,128,512,3,23,3.754265680909157,4.056847229599953,repeat indices align samples but methods were timed sequentially; use independent-resample intervals
13,gaussian_process,1,bucketed,last_depth,128,512,3,24,3.7847860157489777,3.952895648777485,repeat indices align samples but methods were timed sequentially; use independent-resample intervals
13,gaussian_process,1,bucketed,last_depth,128,512,3,25,3.8254732191562653,4.09684419631958,repeat indices align samples but methods were timed sequentially; use independent-resample intervals
13,gaussian_process,1,bucketed,last_depth,128,512,3,26,3.8792083635926247,3.9382262974977493,repeat indices align samples but methods were timed sequentially; use independent-resample intervals
13,gaussian_process,1,bucketed,last_depth,128,512,3,27,3.6215515583753586,3.8831521943211555,repeat indices align samples but methods were timed sequentially; use independent-resample intervals
13,gaussian_process,1,bucketed,last_depth,128,512,3,28,3.6204083412885666,3.9136889651417732,repeat indices align samples but methods were timed sequentially; use independent-resample intervals
13,gaussian_process,1,bucketed,last_depth,128,512,3,29,3.716520994901657,4.029891103506088,repeat indices align samples but methods were timed sequentially; use independent-resample intervals
14,gaussian_process,2,monolithic,monolithic,0,512,3,0,3.8564752861857414,3.8564752861857414,repeat indices align samples but methods were timed sequentially; use independent-resample intervals
14,gaussian_process,2,monolithic,monolithic,0,512,3,1,4.059087254106998,4.059087254106998,repeat indices align samples but methods were timed sequentially; use independent-resample intervals
14,gaussian_process,2,monolithic,monolithic,0,512,3,2,4.002270199358463,4.002270199358463,repeat indices align samples but methods were timed sequentially; use independent-resample intervals
14,gaussian_process,2,monolithic,monolithic,0,512,3,3,4.006405018270016,4.006405018270016,repeat indices align samples but methods were timed sequentially; use independent-resample intervals
14,gaussian_process,2,monolithic,monolithic,0,512,3,4,3.8300057873129845,3.8300057873129845,repeat indices align samples but methods were timed sequentially; use independent-resample intervals
14,gaussian_process,2,monolithic,monolithic,0,512,3,5,3.767835356295109,3.767835356295109,repeat indices align samples but methods were timed sequentially; use independent-resample intervals
14,gaussian_process,2,monolithic,monolithic,0,512,3,6,3.9844108894467354,3.9844108894467354,repeat indices align samples but methods were timed sequentially; use independent-resample intervals
14,gaussian_process,2,monolithic,monolithic,0,512,3,7,4.097555339336395,4.097555339336395,repeat indices align samples but methods were timed sequentially; use independent-resample intervals
14,gaussian_process,2,monolithic,monolithic,0,512,3,8,3.743784584105015,3.743784584105015,repeat indices align samples but methods were timed sequentially; use independent-resample intervals
14,gaussian_process,2,monolithic,monolithic,0,512,3,9,3.885518506169319,3.885518506169319,repeat indices align samples but methods were timed sequentially; use independent-resample intervals
14,gaussian_process,2,monolithic,monolithic,0,512,3,10,4.017082877457142,4.017082877457142,repeat indices align samples but methods were timed sequentially; use independent-resample intervals
14,gaussian_process,2,monolithic,monolithic,0,512,3,11,3.9708704724907875,3.9708704724907875,repeat indices align samples but methods were timed sequentially; use independent-resample intervals
14,gaussian_process,2,monolithic,monolithic,0,512,3,12,3.8034128323197365,3.8034128323197365,repeat indices align samples but methods were timed sequentially; use independent-resample intervals
14,gaussian_process,2,monolithic,monolithic,0,512,3,13,3.8487339839339256,3.8487339839339256,repeat indices align samples but methods were timed sequentially; use independent-resample intervals
14,gaussian_process,2,monolithic,monolithic,0,512,3,14,4.1693411991000175,4.1693411991000175,repeat indices align samples but methods were timed sequentially; use independent-resample intervals
14,gaussian_process,2,monolithic,monolithic,0,512,3,15,4.416634485125542,4.416634485125542,repeat indices align samples but methods were timed sequentially; use independent-resample intervals
14,gaussian_process,2,monolithic,monolithic,0,512,3,16,4.408651068806648,4.408651068806648,repeat indices align samples but methods were timed sequentially; use independent-resample intervals
14,gaussian_process,2,monolithic,monolithic,0,512,3,17,4.079533018171787,4.079533018171787,repeat indices align samples but methods were timed sequentially; use independent-resample intervals
14,gaussian_process,2,monolithic,monolithic,0,512,3,18,4.093519061803818,4.093519061803818,repeat indices align samples but methods were timed sequentially; use independent-resample intervals
14,gaussian_process,2,monolithic,monolithic,0,512,3,19,4.130339130759239,4.130339130759239,repeat indices align samples but methods were timed sequentially; use independent-resample intervals
14,gaussian_process,2,monolithic,monolithic,0,512,3,20,4.425175420939922,4.425175420939922,repeat indices align samples but methods were timed sequentially; use independent-resample intervals
14,gaussian_process,2,monolithic,monolithic,0,512,3,21,4.344083346426487,4.344083346426487,repeat indices align samples but methods were timed sequentially; use independent-resample intervals
14,gaussian_process,2,monolithic,monolithic,0,512,3,22,4.446376897394657,4.446376897394657,repeat indices align samples but methods were timed sequentially; use independent-resample intervals
14,gaussian_process,2,monolithic,monolithic,0,512,3,23,4.7247971668839455,4.7247971668839455,repeat indices align samples but methods were timed sequentially; use independent-resample intervals
14,gaussian_process,2,monolithic,monolithic,0,512,3,24,4.83482750505209,4.83482750505209,repeat indices align samples but methods were timed sequentially; use independent-resample intervals
14,gaussian_process,2,monolithic,monolithic,0,512,3,25,5.068181894719601,5.068181894719601,repeat indices align samples but methods were timed sequentially; use independent-resample intervals
14,gaussian_process,2,monolithic,monolithic,0,512,3,26,4.435545824468136,4.435545824468136,repeat indices align samples but methods were timed sequentially; use independent-resample intervals
14,gaussian_process,2,monolithic,monolithic,0,512,3,27,4.348314814269543,4.348314814269543,repeat indices align samples but methods were timed sequentially; use independent-resample intervals
14,gaussian_process,2,monolithic,monolithic,0,512,3,28,4.032675184309483,4.032675184309483,repeat indices align samples but methods were timed sequentially; use independent-resample intervals
14,gaussian_process,2,monolithic,monolithic,0,512,3,29,4.43180526047945,4.43180526047945,repeat indices align samples but methods were timed sequentially; use independent-resample intervals
15,gaussian_process,2,bucketed,none,64,512,3,0,4.4426379352808,3.8564752861857414,repeat indices align samples but methods were timed sequentially; use independent-resample intervals
15,gaussian_process,2,bucketed,none,64,512,3,1,4.312651991844177,4.059087254106998,repeat indices align samples but methods were timed sequentially; use independent-resample intervals
15,gaussian_process,2,bucketed,none,64,512,3,2,4.272629372775555,4.002270199358463,repeat indices align samples but methods were timed sequentially; use independent-resample intervals
15,gaussian_process,2,bucketed,none,64,512,3,3,4.187954969704151,4.006405018270016,repeat indices align samples but methods were timed sequentially; use independent-resample intervals
15,gaussian_process,2,bucketed,none,64,512,3,4,4.203715153038502,3.8300057873129845,repeat indices align samples but methods were timed sequentially; use independent-resample intervals
15,gaussian_process,2,bucketed,none,64,512,3,5,4.595303803682327,3.767835356295109,repeat indices align samples but methods were timed sequentially; use independent-resample intervals
15,gaussian_process,2,bucketed,none,64,512,3,6,4.585040047764778,3.9844108894467354,repeat indices align samples but methods were timed sequentially; use independent-resample intervals
15,gaussian_process,2,bucketed,none,64,512,3,7,4.954576313495636,4.097555339336395,repeat indices align samples but methods were timed sequentially; use independent-resample intervals
15,gaussian_process,2,bucketed,none,64,512,3,8,4.8209195882081985,3.743784584105015,repeat indices align samples but methods were timed sequentially; use independent-resample intervals
15,gaussian_process,2,bucketed,none,64,512,3,9,4.3574370965361595,3.885518506169319,repeat indices align samples but methods were timed sequentially; use independent-resample intervals
15,gaussian_process,2,bucketed,none,64,512,3,10,4.422073870897293,4.017082877457142,repeat indices align samples but methods were timed sequentially; use independent-resample intervals
15,gaussian_process,2,bucketed,none,64,512,3,11,4.169160269200802,3.9708704724907875,repeat indices align samples but methods were timed sequentially; use independent-resample intervals
15,gaussian_process,2,bucketed,none,64,512,3,12,4.050703838467598,3.8034128323197365,repeat indices align samples but methods were timed sequentially; use independent-resample intervals
15,gaussian_process,2,bucketed,none,64,512,3,13,4.428802467882633,3.8487339839339256,repeat indices align samples but methods were timed sequentially; use independent-resample intervals
15,gaussian_process,2,bucketed,none,64,512,3,14,4.295785181224346,4.1693411991000175,repeat indices align samples but methods were timed sequentially; use independent-resample intervals
15,gaussian_process,2,bucketed,none,64,512,3,15,3.958305887877941,4.416634485125542,repeat indices align samples but methods were timed sequentially; use independent-resample intervals
15,gaussian_process,2,bucketed,none,64,512,3,16,4.377968281507492,4.408651068806648,repeat indices align samples but methods were timed sequentially; use independent-resample intervals
15,gaussian_process,2,bucketed,none,64,512,3,17,4.470026582479477,4.079533018171787,repeat indices align samples but methods were timed sequentially; use independent-resample intervals
15,gaussian_process,2,bucketed,none,64,512,3,18,5.197041518986225,4.093519061803818,repeat indices align samples but methods were timed sequentially; use independent-resample intervals
15,gaussian_process,2,bucketed,none,64,512,3,19,4.959977827966213,4.130339130759239,repeat indices align samples but methods were timed sequentially; use independent-resample intervals
15,gaussian_process,2,bucketed,none,64,512,3,20,3.922544613480568,4.425175420939922,repeat indices align samples but methods were timed sequentially; use independent-resample intervals
15,gaussian_process,2,bucketed,none,64,512,3,21,4.094277277588844,4.344083346426487,repeat indices align samples but methods were timed sequentially; use independent-resample intervals
15,gaussian_process,2,bucketed,none,64,512,3,22,3.943729341030121,4.446376897394657,repeat indices align samples but methods were timed sequentially; use independent-resample intervals
15,gaussian_process,2,bucketed,none,64,512,3,23,3.918875530362129,4.7247971668839455,repeat indices align samples but methods were timed sequentially; use independent-resample intervals
15,gaussian_process,2,bucketed,none,64,512,3,24,3.825661413371563,4.83482750505209,repeat indices align samples but methods were timed sequentially; use independent-resample intervals
15,gaussian_process,2,bucketed,none,64,512,3,25,3.981153830885887,5.068181894719601,repeat indices align samples but methods were timed sequentially; use independent-resample intervals
15,gaussian_process,2,bucketed,none,64,512,3,26,4.101138092577457,4.435545824468136,repeat indices align samples but methods were timed sequentially; use independent-resample intervals
15,gaussian_process,2,bucketed,none,64,512,3,27,3.9173209369182587,4.348314814269543,repeat indices align samples but methods were timed sequentially; use independent-resample intervals
15,gaussian_process,2,bucketed,none,64,512,3,28,4.02685210108757,4.032675184309483,repeat indices align samples but methods were timed sequentially; use independent-resample intervals
15,gaussian_process,2,bucketed,none,64,512,3,29,4.1649263352155685,4.43180526047945,repeat indices align samples but methods were timed sequentially; use independent-resample intervals
16,gaussian_process,2,bucketed,none,128,512,3,0,4.027233339846134,3.8564752861857414,repeat indices align samples but methods were timed sequentially; use independent-resample intervals
16,gaussian_process,2,bucketed,none,128,512,3,1,3.7561023086309433,4.059087254106998,repeat indices align samples but methods were timed sequentially; use independent-resample intervals
16,gaussian_process,2,bucketed,none,128,512,3,2,3.8081583604216576,4.002270199358463,repeat indices align samples but methods were timed sequentially; use independent-resample intervals
16,gaussian_process,2,bucketed,none,128,512,3,3,3.8300524428486824,4.006405018270016,repeat indices align samples but methods were timed sequentially; use independent-resample intervals
16,gaussian_process,2,bucketed,none,128,512,3,4,3.7892303690314293,3.8300057873129845,repeat indices align samples but methods were timed sequentially; use independent-resample intervals
16,gaussian_process,2,bucketed,none,128,512,3,5,3.7777429968118668,3.767835356295109,repeat indices align samples but methods were timed sequentially; use independent-resample intervals
16,gaussian_process,2,bucketed,none,128,512,3,6,3.91249493509531,3.9844108894467354,repeat indices align samples but methods were timed sequentially; use independent-resample intervals
16,gaussian_process,2,bucketed,none,128,512,3,7,3.7633065208792686,4.097555339336395,repeat indices align samples but methods were timed sequentially; use independent-resample intervals
16,gaussian_process,2,bucketed,none,128,512,3,8,3.9494670405983925,3.743784584105015,repeat indices align samples but methods were timed sequentially; use independent-resample intervals
16,gaussian_process,2,bucketed,none,128,512,3,9,3.827384874224663,3.885518506169319,repeat indices align samples but methods were timed sequentially; use independent-resample intervals
16,gaussian_process,2,bucketed,none,128,512,3,10,3.948724925518036,4.017082877457142,repeat indices align samples but methods were timed sequentially; use independent-resample intervals
16,gaussian_process,2,bucketed,none,128,512,3,11,3.9593394473195076,3.9708704724907875,repeat indices align samples but methods were timed sequentially; use independent-resample intervals
16,gaussian_process,2,bucketed,none,128,512,3,12,3.8698216676712036,3.8034128323197365,repeat indices align samples but methods were timed sequentially; use independent-resample intervals
16,gaussian_process,2,bucketed,none,128,512,3,13,3.8626593947410583,3.8487339839339256,repeat indices align samples but methods were timed sequentially; use independent-resample intervals
16,gaussian_process,2,bucketed,none,128,512,3,14,3.77946125715971,4.1693411991000175,repeat indices align samples but methods were timed sequentially; use independent-resample intervals
16,gaussian_process,2,bucketed,none,128,512,3,15,3.697639621794224,4.416634485125542,repeat indices align samples but methods were timed sequentially; use independent-resample intervals
16,gaussian_process,2,bucketed,none,128,512,3,16,3.9560625553131104,4.408651068806648,repeat indices align samples but methods were timed sequentially; use independent-resample intervals
16,gaussian_process,2,bucketed,none,128,512,3,17,3.854705758392811,4.079533018171787,repeat indices align samples but methods were timed sequentially; use independent-resample intervals
16,gaussian_process,2,bucketed,none,128,512,3,18,4.0374686270952225,4.093519061803818,repeat indices align samples but methods were timed sequentially; use independent-resample intervals
16,gaussian_process,2,bucketed,none,128,512,3,19,4.029409319162369,4.130339130759239,repeat indices align samples but methods were timed sequentially; use independent-resample intervals
16,gaussian_process,2,bucketed,none,128,512,3,20,3.8655920922756195,4.425175420939922,repeat indices align samples but methods were timed sequentially; use independent-resample intervals
16,gaussian_process,2,bucketed,none,128,512,3,21,4.279451452195644,4.344083346426487,repeat indices align samples but methods were timed sequentially; use independent-resample intervals
16,gaussian_process,2,bucketed,none,128,512,3,22,4.377861522138119,4.446376897394657,repeat indices align samples but methods were timed sequentially; use independent-resample intervals
16,gaussian_process,2,bucketed,none,128,512,3,23,4.441559381783009,4.7247971668839455,repeat indices align samples but methods were timed sequentially; use independent-resample intervals
16,gaussian_process,2,bucketed,none,128,512,3,24,4.543961308896542,4.83482750505209,repeat indices align samples but methods were timed sequentially; use independent-resample intervals
16,gaussian_process,2,bucketed,none,128,512,3,25,4.13580048084259,5.068181894719601,repeat indices align samples but methods were timed sequentially; use independent-resample intervals
16,gaussian_process,2,bucketed,none,128,512,3,26,4.080899752676487,4.435545824468136,repeat indices align samples but methods were timed sequentially; use independent-resample intervals
16,gaussian_process,2,bucketed,none,128,512,3,27,4.087454028427601,4.348314814269543,repeat indices align samples but methods were timed sequentially; use independent-resample intervals
16,gaussian_process,2,bucketed,none,128,512,3,28,3.9975840747356415,4.032675184309483,repeat indices align samples but methods were timed sequentially; use independent-resample intervals
16,gaussian_process,2,bucketed,none,128,512,3,29,4.074889592826366,4.43180526047945,repeat indices align samples but methods were timed sequentially; use independent-resample intervals
17,gaussian_process,2,bucketed,history,64,512,3,0,4.023258335888386,3.8564752861857414,repeat indices align samples but methods were timed sequentially; use independent-resample intervals
17,gaussian_process,2,bucketed,history,64,512,3,1,3.943036563694477,4.059087254106998,repeat indices align samples but methods were timed sequentially; use independent-resample intervals
17,gaussian_process,2,bucketed,history,64,512,3,2,3.9317332059144974,4.002270199358463,repeat indices align samples but methods were timed sequentially; use independent-resample intervals
17,gaussian_process,2,bucketed,history,64,512,3,3,3.933505304157734,4.006405018270016,repeat indices align samples but methods were timed sequentially; use independent-resample intervals
17,gaussian_process,2,bucketed,history,64,512,3,4,3.9604965448379517,3.8300057873129845,repeat indices align samples but methods were timed sequentially; use independent-resample intervals
17,gaussian_process,2,bucketed,history,64,512,3,5,4.016630508005619,3.767835356295109,repeat indices align samples but methods were timed sequentially; use independent-resample intervals
17,gaussian_process,2,bucketed,history,64,512,3,6,4.306697100400925,3.9844108894467354,repeat indices align samples but methods were timed sequentially; use independent-resample intervals
17,gaussian_process,2,bucketed,history,64,512,3,7,4.453085094690323,4.097555339336395,repeat indices align samples but methods were timed sequentially; use independent-resample intervals
17,gaussian_process,2,bucketed,history,64,512,3,8,4.398431144654751,3.743784584105015,repeat indices align samples but methods were timed sequentially; use independent-resample intervals
17,gaussian_process,2,bucketed,history,64,512,3,9,4.627064675092697,3.885518506169319,repeat indices align samples but methods were timed sequentially; use independent-resample intervals
17,gaussian_process,2,bucketed,history,64,512,3,10,4.145898647606373,4.017082877457142,repeat indices align samples but methods were timed sequentially; use independent-resample intervals
17,gaussian_process,2,bucketed,history,64,512,3,11,4.046332031488419,3.9708704724907875,repeat indices align samples but methods were timed sequentially; use independent-resample intervals
17,gaussian_process,2,bucketed,history,64,512,3,12,4.125541850924492,3.8034128323197365,repeat indices align samples but methods were timed sequentially; use independent-resample intervals
17,gaussian_process,2,bucketed,history,64,512,3,13,4.131684571504593,3.8487339839339256,repeat indices align samples but methods were timed sequentially; use independent-resample intervals
17,gaussian_process,2,bucketed,history,64,512,3,14,4.105989091098309,4.1693411991000175,repeat indices align samples but methods were timed sequentially; use independent-resample intervals
17,gaussian_process,2,bucketed,history,64,512,3,15,4.108612410724163,4.416634485125542,repeat indices align samples but methods were timed sequentially; use independent-resample intervals
17,gaussian_process,2,bucketed,history,64,512,3,16,4.217972844839096,4.408651068806648,repeat indices align samples but methods were timed sequentially; use independent-resample intervals
17,gaussian_process,2,bucketed,history,64,512,3,17,4.7576654702425,4.079533018171787,repeat indices align samples but methods were timed sequentially; use independent-resample intervals
17,gaussian_process,2,bucketed,history,64,512,3,18,4.394270062446594,4.093519061803818,repeat indices align samples but methods were timed sequentially; use independent-resample intervals
17,gaussian_process,2,bucketed,history,64,512,3,19,4.183797121047974,4.130339130759239,repeat indices align samples but methods were timed sequentially; use independent-resample intervals
17,gaussian_process,2,bucketed,history,64,512,3,20,4.627296023070812,4.425175420939922,repeat indices align samples but methods were timed sequentially; use independent-resample intervals
17,gaussian_process,2,bucketed,history,64,512,3,21,4.31611792743206,4.344083346426487,repeat indices align samples but methods were timed sequentially; use independent-resample intervals
17,gaussian_process,2,bucketed,history,64,512,3,22,4.001857161521912,4.446376897394657,repeat indices align samples but methods were timed sequentially; use independent-resample intervals
17,gaussian_process,2,bucketed,history,64,512,3,23,4.166786871850491,4.7247971668839455,repeat indices align samples but methods were timed sequentially; use independent-resample intervals
17,gaussian_process,2,bucketed,history,64,512,3,24,4.025350175797939,4.83482750505209,repeat indices align samples but methods were timed sequentially; use independent-resample intervals
17,gaussian_process,2,bucketed,history,64,512,3,25,4.083765402436256,5.068181894719601,repeat indices align samples but methods were timed sequentially; use independent-resample intervals
17,gaussian_process,2,bucketed,history,64,512,3,26,4.240824833512306,4.435545824468136,repeat indices align samples but methods were timed sequentially; use independent-resample intervals
17,gaussian_process,2,bucketed,history,64,512,3,27,4.4208964407444,4.348314814269543,repeat indices align samples but methods were timed sequentially; use independent-resample intervals
17,gaussian_process,2,bucketed,history,64,512,3,28,3.915838934481144,4.032675184309483,repeat indices align samples but methods were timed sequentially; use independent-resample intervals
17,gaussian_process,2,bucketed,history,64,512,3,29,4.115259371697903,4.43180526047945,repeat indices align samples but methods were timed sequentially; use independent-resample intervals
18,gaussian_process,2,bucketed,history,128,512,3,0,4.222074069082737,3.8564752861857414,repeat indices align samples but methods were timed sequentially; use independent-resample intervals
18,gaussian_process,2,bucketed,history,128,512,3,1,3.957789868116379,4.059087254106998,repeat indices align samples but methods were timed sequentially; use independent-resample intervals
18,gaussian_process,2,bucketed,history,128,512,3,2,4.008806928992271,4.002270199358463,repeat indices align samples but methods were timed sequentially; use independent-resample intervals
18,gaussian_process,2,bucketed,history,128,512,3,3,4.46161276102066,4.006405018270016,repeat indices align samples but methods were timed sequentially; use independent-resample intervals
18,gaussian_process,2,bucketed,history,128,512,3,4,4.505638092756271,3.8300057873129845,repeat indices align samples but methods were timed sequentially; use independent-resample intervals
18,gaussian_process,2,bucketed,history,128,512,3,5,3.928612619638443,3.767835356295109,repeat indices align samples but methods were timed sequentially; use independent-resample intervals
18,gaussian_process,2,bucketed,history,128,512,3,6,3.727479450404644,3.9844108894467354,repeat indices align samples but methods were timed sequentially; use independent-resample intervals
18,gaussian_process,2,bucketed,history,128,512,3,7,3.7759649008512497,4.097555339336395,repeat indices align samples but methods were timed sequentially; use independent-resample intervals
18,gaussian_process,2,bucketed,history,128,512,3,8,3.975285530090332,3.743784584105015,repeat indices align samples but methods were timed sequentially; use independent-resample intervals
18,gaussian_process,2,bucketed,history,128,512,3,9,4.030205778777599,3.885518506169319,repeat indices align samples but methods were timed sequentially; use independent-resample intervals
18,gaussian_process,2,bucketed,history,128,512,3,10,3.966321013867855,4.017082877457142,repeat indices align samples but methods were timed sequentially; use independent-resample intervals
18,gaussian_process,2,bucketed,history,128,512,3,11,4.022872522473335,3.9708704724907875,repeat indices align samples but methods were timed sequentially; use independent-resample intervals
18,gaussian_process,2,bucketed,history,128,512,3,12,3.911913752555847,3.8034128323197365,repeat indices align samples but methods were timed sequentially; use independent-resample intervals
18,gaussian_process,2,bucketed,history,128,512,3,13,3.960821710526943,3.8487339839339256,repeat indices align samples but methods were timed sequentially; use independent-resample intervals
18,gaussian_process,2,bucketed,history,128,512,3,14,4.099281445145607,4.1693411991000175,repeat indices align samples but methods were timed sequentially; use independent-resample intervals
18,gaussian_process,2,bucketed,history,128,512,3,15,4.062072768807411,4.416634485125542,repeat indices align samples but methods were timed sequentially; use independent-resample intervals
18,gaussian_process,2,bucketed,history,128,512,3,16,3.9455487206578255,4.408651068806648,repeat indices align samples but methods were timed sequentially; use independent-resample intervals
18,gaussian_process,2,bucketed,history,128,512,3,17,3.921947754919529,4.079533018171787,repeat indices align samples but methods were timed sequentially; use independent-resample intervals
18,gaussian_process,2,bucketed,history,128,512,3,18,3.716924838721752,4.093519061803818,repeat indices align samples but methods were timed sequentially; use independent-resample intervals
18,gaussian_process,2,bucketed,history,128,512,3,19,3.7229891046881676,4.130339130759239,repeat indices align samples but methods were timed sequentially; use independent-resample intervals
18,gaussian_process,2,bucketed,history,128,512,3,20,3.885041408240795,4.425175420939922,repeat indices align samples but methods were timed sequentially; use independent-resample intervals
18,gaussian_process,2,bucketed,history,128,512,3,21,3.8361633121967316,4.344083346426487,repeat indices align samples but methods were timed sequentially; use independent-resample intervals
18,gaussian_process,2,bucketed,history,128,512,3,22,3.7647374272346497,4.446376897394657,repeat indices align samples but methods were timed sequentially; use independent-resample intervals
18,gaussian_process,2,bucketed,history,128,512,3,23,3.7869809716939926,4.7247971668839455,repeat indices align samples but methods were timed sequentially; use independent-resample intervals
18,gaussian_process,2,bucketed,history,128,512,3,24,3.770300880074501,4.83482750505209,repeat indices align samples but methods were timed sequentially; use independent-resample intervals
18,gaussian_process,2,bucketed,history,128,512,3,25,3.7636858224868774,5.068181894719601,repeat indices align samples but methods were timed sequentially; use independent-resample intervals
18,gaussian_process,2,bucketed,history,128,512,3,26,3.7101940512657166,4.435545824468136,repeat indices align samples but methods were timed sequentially; use independent-resample intervals
18,gaussian_process,2,bucketed,history,128,512,3,27,3.796150676906109,4.348314814269543,repeat indices align samples but methods were timed sequentially; use independent-resample intervals
18,gaussian_process,2,bucketed,history,128,512,3,28,3.730267085134983,4.032675184309483,repeat indices align samples but methods were timed sequentially; use independent-resample intervals
18,gaussian_process,2,bucketed,history,128,512,3,29,3.7458777129650116,4.43180526047945,repeat indices align samples but methods were timed sequentially; use independent-resample intervals
19,gaussian_process,2,bucketed,last_depth,64,512,3,0,3.9244806468486786,3.8564752861857414,repeat indices align samples but methods were timed sequentially; use independent-resample intervals
19,gaussian_process,2,bucketed,last_depth,64,512,3,1,4.053471423685551,4.059087254106998,repeat indices align samples but methods were timed sequentially; use independent-resample intervals
19,gaussian_process,2,bucketed,last_depth,64,512,3,2,4.052864529192448,4.002270199358463,repeat indices align samples but methods were timed sequentially; use independent-resample intervals
19,gaussian_process,2,bucketed,last_depth,64,512,3,3,4.229788012802601,4.006405018270016,repeat indices align samples but methods were timed sequentially; use independent-resample intervals
19,gaussian_process,2,bucketed,last_depth,64,512,3,4,4.203447751700878,3.8300057873129845,repeat indices align samples but methods were timed sequentially; use independent-resample intervals
19,gaussian_process,2,bucketed,last_depth,64,512,3,5,4.491034239530563,3.767835356295109,repeat indices align samples but methods were timed sequentially; use independent-resample intervals
19,gaussian_process,2,bucketed,last_depth,64,512,3,6,4.133888244628906,3.9844108894467354,repeat indices align samples but methods were timed sequentially; use independent-resample intervals
19,gaussian_process,2,bucketed,last_depth,64,512,3,7,4.00953483581543,4.097555339336395,repeat indices align samples but methods were timed sequentially; use independent-resample intervals
19,gaussian_process,2,bucketed,last_depth,64,512,3,8,4.045585505664349,3.743784584105015,repeat indices align samples but methods were timed sequentially; use independent-resample intervals
19,gaussian_process,2,bucketed,last_depth,64,512,3,9,4.1745980232954025,3.885518506169319,repeat indices align samples but methods were timed sequentially; use independent-resample intervals
19,gaussian_process,2,bucketed,last_depth,64,512,3,10,4.126939155161381,4.017082877457142,repeat indices align samples but methods were timed sequentially; use independent-resample intervals
19,gaussian_process,2,bucketed,last_depth,64,512,3,11,4.053571902215481,3.9708704724907875,repeat indices align samples but methods were timed sequentially; use independent-resample intervals
19,gaussian_process,2,bucketed,last_depth,64,512,3,12,4.037339150905609,3.8034128323197365,repeat indices align samples but methods were timed sequentially; use independent-resample intervals
19,gaussian_process,2,bucketed,last_depth,64,512,3,13,3.8954499289393425,3.8487339839339256,repeat indices align samples but methods were timed sequentially; use independent-resample intervals
19,gaussian_process,2,bucketed,last_depth,64,512,3,14,4.055051699280739,4.1693411991000175,repeat indices align samples but methods were timed sequentially; use independent-resample intervals
19,gaussian_process,2,bucketed,last_depth,64,512,3,15,4.256216175854206,4.416634485125542,repeat indices align samples but methods were timed sequentially; use independent-resample intervals
19,gaussian_process,2,bucketed,last_depth,64,512,3,16,4.283211432397366,4.408651068806648,repeat indices align samples but methods were timed sequentially; use independent-resample intervals
19,gaussian_process,2,bucketed,last_depth,64,512,3,17,3.986475318670273,4.079533018171787,repeat indices align samples but methods were timed sequentially; use independent-resample intervals
19,gaussian_process,2,bucketed,last_depth,64,512,3,18,4.181590378284454,4.093519061803818,repeat indices align samples but methods were timed sequentially; use independent-resample intervals
19,gaussian_process,2,bucketed,last_depth,64,512,3,19,3.9492140263319016,4.130339130759239,repeat indices align samples but methods were timed sequentially; use independent-resample intervals
19,gaussian_process,2,bucketed,last_depth,64,512,3,20,4.05114208906889,4.425175420939922,repeat indices align samples but methods were timed sequentially; use independent-resample intervals
19,gaussian_process,2,bucketed,last_depth,64,512,3,21,4.0064641162753105,4.344083346426487,repeat indices align samples but methods were timed sequentially; use independent-resample intervals
19,gaussian_process,2,bucketed,last_depth,64,512,3,22,3.9575283154845238,4.446376897394657,repeat indices align samples but methods were timed sequentially; use independent-resample intervals
19,gaussian_process,2,bucketed,last_depth,64,512,3,23,4.117754928767681,4.7247971668839455,repeat indices align samples but methods were timed sequentially; use independent-resample intervals
19,gaussian_process,2,bucketed,last_depth,64,512,3,24,4.085363037884235,4.83482750505209,repeat indices align samples but methods were timed sequentially; use independent-resample intervals
19,gaussian_process,2,bucketed,last_depth,64,512,3,25,4.156611256301403,5.068181894719601,repeat indices align samples but methods were timed sequentially; use independent-resample intervals
19,gaussian_process,2,bucketed,last_depth,64,512,3,26,4.146171107888222,4.435545824468136,repeat indices align samples but methods were timed sequentially; use independent-resample intervals
19,gaussian_process,2,bucketed,last_depth,64,512,3,27,4.040427535772324,4.348314814269543,repeat indices align samples but methods were timed sequentially; use independent-resample intervals
19,gaussian_process,2,bucketed,last_depth,64,512,3,28,3.971191920340061,4.032675184309483,repeat indices align samples but methods were timed sequentially; use independent-resample intervals
19,gaussian_process,2,bucketed,last_depth,64,512,3,29,3.96885746717453,4.43180526047945,repeat indices align samples but methods were timed sequentially; use independent-resample intervals
20,gaussian_process,2,bucketed,last_depth,128,512,3,0,3.886927269399166,3.8564752861857414,repeat indices align samples but methods were timed sequentially; use independent-resample intervals
20,gaussian_process,2,bucketed,last_depth,128,512,3,1,3.990574672818184,4.059087254106998,repeat indices align samples but methods were timed sequentially; use independent-resample intervals
20,gaussian_process,2,bucketed,last_depth,128,512,3,2,3.89450466632843,4.002270199358463,repeat indices align samples but methods were timed sequentially; use independent-resample intervals
20,gaussian_process,2,bucketed,last_depth,128,512,3,3,3.8271500542759895,4.006405018270016,repeat indices align samples but methods were timed sequentially; use independent-resample intervals
20,gaussian_process,2,bucketed,last_depth,128,512,3,4,4.000366739928722,3.8300057873129845,repeat indices align samples but methods were timed sequentially; use independent-resample intervals
20,gaussian_process,2,bucketed,last_depth,128,512,3,5,4.193036787211895,3.767835356295109,repeat indices align samples but methods were timed sequentially; use independent-resample intervals
20,gaussian_process,2,bucketed,last_depth,128,512,3,6,4.29734268784523,3.9844108894467354,repeat indices align samples but methods were timed sequentially; use independent-resample intervals
20,gaussian_process,2,bucketed,last_depth,128,512,3,7,4.1124763786792755,4.097555339336395,repeat indices align samples but methods were timed sequentially; use independent-resample intervals
20,gaussian_process,2,bucketed,last_depth,128,512,3,8,4.002874232828617,3.743784584105015,repeat indices align samples but methods were timed sequentially; use independent-resample intervals
20,gaussian_process,2,bucketed,last_depth,128,512,3,9,3.8402894884347916,3.885518506169319,repeat indices align samples but methods were timed sequentially; use independent-resample intervals
20,gaussian_process,2,bucketed,last_depth,128,512,3,10,3.912543497979641,4.017082877457142,repeat indices align samples but methods were timed sequentially; use independent-resample intervals
20,gaussian_process,2,bucketed,last_depth,128,512,3,11,4.261463813483715,3.9708704724907875,repeat indices align samples but methods were timed sequentially; use independent-resample intervals
20,gaussian_process,2,bucketed,last_depth,128,512,3,12,4.093292899429798,3.8034128323197365,repeat indices align samples but methods were timed sequentially; use independent-resample intervals
20,gaussian_process,2,bucketed,last_depth,128,512,3,13,3.692790076136589,3.8487339839339256,repeat indices align samples but methods were timed sequentially; use independent-resample intervals
20,gaussian_process,2,bucketed,last_depth,128,512,3,14,3.7854920998215675,4.1693411991000175,repeat indices align samples but methods were timed sequentially; use independent-resample intervals
20,gaussian_process,2,bucketed,last_depth,128,512,3,15,3.787206381559372,4.416634485125542,repeat indices align samples but methods were timed sequentially; use independent-resample intervals
20,gaussian_process,2,bucketed,last_depth,128,512,3,16,4.035114608705044,4.408651068806648,repeat indices align samples but methods were timed sequentially; use independent-resample intervals
20,gaussian_process,2,bucketed,last_depth,128,512,3,17,3.9821394458413124,4.079533018171787,repeat indices align samples but methods were timed sequentially; use independent-resample intervals
20,gaussian_process,2,bucketed,last_depth,128,512,3,18,3.7890042811632156,4.093519061803818,repeat indices align samples but methods were timed sequentially; use independent-resample intervals
20,gaussian_process,2,bucketed,last_depth,128,512,3,19,4.087606534361839,4.130339130759239,repeat indices align samples but methods were timed sequentially; use independent-resample intervals
20,gaussian_process,2,bucketed,last_depth,128,512,3,20,4.508073203265667,4.425175420939922,repeat indices align samples but methods were timed sequentially; use independent-resample intervals
20,gaussian_process,2,bucketed,last_depth,128,512,3,21,3.882660962641239,4.344083346426487,repeat indices align samples but methods were timed sequentially; use independent-resample intervals
20,gaussian_process,2,bucketed,last_depth,128,512,3,22,3.9676264375448227,4.446376897394657,repeat indices align samples but methods were timed sequentially; use independent-resample intervals
20,gaussian_process,2,bucketed,last_depth,128,512,3,23,3.8855270221829414,4.7247971668839455,repeat indices align samples but methods were timed sequentially; use independent-resample intervals
20,gaussian_process,2,bucketed,last_depth,128,512,3,24,3.8802599534392357,4.83482750505209,repeat indices align samples but methods were timed sequentially; use independent-resample intervals
20,gaussian_process,2,bucketed,last_depth,128,512,3,25,3.8813452050089836,5.068181894719601,repeat indices align samples but methods were timed sequentially; use independent-resample intervals
20,gaussian_process,2,bucketed,last_depth,128,512,3,26,3.658148229122162,4.435545824468136,repeat indices align samples but methods were timed sequentially; use independent-resample intervals
20,gaussian_process,2,bucketed,last_depth,128,512,3,27,3.699978895485401,4.348314814269543,repeat indices align samples but methods were timed sequentially; use independent-resample intervals
20,gaussian_process,2,bucketed,last_depth,128,512,3,28,3.648662567138672,4.032675184309483,repeat indices align samples but methods were timed sequentially; use independent-resample intervals
20,gaussian_process,2,bucketed,last_depth,128,512,3,29,3.624029651284218,4.43180526047945,repeat indices align samples but methods were timed sequentially; use independent-resample intervals
21,gaussian_process,3,monolithic,monolithic,0,512,3,0,3.89105773717165,3.89105773717165,repeat indices align samples but methods were timed sequentially; use independent-resample intervals
21,gaussian_process,3,monolithic,monolithic,0,512,3,1,4.373155616223812,4.373155616223812,repeat indices align samples but methods were timed sequentially; use independent-resample intervals
21,gaussian_process,3,monolithic,monolithic,0,512,3,2,4.18301260471344,4.18301260471344,repeat indices align samples but methods were timed sequentially; use independent-resample intervals
21,gaussian_process,3,monolithic,monolithic,0,512,3,3,3.892593540251255,3.892593540251255,repeat indices align samples but methods were timed sequentially; use independent-resample intervals
21,gaussian_process,3,monolithic,monolithic,0,512,3,4,3.904174640774727,3.904174640774727,repeat indices align samples but methods were timed sequentially; use independent-resample intervals
21,gaussian_process,3,monolithic,monolithic,0,512,3,5,4.423408314585686,4.423408314585686,repeat indices align samples but methods were timed sequentially; use independent-resample intervals
21,gaussian_process,3,monolithic,monolithic,0,512,3,6,4.0395258739590645,4.0395258739590645,repeat indices align samples but methods were timed sequentially; use independent-resample intervals
21,gaussian_process,3,monolithic,monolithic,0,512,3,7,4.1463299840688705,4.1463299840688705,repeat indices align samples but methods were timed sequentially; use independent-resample intervals
21,gaussian_process,3,monolithic,monolithic,0,512,3,8,4.0149165987968445,4.0149165987968445,repeat indices align samples but methods were timed sequentially; use independent-resample intervals
21,gaussian_process,3,monolithic,monolithic,0,512,3,9,3.9356439411640167,3.9356439411640167,repeat indices align samples but methods were timed sequentially; use independent-resample intervals
21,gaussian_process,3,monolithic,monolithic,0,512,3,10,3.8027608543634415,3.8027608543634415,repeat indices align samples but methods were timed sequentially; use independent-resample intervals
21,gaussian_process,3,monolithic,monolithic,0,512,3,11,3.909186951816082,3.909186951816082,repeat indices align samples but methods were timed sequentially; use independent-resample intervals
21,gaussian_process,3,monolithic,monolithic,0,512,3,12,4.168984815478325,4.168984815478325,repeat indices align samples but methods were timed sequentially; use independent-resample intervals
21,gaussian_process,3,monolithic,monolithic,0,512,3,13,4.016583889722824,4.016583889722824,repeat indices align samples but methods were timed sequentially; use independent-resample intervals
21,gaussian_process,3,monolithic,monolithic,0,512,3,14,4.061196431517601,4.061196431517601,repeat indices align samples but methods were timed sequentially; use independent-resample intervals
21,gaussian_process,3,monolithic,monolithic,0,512,3,15,3.8244585543870926,3.8244585543870926,repeat indices align samples but methods were timed sequentially; use independent-resample intervals
21,gaussian_process,3,monolithic,monolithic,0,512,3,16,4.074764795601368,4.074764795601368,repeat indices align samples but methods were timed sequentially; use independent-resample intervals
21,gaussian_process,3,monolithic,monolithic,0,512,3,17,4.258853010833263,4.258853010833263,repeat indices align samples but methods were timed sequentially; use independent-resample intervals
21,gaussian_process,3,monolithic,monolithic,0,512,3,18,3.8820929676294327,3.8820929676294327,repeat indices align samples but methods were timed sequentially; use independent-resample intervals
21,gaussian_process,3,monolithic,monolithic,0,512,3,19,3.92220289260149,3.92220289260149,repeat indices align samples but methods were timed sequentially; use independent-resample intervals
21,gaussian_process,3,monolithic,monolithic,0,512,3,20,4.0081712156534195,4.0081712156534195,repeat indices align samples but methods were timed sequentially; use independent-resample intervals
21,gaussian_process,3,monolithic,monolithic,0,512,3,21,4.379229322075844,4.379229322075844,repeat indices align samples but methods were timed sequentially; use independent-resample intervals
21,gaussian_process,3,monolithic,monolithic,0,512,3,22,5.510222256183624,5.510222256183624,repeat indices align samples but methods were timed sequentially; use independent-resample intervals
21,gaussian_process,3,monolithic,monolithic,0,512,3,23,5.579171419143677,5.579171419143677,repeat indices align samples but methods were timed sequentially; use independent-resample intervals
21,gaussian_process,3,monolithic,monolithic,0,512,3,24,4.310632593929768,4.310632593929768,repeat indices align samples but methods were timed sequentially; use independent-resample intervals
21,gaussian_process,3,monolithic,monolithic,0,512,3,25,4.122110955417156,4.122110955417156,repeat indices align samples but methods were timed sequentially; use independent-resample intervals
21,gaussian_process,3,monolithic,monolithic,0,512,3,26,4.157857649028301,4.157857649028301,repeat indices align samples but methods were timed sequentially; use independent-resample intervals
21,gaussian_process,3,monolithic,monolithic,0,512,3,27,3.7917695865035057,3.7917695865035057,repeat indices align samples but methods were timed sequentially; use independent-resample intervals
21,gaussian_process,3,monolithic,monolithic,0,512,3,28,3.852202095091343,3.852202095091343,repeat indices align samples but methods were timed sequentially; use independent-resample intervals
21,gaussian_process,3,monolithic,monolithic,0,512,3,29,3.907730996608734,3.907730996608734,repeat indices align samples but methods were timed sequentially; use independent-resample intervals
22,gaussian_process,3,bucketed,none,64,512,3,0,3.8979947194457054,3.89105773717165,repeat indices align samples but methods were timed sequentially; use independent-resample intervals
22,gaussian_process,3,bucketed,none,64,512,3,1,3.7485846281051636,4.373155616223812,repeat indices align samples but methods were timed sequentially; use independent-resample intervals
22,gaussian_process,3,bucketed,none,64,512,3,2,3.6735310405492783,4.18301260471344,repeat indices align samples but methods were timed sequentially; use independent-resample intervals
22,gaussian_process,3,bucketed,none,64,512,3,3,3.9386072754859924,3.892593540251255,repeat indices align samples but methods were timed sequentially; use independent-resample intervals
22,gaussian_process,3,bucketed,none,64,512,3,4,4.111838847398758,3.904174640774727,repeat indices align samples but methods were timed sequentially; use independent-resample intervals
22,gaussian_process,3,bucketed,none,64,512,3,5,4.186162903904915,4.423408314585686,repeat indices align samples but methods were timed sequentially; use independent-resample intervals
22,gaussian_process,3,bucketed,none,64,512,3,6,3.9544354379177094,4.0395258739590645,repeat indices align samples but methods were timed sequentially; use independent-resample intervals
22,gaussian_process,3,bucketed,none,64,512,3,7,3.850222833454609,4.1463299840688705,repeat indices align samples but methods were timed sequentially; use independent-resample intervals
22,gaussian_process,3,bucketed,none,64,512,3,8,3.9087050706148148,4.0149165987968445,repeat indices align samples but methods were timed sequentially; use independent-resample intervals
22,gaussian_process,3,bucketed,none,64,512,3,9,3.9284548461437225,3.9356439411640167,repeat indices align samples but methods were timed sequentially; use independent-resample intervals
22,gaussian_process,3,bucketed,none,64,512,3,10,3.7611337453126907,3.8027608543634415,repeat indices align samples but methods were timed sequentially; use independent-resample intervals
22,gaussian_process,3,bucketed,none,64,512,3,11,3.7887268885970116,3.909186951816082,repeat indices align samples but methods were timed sequentially; use independent-resample intervals
22,gaussian_process,3,bucketed,none,64,512,3,12,3.762455426156521,4.168984815478325,repeat indices align samples but methods were timed sequentially; use independent-resample intervals
22,gaussian_process,3,bucketed,none,64,512,3,13,3.783116526901722,4.016583889722824,repeat indices align samples but methods were timed sequentially; use independent-resample intervals
22,gaussian_process,3,bucketed,none,64,512,3,14,3.798447735607624,4.061196431517601,repeat indices align samples but methods were timed sequentially; use independent-resample intervals
22,gaussian_process,3,bucketed,none,64,512,3,15,4.143104128539562,3.8244585543870926,repeat indices align samples but methods were timed sequentially; use independent-resample intervals
22,gaussian_process,3,bucketed,none,64,512,3,16,4.069124460220337,4.074764795601368,repeat indices align samples but methods were timed sequentially; use independent-resample intervals
22,gaussian_process,3,bucketed,none,64,512,3,17,3.903165340423584,4.258853010833263,repeat indices align samples but methods were timed sequentially; use independent-resample intervals
22,gaussian_process,3,bucketed,none,64,512,3,18,3.9660280495882034,3.8820929676294327,repeat indices align samples but methods were timed sequentially; use independent-resample intervals
22,gaussian_process,3,bucketed,none,64,512,3,19,4.011148042976856,3.92220289260149,repeat indices align samples but methods were timed sequentially; use independent-resample intervals
22,gaussian_process,3,bucketed,none,64,512,3,20,4.462225452065468,4.0081712156534195,repeat indices align samples but methods were timed sequentially; use independent-resample intervals
22,gaussian_process,3,bucketed,none,64,512,3,21,3.937140293419361,4.379229322075844,repeat indices align samples but methods were timed sequentially; use independent-resample intervals
22,gaussian_process,3,bucketed,none,64,512,3,22,4.141508832573891,5.510222256183624,repeat indices align samples but methods were timed sequentially; use independent-resample intervals
22,gaussian_process,3,bucketed,none,64,512,3,23,5.359282359480858,5.579171419143677,repeat indices align samples but methods were timed sequentially; use independent-resample intervals
22,gaussian_process,3,bucketed,none,64,512,3,24,5.050224982202053,4.310632593929768,repeat indices align samples but methods were timed sequentially; use independent-resample intervals
22,gaussian_process,3,bucketed,none,64,512,3,25,4.0507664903998375,4.122110955417156,repeat indices align samples but methods were timed sequentially; use independent-resample intervals
22,gaussian_process,3,bucketed,none,64,512,3,26,3.942846544086933,4.157857649028301,repeat indices align samples but methods were timed sequentially; use independent-resample intervals
22,gaussian_process,3,bucketed,none,64,512,3,27,3.799668528139591,3.7917695865035057,repeat indices align samples but methods were timed sequentially; use independent-resample intervals
22,gaussian_process,3,bucketed,none,64,512,3,28,3.8270779848098755,3.852202095091343,repeat indices align samples but methods were timed sequentially; use independent-resample intervals
22,gaussian_process,3,bucketed,none,64,512,3,29,3.7086829096078873,3.907730996608734,repeat indices align samples but methods were timed sequentially; use independent-resample intervals
23,gaussian_process,3,bucketed,none,128,512,3,0,3.804416611790657,3.89105773717165,repeat indices align samples but methods were timed sequentially; use independent-resample intervals
23,gaussian_process,3,bucketed,none,128,512,3,1,3.8410636335611343,4.373155616223812,repeat indices align samples but methods were timed sequentially; use independent-resample intervals
23,gaussian_process,3,bucketed,none,128,512,3,2,3.7077243700623512,4.18301260471344,repeat indices align samples but methods were timed sequentially; use independent-resample intervals
23,gaussian_process,3,bucketed,none,128,512,3,3,3.6354040801525116,3.892593540251255,repeat indices align samples but methods were timed sequentially; use independent-resample intervals
23,gaussian_process,3,bucketed,none,128,512,3,4,3.7476182729005814,3.904174640774727,repeat indices align samples but methods were timed sequentially; use independent-resample intervals
23,gaussian_process,3,bucketed,none,128,512,3,5,3.832757890224457,4.423408314585686,repeat indices align samples but methods were timed sequentially; use independent-resample intervals
23,gaussian_process,3,bucketed,none,128,512,3,6,4.03125324845314,4.0395258739590645,repeat indices align samples but methods were timed sequentially; use independent-resample intervals
23,gaussian_process,3,bucketed,none,128,512,3,7,3.6165782138705254,4.1463299840688705,repeat indices align samples but methods were timed sequentially; use independent-resample intervals
23,gaussian_process,3,bucketed,none,128,512,3,8,3.751882217824459,4.0149165987968445,repeat indices align samples but methods were timed sequentially; use independent-resample intervals
23,gaussian_process,3,bucketed,none,128,512,3,9,3.801023729145527,3.9356439411640167,repeat indices align samples but methods were timed sequentially; use independent-resample intervals
23,gaussian_process,3,bucketed,none,128,512,3,10,3.823122277855873,3.8027608543634415,repeat indices align samples but methods were timed sequentially; use independent-resample intervals
23,gaussian_process,3,bucketed,none,128,512,3,11,3.7878197133541107,3.909186951816082,repeat indices align samples but methods were timed sequentially; use independent-resample intervals
23,gaussian_process,3,bucketed,none,128,512,3,12,3.6892256140708923,4.168984815478325,repeat indices align samples but methods were timed sequentially; use independent-resample intervals
23,gaussian_process,3,bucketed,none,128,512,3,13,3.678017631173134,4.016583889722824,repeat indices align samples but methods were timed sequentially; use independent-resample intervals
23,gaussian_process,3,bucketed,none,128,512,3,14,3.7685152292251587,4.061196431517601,repeat indices align samples but methods were timed sequentially; use independent-resample intervals
23,gaussian_process,3,bucketed,none,128,512,3,15,3.668085254728794,3.8244585543870926,repeat indices align samples but methods were timed sequentially; use independent-resample intervals
23,gaussian_process,3,bucketed,none,128,512,3,16,3.6490191966295242,4.074764795601368,repeat indices align samples but methods were timed sequentially; use independent-resample intervals
23,gaussian_process,3,bucketed,none,128,512,3,17,4.272576726973057,4.258853010833263,repeat indices align samples but methods were timed sequentially; use independent-resample intervals
23,gaussian_process,3,bucketed,none,128,512,3,18,3.860538236796856,3.8820929676294327,repeat indices align samples but methods were timed sequentially; use independent-resample intervals
23,gaussian_process,3,bucketed,none,128,512,3,19,3.5791103914380074,3.92220289260149,repeat indices align samples but methods were timed sequentially; use independent-resample intervals
23,gaussian_process,3,bucketed,none,128,512,3,20,3.9918341040611267,4.0081712156534195,repeat indices align samples but methods were timed sequentially; use independent-resample intervals
23,gaussian_process,3,bucketed,none,128,512,3,21,3.814031146466732,4.379229322075844,repeat indices align samples but methods were timed sequentially; use independent-resample intervals
23,gaussian_process,3,bucketed,none,128,512,3,22,3.66879191249609,5.510222256183624,repeat indices align samples but methods were timed sequentially; use independent-resample intervals
23,gaussian_process,3,bucketed,none,128,512,3,23,3.660048820078373,5.579171419143677,repeat indices align samples but methods were timed sequentially; use independent-resample intervals
23,gaussian_process,3,bucketed,none,128,512,3,24,3.649621360003948,4.310632593929768,repeat indices align samples but methods were timed sequentially; use independent-resample intervals
23,gaussian_process,3,bucketed,none,128,512,3,25,3.8725941479206085,4.122110955417156,repeat indices align samples but methods were timed sequentially; use independent-resample intervals
23,gaussian_process,3,bucketed,none,128,512,3,26,3.871793143451214,4.157857649028301,repeat indices align samples but methods were timed sequentially; use independent-resample intervals
23,gaussian_process,3,bucketed,none,128,512,3,27,4.059658117592335,3.7917695865035057,repeat indices align samples but methods were timed sequentially; use independent-resample intervals
23,gaussian_process,3,bucketed,none,128,512,3,28,3.7674965634942055,3.852202095091343,repeat indices align samples but methods were timed sequentially; use independent-resample intervals
23,gaussian_process,3,bucketed,none,128,512,3,29,3.7723093405365944,3.907730996608734,repeat indices align samples but methods were timed sequentially; use independent-resample intervals
24,gaussian_process,3,bucketed,history,64,512,3,0,3.6322969794273376,3.89105773717165,repeat indices align samples but methods were timed sequentially; use independent-resample intervals
24,gaussian_process,3,bucketed,history,64,512,3,1,3.7201253473758698,4.373155616223812,repeat indices align samples but methods were timed sequentially; use independent-resample intervals
24,gaussian_process,3,bucketed,history,64,512,3,2,3.6714192777872086,4.18301260471344,repeat indices align samples but methods were timed sequentially; use independent-resample intervals
24,gaussian_process,3,bucketed,history,64,512,3,3,3.751518093049526,3.892593540251255,repeat indices align samples but methods were timed sequentially; use independent-resample intervals
24,gaussian_process,3,bucketed,history,64,512,3,4,3.697116233408451,3.904174640774727,repeat indices align samples but methods were timed sequentially; use independent-resample intervals
24,gaussian_process,3,bucketed,history,64,512,3,5,3.7339448779821396,4.423408314585686,repeat indices align samples but methods were timed sequentially; use independent-resample intervals
24,gaussian_process,3,bucketed,history,64,512,3,6,4.054109178483486,4.0395258739590645,repeat indices align samples but methods were timed sequentially; use independent-resample intervals
24,gaussian_process,3,bucketed,history,64,512,3,7,3.786381483078003,4.1463299840688705,repeat indices align samples but methods were timed sequentially; use independent-resample intervals
24,gaussian_process,3,bucketed,history,64,512,3,8,3.801235795021057,4.0149165987968445,repeat indices align samples but methods were timed sequentially; use independent-resample intervals
24,gaussian_process,3,bucketed,history,64,512,3,9,3.986791782081127,3.9356439411640167,repeat indices align samples but methods were timed sequentially; use independent-resample intervals
24,gaussian_process,3,bucketed,history,64,512,3,10,3.7618680745363235,3.8027608543634415,repeat indices align samples but methods were timed sequentially; use independent-resample intervals
24,gaussian_process,3,bucketed,history,64,512,3,11,3.6944567263126373,3.909186951816082,repeat indices align samples but methods were timed sequentially; use independent-resample intervals
24,gaussian_process,3,bucketed,history,64,512,3,12,3.827739179134369,4.168984815478325,repeat indices align samples but methods were timed sequentially; use independent-resample intervals
24,gaussian_process,3,bucketed,history,64,512,3,13,3.7076346278190613,4.016583889722824,repeat indices align samples but methods were timed sequentially; use independent-resample intervals
24,gaussian_process,3,bucketed,history,64,512,3,14,3.7795447185635567,4.061196431517601,repeat indices align samples but methods were timed sequentially; use independent-resample intervals
24,gaussian_process,3,bucketed,history,64,512,3,15,4.009482823312283,3.8244585543870926,repeat indices align samples but methods were timed sequentially; use independent-resample intervals
24,gaussian_process,3,bucketed,history,64,512,3,16,3.967564858496189,4.074764795601368,repeat indices align samples but methods were timed sequentially; use independent-resample intervals
24,gaussian_process,3,bucketed,history,64,512,3,17,3.8842253759503365,4.258853010833263,repeat indices align samples but methods were timed sequentially; use independent-resample intervals
24,gaussian_process,3,bucketed,history,64,512,3,18,3.837884098291397,3.8820929676294327,repeat indices align samples but methods were timed sequentially; use independent-resample intervals
24,gaussian_process,3,bucketed,history,64,512,3,19,4.41117388010025,3.92220289260149,repeat indices align samples but methods were timed sequentially; use independent-resample intervals
24,gaussian_process,3,bucketed,history,64,512,3,20,3.8281125873327255,4.0081712156534195,repeat indices align samples but methods were timed sequentially; use independent-resample intervals
24,gaussian_process,3,bucketed,history,64,512,3,21,3.9644642621278763,4.379229322075844,repeat indices align samples but methods were timed sequentially; use independent-resample intervals
24,gaussian_process,3,bucketed,history,64,512,3,22,3.8242826759815216,5.510222256183624,repeat indices align samples but methods were timed sequentially; use independent-resample intervals
24,gaussian_process,3,bucketed,history,64,512,3,23,3.697128601372242,5.579171419143677,repeat indices align samples but methods were timed sequentially; use independent-resample intervals
24,gaussian_process,3,bucketed,history,64,512,3,24,3.765920177102089,4.310632593929768,repeat indices align samples but methods were timed sequentially; use independent-resample intervals
24,gaussian_process,3,bucketed,history,64,512,3,25,3.7869223281741142,4.122110955417156,repeat indices align samples but methods were timed sequentially; use independent-resample intervals
24,gaussian_process,3,bucketed,history,64,512,3,26,3.6624181866645813,4.157857649028301,repeat indices align samples but methods were timed sequentially; use independent-resample intervals
24,gaussian_process,3,bucketed,history,64,512,3,27,3.688424102962017,3.7917695865035057,repeat indices align samples but methods were timed sequentially; use independent-resample intervals
24,gaussian_process,3,bucketed,history,64,512,3,28,3.7698236778378487,3.852202095091343,repeat indices align samples but methods were timed sequentially; use independent-resample intervals
24,gaussian_process,3,bucketed,history,64,512,3,29,3.7390108555555344,3.907730996608734,repeat indices align samples but methods were timed sequentially; use independent-resample intervals
25,gaussian_process,3,bucketed,history,128,512,3,0,3.6197928488254547,3.89105773717165,repeat indices align samples but methods were timed sequentially; use independent-resample intervals
25,gaussian_process,3,bucketed,history,128,512,3,1,3.610877111554146,4.373155616223812,repeat indices align samples but methods were timed sequentially; use independent-resample intervals
25,gaussian_process,3,bucketed,history,128,512,3,2,3.577608086168766,4.18301260471344,repeat indices align samples but methods were timed sequentially; use independent-resample intervals
25,gaussian_process,3,bucketed,history,128,512,3,3,3.7866084426641464,3.892593540251255,repeat indices align samples but methods were timed sequentially; use independent-resample intervals
25,gaussian_process,3,bucketed,history,128,512,3,4,3.6942337453365326,3.904174640774727,repeat indices align samples but methods were timed sequentially; use independent-resample intervals
25,gaussian_process,3,bucketed,history,128,512,3,5,3.786625139415264,4.423408314585686,repeat indices align samples but methods were timed sequentially; use independent-resample intervals
25,gaussian_process,3,bucketed,history,128,512,3,6,3.5347432270646095,4.0395258739590645,repeat indices align samples but methods were timed sequentially; use independent-resample intervals
25,gaussian_process,3,bucketed,history,128,512,3,7,3.8046539276838303,4.1463299840688705,repeat indices align samples but methods were timed sequentially; use independent-resample intervals
25,gaussian_process,3,bucketed,history,128,512,3,8,3.8668495193123817,4.0149165987968445,repeat indices align samples but methods were timed sequentially; use independent-resample intervals
25,gaussian_process,3,bucketed,history,128,512,3,9,3.7751328721642494,3.9356439411640167,repeat indices align samples but methods were timed sequentially; use independent-resample intervals
25,gaussian_process,3,bucketed,history,128,512,3,10,3.7493572160601616,3.8027608543634415,repeat indices align samples but methods were timed sequentially; use independent-resample intervals
25,gaussian_process,3,bucketed,history,128,512,3,11,3.69003789126873,3.909186951816082,repeat indices align samples but methods were timed sequentially; use independent-resample intervals
25,gaussian_process,3,bucketed,history,128,512,3,12,3.5464892014861107,4.168984815478325,repeat indices align samples but methods were timed sequentially; use independent-resample intervals
25,gaussian_process,3,bucketed,history,128,512,3,13,3.5570977851748466,4.016583889722824,repeat indices align samples but methods were timed sequentially; use independent-resample intervals
25,gaussian_process,3,bucketed,history,128,512,3,14,3.592008166015148,4.061196431517601,repeat indices align samples but methods were timed sequentially; use independent-resample intervals
25,gaussian_process,3,bucketed,history,128,512,3,15,3.694602034986019,3.8244585543870926,repeat indices align samples but methods were timed sequentially; use independent-resample intervals
25,gaussian_process,3,bucketed,history,128,512,3,16,3.661496527493,4.074764795601368,repeat indices align samples but methods were timed sequentially; use independent-resample intervals
25,gaussian_process,3,bucketed,history,128,512,3,17,3.6125305145978928,4.258853010833263,repeat indices align samples but methods were timed sequentially; use independent-resample intervals
25,gaussian_process,3,bucketed,history,128,512,3,18,3.6439966931939125,3.8820929676294327,repeat indices align samples but methods were timed sequentially; use independent-resample intervals
25,gaussian_process,3,bucketed,history,128,512,3,19,3.7102397605776787,3.92220289260149,repeat indices align samples but methods were timed sequentially; use independent-resample intervals
25,gaussian_process,3,bucketed,history,128,512,3,20,3.6158938854932785,4.0081712156534195,repeat indices align samples but methods were timed sequentially; use independent-resample intervals
25,gaussian_process,3,bucketed,history,128,512,3,21,4.067786253988743,4.379229322075844,repeat indices align samples but methods were timed sequentially; use independent-resample intervals
25,gaussian_process,3,bucketed,history,128,512,3,22,3.789218246936798,5.510222256183624,repeat indices align samples but methods were timed sequentially; use independent-resample intervals
25,gaussian_process,3,bucketed,history,128,512,3,23,3.5748724415898323,5.579171419143677,repeat indices align samples but methods were timed sequentially; use independent-resample intervals
25,gaussian_process,3,bucketed,history,128,512,3,24,3.785687632858753,4.310632593929768,repeat indices align samples but methods were timed sequentially; use independent-resample intervals
25,gaussian_process,3,bucketed,history,128,512,3,25,3.600184604525566,4.122110955417156,repeat indices align samples but methods were timed sequentially; use independent-resample intervals
25,gaussian_process,3,bucketed,history,128,512,3,26,3.696229003369808,4.157857649028301,repeat indices align samples but methods were timed sequentially; use independent-resample intervals
25,gaussian_process,3,bucketed,history,128,512,3,27,3.8616666197776794,3.7917695865035057,repeat indices align samples but methods were timed sequentially; use independent-resample intervals
25,gaussian_process,3,bucketed,history,128,512,3,28,3.588559038937092,3.852202095091343,repeat indices align samples but methods were timed sequentially; use independent-resample intervals
25,gaussian_process,3,bucketed,history,128,512,3,29,3.595894865691662,3.907730996608734,repeat indices align samples but methods were timed sequentially; use independent-resample intervals
26,gaussian_process,3,bucketed,last_depth,64,512,3,0,3.6750796660780907,3.89105773717165,repeat indices align samples but methods were timed sequentially; use independent-resample intervals
26,gaussian_process,3,bucketed,last_depth,64,512,3,1,3.80876836925745,4.373155616223812,repeat indices align samples but methods were timed sequentially; use independent-resample intervals
26,gaussian_process,3,bucketed,last_depth,64,512,3,2,3.6262047067284584,4.18301260471344,repeat indices align samples but methods were timed sequentially; use independent-resample intervals
26,gaussian_process,3,bucketed,last_depth,64,512,3,3,3.7159288600087166,3.892593540251255,repeat indices align samples but methods were timed sequentially; use independent-resample intervals
26,gaussian_process,3,bucketed,last_depth,64,512,3,4,3.7670259699225426,3.904174640774727,repeat indices align samples but methods were timed sequentially; use independent-resample intervals
26,gaussian_process,3,bucketed,last_depth,64,512,3,5,3.749196335673332,4.423408314585686,repeat indices align samples but methods were timed sequentially; use independent-resample intervals
26,gaussian_process,3,bucketed,last_depth,64,512,3,6,3.6785112768411636,4.0395258739590645,repeat indices align samples but methods were timed sequentially; use independent-resample intervals
26,gaussian_process,3,bucketed,last_depth,64,512,3,7,3.7359849363565445,4.1463299840688705,repeat indices align samples but methods were timed sequentially; use independent-resample intervals
26,gaussian_process,3,bucketed,last_depth,64,512,3,8,3.8390476927161217,4.0149165987968445,repeat indices align samples but methods were timed sequentially; use independent-resample intervals
26,gaussian_process,3,bucketed,last_depth,64,512,3,9,3.822941556572914,3.9356439411640167,repeat indices align samples but methods were timed sequentially; use independent-resample intervals
26,gaussian_process,3,bucketed,last_depth,64,512,3,10,3.823594093322754,3.8027608543634415,repeat indices align samples but methods were timed sequentially; use independent-resample intervals
26,gaussian_process,3,bucketed,last_depth,64,512,3,11,3.9696523770689964,3.909186951816082,repeat indices align samples but methods were timed sequentially; use independent-resample intervals
26,gaussian_process,3,bucketed,last_depth,64,512,3,12,3.9989791586995125,4.168984815478325,repeat indices align samples but methods were timed sequentially; use independent-resample intervals
26,gaussian_process,3,bucketed,last_depth,64,512,3,13,3.816332943737507,4.016583889722824,repeat indices align samples but methods were timed sequentially; use independent-resample intervals
26,gaussian_process,3,bucketed,last_depth,64,512,3,14,3.831029012799263,4.061196431517601,repeat indices align samples but methods were timed sequentially; use independent-resample intervals
26,gaussian_process,3,bucketed,last_depth,64,512,3,15,3.8512573316693306,3.8244585543870926,repeat indices align samples but methods were timed sequentially; use independent-resample intervals
26,gaussian_process,3,bucketed,last_depth,64,512,3,16,4.027295559644699,4.074764795601368,repeat indices align samples but methods were timed sequentially; use independent-resample intervals
26,gaussian_process,3,bucketed,last_depth,64,512,3,17,3.8618528470396996,4.258853010833263,repeat indices align samples but methods were timed sequentially; use independent-resample intervals
26,gaussian_process,3,bucketed,last_depth,64,512,3,18,3.694961503148079,3.8820929676294327,repeat indices align samples but methods were timed sequentially; use independent-resample intervals
26,gaussian_process,3,bucketed,last_depth,64,512,3,19,3.725560113787651,3.92220289260149,repeat indices align samples but methods were timed sequentially; use independent-resample intervals
26,gaussian_process,3,bucketed,last_depth,64,512,3,20,3.737835429608822,4.0081712156534195,repeat indices align samples but methods were timed sequentially; use independent-resample intervals
26,gaussian_process,3,bucketed,last_depth,64,512,3,21,3.8744927793741226,4.379229322075844,repeat indices align samples but methods were timed sequentially; use independent-resample intervals
26,gaussian_process,3,bucketed,last_depth,64,512,3,22,3.8944729045033455,5.510222256183624,repeat indices align samples but methods were timed sequentially; use independent-resample intervals
26,gaussian_process,3,bucketed,last_depth,64,512,3,23,3.7849900275468826,5.579171419143677,repeat indices align samples but methods were timed sequentially; use independent-resample intervals
26,gaussian_process,3,bucketed,last_depth,64,512,3,24,3.9000168219208717,4.310632593929768,repeat indices align samples but methods were timed sequentially; use independent-resample intervals
26,gaussian_process,3,bucketed,last_depth,64,512,3,25,4.056644640862942,4.122110955417156,repeat indices align samples but methods were timed sequentially; use independent-resample intervals
26,gaussian_process,3,bucketed,last_depth,64,512,3,26,4.154033794999123,4.157857649028301,repeat indices align samples but methods were timed sequentially; use independent-resample intervals
26,gaussian_process,3,bucketed,last_depth,64,512,3,27,3.8675811290740967,3.7917695865035057,repeat indices align samples but methods were timed sequentially; use independent-resample intervals
26,gaussian_process,3,bucketed,last_depth,64,512,3,28,3.8007794693112373,3.852202095091343,repeat indices align samples but methods were timed sequentially; use independent-resample intervals
26,gaussian_process,3,bucketed,last_depth,64,512,3,29,3.668653577566147,3.907730996608734,repeat indices align samples but methods were timed sequentially; use independent-resample intervals
27,gaussian_process,3,bucketed,last_depth,128,512,3,0,3.642672449350357,3.89105773717165,repeat indices align samples but methods were timed sequentially; use independent-resample intervals
27,gaussian_process,3,bucketed,last_depth,128,512,3,1,3.5141704380512238,4.373155616223812,repeat indices align samples but methods were timed sequentially; use independent-resample intervals
27,gaussian_process,3,bucketed,last_depth,128,512,3,2,3.5773034915328026,4.18301260471344,repeat indices align samples but methods were timed sequentially; use independent-resample intervals
27,gaussian_process,3,bucketed,last_depth,128,512,3,3,3.7510821595788,3.892593540251255,repeat indices align samples but methods were timed sequentially; use independent-resample intervals
27,gaussian_process,3,bucketed,last_depth,128,512,3,4,4.447182834148407,3.904174640774727,repeat indices align samples but methods were timed sequentially; use independent-resample intervals
27,gaussian_process,3,bucketed,last_depth,128,512,3,5,5.072380051016808,4.423408314585686,repeat indices align samples but methods were timed sequentially; use independent-resample intervals
27,gaussian_process,3,bucketed,last_depth,128,512,3,6,6.080168649554253,4.0395258739590645,repeat indices align samples but methods were timed sequentially; use independent-resample intervals
27,gaussian_process,3,bucketed,last_depth,128,512,3,7,4.109169498085976,4.1463299840688705,repeat indices align samples but methods were timed sequentially; use independent-resample intervals
27,gaussian_process,3,bucketed,last_depth,128,512,3,8,3.5086662843823433,4.0149165987968445,repeat indices align samples but methods were timed sequentially; use independent-resample intervals
27,gaussian_process,3,bucketed,last_depth,128,512,3,9,3.38320841640234,3.9356439411640167,repeat indices align samples but methods were timed sequentially; use independent-resample intervals
27,gaussian_process,3,bucketed,last_depth,128,512,3,10,3.484876312315464,3.8027608543634415,repeat indices align samples but methods were timed sequentially; use independent-resample intervals
27,gaussian_process,3,bucketed,last_depth,128,512,3,11,3.653410367667675,3.909186951816082,repeat indices align samples but methods were timed sequentially; use independent-resample intervals
27,gaussian_process,3,bucketed,last_depth,128,512,3,12,3.7077764198184013,4.168984815478325,repeat indices align samples but methods were timed sequentially; use independent-resample intervals
27,gaussian_process,3,bucketed,last_depth,128,512,3,13,3.7424434050917625,4.016583889722824,repeat indices align samples but methods were timed sequentially; use independent-resample intervals
27,gaussian_process,3,bucketed,last_depth,128,512,3,14,3.5626903250813484,4.061196431517601,repeat indices align samples but methods were timed sequentially; use independent-resample intervals
27,gaussian_process,3,bucketed,last_depth,128,512,3,15,3.6282132267951965,3.8244585543870926,repeat indices align samples but methods were timed sequentially; use independent-resample intervals
27,gaussian_process,3,bucketed,last_depth,128,512,3,16,3.6817692145705223,4.074764795601368,repeat indices align samples but methods were timed sequentially; use independent-resample intervals
27,gaussian_process,3,bucketed,last_depth,128,512,3,17,3.717018097639084,4.258853010833263,repeat indices align samples but methods were timed sequentially; use independent-resample intervals
27,gaussian_process,3,bucketed,last_depth,128,512,3,18,3.649250365793705,3.8820929676294327,repeat indices align samples but methods were timed sequentially; use independent-resample intervals
27,gaussian_process,3,bucketed,last_depth,128,512,3,19,3.6810899302363396,3.92220289260149,repeat indices align samples but methods were timed sequentially; use independent-resample intervals
27,gaussian_process,3,bucketed,last_depth,128,512,3,20,3.768189460039139,4.0081712156534195,repeat indices align samples but methods were timed sequentially; use independent-resample intervals
27,gaussian_process,3,bucketed,last_depth,128,512,3,21,3.7552476599812508,4.379229322075844,repeat indices align samples but methods were timed sequentially; use independent-resample intervals
27,gaussian_process,3,bucketed,last_depth,128,512,3,22,3.7318221032619476,5.510222256183624,repeat indices align samples but methods were timed sequentially; use independent-resample intervals
27,gaussian_process,3,bucketed,last_depth,128,512,3,23,3.709502376616001,5.579171419143677,repeat indices align samples but methods were timed sequentially; use independent-resample intervals
27,gaussian_process,3,bucketed,last_depth,128,512,3,24,3.6792715191841125,4.310632593929768,repeat indices align samples but methods were timed sequentially; use independent-resample intervals
27,gaussian_process,3,bucketed,last_depth,128,512,3,25,3.7046381756663322,4.122110955417156,repeat indices align samples but methods were timed sequentially; use independent-resample intervals
27,gaussian_process,3,bucketed,last_depth,128,512,3,26,3.744153670966625,4.157857649028301,repeat indices align samples but methods were timed sequentially; use independent-resample intervals
27,gaussian_process,3,bucketed,last_depth,128,512,3,27,3.749935507774353,3.7917695865035057,repeat indices align samples but methods were timed sequentially; use independent-resample intervals
27,gaussian_process,3,bucketed,last_depth,128,512,3,28,3.7061745524406433,3.852202095091343,repeat indices align samples but methods were timed sequentially; use independent-resample intervals
27,gaussian_process,3,bucketed,last_depth,128,512,3,29,3.7875917553901672,3.907730996608734,repeat indices align samples but methods were timed sequentially; use independent-resample intervals
28,gaussian_process,4,monolithic,monolithic,0,512,3,0,3.7376350834965706,3.7376350834965706,repeat indices align samples but methods were timed sequentially; use independent-resample intervals
28,gaussian_process,4,monolithic,monolithic,0,512,3,1,3.7663755640387535,3.7663755640387535,repeat indices align samples but methods were timed sequentially; use independent-resample intervals
28,gaussian_process,4,monolithic,monolithic,0,512,3,2,3.996191903948784,3.996191903948784,repeat indices align samples but methods were timed sequentially; use independent-resample intervals
28,gaussian_process,4,monolithic,monolithic,0,512,3,3,4.1223548874258995,4.1223548874258995,repeat indices align samples but methods were timed sequentially; use independent-resample intervals
28,gaussian_process,4,monolithic,monolithic,0,512,3,4,3.8276374116539955,3.8276374116539955,repeat indices align samples but methods were timed sequentially; use independent-resample intervals
28,gaussian_process,4,monolithic,monolithic,0,512,3,5,3.9154450967907906,3.9154450967907906,repeat indices align samples but methods were timed sequentially; use independent-resample intervals
28,gaussian_process,4,monolithic,monolithic,0,512,3,6,3.840798534452915,3.840798534452915,repeat indices align samples but methods were timed sequentially; use independent-resample intervals
28,gaussian_process,4,monolithic,monolithic,0,512,3,7,3.66025510430336,3.66025510430336,repeat indices align samples but methods were timed sequentially; use independent-resample intervals
28,gaussian_process,4,monolithic,monolithic,0,512,3,8,3.564861834049225,3.564861834049225,repeat indices align samples but methods were timed sequentially; use independent-resample intervals
28,gaussian_process,4,monolithic,monolithic,0,512,3,9,3.6390470713377,3.6390470713377,repeat indices align samples but methods were timed sequentially; use independent-resample intervals
28,gaussian_process,4,monolithic,monolithic,0,512,3,10,3.6271207481622696,3.6271207481622696,repeat indices align samples but methods were timed sequentially; use independent-resample intervals
28,gaussian_process,4,monolithic,monolithic,0,512,3,11,3.6271790117025375,3.6271790117025375,repeat indices align samples but methods were timed sequentially; use independent-resample intervals
28,gaussian_process,4,monolithic,monolithic,0,512,3,12,3.6472413018345833,3.6472413018345833,repeat indices align samples but methods were timed sequentially; use independent-resample intervals
28,gaussian_process,4,monolithic,monolithic,0,512,3,13,3.6785994470119476,3.6785994470119476,repeat indices align samples but methods were timed sequentially; use independent-resample intervals
28,gaussian_process,4,monolithic,monolithic,0,512,3,14,3.6634765043854713,3.6634765043854713,repeat indices align samples but methods were timed sequentially; use independent-resample intervals
28,gaussian_process,4,monolithic,monolithic,0,512,3,15,3.624562554061413,3.624562554061413,repeat indices align samples but methods were timed sequentially; use independent-resample intervals
28,gaussian_process,4,monolithic,monolithic,0,512,3,16,3.5935021191835403,3.5935021191835403,repeat indices align samples but methods were timed sequentially; use independent-resample intervals
28,gaussian_process,4,monolithic,monolithic,0,512,3,17,3.816028743982315,3.816028743982315,repeat indices align samples but methods were timed sequentially; use independent-resample intervals
28,gaussian_process,4,monolithic,monolithic,0,512,3,18,3.970499910414219,3.970499910414219,repeat indices align samples but methods were timed sequentially; use independent-resample intervals
28,gaussian_process,4,monolithic,monolithic,0,512,3,19,3.7007802054286003,3.7007802054286003,repeat indices align samples but methods were timed sequentially; use independent-resample intervals
28,gaussian_process,4,monolithic,monolithic,0,512,3,20,3.730463072657585,3.730463072657585,repeat indices align samples but methods were timed sequentially; use independent-resample intervals
28,gaussian_process,4,monolithic,monolithic,0,512,3,21,3.5485381335020065,3.5485381335020065,repeat indices align samples but methods were timed sequentially; use independent-resample intervals
28,gaussian_process,4,monolithic,monolithic,0,512,3,22,3.521923653781414,3.521923653781414,repeat indices align samples but methods were timed sequentially; use independent-resample intervals
28,gaussian_process,4,monolithic,monolithic,0,512,3,23,3.5577432215213776,3.5577432215213776,repeat indices align samples but methods were timed sequentially; use independent-resample intervals
28,gaussian_process,4,monolithic,monolithic,0,512,3,24,3.6660042256116867,3.6660042256116867,repeat indices align samples but methods were timed sequentially; use independent-resample intervals
28,gaussian_process,4,monolithic,monolithic,0,512,3,25,3.6336291134357452,3.6336291134357452,repeat indices align samples but methods were timed sequentially; use independent-resample intervals
28,gaussian_process,4,monolithic,monolithic,0,512,3,26,3.8237734884023666,3.8237734884023666,repeat indices align samples but methods were timed sequentially; use independent-resample intervals
28,gaussian_process,4,monolithic,monolithic,0,512,3,27,3.755710005760193,3.755710005760193,repeat indices align samples but methods were timed sequentially; use independent-resample intervals
28,gaussian_process,4,monolithic,monolithic,0,512,3,28,3.695462428033352,3.695462428033352,repeat indices align samples but methods were timed sequentially; use independent-resample intervals
28,gaussian_process,4,monolithic,monolithic,0,512,3,29,3.93086888641119,3.93086888641119,repeat indices align samples but methods were timed sequentially; use independent-resample intervals
29,gaussian_process,4,bucketed,none,64,512,3,0,3.7593987956643105,3.7376350834965706,repeat indices align samples but methods were timed sequentially; use independent-resample intervals
29,gaussian_process,4,bucketed,none,64,512,3,1,3.8049058839678764,3.7663755640387535,repeat indices align samples but methods were timed sequentially; use independent-resample intervals
29,gaussian_process,4,bucketed,none,64,512,3,2,3.7732517272233963,3.996191903948784,repeat indices align samples but methods were timed sequentially; use independent-resample intervals
29,gaussian_process,4,bucketed,none,64,512,3,3,3.797038435935974,4.1223548874258995,repeat indices align samples but methods were timed sequentially; use independent-resample intervals
29,gaussian_process,4,bucketed,none,64,512,3,4,3.72811296582222,3.8276374116539955,repeat indices align samples but methods were timed sequentially; use independent-resample intervals
29,gaussian_process,4,bucketed,none,64,512,3,5,3.848467245697975,3.9154450967907906,repeat indices align samples but methods were timed sequentially; use independent-resample intervals
29,gaussian_process,4,bucketed,none,64,512,3,6,3.8034489676356316,3.840798534452915,repeat indices align samples but methods were timed sequentially; use independent-resample intervals
29,gaussian_process,4,bucketed,none,64,512,3,7,3.7977640107274055,3.66025510430336,repeat indices align samples but methods were timed sequentially; use independent-resample intervals
29,gaussian_process,4,bucketed,none,64,512,3,8,3.7657968029379845,3.564861834049225,repeat indices align samples but methods were timed sequentially; use independent-resample intervals
29,gaussian_process,4,bucketed,none,64,512,3,9,3.854238025844097,3.6390470713377,repeat indices align samples but methods were timed sequentially; use independent-resample intervals
29,gaussian_process,4,bucketed,none,64,512,3,10,3.9275702834129333,3.6271207481622696,repeat indices align samples but methods were timed sequentially; use independent-resample intervals
29,gaussian_process,4,bucketed,none,64,512,3,11,3.676032230257988,3.6271790117025375,repeat indices align samples but methods were timed sequentially; use independent-resample intervals
29,gaussian_process,4,bucketed,none,64,512,3,12,3.8975290209054947,3.6472413018345833,repeat indices align samples but methods were timed sequentially; use independent-resample intervals
29,gaussian_process,4,bucketed,none,64,512,3,13,3.878801889717579,3.6785994470119476,repeat indices align samples but methods were timed sequentially; use independent-resample intervals
29,gaussian_process,4,bucketed,none,64,512,3,14,4.023651398718357,3.6634765043854713,repeat indices align samples but methods were timed sequentially; use independent-resample intervals
29,gaussian_process,4,bucketed,none,64,512,3,15,3.8855903670191765,3.624562554061413,repeat indices align samples but methods were timed sequentially; use independent-resample intervals
29,gaussian_process,4,bucketed,none,64,512,3,16,3.7439199835062027,3.5935021191835403,repeat indices align samples but methods were timed sequentially; use independent-resample intervals
29,gaussian_process,4,bucketed,none,64,512,3,17,3.792219638824463,3.816028743982315,repeat indices align samples but methods were timed sequentially; use independent-resample intervals
29,gaussian_process,4,bucketed,none,64,512,3,18,3.810584247112274,3.970499910414219,repeat indices align samples but methods were timed sequentially; use independent-resample intervals
29,gaussian_process,4,bucketed,none,64,512,3,19,4.054844714701176,3.7007802054286003,repeat indices align samples but methods were timed sequentially; use independent-resample intervals
29,gaussian_process,4,bucketed,none,64,512,3,20,3.700789101421833,3.730463072657585,repeat indices align samples but methods were timed sequentially; use independent-resample intervals
29,gaussian_process,4,bucketed,none,64,512,3,21,3.889923617243767,3.5485381335020065,repeat indices align samples but methods were timed sequentially; use independent-resample intervals
29,gaussian_process,4,bucketed,none,64,512,3,22,3.7980953827500343,3.521923653781414,repeat indices align samples but methods were timed sequentially; use independent-resample intervals
29,gaussian_process,4,bucketed,none,64,512,3,23,3.8188494443893433,3.5577432215213776,repeat indices align samples but methods were timed sequentially; use independent-resample intervals
29,gaussian_process,4,bucketed,none,64,512,3,24,3.7765921726822853,3.6660042256116867,repeat indices align samples but methods were timed sequentially; use independent-resample intervals
29,gaussian_process,4,bucketed,none,64,512,3,25,3.8049484938383102,3.6336291134357452,repeat indices align samples but methods were timed sequentially; use independent-resample intervals
29,gaussian_process,4,bucketed,none,64,512,3,26,3.888247065246105,3.8237734884023666,repeat indices align samples but methods were timed sequentially; use independent-resample intervals
29,gaussian_process,4,bucketed,none,64,512,3,27,3.779824025928974,3.755710005760193,repeat indices align samples but methods were timed sequentially; use independent-resample intervals
29,gaussian_process,4,bucketed,none,64,512,3,28,3.876852847635746,3.695462428033352,repeat indices align samples but methods were timed sequentially; use independent-resample intervals
29,gaussian_process,4,bucketed,none,64,512,3,29,3.9531150683760643,3.93086888641119,repeat indices align samples but methods were timed sequentially; use independent-resample intervals
30,gaussian_process,4,bucketed,none,128,512,3,0,4.207861490547657,3.7376350834965706,repeat indices align samples but methods were timed sequentially; use independent-resample intervals
30,gaussian_process,4,bucketed,none,128,512,3,1,3.9616967141628265,3.7663755640387535,repeat indices align samples but methods were timed sequentially; use independent-resample intervals
30,gaussian_process,4,bucketed,none,128,512,3,2,3.7441615909337997,3.996191903948784,repeat indices align samples but methods were timed sequentially; use independent-resample intervals
30,gaussian_process,4,bucketed,none,128,512,3,3,3.977285087108612,4.1223548874258995,repeat indices align samples but methods were timed sequentially; use independent-resample intervals
30,gaussian_process,4,bucketed,none,128,512,3,4,3.865601994097233,3.8276374116539955,repeat indices align samples but methods were timed sequentially; use independent-resample intervals
30,gaussian_process,4,bucketed,none,128,512,3,5,3.8840183839201927,3.9154450967907906,repeat indices align samples but methods were timed sequentially; use independent-resample intervals
30,gaussian_process,4,bucketed,none,128,512,3,6,3.7419023513793945,3.840798534452915,repeat indices align samples but methods were timed sequentially; use independent-resample intervals
30,gaussian_process,4,bucketed,none,128,512,3,7,3.9690453559160233,3.66025510430336,repeat indices align samples but methods were timed sequentially; use independent-resample intervals
30,gaussian_process,4,bucketed,none,128,512,3,8,3.7399518862366676,3.564861834049225,repeat indices align samples but methods were timed sequentially; use independent-resample intervals
30,gaussian_process,4,bucketed,none,128,512,3,9,3.5989346727728844,3.6390470713377,repeat indices align samples but methods were timed sequentially; use independent-resample intervals
30,gaussian_process,4,bucketed,none,128,512,3,10,3.6516830176115036,3.6271207481622696,repeat indices align samples but methods were timed sequentially; use independent-resample intervals
30,gaussian_process,4,bucketed,none,128,512,3,11,5.068925306200981,3.6271790117025375,repeat indices align samples but methods were timed sequentially; use independent-resample intervals
30,gaussian_process,4,bucketed,none,128,512,3,12,5.116722077131271,3.6472413018345833,repeat indices align samples but methods were timed sequentially; use independent-resample intervals
30,gaussian_process,4,bucketed,none,128,512,3,13,4.447633303701878,3.6785994470119476,repeat indices align samples but methods were timed sequentially; use independent-resample intervals
30,gaussian_process,4,bucketed,none,128,512,3,14,3.745173215866089,3.6634765043854713,repeat indices align samples but methods were timed sequentially; use independent-resample intervals
30,gaussian_process,4,bucketed,none,128,512,3,15,4.172461785376072,3.624562554061413,repeat indices align samples but methods were timed sequentially; use independent-resample intervals
30,gaussian_process,4,bucketed,none,128,512,3,16,3.934702217578888,3.5935021191835403,repeat indices align samples but methods were timed sequentially; use independent-resample intervals
30,gaussian_process,4,bucketed,none,128,512,3,17,3.635286472737789,3.816028743982315,repeat indices align samples but methods were timed sequentially; use independent-resample intervals
30,gaussian_process,4,bucketed,none,128,512,3,18,3.689149960875511,3.970499910414219,repeat indices align samples but methods were timed sequentially; use independent-resample intervals
30,gaussian_process,4,bucketed,none,128,512,3,19,3.634092576801777,3.7007802054286003,repeat indices align samples but methods were timed sequentially; use independent-resample intervals
30,gaussian_process,4,bucketed,none,128,512,3,20,3.5983920618891716,3.730463072657585,repeat indices align samples but methods were timed sequentially; use independent-resample intervals
30,gaussian_process,4,bucketed,none,128,512,3,21,3.59892787784338,3.5485381335020065,repeat indices align samples but methods were timed sequentially; use independent-resample intervals
30,gaussian_process,4,bucketed,none,128,512,3,22,3.748694397509098,3.521923653781414,repeat indices align samples but methods were timed sequentially; use independent-resample intervals
30,gaussian_process,4,bucketed,none,128,512,3,23,3.812403067946434,3.5577432215213776,repeat indices align samples but methods were timed sequentially; use independent-resample intervals
30,gaussian_process,4,bucketed,none,128,512,3,24,3.6398616582155228,3.6660042256116867,repeat indices align samples but methods were timed sequentially; use independent-resample intervals
30,gaussian_process,4,bucketed,none,128,512,3,25,3.691726639866829,3.6336291134357452,repeat indices align samples but methods were timed sequentially; use independent-resample intervals
30,gaussian_process,4,bucketed,none,128,512,3,26,3.75643453001976,3.8237734884023666,repeat indices align samples but methods were timed sequentially; use independent-resample intervals
30,gaussian_process,4,bucketed,none,128,512,3,27,3.8849983289837837,3.755710005760193,repeat indices align samples but methods were timed sequentially; use independent-resample intervals
30,gaussian_process,4,bucketed,none,128,512,3,28,3.8052093610167503,3.695462428033352,repeat indices align samples but methods were timed sequentially; use independent-resample intervals
30,gaussian_process,4,bucketed,none,128,512,3,29,3.785251297056675,3.93086888641119,repeat indices align samples but methods were timed sequentially; use independent-resample intervals
31,gaussian_process,4,bucketed,history,64,512,3,0,3.705903820693493,3.7376350834965706,repeat indices align samples but methods were timed sequentially; use independent-resample intervals
31,gaussian_process,4,bucketed,history,64,512,3,1,3.7190769389271736,3.7663755640387535,repeat indices align samples but methods were timed sequentially; use independent-resample intervals
31,gaussian_process,4,bucketed,history,64,512,3,2,3.7227119877934456,3.996191903948784,repeat indices align samples but methods were timed sequentially; use independent-resample intervals
31,gaussian_process,4,bucketed,history,64,512,3,3,3.6163641586899757,4.1223548874258995,repeat indices align samples but methods were timed sequentially; use independent-resample intervals
31,gaussian_process,4,bucketed,history,64,512,3,4,3.6696679145097733,3.8276374116539955,repeat indices align samples but methods were timed sequentially; use independent-resample intervals
31,gaussian_process,4,bucketed,history,64,512,3,5,3.5673437416553497,3.9154450967907906,repeat indices align samples but methods were timed sequentially; use independent-resample intervals
31,gaussian_process,4,bucketed,history,64,512,3,6,3.7068448066711426,3.840798534452915,repeat indices align samples but methods were timed sequentially; use independent-resample intervals
31,gaussian_process,4,bucketed,history,64,512,3,7,3.8301286920905113,3.66025510430336,repeat indices align samples but methods were timed sequentially; use independent-resample intervals
31,gaussian_process,4,bucketed,history,64,512,3,8,3.80216221511364,3.564861834049225,repeat indices align samples but methods were timed sequentially; use independent-resample intervals
31,gaussian_process,4,bucketed,history,64,512,3,9,3.7083375304937363,3.6390470713377,repeat indices align samples but methods were timed sequentially; use independent-resample intervals
31,gaussian_process,4,bucketed,history,64,512,3,10,3.733993172645569,3.6271207481622696,repeat indices align samples but methods were timed sequentially; use independent-resample intervals
31,gaussian_process,4,bucketed,history,64,512,3,11,3.782041557133198,3.6271790117025375,repeat indices align samples but methods were timed sequentially; use independent-resample intervals
31,gaussian_process,4,bucketed,history,64,512,3,12,3.6480773612856865,3.6472413018345833,repeat indices align samples but methods were timed sequentially; use independent-resample intervals
31,gaussian_process,4,bucketed,history,64,512,3,13,3.627519130706787,3.6785994470119476,repeat indices align samples but methods were timed sequentially; use independent-resample intervals
31,gaussian_process,4,bucketed,history,64,512,3,14,3.725134678184986,3.6634765043854713,repeat indices align samples but methods were timed sequentially; use independent-resample intervals
31,gaussian_process,4,bucketed,history,64,512,3,15,3.6321292594075203,3.624562554061413,repeat indices align samples but methods were timed sequentially; use independent-resample intervals
31,gaussian_process,4,bucketed,history,64,512,3,16,3.850909948348999,3.5935021191835403,repeat indices align samples but methods were timed sequentially; use independent-resample intervals
31,gaussian_process,4,bucketed,history,64,512,3,17,3.9528583362698555,3.816028743982315,repeat indices align samples but methods were timed sequentially; use independent-resample intervals
31,gaussian_process,4,bucketed,history,64,512,3,18,3.76731313765049,3.970499910414219,repeat indices align samples but methods were timed sequentially; use independent-resample intervals
31,gaussian_process,4,bucketed,history,64,512,3,19,3.6709329932928085,3.7007802054286003,repeat indices align samples but methods were timed sequentially; use independent-resample intervals
31,gaussian_process,4,bucketed,history,64,512,3,20,3.715116575360298,3.730463072657585,repeat indices align samples but methods were timed sequentially; use independent-resample intervals
31,gaussian_process,4,bucketed,history,64,512,3,21,3.5744885578751564,3.5485381335020065,repeat indices align samples but methods were timed sequentially; use independent-resample intervals
31,gaussian_process,4,bucketed,history,64,512,3,22,3.830530099570751,3.521923653781414,repeat indices align samples but methods were timed sequentially; use independent-resample intervals
31,gaussian_process,4,bucketed,history,64,512,3,23,4.020215876400471,3.5577432215213776,repeat indices align samples but methods were timed sequentially; use independent-resample intervals
31,gaussian_process,4,bucketed,history,64,512,3,24,3.9664757177233696,3.6660042256116867,repeat indices align samples but methods were timed sequentially; use independent-resample intervals
31,gaussian_process,4,bucketed,history,64,512,3,25,3.784617342054844,3.6336291134357452,repeat indices align samples but methods were timed sequentially; use independent-resample intervals
31,gaussian_process,4,bucketed,history,64,512,3,26,3.662490665912628,3.8237734884023666,repeat indices align samples but methods were timed sequentially; use independent-resample intervals
31,gaussian_process,4,bucketed,history,64,512,3,27,3.6694705858826637,3.755710005760193,repeat indices align samples but methods were timed sequentially; use independent-resample intervals
31,gaussian_process,4,bucketed,history,64,512,3,28,3.8163729831576347,3.695462428033352,repeat indices align samples but methods were timed sequentially; use independent-resample intervals
31,gaussian_process,4,bucketed,history,64,512,3,29,3.7170156463980675,3.93086888641119,repeat indices align samples but methods were timed sequentially; use independent-resample intervals
32,gaussian_process,4,bucketed,history,128,512,3,0,3.7726533710956573,3.7376350834965706,repeat indices align samples but methods were timed sequentially; use independent-resample intervals
32,gaussian_process,4,bucketed,history,128,512,3,1,3.6309592202305794,3.7663755640387535,repeat indices align samples but methods were timed sequentially; use independent-resample intervals
32,gaussian_process,4,bucketed,history,128,512,3,2,3.712701268494129,3.996191903948784,repeat indices align samples but methods were timed sequentially; use independent-resample intervals
32,gaussian_process,4,bucketed,history,128,512,3,3,4.085128851234913,4.1223548874258995,repeat indices align samples but methods were timed sequentially; use independent-resample intervals
32,gaussian_process,4,bucketed,history,128,512,3,4,4.013080433011055,3.8276374116539955,repeat indices align samples but methods were timed sequentially; use independent-resample intervals
32,gaussian_process,4,bucketed,history,128,512,3,5,4.16865611821413,3.9154450967907906,repeat indices align samples but methods were timed sequentially; use independent-resample intervals
32,gaussian_process,4,bucketed,history,128,512,3,6,3.7548868879675865,3.840798534452915,repeat indices align samples but methods were timed sequentially; use independent-resample intervals
32,gaussian_process,4,bucketed,history,128,512,3,7,3.7061162665486336,3.66025510430336,repeat indices align samples but methods were timed sequentially; use independent-resample intervals
32,gaussian_process,4,bucketed,history,128,512,3,8,3.6548248305916786,3.564861834049225,repeat indices align samples but methods were timed sequentially; use independent-resample intervals
32,gaussian_process,4,bucketed,history,128,512,3,9,3.62641928344965,3.6390470713377,repeat indices align samples but methods were timed sequentially; use independent-resample intervals
32,gaussian_process,4,bucketed,history,128,512,3,10,3.640063963830471,3.6271207481622696,repeat indices align samples but methods were timed sequentially; use independent-resample intervals
32,gaussian_process,4,bucketed,history,128,512,3,11,3.606162242591381,3.6271790117025375,repeat indices align samples but methods were timed sequentially; use independent-resample intervals
32,gaussian_process,4,bucketed,history,128,512,3,12,3.557787112891674,3.6472413018345833,repeat indices align samples but methods were timed sequentially; use independent-resample intervals
32,gaussian_process,4,bucketed,history,128,512,3,13,3.6555363312363625,3.6785994470119476,repeat indices align samples but methods were timed sequentially; use independent-resample intervals
32,gaussian_process,4,bucketed,history,128,512,3,14,3.5229975879192352,3.6634765043854713,repeat indices align samples but methods were timed sequentially; use independent-resample intervals
32,gaussian_process,4,bucketed,history,128,512,3,15,3.615122824907303,3.624562554061413,repeat indices align samples but methods were timed sequentially; use independent-resample intervals
32,gaussian_process,4,bucketed,history,128,512,3,16,3.571284182369709,3.5935021191835403,repeat indices align samples but methods were timed sequentially; use independent-resample intervals
32,gaussian_process,4,bucketed,history,128,512,3,17,3.7007687240839005,3.816028743982315,repeat indices align samples but methods were timed sequentially; use independent-resample intervals
32,gaussian_process,4,bucketed,history,128,512,3,18,3.803673028945923,3.970499910414219,repeat indices align samples but methods were timed sequentially; use independent-resample intervals
32,gaussian_process,4,bucketed,history,128,512,3,19,4.352339394390583,3.7007802054286003,repeat indices align samples but methods were timed sequentially; use independent-resample intervals
32,gaussian_process,4,bucketed,history,128,512,3,20,4.403067298233509,3.730463072657585,repeat indices align samples but methods were timed sequentially; use independent-resample intervals
32,gaussian_process,4,bucketed,history,128,512,3,21,3.7843293994665146,3.5485381335020065,repeat indices align samples but methods were timed sequentially; use independent-resample intervals
32,gaussian_process,4,bucketed,history,128,512,3,22,3.6476966068148613,3.521923653781414,repeat indices align samples but methods were timed sequentially; use independent-resample intervals
32,gaussian_process,4,bucketed,history,128,512,3,23,3.5281600803136826,3.5577432215213776,repeat indices align samples but methods were timed sequentially; use independent-resample intervals
32,gaussian_process,4,bucketed,history,128,512,3,24,3.535243183374405,3.6660042256116867,repeat indices align samples but methods were timed sequentially; use independent-resample intervals
32,gaussian_process,4,bucketed,history,128,512,3,25,3.666093610227108,3.6336291134357452,repeat indices align samples but methods were timed sequentially; use independent-resample intervals
32,gaussian_process,4,bucketed,history,128,512,3,26,3.8352291733026505,3.8237734884023666,repeat indices align samples but methods were timed sequentially; use independent-resample intervals
32,gaussian_process,4,bucketed,history,128,512,3,27,3.6287044659256935,3.755710005760193,repeat indices align samples but methods were timed sequentially; use independent-resample intervals
32,gaussian_process,4,bucketed,history,128,512,3,28,3.6542173102498055,3.695462428033352,repeat indices align samples but methods were timed sequentially; use independent-resample intervals
32,gaussian_process,4,bucketed,history,128,512,3,29,3.787966810166836,3.93086888641119,repeat indices align samples but methods were timed sequentially; use independent-resample intervals
33,gaussian_process,4,bucketed,last_depth,64,512,3,0,3.7927618101239204,3.7376350834965706,repeat indices align samples but methods were timed sequentially; use independent-resample intervals
33,gaussian_process,4,bucketed,last_depth,64,512,3,1,3.848770961165428,3.7663755640387535,repeat indices align samples but methods were timed sequentially; use independent-resample intervals
33,gaussian_process,4,bucketed,last_depth,64,512,3,2,3.863359108567238,3.996191903948784,repeat indices align samples but methods were timed sequentially; use independent-resample intervals
33,gaussian_process,4,bucketed,last_depth,64,512,3,3,3.9300295263528824,4.1223548874258995,repeat indices align samples but methods were timed sequentially; use independent-resample intervals
33,gaussian_process,4,bucketed,last_depth,64,512,3,4,3.942741848528385,3.8276374116539955,repeat indices align samples but methods were timed sequentially; use independent-resample intervals
33,gaussian_process,4,bucketed,last_depth,64,512,3,5,4.019455462694168,3.9154450967907906,repeat indices align samples but methods were timed sequentially; use independent-resample intervals
33,gaussian_process,4,bucketed,last_depth,64,512,3,6,3.8102388456463814,3.840798534452915,repeat indices align samples but methods were timed sequentially; use independent-resample intervals
33,gaussian_process,4,bucketed,last_depth,64,512,3,7,3.7596931755542755,3.66025510430336,repeat indices align samples but methods were timed sequentially; use independent-resample intervals
33,gaussian_process,4,bucketed,last_depth,64,512,3,8,3.6911033764481544,3.564861834049225,repeat indices align samples but methods were timed sequentially; use independent-resample intervals
33,gaussian_process,4,bucketed,last_depth,64,512,3,9,3.6284856498241425,3.6390470713377,repeat indices align samples but methods were timed sequentially; use independent-resample intervals
33,gaussian_process,4,bucketed,last_depth,64,512,3,10,3.5469595417380333,3.6271207481622696,repeat indices align samples but methods were timed sequentially; use independent-resample intervals
33,gaussian_process,4,bucketed,last_depth,64,512,3,11,3.6200195103883743,3.6271790117025375,repeat indices align samples but methods were timed sequentially; use independent-resample intervals
33,gaussian_process,4,bucketed,last_depth,64,512,3,12,3.8651292249560356,3.6472413018345833,repeat indices align samples but methods were timed sequentially; use independent-resample intervals
33,gaussian_process,4,bucketed,last_depth,64,512,3,13,3.6561606973409653,3.6785994470119476,repeat indices align samples but methods were timed sequentially; use independent-resample intervals
33,gaussian_process,4,bucketed,last_depth,64,512,3,14,3.64369036257267,3.6634765043854713,repeat indices align samples but methods were timed sequentially; use independent-resample intervals
33,gaussian_process,4,bucketed,last_depth,64,512,3,15,3.671225316822529,3.624562554061413,repeat indices align samples but methods were timed sequentially; use independent-resample intervals
33,gaussian_process,4,bucketed,last_depth,64,512,3,16,3.6227607056498528,3.5935021191835403,repeat indices align samples but methods were timed sequentially; use independent-resample intervals
33,gaussian_process,4,bucketed,last_depth,64,512,3,17,3.61475870013237,3.816028743982315,repeat indices align samples but methods were timed sequentially; use independent-resample intervals
33,gaussian_process,4,bucketed,last_depth,64,512,3,18,3.6376488730311394,3.970499910414219,repeat indices align samples but methods were timed sequentially; use independent-resample intervals
33,gaussian_process,4,bucketed,last_depth,64,512,3,19,3.6209318339824677,3.7007802054286003,repeat indices align samples but methods were timed sequentially; use independent-resample intervals
33,gaussian_process,4,bucketed,last_depth,64,512,3,20,3.7221470177173615,3.730463072657585,repeat indices align samples but methods were timed sequentially; use independent-resample intervals
33,gaussian_process,4,bucketed,last_depth,64,512,3,21,4.002962164580822,3.5485381335020065,repeat indices align samples but methods were timed sequentially; use independent-resample intervals
33,gaussian_process,4,bucketed,last_depth,64,512,3,22,3.6694171130657196,3.521923653781414,repeat indices align samples but methods were timed sequentially; use independent-resample intervals
33,gaussian_process,4,bucketed,last_depth,64,512,3,23,3.6469292491674423,3.5577432215213776,repeat indices align samples but methods were timed sequentially; use independent-resample intervals
33,gaussian_process,4,bucketed,last_depth,64,512,3,24,3.59282935410738,3.6660042256116867,repeat indices align samples but methods were timed sequentially; use independent-resample intervals
33,gaussian_process,4,bucketed,last_depth,64,512,3,25,3.907844617962837,3.6336291134357452,repeat indices align samples but methods were timed sequentially; use independent-resample intervals
33,gaussian_process,4,bucketed,last_depth,64,512,3,26,3.9163487926125526,3.8237734884023666,repeat indices align samples but methods were timed sequentially; use independent-resample intervals
33,gaussian_process,4,bucketed,last_depth,64,512,3,27,3.6844272688031197,3.755710005760193,repeat indices align samples but methods were timed sequentially; use independent-resample intervals
33,gaussian_process,4,bucketed,last_depth,64,512,3,28,3.9723291024565697,3.695462428033352,repeat indices align samples but methods were timed sequentially; use independent-resample intervals
33,gaussian_process,4,bucketed,last_depth,64,512,3,29,3.782075822353363,3.93086888641119,repeat indices align samples but methods were timed sequentially; use independent-resample intervals
34,gaussian_process,4,bucketed,last_depth,128,512,3,0,3.6030955985188484,3.7376350834965706,repeat indices align samples but methods were timed sequentially; use independent-resample intervals
34,gaussian_process,4,bucketed,last_depth,128,512,3,1,3.705012686550617,3.7663755640387535,repeat indices align samples but methods were timed sequentially; use independent-resample intervals
34,gaussian_process,4,bucketed,last_depth,128,512,3,2,3.555588975548744,3.996191903948784,repeat indices align samples but methods were timed sequentially; use independent-resample intervals
34,gaussian_process,4,bucketed,last_depth,128,512,3,3,4.587397567927837,4.1223548874258995,repeat indices align samples but methods were timed sequentially; use independent-resample intervals
34,gaussian_process,4,bucketed,last_depth,128,512,3,4,3.729566350579262,3.8276374116539955,repeat indices align samples but methods were timed sequentially; use independent-resample intervals
34,gaussian_process,4,bucketed,last_depth,128,512,3,5,3.4585981965065002,3.9154450967907906,repeat indices align samples but methods were timed sequentially; use independent-resample intervals
34,gaussian_process,4,bucketed,last_depth,128,512,3,6,3.6496666893363,3.840798534452915,repeat indices align samples but methods were timed sequentially; use independent-resample intervals
34,gaussian_process,4,bucketed,last_depth,128,512,3,7,3.7872040420770645,3.66025510430336,repeat indices align samples but methods were timed sequentially; use independent-resample intervals
34,gaussian_process,4,bucketed,last_depth,128,512,3,8,3.7384950891137123,3.564861834049225,repeat indices align samples but methods were timed sequentially; use independent-resample intervals
34,gaussian_process,4,bucketed,last_depth,128,512,3,9,3.7609541043639183,3.6390470713377,repeat indices align samples but methods were timed sequentially; use independent-resample intervals
34,gaussian_process,4,bucketed,last_depth,128,512,3,10,3.9775523021817207,3.6271207481622696,repeat indices align samples but methods were timed sequentially; use independent-resample intervals
34,gaussian_process,4,bucketed,last_depth,128,512,3,11,4.082259252667427,3.6271790117025375,repeat indices align samples but methods were timed sequentially; use independent-resample intervals
34,gaussian_process,4,bucketed,last_depth,128,512,3,12,3.6132794991135597,3.6472413018345833,repeat indices align samples but methods were timed sequentially; use independent-resample intervals
34,gaussian_process,4,bucketed,last_depth,128,512,3,13,3.7212574407458305,3.6785994470119476,repeat indices align samples but methods were timed sequentially; use independent-resample intervals
34,gaussian_process,4,bucketed,last_depth,128,512,3,14,3.638829693198204,3.6634765043854713,repeat indices align samples but methods were timed sequentially; use independent-resample intervals
34,gaussian_process,4,bucketed,last_depth,128,512,3,15,3.658369332551956,3.624562554061413,repeat indices align samples but methods were timed sequentially; use independent-resample intervals
34,gaussian_process,4,bucketed,last_depth,128,512,3,16,3.6319248378276825,3.5935021191835403,repeat indices align samples but methods were timed sequentially; use independent-resample intervals
34,gaussian_process,4,bucketed,last_depth,128,512,3,17,3.5667608082294464,3.816028743982315,repeat indices align samples but methods were timed sequentially; use independent-resample intervals
34,gaussian_process,4,bucketed,last_depth,128,512,3,18,3.5836989656090736,3.970499910414219,repeat indices align samples but methods were timed sequentially; use independent-resample intervals
34,gaussian_process,4,bucketed,last_depth,128,512,3,19,3.5946183130145073,3.7007802054286003,repeat indices align samples but methods were timed sequentially; use independent-resample intervals
34,gaussian_process,4,bucketed,last_depth,128,512,3,20,3.598457969725132,3.730463072657585,repeat indices align samples but methods were timed sequentially; use independent-resample intervals
34,gaussian_process,4,bucketed,last_depth,128,512,3,21,3.6390767246484756,3.5485381335020065,repeat indices align samples but methods were timed sequentially; use independent-resample intervals
34,gaussian_process,4,bucketed,last_depth,128,512,3,22,3.8481289744377136,3.521923653781414,repeat indices align samples but methods were timed sequentially; use independent-resample intervals
34,gaussian_process,4,bucketed,last_depth,128,512,3,23,4.4160542488098145,3.5577432215213776,repeat indices align samples but methods were timed sequentially; use independent-resample intervals
34,gaussian_process,4,bucketed,last_depth,128,512,3,24,3.775423087179661,3.6660042256116867,repeat indices align samples but methods were timed sequentially; use independent-resample intervals
34,gaussian_process,4,bucketed,last_depth,128,512,3,25,3.662885271012783,3.6336291134357452,repeat indices align samples but methods were timed sequentially; use independent-resample intervals
34,gaussian_process,4,bucketed,last_depth,128,512,3,26,3.6872642263770103,3.8237734884023666,repeat indices align samples but methods were timed sequentially; use independent-resample intervals
34,gaussian_process,4,bucketed,last_depth,128,512,3,27,3.7931993529200554,3.755710005760193,repeat indices align samples but methods were timed sequentially; use independent-resample intervals
34,gaussian_process,4,bucketed,last_depth,128,512,3,28,3.6448139175772667,3.695462428033352,repeat indices align samples but methods were timed sequentially; use independent-resample intervals
34,gaussian_process,4,bucketed,last_depth,128,512,3,29,3.5980400517582893,3.93086888641119,repeat indices align samples but methods were timed sequentially; use independent-resample intervals
