row_number,model,seed,method,predictor,bucket_size,num_chains,dimension,repeat,method_seconds,monolithic_seconds_same_index,pairing_note
0,eight_schools_centered,0,monolithic,monolithic,0,512,10,0,1.9096629992127419,1.9096629992127419,repeat indices align samples but methods were timed sequentially; use independent-resample intervals
0,eight_schools_centered,0,monolithic,monolithic,0,512,10,1,1.9111573994159698,1.9111573994159698,repeat indices align samples but methods were timed sequentially; use independent-resample intervals
0,eight_schools_centered,0,monolithic,monolithic,0,512,10,2,1.9430657252669334,1.9430657252669334,repeat indices align samples but methods were timed sequentially; use independent-resample intervals
0,eight_schools_centered,0,monolithic,monolithic,0,512,10,3,1.8961446657776833,1.8961446657776833,repeat indices align samples but methods were timed sequentially; use independent-resample intervals
0,eight_schools_centered,0,monolithic,monolithic,0,512,10,4,1.91951934248209,1.91951934248209,repeat indices align samples but methods were timed sequentially; use independent-resample intervals
0,eight_schools_centered,0,monolithic,monolithic,0,512,10,5,1.8692869767546654,1.8692869767546654,repeat indices align samples but methods were timed sequentially; use independent-resample intervals
0,eight_schools_centered,0,monolithic,monolithic,0,512,10,6,1.9063723012804985,1.9063723012804985,repeat indices align samples but methods were timed sequentially; use independent-resample intervals
0,eight_schools_centered,0,monolithic,monolithic,0,512,10,7,1.899858683347702,1.899858683347702,repeat indices align samples but methods were timed sequentially; use independent-resample intervals
0,eight_schools_centered,0,monolithic,monolithic,0,512,10,8,1.933768354356289,1.933768354356289,repeat indices align samples but methods were timed sequentially; use independent-resample intervals
0,eight_schools_centered,0,monolithic,monolithic,0,512,10,9,1.9129450246691704,1.9129450246691704,repeat indices align samples but methods were timed sequentially; use independent-resample intervals
0,eight_schools_centered,0,monolithic,monolithic,0,512,10,10,1.9250566065311432,1.9250566065311432,repeat indices align samples but methods were timed sequentially; use independent-resample intervals
0,eight_schools_centered,0,monolithic,monolithic,0,512,10,11,1.9359266012907028,1.9359266012907028,repeat indices align samples but methods were timed sequentially; use independent-resample intervals
0,eight_schools_centered,0,monolithic,monolithic,0,512,10,12,1.910935364663601,1.910935364663601,repeat indices align samples but methods were timed sequentially; use independent-resample intervals
0,eight_schools_centered,0,monolithic,monolithic,0,512,10,13,1.8919311687350273,1.8919311687350273,repeat indices align samples but methods were timed sequentially; use independent-resample intervals
0,eight_schools_centered,0,monolithic,monolithic,0,512,10,14,1.8886633589863777,1.8886633589863777,repeat indices align samples but methods were timed sequentially; use independent-resample intervals
0,eight_schools_centered,0,monolithic,monolithic,0,512,10,15,1.9545903131365776,1.9545903131365776,repeat indices align samples but methods were timed sequentially; use independent-resample intervals
0,eight_schools_centered,0,monolithic,monolithic,0,512,10,16,1.8915774747729301,1.8915774747729301,repeat indices align samples but methods were timed sequentially; use independent-resample intervals
0,eight_schools_centered,0,monolithic,monolithic,0,512,10,17,1.9287863373756409,1.9287863373756409,repeat indices align samples but methods were timed sequentially; use independent-resample intervals
0,eight_schools_centered,0,monolithic,monolithic,0,512,10,18,1.956614799797535,1.956614799797535,repeat indices align samples but methods were timed sequentially; use independent-resample intervals
0,eight_schools_centered,0,monolithic,monolithic,0,512,10,19,1.9041771441698074,1.9041771441698074,repeat indices align samples but methods were timed sequentially; use independent-resample intervals
0,eight_schools_centered,0,monolithic,monolithic,0,512,10,20,1.8726266995072365,1.8726266995072365,repeat indices align samples but methods were timed sequentially; use independent-resample intervals
0,eight_schools_centered,0,monolithic,monolithic,0,512,10,21,1.9650556817650795,1.9650556817650795,repeat indices align samples but methods were timed sequentially; use independent-resample intervals
0,eight_schools_centered,0,monolithic,monolithic,0,512,10,22,1.8695087134838104,1.8695087134838104,repeat indices align samples but methods were timed sequentially; use independent-resample intervals
0,eight_schools_centered,0,monolithic,monolithic,0,512,10,23,1.8976451754570007,1.8976451754570007,repeat indices align samples but methods were timed sequentially; use independent-resample intervals
0,eight_schools_centered,0,monolithic,monolithic,0,512,10,24,1.8923601806163788,1.8923601806163788,repeat indices align samples but methods were timed sequentially; use independent-resample intervals
0,eight_schools_centered,0,monolithic,monolithic,0,512,10,25,1.894813895225525,1.894813895225525,repeat indices align samples but methods were timed sequentially; use independent-resample intervals
0,eight_schools_centered,0,monolithic,monolithic,0,512,10,26,1.9159119948744774,1.9159119948744774,repeat indices align samples but methods were timed sequentially; use independent-resample intervals
0,eight_schools_centered,0,monolithic,monolithic,0,512,10,27,2.023951657116413,2.023951657116413,repeat indices align samples but methods were timed sequentially; use independent-resample intervals
0,eight_schools_centered,0,monolithic,monolithic,0,512,10,28,2.2047670111060143,2.2047670111060143,repeat indices align samples but methods were timed sequentially; use independent-resample intervals
0,eight_schools_centered,0,monolithic,monolithic,0,512,10,29,1.9401726871728897,1.9401726871728897,repeat indices align samples but methods were timed sequentially; use independent-resample intervals
1,eight_schools_centered,0,bucketed,none,64,512,10,0,1.9282700419425964,1.9096629992127419,repeat indices align samples but methods were timed sequentially; use independent-resample intervals
1,eight_schools_centered,0,bucketed,none,64,512,10,1,1.83605295419693,1.9111573994159698,repeat indices align samples but methods were timed sequentially; use independent-resample intervals
1,eight_schools_centered,0,bucketed,none,64,512,10,2,1.8598398715257645,1.9430657252669334,repeat indices align samples but methods were timed sequentially; use independent-resample intervals
1,eight_schools_centered,0,bucketed,none,64,512,10,3,1.9054734781384468,1.8961446657776833,repeat indices align samples but methods were timed sequentially; use independent-resample intervals
1,eight_schools_centered,0,bucketed,none,64,512,10,4,1.8686181977391243,1.91951934248209,repeat indices align samples but methods were timed sequentially; use independent-resample intervals
1,eight_schools_centered,0,bucketed,none,64,512,10,5,1.9518527761101723,1.8692869767546654,repeat indices align samples but methods were timed sequentially; use independent-resample intervals
1,eight_schools_centered,0,bucketed,none,64,512,10,6,1.8892005681991577,1.9063723012804985,repeat indices align samples but methods were timed sequentially; use independent-resample intervals
1,eight_schools_centered,0,bucketed,none,64,512,10,7,1.7725128754973412,1.899858683347702,repeat indices align samples but methods were timed sequentially; use independent-resample intervals
1,eight_schools_centered,0,bucketed,none,64,512,10,8,1.8013985678553581,1.933768354356289,repeat indices align samples but methods were timed sequentially; use independent-resample intervals
1,eight_schools_centered,0,bucketed,none,64,512,10,9,1.819444663822651,1.9129450246691704,repeat indices align samples but methods were timed sequentially; use independent-resample intervals
1,eight_schools_centered,0,bucketed,none,64,512,10,10,1.8936128243803978,1.9250566065311432,repeat indices align samples but methods were timed sequentially; use independent-resample intervals
1,eight_schools_centered,0,bucketed,none,64,512,10,11,1.8818872421979904,1.9359266012907028,repeat indices align samples but methods were timed sequentially; use independent-resample intervals
1,eight_schools_centered,0,bucketed,none,64,512,10,12,1.8512819707393646,1.910935364663601,repeat indices align samples but methods were timed sequentially; use independent-resample intervals
1,eight_schools_centered,0,bucketed,none,64,512,10,13,1.8713660165667534,1.8919311687350273,repeat indices align samples but methods were timed sequentially; use independent-resample intervals
1,eight_schools_centered,0,bucketed,none,64,512,10,14,1.8695368319749832,1.8886633589863777,repeat indices align samples but methods were timed sequentially; use independent-resample intervals
1,eight_schools_centered,0,bucketed,none,64,512,10,15,1.8721635416150093,1.9545903131365776,repeat indices align samples but methods were timed sequentially; use independent-resample intervals
1,eight_schools_centered,0,bucketed,none,64,512,10,16,2.0268682911992073,1.8915774747729301,repeat indices align samples but methods were timed sequentially; use independent-resample intervals
1,eight_schools_centered,0,bucketed,none,64,512,10,17,1.9742056503891945,1.9287863373756409,repeat indices align samples but methods were timed sequentially; use independent-resample intervals
1,eight_schools_centered,0,bucketed,none,64,512,10,18,1.9921699687838554,1.956614799797535,repeat indices align samples but methods were timed sequentially; use independent-resample intervals
1,eight_schools_centered,0,bucketed,none,64,512,10,19,2.170619823038578,1.9041771441698074,repeat indices align samples but methods were timed sequentially; use independent-resample intervals
1,eight_schools_centered,0,bucketed,none,64,512,10,20,2.1287230253219604,1.8726266995072365,repeat indices align samples but methods were timed sequentially; use independent-resample intervals
1,eight_schools_centered,0,bucketed,none,64,512,10,21,2.0556891560554504,1.9650556817650795,repeat indices align samples but methods were timed sequentially; use independent-resample intervals
1,eight_schools_centered,0,bucketed,none,64,512,10,22,2.0166742503643036,1.8695087134838104,repeat indices align samples but methods were timed sequentially; use independent-resample intervals
1,eight_schools_centered,0,bucketed,none,64,512,10,23,1.866630531847477,1.8976451754570007,repeat indices align samples but methods were timed sequentially; use independent-resample intervals
1,eight_schools_centered,0,bucketed,none,64,512,10,24,1.9425751119852066,1.8923601806163788,repeat indices align samples but methods were timed sequentially; use independent-resample intervals
1,eight_schools_centered,0,bucketed,none,64,512,10,25,1.9192674979567528,1.894813895225525,repeat indices align samples but methods were timed sequentially; use independent-resample intervals
1,eight_schools_centered,0,bucketed,none,64,512,10,26,1.9622452333569527,1.9159119948744774,repeat indices align samples but methods were timed sequentially; use independent-resample intervals
1,eight_schools_centered,0,bucketed,none,64,512,10,27,2.13143839687109,2.023951657116413,repeat indices align samples but methods were timed sequentially; use independent-resample intervals
1,eight_schools_centered,0,bucketed,none,64,512,10,28,1.8957307040691376,2.2047670111060143,repeat indices align samples but methods were timed sequentially; use independent-resample intervals
1,eight_schools_centered,0,bucketed,none,64,512,10,29,1.8037003949284554,1.9401726871728897,repeat indices align samples but methods were timed sequentially; use independent-resample intervals
2,eight_schools_centered,0,bucketed,none,128,512,10,0,1.76390840113163,1.9096629992127419,repeat indices align samples but methods were timed sequentially; use independent-resample intervals
2,eight_schools_centered,0,bucketed,none,128,512,10,1,1.7735769972205162,1.9111573994159698,repeat indices align samples but methods were timed sequentially; use independent-resample intervals
2,eight_schools_centered,0,bucketed,none,128,512,10,2,1.7488732561469078,1.9430657252669334,repeat indices align samples but methods were timed sequentially; use independent-resample intervals
2,eight_schools_centered,0,bucketed,none,128,512,10,3,1.730378471314907,1.8961446657776833,repeat indices align samples but methods were timed sequentially; use independent-resample intervals
2,eight_schools_centered,0,bucketed,none,128,512,10,4,1.7570717111229897,1.91951934248209,repeat indices align samples but methods were timed sequentially; use independent-resample intervals
2,eight_schools_centered,0,bucketed,none,128,512,10,5,1.771757461130619,1.8692869767546654,repeat indices align samples but methods were timed sequentially; use independent-resample intervals
2,eight_schools_centered,0,bucketed,none,128,512,10,6,1.739946074783802,1.9063723012804985,repeat indices align samples but methods were timed sequentially; use independent-resample intervals
2,eight_schools_centered,0,bucketed,none,128,512,10,7,1.7675293609499931,1.899858683347702,repeat indices align samples but methods were timed sequentially; use independent-resample intervals
2,eight_schools_centered,0,bucketed,none,128,512,10,8,1.7200494706630707,1.933768354356289,repeat indices align samples but methods were timed sequentially; use independent-resample intervals
2,eight_schools_centered,0,bucketed,none,128,512,10,9,1.730087049305439,1.9129450246691704,repeat indices align samples but methods were timed sequentially; use independent-resample intervals
2,eight_schools_centered,0,bucketed,none,128,512,10,10,1.733395166695118,1.9250566065311432,repeat indices align samples but methods were timed sequentially; use independent-resample intervals
2,eight_schools_centered,0,bucketed,none,128,512,10,11,1.7537707388401031,1.9359266012907028,repeat indices align samples but methods were timed sequentially; use independent-resample intervals
2,eight_schools_centered,0,bucketed,none,128,512,10,12,1.7292167395353317,1.910935364663601,repeat indices align samples but methods were timed sequentially; use independent-resample intervals
2,eight_schools_centered,0,bucketed,none,128,512,10,13,1.742389976978302,1.8919311687350273,repeat indices align samples but methods were timed sequentially; use independent-resample intervals
2,eight_schools_centered,0,bucketed,none,128,512,10,14,1.732908844947815,1.8886633589863777,repeat indices align samples but methods were timed sequentially; use independent-resample intervals
2,eight_schools_centered,0,bucketed,none,128,512,10,15,1.717973105609417,1.9545903131365776,repeat indices align samples but methods were timed sequentially; use independent-resample intervals
2,eight_schools_centered,0,bucketed,none,128,512,10,16,1.763613298535347,1.8915774747729301,repeat indices align samples but methods were timed sequentially; use independent-resample intervals
2,eight_schools_centered,0,bucketed,none,128,512,10,17,1.7226307466626167,1.9287863373756409,repeat indices align samples but methods were timed sequentially; use independent-resample intervals
2,eight_schools_centered,0,bucketed,none,128,512,10,18,1.7404383644461632,1.956614799797535,repeat indices align samples but methods were timed sequentially; use independent-resample intervals
2,eight_schools_centered,0,bucketed,none,128,512,10,19,1.781287096440792,1.9041771441698074,repeat indices align samples but methods were timed sequentially; use independent-resample intervals
2,eight_schools_centered,0,bucketed,none,128,512,10,20,1.7639516294002533,1.8726266995072365,repeat indices align samples but methods were timed sequentially; use independent-resample intervals
2,eight_schools_centered,0,bucketed,none,128,512,10,21,1.7434642612934113,1.9650556817650795,repeat indices align samples but methods were timed sequentially; use independent-resample intervals
2,eight_schools_centered,0,bucketed,none,128,512,10,22,1.781601719558239,1.8695087134838104,repeat indices align samples but methods were timed sequentially; use independent-resample intervals
2,eight_schools_centered,0,bucketed,none,128,512,10,23,1.7376321703195572,1.8976451754570007,repeat indices align samples but methods were timed sequentially; use independent-resample intervals
2,eight_schools_centered,0,bucketed,none,128,512,10,24,1.741449013352394,1.8923601806163788,repeat indices align samples but methods were timed sequentially; use independent-resample intervals
2,eight_schools_centered,0,bucketed,none,128,512,10,25,1.750564731657505,1.894813895225525,repeat indices align samples but methods were timed sequentially; use independent-resample intervals
2,eight_schools_centered,0,bucketed,none,128,512,10,26,1.8013405725359917,1.9159119948744774,repeat indices align samples but methods were timed sequentially; use independent-resample intervals
2,eight_schools_centered,0,bucketed,none,128,512,10,27,1.8094890043139458,2.023951657116413,repeat indices align samples but methods were timed sequentially; use independent-resample intervals
2,eight_schools_centered,0,bucketed,none,128,512,10,28,1.8013438433408737,2.2047670111060143,repeat indices align samples but methods were timed sequentially; use independent-resample intervals
2,eight_schools_centered,0,bucketed,none,128,512,10,29,1.7553280517458916,1.9401726871728897,repeat indices align samples but methods were timed sequentially; use independent-resample intervals
3,eight_schools_centered,0,bucketed,history,64,512,10,0,1.7912019938230515,1.9096629992127419,repeat indices align samples but methods were timed sequentially; use independent-resample intervals
3,eight_schools_centered,0,bucketed,history,64,512,10,1,1.8801997303962708,1.9111573994159698,repeat indices align samples but methods were timed sequentially; use independent-resample intervals
3,eight_schools_centered,0,bucketed,history,64,512,10,2,1.8652122542262077,1.9430657252669334,repeat indices align samples but methods were timed sequentially; use independent-resample intervals
3,eight_schools_centered,0,bucketed,history,64,512,10,3,1.9119343385100365,1.8961446657776833,repeat indices align samples but methods were timed sequentially; use independent-resample intervals
3,eight_schools_centered,0,bucketed,history,64,512,10,4,2.0160646811127663,1.91951934248209,repeat indices align samples but methods were timed sequentially; use independent-resample intervals
3,eight_schools_centered,0,bucketed,history,64,512,10,5,1.9361215829849243,1.8692869767546654,repeat indices align samples but methods were timed sequentially; use independent-resample intervals
3,eight_schools_centered,0,bucketed,history,64,512,10,6,1.8895623460412025,1.9063723012804985,repeat indices align samples but methods were timed sequentially; use independent-resample intervals
3,eight_schools_centered,0,bucketed,history,64,512,10,7,1.858596757054329,1.899858683347702,repeat indices align samples but methods were timed sequentially; use independent-resample intervals
3,eight_schools_centered,0,bucketed,history,64,512,10,8,1.9722922146320343,1.933768354356289,repeat indices align samples but methods were timed sequentially; use independent-resample intervals
3,eight_schools_centered,0,bucketed,history,64,512,10,9,1.8711046800017357,1.9129450246691704,repeat indices align samples but methods were timed sequentially; use independent-resample intervals
3,eight_schools_centered,0,bucketed,history,64,512,10,10,1.8175878301262856,1.9250566065311432,repeat indices align samples but methods were timed sequentially; use independent-resample intervals
3,eight_schools_centered,0,bucketed,history,64,512,10,11,1.9244940131902695,1.9359266012907028,repeat indices align samples but methods were timed sequentially; use independent-resample intervals
3,eight_schools_centered,0,bucketed,history,64,512,10,12,1.9602629095315933,1.910935364663601,repeat indices align samples but methods were timed sequentially; use independent-resample intervals
3,eight_schools_centered,0,bucketed,history,64,512,10,13,1.851358748972416,1.8919311687350273,repeat indices align samples but methods were timed sequentially; use independent-resample intervals
3,eight_schools_centered,0,bucketed,history,64,512,10,14,1.9074355736374855,1.8886633589863777,repeat indices align samples but methods were timed sequentially; use independent-resample intervals
3,eight_schools_centered,0,bucketed,history,64,512,10,15,1.8783572390675545,1.9545903131365776,repeat indices align samples but methods were timed sequentially; use independent-resample intervals
3,eight_schools_centered,0,bucketed,history,64,512,10,16,1.8465295508503914,1.8915774747729301,repeat indices align samples but methods were timed sequentially; use independent-resample intervals
3,eight_schools_centered,0,bucketed,history,64,512,10,17,1.9717784896492958,1.9287863373756409,repeat indices align samples but methods were timed sequentially; use independent-resample intervals
3,eight_schools_centered,0,bucketed,history,64,512,10,18,1.9313913583755493,1.956614799797535,repeat indices align samples but methods were timed sequentially; use independent-resample intervals
3,eight_schools_centered,0,bucketed,history,64,512,10,19,1.768967665731907,1.9041771441698074,repeat indices align samples but methods were timed sequentially; use independent-resample intervals
3,eight_schools_centered,0,bucketed,history,64,512,10,20,1.908370241522789,1.8726266995072365,repeat indices align samples but methods were timed sequentially; use independent-resample intervals
3,eight_schools_centered,0,bucketed,history,64,512,10,21,1.944319911301136,1.9650556817650795,repeat indices align samples but methods were timed sequentially; use independent-resample intervals
3,eight_schools_centered,0,bucketed,history,64,512,10,22,1.9163030982017517,1.8695087134838104,repeat indices align samples but methods were timed sequentially; use independent-resample intervals
3,eight_schools_centered,0,bucketed,history,64,512,10,23,1.9416094198822975,1.8976451754570007,repeat indices align samples but methods were timed sequentially; use independent-resample intervals
3,eight_schools_centered,0,bucketed,history,64,512,10,24,2.0203521847724915,1.8923601806163788,repeat indices align samples but methods were timed sequentially; use independent-resample intervals
3,eight_schools_centered,0,bucketed,history,64,512,10,25,1.9015859439969063,1.894813895225525,repeat indices align samples but methods were timed sequentially; use independent-resample intervals
3,eight_schools_centered,0,bucketed,history,64,512,10,26,1.8795045241713524,1.9159119948744774,repeat indices align samples but methods were timed sequentially; use independent-resample intervals
3,eight_schools_centered,0,bucketed,history,64,512,10,27,1.8005230873823166,2.023951657116413,repeat indices align samples but methods were timed sequentially; use independent-resample intervals
3,eight_schools_centered,0,bucketed,history,64,512,10,28,2.031785488128662,2.2047670111060143,repeat indices align samples but methods were timed sequentially; use independent-resample intervals
3,eight_schools_centered,0,bucketed,history,64,512,10,29,2.0097159817814827,1.9401726871728897,repeat indices align samples but methods were timed sequentially; use independent-resample intervals
4,eight_schools_centered,0,bucketed,history,128,512,10,0,1.7149292305111885,1.9096629992127419,repeat indices align samples but methods were timed sequentially; use independent-resample intervals
4,eight_schools_centered,0,bucketed,history,128,512,10,1,1.7021470814943314,1.9111573994159698,repeat indices align samples but methods were timed sequentially; use independent-resample intervals
4,eight_schools_centered,0,bucketed,history,128,512,10,2,1.7799846082925797,1.9430657252669334,repeat indices align samples but methods were timed sequentially; use independent-resample intervals
4,eight_schools_centered,0,bucketed,history,128,512,10,3,1.7842078879475594,1.8961446657776833,repeat indices align samples but methods were timed sequentially; use independent-resample intervals
4,eight_schools_centered,0,bucketed,history,128,512,10,4,1.772470809519291,1.91951934248209,repeat indices align samples but methods were timed sequentially; use independent-resample intervals
4,eight_schools_centered,0,bucketed,history,128,512,10,5,1.8464323058724403,1.8692869767546654,repeat indices align samples but methods were timed sequentially; use independent-resample intervals
4,eight_schools_centered,0,bucketed,history,128,512,10,6,1.770200952887535,1.9063723012804985,repeat indices align samples but methods were timed sequentially; use independent-resample intervals
4,eight_schools_centered,0,bucketed,history,128,512,10,7,1.786635845899582,1.899858683347702,repeat indices align samples but methods were timed sequentially; use independent-resample intervals
4,eight_schools_centered,0,bucketed,history,128,512,10,8,1.7579313814640045,1.933768354356289,repeat indices align samples but methods were timed sequentially; use independent-resample intervals
4,eight_schools_centered,0,bucketed,history,128,512,10,9,1.724662221968174,1.9129450246691704,repeat indices align samples but methods were timed sequentially; use independent-resample intervals
4,eight_schools_centered,0,bucketed,history,128,512,10,10,1.7560437694191933,1.9250566065311432,repeat indices align samples but methods were timed sequentially; use independent-resample intervals
4,eight_schools_centered,0,bucketed,history,128,512,10,11,1.7486897259950638,1.9359266012907028,repeat indices align samples but methods were timed sequentially; use independent-resample intervals
4,eight_schools_centered,0,bucketed,history,128,512,10,12,1.7238842621445656,1.910935364663601,repeat indices align samples but methods were timed sequentially; use independent-resample intervals
4,eight_schools_centered,0,bucketed,history,128,512,10,13,1.7333732843399048,1.8919311687350273,repeat indices align samples but methods were timed sequentially; use independent-resample intervals
4,eight_schools_centered,0,bucketed,history,128,512,10,14,1.7448499500751495,1.8886633589863777,repeat indices align samples but methods were timed sequentially; use independent-resample intervals
4,eight_schools_centered,0,bucketed,history,128,512,10,15,1.726855218410492,1.9545903131365776,repeat indices align samples but methods were timed sequentially; use independent-resample intervals
4,eight_schools_centered,0,bucketed,history,128,512,10,16,1.7135461941361427,1.8915774747729301,repeat indices align samples but methods were timed sequentially; use independent-resample intervals
4,eight_schools_centered,0,bucketed,history,128,512,10,17,1.7586723044514656,1.9287863373756409,repeat indices align samples but methods were timed sequentially; use independent-resample intervals
4,eight_schools_centered,0,bucketed,history,128,512,10,18,1.728170558810234,1.956614799797535,repeat indices align samples but methods were timed sequentially; use independent-resample intervals
4,eight_schools_centered,0,bucketed,history,128,512,10,19,1.7206326052546501,1.9041771441698074,repeat indices align samples but methods were timed sequentially; use independent-resample intervals
4,eight_schools_centered,0,bucketed,history,128,512,10,20,1.7250097170472145,1.8726266995072365,repeat indices align samples but methods were timed sequentially; use independent-resample intervals
4,eight_schools_centered,0,bucketed,history,128,512,10,21,1.727530024945736,1.9650556817650795,repeat indices align samples but methods were timed sequentially; use independent-resample intervals
4,eight_schools_centered,0,bucketed,history,128,512,10,22,1.7499840557575226,1.8695087134838104,repeat indices align samples but methods were timed sequentially; use independent-resample intervals
4,eight_schools_centered,0,bucketed,history,128,512,10,23,1.7693958207964897,1.8976451754570007,repeat indices align samples but methods were timed sequentially; use independent-resample intervals
4,eight_schools_centered,0,bucketed,history,128,512,10,24,1.7656250596046448,1.8923601806163788,repeat indices align samples but methods were timed sequentially; use independent-resample intervals
4,eight_schools_centered,0,bucketed,history,128,512,10,25,1.7588396593928337,1.894813895225525,repeat indices align samples but methods were timed sequentially; use independent-resample intervals
4,eight_schools_centered,0,bucketed,history,128,512,10,26,1.7373792231082916,1.9159119948744774,repeat indices align samples but methods were timed sequentially; use independent-resample intervals
4,eight_schools_centered,0,bucketed,history,128,512,10,27,1.8072864040732384,2.023951657116413,repeat indices align samples but methods were timed sequentially; use independent-resample intervals
4,eight_schools_centered,0,bucketed,history,128,512,10,28,1.7639138102531433,2.2047670111060143,repeat indices align samples but methods were timed sequentially; use independent-resample intervals
4,eight_schools_centered,0,bucketed,history,128,512,10,29,1.748534806072712,1.9401726871728897,repeat indices align samples but methods were timed sequentially; use independent-resample intervals
5,eight_schools_centered,0,bucketed,last_depth,64,512,10,0,1.883866123855114,1.9096629992127419,repeat indices align samples but methods were timed sequentially; use independent-resample intervals
5,eight_schools_centered,0,bucketed,last_depth,64,512,10,1,2.012167990207672,1.9111573994159698,repeat indices align samples but methods were timed sequentially; use independent-resample intervals
5,eight_schools_centered,0,bucketed,last_depth,64,512,10,2,1.989634908735752,1.9430657252669334,repeat indices align samples but methods were timed sequentially; use independent-resample intervals
5,eight_schools_centered,0,bucketed,last_depth,64,512,10,3,1.8606045842170715,1.8961446657776833,repeat indices align samples but methods were timed sequentially; use independent-resample intervals
5,eight_schools_centered,0,bucketed,last_depth,64,512,10,4,2.0525353997945786,1.91951934248209,repeat indices align samples but methods were timed sequentially; use independent-resample intervals
5,eight_schools_centered,0,bucketed,last_depth,64,512,10,5,1.9669418260455132,1.8692869767546654,repeat indices align samples but methods were timed sequentially; use independent-resample intervals
5,eight_schools_centered,0,bucketed,last_depth,64,512,10,6,1.8805393502116203,1.9063723012804985,repeat indices align samples but methods were timed sequentially; use independent-resample intervals
5,eight_schools_centered,0,bucketed,last_depth,64,512,10,7,1.9583175629377365,1.899858683347702,repeat indices align samples but methods were timed sequentially; use independent-resample intervals
5,eight_schools_centered,0,bucketed,last_depth,64,512,10,8,1.8862585797905922,1.933768354356289,repeat indices align samples but methods were timed sequentially; use independent-resample intervals
5,eight_schools_centered,0,bucketed,last_depth,64,512,10,9,1.8496919050812721,1.9129450246691704,repeat indices align samples but methods were timed sequentially; use independent-resample intervals
5,eight_schools_centered,0,bucketed,last_depth,64,512,10,10,1.8447126746177673,1.9250566065311432,repeat indices align samples but methods were timed sequentially; use independent-resample intervals
5,eight_schools_centered,0,bucketed,last_depth,64,512,10,11,1.9348003640770912,1.9359266012907028,repeat indices align samples but methods were timed sequentially; use independent-resample intervals
5,eight_schools_centered,0,bucketed,last_depth,64,512,10,12,1.8440325856208801,1.910935364663601,repeat indices align samples but methods were timed sequentially; use independent-resample intervals
5,eight_schools_centered,0,bucketed,last_depth,64,512,10,13,1.8844593092799187,1.8919311687350273,repeat indices align samples but methods were timed sequentially; use independent-resample intervals
5,eight_schools_centered,0,bucketed,last_depth,64,512,10,14,1.810756154358387,1.8886633589863777,repeat indices align samples but methods were timed sequentially; use independent-resample intervals
5,eight_schools_centered,0,bucketed,last_depth,64,512,10,15,1.8839980214834213,1.9545903131365776,repeat indices align samples but methods were timed sequentially; use independent-resample intervals
5,eight_schools_centered,0,bucketed,last_depth,64,512,10,16,1.9025713428854942,1.8915774747729301,repeat indices align samples but methods were timed sequentially; use independent-resample intervals
5,eight_schools_centered,0,bucketed,last_depth,64,512,10,17,1.8336906284093857,1.9287863373756409,repeat indices align samples but methods were timed sequentially; use independent-resample intervals
5,eight_schools_centered,0,bucketed,last_depth,64,512,10,18,1.7717154771089554,1.956614799797535,repeat indices align samples but methods were timed sequentially; use independent-resample intervals
5,eight_schools_centered,0,bucketed,last_depth,64,512,10,19,1.8247932270169258,1.9041771441698074,repeat indices align samples but methods were timed sequentially; use independent-resample intervals
5,eight_schools_centered,0,bucketed,last_depth,64,512,10,20,1.8373873233795166,1.8726266995072365,repeat indices align samples but methods were timed sequentially; use independent-resample intervals
5,eight_schools_centered,0,bucketed,last_depth,64,512,10,21,1.9182525277137756,1.9650556817650795,repeat indices align samples but methods were timed sequentially; use independent-resample intervals
5,eight_schools_centered,0,bucketed,last_depth,64,512,10,22,1.8032349422574043,1.8695087134838104,repeat indices align samples but methods were timed sequentially; use independent-resample intervals
5,eight_schools_centered,0,bucketed,last_depth,64,512,10,23,1.8771243542432785,1.8976451754570007,repeat indices align samples but methods were timed sequentially; use independent-resample intervals
5,eight_schools_centered,0,bucketed,last_depth,64,512,10,24,1.8731486722826958,1.8923601806163788,repeat indices align samples but methods were timed sequentially; use independent-resample intervals
5,eight_schools_centered,0,bucketed,last_depth,64,512,10,25,1.8323191925883293,1.894813895225525,repeat indices align samples but methods were timed sequentially; use independent-resample intervals
5,eight_schools_centered,0,bucketed,last_depth,64,512,10,26,1.8004090711474419,1.9159119948744774,repeat indices align samples but methods were timed sequentially; use independent-resample intervals
5,eight_schools_centered,0,bucketed,last_depth,64,512,10,27,1.964264154434204,2.023951657116413,repeat indices align samples but methods were timed sequentially; use independent-resample intervals
5,eight_schools_centered,0,bucketed,last_depth,64,512,10,28,1.8792728260159492,2.2047670111060143,repeat indices align samples but methods were timed sequentially; use independent-resample intervals
5,eight_schools_centered,0,bucketed,last_depth,64,512,10,29,1.9078024551272392,1.9401726871728897,repeat indices align samples but methods were timed sequentially; use independent-resample intervals
6,eight_schools_centered,0,bucketed,last_depth,128,512,10,0,1.7524911612272263,1.9096629992127419,repeat indices align samples but methods were timed sequentially; use independent-resample intervals
6,eight_schools_centered,0,bucketed,last_depth,128,512,10,1,1.816808357834816,1.9111573994159698,repeat indices align samples but methods were timed sequentially; use independent-resample intervals
6,eight_schools_centered,0,bucketed,last_depth,128,512,10,2,1.86520866304636,1.9430657252669334,repeat indices align samples but methods were timed sequentially; use independent-resample intervals
6,eight_schools_centered,0,bucketed,last_depth,128,512,10,3,1.7867773473262787,1.8961446657776833,repeat indices align samples but methods were timed sequentially; use independent-resample intervals
6,eight_schools_centered,0,bucketed,last_depth,128,512,10,4,1.7547263726592064,1.91951934248209,repeat indices align samples but methods were timed sequentially; use independent-resample intervals
6,eight_schools_centered,0,bucketed,last_depth,128,512,10,5,1.7639418616890907,1.8692869767546654,repeat indices align samples but methods were timed sequentially; use independent-resample intervals
6,eight_schools_centered,0,bucketed,last_depth,128,512,10,6,1.7890522703528404,1.9063723012804985,repeat indices align samples but methods were timed sequentially; use independent-resample intervals
6,eight_schools_centered,0,bucketed,last_depth,128,512,10,7,1.8087401390075684,1.899858683347702,repeat indices align samples but methods were timed sequentially; use independent-resample intervals
6,eight_schools_centered,0,bucketed,last_depth,128,512,10,8,1.7819326221942902,1.933768354356289,repeat indices align samples but methods were timed sequentially; use independent-resample intervals
6,eight_schools_centered,0,bucketed,last_depth,128,512,10,9,1.7819477170705795,1.9129450246691704,repeat indices align samples but methods were timed sequentially; use independent-resample intervals
6,eight_schools_centered,0,bucketed,last_depth,128,512,10,10,1.8098924234509468,1.9250566065311432,repeat indices align samples but methods were timed sequentially; use independent-resample intervals
6,eight_schools_centered,0,bucketed,last_depth,128,512,10,11,1.797417938709259,1.9359266012907028,repeat indices align samples but methods were timed sequentially; use independent-resample intervals
6,eight_schools_centered,0,bucketed,last_depth,128,512,10,12,1.7690919265151024,1.910935364663601,repeat indices align samples but methods were timed sequentially; use independent-resample intervals
6,eight_schools_centered,0,bucketed,last_depth,128,512,10,13,1.7356743589043617,1.8919311687350273,repeat indices align samples but methods were timed sequentially; use independent-resample intervals
6,eight_schools_centered,0,bucketed,last_depth,128,512,10,14,1.7324629798531532,1.8886633589863777,repeat indices align samples but methods were timed sequentially; use independent-resample intervals
6,eight_schools_centered,0,bucketed,last_depth,128,512,10,15,1.7431067451834679,1.9545903131365776,repeat indices align samples but methods were timed sequentially; use independent-resample intervals
6,eight_schools_centered,0,bucketed,last_depth,128,512,10,16,1.7414375469088554,1.8915774747729301,repeat indices align samples but methods were timed sequentially; use independent-resample intervals
6,eight_schools_centered,0,bucketed,last_depth,128,512,10,17,1.7779503241181374,1.9287863373756409,repeat indices align samples but methods were timed sequentially; use independent-resample intervals
6,eight_schools_centered,0,bucketed,last_depth,128,512,10,18,1.7503633424639702,1.956614799797535,repeat indices align samples but methods were timed sequentially; use independent-resample intervals
6,eight_schools_centered,0,bucketed,last_depth,128,512,10,19,1.7521960586309433,1.9041771441698074,repeat indices align samples but methods were timed sequentially; use independent-resample intervals
6,eight_schools_centered,0,bucketed,last_depth,128,512,10,20,1.7702855244278908,1.8726266995072365,repeat indices align samples but methods were timed sequentially; use independent-resample intervals
6,eight_schools_centered,0,bucketed,last_depth,128,512,10,21,1.7530931681394577,1.9650556817650795,repeat indices align samples but methods were timed sequentially; use independent-resample intervals
6,eight_schools_centered,0,bucketed,last_depth,128,512,10,22,1.7431272640824318,1.8695087134838104,repeat indices align samples but methods were timed sequentially; use independent-resample intervals
6,eight_schools_centered,0,bucketed,last_depth,128,512,10,23,1.7764180973172188,1.8976451754570007,repeat indices align samples but methods were timed sequentially; use independent-resample intervals
6,eight_schools_centered,0,bucketed,last_depth,128,512,10,24,1.7698487639427185,1.8923601806163788,repeat indices align samples but methods were timed sequentially; use independent-resample intervals
6,eight_schools_centered,0,bucketed,last_depth,128,512,10,25,1.7542438432574272,1.894813895225525,repeat indices align samples but methods were timed sequentially; use independent-resample intervals
6,eight_schools_centered,0,bucketed,last_depth,128,512,10,26,1.7813933715224266,1.9159119948744774,repeat indices align samples but methods were timed sequentially; use independent-resample intervals
6,eight_schools_centered,0,bucketed,last_depth,128,512,10,27,1.7896120846271515,2.023951657116413,repeat indices align samples but methods were timed sequentially; use independent-resample intervals
6,eight_schools_centered,0,bucketed,last_depth,128,512,10,28,1.8131586164236069,2.2047670111060143,repeat indices align samples but methods were timed sequentially; use independent-resample intervals
6,eight_schools_centered,0,bucketed,last_depth,128,512,10,29,1.796782523393631,1.9401726871728897,repeat indices align samples but methods were timed sequentially; use independent-resample intervals
7,eight_schools_centered,1,monolithic,monolithic,0,512,10,0,1.9911576732993126,1.9911576732993126,repeat indices align samples but methods were timed sequentially; use independent-resample intervals
7,eight_schools_centered,1,monolithic,monolithic,0,512,10,1,1.7623979225754738,1.7623979225754738,repeat indices align samples but methods were timed sequentially; use independent-resample intervals
7,eight_schools_centered,1,monolithic,monolithic,0,512,10,2,1.75458874553442,1.75458874553442,repeat indices align samples but methods were timed sequentially; use independent-resample intervals
7,eight_schools_centered,1,monolithic,monolithic,0,512,10,3,1.7672696188092232,1.7672696188092232,repeat indices align samples but methods were timed sequentially; use independent-resample intervals
7,eight_schools_centered,1,monolithic,monolithic,0,512,10,4,1.8959781378507614,1.8959781378507614,repeat indices align samples but methods were timed sequentially; use independent-resample intervals
7,eight_schools_centered,1,monolithic,monolithic,0,512,10,5,1.7546281293034554,1.7546281293034554,repeat indices align samples but methods were timed sequentially; use independent-resample intervals
7,eight_schools_centered,1,monolithic,monolithic,0,512,10,6,1.6967587545514107,1.6967587545514107,repeat indices align samples but methods were timed sequentially; use independent-resample intervals
7,eight_schools_centered,1,monolithic,monolithic,0,512,10,7,1.750037096440792,1.750037096440792,repeat indices align samples but methods were timed sequentially; use independent-resample intervals
7,eight_schools_centered,1,monolithic,monolithic,0,512,10,8,1.763975128531456,1.763975128531456,repeat indices align samples but methods were timed sequentially; use independent-resample intervals
7,eight_schools_centered,1,monolithic,monolithic,0,512,10,9,1.7442567646503448,1.7442567646503448,repeat indices align samples but methods were timed sequentially; use independent-resample intervals
7,eight_schools_centered,1,monolithic,monolithic,0,512,10,10,1.7636078149080276,1.7636078149080276,repeat indices align samples but methods were timed sequentially; use independent-resample intervals
7,eight_schools_centered,1,monolithic,monolithic,0,512,10,11,1.7222500815987587,1.7222500815987587,repeat indices align samples but methods were timed sequentially; use independent-resample intervals
7,eight_schools_centered,1,monolithic,monolithic,0,512,10,12,1.7630514279007912,1.7630514279007912,repeat indices align samples but methods were timed sequentially; use independent-resample intervals
7,eight_schools_centered,1,monolithic,monolithic,0,512,10,13,1.760160356760025,1.760160356760025,repeat indices align samples but methods were timed sequentially; use independent-resample intervals
7,eight_schools_centered,1,monolithic,monolithic,0,512,10,14,1.7025615647435188,1.7025615647435188,repeat indices align samples but methods were timed sequentially; use independent-resample intervals
7,eight_schools_centered,1,monolithic,monolithic,0,512,10,15,1.7243129089474678,1.7243129089474678,repeat indices align samples but methods were timed sequentially; use independent-resample intervals
7,eight_schools_centered,1,monolithic,monolithic,0,512,10,16,1.751609280705452,1.751609280705452,repeat indices align samples but methods were timed sequentially; use independent-resample intervals
7,eight_schools_centered,1,monolithic,monolithic,0,512,10,17,1.67868173122406,1.67868173122406,repeat indices align samples but methods were timed sequentially; use independent-resample intervals
7,eight_schools_centered,1,monolithic,monolithic,0,512,10,18,1.7653947547078133,1.7653947547078133,repeat indices align samples but methods were timed sequentially; use independent-resample intervals
7,eight_schools_centered,1,monolithic,monolithic,0,512,10,19,1.7752532362937927,1.7752532362937927,repeat indices align samples but methods were timed sequentially; use independent-resample intervals
7,eight_schools_centered,1,monolithic,monolithic,0,512,10,20,1.7096364051103592,1.7096364051103592,repeat indices align samples but methods were timed sequentially; use independent-resample intervals
7,eight_schools_centered,1,monolithic,monolithic,0,512,10,21,1.728617936372757,1.728617936372757,repeat indices align samples but methods were timed sequentially; use independent-resample intervals
7,eight_schools_centered,1,monolithic,monolithic,0,512,10,22,1.7567904144525528,1.7567904144525528,repeat indices align samples but methods were timed sequentially; use independent-resample intervals
7,eight_schools_centered,1,monolithic,monolithic,0,512,10,23,1.699177548289299,1.699177548289299,repeat indices align samples but methods were timed sequentially; use independent-resample intervals
7,eight_schools_centered,1,monolithic,monolithic,0,512,10,24,1.7110887095332146,1.7110887095332146,repeat indices align samples but methods were timed sequentially; use independent-resample intervals
7,eight_schools_centered,1,monolithic,monolithic,0,512,10,25,1.697606585919857,1.697606585919857,repeat indices align samples but methods were timed sequentially; use independent-resample intervals
7,eight_schools_centered,1,monolithic,monolithic,0,512,10,26,1.6605472937226295,1.6605472937226295,repeat indices align samples but methods were timed sequentially; use independent-resample intervals
7,eight_schools_centered,1,monolithic,monolithic,0,512,10,27,1.669772133231163,1.669772133231163,repeat indices align samples but methods were timed sequentially; use independent-resample intervals
7,eight_schools_centered,1,monolithic,monolithic,0,512,10,28,1.7085346803069115,1.7085346803069115,repeat indices align samples but methods were timed sequentially; use independent-resample intervals
7,eight_schools_centered,1,monolithic,monolithic,0,512,10,29,1.7348897904157639,1.7348897904157639,repeat indices align samples but methods were timed sequentially; use independent-resample intervals
8,eight_schools_centered,1,bucketed,none,64,512,10,0,1.8803179636597633,1.9911576732993126,repeat indices align samples but methods were timed sequentially; use independent-resample intervals
8,eight_schools_centered,1,bucketed,none,64,512,10,1,1.888624131679535,1.7623979225754738,repeat indices align samples but methods were timed sequentially; use independent-resample intervals
8,eight_schools_centered,1,bucketed,none,64,512,10,2,1.8935702666640282,1.75458874553442,repeat indices align samples but methods were timed sequentially; use independent-resample intervals
8,eight_schools_centered,1,bucketed,none,64,512,10,3,1.7951545268297195,1.7672696188092232,repeat indices align samples but methods were timed sequentially; use independent-resample intervals
8,eight_schools_centered,1,bucketed,none,64,512,10,4,1.7211906909942627,1.8959781378507614,repeat indices align samples but methods were timed sequentially; use independent-resample intervals
8,eight_schools_centered,1,bucketed,none,64,512,10,5,1.7896956130862236,1.7546281293034554,repeat indices align samples but methods were timed sequentially; use independent-resample intervals
8,eight_schools_centered,1,bucketed,none,64,512,10,6,1.993455432355404,1.6967587545514107,repeat indices align samples but methods were timed sequentially; use independent-resample intervals
8,eight_schools_centered,1,bucketed,none,64,512,10,7,2.12152212113142,1.750037096440792,repeat indices align samples but methods were timed sequentially; use independent-resample intervals
8,eight_schools_centered,1,bucketed,none,64,512,10,8,1.9448456317186356,1.763975128531456,repeat indices align samples but methods were timed sequentially; use independent-resample intervals
8,eight_schools_centered,1,bucketed,none,64,512,10,9,1.8327398896217346,1.7442567646503448,repeat indices align samples but methods were timed sequentially; use independent-resample intervals
8,eight_schools_centered,1,bucketed,none,64,512,10,10,1.7625966668128967,1.7636078149080276,repeat indices align samples but methods were timed sequentially; use independent-resample intervals
8,eight_schools_centered,1,bucketed,none,64,512,10,11,1.873833753168583,1.7222500815987587,repeat indices align samples but methods were timed sequentially; use independent-resample intervals
8,eight_schools_centered,1,bucketed,none,64,512,10,12,1.999815210700035,1.7630514279007912,repeat indices align samples but methods were timed sequentially; use independent-resample intervals
8,eight_schools_centered,1,bucketed,none,64,512,10,13,1.8117110654711723,1.760160356760025,repeat indices align samples but methods were timed sequentially; use independent-resample intervals
8,eight_schools_centered,1,bucketed,none,64,512,10,14,1.8401809930801392,1.7025615647435188,repeat indices align samples but methods were timed sequentially; use independent-resample intervals
8,eight_schools_centered,1,bucketed,none,64,512,10,15,1.958932027220726,1.7243129089474678,repeat indices align samples but methods were timed sequentially; use independent-resample intervals
8,eight_schools_centered,1,bucketed,none,64,512,10,16,1.7659327909350395,1.751609280705452,repeat indices align samples but methods were timed sequentially; use independent-resample intervals
8,eight_schools_centered,1,bucketed,none,64,512,10,17,1.8256997540593147,1.67868173122406,repeat indices align samples but methods were timed sequentially; use independent-resample intervals
8,eight_schools_centered,1,bucketed,none,64,512,10,18,1.8606115132570267,1.7653947547078133,repeat indices align samples but methods were timed sequentially; use independent-resample intervals
8,eight_schools_centered,1,bucketed,none,64,512,10,19,1.8128995597362518,1.7752532362937927,repeat indices align samples but methods were timed sequentially; use independent-resample intervals
8,eight_schools_centered,1,bucketed,none,64,512,10,20,1.8720278069376945,1.7096364051103592,repeat indices align samples but methods were timed sequentially; use independent-resample intervals
8,eight_schools_centered,1,bucketed,none,64,512,10,21,1.8125869408249855,1.728617936372757,repeat indices align samples but methods were timed sequentially; use independent-resample intervals
8,eight_schools_centered,1,bucketed,none,64,512,10,22,1.9460809156298637,1.7567904144525528,repeat indices align samples but methods were timed sequentially; use independent-resample intervals
8,eight_schools_centered,1,bucketed,none,64,512,10,23,1.9488355293869972,1.699177548289299,repeat indices align samples but methods were timed sequentially; use independent-resample intervals
8,eight_schools_centered,1,bucketed,none,64,512,10,24,1.8861397877335548,1.7110887095332146,repeat indices align samples but methods were timed sequentially; use independent-resample intervals
8,eight_schools_centered,1,bucketed,none,64,512,10,25,1.9048177748918533,1.697606585919857,repeat indices align samples but methods were timed sequentially; use independent-resample intervals
8,eight_schools_centered,1,bucketed,none,64,512,10,26,1.990534171462059,1.6605472937226295,repeat indices align samples but methods were timed sequentially; use independent-resample intervals
8,eight_schools_centered,1,bucketed,none,64,512,10,27,1.912374161183834,1.669772133231163,repeat indices align samples but methods were timed sequentially; use independent-resample intervals
8,eight_schools_centered,1,bucketed,none,64,512,10,28,1.9608282521367073,1.7085346803069115,repeat indices align samples but methods were timed sequentially; use independent-resample intervals
8,eight_schools_centered,1,bucketed,none,64,512,10,29,1.8526376858353615,1.7348897904157639,repeat indices align samples but methods were timed sequentially; use independent-resample intervals
9,eight_schools_centered,1,bucketed,none,128,512,10,0,1.7133681997656822,1.9911576732993126,repeat indices align samples but methods were timed sequentially; use independent-resample intervals
9,eight_schools_centered,1,bucketed,none,128,512,10,1,1.6860194727778435,1.7623979225754738,repeat indices align samples but methods were timed sequentially; use independent-resample intervals
9,eight_schools_centered,1,bucketed,none,128,512,10,2,1.7353307753801346,1.75458874553442,repeat indices align samples but methods were timed sequentially; use independent-resample intervals
9,eight_schools_centered,1,bucketed,none,128,512,10,3,1.705572485923767,1.7672696188092232,repeat indices align samples but methods were timed sequentially; use independent-resample intervals
9,eight_schools_centered,1,bucketed,none,128,512,10,4,1.6806058660149574,1.8959781378507614,repeat indices align samples but methods were timed sequentially; use independent-resample intervals
9,eight_schools_centered,1,bucketed,none,128,512,10,5,1.679163120687008,1.7546281293034554,repeat indices align samples but methods were timed sequentially; use independent-resample intervals
9,eight_schools_centered,1,bucketed,none,128,512,10,6,1.7147183939814568,1.6967587545514107,repeat indices align samples but methods were timed sequentially; use independent-resample intervals
9,eight_schools_centered,1,bucketed,none,128,512,10,7,1.6981627717614174,1.750037096440792,repeat indices align samples but methods were timed sequentially; use independent-resample intervals
9,eight_schools_centered,1,bucketed,none,128,512,10,8,1.7851593121886253,1.763975128531456,repeat indices align samples but methods were timed sequentially; use independent-resample intervals
9,eight_schools_centered,1,bucketed,none,128,512,10,9,1.7157555148005486,1.7442567646503448,repeat indices align samples but methods were timed sequentially; use independent-resample intervals
9,eight_schools_centered,1,bucketed,none,128,512,10,10,1.7077173367142677,1.7636078149080276,repeat indices align samples but methods were timed sequentially; use independent-resample intervals
9,eight_schools_centered,1,bucketed,none,128,512,10,11,1.696375772356987,1.7222500815987587,repeat indices align samples but methods were timed sequentially; use independent-resample intervals
9,eight_schools_centered,1,bucketed,none,128,512,10,12,1.707966797053814,1.7630514279007912,repeat indices align samples but methods were timed sequentially; use independent-resample intervals
9,eight_schools_centered,1,bucketed,none,128,512,10,13,1.688640370965004,1.760160356760025,repeat indices align samples but methods were timed sequentially; use independent-resample intervals
9,eight_schools_centered,1,bucketed,none,128,512,10,14,1.7229288667440414,1.7025615647435188,repeat indices align samples but methods were timed sequentially; use independent-resample intervals
9,eight_schools_centered,1,bucketed,none,128,512,10,15,1.7642229199409485,1.7243129089474678,repeat indices align samples but methods were timed sequentially; use independent-resample intervals
9,eight_schools_centered,1,bucketed,none,128,512,10,16,1.7174056470394135,1.751609280705452,repeat indices align samples but methods were timed sequentially; use independent-resample intervals
9,eight_schools_centered,1,bucketed,none,128,512,10,17,1.729170374572277,1.67868173122406,repeat indices align samples but methods were timed sequentially; use independent-resample intervals
9,eight_schools_centered,1,bucketed,none,128,512,10,18,1.7388391718268394,1.7653947547078133,repeat indices align samples but methods were timed sequentially; use independent-resample intervals
9,eight_schools_centered,1,bucketed,none,128,512,10,19,1.7158388271927834,1.7752532362937927,repeat indices align samples but methods were timed sequentially; use independent-resample intervals
9,eight_schools_centered,1,bucketed,none,128,512,10,20,1.708379589021206,1.7096364051103592,repeat indices align samples but methods were timed sequentially; use independent-resample intervals
9,eight_schools_centered,1,bucketed,none,128,512,10,21,1.7013288140296936,1.728617936372757,repeat indices align samples but methods were timed sequentially; use independent-resample intervals
9,eight_schools_centered,1,bucketed,none,128,512,10,22,1.8115983232855797,1.7567904144525528,repeat indices align samples but methods were timed sequentially; use independent-resample intervals
9,eight_schools_centered,1,bucketed,none,128,512,10,23,1.707306519150734,1.699177548289299,repeat indices align samples but methods were timed sequentially; use independent-resample intervals
9,eight_schools_centered,1,bucketed,none,128,512,10,24,1.7038178145885468,1.7110887095332146,repeat indices align samples but methods were timed sequentially; use independent-resample intervals
9,eight_schools_centered,1,bucketed,none,128,512,10,25,1.6666869074106216,1.697606585919857,repeat indices align samples but methods were timed sequentially; use independent-resample intervals
9,eight_schools_centered,1,bucketed,none,128,512,10,26,1.7036654949188232,1.6605472937226295,repeat indices align samples but methods were timed sequentially; use independent-resample intervals
9,eight_schools_centered,1,bucketed,none,128,512,10,27,1.7300485745072365,1.669772133231163,repeat indices align samples but methods were timed sequentially; use independent-resample intervals
9,eight_schools_centered,1,bucketed,none,128,512,10,28,1.6779645830392838,1.7085346803069115,repeat indices align samples but methods were timed sequentially; use independent-resample intervals
9,eight_schools_centered,1,bucketed,none,128,512,10,29,1.673098050057888,1.7348897904157639,repeat indices align samples but methods were timed sequentially; use independent-resample intervals
10,eight_schools_centered,1,bucketed,history,64,512,10,0,1.8611213490366936,1.9911576732993126,repeat indices align samples but methods were timed sequentially; use independent-resample intervals
10,eight_schools_centered,1,bucketed,history,64,512,10,1,1.8361220732331276,1.7623979225754738,repeat indices align samples but methods were timed sequentially; use independent-resample intervals
10,eight_schools_centered,1,bucketed,history,64,512,10,2,1.9038717448711395,1.75458874553442,repeat indices align samples but methods were timed sequentially; use independent-resample intervals
10,eight_schools_centered,1,bucketed,history,64,512,10,3,1.8170916214585304,1.7672696188092232,repeat indices align samples but methods were timed sequentially; use independent-resample intervals
10,eight_schools_centered,1,bucketed,history,64,512,10,4,1.8666852712631226,1.8959781378507614,repeat indices align samples but methods were timed sequentially; use independent-resample intervals
10,eight_schools_centered,1,bucketed,history,64,512,10,5,1.889957994222641,1.7546281293034554,repeat indices align samples but methods were timed sequentially; use independent-resample intervals
10,eight_schools_centered,1,bucketed,history,64,512,10,6,1.8710854575037956,1.6967587545514107,repeat indices align samples but methods were timed sequentially; use independent-resample intervals
10,eight_schools_centered,1,bucketed,history,64,512,10,7,1.8550908714532852,1.750037096440792,repeat indices align samples but methods were timed sequentially; use independent-resample intervals
10,eight_schools_centered,1,bucketed,history,64,512,10,8,1.8750069439411163,1.763975128531456,repeat indices align samples but methods were timed sequentially; use independent-resample intervals
10,eight_schools_centered,1,bucketed,history,64,512,10,9,1.8301260843873024,1.7442567646503448,repeat indices align samples but methods were timed sequentially; use independent-resample intervals
10,eight_schools_centered,1,bucketed,history,64,512,10,10,1.8674285784363747,1.7636078149080276,repeat indices align samples but methods were timed sequentially; use independent-resample intervals
10,eight_schools_centered,1,bucketed,history,64,512,10,11,2.020252376794815,1.7222500815987587,repeat indices align samples but methods were timed sequentially; use independent-resample intervals
10,eight_schools_centered,1,bucketed,history,64,512,10,12,2.006986543536186,1.7630514279007912,repeat indices align samples but methods were timed sequentially; use independent-resample intervals
10,eight_schools_centered,1,bucketed,history,64,512,10,13,1.817254289984703,1.760160356760025,repeat indices align samples but methods were timed sequentially; use independent-resample intervals
10,eight_schools_centered,1,bucketed,history,64,512,10,14,1.886187769472599,1.7025615647435188,repeat indices align samples but methods were timed sequentially; use independent-resample intervals
10,eight_schools_centered,1,bucketed,history,64,512,10,15,1.7954480573534966,1.7243129089474678,repeat indices align samples but methods were timed sequentially; use independent-resample intervals
10,eight_schools_centered,1,bucketed,history,64,512,10,16,1.8303154781460762,1.751609280705452,repeat indices align samples but methods were timed sequentially; use independent-resample intervals
10,eight_schools_centered,1,bucketed,history,64,512,10,17,1.887311413884163,1.67868173122406,repeat indices align samples but methods were timed sequentially; use independent-resample intervals
10,eight_schools_centered,1,bucketed,history,64,512,10,18,1.8736972734332085,1.7653947547078133,repeat indices align samples but methods were timed sequentially; use independent-resample intervals
10,eight_schools_centered,1,bucketed,history,64,512,10,19,1.857361413538456,1.7752532362937927,repeat indices align samples but methods were timed sequentially; use independent-resample intervals
10,eight_schools_centered,1,bucketed,history,64,512,10,20,1.8140364438295364,1.7096364051103592,repeat indices align samples but methods were timed sequentially; use independent-resample intervals
10,eight_schools_centered,1,bucketed,history,64,512,10,21,1.8509105518460274,1.728617936372757,repeat indices align samples but methods were timed sequentially; use independent-resample intervals
10,eight_schools_centered,1,bucketed,history,64,512,10,22,1.7418707683682442,1.7567904144525528,repeat indices align samples but methods were timed sequentially; use independent-resample intervals
10,eight_schools_centered,1,bucketed,history,64,512,10,23,1.8244873508810997,1.699177548289299,repeat indices align samples but methods were timed sequentially; use independent-resample intervals
10,eight_schools_centered,1,bucketed,history,64,512,10,24,1.951677218079567,1.7110887095332146,repeat indices align samples but methods were timed sequentially; use independent-resample intervals
10,eight_schools_centered,1,bucketed,history,64,512,10,25,1.8446150496602058,1.697606585919857,repeat indices align samples but methods were timed sequentially; use independent-resample intervals
10,eight_schools_centered,1,bucketed,history,64,512,10,26,1.9114090129733086,1.6605472937226295,repeat indices align samples but methods were timed sequentially; use independent-resample intervals
10,eight_schools_centered,1,bucketed,history,64,512,10,27,1.8443280309438705,1.669772133231163,repeat indices align samples but methods were timed sequentially; use independent-resample intervals
10,eight_schools_centered,1,bucketed,history,64,512,10,28,1.8398430868983269,1.7085346803069115,repeat indices align samples but methods were timed sequentially; use independent-resample intervals
10,eight_schools_centered,1,bucketed,history,64,512,10,29,1.8802790939807892,1.7348897904157639,repeat indices align samples but methods were timed sequentially; use independent-resample intervals
11,eight_schools_centered,1,bucketed,history,128,512,10,0,1.7320771217346191,1.9911576732993126,repeat indices align samples but methods were timed sequentially; use independent-resample intervals
11,eight_schools_centered,1,bucketed,history,128,512,10,1,1.7357569709420204,1.7623979225754738,repeat indices align samples but methods were timed sequentially; use independent-resample intervals
11,eight_schools_centered,1,bucketed,history,128,512,10,2,1.6897036135196686,1.75458874553442,repeat indices align samples but methods were timed sequentially; use independent-resample intervals
11,eight_schools_centered,1,bucketed,history,128,512,10,3,1.6918843910098076,1.7672696188092232,repeat indices align samples but methods were timed sequentially; use independent-resample intervals
11,eight_schools_centered,1,bucketed,history,128,512,10,4,1.6959182620048523,1.8959781378507614,repeat indices align samples but methods were timed sequentially; use independent-resample intervals
11,eight_schools_centered,1,bucketed,history,128,512,10,5,1.694509357213974,1.7546281293034554,repeat indices align samples but methods were timed sequentially; use independent-resample intervals
11,eight_schools_centered,1,bucketed,history,128,512,10,6,1.7127224653959274,1.6967587545514107,repeat indices align samples but methods were timed sequentially; use independent-resample intervals
11,eight_schools_centered,1,bucketed,history,128,512,10,7,1.659449853003025,1.750037096440792,repeat indices align samples but methods were timed sequentially; use independent-resample intervals
11,eight_schools_centered,1,bucketed,history,128,512,10,8,1.7068124786019325,1.763975128531456,repeat indices align samples but methods were timed sequentially; use independent-resample intervals
11,eight_schools_centered,1,bucketed,history,128,512,10,9,1.7141285315155983,1.7442567646503448,repeat indices align samples but methods were timed sequentially; use independent-resample intervals
11,eight_schools_centered,1,bucketed,history,128,512,10,10,1.674527533352375,1.7636078149080276,repeat indices align samples but methods were timed sequentially; use independent-resample intervals
11,eight_schools_centered,1,bucketed,history,128,512,10,11,1.6617753207683563,1.7222500815987587,repeat indices align samples but methods were timed sequentially; use independent-resample intervals
11,eight_schools_centered,1,bucketed,history,128,512,10,12,1.6657958924770355,1.7630514279007912,repeat indices align samples but methods were timed sequentially; use independent-resample intervals
11,eight_schools_centered,1,bucketed,history,128,512,10,13,1.674023300409317,1.760160356760025,repeat indices align samples but methods were timed sequentially; use independent-resample intervals
11,eight_schools_centered,1,bucketed,history,128,512,10,14,1.7526965364813805,1.7025615647435188,repeat indices align samples but methods were timed sequentially; use independent-resample intervals
11,eight_schools_centered,1,bucketed,history,128,512,10,15,1.6721637099981308,1.7243129089474678,repeat indices align samples but methods were timed sequentially; use independent-resample intervals
11,eight_schools_centered,1,bucketed,history,128,512,10,16,1.6937978193163872,1.751609280705452,repeat indices align samples but methods were timed sequentially; use independent-resample intervals
11,eight_schools_centered,1,bucketed,history,128,512,10,17,1.6622619479894638,1.67868173122406,repeat indices align samples but methods were timed sequentially; use independent-resample intervals
11,eight_schools_centered,1,bucketed,history,128,512,10,18,1.682563565671444,1.7653947547078133,repeat indices align samples but methods were timed sequentially; use independent-resample intervals
11,eight_schools_centered,1,bucketed,history,128,512,10,19,1.6716518849134445,1.7752532362937927,repeat indices align samples but methods were timed sequentially; use independent-resample intervals
11,eight_schools_centered,1,bucketed,history,128,512,10,20,1.6887748539447784,1.7096364051103592,repeat indices align samples but methods were timed sequentially; use independent-resample intervals
11,eight_schools_centered,1,bucketed,history,128,512,10,21,1.6994153559207916,1.728617936372757,repeat indices align samples but methods were timed sequentially; use independent-resample intervals
11,eight_schools_centered,1,bucketed,history,128,512,10,22,1.697150506079197,1.7567904144525528,repeat indices align samples but methods were timed sequentially; use independent-resample intervals
11,eight_schools_centered,1,bucketed,history,128,512,10,23,1.7038297727704048,1.699177548289299,repeat indices align samples but methods were timed sequentially; use independent-resample intervals
11,eight_schools_centered,1,bucketed,history,128,512,10,24,1.703533761203289,1.7110887095332146,repeat indices align samples but methods were timed sequentially; use independent-resample intervals
11,eight_schools_centered,1,bucketed,history,128,512,10,25,1.7078952863812447,1.697606585919857,repeat indices align samples but methods were timed sequentially; use independent-resample intervals
11,eight_schools_centered,1,bucketed,history,128,512,10,26,1.734800063073635,1.6605472937226295,repeat indices align samples but methods were timed sequentially; use independent-resample intervals
11,eight_schools_centered,1,bucketed,history,128,512,10,27,1.7022749930620193,1.669772133231163,repeat indices align samples but methods were timed sequentially; use independent-resample intervals
11,eight_schools_centered,1,bucketed,history,128,512,10,28,1.7287226766347885,1.7085346803069115,repeat indices align samples but methods were timed sequentially; use independent-resample intervals
11,eight_schools_centered,1,bucketed,history,128,512,10,29,1.7351877316832542,1.7348897904157639,repeat indices align samples but methods were timed sequentially; use independent-resample intervals
12,eight_schools_centered,1,bucketed,last_depth,64,512,10,0,2.005938731133938,1.9911576732993126,repeat indices align samples but methods were timed sequentially; use independent-resample intervals
12,eight_schools_centered,1,bucketed,last_depth,64,512,10,1,1.9247870668768883,1.7623979225754738,repeat indices align samples but methods were timed sequentially; use independent-resample intervals
12,eight_schools_centered,1,bucketed,last_depth,64,512,10,2,1.8746073096990585,1.75458874553442,repeat indices align samples but methods were timed sequentially; use independent-resample intervals
12,eight_schools_centered,1,bucketed,last_depth,64,512,10,3,1.8132694736123085,1.7672696188092232,repeat indices align samples but methods were timed sequentially; use independent-resample intervals
12,eight_schools_centered,1,bucketed,last_depth,64,512,10,4,1.8789850696921349,1.8959781378507614,repeat indices align samples but methods were timed sequentially; use independent-resample intervals
12,eight_schools_centered,1,bucketed,last_depth,64,512,10,5,1.9241331741213799,1.7546281293034554,repeat indices align samples but methods were timed sequentially; use independent-resample intervals
12,eight_schools_centered,1,bucketed,last_depth,64,512,10,6,1.9374902695417404,1.6967587545514107,repeat indices align samples but methods were timed sequentially; use independent-resample intervals
12,eight_schools_centered,1,bucketed,last_depth,64,512,10,7,1.8587300330400467,1.750037096440792,repeat indices align samples but methods were timed sequentially; use independent-resample intervals
12,eight_schools_centered,1,bucketed,last_depth,64,512,10,8,1.9251482486724854,1.763975128531456,repeat indices align samples but methods were timed sequentially; use independent-resample intervals
12,eight_schools_centered,1,bucketed,last_depth,64,512,10,9,1.961671143770218,1.7442567646503448,repeat indices align samples but methods were timed sequentially; use independent-resample intervals
12,eight_schools_centered,1,bucketed,last_depth,64,512,10,10,1.823669694364071,1.7636078149080276,repeat indices align samples but methods were timed sequentially; use independent-resample intervals
12,eight_schools_centered,1,bucketed,last_depth,64,512,10,11,1.8719215020537376,1.7222500815987587,repeat indices align samples but methods were timed sequentially; use independent-resample intervals
12,eight_schools_centered,1,bucketed,last_depth,64,512,10,12,1.8881032019853592,1.7630514279007912,repeat indices align samples but methods were timed sequentially; use independent-resample intervals
12,eight_schools_centered,1,bucketed,last_depth,64,512,10,13,1.893480896949768,1.760160356760025,repeat indices align samples but methods were timed sequentially; use independent-resample intervals
12,eight_schools_centered,1,bucketed,last_depth,64,512,10,14,1.9146031960844994,1.7025615647435188,repeat indices align samples but methods were timed sequentially; use independent-resample intervals
12,eight_schools_centered,1,bucketed,last_depth,64,512,10,15,1.9621643498539925,1.7243129089474678,repeat indices align samples but methods were timed sequentially; use independent-resample intervals
12,eight_schools_centered,1,bucketed,last_depth,64,512,10,16,2.1819116175174713,1.751609280705452,repeat indices align samples but methods were timed sequentially; use independent-resample intervals
12,eight_schools_centered,1,bucketed,last_depth,64,512,10,17,2.0153397545218468,1.67868173122406,repeat indices align samples but methods were timed sequentially; use independent-resample intervals
12,eight_schools_centered,1,bucketed,last_depth,64,512,10,18,1.8388709723949432,1.7653947547078133,repeat indices align samples but methods were timed sequentially; use independent-resample intervals
12,eight_schools_centered,1,bucketed,last_depth,64,512,10,19,1.8832874298095703,1.7752532362937927,repeat indices align samples but methods were timed sequentially; use independent-resample intervals
12,eight_schools_centered,1,bucketed,last_depth,64,512,10,20,1.972145102918148,1.7096364051103592,repeat indices align samples but methods were timed sequentially; use independent-resample intervals
12,eight_schools_centered,1,bucketed,last_depth,64,512,10,21,2.013509377837181,1.728617936372757,repeat indices align samples but methods were timed sequentially; use independent-resample intervals
12,eight_schools_centered,1,bucketed,last_depth,64,512,10,22,1.8933023288846016,1.7567904144525528,repeat indices align samples but methods were timed sequentially; use independent-resample intervals
12,eight_schools_centered,1,bucketed,last_depth,64,512,10,23,1.9863816127181053,1.699177548289299,repeat indices align samples but methods were timed sequentially; use independent-resample intervals
12,eight_schools_centered,1,bucketed,last_depth,64,512,10,24,2.0633655786514282,1.7110887095332146,repeat indices align samples but methods were timed sequentially; use independent-resample intervals
12,eight_schools_centered,1,bucketed,last_depth,64,512,10,25,1.8458890095353127,1.697606585919857,repeat indices align samples but methods were timed sequentially; use independent-resample intervals
12,eight_schools_centered,1,bucketed,last_depth,64,512,10,26,1.9118271619081497,1.6605472937226295,repeat indices align samples but methods were timed sequentially; use independent-resample intervals
12,eight_schools_centered,1,bucketed,last_depth,64,512,10,27,1.8672574609518051,1.669772133231163,repeat indices align samples but methods were timed sequentially; use independent-resample intervals
12,eight_schools_centered,1,bucketed,last_depth,64,512,10,28,1.8836647346615791,1.7085346803069115,repeat indices align samples but methods were timed sequentially; use independent-resample intervals
12,eight_schools_centered,1,bucketed,last_depth,64,512,10,29,1.7960663437843323,1.7348897904157639,repeat indices align samples but methods were timed sequentially; use independent-resample intervals
13,eight_schools_centered,1,bucketed,last_depth,128,512,10,0,1.6863002702593803,1.9911576732993126,repeat indices align samples but methods were timed sequentially; use independent-resample intervals
13,eight_schools_centered,1,bucketed,last_depth,128,512,10,1,1.6795481070876122,1.7623979225754738,repeat indices align samples but methods were timed sequentially; use independent-resample intervals
13,eight_schools_centered,1,bucketed,last_depth,128,512,10,2,1.715936467051506,1.75458874553442,repeat indices align samples but methods were timed sequentially; use independent-resample intervals
13,eight_schools_centered,1,bucketed,last_depth,128,512,10,3,1.677752435207367,1.7672696188092232,repeat indices align samples but methods were timed sequentially; use independent-resample intervals
13,eight_schools_centered,1,bucketed,last_depth,128,512,10,4,1.6949430629611015,1.8959781378507614,repeat indices align samples but methods were timed sequentially; use independent-resample intervals
13,eight_schools_centered,1,bucketed,last_depth,128,512,10,5,1.7003863975405693,1.7546281293034554,repeat indices align samples but methods were timed sequentially; use independent-resample intervals
13,eight_schools_centered,1,bucketed,last_depth,128,512,10,6,1.6929827332496643,1.6967587545514107,repeat indices align samples but methods were timed sequentially; use independent-resample intervals
13,eight_schools_centered,1,bucketed,last_depth,128,512,10,7,1.6969590932130814,1.750037096440792,repeat indices align samples but methods were timed sequentially; use independent-resample intervals
13,eight_schools_centered,1,bucketed,last_depth,128,512,10,8,1.6856561601161957,1.763975128531456,repeat indices align samples but methods were timed sequentially; use independent-resample intervals
13,eight_schools_centered,1,bucketed,last_depth,128,512,10,9,1.7204692885279655,1.7442567646503448,repeat indices align samples but methods were timed sequentially; use independent-resample intervals
13,eight_schools_centered,1,bucketed,last_depth,128,512,10,10,1.718878112733364,1.7636078149080276,repeat indices align samples but methods were timed sequentially; use independent-resample intervals
13,eight_schools_centered,1,bucketed,last_depth,128,512,10,11,1.722284346818924,1.7222500815987587,repeat indices align samples but methods were timed sequentially; use independent-resample intervals
13,eight_schools_centered,1,bucketed,last_depth,128,512,10,12,1.8474242761731148,1.7630514279007912,repeat indices align samples but methods were timed sequentially; use independent-resample intervals
13,eight_schools_centered,1,bucketed,last_depth,128,512,10,13,1.7055034935474396,1.760160356760025,repeat indices align samples but methods were timed sequentially; use independent-resample intervals
13,eight_schools_centered,1,bucketed,last_depth,128,512,10,14,1.7066864892840385,1.7025615647435188,repeat indices align samples but methods were timed sequentially; use independent-resample intervals
13,eight_schools_centered,1,bucketed,last_depth,128,512,10,15,1.7068897485733032,1.7243129089474678,repeat indices align samples but methods were timed sequentially; use independent-resample intervals
13,eight_schools_centered,1,bucketed,last_depth,128,512,10,16,1.6911920607089996,1.751609280705452,repeat indices align samples but methods were timed sequentially; use independent-resample intervals
13,eight_schools_centered,1,bucketed,last_depth,128,512,10,17,1.6863440796732903,1.67868173122406,repeat indices align samples but methods were timed sequentially; use independent-resample intervals
13,eight_schools_centered,1,bucketed,last_depth,128,512,10,18,1.7435236498713493,1.7653947547078133,repeat indices align samples but methods were timed sequentially; use independent-resample intervals
13,eight_schools_centered,1,bucketed,last_depth,128,512,10,19,1.755753941833973,1.7752532362937927,repeat indices align samples but methods were timed sequentially; use independent-resample intervals
13,eight_schools_centered,1,bucketed,last_depth,128,512,10,20,1.669846698641777,1.7096364051103592,repeat indices align samples but methods were timed sequentially; use independent-resample intervals
13,eight_schools_centered,1,bucketed,last_depth,128,512,10,21,1.677012912929058,1.728617936372757,repeat indices align samples but methods were timed sequentially; use independent-resample intervals
13,eight_schools_centered,1,bucketed,last_depth,128,512,10,22,1.6781602799892426,1.7567904144525528,repeat indices align samples but methods were timed sequentially; use independent-resample intervals
13,eight_schools_centered,1,bucketed,last_depth,128,512,10,23,1.6781326830387115,1.699177548289299,repeat indices align samples but methods were timed sequentially; use independent-resample intervals
13,eight_schools_centered,1,bucketed,last_depth,128,512,10,24,1.6802872121334076,1.7110887095332146,repeat indices align samples but methods were timed sequentially; use independent-resample intervals
13,eight_schools_centered,1,bucketed,last_depth,128,512,10,25,1.6649200767278671,1.697606585919857,repeat indices align samples but methods were timed sequentially; use independent-resample intervals
13,eight_schools_centered,1,bucketed,last_depth,128,512,10,26,1.7042813003063202,1.6605472937226295,repeat indices align samples but methods were timed sequentially; use independent-resample intervals
13,eight_schools_centered,1,bucketed,last_depth,128,512,10,27,1.6751598715782166,1.669772133231163,repeat indices align samples but methods were timed sequentially; use independent-resample intervals
13,eight_schools_centered,1,bucketed,last_depth,128,512,10,28,1.6843294948339462,1.7085346803069115,repeat indices align samples but methods were timed sequentially; use independent-resample intervals
13,eight_schools_centered,1,bucketed,last_depth,128,512,10,29,1.6702982112765312,1.7348897904157639,repeat indices align samples but methods were timed sequentially; use independent-resample intervals
14,eight_schools_centered,2,monolithic,monolithic,0,512,10,0,1.7855882793664932,1.7855882793664932,repeat indices align samples but methods were timed sequentially; use independent-resample intervals
14,eight_schools_centered,2,monolithic,monolithic,0,512,10,1,1.7466349229216576,1.7466349229216576,repeat indices align samples but methods were timed sequentially; use independent-resample intervals
14,eight_schools_centered,2,monolithic,monolithic,0,512,10,2,1.773450218141079,1.773450218141079,repeat indices align samples but methods were timed sequentially; use independent-resample intervals
14,eight_schools_centered,2,monolithic,monolithic,0,512,10,3,1.8179594054818153,1.8179594054818153,repeat indices align samples but methods were timed sequentially; use independent-resample intervals
14,eight_schools_centered,2,monolithic,monolithic,0,512,10,4,1.880029171705246,1.880029171705246,repeat indices align samples but methods were timed sequentially; use independent-resample intervals
14,eight_schools_centered,2,monolithic,monolithic,0,512,10,5,1.8707959800958633,1.8707959800958633,repeat indices align samples but methods were timed sequentially; use independent-resample intervals
14,eight_schools_centered,2,monolithic,monolithic,0,512,10,6,1.910453736782074,1.910453736782074,repeat indices align samples but methods were timed sequentially; use independent-resample intervals
14,eight_schools_centered,2,monolithic,monolithic,0,512,10,7,1.8488870412111282,1.8488870412111282,repeat indices align samples but methods were timed sequentially; use independent-resample intervals
14,eight_schools_centered,2,monolithic,monolithic,0,512,10,8,1.88187924772501,1.88187924772501,repeat indices align samples but methods were timed sequentially; use independent-resample intervals
14,eight_schools_centered,2,monolithic,monolithic,0,512,10,9,1.9863247573375702,1.9863247573375702,repeat indices align samples but methods were timed sequentially; use independent-resample intervals
14,eight_schools_centered,2,monolithic,monolithic,0,512,10,10,1.9622695297002792,1.9622695297002792,repeat indices align samples but methods were timed sequentially; use independent-resample intervals
14,eight_schools_centered,2,monolithic,monolithic,0,512,10,11,1.919852837920189,1.919852837920189,repeat indices align samples but methods were timed sequentially; use independent-resample intervals
14,eight_schools_centered,2,monolithic,monolithic,0,512,10,12,1.9955989941954613,1.9955989941954613,repeat indices align samples but methods were timed sequentially; use independent-resample intervals
14,eight_schools_centered,2,monolithic,monolithic,0,512,10,13,1.9413076490163803,1.9413076490163803,repeat indices align samples but methods were timed sequentially; use independent-resample intervals
14,eight_schools_centered,2,monolithic,monolithic,0,512,10,14,2.0145072638988495,2.0145072638988495,repeat indices align samples but methods were timed sequentially; use independent-resample intervals
14,eight_schools_centered,2,monolithic,monolithic,0,512,10,15,1.9337414875626564,1.9337414875626564,repeat indices align samples but methods were timed sequentially; use independent-resample intervals
14,eight_schools_centered,2,monolithic,monolithic,0,512,10,16,2.024673119187355,2.024673119187355,repeat indices align samples but methods were timed sequentially; use independent-resample intervals
14,eight_schools_centered,2,monolithic,monolithic,0,512,10,17,1.9804896339774132,1.9804896339774132,repeat indices align samples but methods were timed sequentially; use independent-resample intervals
14,eight_schools_centered,2,monolithic,monolithic,0,512,10,18,2.0089253932237625,2.0089253932237625,repeat indices align samples but methods were timed sequentially; use independent-resample intervals
14,eight_schools_centered,2,monolithic,monolithic,0,512,10,19,1.984504334628582,1.984504334628582,repeat indices align samples but methods were timed sequentially; use independent-resample intervals
14,eight_schools_centered,2,monolithic,monolithic,0,512,10,20,2.3448347449302673,2.3448347449302673,repeat indices align samples but methods were timed sequentially; use independent-resample intervals
14,eight_schools_centered,2,monolithic,monolithic,0,512,10,21,2.141814850270748,2.141814850270748,repeat indices align samples but methods were timed sequentially; use independent-resample intervals
14,eight_schools_centered,2,monolithic,monolithic,0,512,10,22,1.8889077678322792,1.8889077678322792,repeat indices align samples but methods were timed sequentially; use independent-resample intervals
14,eight_schools_centered,2,monolithic,monolithic,0,512,10,23,1.952539972960949,1.952539972960949,repeat indices align samples but methods were timed sequentially; use independent-resample intervals
14,eight_schools_centered,2,monolithic,monolithic,0,512,10,24,1.8514780476689339,1.8514780476689339,repeat indices align samples but methods were timed sequentially; use independent-resample intervals
14,eight_schools_centered,2,monolithic,monolithic,0,512,10,25,1.9409692585468292,1.9409692585468292,repeat indices align samples but methods were timed sequentially; use independent-resample intervals
14,eight_schools_centered,2,monolithic,monolithic,0,512,10,26,1.927035003900528,1.927035003900528,repeat indices align samples but methods were timed sequentially; use independent-resample intervals
14,eight_schools_centered,2,monolithic,monolithic,0,512,10,27,1.9740000218153,1.9740000218153,repeat indices align samples but methods were timed sequentially; use independent-resample intervals
14,eight_schools_centered,2,monolithic,monolithic,0,512,10,28,1.875505581498146,1.875505581498146,repeat indices align samples but methods were timed sequentially; use independent-resample intervals
14,eight_schools_centered,2,monolithic,monolithic,0,512,10,29,1.936520904302597,1.936520904302597,repeat indices align samples but methods were timed sequentially; use independent-resample intervals
15,eight_schools_centered,2,bucketed,none,64,512,10,0,2.0051435008645058,1.7855882793664932,repeat indices align samples but methods were timed sequentially; use independent-resample intervals
15,eight_schools_centered,2,bucketed,none,64,512,10,1,1.9727578982710838,1.7466349229216576,repeat indices align samples but methods were timed sequentially; use independent-resample intervals
15,eight_schools_centered,2,bucketed,none,64,512,10,2,1.922477588057518,1.773450218141079,repeat indices align samples but methods were timed sequentially; use independent-resample intervals
15,eight_schools_centered,2,bucketed,none,64,512,10,3,1.9228883236646652,1.8179594054818153,repeat indices align samples but methods were timed sequentially; use independent-resample intervals
15,eight_schools_centered,2,bucketed,none,64,512,10,4,2.0006884410977364,1.880029171705246,repeat indices align samples but methods were timed sequentially; use independent-resample intervals
15,eight_schools_centered,2,bucketed,none,64,512,10,5,2.021543212234974,1.8707959800958633,repeat indices align samples but methods were timed sequentially; use independent-resample intervals
15,eight_schools_centered,2,bucketed,none,64,512,10,6,1.9941409230232239,1.910453736782074,repeat indices align samples but methods were timed sequentially; use independent-resample intervals
15,eight_schools_centered,2,bucketed,none,64,512,10,7,1.9152157455682755,1.8488870412111282,repeat indices align samples but methods were timed sequentially; use independent-resample intervals
15,eight_schools_centered,2,bucketed,none,64,512,10,8,1.9530513882637024,1.88187924772501,repeat indices align samples but methods were timed sequentially; use independent-resample intervals
15,eight_schools_centered,2,bucketed,none,64,512,10,9,2.020380973815918,1.9863247573375702,repeat indices align samples but methods were timed sequentially; use independent-resample intervals
15,eight_schools_centered,2,bucketed,none,64,512,10,10,2.0057961121201515,1.9622695297002792,repeat indices align samples but methods were timed sequentially; use independent-resample intervals
15,eight_schools_centered,2,bucketed,none,64,512,10,11,1.998741440474987,1.919852837920189,repeat indices align samples but methods were timed sequentially; use independent-resample intervals
15,eight_schools_centered,2,bucketed,none,64,512,10,12,1.902358055114746,1.9955989941954613,repeat indices align samples but methods were timed sequentially; use independent-resample intervals
15,eight_schools_centered,2,bucketed,none,64,512,10,13,2.052068814635277,1.9413076490163803,repeat indices align samples but methods were timed sequentially; use independent-resample intervals
15,eight_schools_centered,2,bucketed,none,64,512,10,14,2.091984137892723,2.0145072638988495,repeat indices align samples but methods were timed sequentially; use independent-resample intervals
15,eight_schools_centered,2,bucketed,none,64,512,10,15,1.8537012785673141,1.9337414875626564,repeat indices align samples but methods were timed sequentially; use independent-resample intervals
15,eight_schools_centered,2,bucketed,none,64,512,10,16,1.8412206321954727,2.024673119187355,repeat indices align samples but methods were timed sequentially; use independent-resample intervals
15,eight_schools_centered,2,bucketed,none,64,512,10,17,1.9182624742388725,1.9804896339774132,repeat indices align samples but methods were timed sequentially; use independent-resample intervals
15,eight_schools_centered,2,bucketed,none,64,512,10,18,1.8495120033621788,2.0089253932237625,repeat indices align samples but methods were timed sequentially; use independent-resample intervals
15,eight_schools_centered,2,bucketed,none,64,512,10,19,1.8514906167984009,1.984504334628582,repeat indices align samples but methods were timed sequentially; use independent-resample intervals
15,eight_schools_centered,2,bucketed,none,64,512,10,20,1.9286137372255325,2.3448347449302673,repeat indices align samples but methods were timed sequentially; use independent-resample intervals
15,eight_schools_centered,2,bucketed,none,64,512,10,21,1.861898511648178,2.141814850270748,repeat indices align samples but methods were timed sequentially; use independent-resample intervals
15,eight_schools_centered,2,bucketed,none,64,512,10,22,1.9655264988541603,1.8889077678322792,repeat indices align samples but methods were timed sequentially; use independent-resample intervals
15,eight_schools_centered,2,bucketed,none,64,512,10,23,1.9093156233429909,1.952539972960949,repeat indices align samples but methods were timed sequentially; use independent-resample intervals
15,eight_schools_centered,2,bucketed,none,64,512,10,24,1.8989589735865593,1.8514780476689339,repeat indices align samples but methods were timed sequentially; use independent-resample intervals
15,eight_schools_centered,2,bucketed,none,64,512,10,25,1.8152337744832039,1.9409692585468292,repeat indices align samples but methods were timed sequentially; use independent-resample intervals
15,eight_schools_centered,2,bucketed,none,64,512,10,26,1.8622446283698082,1.927035003900528,repeat indices align samples but methods were timed sequentially; use independent-resample intervals
15,eight_schools_centered,2,bucketed,none,64,512,10,27,1.917187474668026,1.9740000218153,repeat indices align samples but methods were timed sequentially; use independent-resample intervals
15,eight_schools_centered,2,bucketed,none,64,512,10,28,1.973475880920887,1.875505581498146,repeat indices align samples but methods were timed sequentially; use independent-resample intervals
15,eight_schools_centered,2,bucketed,none,64,512,10,29,1.9440035000443459,1.936520904302597,repeat indices align samples but methods were timed sequentially; use independent-resample intervals
16,eight_schools_centered,2,bucketed,none,128,512,10,0,1.7362414002418518,1.7855882793664932,repeat indices align samples but methods were timed sequentially; use independent-resample intervals
16,eight_schools_centered,2,bucketed,none,128,512,10,1,1.7329162433743477,1.7466349229216576,repeat indices align samples but methods were timed sequentially; use independent-resample intervals
16,eight_schools_centered,2,bucketed,none,128,512,10,2,1.7042035460472107,1.773450218141079,repeat indices align samples but methods were timed sequentially; use independent-resample intervals
16,eight_schools_centered,2,bucketed,none,128,512,10,3,1.7080072164535522,1.8179594054818153,repeat indices align samples but methods were timed sequentially; use independent-resample intervals
16,eight_schools_centered,2,bucketed,none,128,512,10,4,1.7718234956264496,1.880029171705246,repeat indices align samples but methods were timed sequentially; use independent-resample intervals
16,eight_schools_centered,2,bucketed,none,128,512,10,5,1.7286201417446136,1.8707959800958633,repeat indices align samples but methods were timed sequentially; use independent-resample intervals
16,eight_schools_centered,2,bucketed,none,128,512,10,6,1.7607207223773003,1.910453736782074,repeat indices align samples but methods were timed sequentially; use independent-resample intervals
16,eight_schools_centered,2,bucketed,none,128,512,10,7,1.7304694429039955,1.8488870412111282,repeat indices align samples but methods were timed sequentially; use independent-resample intervals
16,eight_schools_centered,2,bucketed,none,128,512,10,8,1.712330810725689,1.88187924772501,repeat indices align samples but methods were timed sequentially; use independent-resample intervals
16,eight_schools_centered,2,bucketed,none,128,512,10,9,1.7717002406716347,1.9863247573375702,repeat indices align samples but methods were timed sequentially; use independent-resample intervals
16,eight_schools_centered,2,bucketed,none,128,512,10,10,1.7115363329648972,1.9622695297002792,repeat indices align samples but methods were timed sequentially; use independent-resample intervals
16,eight_schools_centered,2,bucketed,none,128,512,10,11,1.7218761518597603,1.919852837920189,repeat indices align samples but methods were timed sequentially; use independent-resample intervals
16,eight_schools_centered,2,bucketed,none,128,512,10,12,1.7906232252717018,1.9955989941954613,repeat indices align samples but methods were timed sequentially; use independent-resample intervals
16,eight_schools_centered,2,bucketed,none,128,512,10,13,1.7473690211772919,1.9413076490163803,repeat indices align samples but methods were timed sequentially; use independent-resample intervals
16,eight_schools_centered,2,bucketed,none,128,512,10,14,1.7338621988892555,2.0145072638988495,repeat indices align samples but methods were timed sequentially; use independent-resample intervals
16,eight_schools_centered,2,bucketed,none,128,512,10,15,1.725867122411728,1.9337414875626564,repeat indices align samples but methods were timed sequentially; use independent-resample intervals
16,eight_schools_centered,2,bucketed,none,128,512,10,16,1.7425947189331055,2.024673119187355,repeat indices align samples but methods were timed sequentially; use independent-resample intervals
16,eight_schools_centered,2,bucketed,none,128,512,10,17,1.736469380557537,1.9804896339774132,repeat indices align samples but methods were timed sequentially; use independent-resample intervals
16,eight_schools_centered,2,bucketed,none,128,512,10,18,1.7006335854530334,2.0089253932237625,repeat indices align samples but methods were timed sequentially; use independent-resample intervals
16,eight_schools_centered,2,bucketed,none,128,512,10,19,1.7118778377771378,1.984504334628582,repeat indices align samples but methods were timed sequentially; use independent-resample intervals
16,eight_schools_centered,2,bucketed,none,128,512,10,20,1.71711765229702,2.3448347449302673,repeat indices align samples but methods were timed sequentially; use independent-resample intervals
16,eight_schools_centered,2,bucketed,none,128,512,10,21,1.7278214246034622,2.141814850270748,repeat indices align samples but methods were timed sequentially; use independent-resample intervals
16,eight_schools_centered,2,bucketed,none,128,512,10,22,1.8044110015034676,1.8889077678322792,repeat indices align samples but methods were timed sequentially; use independent-resample intervals
16,eight_schools_centered,2,bucketed,none,128,512,10,23,1.9710522294044495,1.952539972960949,repeat indices align samples but methods were timed sequentially; use independent-resample intervals
16,eight_schools_centered,2,bucketed,none,128,512,10,24,1.7141559720039368,1.8514780476689339,repeat indices align samples but methods were timed sequentially; use independent-resample intervals
16,eight_schools_centered,2,bucketed,none,128,512,10,25,1.7398433312773705,1.9409692585468292,repeat indices align samples but methods were timed sequentially; use independent-resample intervals
16,eight_schools_centered,2,bucketed,none,128,512,10,26,1.7962167263031006,1.927035003900528,repeat indices align samples but methods were timed sequentially; use independent-resample intervals
16,eight_schools_centered,2,bucketed,none,128,512,10,27,1.776984453201294,1.9740000218153,repeat indices align samples but methods were timed sequentially; use independent-resample intervals
16,eight_schools_centered,2,bucketed,none,128,512,10,28,1.8305786177515984,1.875505581498146,repeat indices align samples but methods were timed sequentially; use independent-resample intervals
16,eight_schools_centered,2,bucketed,none,128,512,10,29,1.7436490058898926,1.936520904302597,repeat indices align samples but methods were timed sequentially; use independent-resample intervals
17,eight_schools_centered,2,bucketed,history,64,512,10,0,1.920130878686905,1.7855882793664932,repeat indices align samples but methods were timed sequentially; use independent-resample intervals
17,eight_schools_centered,2,bucketed,history,64,512,10,1,1.8272163346409798,1.7466349229216576,repeat indices align samples but methods were timed sequentially; use independent-resample intervals
17,eight_schools_centered,2,bucketed,history,64,512,10,2,1.9039276018738747,1.773450218141079,repeat indices align samples but methods were timed sequentially; use independent-resample intervals
17,eight_schools_centered,2,bucketed,history,64,512,10,3,1.89961339533329,1.8179594054818153,repeat indices align samples but methods were timed sequentially; use independent-resample intervals
17,eight_schools_centered,2,bucketed,history,64,512,10,4,1.8033150881528854,1.880029171705246,repeat indices align samples but methods were timed sequentially; use independent-resample intervals
17,eight_schools_centered,2,bucketed,history,64,512,10,5,1.930811308324337,1.8707959800958633,repeat indices align samples but methods were timed sequentially; use independent-resample intervals
17,eight_schools_centered,2,bucketed,history,64,512,10,6,1.825381152331829,1.910453736782074,repeat indices align samples but methods were timed sequentially; use independent-resample intervals
17,eight_schools_centered,2,bucketed,history,64,512,10,7,1.8917038664221764,1.8488870412111282,repeat indices align samples but methods were timed sequentially; use independent-resample intervals
17,eight_schools_centered,2,bucketed,history,64,512,10,8,1.841060221195221,1.88187924772501,repeat indices align samples but methods were timed sequentially; use independent-resample intervals
17,eight_schools_centered,2,bucketed,history,64,512,10,9,1.8232611119747162,1.9863247573375702,repeat indices align samples but methods were timed sequentially; use independent-resample intervals
17,eight_schools_centered,2,bucketed,history,64,512,10,10,1.8468605056405067,1.9622695297002792,repeat indices align samples but methods were timed sequentially; use independent-resample intervals
17,eight_schools_centered,2,bucketed,history,64,512,10,11,1.8983496353030205,1.919852837920189,repeat indices align samples but methods were timed sequentially; use independent-resample intervals
17,eight_schools_centered,2,bucketed,history,64,512,10,12,1.8825426921248436,1.9955989941954613,repeat indices align samples but methods were timed sequentially; use independent-resample intervals
17,eight_schools_centered,2,bucketed,history,64,512,10,13,1.8469060733914375,1.9413076490163803,repeat indices align samples but methods were timed sequentially; use independent-resample intervals
17,eight_schools_centered,2,bucketed,history,64,512,10,14,1.818293645977974,2.0145072638988495,repeat indices align samples but methods were timed sequentially; use independent-resample intervals
17,eight_schools_centered,2,bucketed,history,64,512,10,15,1.8269204422831535,1.9337414875626564,repeat indices align samples but methods were timed sequentially; use independent-resample intervals
17,eight_schools_centered,2,bucketed,history,64,512,10,16,1.8951127454638481,2.024673119187355,repeat indices align samples but methods were timed sequentially; use independent-resample intervals
17,eight_schools_centered,2,bucketed,history,64,512,10,17,1.8316523432731628,1.9804896339774132,repeat indices align samples but methods were timed sequentially; use independent-resample intervals
17,eight_schools_centered,2,bucketed,history,64,512,10,18,1.8756871670484543,2.0089253932237625,repeat indices align samples but methods were timed sequentially; use independent-resample intervals
17,eight_schools_centered,2,bucketed,history,64,512,10,19,1.850999355316162,1.984504334628582,repeat indices align samples but methods were timed sequentially; use independent-resample intervals
17,eight_schools_centered,2,bucketed,history,64,512,10,20,1.8387336879968643,2.3448347449302673,repeat indices align samples but methods were timed sequentially; use independent-resample intervals
17,eight_schools_centered,2,bucketed,history,64,512,10,21,1.9702077209949493,2.141814850270748,repeat indices align samples but methods were timed sequentially; use independent-resample intervals
17,eight_schools_centered,2,bucketed,history,64,512,10,22,1.9104660898447037,1.8889077678322792,repeat indices align samples but methods were timed sequentially; use independent-resample intervals
17,eight_schools_centered,2,bucketed,history,64,512,10,23,1.873623639345169,1.952539972960949,repeat indices align samples but methods were timed sequentially; use independent-resample intervals
17,eight_schools_centered,2,bucketed,history,64,512,10,24,2.048570491373539,1.8514780476689339,repeat indices align samples but methods were timed sequentially; use independent-resample intervals
17,eight_schools_centered,2,bucketed,history,64,512,10,25,1.9807768911123276,1.9409692585468292,repeat indices align samples but methods were timed sequentially; use independent-resample intervals
17,eight_schools_centered,2,bucketed,history,64,512,10,26,1.968830369412899,1.927035003900528,repeat indices align samples but methods were timed sequentially; use independent-resample intervals
17,eight_schools_centered,2,bucketed,history,64,512,10,27,1.865048885345459,1.9740000218153,repeat indices align samples but methods were timed sequentially; use independent-resample intervals
17,eight_schools_centered,2,bucketed,history,64,512,10,28,1.8756904378533363,1.875505581498146,repeat indices align samples but methods were timed sequentially; use independent-resample intervals
17,eight_schools_centered,2,bucketed,history,64,512,10,29,1.8984327018260956,1.936520904302597,repeat indices align samples but methods were timed sequentially; use independent-resample intervals
18,eight_schools_centered,2,bucketed,history,128,512,10,0,1.7657336294651031,1.7855882793664932,repeat indices align samples but methods were timed sequentially; use independent-resample intervals
18,eight_schools_centered,2,bucketed,history,128,512,10,1,1.8076250329613686,1.7466349229216576,repeat indices align samples but methods were timed sequentially; use independent-resample intervals
18,eight_schools_centered,2,bucketed,history,128,512,10,2,1.811738669872284,1.773450218141079,repeat indices align samples but methods were timed sequentially; use independent-resample intervals
18,eight_schools_centered,2,bucketed,history,128,512,10,3,1.8274794220924377,1.8179594054818153,repeat indices align samples but methods were timed sequentially; use independent-resample intervals
18,eight_schools_centered,2,bucketed,history,128,512,10,4,1.8594358712434769,1.880029171705246,repeat indices align samples but methods were timed sequentially; use independent-resample intervals
18,eight_schools_centered,2,bucketed,history,128,512,10,5,1.7968182861804962,1.8707959800958633,repeat indices align samples but methods were timed sequentially; use independent-resample intervals
18,eight_schools_centered,2,bucketed,history,128,512,10,6,1.742927923798561,1.910453736782074,repeat indices align samples but methods were timed sequentially; use independent-resample intervals
18,eight_schools_centered,2,bucketed,history,128,512,10,7,1.7330692261457443,1.8488870412111282,repeat indices align samples but methods were timed sequentially; use independent-resample intervals
18,eight_schools_centered,2,bucketed,history,128,512,10,8,1.7603595182299614,1.88187924772501,repeat indices align samples but methods were timed sequentially; use independent-resample intervals
18,eight_schools_centered,2,bucketed,history,128,512,10,9,1.7581485286355019,1.9863247573375702,repeat indices align samples but methods were timed sequentially; use independent-resample intervals
18,eight_schools_centered,2,bucketed,history,128,512,10,10,1.7205810993909836,1.9622695297002792,repeat indices align samples but methods were timed sequentially; use independent-resample intervals
18,eight_schools_centered,2,bucketed,history,128,512,10,11,1.7658758759498596,1.919852837920189,repeat indices align samples but methods were timed sequentially; use independent-resample intervals
18,eight_schools_centered,2,bucketed,history,128,512,10,12,1.7365431860089302,1.9955989941954613,repeat indices align samples but methods were timed sequentially; use independent-resample intervals
18,eight_schools_centered,2,bucketed,history,128,512,10,13,1.7125175595283508,1.9413076490163803,repeat indices align samples but methods were timed sequentially; use independent-resample intervals
18,eight_schools_centered,2,bucketed,history,128,512,10,14,1.7438078373670578,2.0145072638988495,repeat indices align samples but methods were timed sequentially; use independent-resample intervals
18,eight_schools_centered,2,bucketed,history,128,512,10,15,1.7559031397104263,1.9337414875626564,repeat indices align samples but methods were timed sequentially; use independent-resample intervals
18,eight_schools_centered,2,bucketed,history,128,512,10,16,1.7361736074090004,2.024673119187355,repeat indices align samples but methods were timed sequentially; use independent-resample intervals
18,eight_schools_centered,2,bucketed,history,128,512,10,17,1.721871241927147,1.9804896339774132,repeat indices align samples but methods were timed sequentially; use independent-resample intervals
18,eight_schools_centered,2,bucketed,history,128,512,10,18,1.7142968699336052,2.0089253932237625,repeat indices align samples but methods were timed sequentially; use independent-resample intervals
18,eight_schools_centered,2,bucketed,history,128,512,10,19,1.7189633548259735,1.984504334628582,repeat indices align samples but methods were timed sequentially; use independent-resample intervals
18,eight_schools_centered,2,bucketed,history,128,512,10,20,1.708113931119442,2.3448347449302673,repeat indices align samples but methods were timed sequentially; use independent-resample intervals
18,eight_schools_centered,2,bucketed,history,128,512,10,21,1.757146529853344,2.141814850270748,repeat indices align samples but methods were timed sequentially; use independent-resample intervals
18,eight_schools_centered,2,bucketed,history,128,512,10,22,1.7103854715824127,1.8889077678322792,repeat indices align samples but methods were timed sequentially; use independent-resample intervals
18,eight_schools_centered,2,bucketed,history,128,512,10,23,1.7666553184390068,1.952539972960949,repeat indices align samples but methods were timed sequentially; use independent-resample intervals
18,eight_schools_centered,2,bucketed,history,128,512,10,24,1.7802499830722809,1.8514780476689339,repeat indices align samples but methods were timed sequentially; use independent-resample intervals
18,eight_schools_centered,2,bucketed,history,128,512,10,25,1.7065296545624733,1.9409692585468292,repeat indices align samples but methods were timed sequentially; use independent-resample intervals
18,eight_schools_centered,2,bucketed,history,128,512,10,26,1.8631780371069908,1.927035003900528,repeat indices align samples but methods were timed sequentially; use independent-resample intervals
18,eight_schools_centered,2,bucketed,history,128,512,10,27,1.7774922922253609,1.9740000218153,repeat indices align samples but methods were timed sequentially; use independent-resample intervals
18,eight_schools_centered,2,bucketed,history,128,512,10,28,1.733273170888424,1.875505581498146,repeat indices align samples but methods were timed sequentially; use independent-resample intervals
18,eight_schools_centered,2,bucketed,history,128,512,10,29,1.8075975179672241,1.936520904302597,repeat indices align samples but methods were timed sequentially; use independent-resample intervals
19,eight_schools_centered,2,bucketed,last_depth,64,512,10,0,1.9251691028475761,1.7855882793664932,repeat indices align samples but methods were timed sequentially; use independent-resample intervals
19,eight_schools_centered,2,bucketed,last_depth,64,512,10,1,1.957355573773384,1.7466349229216576,repeat indices align samples but methods were timed sequentially; use independent-resample intervals
19,eight_schools_centered,2,bucketed,last_depth,64,512,10,2,1.957743190228939,1.773450218141079,repeat indices align samples but methods were timed sequentially; use independent-resample intervals
19,eight_schools_centered,2,bucketed,last_depth,64,512,10,3,1.7791283279657364,1.8179594054818153,repeat indices align samples but methods were timed sequentially; use independent-resample intervals
19,eight_schools_centered,2,bucketed,last_depth,64,512,10,4,1.9393443539738655,1.880029171705246,repeat indices align samples but methods were timed sequentially; use independent-resample intervals
19,eight_schools_centered,2,bucketed,last_depth,64,512,10,5,1.8954907730221748,1.8707959800958633,repeat indices align samples but methods were timed sequentially; use independent-resample intervals
19,eight_schools_centered,2,bucketed,last_depth,64,512,10,6,1.8576697334647179,1.910453736782074,repeat indices align samples but methods were timed sequentially; use independent-resample intervals
19,eight_schools_centered,2,bucketed,last_depth,64,512,10,7,1.8105896711349487,1.8488870412111282,repeat indices align samples but methods were timed sequentially; use independent-resample intervals
19,eight_schools_centered,2,bucketed,last_depth,64,512,10,8,1.871485635638237,1.88187924772501,repeat indices align samples but methods were timed sequentially; use independent-resample intervals
19,eight_schools_centered,2,bucketed,last_depth,64,512,10,9,1.8545562773942947,1.9863247573375702,repeat indices align samples but methods were timed sequentially; use independent-resample intervals
19,eight_schools_centered,2,bucketed,last_depth,64,512,10,10,1.9187264144420624,1.9622695297002792,repeat indices align samples but methods were timed sequentially; use independent-resample intervals
19,eight_schools_centered,2,bucketed,last_depth,64,512,10,11,1.857383370399475,1.919852837920189,repeat indices align samples but methods were timed sequentially; use independent-resample intervals
19,eight_schools_centered,2,bucketed,last_depth,64,512,10,12,1.8208440020680428,1.9955989941954613,repeat indices align samples but methods were timed sequentially; use independent-resample intervals
19,eight_schools_centered,2,bucketed,last_depth,64,512,10,13,1.8786156177520752,1.9413076490163803,repeat indices align samples but methods were timed sequentially; use independent-resample intervals
19,eight_schools_centered,2,bucketed,last_depth,64,512,10,14,1.9190972447395325,2.0145072638988495,repeat indices align samples but methods were timed sequentially; use independent-resample intervals
19,eight_schools_centered,2,bucketed,last_depth,64,512,10,15,1.829995408654213,1.9337414875626564,repeat indices align samples but methods were timed sequentially; use independent-resample intervals
19,eight_schools_centered,2,bucketed,last_depth,64,512,10,16,1.9983076304197311,2.024673119187355,repeat indices align samples but methods were timed sequentially; use independent-resample intervals
19,eight_schools_centered,2,bucketed,last_depth,64,512,10,17,1.938635639846325,1.9804896339774132,repeat indices align samples but methods were timed sequentially; use independent-resample intervals
19,eight_schools_centered,2,bucketed,last_depth,64,512,10,18,1.8563143387436867,2.0089253932237625,repeat indices align samples but methods were timed sequentially; use independent-resample intervals
19,eight_schools_centered,2,bucketed,last_depth,64,512,10,19,1.8145480379462242,1.984504334628582,repeat indices align samples but methods were timed sequentially; use independent-resample intervals
19,eight_schools_centered,2,bucketed,last_depth,64,512,10,20,1.8754424750804901,2.3448347449302673,repeat indices align samples but methods were timed sequentially; use independent-resample intervals
19,eight_schools_centered,2,bucketed,last_depth,64,512,10,21,1.8949624076485634,2.141814850270748,repeat indices align samples but methods were timed sequentially; use independent-resample intervals
19,eight_schools_centered,2,bucketed,last_depth,64,512,10,22,1.823472574353218,1.8889077678322792,repeat indices align samples but methods were timed sequentially; use independent-resample intervals
19,eight_schools_centered,2,bucketed,last_depth,64,512,10,23,1.8565158918499947,1.952539972960949,repeat indices align samples but methods were timed sequentially; use independent-resample intervals
19,eight_schools_centered,2,bucketed,last_depth,64,512,10,24,1.9902082607150078,1.8514780476689339,repeat indices align samples but methods were timed sequentially; use independent-resample intervals
19,eight_schools_centered,2,bucketed,last_depth,64,512,10,25,1.9990937933325768,1.9409692585468292,repeat indices align samples but methods were timed sequentially; use independent-resample intervals
19,eight_schools_centered,2,bucketed,last_depth,64,512,10,26,1.9178093075752258,1.927035003900528,repeat indices align samples but methods were timed sequentially; use independent-resample intervals
19,eight_schools_centered,2,bucketed,last_depth,64,512,10,27,2.105076402425766,1.9740000218153,repeat indices align samples but methods were timed sequentially; use independent-resample intervals
19,eight_schools_centered,2,bucketed,last_depth,64,512,10,28,1.939513809978962,1.875505581498146,repeat indices align samples but methods were timed sequentially; use independent-resample intervals
19,eight_schools_centered,2,bucketed,last_depth,64,512,10,29,1.905385248363018,1.936520904302597,repeat indices align samples but methods were timed sequentially; use independent-resample intervals
20,eight_schools_centered,2,bucketed,last_depth,128,512,10,0,1.728422850370407,1.7855882793664932,repeat indices align samples but methods were timed sequentially; use independent-resample intervals
20,eight_schools_centered,2,bucketed,last_depth,128,512,10,1,1.7358378991484642,1.7466349229216576,repeat indices align samples but methods were timed sequentially; use independent-resample intervals
20,eight_schools_centered,2,bucketed,last_depth,128,512,10,2,1.742022193968296,1.773450218141079,repeat indices align samples but methods were timed sequentially; use independent-resample intervals
20,eight_schools_centered,2,bucketed,last_depth,128,512,10,3,1.7339507788419724,1.8179594054818153,repeat indices align samples but methods were timed sequentially; use independent-resample intervals
20,eight_schools_centered,2,bucketed,last_depth,128,512,10,4,1.7179392576217651,1.880029171705246,repeat indices align samples but methods were timed sequentially; use independent-resample intervals
20,eight_schools_centered,2,bucketed,last_depth,128,512,10,5,1.7464952319860458,1.8707959800958633,repeat indices align samples but methods were timed sequentially; use independent-resample intervals
20,eight_schools_centered,2,bucketed,last_depth,128,512,10,6,1.7505085989832878,1.910453736782074,repeat indices align samples but methods were timed sequentially; use independent-resample intervals
20,eight_schools_centered,2,bucketed,last_depth,128,512,10,7,1.7981418743729591,1.8488870412111282,repeat indices align samples but methods were timed sequentially; use independent-resample intervals
20,eight_schools_centered,2,bucketed,last_depth,128,512,10,8,1.7339603304862976,1.88187924772501,repeat indices align samples but methods were timed sequentially; use independent-resample intervals
20,eight_schools_centered,2,bucketed,last_depth,128,512,10,9,1.714612916111946,1.9863247573375702,repeat indices align samples but methods were timed sequentially; use independent-resample intervals
20,eight_schools_centered,2,bucketed,last_depth,128,512,10,10,1.7313459292054176,1.9622695297002792,repeat indices align samples but methods were timed sequentially; use independent-resample intervals
20,eight_schools_centered,2,bucketed,last_depth,128,512,10,11,1.7466558739542961,1.919852837920189,repeat indices align samples but methods were timed sequentially; use independent-resample intervals
20,eight_schools_centered,2,bucketed,last_depth,128,512,10,12,1.7459277510643005,1.9955989941954613,repeat indices align samples but methods were timed sequentially; use independent-resample intervals
20,eight_schools_centered,2,bucketed,last_depth,128,512,10,13,1.7307345643639565,1.9413076490163803,repeat indices align samples but methods were timed sequentially; use independent-resample intervals
20,eight_schools_centered,2,bucketed,last_depth,128,512,10,14,1.720998577773571,2.0145072638988495,repeat indices align samples but methods were timed sequentially; use independent-resample intervals
20,eight_schools_centered,2,bucketed,last_depth,128,512,10,15,1.7174023017287254,1.9337414875626564,repeat indices align samples but methods were timed sequentially; use independent-resample intervals
20,eight_schools_centered,2,bucketed,last_depth,128,512,10,16,1.7083632722496986,2.024673119187355,repeat indices align samples but methods were timed sequentially; use independent-resample intervals
20,eight_schools_centered,2,bucketed,last_depth,128,512,10,17,1.710901327431202,1.9804896339774132,repeat indices align samples but methods were timed sequentially; use independent-resample intervals
20,eight_schools_centered,2,bucketed,last_depth,128,512,10,18,1.7837883532047272,2.0089253932237625,repeat indices align samples but methods were timed sequentially; use independent-resample intervals
20,eight_schools_centered,2,bucketed,last_depth,128,512,10,19,1.7277439311146736,1.984504334628582,repeat indices align samples but methods were timed sequentially; use independent-resample intervals
20,eight_schools_centered,2,bucketed,last_depth,128,512,10,20,1.7329530715942383,2.3448347449302673,repeat indices align samples but methods were timed sequentially; use independent-resample intervals
20,eight_schools_centered,2,bucketed,last_depth,128,512,10,21,1.7382799535989761,2.141814850270748,repeat indices align samples but methods were timed sequentially; use independent-resample intervals
20,eight_schools_centered,2,bucketed,last_depth,128,512,10,22,1.7613910287618637,1.8889077678322792,repeat indices align samples but methods were timed sequentially; use independent-resample intervals
20,eight_schools_centered,2,bucketed,last_depth,128,512,10,23,1.750804640352726,1.952539972960949,repeat indices align samples but methods were timed sequentially; use independent-resample intervals
20,eight_schools_centered,2,bucketed,last_depth,128,512,10,24,1.7298253700137138,1.8514780476689339,repeat indices align samples but methods were timed sequentially; use independent-resample intervals
20,eight_schools_centered,2,bucketed,last_depth,128,512,10,25,1.729260690510273,1.9409692585468292,repeat indices align samples but methods were timed sequentially; use independent-resample intervals
20,eight_schools_centered,2,bucketed,last_depth,128,512,10,26,1.7468608170747757,1.927035003900528,repeat indices align samples but methods were timed sequentially; use independent-resample intervals
20,eight_schools_centered,2,bucketed,last_depth,128,512,10,27,1.7440037801861763,1.9740000218153,repeat indices align samples but methods were timed sequentially; use independent-resample intervals
20,eight_schools_centered,2,bucketed,last_depth,128,512,10,28,1.7368104308843613,1.875505581498146,repeat indices align samples but methods were timed sequentially; use independent-resample intervals
20,eight_schools_centered,2,bucketed,last_depth,128,512,10,29,1.729018472135067,1.936520904302597,repeat indices align samples but methods were timed sequentially; use independent-resample intervals
21,eight_schools_centered,3,monolithic,monolithic,0,512,10,0,1.8407727777957916,1.8407727777957916,repeat indices align samples but methods were timed sequentially; use independent-resample intervals
21,eight_schools_centered,3,monolithic,monolithic,0,512,10,1,1.7265463843941689,1.7265463843941689,repeat indices align samples but methods were timed sequentially; use independent-resample intervals
21,eight_schools_centered,3,monolithic,monolithic,0,512,10,2,1.7308251336216927,1.7308251336216927,repeat indices align samples but methods were timed sequentially; use independent-resample intervals
21,eight_schools_centered,3,monolithic,monolithic,0,512,10,3,1.7076197490096092,1.7076197490096092,repeat indices align samples but methods were timed sequentially; use independent-resample intervals
21,eight_schools_centered,3,monolithic,monolithic,0,512,10,4,1.7412509471178055,1.7412509471178055,repeat indices align samples but methods were timed sequentially; use independent-resample intervals
21,eight_schools_centered,3,monolithic,monolithic,0,512,10,5,1.768554873764515,1.768554873764515,repeat indices align samples but methods were timed sequentially; use independent-resample intervals
21,eight_schools_centered,3,monolithic,monolithic,0,512,10,6,1.7167269885540009,1.7167269885540009,repeat indices align samples but methods were timed sequentially; use independent-resample intervals
21,eight_schools_centered,3,monolithic,monolithic,0,512,10,7,1.7484900653362274,1.7484900653362274,repeat indices align samples but methods were timed sequentially; use independent-resample intervals
21,eight_schools_centered,3,monolithic,monolithic,0,512,10,8,1.7151374071836472,1.7151374071836472,repeat indices align samples but methods were timed sequentially; use independent-resample intervals
21,eight_schools_centered,3,monolithic,monolithic,0,512,10,9,1.7291275262832642,1.7291275262832642,repeat indices align samples but methods were timed sequentially; use independent-resample intervals
21,eight_schools_centered,3,monolithic,monolithic,0,512,10,10,1.7325707748532295,1.7325707748532295,repeat indices align samples but methods were timed sequentially; use independent-resample intervals
21,eight_schools_centered,3,monolithic,monolithic,0,512,10,11,1.712855651974678,1.712855651974678,repeat indices align samples but methods were timed sequentially; use independent-resample intervals
21,eight_schools_centered,3,monolithic,monolithic,0,512,10,12,1.7158256322145462,1.7158256322145462,repeat indices align samples but methods were timed sequentially; use independent-resample intervals
21,eight_schools_centered,3,monolithic,monolithic,0,512,10,13,1.700758457183838,1.700758457183838,repeat indices align samples but methods were timed sequentially; use independent-resample intervals
21,eight_schools_centered,3,monolithic,monolithic,0,512,10,14,1.7608331888914108,1.7608331888914108,repeat indices align samples but methods were timed sequentially; use independent-resample intervals
21,eight_schools_centered,3,monolithic,monolithic,0,512,10,15,1.7454961761832237,1.7454961761832237,repeat indices align samples but methods were timed sequentially; use independent-resample intervals
21,eight_schools_centered,3,monolithic,monolithic,0,512,10,16,1.759600006043911,1.759600006043911,repeat indices align samples but methods were timed sequentially; use independent-resample intervals
21,eight_schools_centered,3,monolithic,monolithic,0,512,10,17,1.7168945372104645,1.7168945372104645,repeat indices align samples but methods were timed sequentially; use independent-resample intervals
21,eight_schools_centered,3,monolithic,monolithic,0,512,10,18,1.721482791006565,1.721482791006565,repeat indices align samples but methods were timed sequentially; use independent-resample intervals
21,eight_schools_centered,3,monolithic,monolithic,0,512,10,19,1.7374819070100784,1.7374819070100784,repeat indices align samples but methods were timed sequentially; use independent-resample intervals
21,eight_schools_centered,3,monolithic,monolithic,0,512,10,20,1.7122586742043495,1.7122586742043495,repeat indices align samples but methods were timed sequentially; use independent-resample intervals
21,eight_schools_centered,3,monolithic,monolithic,0,512,10,21,1.7285852879285812,1.7285852879285812,repeat indices align samples but methods were timed sequentially; use independent-resample intervals
21,eight_schools_centered,3,monolithic,monolithic,0,512,10,22,1.7546630948781967,1.7546630948781967,repeat indices align samples but methods were timed sequentially; use independent-resample intervals
21,eight_schools_centered,3,monolithic,monolithic,0,512,10,23,1.7335695400834084,1.7335695400834084,repeat indices align samples but methods were timed sequentially; use independent-resample intervals
21,eight_schools_centered,3,monolithic,monolithic,0,512,10,24,1.6796450763940811,1.6796450763940811,repeat indices align samples but methods were timed sequentially; use independent-resample intervals
21,eight_schools_centered,3,monolithic,monolithic,0,512,10,25,1.759392112493515,1.759392112493515,repeat indices align samples but methods were timed sequentially; use independent-resample intervals
21,eight_schools_centered,3,monolithic,monolithic,0,512,10,26,1.7298004627227783,1.7298004627227783,repeat indices align samples but methods were timed sequentially; use independent-resample intervals
21,eight_schools_centered,3,monolithic,monolithic,0,512,10,27,1.6829882264137268,1.6829882264137268,repeat indices align samples but methods were timed sequentially; use independent-resample intervals
21,eight_schools_centered,3,monolithic,monolithic,0,512,10,28,1.7642943635582924,1.7642943635582924,repeat indices align samples but methods were timed sequentially; use independent-resample intervals
21,eight_schools_centered,3,monolithic,monolithic,0,512,10,29,1.7653203308582306,1.7653203308582306,repeat indices align samples but methods were timed sequentially; use independent-resample intervals
22,eight_schools_centered,3,bucketed,none,64,512,10,0,1.8645969778299332,1.8407727777957916,repeat indices align samples but methods were timed sequentially; use independent-resample intervals
22,eight_schools_centered,3,bucketed,none,64,512,10,1,1.8621465042233467,1.7265463843941689,repeat indices align samples but methods were timed sequentially; use independent-resample intervals
22,eight_schools_centered,3,bucketed,none,64,512,10,2,1.9433594346046448,1.7308251336216927,repeat indices align samples but methods were timed sequentially; use independent-resample intervals
22,eight_schools_centered,3,bucketed,none,64,512,10,3,2.000680312514305,1.7076197490096092,repeat indices align samples but methods were timed sequentially; use independent-resample intervals
22,eight_schools_centered,3,bucketed,none,64,512,10,4,1.8543728217482567,1.7412509471178055,repeat indices align samples but methods were timed sequentially; use independent-resample intervals
22,eight_schools_centered,3,bucketed,none,64,512,10,5,1.7620948627591133,1.768554873764515,repeat indices align samples but methods were timed sequentially; use independent-resample intervals
22,eight_schools_centered,3,bucketed,none,64,512,10,6,1.839914120733738,1.7167269885540009,repeat indices align samples but methods were timed sequentially; use independent-resample intervals
22,eight_schools_centered,3,bucketed,none,64,512,10,7,1.8083629980683327,1.7484900653362274,repeat indices align samples but methods were timed sequentially; use independent-resample intervals
22,eight_schools_centered,3,bucketed,none,64,512,10,8,1.8431332558393478,1.7151374071836472,repeat indices align samples but methods were timed sequentially; use independent-resample intervals
22,eight_schools_centered,3,bucketed,none,64,512,10,9,1.8528167456388474,1.7291275262832642,repeat indices align samples but methods were timed sequentially; use independent-resample intervals
22,eight_schools_centered,3,bucketed,none,64,512,10,10,1.8899405747652054,1.7325707748532295,repeat indices align samples but methods were timed sequentially; use independent-resample intervals
22,eight_schools_centered,3,bucketed,none,64,512,10,11,1.8466542288661003,1.712855651974678,repeat indices align samples but methods were timed sequentially; use independent-resample intervals
22,eight_schools_centered,3,bucketed,none,64,512,10,12,1.8568046689033508,1.7158256322145462,repeat indices align samples but methods were timed sequentially; use independent-resample intervals
22,eight_schools_centered,3,bucketed,none,64,512,10,13,1.8357258141040802,1.700758457183838,repeat indices align samples but methods were timed sequentially; use independent-resample intervals
22,eight_schools_centered,3,bucketed,none,64,512,10,14,1.826936088502407,1.7608331888914108,repeat indices align samples but methods were timed sequentially; use independent-resample intervals
22,eight_schools_centered,3,bucketed,none,64,512,10,15,1.9249116405844688,1.7454961761832237,repeat indices align samples but methods were timed sequentially; use independent-resample intervals
22,eight_schools_centered,3,bucketed,none,64,512,10,16,1.9791860580444336,1.759600006043911,repeat indices align samples but methods were timed sequentially; use independent-resample intervals
22,eight_schools_centered,3,bucketed,none,64,512,10,17,1.9111227691173553,1.7168945372104645,repeat indices align samples but methods were timed sequentially; use independent-resample intervals
22,eight_schools_centered,3,bucketed,none,64,512,10,18,1.8516568168997765,1.721482791006565,repeat indices align samples but methods were timed sequentially; use independent-resample intervals
22,eight_schools_centered,3,bucketed,none,64,512,10,19,1.8434216603636742,1.7374819070100784,repeat indices align samples but methods were timed sequentially; use independent-resample intervals
22,eight_schools_centered,3,bucketed,none,64,512,10,20,1.8591465204954147,1.7122586742043495,repeat indices align samples but methods were timed sequentially; use independent-resample intervals
22,eight_schools_centered,3,bucketed,none,64,512,10,21,1.761037066578865,1.7285852879285812,repeat indices align samples but methods were timed sequentially; use independent-resample intervals
22,eight_schools_centered,3,bucketed,none,64,512,10,22,1.9011252373456955,1.7546630948781967,repeat indices align samples but methods were timed sequentially; use independent-resample intervals
22,eight_schools_centered,3,bucketed,none,64,512,10,23,1.858648732304573,1.7335695400834084,repeat indices align samples but methods were timed sequentially; use independent-resample intervals
22,eight_schools_centered,3,bucketed,none,64,512,10,24,1.8562047109007835,1.6796450763940811,repeat indices align samples but methods were timed sequentially; use independent-resample intervals
22,eight_schools_centered,3,bucketed,none,64,512,10,25,1.82949560880661,1.759392112493515,repeat indices align samples but methods were timed sequentially; use independent-resample intervals
22,eight_schools_centered,3,bucketed,none,64,512,10,26,1.8218906596302986,1.7298004627227783,repeat indices align samples but methods were timed sequentially; use independent-resample intervals
22,eight_schools_centered,3,bucketed,none,64,512,10,27,1.8429019674658775,1.6829882264137268,repeat indices align samples but methods were timed sequentially; use independent-resample intervals
22,eight_schools_centered,3,bucketed,none,64,512,10,28,1.9466177597641945,1.7642943635582924,repeat indices align samples but methods were timed sequentially; use independent-resample intervals
22,eight_schools_centered,3,bucketed,none,64,512,10,29,1.9231474846601486,1.7653203308582306,repeat indices align samples but methods were timed sequentially; use independent-resample intervals
23,eight_schools_centered,3,bucketed,none,128,512,10,0,1.708711951971054,1.8407727777957916,repeat indices align samples but methods were timed sequentially; use independent-resample intervals
23,eight_schools_centered,3,bucketed,none,128,512,10,1,1.693902313709259,1.7265463843941689,repeat indices align samples but methods were timed sequentially; use independent-resample intervals
23,eight_schools_centered,3,bucketed,none,128,512,10,2,1.6716683879494667,1.7308251336216927,repeat indices align samples but methods were timed sequentially; use independent-resample intervals
23,eight_schools_centered,3,bucketed,none,128,512,10,3,1.7293368726968765,1.7076197490096092,repeat indices align samples but methods were timed sequentially; use independent-resample intervals
23,eight_schools_centered,3,bucketed,none,128,512,10,4,1.8555643558502197,1.7412509471178055,repeat indices align samples but methods were timed sequentially; use independent-resample intervals
23,eight_schools_centered,3,bucketed,none,128,512,10,5,1.8802836760878563,1.768554873764515,repeat indices align samples but methods were timed sequentially; use independent-resample intervals
23,eight_schools_centered,3,bucketed,none,128,512,10,6,1.7601236775517464,1.7167269885540009,repeat indices align samples but methods were timed sequentially; use independent-resample intervals
23,eight_schools_centered,3,bucketed,none,128,512,10,7,1.7387086600065231,1.7484900653362274,repeat indices align samples but methods were timed sequentially; use independent-resample intervals
23,eight_schools_centered,3,bucketed,none,128,512,10,8,1.717439092695713,1.7151374071836472,repeat indices align samples but methods were timed sequentially; use independent-resample intervals
23,eight_schools_centered,3,bucketed,none,128,512,10,9,1.720309354364872,1.7291275262832642,repeat indices align samples but methods were timed sequentially; use independent-resample intervals
23,eight_schools_centered,3,bucketed,none,128,512,10,10,1.8154366537928581,1.7325707748532295,repeat indices align samples but methods were timed sequentially; use independent-resample intervals
23,eight_schools_centered,3,bucketed,none,128,512,10,11,1.9015988260507584,1.712855651974678,repeat indices align samples but methods were timed sequentially; use independent-resample intervals
23,eight_schools_centered,3,bucketed,none,128,512,10,12,1.8765157163143158,1.7158256322145462,repeat indices align samples but methods were timed sequentially; use independent-resample intervals
23,eight_schools_centered,3,bucketed,none,128,512,10,13,1.8185653313994408,1.700758457183838,repeat indices align samples but methods were timed sequentially; use independent-resample intervals
23,eight_schools_centered,3,bucketed,none,128,512,10,14,1.7499399334192276,1.7608331888914108,repeat indices align samples but methods were timed sequentially; use independent-resample intervals
23,eight_schools_centered,3,bucketed,none,128,512,10,15,1.8466495797038078,1.7454961761832237,repeat indices align samples but methods were timed sequentially; use independent-resample intervals
23,eight_schools_centered,3,bucketed,none,128,512,10,16,1.9024765193462372,1.759600006043911,repeat indices align samples but methods were timed sequentially; use independent-resample intervals
23,eight_schools_centered,3,bucketed,none,128,512,10,17,1.8074030354619026,1.7168945372104645,repeat indices align samples but methods were timed sequentially; use independent-resample intervals
23,eight_schools_centered,3,bucketed,none,128,512,10,18,1.8423143401741982,1.721482791006565,repeat indices align samples but methods were timed sequentially; use independent-resample intervals
23,eight_schools_centered,3,bucketed,none,128,512,10,19,1.7815734520554543,1.7374819070100784,repeat indices align samples but methods were timed sequentially; use independent-resample intervals
23,eight_schools_centered,3,bucketed,none,128,512,10,20,1.7339406087994576,1.7122586742043495,repeat indices align samples but methods were timed sequentially; use independent-resample intervals
23,eight_schools_centered,3,bucketed,none,128,512,10,21,1.7872470542788506,1.7285852879285812,repeat indices align samples but methods were timed sequentially; use independent-resample intervals
23,eight_schools_centered,3,bucketed,none,128,512,10,22,1.7858883515000343,1.7546630948781967,repeat indices align samples but methods were timed sequentially; use independent-resample intervals
23,eight_schools_centered,3,bucketed,none,128,512,10,23,1.697058081626892,1.7335695400834084,repeat indices align samples but methods were timed sequentially; use independent-resample intervals
23,eight_schools_centered,3,bucketed,none,128,512,10,24,1.7533172890543938,1.6796450763940811,repeat indices align samples but methods were timed sequentially; use independent-resample intervals
23,eight_schools_centered,3,bucketed,none,128,512,10,25,1.7674062624573708,1.759392112493515,repeat indices align samples but methods were timed sequentially; use independent-resample intervals
23,eight_schools_centered,3,bucketed,none,128,512,10,26,1.8813498690724373,1.7298004627227783,repeat indices align samples but methods were timed sequentially; use independent-resample intervals
23,eight_schools_centered,3,bucketed,none,128,512,10,27,1.9647490233182907,1.6829882264137268,repeat indices align samples but methods were timed sequentially; use independent-resample intervals
23,eight_schools_centered,3,bucketed,none,128,512,10,28,1.8379234075546265,1.7642943635582924,repeat indices align samples but methods were timed sequentially; use independent-resample intervals
23,eight_schools_centered,3,bucketed,none,128,512,10,29,1.7793795689940453,1.7653203308582306,repeat indices align samples but methods were timed sequentially; use independent-resample intervals
24,eight_schools_centered,3,bucketed,history,64,512,10,0,1.9342659562826157,1.8407727777957916,repeat indices align samples but methods were timed sequentially; use independent-resample intervals
24,eight_schools_centered,3,bucketed,history,64,512,10,1,1.813832312822342,1.7265463843941689,repeat indices align samples but methods were timed sequentially; use independent-resample intervals
24,eight_schools_centered,3,bucketed,history,64,512,10,2,1.9343523606657982,1.7308251336216927,repeat indices align samples but methods were timed sequentially; use independent-resample intervals
24,eight_schools_centered,3,bucketed,history,64,512,10,3,1.9381833001971245,1.7076197490096092,repeat indices align samples but methods were timed sequentially; use independent-resample intervals
24,eight_schools_centered,3,bucketed,history,64,512,10,4,1.8143336102366447,1.7412509471178055,repeat indices align samples but methods were timed sequentially; use independent-resample intervals
24,eight_schools_centered,3,bucketed,history,64,512,10,5,1.9643806964159012,1.768554873764515,repeat indices align samples but methods were timed sequentially; use independent-resample intervals
24,eight_schools_centered,3,bucketed,history,64,512,10,6,1.987390160560608,1.7167269885540009,repeat indices align samples but methods were timed sequentially; use independent-resample intervals
24,eight_schools_centered,3,bucketed,history,64,512,10,7,1.7307295426726341,1.7484900653362274,repeat indices align samples but methods were timed sequentially; use independent-resample intervals
24,eight_schools_centered,3,bucketed,history,64,512,10,8,1.8856046572327614,1.7151374071836472,repeat indices align samples but methods were timed sequentially; use independent-resample intervals
24,eight_schools_centered,3,bucketed,history,64,512,10,9,2.0010382384061813,1.7291275262832642,repeat indices align samples but methods were timed sequentially; use independent-resample intervals
24,eight_schools_centered,3,bucketed,history,64,512,10,10,1.9144970700144768,1.7325707748532295,repeat indices align samples but methods were timed sequentially; use independent-resample intervals
24,eight_schools_centered,3,bucketed,history,64,512,10,11,1.9869095012545586,1.712855651974678,repeat indices align samples but methods were timed sequentially; use independent-resample intervals
24,eight_schools_centered,3,bucketed,history,64,512,10,12,1.886617474257946,1.7158256322145462,repeat indices align samples but methods were timed sequentially; use independent-resample intervals
24,eight_schools_centered,3,bucketed,history,64,512,10,13,1.9032158479094505,1.700758457183838,repeat indices align samples but methods were timed sequentially; use independent-resample intervals
24,eight_schools_centered,3,bucketed,history,64,512,10,14,1.8881723135709763,1.7608331888914108,repeat indices align samples but methods were timed sequentially; use independent-resample intervals
24,eight_schools_centered,3,bucketed,history,64,512,10,15,1.9418995901942253,1.7454961761832237,repeat indices align samples but methods were timed sequentially; use independent-resample intervals
24,eight_schools_centered,3,bucketed,history,64,512,10,16,1.9761503115296364,1.759600006043911,repeat indices align samples but methods were timed sequentially; use independent-resample intervals
24,eight_schools_centered,3,bucketed,history,64,512,10,17,1.8090514540672302,1.7168945372104645,repeat indices align samples but methods were timed sequentially; use independent-resample intervals
24,eight_schools_centered,3,bucketed,history,64,512,10,18,1.8402642980217934,1.721482791006565,repeat indices align samples but methods were timed sequentially; use independent-resample intervals
24,eight_schools_centered,3,bucketed,history,64,512,10,19,1.8257719799876213,1.7374819070100784,repeat indices align samples but methods were timed sequentially; use independent-resample intervals
24,eight_schools_centered,3,bucketed,history,64,512,10,20,1.7953648269176483,1.7122586742043495,repeat indices align samples but methods were timed sequentially; use independent-resample intervals
24,eight_schools_centered,3,bucketed,history,64,512,10,21,1.9546807929873466,1.7285852879285812,repeat indices align samples but methods were timed sequentially; use independent-resample intervals
24,eight_schools_centered,3,bucketed,history,64,512,10,22,1.8828397020697594,1.7546630948781967,repeat indices align samples but methods were timed sequentially; use independent-resample intervals
24,eight_schools_centered,3,bucketed,history,64,512,10,23,1.7431835010647774,1.7335695400834084,repeat indices align samples but methods were timed sequentially; use independent-resample intervals
24,eight_schools_centered,3,bucketed,history,64,512,10,24,1.9033052176237106,1.6796450763940811,repeat indices align samples but methods were timed sequentially; use independent-resample intervals
24,eight_schools_centered,3,bucketed,history,64,512,10,25,1.8043797388672829,1.759392112493515,repeat indices align samples but methods were timed sequentially; use independent-resample intervals
24,eight_schools_centered,3,bucketed,history,64,512,10,26,1.8440809026360512,1.7298004627227783,repeat indices align samples but methods were timed sequentially; use independent-resample intervals
24,eight_schools_centered,3,bucketed,history,64,512,10,27,1.916370965540409,1.6829882264137268,repeat indices align samples but methods were timed sequentially; use independent-resample intervals
24,eight_schools_centered,3,bucketed,history,64,512,10,28,1.9133407697081566,1.7642943635582924,repeat indices align samples but methods were timed sequentially; use independent-resample intervals
24,eight_schools_centered,3,bucketed,history,64,512,10,29,1.8336087241768837,1.7653203308582306,repeat indices align samples but methods were timed sequentially; use independent-resample intervals
25,eight_schools_centered,3,bucketed,history,128,512,10,0,1.7056378349661827,1.8407727777957916,repeat indices align samples but methods were timed sequentially; use independent-resample intervals
25,eight_schools_centered,3,bucketed,history,128,512,10,1,1.6887057721614838,1.7265463843941689,repeat indices align samples but methods were timed sequentially; use independent-resample intervals
25,eight_schools_centered,3,bucketed,history,128,512,10,2,1.7122208029031754,1.7308251336216927,repeat indices align samples but methods were timed sequentially; use independent-resample intervals
25,eight_schools_centered,3,bucketed,history,128,512,10,3,1.6736539155244827,1.7076197490096092,repeat indices align samples but methods were timed sequentially; use independent-resample intervals
25,eight_schools_centered,3,bucketed,history,128,512,10,4,1.7116557210683823,1.7412509471178055,repeat indices align samples but methods were timed sequentially; use independent-resample intervals
25,eight_schools_centered,3,bucketed,history,128,512,10,5,1.6835321113467216,1.768554873764515,repeat indices align samples but methods were timed sequentially; use independent-resample intervals
25,eight_schools_centered,3,bucketed,history,128,512,10,6,1.7018769010901451,1.7167269885540009,repeat indices align samples but methods were timed sequentially; use independent-resample intervals
25,eight_schools_centered,3,bucketed,history,128,512,10,7,1.753777101635933,1.7484900653362274,repeat indices align samples but methods were timed sequentially; use independent-resample intervals
25,eight_schools_centered,3,bucketed,history,128,512,10,8,1.8054445311427116,1.7151374071836472,repeat indices align samples but methods were timed sequentially; use independent-resample intervals
25,eight_schools_centered,3,bucketed,history,128,512,10,9,1.6753576770424843,1.7291275262832642,repeat indices align samples but methods were timed sequentially; use independent-resample intervals
25,eight_schools_centered,3,bucketed,history,128,512,10,10,1.678641140460968,1.7325707748532295,repeat indices align samples but methods were timed sequentially; use independent-resample intervals
25,eight_schools_centered,3,bucketed,history,128,512,10,11,1.6487248837947845,1.712855651974678,repeat indices align samples but methods were timed sequentially; use independent-resample intervals
25,eight_schools_centered,3,bucketed,history,128,512,10,12,1.6730802059173584,1.7158256322145462,repeat indices align samples but methods were timed sequentially; use independent-resample intervals
25,eight_schools_centered,3,bucketed,history,128,512,10,13,1.7247194796800613,1.700758457183838,repeat indices align samples but methods were timed sequentially; use independent-resample intervals
25,eight_schools_centered,3,bucketed,history,128,512,10,14,1.694281429052353,1.7608331888914108,repeat indices align samples but methods were timed sequentially; use independent-resample intervals
25,eight_schools_centered,3,bucketed,history,128,512,10,15,1.6641112565994263,1.7454961761832237,repeat indices align samples but methods were timed sequentially; use independent-resample intervals
25,eight_schools_centered,3,bucketed,history,128,512,10,16,1.686141811311245,1.759600006043911,repeat indices align samples but methods were timed sequentially; use independent-resample intervals
25,eight_schools_centered,3,bucketed,history,128,512,10,17,1.6715631857514381,1.7168945372104645,repeat indices align samples but methods were timed sequentially; use independent-resample intervals
25,eight_schools_centered,3,bucketed,history,128,512,10,18,1.7140270620584488,1.721482791006565,repeat indices align samples but methods were timed sequentially; use independent-resample intervals
25,eight_schools_centered,3,bucketed,history,128,512,10,19,1.6828933507204056,1.7374819070100784,repeat indices align samples but methods were timed sequentially; use independent-resample intervals
25,eight_schools_centered,3,bucketed,history,128,512,10,20,1.6758738160133362,1.7122586742043495,repeat indices align samples but methods were timed sequentially; use independent-resample intervals
25,eight_schools_centered,3,bucketed,history,128,512,10,21,1.6820101365447044,1.7285852879285812,repeat indices align samples but methods were timed sequentially; use independent-resample intervals
25,eight_schools_centered,3,bucketed,history,128,512,10,22,1.746344044804573,1.7546630948781967,repeat indices align samples but methods were timed sequentially; use independent-resample intervals
25,eight_schools_centered,3,bucketed,history,128,512,10,23,1.6981800571084023,1.7335695400834084,repeat indices align samples but methods were timed sequentially; use independent-resample intervals
25,eight_schools_centered,3,bucketed,history,128,512,10,24,1.7083838880062103,1.6796450763940811,repeat indices align samples but methods were timed sequentially; use independent-resample intervals
25,eight_schools_centered,3,bucketed,history,128,512,10,25,1.7182846367359161,1.759392112493515,repeat indices align samples but methods were timed sequentially; use independent-resample intervals
25,eight_schools_centered,3,bucketed,history,128,512,10,26,1.6918817684054375,1.7298004627227783,repeat indices align samples but methods were timed sequentially; use independent-resample intervals
25,eight_schools_centered,3,bucketed,history,128,512,10,27,1.691344864666462,1.6829882264137268,repeat indices align samples but methods were timed sequentially; use independent-resample intervals
25,eight_schools_centered,3,bucketed,history,128,512,10,28,1.6899184957146645,1.7642943635582924,repeat indices align samples but methods were timed sequentially; use independent-resample intervals
25,eight_schools_centered,3,bucketed,history,128,512,10,29,1.6821281388401985,1.7653203308582306,repeat indices align samples but methods were timed sequentially; use independent-resample intervals
26,eight_schools_centered,3,bucketed,last_depth,64,512,10,0,1.884407140314579,1.8407727777957916,repeat indices align samples but methods were timed sequentially; use independent-resample intervals
26,eight_schools_centered,3,bucketed,last_depth,64,512,10,1,1.9336887896060944,1.7265463843941689,repeat indices align samples but methods were timed sequentially; use independent-resample intervals
26,eight_schools_centered,3,bucketed,last_depth,64,512,10,2,1.8951907604932785,1.7308251336216927,repeat indices align samples but methods were timed sequentially; use independent-resample intervals
26,eight_schools_centered,3,bucketed,last_depth,64,512,10,3,1.8801866248250008,1.7076197490096092,repeat indices align samples but methods were timed sequentially; use independent-resample intervals
26,eight_schools_centered,3,bucketed,last_depth,64,512,10,4,1.950516127049923,1.7412509471178055,repeat indices align samples but methods were timed sequentially; use independent-resample intervals
26,eight_schools_centered,3,bucketed,last_depth,64,512,10,5,1.8536374047398567,1.768554873764515,repeat indices align samples but methods were timed sequentially; use independent-resample intervals
26,eight_schools_centered,3,bucketed,last_depth,64,512,10,6,1.9147194102406502,1.7167269885540009,repeat indices align samples but methods were timed sequentially; use independent-resample intervals
26,eight_schools_centered,3,bucketed,last_depth,64,512,10,7,1.8410428687930107,1.7484900653362274,repeat indices align samples but methods were timed sequentially; use independent-resample intervals
26,eight_schools_centered,3,bucketed,last_depth,64,512,10,8,1.827955074608326,1.7151374071836472,repeat indices align samples but methods were timed sequentially; use independent-resample intervals
26,eight_schools_centered,3,bucketed,last_depth,64,512,10,9,1.811409905552864,1.7291275262832642,repeat indices align samples but methods were timed sequentially; use independent-resample intervals
26,eight_schools_centered,3,bucketed,last_depth,64,512,10,10,2.042890287935734,1.7325707748532295,repeat indices align samples but methods were timed sequentially; use independent-resample intervals
26,eight_schools_centered,3,bucketed,last_depth,64,512,10,11,2.0141070410609245,1.712855651974678,repeat indices align samples but methods were timed sequentially; use independent-resample intervals
26,eight_schools_centered,3,bucketed,last_depth,64,512,10,12,1.8730192184448242,1.7158256322145462,repeat indices align samples but methods were timed sequentially; use independent-resample intervals
26,eight_schools_centered,3,bucketed,last_depth,64,512,10,13,1.8581659123301506,1.700758457183838,repeat indices align samples but methods were timed sequentially; use independent-resample intervals
26,eight_schools_centered,3,bucketed,last_depth,64,512,10,14,1.9644267112016678,1.7608331888914108,repeat indices align samples but methods were timed sequentially; use independent-resample intervals
26,eight_schools_centered,3,bucketed,last_depth,64,512,10,15,1.9224538132548332,1.7454961761832237,repeat indices align samples but methods were timed sequentially; use independent-resample intervals
26,eight_schools_centered,3,bucketed,last_depth,64,512,10,16,1.925116054713726,1.759600006043911,repeat indices align samples but methods were timed sequentially; use independent-resample intervals
26,eight_schools_centered,3,bucketed,last_depth,64,512,10,17,1.8295276388525963,1.7168945372104645,repeat indices align samples but methods were timed sequentially; use independent-resample intervals
26,eight_schools_centered,3,bucketed,last_depth,64,512,10,18,1.9109656885266304,1.721482791006565,repeat indices align samples but methods were timed sequentially; use independent-resample intervals
26,eight_schools_centered,3,bucketed,last_depth,64,512,10,19,1.7649254128336906,1.7374819070100784,repeat indices align samples but methods were timed sequentially; use independent-resample intervals
26,eight_schools_centered,3,bucketed,last_depth,64,512,10,20,1.8652077987790108,1.7122586742043495,repeat indices align samples but methods were timed sequentially; use independent-resample intervals
26,eight_schools_centered,3,bucketed,last_depth,64,512,10,21,1.8302595987915993,1.7285852879285812,repeat indices align samples but methods were timed sequentially; use independent-resample intervals
26,eight_schools_centered,3,bucketed,last_depth,64,512,10,22,1.9788124859333038,1.7546630948781967,repeat indices align samples but methods were timed sequentially; use independent-resample intervals
26,eight_schools_centered,3,bucketed,last_depth,64,512,10,23,1.9147747308015823,1.7335695400834084,repeat indices align samples but methods were timed sequentially; use independent-resample intervals
26,eight_schools_centered,3,bucketed,last_depth,64,512,10,24,1.982493944466114,1.6796450763940811,repeat indices align samples but methods were timed sequentially; use independent-resample intervals
26,eight_schools_centered,3,bucketed,last_depth,64,512,10,25,1.7946320250630379,1.759392112493515,repeat indices align samples but methods were timed sequentially; use independent-resample intervals
26,eight_schools_centered,3,bucketed,last_depth,64,512,10,26,1.9145096689462662,1.7298004627227783,repeat indices align samples but methods were timed sequentially; use independent-resample intervals
26,eight_schools_centered,3,bucketed,last_depth,64,512,10,27,1.9435243606567383,1.6829882264137268,repeat indices align samples but methods were timed sequentially; use independent-resample intervals
26,eight_schools_centered,3,bucketed,last_depth,64,512,10,28,1.863546922802925,1.7642943635582924,repeat indices align samples but methods were timed sequentially; use independent-resample intervals
26,eight_schools_centered,3,bucketed,last_depth,64,512,10,29,1.9402054473757744,1.7653203308582306,repeat indices align samples but methods were timed sequentially; use independent-resample intervals
27,eight_schools_centered,3,bucketed,last_depth,128,512,10,0,1.6823304668068886,1.8407727777957916,repeat indices align samples but methods were timed sequentially; use independent-resample intervals
27,eight_schools_centered,3,bucketed,last_depth,128,512,10,1,1.6895460188388824,1.7265463843941689,repeat indices align samples but methods were timed sequentially; use independent-resample intervals
27,eight_schools_centered,3,bucketed,last_depth,128,512,10,2,1.6938370317220688,1.7308251336216927,repeat indices align samples but methods were timed sequentially; use independent-resample intervals
27,eight_schools_centered,3,bucketed,last_depth,128,512,10,3,1.6718230098485947,1.7076197490096092,repeat indices align samples but methods were timed sequentially; use independent-resample intervals
27,eight_schools_centered,3,bucketed,last_depth,128,512,10,4,1.6850427985191345,1.7412509471178055,repeat indices align samples but methods were timed sequentially; use independent-resample intervals
27,eight_schools_centered,3,bucketed,last_depth,128,512,10,5,1.6876593828201294,1.768554873764515,repeat indices align samples but methods were timed sequentially; use independent-resample intervals
27,eight_schools_centered,3,bucketed,last_depth,128,512,10,6,1.6880921050906181,1.7167269885540009,repeat indices align samples but methods were timed sequentially; use independent-resample intervals
27,eight_schools_centered,3,bucketed,last_depth,128,512,10,7,1.6994404271245003,1.7484900653362274,repeat indices align samples but methods were timed sequentially; use independent-resample intervals
27,eight_schools_centered,3,bucketed,last_depth,128,512,10,8,1.6844598427414894,1.7151374071836472,repeat indices align samples but methods were timed sequentially; use independent-resample intervals
27,eight_schools_centered,3,bucketed,last_depth,128,512,10,9,1.700478971004486,1.7291275262832642,repeat indices align samples but methods were timed sequentially; use independent-resample intervals
27,eight_schools_centered,3,bucketed,last_depth,128,512,10,10,1.7922255918383598,1.7325707748532295,repeat indices align samples but methods were timed sequentially; use independent-resample intervals
27,eight_schools_centered,3,bucketed,last_depth,128,512,10,11,1.6733981892466545,1.712855651974678,repeat indices align samples but methods were timed sequentially; use independent-resample intervals
27,eight_schools_centered,3,bucketed,last_depth,128,512,10,12,1.7399934753775597,1.7158256322145462,repeat indices align samples but methods were timed sequentially; use independent-resample intervals
27,eight_schools_centered,3,bucketed,last_depth,128,512,10,13,1.7958120107650757,1.700758457183838,repeat indices align samples but methods were timed sequentially; use independent-resample intervals
27,eight_schools_centered,3,bucketed,last_depth,128,512,10,14,1.6969665735960007,1.7608331888914108,repeat indices align samples but methods were timed sequentially; use independent-resample intervals
27,eight_schools_centered,3,bucketed,last_depth,128,512,10,15,1.7112159430980682,1.7454961761832237,repeat indices align samples but methods were timed sequentially; use independent-resample intervals
27,eight_schools_centered,3,bucketed,last_depth,128,512,10,16,1.6869198232889175,1.759600006043911,repeat indices align samples but methods were timed sequentially; use independent-resample intervals
27,eight_schools_centered,3,bucketed,last_depth,128,512,10,17,1.7153564095497131,1.7168945372104645,repeat indices align samples but methods were timed sequentially; use independent-resample intervals
27,eight_schools_centered,3,bucketed,last_depth,128,512,10,18,1.7794030532240868,1.721482791006565,repeat indices align samples but methods were timed sequentially; use independent-resample intervals
27,eight_schools_centered,3,bucketed,last_depth,128,512,10,19,1.7309957444667816,1.7374819070100784,repeat indices align samples but methods were timed sequentially; use independent-resample intervals
27,eight_schools_centered,3,bucketed,last_depth,128,512,10,20,1.7707691863179207,1.7122586742043495,repeat indices align samples but methods were timed sequentially; use independent-resample intervals
27,eight_schools_centered,3,bucketed,last_depth,128,512,10,21,1.7200326398015022,1.7285852879285812,repeat indices align samples but methods were timed sequentially; use independent-resample intervals
27,eight_schools_centered,3,bucketed,last_depth,128,512,10,22,1.7013358920812607,1.7546630948781967,repeat indices align samples but methods were timed sequentially; use independent-resample intervals
27,eight_schools_centered,3,bucketed,last_depth,128,512,10,23,1.6801865473389626,1.7335695400834084,repeat indices align samples but methods were timed sequentially; use independent-resample intervals
27,eight_schools_centered,3,bucketed,last_depth,128,512,10,24,1.6623111739754677,1.6796450763940811,repeat indices align samples but methods were timed sequentially; use independent-resample intervals
27,eight_schools_centered,3,bucketed,last_depth,128,512,10,25,1.675167791545391,1.759392112493515,repeat indices align samples but methods were timed sequentially; use independent-resample intervals
27,eight_schools_centered,3,bucketed,last_depth,128,512,10,26,1.7160961031913757,1.7298004627227783,repeat indices align samples but methods were timed sequentially; use independent-resample intervals
27,eight_schools_centered,3,bucketed,last_depth,128,512,10,27,1.6952553614974022,1.6829882264137268,repeat indices align samples but methods were timed sequentially; use independent-resample intervals
27,eight_schools_centered,3,bucketed,last_depth,128,512,10,28,1.729285828769207,1.7642943635582924,repeat indices align samples but methods were timed sequentially; use independent-resample intervals
27,eight_schools_centered,3,bucketed,last_depth,128,512,10,29,1.7213326469063759,1.7653203308582306,repeat indices align samples but methods were timed sequentially; use independent-resample intervals
28,eight_schools_centered,4,monolithic,monolithic,0,512,10,0,1.76662078499794,1.76662078499794,repeat indices align samples but methods were timed sequentially; use independent-resample intervals
28,eight_schools_centered,4,monolithic,monolithic,0,512,10,1,1.7448483258485794,1.7448483258485794,repeat indices align samples but methods were timed sequentially; use independent-resample intervals
28,eight_schools_centered,4,monolithic,monolithic,0,512,10,2,1.7496742978692055,1.7496742978692055,repeat indices align samples but methods were timed sequentially; use independent-resample intervals
28,eight_schools_centered,4,monolithic,monolithic,0,512,10,3,1.7283698543906212,1.7283698543906212,repeat indices align samples but methods were timed sequentially; use independent-resample intervals
28,eight_schools_centered,4,monolithic,monolithic,0,512,10,4,1.7628608494997025,1.7628608494997025,repeat indices align samples but methods were timed sequentially; use independent-resample intervals
28,eight_schools_centered,4,monolithic,monolithic,0,512,10,5,1.7719435319304466,1.7719435319304466,repeat indices align samples but methods were timed sequentially; use independent-resample intervals
28,eight_schools_centered,4,monolithic,monolithic,0,512,10,6,1.7800495401024818,1.7800495401024818,repeat indices align samples but methods were timed sequentially; use independent-resample intervals
28,eight_schools_centered,4,monolithic,monolithic,0,512,10,7,1.850555695593357,1.850555695593357,repeat indices align samples but methods were timed sequentially; use independent-resample intervals
28,eight_schools_centered,4,monolithic,monolithic,0,512,10,8,1.8000816851854324,1.8000816851854324,repeat indices align samples but methods were timed sequentially; use independent-resample intervals
28,eight_schools_centered,4,monolithic,monolithic,0,512,10,9,1.7619616761803627,1.7619616761803627,repeat indices align samples but methods were timed sequentially; use independent-resample intervals
28,eight_schools_centered,4,monolithic,monolithic,0,512,10,10,1.7695037499070168,1.7695037499070168,repeat indices align samples but methods were timed sequentially; use independent-resample intervals
28,eight_schools_centered,4,monolithic,monolithic,0,512,10,11,1.7903153449296951,1.7903153449296951,repeat indices align samples but methods were timed sequentially; use independent-resample intervals
28,eight_schools_centered,4,monolithic,monolithic,0,512,10,12,1.7492012456059456,1.7492012456059456,repeat indices align samples but methods were timed sequentially; use independent-resample intervals
28,eight_schools_centered,4,monolithic,monolithic,0,512,10,13,1.7948018983006477,1.7948018983006477,repeat indices align samples but methods were timed sequentially; use independent-resample intervals
28,eight_schools_centered,4,monolithic,monolithic,0,512,10,14,1.7678787112236023,1.7678787112236023,repeat indices align samples but methods were timed sequentially; use independent-resample intervals
28,eight_schools_centered,4,monolithic,monolithic,0,512,10,15,1.7920496091246605,1.7920496091246605,repeat indices align samples but methods were timed sequentially; use independent-resample intervals
28,eight_schools_centered,4,monolithic,monolithic,0,512,10,16,1.8106329590082169,1.8106329590082169,repeat indices align samples but methods were timed sequentially; use independent-resample intervals
28,eight_schools_centered,4,monolithic,monolithic,0,512,10,17,1.7615261301398277,1.7615261301398277,repeat indices align samples but methods were timed sequentially; use independent-resample intervals
28,eight_schools_centered,4,monolithic,monolithic,0,512,10,18,1.7318143546581268,1.7318143546581268,repeat indices align samples but methods were timed sequentially; use independent-resample intervals
28,eight_schools_centered,4,monolithic,monolithic,0,512,10,19,1.776294894516468,1.776294894516468,repeat indices align samples but methods were timed sequentially; use independent-resample intervals
28,eight_schools_centered,4,monolithic,monolithic,0,512,10,20,1.7245541736483574,1.7245541736483574,repeat indices align samples but methods were timed sequentially; use independent-resample intervals
28,eight_schools_centered,4,monolithic,monolithic,0,512,10,21,1.7582164704799652,1.7582164704799652,repeat indices align samples but methods were timed sequentially; use independent-resample intervals
28,eight_schools_centered,4,monolithic,monolithic,0,512,10,22,1.7273676171898842,1.7273676171898842,repeat indices align samples but methods were timed sequentially; use independent-resample intervals
28,eight_schools_centered,4,monolithic,monolithic,0,512,10,23,1.813572883605957,1.813572883605957,repeat indices align samples but methods were timed sequentially; use independent-resample intervals
28,eight_schools_centered,4,monolithic,monolithic,0,512,10,24,1.838838204741478,1.838838204741478,repeat indices align samples but methods were timed sequentially; use independent-resample intervals
28,eight_schools_centered,4,monolithic,monolithic,0,512,10,25,1.7661541402339935,1.7661541402339935,repeat indices align samples but methods were timed sequentially; use independent-resample intervals
28,eight_schools_centered,4,monolithic,monolithic,0,512,10,26,1.7149619981646538,1.7149619981646538,repeat indices align samples but methods were timed sequentially; use independent-resample intervals
28,eight_schools_centered,4,monolithic,monolithic,0,512,10,27,1.8087096959352493,1.8087096959352493,repeat indices align samples but methods were timed sequentially; use independent-resample intervals
28,eight_schools_centered,4,monolithic,monolithic,0,512,10,28,1.7704043984413147,1.7704043984413147,repeat indices align samples but methods were timed sequentially; use independent-resample intervals
28,eight_schools_centered,4,monolithic,monolithic,0,512,10,29,1.7543836683034897,1.7543836683034897,repeat indices align samples but methods were timed sequentially; use independent-resample intervals
29,eight_schools_centered,4,bucketed,none,64,512,10,0,1.7805678024888039,1.76662078499794,repeat indices align samples but methods were timed sequentially; use independent-resample intervals
29,eight_schools_centered,4,bucketed,none,64,512,10,1,1.7922725975513458,1.7448483258485794,repeat indices align samples but methods were timed sequentially; use independent-resample intervals
29,eight_schools_centered,4,bucketed,none,64,512,10,2,1.9437753558158875,1.7496742978692055,repeat indices align samples but methods were timed sequentially; use independent-resample intervals
29,eight_schools_centered,4,bucketed,none,64,512,10,3,1.7965656146407127,1.7283698543906212,repeat indices align samples but methods were timed sequentially; use independent-resample intervals
29,eight_schools_centered,4,bucketed,none,64,512,10,4,1.856180652976036,1.7628608494997025,repeat indices align samples but methods were timed sequentially; use independent-resample intervals
29,eight_schools_centered,4,bucketed,none,64,512,10,5,1.8431562408804893,1.7719435319304466,repeat indices align samples but methods were timed sequentially; use independent-resample intervals
29,eight_schools_centered,4,bucketed,none,64,512,10,6,1.8841068372130394,1.7800495401024818,repeat indices align samples but methods were timed sequentially; use independent-resample intervals
29,eight_schools_centered,4,bucketed,none,64,512,10,7,1.8009485378861427,1.850555695593357,repeat indices align samples but methods were timed sequentially; use independent-resample intervals
29,eight_schools_centered,4,bucketed,none,64,512,10,8,1.782492220401764,1.8000816851854324,repeat indices align samples but methods were timed sequentially; use independent-resample intervals
29,eight_schools_centered,4,bucketed,none,64,512,10,9,1.7698212787508965,1.7619616761803627,repeat indices align samples but methods were timed sequentially; use independent-resample intervals
29,eight_schools_centered,4,bucketed,none,64,512,10,10,1.8927504122257233,1.7695037499070168,repeat indices align samples but methods were timed sequentially; use independent-resample intervals
29,eight_schools_centered,4,bucketed,none,64,512,10,11,1.7439136058092117,1.7903153449296951,repeat indices align samples but methods were timed sequentially; use independent-resample intervals
29,eight_schools_centered,4,bucketed,none,64,512,10,12,1.9132456928491592,1.7492012456059456,repeat indices align samples but methods were timed sequentially; use independent-resample intervals
29,eight_schools_centered,4,bucketed,none,64,512,10,13,1.8552216812968254,1.7948018983006477,repeat indices align samples but methods were timed sequentially; use independent-resample intervals
29,eight_schools_centered,4,bucketed,none,64,512,10,14,1.84758161008358,1.7678787112236023,repeat indices align samples but methods were timed sequentially; use independent-resample intervals
29,eight_schools_centered,4,bucketed,none,64,512,10,15,1.8399384170770645,1.7920496091246605,repeat indices align samples but methods were timed sequentially; use independent-resample intervals
29,eight_schools_centered,4,bucketed,none,64,512,10,16,1.958704724907875,1.8106329590082169,repeat indices align samples but methods were timed sequentially; use independent-resample intervals
29,eight_schools_centered,4,bucketed,none,64,512,10,17,1.835372656583786,1.7615261301398277,repeat indices align samples but methods were timed sequentially; use independent-resample intervals
29,eight_schools_centered,4,bucketed,none,64,512,10,18,2.107264034450054,1.7318143546581268,repeat indices align samples but methods were timed sequentially; use independent-resample intervals
29,eight_schools_centered,4,bucketed,none,64,512,10,19,2.1683820262551308,1.776294894516468,repeat indices align samples but methods were timed sequentially; use independent-resample intervals
29,eight_schools_centered,4,bucketed,none,64,512,10,20,1.8375715240836143,1.7245541736483574,repeat indices align samples but methods were timed sequentially; use independent-resample intervals
29,eight_schools_centered,4,bucketed,none,64,512,10,21,1.8151002004742622,1.7582164704799652,repeat indices align samples but methods were timed sequentially; use independent-resample intervals
29,eight_schools_centered,4,bucketed,none,64,512,10,22,1.846739575266838,1.7273676171898842,repeat indices align samples but methods were timed sequentially; use independent-resample intervals
29,eight_schools_centered,4,bucketed,none,64,512,10,23,1.8966353312134743,1.813572883605957,repeat indices align samples but methods were timed sequentially; use independent-resample intervals
29,eight_schools_centered,4,bucketed,none,64,512,10,24,1.9247981756925583,1.838838204741478,repeat indices align samples but methods were timed sequentially; use independent-resample intervals
29,eight_schools_centered,4,bucketed,none,64,512,10,25,1.9774023219943047,1.7661541402339935,repeat indices align samples but methods were timed sequentially; use independent-resample intervals
29,eight_schools_centered,4,bucketed,none,64,512,10,26,1.8766903802752495,1.7149619981646538,repeat indices align samples but methods were timed sequentially; use independent-resample intervals
29,eight_schools_centered,4,bucketed,none,64,512,10,27,1.8561739549040794,1.8087096959352493,repeat indices align samples but methods were timed sequentially; use independent-resample intervals
29,eight_schools_centered,4,bucketed,none,64,512,10,28,1.8725186809897423,1.7704043984413147,repeat indices align samples but methods were timed sequentially; use independent-resample intervals
29,eight_schools_centered,4,bucketed,none,64,512,10,29,1.9663086161017418,1.7543836683034897,repeat indices align samples but methods were timed sequentially; use independent-resample intervals
30,eight_schools_centered,4,bucketed,none,128,512,10,0,1.6975389122962952,1.76662078499794,repeat indices align samples but methods were timed sequentially; use independent-resample intervals
30,eight_schools_centered,4,bucketed,none,128,512,10,1,1.7240073531866074,1.7448483258485794,repeat indices align samples but methods were timed sequentially; use independent-resample intervals
30,eight_schools_centered,4,bucketed,none,128,512,10,2,1.7184880748391151,1.7496742978692055,repeat indices align samples but methods were timed sequentially; use independent-resample intervals
30,eight_schools_centered,4,bucketed,none,128,512,10,3,1.7245256155729294,1.7283698543906212,repeat indices align samples but methods were timed sequentially; use independent-resample intervals
30,eight_schools_centered,4,bucketed,none,128,512,10,4,1.6761127710342407,1.7628608494997025,repeat indices align samples but methods were timed sequentially; use independent-resample intervals
30,eight_schools_centered,4,bucketed,none,128,512,10,5,1.6786257922649384,1.7719435319304466,repeat indices align samples but methods were timed sequentially; use independent-resample intervals
30,eight_schools_centered,4,bucketed,none,128,512,10,6,1.6966164410114288,1.7800495401024818,repeat indices align samples but methods were timed sequentially; use independent-resample intervals
30,eight_schools_centered,4,bucketed,none,128,512,10,7,1.6729552000761032,1.850555695593357,repeat indices align samples but methods were timed sequentially; use independent-resample intervals
30,eight_schools_centered,4,bucketed,none,128,512,10,8,1.691118635237217,1.8000816851854324,repeat indices align samples but methods were timed sequentially; use independent-resample intervals
30,eight_schools_centered,4,bucketed,none,128,512,10,9,1.7253651693463326,1.7619616761803627,repeat indices align samples but methods were timed sequentially; use independent-resample intervals
30,eight_schools_centered,4,bucketed,none,128,512,10,10,1.7301773354411125,1.7695037499070168,repeat indices align samples but methods were timed sequentially; use independent-resample intervals
30,eight_schools_centered,4,bucketed,none,128,512,10,11,1.7622723132371902,1.7903153449296951,repeat indices align samples but methods were timed sequentially; use independent-resample intervals
30,eight_schools_centered,4,bucketed,none,128,512,10,12,1.7346228659152985,1.7492012456059456,repeat indices align samples but methods were timed sequentially; use independent-resample intervals
30,eight_schools_centered,4,bucketed,none,128,512,10,13,1.776486761868,1.7948018983006477,repeat indices align samples but methods were timed sequentially; use independent-resample intervals
30,eight_schools_centered,4,bucketed,none,128,512,10,14,1.6868443712592125,1.7678787112236023,repeat indices align samples but methods were timed sequentially; use independent-resample intervals
30,eight_schools_centered,4,bucketed,none,128,512,10,15,1.7199695631861687,1.7920496091246605,repeat indices align samples but methods were timed sequentially; use independent-resample intervals
30,eight_schools_centered,4,bucketed,none,128,512,10,16,1.6980933025479317,1.8106329590082169,repeat indices align samples but methods were timed sequentially; use independent-resample intervals
30,eight_schools_centered,4,bucketed,none,128,512,10,17,1.6937846541404724,1.7615261301398277,repeat indices align samples but methods were timed sequentially; use independent-resample intervals
30,eight_schools_centered,4,bucketed,none,128,512,10,18,1.7329024598002434,1.7318143546581268,repeat indices align samples but methods were timed sequentially; use independent-resample intervals
30,eight_schools_centered,4,bucketed,none,128,512,10,19,1.687725506722927,1.776294894516468,repeat indices align samples but methods were timed sequentially; use independent-resample intervals
30,eight_schools_centered,4,bucketed,none,128,512,10,20,1.7406804487109184,1.7245541736483574,repeat indices align samples but methods were timed sequentially; use independent-resample intervals
30,eight_schools_centered,4,bucketed,none,128,512,10,21,1.7691873013973236,1.7582164704799652,repeat indices align samples but methods were timed sequentially; use independent-resample intervals
30,eight_schools_centered,4,bucketed,none,128,512,10,22,1.685806281864643,1.7273676171898842,repeat indices align samples but methods were timed sequentially; use independent-resample intervals
30,eight_schools_centered,4,bucketed,none,128,512,10,23,1.699273757636547,1.813572883605957,repeat indices align samples but methods were timed sequentially; use independent-resample intervals
30,eight_schools_centered,4,bucketed,none,128,512,10,24,1.7008415460586548,1.838838204741478,repeat indices align samples but methods were timed sequentially; use independent-resample intervals
30,eight_schools_centered,4,bucketed,none,128,512,10,25,1.7022594958543777,1.7661541402339935,repeat indices align samples but methods were timed sequentially; use independent-resample intervals
30,eight_schools_centered,4,bucketed,none,128,512,10,26,1.7036388367414474,1.7149619981646538,repeat indices align samples but methods were timed sequentially; use independent-resample intervals
30,eight_schools_centered,4,bucketed,none,128,512,10,27,1.695249430835247,1.8087096959352493,repeat indices align samples but methods were timed sequentially; use independent-resample intervals
30,eight_schools_centered,4,bucketed,none,128,512,10,28,1.705120012164116,1.7704043984413147,repeat indices align samples but methods were timed sequentially; use independent-resample intervals
30,eight_schools_centered,4,bucketed,none,128,512,10,29,1.714158982038498,1.7543836683034897,repeat indices align samples but methods were timed sequentially; use independent-resample intervals
31,eight_schools_centered,4,bucketed,history,64,512,10,0,1.796118512749672,1.76662078499794,repeat indices align samples but methods were timed sequentially; use independent-resample intervals
31,eight_schools_centered,4,bucketed,history,64,512,10,1,1.804408349096775,1.7448483258485794,repeat indices align samples but methods were timed sequentially; use independent-resample intervals
31,eight_schools_centered,4,bucketed,history,64,512,10,2,1.8036735355854034,1.7496742978692055,repeat indices align samples but methods were timed sequentially; use independent-resample intervals
31,eight_schools_centered,4,bucketed,history,64,512,10,3,1.7621226981282234,1.7283698543906212,repeat indices align samples but methods were timed sequentially; use independent-resample intervals
31,eight_schools_centered,4,bucketed,history,64,512,10,4,1.8866597414016724,1.7628608494997025,repeat indices align samples but methods were timed sequentially; use independent-resample intervals
31,eight_schools_centered,4,bucketed,history,64,512,10,5,1.8374878391623497,1.7719435319304466,repeat indices align samples but methods were timed sequentially; use independent-resample intervals
31,eight_schools_centered,4,bucketed,history,64,512,10,6,1.8591565042734146,1.7800495401024818,repeat indices align samples but methods were timed sequentially; use independent-resample intervals
31,eight_schools_centered,4,bucketed,history,64,512,10,7,1.7808648869395256,1.850555695593357,repeat indices align samples but methods were timed sequentially; use independent-resample intervals
31,eight_schools_centered,4,bucketed,history,64,512,10,8,1.887999564409256,1.8000816851854324,repeat indices align samples but methods were timed sequentially; use independent-resample intervals
31,eight_schools_centered,4,bucketed,history,64,512,10,9,1.9295990690588951,1.7619616761803627,repeat indices align samples but methods were timed sequentially; use independent-resample intervals
31,eight_schools_centered,4,bucketed,history,64,512,10,10,1.8333562463521957,1.7695037499070168,repeat indices align samples but methods were timed sequentially; use independent-resample intervals
31,eight_schools_centered,4,bucketed,history,64,512,10,11,1.8223350942134857,1.7903153449296951,repeat indices align samples but methods were timed sequentially; use independent-resample intervals
31,eight_schools_centered,4,bucketed,history,64,512,10,12,1.9396899342536926,1.7492012456059456,repeat indices align samples but methods were timed sequentially; use independent-resample intervals
31,eight_schools_centered,4,bucketed,history,64,512,10,13,1.860442876815796,1.7948018983006477,repeat indices align samples but methods were timed sequentially; use independent-resample intervals
31,eight_schools_centered,4,bucketed,history,64,512,10,14,1.8044217601418495,1.7678787112236023,repeat indices align samples but methods were timed sequentially; use independent-resample intervals
31,eight_schools_centered,4,bucketed,history,64,512,10,15,1.9012402445077896,1.7920496091246605,repeat indices align samples but methods were timed sequentially; use independent-resample intervals
31,eight_schools_centered,4,bucketed,history,64,512,10,16,1.8525913283228874,1.8106329590082169,repeat indices align samples but methods were timed sequentially; use independent-resample intervals
31,eight_schools_centered,4,bucketed,history,64,512,10,17,1.8482935056090355,1.7615261301398277,repeat indices align samples but methods were timed sequentially; use independent-resample intervals
31,eight_schools_centered,4,bucketed,history,64,512,10,18,1.9305366203188896,1.7318143546581268,repeat indices align samples but methods were timed sequentially; use independent-resample intervals
31,eight_schools_centered,4,bucketed,history,64,512,10,19,1.815251886844635,1.776294894516468,repeat indices align samples but methods were timed sequentially; use independent-resample intervals
31,eight_schools_centered,4,bucketed,history,64,512,10,20,1.8966232389211655,1.7245541736483574,repeat indices align samples but methods were timed sequentially; use independent-resample intervals
31,eight_schools_centered,4,bucketed,history,64,512,10,21,1.8962932229042053,1.7582164704799652,repeat indices align samples but methods were timed sequentially; use independent-resample intervals
31,eight_schools_centered,4,bucketed,history,64,512,10,22,1.9098611697554588,1.7273676171898842,repeat indices align samples but methods were timed sequentially; use independent-resample intervals
31,eight_schools_centered,4,bucketed,history,64,512,10,23,2.1231355369091034,1.813572883605957,repeat indices align samples but methods were timed sequentially; use independent-resample intervals
31,eight_schools_centered,4,bucketed,history,64,512,10,24,1.8827050104737282,1.838838204741478,repeat indices align samples but methods were timed sequentially; use independent-resample intervals
31,eight_schools_centered,4,bucketed,history,64,512,10,25,1.761834166944027,1.7661541402339935,repeat indices align samples but methods were timed sequentially; use independent-resample intervals
31,eight_schools_centered,4,bucketed,history,64,512,10,26,1.87806748598814,1.7149619981646538,repeat indices align samples but methods were timed sequentially; use independent-resample intervals
31,eight_schools_centered,4,bucketed,history,64,512,10,27,1.9408254623413086,1.8087096959352493,repeat indices align samples but methods were timed sequentially; use independent-resample intervals
31,eight_schools_centered,4,bucketed,history,64,512,10,28,1.8420410081744194,1.7704043984413147,repeat indices align samples but methods were timed sequentially; use independent-resample intervals
31,eight_schools_centered,4,bucketed,history,64,512,10,29,1.923887625336647,1.7543836683034897,repeat indices align samples but methods were timed sequentially; use independent-resample intervals
32,eight_schools_centered,4,bucketed,history,128,512,10,0,1.7150840610265732,1.76662078499794,repeat indices align samples but methods were timed sequentially; use independent-resample intervals
32,eight_schools_centered,4,bucketed,history,128,512,10,1,1.6933517530560493,1.7448483258485794,repeat indices align samples but methods were timed sequentially; use independent-resample intervals
32,eight_schools_centered,4,bucketed,history,128,512,10,2,1.808522380888462,1.7496742978692055,repeat indices align samples but methods were timed sequentially; use independent-resample intervals
32,eight_schools_centered,4,bucketed,history,128,512,10,3,1.7031225040555,1.7283698543906212,repeat indices align samples but methods were timed sequentially; use independent-resample intervals
32,eight_schools_centered,4,bucketed,history,128,512,10,4,1.6924361810088158,1.7628608494997025,repeat indices align samples but methods were timed sequentially; use independent-resample intervals
32,eight_schools_centered,4,bucketed,history,128,512,10,5,1.7096826136112213,1.7719435319304466,repeat indices align samples but methods were timed sequentially; use independent-resample intervals
32,eight_schools_centered,4,bucketed,history,128,512,10,6,1.748896338045597,1.7800495401024818,repeat indices align samples but methods were timed sequentially; use independent-resample intervals
32,eight_schools_centered,4,bucketed,history,128,512,10,7,1.7508047744631767,1.850555695593357,repeat indices align samples but methods were timed sequentially; use independent-resample intervals
32,eight_schools_centered,4,bucketed,history,128,512,10,8,1.7652329355478287,1.8000816851854324,repeat indices align samples but methods were timed sequentially; use independent-resample intervals
32,eight_schools_centered,4,bucketed,history,128,512,10,9,1.717777542769909,1.7619616761803627,repeat indices align samples but methods were timed sequentially; use independent-resample intervals
32,eight_schools_centered,4,bucketed,history,128,512,10,10,1.7277487218379974,1.7695037499070168,repeat indices align samples but methods were timed sequentially; use independent-resample intervals
32,eight_schools_centered,4,bucketed,history,128,512,10,11,1.7055127993226051,1.7903153449296951,repeat indices align samples but methods were timed sequentially; use independent-resample intervals
32,eight_schools_centered,4,bucketed,history,128,512,10,12,1.6921130642294884,1.7492012456059456,repeat indices align samples but methods were timed sequentially; use independent-resample intervals
32,eight_schools_centered,4,bucketed,history,128,512,10,13,1.724984735250473,1.7948018983006477,repeat indices align samples but methods were timed sequentially; use independent-resample intervals
32,eight_schools_centered,4,bucketed,history,128,512,10,14,1.7672961577773094,1.7678787112236023,repeat indices align samples but methods were timed sequentially; use independent-resample intervals
32,eight_schools_centered,4,bucketed,history,128,512,10,15,1.690222330391407,1.7920496091246605,repeat indices align samples but methods were timed sequentially; use independent-resample intervals
32,eight_schools_centered,4,bucketed,history,128,512,10,16,1.688336580991745,1.8106329590082169,repeat indices align samples but methods were timed sequentially; use independent-resample intervals
32,eight_schools_centered,4,bucketed,history,128,512,10,17,1.6908292844891548,1.7615261301398277,repeat indices align samples but methods were timed sequentially; use independent-resample intervals
32,eight_schools_centered,4,bucketed,history,128,512,10,18,1.741807296872139,1.7318143546581268,repeat indices align samples but methods were timed sequentially; use independent-resample intervals
32,eight_schools_centered,4,bucketed,history,128,512,10,19,1.7427081018686295,1.776294894516468,repeat indices align samples but methods were timed sequentially; use independent-resample intervals
32,eight_schools_centered,4,bucketed,history,128,512,10,20,1.697580836713314,1.7245541736483574,repeat indices align samples but methods were timed sequentially; use independent-resample intervals
32,eight_schools_centered,4,bucketed,history,128,512,10,21,1.739384487271309,1.7582164704799652,repeat indices align samples but methods were timed sequentially; use independent-resample intervals
32,eight_schools_centered,4,bucketed,history,128,512,10,22,1.7196350321173668,1.7273676171898842,repeat indices align samples but methods were timed sequentially; use independent-resample intervals
32,eight_schools_centered,4,bucketed,history,128,512,10,23,1.686151660978794,1.813572883605957,repeat indices align samples but methods were timed sequentially; use independent-resample intervals
32,eight_schools_centered,4,bucketed,history,128,512,10,24,1.7324867993593216,1.838838204741478,repeat indices align samples but methods were timed sequentially; use independent-resample intervals
32,eight_schools_centered,4,bucketed,history,128,512,10,25,1.7853900119662285,1.7661541402339935,repeat indices align samples but methods were timed sequentially; use independent-resample intervals
32,eight_schools_centered,4,bucketed,history,128,512,10,26,1.9554392844438553,1.7149619981646538,repeat indices align samples but methods were timed sequentially; use independent-resample intervals
32,eight_schools_centered,4,bucketed,history,128,512,10,27,1.7006522044539452,1.8087096959352493,repeat indices align samples but methods were timed sequentially; use independent-resample intervals
32,eight_schools_centered,4,bucketed,history,128,512,10,28,1.6903739273548126,1.7704043984413147,repeat indices align samples but methods were timed sequentially; use independent-resample intervals
32,eight_schools_centered,4,bucketed,history,128,512,10,29,1.7073000371456146,1.7543836683034897,repeat indices align samples but methods were timed sequentially; use independent-resample intervals
33,eight_schools_centered,4,bucketed,last_depth,64,512,10,0,1.8536122664809227,1.76662078499794,repeat indices align samples but methods were timed sequentially; use independent-resample intervals
33,eight_schools_centered,4,bucketed,last_depth,64,512,10,1,1.8544926345348358,1.7448483258485794,repeat indices align samples but methods were timed sequentially; use independent-resample intervals
33,eight_schools_centered,4,bucketed,last_depth,64,512,10,2,1.8263626024127007,1.7496742978692055,repeat indices align samples but methods were timed sequentially; use independent-resample intervals
33,eight_schools_centered,4,bucketed,last_depth,64,512,10,3,1.7819099128246307,1.7283698543906212,repeat indices align samples but methods were timed sequentially; use independent-resample intervals
33,eight_schools_centered,4,bucketed,last_depth,64,512,10,4,1.8134039267897606,1.7628608494997025,repeat indices align samples but methods were timed sequentially; use independent-resample intervals
33,eight_schools_centered,4,bucketed,last_depth,64,512,10,5,1.8254602774977684,1.7719435319304466,repeat indices align samples but methods were timed sequentially; use independent-resample intervals
33,eight_schools_centered,4,bucketed,last_depth,64,512,10,6,1.8380749002099037,1.7800495401024818,repeat indices align samples but methods were timed sequentially; use independent-resample intervals
33,eight_schools_centered,4,bucketed,last_depth,64,512,10,7,1.9141119047999382,1.850555695593357,repeat indices align samples but methods were timed sequentially; use independent-resample intervals
33,eight_schools_centered,4,bucketed,last_depth,64,512,10,8,1.8014055788516998,1.8000816851854324,repeat indices align samples but methods were timed sequentially; use independent-resample intervals
33,eight_schools_centered,4,bucketed,last_depth,64,512,10,9,1.8437798842787743,1.7619616761803627,repeat indices align samples but methods were timed sequentially; use independent-resample intervals
33,eight_schools_centered,4,bucketed,last_depth,64,512,10,10,1.9066939279437065,1.7695037499070168,repeat indices align samples but methods were timed sequentially; use independent-resample intervals
33,eight_schools_centered,4,bucketed,last_depth,64,512,10,11,1.8277398347854614,1.7903153449296951,repeat indices align samples but methods were timed sequentially; use independent-resample intervals
33,eight_schools_centered,4,bucketed,last_depth,64,512,10,12,1.9201446026563644,1.7492012456059456,repeat indices align samples but methods were timed sequentially; use independent-resample intervals
33,eight_schools_centered,4,bucketed,last_depth,64,512,10,13,1.8379417434334755,1.7948018983006477,repeat indices align samples but methods were timed sequentially; use independent-resample intervals
33,eight_schools_centered,4,bucketed,last_depth,64,512,10,14,1.8020817041397095,1.7678787112236023,repeat indices align samples but methods were timed sequentially; use independent-resample intervals
33,eight_schools_centered,4,bucketed,last_depth,64,512,10,15,1.9448234513401985,1.7920496091246605,repeat indices align samples but methods were timed sequentially; use independent-resample intervals
33,eight_schools_centered,4,bucketed,last_depth,64,512,10,16,1.862015999853611,1.8106329590082169,repeat indices align samples but methods were timed sequentially; use independent-resample intervals
33,eight_schools_centered,4,bucketed,last_depth,64,512,10,17,1.9431290030479431,1.7615261301398277,repeat indices align samples but methods were timed sequentially; use independent-resample intervals
33,eight_schools_centered,4,bucketed,last_depth,64,512,10,18,1.8417561575770378,1.7318143546581268,repeat indices align samples but methods were timed sequentially; use independent-resample intervals
33,eight_schools_centered,4,bucketed,last_depth,64,512,10,19,1.88385970890522,1.776294894516468,repeat indices align samples but methods were timed sequentially; use independent-resample intervals
33,eight_schools_centered,4,bucketed,last_depth,64,512,10,20,1.8812150061130524,1.7245541736483574,repeat indices align samples but methods were timed sequentially; use independent-resample intervals
33,eight_schools_centered,4,bucketed,last_depth,64,512,10,21,2.07075747102499,1.7582164704799652,repeat indices align samples but methods were timed sequentially; use independent-resample intervals
33,eight_schools_centered,4,bucketed,last_depth,64,512,10,22,1.8856040239334106,1.7273676171898842,repeat indices align samples but methods were timed sequentially; use independent-resample intervals
33,eight_schools_centered,4,bucketed,last_depth,64,512,10,23,1.8748187869787216,1.813572883605957,repeat indices align samples but methods were timed sequentially; use independent-resample intervals
33,eight_schools_centered,4,bucketed,last_depth,64,512,10,24,1.8654964715242386,1.838838204741478,repeat indices align samples but methods were timed sequentially; use independent-resample intervals
33,eight_schools_centered,4,bucketed,last_depth,64,512,10,25,1.868856430053711,1.7661541402339935,repeat indices align samples but methods were timed sequentially; use independent-resample intervals
33,eight_schools_centered,4,bucketed,last_depth,64,512,10,26,1.9280728250741959,1.7149619981646538,repeat indices align samples but methods were timed sequentially; use independent-resample intervals
33,eight_schools_centered,4,bucketed,last_depth,64,512,10,27,2.184797190129757,1.8087096959352493,repeat indices align samples but methods were timed sequentially; use independent-resample intervals
33,eight_schools_centered,4,bucketed,last_depth,64,512,10,28,1.8956312015652657,1.7704043984413147,repeat indices align samples but methods were timed sequentially; use independent-resample intervals
33,eight_schools_centered,4,bucketed,last_depth,64,512,10,29,1.9086166843771935,1.7543836683034897,repeat indices align samples but methods were timed sequentially; use independent-resample intervals
34,eight_schools_centered,4,bucketed,last_depth,128,512,10,0,1.6905126869678497,1.76662078499794,repeat indices align samples but methods were timed sequentially; use independent-resample intervals
34,eight_schools_centered,4,bucketed,last_depth,128,512,10,1,1.7286502048373222,1.7448483258485794,repeat indices align samples but methods were timed sequentially; use independent-resample intervals
34,eight_schools_centered,4,bucketed,last_depth,128,512,10,2,1.7624696418642998,1.7496742978692055,repeat indices align samples but methods were timed sequentially; use independent-resample intervals
34,eight_schools_centered,4,bucketed,last_depth,128,512,10,3,1.7634052261710167,1.7283698543906212,repeat indices align samples but methods were timed sequentially; use independent-resample intervals
34,eight_schools_centered,4,bucketed,last_depth,128,512,10,4,1.7401998192071915,1.7628608494997025,repeat indices align samples but methods were timed sequentially; use independent-resample intervals
34,eight_schools_centered,4,bucketed,last_depth,128,512,10,5,1.705417700111866,1.7719435319304466,repeat indices align samples but methods were timed sequentially; use independent-resample intervals
34,eight_schools_centered,4,bucketed,last_depth,128,512,10,6,1.699287086725235,1.7800495401024818,repeat indices align samples but methods were timed sequentially; use independent-resample intervals
34,eight_schools_centered,4,bucketed,last_depth,128,512,10,7,1.6994930356740952,1.850555695593357,repeat indices align samples but methods were timed sequentially; use independent-resample intervals
34,eight_schools_centered,4,bucketed,last_depth,128,512,10,8,1.6819002032279968,1.8000816851854324,repeat indices align samples but methods were timed sequentially; use independent-resample intervals
34,eight_schools_centered,4,bucketed,last_depth,128,512,10,9,1.6962376981973648,1.7619616761803627,repeat indices align samples but methods were timed sequentially; use independent-resample intervals
34,eight_schools_centered,4,bucketed,last_depth,128,512,10,10,1.7117712870240211,1.7695037499070168,repeat indices align samples but methods were timed sequentially; use independent-resample intervals
34,eight_schools_centered,4,bucketed,last_depth,128,512,10,11,1.6912289187312126,1.7903153449296951,repeat indices align samples but methods were timed sequentially; use independent-resample intervals
34,eight_schools_centered,4,bucketed,last_depth,128,512,10,12,1.6851528510451317,1.7492012456059456,repeat indices align samples but methods were timed sequentially; use independent-resample intervals
34,eight_schools_centered,4,bucketed,last_depth,128,512,10,13,1.6850921511650085,1.7948018983006477,repeat indices align samples but methods were timed sequentially; use independent-resample intervals
34,eight_schools_centered,4,bucketed,last_depth,128,512,10,14,1.7291238978505135,1.7678787112236023,repeat indices align samples but methods were timed sequentially; use independent-resample intervals
34,eight_schools_centered,4,bucketed,last_depth,128,512,10,15,1.7043312937021255,1.7920496091246605,repeat indices align samples but methods were timed sequentially; use independent-resample intervals
34,eight_schools_centered,4,bucketed,last_depth,128,512,10,16,1.6964078322052956,1.8106329590082169,repeat indices align samples but methods were timed sequentially; use independent-resample intervals
34,eight_schools_centered,4,bucketed,last_depth,128,512,10,17,1.716061919927597,1.7615261301398277,repeat indices align samples but methods were timed sequentially; use independent-resample intervals
34,eight_schools_centered,4,bucketed,last_depth,128,512,10,18,1.7196444794535637,1.7318143546581268,repeat indices align samples but methods were timed sequentially; use independent-resample intervals
34,eight_schools_centered,4,bucketed,last_depth,128,512,10,19,1.6962553188204765,1.776294894516468,repeat indices align samples but methods were timed sequentially; use independent-resample intervals
34,eight_schools_centered,4,bucketed,last_depth,128,512,10,20,1.6909282505512238,1.7245541736483574,repeat indices align samples but methods were timed sequentially; use independent-resample intervals
34,eight_schools_centered,4,bucketed,last_depth,128,512,10,21,1.6941825971007347,1.7582164704799652,repeat indices align samples but methods were timed sequentially; use independent-resample intervals
34,eight_schools_centered,4,bucketed,last_depth,128,512,10,22,1.727315492928028,1.7273676171898842,repeat indices align samples but methods were timed sequentially; use independent-resample intervals
34,eight_schools_centered,4,bucketed,last_depth,128,512,10,23,1.713782973587513,1.813572883605957,repeat indices align samples but methods were timed sequentially; use independent-resample intervals
34,eight_schools_centered,4,bucketed,last_depth,128,512,10,24,1.7078193053603172,1.838838204741478,repeat indices align samples but methods were timed sequentially; use independent-resample intervals
34,eight_schools_centered,4,bucketed,last_depth,128,512,10,25,1.729134313762188,1.7661541402339935,repeat indices align samples but methods were timed sequentially; use independent-resample intervals
34,eight_schools_centered,4,bucketed,last_depth,128,512,10,26,1.7209135740995407,1.7149619981646538,repeat indices align samples but methods were timed sequentially; use independent-resample intervals
34,eight_schools_centered,4,bucketed,last_depth,128,512,10,27,1.6992127448320389,1.8087096959352493,repeat indices align samples but methods were timed sequentially; use independent-resample intervals
34,eight_schools_centered,4,bucketed,last_depth,128,512,10,28,1.709188587963581,1.7704043984413147,repeat indices align samples but methods were timed sequentially; use independent-resample intervals
34,eight_schools_centered,4,bucketed,last_depth,128,512,10,29,1.727103903889656,1.7543836683034897,repeat indices align samples but methods were timed sequentially; use independent-resample intervals
