row_number,model,seed,method,predictor,bucket_size,num_chains,dimension,repeat,method_seconds,monolithic_seconds_same_index,pairing_note
0,eight_schools_noncentered,0,monolithic,monolithic,0,512,10,0,0.43371886759996414,0.43371886759996414,repeat indices align samples but methods were timed sequentially; use independent-resample intervals
0,eight_schools_noncentered,0,monolithic,monolithic,0,512,10,1,0.4233863726258278,0.4233863726258278,repeat indices align samples but methods were timed sequentially; use independent-resample intervals
0,eight_schools_noncentered,0,monolithic,monolithic,0,512,10,2,0.4250868037343025,0.4250868037343025,repeat indices align samples but methods were timed sequentially; use independent-resample intervals
0,eight_schools_noncentered,0,monolithic,monolithic,0,512,10,3,0.4060724675655365,0.4060724675655365,repeat indices align samples but methods were timed sequentially; use independent-resample intervals
0,eight_schools_noncentered,0,monolithic,monolithic,0,512,10,4,0.44676224142313004,0.44676224142313004,repeat indices align samples but methods were timed sequentially; use independent-resample intervals
0,eight_schools_noncentered,0,monolithic,monolithic,0,512,10,5,0.39757394045591354,0.39757394045591354,repeat indices align samples but methods were timed sequentially; use independent-resample intervals
0,eight_schools_noncentered,0,monolithic,monolithic,0,512,10,6,0.4016559198498726,0.4016559198498726,repeat indices align samples but methods were timed sequentially; use independent-resample intervals
0,eight_schools_noncentered,0,monolithic,monolithic,0,512,10,7,0.38334309309720993,0.38334309309720993,repeat indices align samples but methods were timed sequentially; use independent-resample intervals
0,eight_schools_noncentered,0,monolithic,monolithic,0,512,10,8,0.3394717425107956,0.3394717425107956,repeat indices align samples but methods were timed sequentially; use independent-resample intervals
0,eight_schools_noncentered,0,monolithic,monolithic,0,512,10,9,0.37297769635915756,0.37297769635915756,repeat indices align samples but methods were timed sequentially; use independent-resample intervals
0,eight_schools_noncentered,0,monolithic,monolithic,0,512,10,10,0.34605366736650467,0.34605366736650467,repeat indices align samples but methods were timed sequentially; use independent-resample intervals
0,eight_schools_noncentered,0,monolithic,monolithic,0,512,10,11,0.42808888107538223,0.42808888107538223,repeat indices align samples but methods were timed sequentially; use independent-resample intervals
0,eight_schools_noncentered,0,monolithic,monolithic,0,512,10,12,0.4287589490413666,0.4287589490413666,repeat indices align samples but methods were timed sequentially; use independent-resample intervals
0,eight_schools_noncentered,0,monolithic,monolithic,0,512,10,13,0.420529380440712,0.420529380440712,repeat indices align samples but methods were timed sequentially; use independent-resample intervals
0,eight_schools_noncentered,0,monolithic,monolithic,0,512,10,14,0.4115296006202698,0.4115296006202698,repeat indices align samples but methods were timed sequentially; use independent-resample intervals
0,eight_schools_noncentered,0,monolithic,monolithic,0,512,10,15,0.3401256948709488,0.3401256948709488,repeat indices align samples but methods were timed sequentially; use independent-resample intervals
0,eight_schools_noncentered,0,monolithic,monolithic,0,512,10,16,0.42289555817842484,0.42289555817842484,repeat indices align samples but methods were timed sequentially; use independent-resample intervals
0,eight_schools_noncentered,0,monolithic,monolithic,0,512,10,17,0.3769807815551758,0.3769807815551758,repeat indices align samples but methods were timed sequentially; use independent-resample intervals
0,eight_schools_noncentered,0,monolithic,monolithic,0,512,10,18,0.38544071465730667,0.38544071465730667,repeat indices align samples but methods were timed sequentially; use independent-resample intervals
0,eight_schools_noncentered,0,monolithic,monolithic,0,512,10,19,0.3453206568956375,0.3453206568956375,repeat indices align samples but methods were timed sequentially; use independent-resample intervals
0,eight_schools_noncentered,0,monolithic,monolithic,0,512,10,20,0.3646005839109421,0.3646005839109421,repeat indices align samples but methods were timed sequentially; use independent-resample intervals
0,eight_schools_noncentered,0,monolithic,monolithic,0,512,10,21,0.32939979434013367,0.32939979434013367,repeat indices align samples but methods were timed sequentially; use independent-resample intervals
0,eight_schools_noncentered,0,monolithic,monolithic,0,512,10,22,0.32387368381023407,0.32387368381023407,repeat indices align samples but methods were timed sequentially; use independent-resample intervals
0,eight_schools_noncentered,0,monolithic,monolithic,0,512,10,23,0.4330030307173729,0.4330030307173729,repeat indices align samples but methods were timed sequentially; use independent-resample intervals
0,eight_schools_noncentered,0,monolithic,monolithic,0,512,10,24,0.32279250025749207,0.32279250025749207,repeat indices align samples but methods were timed sequentially; use independent-resample intervals
0,eight_schools_noncentered,0,monolithic,monolithic,0,512,10,25,0.37614551186561584,0.37614551186561584,repeat indices align samples but methods were timed sequentially; use independent-resample intervals
0,eight_schools_noncentered,0,monolithic,monolithic,0,512,10,26,0.4412890747189522,0.4412890747189522,repeat indices align samples but methods were timed sequentially; use independent-resample intervals
0,eight_schools_noncentered,0,monolithic,monolithic,0,512,10,27,0.3443664237856865,0.3443664237856865,repeat indices align samples but methods were timed sequentially; use independent-resample intervals
0,eight_schools_noncentered,0,monolithic,monolithic,0,512,10,28,0.4727290868759155,0.4727290868759155,repeat indices align samples but methods were timed sequentially; use independent-resample intervals
0,eight_schools_noncentered,0,monolithic,monolithic,0,512,10,29,0.33263758569955826,0.33263758569955826,repeat indices align samples but methods were timed sequentially; use independent-resample intervals
1,eight_schools_noncentered,0,bucketed,none,64,512,10,0,0.5672252476215363,0.43371886759996414,repeat indices align samples but methods were timed sequentially; use independent-resample intervals
1,eight_schools_noncentered,0,bucketed,none,64,512,10,1,0.4741784930229187,0.4233863726258278,repeat indices align samples but methods were timed sequentially; use independent-resample intervals
1,eight_schools_noncentered,0,bucketed,none,64,512,10,2,0.4398454800248146,0.4250868037343025,repeat indices align samples but methods were timed sequentially; use independent-resample intervals
1,eight_schools_noncentered,0,bucketed,none,64,512,10,3,0.49382559210062027,0.4060724675655365,repeat indices align samples but methods were timed sequentially; use independent-resample intervals
1,eight_schools_noncentered,0,bucketed,none,64,512,10,4,0.4479367583990097,0.44676224142313004,repeat indices align samples but methods were timed sequentially; use independent-resample intervals
1,eight_schools_noncentered,0,bucketed,none,64,512,10,5,0.43346019089221954,0.39757394045591354,repeat indices align samples but methods were timed sequentially; use independent-resample intervals
1,eight_schools_noncentered,0,bucketed,none,64,512,10,6,0.6227362304925919,0.4016559198498726,repeat indices align samples but methods were timed sequentially; use independent-resample intervals
1,eight_schools_noncentered,0,bucketed,none,64,512,10,7,0.4739222452044487,0.38334309309720993,repeat indices align samples but methods were timed sequentially; use independent-resample intervals
1,eight_schools_noncentered,0,bucketed,none,64,512,10,8,0.4722445234656334,0.3394717425107956,repeat indices align samples but methods were timed sequentially; use independent-resample intervals
1,eight_schools_noncentered,0,bucketed,none,64,512,10,9,0.4694826453924179,0.37297769635915756,repeat indices align samples but methods were timed sequentially; use independent-resample intervals
1,eight_schools_noncentered,0,bucketed,none,64,512,10,10,0.5291802659630775,0.34605366736650467,repeat indices align samples but methods were timed sequentially; use independent-resample intervals
1,eight_schools_noncentered,0,bucketed,none,64,512,10,11,0.4724007174372673,0.42808888107538223,repeat indices align samples but methods were timed sequentially; use independent-resample intervals
1,eight_schools_noncentered,0,bucketed,none,64,512,10,12,0.41826025396585464,0.4287589490413666,repeat indices align samples but methods were timed sequentially; use independent-resample intervals
1,eight_schools_noncentered,0,bucketed,none,64,512,10,13,0.45357856154441833,0.420529380440712,repeat indices align samples but methods were timed sequentially; use independent-resample intervals
1,eight_schools_noncentered,0,bucketed,none,64,512,10,14,0.5111172795295715,0.4115296006202698,repeat indices align samples but methods were timed sequentially; use independent-resample intervals
1,eight_schools_noncentered,0,bucketed,none,64,512,10,15,0.45931578427553177,0.3401256948709488,repeat indices align samples but methods were timed sequentially; use independent-resample intervals
1,eight_schools_noncentered,0,bucketed,none,64,512,10,16,0.5250643417239189,0.42289555817842484,repeat indices align samples but methods were timed sequentially; use independent-resample intervals
1,eight_schools_noncentered,0,bucketed,none,64,512,10,17,0.5138049200177193,0.3769807815551758,repeat indices align samples but methods were timed sequentially; use independent-resample intervals
1,eight_schools_noncentered,0,bucketed,none,64,512,10,18,0.44124532490968704,0.38544071465730667,repeat indices align samples but methods were timed sequentially; use independent-resample intervals
1,eight_schools_noncentered,0,bucketed,none,64,512,10,19,0.45922209322452545,0.3453206568956375,repeat indices align samples but methods were timed sequentially; use independent-resample intervals
1,eight_schools_noncentered,0,bucketed,none,64,512,10,20,0.45536598563194275,0.3646005839109421,repeat indices align samples but methods were timed sequentially; use independent-resample intervals
1,eight_schools_noncentered,0,bucketed,none,64,512,10,21,0.5006814673542976,0.32939979434013367,repeat indices align samples but methods were timed sequentially; use independent-resample intervals
1,eight_schools_noncentered,0,bucketed,none,64,512,10,22,0.5187671631574631,0.32387368381023407,repeat indices align samples but methods were timed sequentially; use independent-resample intervals
1,eight_schools_noncentered,0,bucketed,none,64,512,10,23,0.4590848609805107,0.4330030307173729,repeat indices align samples but methods were timed sequentially; use independent-resample intervals
1,eight_schools_noncentered,0,bucketed,none,64,512,10,24,0.5108638107776642,0.32279250025749207,repeat indices align samples but methods were timed sequentially; use independent-resample intervals
1,eight_schools_noncentered,0,bucketed,none,64,512,10,25,0.5343362018465996,0.37614551186561584,repeat indices align samples but methods were timed sequentially; use independent-resample intervals
1,eight_schools_noncentered,0,bucketed,none,64,512,10,26,0.5210133641958237,0.4412890747189522,repeat indices align samples but methods were timed sequentially; use independent-resample intervals
1,eight_schools_noncentered,0,bucketed,none,64,512,10,27,0.47887346148490906,0.3443664237856865,repeat indices align samples but methods were timed sequentially; use independent-resample intervals
1,eight_schools_noncentered,0,bucketed,none,64,512,10,28,0.5263878852128983,0.4727290868759155,repeat indices align samples but methods were timed sequentially; use independent-resample intervals
1,eight_schools_noncentered,0,bucketed,none,64,512,10,29,0.45284631848335266,0.33263758569955826,repeat indices align samples but methods were timed sequentially; use independent-resample intervals
2,eight_schools_noncentered,0,bucketed,none,128,512,10,0,0.4217451140284538,0.43371886759996414,repeat indices align samples but methods were timed sequentially; use independent-resample intervals
2,eight_schools_noncentered,0,bucketed,none,128,512,10,1,0.47376278042793274,0.4233863726258278,repeat indices align samples but methods were timed sequentially; use independent-resample intervals
2,eight_schools_noncentered,0,bucketed,none,128,512,10,2,0.49481187015771866,0.4250868037343025,repeat indices align samples but methods were timed sequentially; use independent-resample intervals
2,eight_schools_noncentered,0,bucketed,none,128,512,10,3,0.40234678238630295,0.4060724675655365,repeat indices align samples but methods were timed sequentially; use independent-resample intervals
2,eight_schools_noncentered,0,bucketed,none,128,512,10,4,0.4218274801969528,0.44676224142313004,repeat indices align samples but methods were timed sequentially; use independent-resample intervals
2,eight_schools_noncentered,0,bucketed,none,128,512,10,5,0.4392942264676094,0.39757394045591354,repeat indices align samples but methods were timed sequentially; use independent-resample intervals
2,eight_schools_noncentered,0,bucketed,none,128,512,10,6,0.4640752673149109,0.4016559198498726,repeat indices align samples but methods were timed sequentially; use independent-resample intervals
2,eight_schools_noncentered,0,bucketed,none,128,512,10,7,0.41594670712947845,0.38334309309720993,repeat indices align samples but methods were timed sequentially; use independent-resample intervals
2,eight_schools_noncentered,0,bucketed,none,128,512,10,8,0.4403695687651634,0.3394717425107956,repeat indices align samples but methods were timed sequentially; use independent-resample intervals
2,eight_schools_noncentered,0,bucketed,none,128,512,10,9,0.43297944962978363,0.37297769635915756,repeat indices align samples but methods were timed sequentially; use independent-resample intervals
2,eight_schools_noncentered,0,bucketed,none,128,512,10,10,0.4287635609507561,0.34605366736650467,repeat indices align samples but methods were timed sequentially; use independent-resample intervals
2,eight_schools_noncentered,0,bucketed,none,128,512,10,11,0.4374341443181038,0.42808888107538223,repeat indices align samples but methods were timed sequentially; use independent-resample intervals
2,eight_schools_noncentered,0,bucketed,none,128,512,10,12,0.4546020179986954,0.4287589490413666,repeat indices align samples but methods were timed sequentially; use independent-resample intervals
2,eight_schools_noncentered,0,bucketed,none,128,512,10,13,0.42886409163475037,0.420529380440712,repeat indices align samples but methods were timed sequentially; use independent-resample intervals
2,eight_schools_noncentered,0,bucketed,none,128,512,10,14,0.4302356168627739,0.4115296006202698,repeat indices align samples but methods were timed sequentially; use independent-resample intervals
2,eight_schools_noncentered,0,bucketed,none,128,512,10,15,0.47653089463710785,0.3401256948709488,repeat indices align samples but methods were timed sequentially; use independent-resample intervals
2,eight_schools_noncentered,0,bucketed,none,128,512,10,16,0.4572136178612709,0.42289555817842484,repeat indices align samples but methods were timed sequentially; use independent-resample intervals
2,eight_schools_noncentered,0,bucketed,none,128,512,10,17,0.4182610884308815,0.3769807815551758,repeat indices align samples but methods were timed sequentially; use independent-resample intervals
2,eight_schools_noncentered,0,bucketed,none,128,512,10,18,0.41893500834703445,0.38544071465730667,repeat indices align samples but methods were timed sequentially; use independent-resample intervals
2,eight_schools_noncentered,0,bucketed,none,128,512,10,19,0.4156133085489273,0.3453206568956375,repeat indices align samples but methods were timed sequentially; use independent-resample intervals
2,eight_schools_noncentered,0,bucketed,none,128,512,10,20,0.4397813454270363,0.3646005839109421,repeat indices align samples but methods were timed sequentially; use independent-resample intervals
2,eight_schools_noncentered,0,bucketed,none,128,512,10,21,0.428365059196949,0.32939979434013367,repeat indices align samples but methods were timed sequentially; use independent-resample intervals
2,eight_schools_noncentered,0,bucketed,none,128,512,10,22,0.4382203370332718,0.32387368381023407,repeat indices align samples but methods were timed sequentially; use independent-resample intervals
2,eight_schools_noncentered,0,bucketed,none,128,512,10,23,0.44938164204359055,0.4330030307173729,repeat indices align samples but methods were timed sequentially; use independent-resample intervals
2,eight_schools_noncentered,0,bucketed,none,128,512,10,24,0.4232242703437805,0.32279250025749207,repeat indices align samples but methods were timed sequentially; use independent-resample intervals
2,eight_schools_noncentered,0,bucketed,none,128,512,10,25,0.4725795164704323,0.37614551186561584,repeat indices align samples but methods were timed sequentially; use independent-resample intervals
2,eight_schools_noncentered,0,bucketed,none,128,512,10,26,0.44705930352211,0.4412890747189522,repeat indices align samples but methods were timed sequentially; use independent-resample intervals
2,eight_schools_noncentered,0,bucketed,none,128,512,10,27,0.4275925010442734,0.3443664237856865,repeat indices align samples but methods were timed sequentially; use independent-resample intervals
2,eight_schools_noncentered,0,bucketed,none,128,512,10,28,0.42892416566610336,0.4727290868759155,repeat indices align samples but methods were timed sequentially; use independent-resample intervals
2,eight_schools_noncentered,0,bucketed,none,128,512,10,29,0.4255356714129448,0.33263758569955826,repeat indices align samples but methods were timed sequentially; use independent-resample intervals
3,eight_schools_noncentered,0,bucketed,history,64,512,10,0,0.5780316516757011,0.43371886759996414,repeat indices align samples but methods were timed sequentially; use independent-resample intervals
3,eight_schools_noncentered,0,bucketed,history,64,512,10,1,0.5280642211437225,0.4233863726258278,repeat indices align samples but methods were timed sequentially; use independent-resample intervals
3,eight_schools_noncentered,0,bucketed,history,64,512,10,2,0.4986903741955757,0.4250868037343025,repeat indices align samples but methods were timed sequentially; use independent-resample intervals
3,eight_schools_noncentered,0,bucketed,history,64,512,10,3,0.44085579365491867,0.4060724675655365,repeat indices align samples but methods were timed sequentially; use independent-resample intervals
3,eight_schools_noncentered,0,bucketed,history,64,512,10,4,0.5203338116407394,0.44676224142313004,repeat indices align samples but methods were timed sequentially; use independent-resample intervals
3,eight_schools_noncentered,0,bucketed,history,64,512,10,5,0.5401007160544395,0.39757394045591354,repeat indices align samples but methods were timed sequentially; use independent-resample intervals
3,eight_schools_noncentered,0,bucketed,history,64,512,10,6,0.4190574586391449,0.4016559198498726,repeat indices align samples but methods were timed sequentially; use independent-resample intervals
3,eight_schools_noncentered,0,bucketed,history,64,512,10,7,0.46473701298236847,0.38334309309720993,repeat indices align samples but methods were timed sequentially; use independent-resample intervals
3,eight_schools_noncentered,0,bucketed,history,64,512,10,8,0.5305163040757179,0.3394717425107956,repeat indices align samples but methods were timed sequentially; use independent-resample intervals
3,eight_schools_noncentered,0,bucketed,history,64,512,10,9,0.4565551355481148,0.37297769635915756,repeat indices align samples but methods were timed sequentially; use independent-resample intervals
3,eight_schools_noncentered,0,bucketed,history,64,512,10,10,0.448261134326458,0.34605366736650467,repeat indices align samples but methods were timed sequentially; use independent-resample intervals
3,eight_schools_noncentered,0,bucketed,history,64,512,10,11,0.5317901819944382,0.42808888107538223,repeat indices align samples but methods were timed sequentially; use independent-resample intervals
3,eight_schools_noncentered,0,bucketed,history,64,512,10,12,0.45493433624505997,0.4287589490413666,repeat indices align samples but methods were timed sequentially; use independent-resample intervals
3,eight_schools_noncentered,0,bucketed,history,64,512,10,13,0.5008827671408653,0.420529380440712,repeat indices align samples but methods were timed sequentially; use independent-resample intervals
3,eight_schools_noncentered,0,bucketed,history,64,512,10,14,0.4943711459636688,0.4115296006202698,repeat indices align samples but methods were timed sequentially; use independent-resample intervals
3,eight_schools_noncentered,0,bucketed,history,64,512,10,15,0.4844859316945076,0.3401256948709488,repeat indices align samples but methods were timed sequentially; use independent-resample intervals
3,eight_schools_noncentered,0,bucketed,history,64,512,10,16,0.4702206403017044,0.42289555817842484,repeat indices align samples but methods were timed sequentially; use independent-resample intervals
3,eight_schools_noncentered,0,bucketed,history,64,512,10,17,0.5038088262081146,0.3769807815551758,repeat indices align samples but methods were timed sequentially; use independent-resample intervals
3,eight_schools_noncentered,0,bucketed,history,64,512,10,18,0.6048348844051361,0.38544071465730667,repeat indices align samples but methods were timed sequentially; use independent-resample intervals
3,eight_schools_noncentered,0,bucketed,history,64,512,10,19,0.5209155008196831,0.3453206568956375,repeat indices align samples but methods were timed sequentially; use independent-resample intervals
3,eight_schools_noncentered,0,bucketed,history,64,512,10,20,0.5970565527677536,0.3646005839109421,repeat indices align samples but methods were timed sequentially; use independent-resample intervals
3,eight_schools_noncentered,0,bucketed,history,64,512,10,21,0.6069382056593895,0.32939979434013367,repeat indices align samples but methods were timed sequentially; use independent-resample intervals
3,eight_schools_noncentered,0,bucketed,history,64,512,10,22,0.5331228077411652,0.32387368381023407,repeat indices align samples but methods were timed sequentially; use independent-resample intervals
3,eight_schools_noncentered,0,bucketed,history,64,512,10,23,0.4903608486056328,0.4330030307173729,repeat indices align samples but methods were timed sequentially; use independent-resample intervals
3,eight_schools_noncentered,0,bucketed,history,64,512,10,24,0.5402656197547913,0.32279250025749207,repeat indices align samples but methods were timed sequentially; use independent-resample intervals
3,eight_schools_noncentered,0,bucketed,history,64,512,10,25,0.5414717197418213,0.37614551186561584,repeat indices align samples but methods were timed sequentially; use independent-resample intervals
3,eight_schools_noncentered,0,bucketed,history,64,512,10,26,0.4810687378048897,0.4412890747189522,repeat indices align samples but methods were timed sequentially; use independent-resample intervals
3,eight_schools_noncentered,0,bucketed,history,64,512,10,27,0.5064690336585045,0.3443664237856865,repeat indices align samples but methods were timed sequentially; use independent-resample intervals
3,eight_schools_noncentered,0,bucketed,history,64,512,10,28,0.44838352501392365,0.4727290868759155,repeat indices align samples but methods were timed sequentially; use independent-resample intervals
3,eight_schools_noncentered,0,bucketed,history,64,512,10,29,0.5414504781365395,0.33263758569955826,repeat indices align samples but methods were timed sequentially; use independent-resample intervals
4,eight_schools_noncentered,0,bucketed,history,128,512,10,0,0.46155504137277603,0.43371886759996414,repeat indices align samples but methods were timed sequentially; use independent-resample intervals
4,eight_schools_noncentered,0,bucketed,history,128,512,10,1,0.43100449442863464,0.4233863726258278,repeat indices align samples but methods were timed sequentially; use independent-resample intervals
4,eight_schools_noncentered,0,bucketed,history,128,512,10,2,0.5387872159481049,0.4250868037343025,repeat indices align samples but methods were timed sequentially; use independent-resample intervals
4,eight_schools_noncentered,0,bucketed,history,128,512,10,3,0.43267905712127686,0.4060724675655365,repeat indices align samples but methods were timed sequentially; use independent-resample intervals
4,eight_schools_noncentered,0,bucketed,history,128,512,10,4,0.41479068994522095,0.44676224142313004,repeat indices align samples but methods were timed sequentially; use independent-resample intervals
4,eight_schools_noncentered,0,bucketed,history,128,512,10,5,0.4251697212457657,0.39757394045591354,repeat indices align samples but methods were timed sequentially; use independent-resample intervals
4,eight_schools_noncentered,0,bucketed,history,128,512,10,6,0.44954124838113785,0.4016559198498726,repeat indices align samples but methods were timed sequentially; use independent-resample intervals
4,eight_schools_noncentered,0,bucketed,history,128,512,10,7,0.4589144214987755,0.38334309309720993,repeat indices align samples but methods were timed sequentially; use independent-resample intervals
4,eight_schools_noncentered,0,bucketed,history,128,512,10,8,0.45081777125597,0.3394717425107956,repeat indices align samples but methods were timed sequentially; use independent-resample intervals
4,eight_schools_noncentered,0,bucketed,history,128,512,10,9,0.4353090450167656,0.37297769635915756,repeat indices align samples but methods were timed sequentially; use independent-resample intervals
4,eight_schools_noncentered,0,bucketed,history,128,512,10,10,0.41563908755779266,0.34605366736650467,repeat indices align samples but methods were timed sequentially; use independent-resample intervals
4,eight_schools_noncentered,0,bucketed,history,128,512,10,11,0.4268455505371094,0.42808888107538223,repeat indices align samples but methods were timed sequentially; use independent-resample intervals
4,eight_schools_noncentered,0,bucketed,history,128,512,10,12,0.4270186871290207,0.4287589490413666,repeat indices align samples but methods were timed sequentially; use independent-resample intervals
4,eight_schools_noncentered,0,bucketed,history,128,512,10,13,0.4183172360062599,0.420529380440712,repeat indices align samples but methods were timed sequentially; use independent-resample intervals
4,eight_schools_noncentered,0,bucketed,history,128,512,10,14,0.456583172082901,0.4115296006202698,repeat indices align samples but methods were timed sequentially; use independent-resample intervals
4,eight_schools_noncentered,0,bucketed,history,128,512,10,15,0.400276355445385,0.3401256948709488,repeat indices align samples but methods were timed sequentially; use independent-resample intervals
4,eight_schools_noncentered,0,bucketed,history,128,512,10,16,0.4321010336279869,0.42289555817842484,repeat indices align samples but methods were timed sequentially; use independent-resample intervals
4,eight_schools_noncentered,0,bucketed,history,128,512,10,17,0.46229714155197144,0.3769807815551758,repeat indices align samples but methods were timed sequentially; use independent-resample intervals
4,eight_schools_noncentered,0,bucketed,history,128,512,10,18,0.42828497290611267,0.38544071465730667,repeat indices align samples but methods were timed sequentially; use independent-resample intervals
4,eight_schools_noncentered,0,bucketed,history,128,512,10,19,0.417037732899189,0.3453206568956375,repeat indices align samples but methods were timed sequentially; use independent-resample intervals
4,eight_schools_noncentered,0,bucketed,history,128,512,10,20,0.4204694479703903,0.3646005839109421,repeat indices align samples but methods were timed sequentially; use independent-resample intervals
4,eight_schools_noncentered,0,bucketed,history,128,512,10,21,0.47441937029361725,0.32939979434013367,repeat indices align samples but methods were timed sequentially; use independent-resample intervals
4,eight_schools_noncentered,0,bucketed,history,128,512,10,22,0.452488549053669,0.32387368381023407,repeat indices align samples but methods were timed sequentially; use independent-resample intervals
4,eight_schools_noncentered,0,bucketed,history,128,512,10,23,0.4212283119559288,0.4330030307173729,repeat indices align samples but methods were timed sequentially; use independent-resample intervals
4,eight_schools_noncentered,0,bucketed,history,128,512,10,24,0.4078425243496895,0.32279250025749207,repeat indices align samples but methods were timed sequentially; use independent-resample intervals
4,eight_schools_noncentered,0,bucketed,history,128,512,10,25,0.4210878610610962,0.37614551186561584,repeat indices align samples but methods were timed sequentially; use independent-resample intervals
4,eight_schools_noncentered,0,bucketed,history,128,512,10,26,0.45769599825143814,0.4412890747189522,repeat indices align samples but methods were timed sequentially; use independent-resample intervals
4,eight_schools_noncentered,0,bucketed,history,128,512,10,27,0.475995808839798,0.3443664237856865,repeat indices align samples but methods were timed sequentially; use independent-resample intervals
4,eight_schools_noncentered,0,bucketed,history,128,512,10,28,0.4249316677451134,0.4727290868759155,repeat indices align samples but methods were timed sequentially; use independent-resample intervals
4,eight_schools_noncentered,0,bucketed,history,128,512,10,29,0.5316836535930634,0.33263758569955826,repeat indices align samples but methods were timed sequentially; use independent-resample intervals
5,eight_schools_noncentered,0,bucketed,last_depth,64,512,10,0,0.4868791252374649,0.43371886759996414,repeat indices align samples but methods were timed sequentially; use independent-resample intervals
5,eight_schools_noncentered,0,bucketed,last_depth,64,512,10,1,0.4524737149477005,0.4233863726258278,repeat indices align samples but methods were timed sequentially; use independent-resample intervals
5,eight_schools_noncentered,0,bucketed,last_depth,64,512,10,2,0.4879288002848625,0.4250868037343025,repeat indices align samples but methods were timed sequentially; use independent-resample intervals
5,eight_schools_noncentered,0,bucketed,last_depth,64,512,10,3,0.4252528101205826,0.4060724675655365,repeat indices align samples but methods were timed sequentially; use independent-resample intervals
5,eight_schools_noncentered,0,bucketed,last_depth,64,512,10,4,0.4309179112315178,0.44676224142313004,repeat indices align samples but methods were timed sequentially; use independent-resample intervals
5,eight_schools_noncentered,0,bucketed,last_depth,64,512,10,5,0.4484398066997528,0.39757394045591354,repeat indices align samples but methods were timed sequentially; use independent-resample intervals
5,eight_schools_noncentered,0,bucketed,last_depth,64,512,10,6,0.507516548037529,0.4016559198498726,repeat indices align samples but methods were timed sequentially; use independent-resample intervals
5,eight_schools_noncentered,0,bucketed,last_depth,64,512,10,7,0.46780967712402344,0.38334309309720993,repeat indices align samples but methods were timed sequentially; use independent-resample intervals
5,eight_schools_noncentered,0,bucketed,last_depth,64,512,10,8,0.4993862360715866,0.3394717425107956,repeat indices align samples but methods were timed sequentially; use independent-resample intervals
5,eight_schools_noncentered,0,bucketed,last_depth,64,512,10,9,0.47212281823158264,0.37297769635915756,repeat indices align samples but methods were timed sequentially; use independent-resample intervals
5,eight_schools_noncentered,0,bucketed,last_depth,64,512,10,10,0.41607899963855743,0.34605366736650467,repeat indices align samples but methods were timed sequentially; use independent-resample intervals
5,eight_schools_noncentered,0,bucketed,last_depth,64,512,10,11,0.5416923835873604,0.42808888107538223,repeat indices align samples but methods were timed sequentially; use independent-resample intervals
5,eight_schools_noncentered,0,bucketed,last_depth,64,512,10,12,0.45645660161972046,0.4287589490413666,repeat indices align samples but methods were timed sequentially; use independent-resample intervals
5,eight_schools_noncentered,0,bucketed,last_depth,64,512,10,13,0.40960693359375,0.420529380440712,repeat indices align samples but methods were timed sequentially; use independent-resample intervals
5,eight_schools_noncentered,0,bucketed,last_depth,64,512,10,14,0.5485382601618767,0.4115296006202698,repeat indices align samples but methods were timed sequentially; use independent-resample intervals
5,eight_schools_noncentered,0,bucketed,last_depth,64,512,10,15,0.411371611058712,0.3401256948709488,repeat indices align samples but methods were timed sequentially; use independent-resample intervals
5,eight_schools_noncentered,0,bucketed,last_depth,64,512,10,16,0.45024458318948746,0.42289555817842484,repeat indices align samples but methods were timed sequentially; use independent-resample intervals
5,eight_schools_noncentered,0,bucketed,last_depth,64,512,10,17,0.5121700018644333,0.3769807815551758,repeat indices align samples but methods were timed sequentially; use independent-resample intervals
5,eight_schools_noncentered,0,bucketed,last_depth,64,512,10,18,0.4663126692175865,0.38544071465730667,repeat indices align samples but methods were timed sequentially; use independent-resample intervals
5,eight_schools_noncentered,0,bucketed,last_depth,64,512,10,19,0.44305723160505295,0.3453206568956375,repeat indices align samples but methods were timed sequentially; use independent-resample intervals
5,eight_schools_noncentered,0,bucketed,last_depth,64,512,10,20,0.47666334360837936,0.3646005839109421,repeat indices align samples but methods were timed sequentially; use independent-resample intervals
5,eight_schools_noncentered,0,bucketed,last_depth,64,512,10,21,0.509979747235775,0.32939979434013367,repeat indices align samples but methods were timed sequentially; use independent-resample intervals
5,eight_schools_noncentered,0,bucketed,last_depth,64,512,10,22,0.4532829821109772,0.32387368381023407,repeat indices align samples but methods were timed sequentially; use independent-resample intervals
5,eight_schools_noncentered,0,bucketed,last_depth,64,512,10,23,0.4902542307972908,0.4330030307173729,repeat indices align samples but methods were timed sequentially; use independent-resample intervals
5,eight_schools_noncentered,0,bucketed,last_depth,64,512,10,24,0.6168747097253799,0.32279250025749207,repeat indices align samples but methods were timed sequentially; use independent-resample intervals
5,eight_schools_noncentered,0,bucketed,last_depth,64,512,10,25,0.5711321234703064,0.37614551186561584,repeat indices align samples but methods were timed sequentially; use independent-resample intervals
5,eight_schools_noncentered,0,bucketed,last_depth,64,512,10,26,0.5217964425683022,0.4412890747189522,repeat indices align samples but methods were timed sequentially; use independent-resample intervals
5,eight_schools_noncentered,0,bucketed,last_depth,64,512,10,27,0.49126048386096954,0.3443664237856865,repeat indices align samples but methods were timed sequentially; use independent-resample intervals
5,eight_schools_noncentered,0,bucketed,last_depth,64,512,10,28,0.5944458171725273,0.4727290868759155,repeat indices align samples but methods were timed sequentially; use independent-resample intervals
5,eight_schools_noncentered,0,bucketed,last_depth,64,512,10,29,0.5593634024262428,0.33263758569955826,repeat indices align samples but methods were timed sequentially; use independent-resample intervals
6,eight_schools_noncentered,0,bucketed,last_depth,128,512,10,0,0.534958653151989,0.43371886759996414,repeat indices align samples but methods were timed sequentially; use independent-resample intervals
6,eight_schools_noncentered,0,bucketed,last_depth,128,512,10,1,0.44836074858903885,0.4233863726258278,repeat indices align samples but methods were timed sequentially; use independent-resample intervals
6,eight_schools_noncentered,0,bucketed,last_depth,128,512,10,2,0.5426998808979988,0.4250868037343025,repeat indices align samples but methods were timed sequentially; use independent-resample intervals
6,eight_schools_noncentered,0,bucketed,last_depth,128,512,10,3,0.4434761703014374,0.4060724675655365,repeat indices align samples but methods were timed sequentially; use independent-resample intervals
6,eight_schools_noncentered,0,bucketed,last_depth,128,512,10,4,0.5070703402161598,0.44676224142313004,repeat indices align samples but methods were timed sequentially; use independent-resample intervals
6,eight_schools_noncentered,0,bucketed,last_depth,128,512,10,5,0.5124044194817543,0.39757394045591354,repeat indices align samples but methods were timed sequentially; use independent-resample intervals
6,eight_schools_noncentered,0,bucketed,last_depth,128,512,10,6,0.5102453678846359,0.4016559198498726,repeat indices align samples but methods were timed sequentially; use independent-resample intervals
6,eight_schools_noncentered,0,bucketed,last_depth,128,512,10,7,0.4821312353014946,0.38334309309720993,repeat indices align samples but methods were timed sequentially; use independent-resample intervals
6,eight_schools_noncentered,0,bucketed,last_depth,128,512,10,8,0.45883943140506744,0.3394717425107956,repeat indices align samples but methods were timed sequentially; use independent-resample intervals
6,eight_schools_noncentered,0,bucketed,last_depth,128,512,10,9,0.5125996768474579,0.37297769635915756,repeat indices align samples but methods were timed sequentially; use independent-resample intervals
6,eight_schools_noncentered,0,bucketed,last_depth,128,512,10,10,0.5035451054573059,0.34605366736650467,repeat indices align samples but methods were timed sequentially; use independent-resample intervals
6,eight_schools_noncentered,0,bucketed,last_depth,128,512,10,11,0.5291926264762878,0.42808888107538223,repeat indices align samples but methods were timed sequentially; use independent-resample intervals
6,eight_schools_noncentered,0,bucketed,last_depth,128,512,10,12,0.5140534415841103,0.4287589490413666,repeat indices align samples but methods were timed sequentially; use independent-resample intervals
6,eight_schools_noncentered,0,bucketed,last_depth,128,512,10,13,0.5181594789028168,0.420529380440712,repeat indices align samples but methods were timed sequentially; use independent-resample intervals
6,eight_schools_noncentered,0,bucketed,last_depth,128,512,10,14,0.5246273279190063,0.4115296006202698,repeat indices align samples but methods were timed sequentially; use independent-resample intervals
6,eight_schools_noncentered,0,bucketed,last_depth,128,512,10,15,0.42305128276348114,0.3401256948709488,repeat indices align samples but methods were timed sequentially; use independent-resample intervals
6,eight_schools_noncentered,0,bucketed,last_depth,128,512,10,16,0.4544995278120041,0.42289555817842484,repeat indices align samples but methods were timed sequentially; use independent-resample intervals
6,eight_schools_noncentered,0,bucketed,last_depth,128,512,10,17,0.48239510506391525,0.3769807815551758,repeat indices align samples but methods were timed sequentially; use independent-resample intervals
6,eight_schools_noncentered,0,bucketed,last_depth,128,512,10,18,0.49111660569906235,0.38544071465730667,repeat indices align samples but methods were timed sequentially; use independent-resample intervals
6,eight_schools_noncentered,0,bucketed,last_depth,128,512,10,19,0.5195882543921471,0.3453206568956375,repeat indices align samples but methods were timed sequentially; use independent-resample intervals
6,eight_schools_noncentered,0,bucketed,last_depth,128,512,10,20,0.6022906303405762,0.3646005839109421,repeat indices align samples but methods were timed sequentially; use independent-resample intervals
6,eight_schools_noncentered,0,bucketed,last_depth,128,512,10,21,0.572184681892395,0.32939979434013367,repeat indices align samples but methods were timed sequentially; use independent-resample intervals
6,eight_schools_noncentered,0,bucketed,last_depth,128,512,10,22,0.5411248505115509,0.32387368381023407,repeat indices align samples but methods were timed sequentially; use independent-resample intervals
6,eight_schools_noncentered,0,bucketed,last_depth,128,512,10,23,0.4944424033164978,0.4330030307173729,repeat indices align samples but methods were timed sequentially; use independent-resample intervals
6,eight_schools_noncentered,0,bucketed,last_depth,128,512,10,24,0.5317818075418472,0.32279250025749207,repeat indices align samples but methods were timed sequentially; use independent-resample intervals
6,eight_schools_noncentered,0,bucketed,last_depth,128,512,10,25,0.46138233691453934,0.37614551186561584,repeat indices align samples but methods were timed sequentially; use independent-resample intervals
6,eight_schools_noncentered,0,bucketed,last_depth,128,512,10,26,0.5492140874266624,0.4412890747189522,repeat indices align samples but methods were timed sequentially; use independent-resample intervals
6,eight_schools_noncentered,0,bucketed,last_depth,128,512,10,27,0.525093212723732,0.3443664237856865,repeat indices align samples but methods were timed sequentially; use independent-resample intervals
6,eight_schools_noncentered,0,bucketed,last_depth,128,512,10,28,0.5815343111753464,0.4727290868759155,repeat indices align samples but methods were timed sequentially; use independent-resample intervals
6,eight_schools_noncentered,0,bucketed,last_depth,128,512,10,29,0.562784381210804,0.33263758569955826,repeat indices align samples but methods were timed sequentially; use independent-resample intervals
7,eight_schools_noncentered,1,monolithic,monolithic,0,512,10,0,0.4756280928850174,0.4756280928850174,repeat indices align samples but methods were timed sequentially; use independent-resample intervals
7,eight_schools_noncentered,1,monolithic,monolithic,0,512,10,1,0.48825588822364807,0.48825588822364807,repeat indices align samples but methods were timed sequentially; use independent-resample intervals
7,eight_schools_noncentered,1,monolithic,monolithic,0,512,10,2,0.5101094171404839,0.5101094171404839,repeat indices align samples but methods were timed sequentially; use independent-resample intervals
7,eight_schools_noncentered,1,monolithic,monolithic,0,512,10,3,0.5142949149012566,0.5142949149012566,repeat indices align samples but methods were timed sequentially; use independent-resample intervals
7,eight_schools_noncentered,1,monolithic,monolithic,0,512,10,4,0.5268143340945244,0.5268143340945244,repeat indices align samples but methods were timed sequentially; use independent-resample intervals
7,eight_schools_noncentered,1,monolithic,monolithic,0,512,10,5,0.5341608002781868,0.5341608002781868,repeat indices align samples but methods were timed sequentially; use independent-resample intervals
7,eight_schools_noncentered,1,monolithic,monolithic,0,512,10,6,0.5026913955807686,0.5026913955807686,repeat indices align samples but methods were timed sequentially; use independent-resample intervals
7,eight_schools_noncentered,1,monolithic,monolithic,0,512,10,7,0.5142463147640228,0.5142463147640228,repeat indices align samples but methods were timed sequentially; use independent-resample intervals
7,eight_schools_noncentered,1,monolithic,monolithic,0,512,10,8,0.42838507890701294,0.42838507890701294,repeat indices align samples but methods were timed sequentially; use independent-resample intervals
7,eight_schools_noncentered,1,monolithic,monolithic,0,512,10,9,0.439920037984848,0.439920037984848,repeat indices align samples but methods were timed sequentially; use independent-resample intervals
7,eight_schools_noncentered,1,monolithic,monolithic,0,512,10,10,0.4130012020468712,0.4130012020468712,repeat indices align samples but methods were timed sequentially; use independent-resample intervals
7,eight_schools_noncentered,1,monolithic,monolithic,0,512,10,11,0.5437279716134071,0.5437279716134071,repeat indices align samples but methods were timed sequentially; use independent-resample intervals
7,eight_schools_noncentered,1,monolithic,monolithic,0,512,10,12,0.45048677176237106,0.45048677176237106,repeat indices align samples but methods were timed sequentially; use independent-resample intervals
7,eight_schools_noncentered,1,monolithic,monolithic,0,512,10,13,0.4839675650000572,0.4839675650000572,repeat indices align samples but methods were timed sequentially; use independent-resample intervals
7,eight_schools_noncentered,1,monolithic,monolithic,0,512,10,14,0.4258692190051079,0.4258692190051079,repeat indices align samples but methods were timed sequentially; use independent-resample intervals
7,eight_schools_noncentered,1,monolithic,monolithic,0,512,10,15,0.4385300576686859,0.4385300576686859,repeat indices align samples but methods were timed sequentially; use independent-resample intervals
7,eight_schools_noncentered,1,monolithic,monolithic,0,512,10,16,0.4233214780688286,0.4233214780688286,repeat indices align samples but methods were timed sequentially; use independent-resample intervals
7,eight_schools_noncentered,1,monolithic,monolithic,0,512,10,17,0.489093117415905,0.489093117415905,repeat indices align samples but methods were timed sequentially; use independent-resample intervals
7,eight_schools_noncentered,1,monolithic,monolithic,0,512,10,18,0.49529360234737396,0.49529360234737396,repeat indices align samples but methods were timed sequentially; use independent-resample intervals
7,eight_schools_noncentered,1,monolithic,monolithic,0,512,10,19,0.4753778725862503,0.4753778725862503,repeat indices align samples but methods were timed sequentially; use independent-resample intervals
7,eight_schools_noncentered,1,monolithic,monolithic,0,512,10,20,0.5304902195930481,0.5304902195930481,repeat indices align samples but methods were timed sequentially; use independent-resample intervals
7,eight_schools_noncentered,1,monolithic,monolithic,0,512,10,21,0.4479825869202614,0.4479825869202614,repeat indices align samples but methods were timed sequentially; use independent-resample intervals
7,eight_schools_noncentered,1,monolithic,monolithic,0,512,10,22,0.5055687800049782,0.5055687800049782,repeat indices align samples but methods were timed sequentially; use independent-resample intervals
7,eight_schools_noncentered,1,monolithic,monolithic,0,512,10,23,0.4529128894209862,0.4529128894209862,repeat indices align samples but methods were timed sequentially; use independent-resample intervals
7,eight_schools_noncentered,1,monolithic,monolithic,0,512,10,24,0.5041943192481995,0.5041943192481995,repeat indices align samples but methods were timed sequentially; use independent-resample intervals
7,eight_schools_noncentered,1,monolithic,monolithic,0,512,10,25,0.4859127253293991,0.4859127253293991,repeat indices align samples but methods were timed sequentially; use independent-resample intervals
7,eight_schools_noncentered,1,monolithic,monolithic,0,512,10,26,0.4303036257624626,0.4303036257624626,repeat indices align samples but methods were timed sequentially; use independent-resample intervals
7,eight_schools_noncentered,1,monolithic,monolithic,0,512,10,27,0.3870123028755188,0.3870123028755188,repeat indices align samples but methods were timed sequentially; use independent-resample intervals
7,eight_schools_noncentered,1,monolithic,monolithic,0,512,10,28,0.48412882536649704,0.48412882536649704,repeat indices align samples but methods were timed sequentially; use independent-resample intervals
7,eight_schools_noncentered,1,monolithic,monolithic,0,512,10,29,0.4766944870352745,0.4766944870352745,repeat indices align samples but methods were timed sequentially; use independent-resample intervals
8,eight_schools_noncentered,1,bucketed,none,64,512,10,0,0.6688586622476578,0.4756280928850174,repeat indices align samples but methods were timed sequentially; use independent-resample intervals
8,eight_schools_noncentered,1,bucketed,none,64,512,10,1,0.6541313156485558,0.48825588822364807,repeat indices align samples but methods were timed sequentially; use independent-resample intervals
8,eight_schools_noncentered,1,bucketed,none,64,512,10,2,0.6118214055895805,0.5101094171404839,repeat indices align samples but methods were timed sequentially; use independent-resample intervals
8,eight_schools_noncentered,1,bucketed,none,64,512,10,3,0.6096080839633942,0.5142949149012566,repeat indices align samples but methods were timed sequentially; use independent-resample intervals
8,eight_schools_noncentered,1,bucketed,none,64,512,10,4,0.5949387475848198,0.5268143340945244,repeat indices align samples but methods were timed sequentially; use independent-resample intervals
8,eight_schools_noncentered,1,bucketed,none,64,512,10,5,0.5708722546696663,0.5341608002781868,repeat indices align samples but methods were timed sequentially; use independent-resample intervals
8,eight_schools_noncentered,1,bucketed,none,64,512,10,6,0.6365466862916946,0.5026913955807686,repeat indices align samples but methods were timed sequentially; use independent-resample intervals
8,eight_schools_noncentered,1,bucketed,none,64,512,10,7,0.6671307682991028,0.5142463147640228,repeat indices align samples but methods were timed sequentially; use independent-resample intervals
8,eight_schools_noncentered,1,bucketed,none,64,512,10,8,0.5804275795817375,0.42838507890701294,repeat indices align samples but methods were timed sequentially; use independent-resample intervals
8,eight_schools_noncentered,1,bucketed,none,64,512,10,9,0.5619518607854843,0.439920037984848,repeat indices align samples but methods were timed sequentially; use independent-resample intervals
8,eight_schools_noncentered,1,bucketed,none,64,512,10,10,0.576244480907917,0.4130012020468712,repeat indices align samples but methods were timed sequentially; use independent-resample intervals
8,eight_schools_noncentered,1,bucketed,none,64,512,10,11,0.565125122666359,0.5437279716134071,repeat indices align samples but methods were timed sequentially; use independent-resample intervals
8,eight_schools_noncentered,1,bucketed,none,64,512,10,12,0.5699559673666954,0.45048677176237106,repeat indices align samples but methods were timed sequentially; use independent-resample intervals
8,eight_schools_noncentered,1,bucketed,none,64,512,10,13,0.49129410088062286,0.4839675650000572,repeat indices align samples but methods were timed sequentially; use independent-resample intervals
8,eight_schools_noncentered,1,bucketed,none,64,512,10,14,0.5305079519748688,0.4258692190051079,repeat indices align samples but methods were timed sequentially; use independent-resample intervals
8,eight_schools_noncentered,1,bucketed,none,64,512,10,15,0.5760420858860016,0.4385300576686859,repeat indices align samples but methods were timed sequentially; use independent-resample intervals
8,eight_schools_noncentered,1,bucketed,none,64,512,10,16,0.44601352512836456,0.4233214780688286,repeat indices align samples but methods were timed sequentially; use independent-resample intervals
8,eight_schools_noncentered,1,bucketed,none,64,512,10,17,0.507414922118187,0.489093117415905,repeat indices align samples but methods were timed sequentially; use independent-resample intervals
8,eight_schools_noncentered,1,bucketed,none,64,512,10,18,0.5832099616527557,0.49529360234737396,repeat indices align samples but methods were timed sequentially; use independent-resample intervals
8,eight_schools_noncentered,1,bucketed,none,64,512,10,19,0.536580815911293,0.4753778725862503,repeat indices align samples but methods were timed sequentially; use independent-resample intervals
8,eight_schools_noncentered,1,bucketed,none,64,512,10,20,0.5228167697787285,0.5304902195930481,repeat indices align samples but methods were timed sequentially; use independent-resample intervals
8,eight_schools_noncentered,1,bucketed,none,64,512,10,21,0.568420834839344,0.4479825869202614,repeat indices align samples but methods were timed sequentially; use independent-resample intervals
8,eight_schools_noncentered,1,bucketed,none,64,512,10,22,0.528729259967804,0.5055687800049782,repeat indices align samples but methods were timed sequentially; use independent-resample intervals
8,eight_schools_noncentered,1,bucketed,none,64,512,10,23,0.5863533392548561,0.4529128894209862,repeat indices align samples but methods were timed sequentially; use independent-resample intervals
8,eight_schools_noncentered,1,bucketed,none,64,512,10,24,0.5421913638710976,0.5041943192481995,repeat indices align samples but methods were timed sequentially; use independent-resample intervals
8,eight_schools_noncentered,1,bucketed,none,64,512,10,25,0.5782966986298561,0.4859127253293991,repeat indices align samples but methods were timed sequentially; use independent-resample intervals
8,eight_schools_noncentered,1,bucketed,none,64,512,10,26,0.5149813368916512,0.4303036257624626,repeat indices align samples but methods were timed sequentially; use independent-resample intervals
8,eight_schools_noncentered,1,bucketed,none,64,512,10,27,0.5349316522479057,0.3870123028755188,repeat indices align samples but methods were timed sequentially; use independent-resample intervals
8,eight_schools_noncentered,1,bucketed,none,64,512,10,28,0.516467772424221,0.48412882536649704,repeat indices align samples but methods were timed sequentially; use independent-resample intervals
8,eight_schools_noncentered,1,bucketed,none,64,512,10,29,0.5039228871464729,0.4766944870352745,repeat indices align samples but methods were timed sequentially; use independent-resample intervals
9,eight_schools_noncentered,1,bucketed,none,128,512,10,0,0.43112532794475555,0.4756280928850174,repeat indices align samples but methods were timed sequentially; use independent-resample intervals
9,eight_schools_noncentered,1,bucketed,none,128,512,10,1,0.44581664353609085,0.48825588822364807,repeat indices align samples but methods were timed sequentially; use independent-resample intervals
9,eight_schools_noncentered,1,bucketed,none,128,512,10,2,0.43132752925157547,0.5101094171404839,repeat indices align samples but methods were timed sequentially; use independent-resample intervals
9,eight_schools_noncentered,1,bucketed,none,128,512,10,3,0.48161107301712036,0.5142949149012566,repeat indices align samples but methods were timed sequentially; use independent-resample intervals
9,eight_schools_noncentered,1,bucketed,none,128,512,10,4,0.4676878973841667,0.5268143340945244,repeat indices align samples but methods were timed sequentially; use independent-resample intervals
9,eight_schools_noncentered,1,bucketed,none,128,512,10,5,0.4236273467540741,0.5341608002781868,repeat indices align samples but methods were timed sequentially; use independent-resample intervals
9,eight_schools_noncentered,1,bucketed,none,128,512,10,6,0.47975876182317734,0.5026913955807686,repeat indices align samples but methods were timed sequentially; use independent-resample intervals
9,eight_schools_noncentered,1,bucketed,none,128,512,10,7,0.4358254745602608,0.5142463147640228,repeat indices align samples but methods were timed sequentially; use independent-resample intervals
9,eight_schools_noncentered,1,bucketed,none,128,512,10,8,0.42544369399547577,0.42838507890701294,repeat indices align samples but methods were timed sequentially; use independent-resample intervals
9,eight_schools_noncentered,1,bucketed,none,128,512,10,9,0.468087799847126,0.439920037984848,repeat indices align samples but methods were timed sequentially; use independent-resample intervals
9,eight_schools_noncentered,1,bucketed,none,128,512,10,10,0.41678573191165924,0.4130012020468712,repeat indices align samples but methods were timed sequentially; use independent-resample intervals
9,eight_schools_noncentered,1,bucketed,none,128,512,10,11,0.4459541141986847,0.5437279716134071,repeat indices align samples but methods were timed sequentially; use independent-resample intervals
9,eight_schools_noncentered,1,bucketed,none,128,512,10,12,0.47126221656799316,0.45048677176237106,repeat indices align samples but methods were timed sequentially; use independent-resample intervals
9,eight_schools_noncentered,1,bucketed,none,128,512,10,13,0.5018165037035942,0.4839675650000572,repeat indices align samples but methods were timed sequentially; use independent-resample intervals
9,eight_schools_noncentered,1,bucketed,none,128,512,10,14,0.47888730466365814,0.4258692190051079,repeat indices align samples but methods were timed sequentially; use independent-resample intervals
9,eight_schools_noncentered,1,bucketed,none,128,512,10,15,0.4718897268176079,0.4385300576686859,repeat indices align samples but methods were timed sequentially; use independent-resample intervals
9,eight_schools_noncentered,1,bucketed,none,128,512,10,16,0.43439362943172455,0.4233214780688286,repeat indices align samples but methods were timed sequentially; use independent-resample intervals
9,eight_schools_noncentered,1,bucketed,none,128,512,10,17,0.49440596252679825,0.489093117415905,repeat indices align samples but methods were timed sequentially; use independent-resample intervals
9,eight_schools_noncentered,1,bucketed,none,128,512,10,18,0.42770063877105713,0.49529360234737396,repeat indices align samples but methods were timed sequentially; use independent-resample intervals
9,eight_schools_noncentered,1,bucketed,none,128,512,10,19,0.41583120077848434,0.4753778725862503,repeat indices align samples but methods were timed sequentially; use independent-resample intervals
9,eight_schools_noncentered,1,bucketed,none,128,512,10,20,0.4787455424666405,0.5304902195930481,repeat indices align samples but methods were timed sequentially; use independent-resample intervals
9,eight_schools_noncentered,1,bucketed,none,128,512,10,21,0.43720901012420654,0.4479825869202614,repeat indices align samples but methods were timed sequentially; use independent-resample intervals
9,eight_schools_noncentered,1,bucketed,none,128,512,10,22,0.45714377611875534,0.5055687800049782,repeat indices align samples but methods were timed sequentially; use independent-resample intervals
9,eight_schools_noncentered,1,bucketed,none,128,512,10,23,0.45013945549726486,0.4529128894209862,repeat indices align samples but methods were timed sequentially; use independent-resample intervals
9,eight_schools_noncentered,1,bucketed,none,128,512,10,24,0.4577992707490921,0.5041943192481995,repeat indices align samples but methods were timed sequentially; use independent-resample intervals
9,eight_schools_noncentered,1,bucketed,none,128,512,10,25,0.4156585708260536,0.4859127253293991,repeat indices align samples but methods were timed sequentially; use independent-resample intervals
9,eight_schools_noncentered,1,bucketed,none,128,512,10,26,0.4491487294435501,0.4303036257624626,repeat indices align samples but methods were timed sequentially; use independent-resample intervals
9,eight_schools_noncentered,1,bucketed,none,128,512,10,27,0.4011317491531372,0.3870123028755188,repeat indices align samples but methods were timed sequentially; use independent-resample intervals
9,eight_schools_noncentered,1,bucketed,none,128,512,10,28,0.43303804844617844,0.48412882536649704,repeat indices align samples but methods were timed sequentially; use independent-resample intervals
9,eight_schools_noncentered,1,bucketed,none,128,512,10,29,0.43244844675064087,0.4766944870352745,repeat indices align samples but methods were timed sequentially; use independent-resample intervals
10,eight_schools_noncentered,1,bucketed,history,64,512,10,0,0.4915543645620346,0.4756280928850174,repeat indices align samples but methods were timed sequentially; use independent-resample intervals
10,eight_schools_noncentered,1,bucketed,history,64,512,10,1,0.44916650652885437,0.48825588822364807,repeat indices align samples but methods were timed sequentially; use independent-resample intervals
10,eight_schools_noncentered,1,bucketed,history,64,512,10,2,0.5723075196146965,0.5101094171404839,repeat indices align samples but methods were timed sequentially; use independent-resample intervals
10,eight_schools_noncentered,1,bucketed,history,64,512,10,3,0.46149247884750366,0.5142949149012566,repeat indices align samples but methods were timed sequentially; use independent-resample intervals
10,eight_schools_noncentered,1,bucketed,history,64,512,10,4,0.5358965992927551,0.5268143340945244,repeat indices align samples but methods were timed sequentially; use independent-resample intervals
10,eight_schools_noncentered,1,bucketed,history,64,512,10,5,0.5452644526958466,0.5341608002781868,repeat indices align samples but methods were timed sequentially; use independent-resample intervals
10,eight_schools_noncentered,1,bucketed,history,64,512,10,6,0.5230772718787193,0.5026913955807686,repeat indices align samples but methods were timed sequentially; use independent-resample intervals
10,eight_schools_noncentered,1,bucketed,history,64,512,10,7,0.49723903834819794,0.5142463147640228,repeat indices align samples but methods were timed sequentially; use independent-resample intervals
10,eight_schools_noncentered,1,bucketed,history,64,512,10,8,0.5335099622607231,0.42838507890701294,repeat indices align samples but methods were timed sequentially; use independent-resample intervals
10,eight_schools_noncentered,1,bucketed,history,64,512,10,9,0.47994060814380646,0.439920037984848,repeat indices align samples but methods were timed sequentially; use independent-resample intervals
10,eight_schools_noncentered,1,bucketed,history,64,512,10,10,0.5076024606823921,0.4130012020468712,repeat indices align samples but methods were timed sequentially; use independent-resample intervals
10,eight_schools_noncentered,1,bucketed,history,64,512,10,11,0.5721549019217491,0.5437279716134071,repeat indices align samples but methods were timed sequentially; use independent-resample intervals
10,eight_schools_noncentered,1,bucketed,history,64,512,10,12,0.43944811075925827,0.45048677176237106,repeat indices align samples but methods were timed sequentially; use independent-resample intervals
10,eight_schools_noncentered,1,bucketed,history,64,512,10,13,0.461765319108963,0.4839675650000572,repeat indices align samples but methods were timed sequentially; use independent-resample intervals
10,eight_schools_noncentered,1,bucketed,history,64,512,10,14,0.4185679405927658,0.4258692190051079,repeat indices align samples but methods were timed sequentially; use independent-resample intervals
10,eight_schools_noncentered,1,bucketed,history,64,512,10,15,0.4996006041765213,0.4385300576686859,repeat indices align samples but methods were timed sequentially; use independent-resample intervals
10,eight_schools_noncentered,1,bucketed,history,64,512,10,16,0.5442269667983055,0.4233214780688286,repeat indices align samples but methods were timed sequentially; use independent-resample intervals
10,eight_schools_noncentered,1,bucketed,history,64,512,10,17,0.49068818241357803,0.489093117415905,repeat indices align samples but methods were timed sequentially; use independent-resample intervals
10,eight_schools_noncentered,1,bucketed,history,64,512,10,18,0.5378166139125824,0.49529360234737396,repeat indices align samples but methods were timed sequentially; use independent-resample intervals
10,eight_schools_noncentered,1,bucketed,history,64,512,10,19,0.5159359872341156,0.4753778725862503,repeat indices align samples but methods were timed sequentially; use independent-resample intervals
10,eight_schools_noncentered,1,bucketed,history,64,512,10,20,0.4682679697871208,0.5304902195930481,repeat indices align samples but methods were timed sequentially; use independent-resample intervals
10,eight_schools_noncentered,1,bucketed,history,64,512,10,21,0.43470415472984314,0.4479825869202614,repeat indices align samples but methods were timed sequentially; use independent-resample intervals
10,eight_schools_noncentered,1,bucketed,history,64,512,10,22,0.5497709438204765,0.5055687800049782,repeat indices align samples but methods were timed sequentially; use independent-resample intervals
10,eight_schools_noncentered,1,bucketed,history,64,512,10,23,0.525255098938942,0.4529128894209862,repeat indices align samples but methods were timed sequentially; use independent-resample intervals
10,eight_schools_noncentered,1,bucketed,history,64,512,10,24,0.5078496113419533,0.5041943192481995,repeat indices align samples but methods were timed sequentially; use independent-resample intervals
10,eight_schools_noncentered,1,bucketed,history,64,512,10,25,0.4446691647171974,0.4859127253293991,repeat indices align samples but methods were timed sequentially; use independent-resample intervals
10,eight_schools_noncentered,1,bucketed,history,64,512,10,26,0.5097857937216759,0.4303036257624626,repeat indices align samples but methods were timed sequentially; use independent-resample intervals
10,eight_schools_noncentered,1,bucketed,history,64,512,10,27,0.45273351669311523,0.3870123028755188,repeat indices align samples but methods were timed sequentially; use independent-resample intervals
10,eight_schools_noncentered,1,bucketed,history,64,512,10,28,0.4587441012263298,0.48412882536649704,repeat indices align samples but methods were timed sequentially; use independent-resample intervals
10,eight_schools_noncentered,1,bucketed,history,64,512,10,29,0.4247087389230728,0.4766944870352745,repeat indices align samples but methods were timed sequentially; use independent-resample intervals
11,eight_schools_noncentered,1,bucketed,history,128,512,10,0,0.48083866387605667,0.4756280928850174,repeat indices align samples but methods were timed sequentially; use independent-resample intervals
11,eight_schools_noncentered,1,bucketed,history,128,512,10,1,0.4591546654701233,0.48825588822364807,repeat indices align samples but methods were timed sequentially; use independent-resample intervals
11,eight_schools_noncentered,1,bucketed,history,128,512,10,2,0.46412215381860733,0.5101094171404839,repeat indices align samples but methods were timed sequentially; use independent-resample intervals
11,eight_schools_noncentered,1,bucketed,history,128,512,10,3,0.41150351613759995,0.5142949149012566,repeat indices align samples but methods were timed sequentially; use independent-resample intervals
11,eight_schools_noncentered,1,bucketed,history,128,512,10,4,0.44938769936561584,0.5268143340945244,repeat indices align samples but methods were timed sequentially; use independent-resample intervals
11,eight_schools_noncentered,1,bucketed,history,128,512,10,5,0.45671434700489044,0.5341608002781868,repeat indices align samples but methods were timed sequentially; use independent-resample intervals
11,eight_schools_noncentered,1,bucketed,history,128,512,10,6,0.42699966579675674,0.5026913955807686,repeat indices align samples but methods were timed sequentially; use independent-resample intervals
11,eight_schools_noncentered,1,bucketed,history,128,512,10,7,0.4362107068300247,0.5142463147640228,repeat indices align samples but methods were timed sequentially; use independent-resample intervals
11,eight_schools_noncentered,1,bucketed,history,128,512,10,8,0.41491135209798813,0.42838507890701294,repeat indices align samples but methods were timed sequentially; use independent-resample intervals
11,eight_schools_noncentered,1,bucketed,history,128,512,10,9,0.45063366740942,0.439920037984848,repeat indices align samples but methods were timed sequentially; use independent-resample intervals
11,eight_schools_noncentered,1,bucketed,history,128,512,10,10,0.4818275347352028,0.4130012020468712,repeat indices align samples but methods were timed sequentially; use independent-resample intervals
11,eight_schools_noncentered,1,bucketed,history,128,512,10,11,0.41969484090805054,0.5437279716134071,repeat indices align samples but methods were timed sequentially; use independent-resample intervals
11,eight_schools_noncentered,1,bucketed,history,128,512,10,12,0.44409672915935516,0.45048677176237106,repeat indices align samples but methods were timed sequentially; use independent-resample intervals
11,eight_schools_noncentered,1,bucketed,history,128,512,10,13,0.523501344025135,0.4839675650000572,repeat indices align samples but methods were timed sequentially; use independent-resample intervals
11,eight_schools_noncentered,1,bucketed,history,128,512,10,14,0.5271334648132324,0.4258692190051079,repeat indices align samples but methods were timed sequentially; use independent-resample intervals
11,eight_schools_noncentered,1,bucketed,history,128,512,10,15,0.5123964250087738,0.4385300576686859,repeat indices align samples but methods were timed sequentially; use independent-resample intervals
11,eight_schools_noncentered,1,bucketed,history,128,512,10,16,0.6024507358670235,0.4233214780688286,repeat indices align samples but methods were timed sequentially; use independent-resample intervals
11,eight_schools_noncentered,1,bucketed,history,128,512,10,17,0.5587084740400314,0.489093117415905,repeat indices align samples but methods were timed sequentially; use independent-resample intervals
11,eight_schools_noncentered,1,bucketed,history,128,512,10,18,0.5269003808498383,0.49529360234737396,repeat indices align samples but methods were timed sequentially; use independent-resample intervals
11,eight_schools_noncentered,1,bucketed,history,128,512,10,19,0.5438974350690842,0.4753778725862503,repeat indices align samples but methods were timed sequentially; use independent-resample intervals
11,eight_schools_noncentered,1,bucketed,history,128,512,10,20,0.4797174260020256,0.5304902195930481,repeat indices align samples but methods were timed sequentially; use independent-resample intervals
11,eight_schools_noncentered,1,bucketed,history,128,512,10,21,0.4914967939257622,0.4479825869202614,repeat indices align samples but methods were timed sequentially; use independent-resample intervals
11,eight_schools_noncentered,1,bucketed,history,128,512,10,22,0.4434554651379585,0.5055687800049782,repeat indices align samples but methods were timed sequentially; use independent-resample intervals
11,eight_schools_noncentered,1,bucketed,history,128,512,10,23,0.4543604478240013,0.4529128894209862,repeat indices align samples but methods were timed sequentially; use independent-resample intervals
11,eight_schools_noncentered,1,bucketed,history,128,512,10,24,0.47559529542922974,0.5041943192481995,repeat indices align samples but methods were timed sequentially; use independent-resample intervals
11,eight_schools_noncentered,1,bucketed,history,128,512,10,25,0.45371415466070175,0.4859127253293991,repeat indices align samples but methods were timed sequentially; use independent-resample intervals
11,eight_schools_noncentered,1,bucketed,history,128,512,10,26,0.45088014006614685,0.4303036257624626,repeat indices align samples but methods were timed sequentially; use independent-resample intervals
11,eight_schools_noncentered,1,bucketed,history,128,512,10,27,0.4455143138766289,0.3870123028755188,repeat indices align samples but methods were timed sequentially; use independent-resample intervals
11,eight_schools_noncentered,1,bucketed,history,128,512,10,28,0.41878920793533325,0.48412882536649704,repeat indices align samples but methods were timed sequentially; use independent-resample intervals
11,eight_schools_noncentered,1,bucketed,history,128,512,10,29,0.44303518533706665,0.4766944870352745,repeat indices align samples but methods were timed sequentially; use independent-resample intervals
12,eight_schools_noncentered,1,bucketed,last_depth,64,512,10,0,0.48021412640810013,0.4756280928850174,repeat indices align samples but methods were timed sequentially; use independent-resample intervals
12,eight_schools_noncentered,1,bucketed,last_depth,64,512,10,1,0.5392176359891891,0.48825588822364807,repeat indices align samples but methods were timed sequentially; use independent-resample intervals
12,eight_schools_noncentered,1,bucketed,last_depth,64,512,10,2,0.5119248554110527,0.5101094171404839,repeat indices align samples but methods were timed sequentially; use independent-resample intervals
12,eight_schools_noncentered,1,bucketed,last_depth,64,512,10,3,0.4976218417286873,0.5142949149012566,repeat indices align samples but methods were timed sequentially; use independent-resample intervals
12,eight_schools_noncentered,1,bucketed,last_depth,64,512,10,4,0.5156073272228241,0.5268143340945244,repeat indices align samples but methods were timed sequentially; use independent-resample intervals
12,eight_schools_noncentered,1,bucketed,last_depth,64,512,10,5,0.5165633261203766,0.5341608002781868,repeat indices align samples but methods were timed sequentially; use independent-resample intervals
12,eight_schools_noncentered,1,bucketed,last_depth,64,512,10,6,0.5696295723319054,0.5026913955807686,repeat indices align samples but methods were timed sequentially; use independent-resample intervals
12,eight_schools_noncentered,1,bucketed,last_depth,64,512,10,7,0.5605788081884384,0.5142463147640228,repeat indices align samples but methods were timed sequentially; use independent-resample intervals
12,eight_schools_noncentered,1,bucketed,last_depth,64,512,10,8,0.53349269926548,0.42838507890701294,repeat indices align samples but methods were timed sequentially; use independent-resample intervals
12,eight_schools_noncentered,1,bucketed,last_depth,64,512,10,9,0.47673872858285904,0.439920037984848,repeat indices align samples but methods were timed sequentially; use independent-resample intervals
12,eight_schools_noncentered,1,bucketed,last_depth,64,512,10,10,0.45930756628513336,0.4130012020468712,repeat indices align samples but methods were timed sequentially; use independent-resample intervals
12,eight_schools_noncentered,1,bucketed,last_depth,64,512,10,11,0.49916329979896545,0.5437279716134071,repeat indices align samples but methods were timed sequentially; use independent-resample intervals
12,eight_schools_noncentered,1,bucketed,last_depth,64,512,10,12,0.5409779995679855,0.45048677176237106,repeat indices align samples but methods were timed sequentially; use independent-resample intervals
12,eight_schools_noncentered,1,bucketed,last_depth,64,512,10,13,0.4748227596282959,0.4839675650000572,repeat indices align samples but methods were timed sequentially; use independent-resample intervals
12,eight_schools_noncentered,1,bucketed,last_depth,64,512,10,14,0.5715540200471878,0.4258692190051079,repeat indices align samples but methods were timed sequentially; use independent-resample intervals
12,eight_schools_noncentered,1,bucketed,last_depth,64,512,10,15,0.47945018112659454,0.4385300576686859,repeat indices align samples but methods were timed sequentially; use independent-resample intervals
12,eight_schools_noncentered,1,bucketed,last_depth,64,512,10,16,0.49063633382320404,0.4233214780688286,repeat indices align samples but methods were timed sequentially; use independent-resample intervals
12,eight_schools_noncentered,1,bucketed,last_depth,64,512,10,17,0.528942234814167,0.489093117415905,repeat indices align samples but methods were timed sequentially; use independent-resample intervals
12,eight_schools_noncentered,1,bucketed,last_depth,64,512,10,18,0.5388259068131447,0.49529360234737396,repeat indices align samples but methods were timed sequentially; use independent-resample intervals
12,eight_schools_noncentered,1,bucketed,last_depth,64,512,10,19,0.607993558049202,0.4753778725862503,repeat indices align samples but methods were timed sequentially; use independent-resample intervals
12,eight_schools_noncentered,1,bucketed,last_depth,64,512,10,20,0.5590517520904541,0.5304902195930481,repeat indices align samples but methods were timed sequentially; use independent-resample intervals
12,eight_schools_noncentered,1,bucketed,last_depth,64,512,10,21,0.5231127068400383,0.4479825869202614,repeat indices align samples but methods were timed sequentially; use independent-resample intervals
12,eight_schools_noncentered,1,bucketed,last_depth,64,512,10,22,0.533484123647213,0.5055687800049782,repeat indices align samples but methods were timed sequentially; use independent-resample intervals
12,eight_schools_noncentered,1,bucketed,last_depth,64,512,10,23,0.5074641928076744,0.4529128894209862,repeat indices align samples but methods were timed sequentially; use independent-resample intervals
12,eight_schools_noncentered,1,bucketed,last_depth,64,512,10,24,0.5128665938973427,0.5041943192481995,repeat indices align samples but methods were timed sequentially; use independent-resample intervals
12,eight_schools_noncentered,1,bucketed,last_depth,64,512,10,25,0.5315749123692513,0.4859127253293991,repeat indices align samples but methods were timed sequentially; use independent-resample intervals
12,eight_schools_noncentered,1,bucketed,last_depth,64,512,10,26,0.5726226940751076,0.4303036257624626,repeat indices align samples but methods were timed sequentially; use independent-resample intervals
12,eight_schools_noncentered,1,bucketed,last_depth,64,512,10,27,0.5791887119412422,0.3870123028755188,repeat indices align samples but methods were timed sequentially; use independent-resample intervals
12,eight_schools_noncentered,1,bucketed,last_depth,64,512,10,28,0.5362399443984032,0.48412882536649704,repeat indices align samples but methods were timed sequentially; use independent-resample intervals
12,eight_schools_noncentered,1,bucketed,last_depth,64,512,10,29,0.4607277512550354,0.4766944870352745,repeat indices align samples but methods were timed sequentially; use independent-resample intervals
13,eight_schools_noncentered,1,bucketed,last_depth,128,512,10,0,0.44886527955532074,0.4756280928850174,repeat indices align samples but methods were timed sequentially; use independent-resample intervals
13,eight_schools_noncentered,1,bucketed,last_depth,128,512,10,1,0.4316679686307907,0.48825588822364807,repeat indices align samples but methods were timed sequentially; use independent-resample intervals
13,eight_schools_noncentered,1,bucketed,last_depth,128,512,10,2,0.4904276579618454,0.5101094171404839,repeat indices align samples but methods were timed sequentially; use independent-resample intervals
13,eight_schools_noncentered,1,bucketed,last_depth,128,512,10,3,0.4320240467786789,0.5142949149012566,repeat indices align samples but methods were timed sequentially; use independent-resample intervals
13,eight_schools_noncentered,1,bucketed,last_depth,128,512,10,4,0.5142793580889702,0.5268143340945244,repeat indices align samples but methods were timed sequentially; use independent-resample intervals
13,eight_schools_noncentered,1,bucketed,last_depth,128,512,10,5,0.46539463847875595,0.5341608002781868,repeat indices align samples but methods were timed sequentially; use independent-resample intervals
13,eight_schools_noncentered,1,bucketed,last_depth,128,512,10,6,0.4818395674228668,0.5026913955807686,repeat indices align samples but methods were timed sequentially; use independent-resample intervals
13,eight_schools_noncentered,1,bucketed,last_depth,128,512,10,7,0.4521254375576973,0.5142463147640228,repeat indices align samples but methods were timed sequentially; use independent-resample intervals
13,eight_schools_noncentered,1,bucketed,last_depth,128,512,10,8,0.4486587420105934,0.42838507890701294,repeat indices align samples but methods were timed sequentially; use independent-resample intervals
13,eight_schools_noncentered,1,bucketed,last_depth,128,512,10,9,0.42028531432151794,0.439920037984848,repeat indices align samples but methods were timed sequentially; use independent-resample intervals
13,eight_schools_noncentered,1,bucketed,last_depth,128,512,10,10,0.44132187217473984,0.4130012020468712,repeat indices align samples but methods were timed sequentially; use independent-resample intervals
13,eight_schools_noncentered,1,bucketed,last_depth,128,512,10,11,0.4422001913189888,0.5437279716134071,repeat indices align samples but methods were timed sequentially; use independent-resample intervals
13,eight_schools_noncentered,1,bucketed,last_depth,128,512,10,12,0.4217182993888855,0.45048677176237106,repeat indices align samples but methods were timed sequentially; use independent-resample intervals
13,eight_schools_noncentered,1,bucketed,last_depth,128,512,10,13,0.4885067790746689,0.4839675650000572,repeat indices align samples but methods were timed sequentially; use independent-resample intervals
13,eight_schools_noncentered,1,bucketed,last_depth,128,512,10,14,0.418399453163147,0.4258692190051079,repeat indices align samples but methods were timed sequentially; use independent-resample intervals
13,eight_schools_noncentered,1,bucketed,last_depth,128,512,10,15,0.46095606684684753,0.4385300576686859,repeat indices align samples but methods were timed sequentially; use independent-resample intervals
13,eight_schools_noncentered,1,bucketed,last_depth,128,512,10,16,0.47059260308742523,0.4233214780688286,repeat indices align samples but methods were timed sequentially; use independent-resample intervals
13,eight_schools_noncentered,1,bucketed,last_depth,128,512,10,17,0.4746222496032715,0.489093117415905,repeat indices align samples but methods were timed sequentially; use independent-resample intervals
13,eight_schools_noncentered,1,bucketed,last_depth,128,512,10,18,0.4492711201310158,0.49529360234737396,repeat indices align samples but methods were timed sequentially; use independent-resample intervals
13,eight_schools_noncentered,1,bucketed,last_depth,128,512,10,19,0.4879324361681938,0.4753778725862503,repeat indices align samples but methods were timed sequentially; use independent-resample intervals
13,eight_schools_noncentered,1,bucketed,last_depth,128,512,10,20,0.4851132333278656,0.5304902195930481,repeat indices align samples but methods were timed sequentially; use independent-resample intervals
13,eight_schools_noncentered,1,bucketed,last_depth,128,512,10,21,0.42461516708135605,0.4479825869202614,repeat indices align samples but methods were timed sequentially; use independent-resample intervals
13,eight_schools_noncentered,1,bucketed,last_depth,128,512,10,22,0.448237344622612,0.5055687800049782,repeat indices align samples but methods were timed sequentially; use independent-resample intervals
13,eight_schools_noncentered,1,bucketed,last_depth,128,512,10,23,0.4633299708366394,0.4529128894209862,repeat indices align samples but methods were timed sequentially; use independent-resample intervals
13,eight_schools_noncentered,1,bucketed,last_depth,128,512,10,24,0.4636681377887726,0.5041943192481995,repeat indices align samples but methods were timed sequentially; use independent-resample intervals
13,eight_schools_noncentered,1,bucketed,last_depth,128,512,10,25,0.4556121826171875,0.4859127253293991,repeat indices align samples but methods were timed sequentially; use independent-resample intervals
13,eight_schools_noncentered,1,bucketed,last_depth,128,512,10,26,0.4996548295021057,0.4303036257624626,repeat indices align samples but methods were timed sequentially; use independent-resample intervals
13,eight_schools_noncentered,1,bucketed,last_depth,128,512,10,27,0.48149293661117554,0.3870123028755188,repeat indices align samples but methods were timed sequentially; use independent-resample intervals
13,eight_schools_noncentered,1,bucketed,last_depth,128,512,10,28,0.39639735221862793,0.48412882536649704,repeat indices align samples but methods were timed sequentially; use independent-resample intervals
13,eight_schools_noncentered,1,bucketed,last_depth,128,512,10,29,0.48257964849472046,0.4766944870352745,repeat indices align samples but methods were timed sequentially; use independent-resample intervals
14,eight_schools_noncentered,2,monolithic,monolithic,0,512,10,0,0.443700835108757,0.443700835108757,repeat indices align samples but methods were timed sequentially; use independent-resample intervals
14,eight_schools_noncentered,2,monolithic,monolithic,0,512,10,1,0.43713197857141495,0.43713197857141495,repeat indices align samples but methods were timed sequentially; use independent-resample intervals
14,eight_schools_noncentered,2,monolithic,monolithic,0,512,10,2,0.448868028819561,0.448868028819561,repeat indices align samples but methods were timed sequentially; use independent-resample intervals
14,eight_schools_noncentered,2,monolithic,monolithic,0,512,10,3,0.4649696350097656,0.4649696350097656,repeat indices align samples but methods were timed sequentially; use independent-resample intervals
14,eight_schools_noncentered,2,monolithic,monolithic,0,512,10,4,0.47980643808841705,0.47980643808841705,repeat indices align samples but methods were timed sequentially; use independent-resample intervals
14,eight_schools_noncentered,2,monolithic,monolithic,0,512,10,5,0.4092828705906868,0.4092828705906868,repeat indices align samples but methods were timed sequentially; use independent-resample intervals
14,eight_schools_noncentered,2,monolithic,monolithic,0,512,10,6,0.40270327031612396,0.40270327031612396,repeat indices align samples but methods were timed sequentially; use independent-resample intervals
14,eight_schools_noncentered,2,monolithic,monolithic,0,512,10,7,0.43468453735113144,0.43468453735113144,repeat indices align samples but methods were timed sequentially; use independent-resample intervals
14,eight_schools_noncentered,2,monolithic,monolithic,0,512,10,8,0.40979303419589996,0.40979303419589996,repeat indices align samples but methods were timed sequentially; use independent-resample intervals
14,eight_schools_noncentered,2,monolithic,monolithic,0,512,10,9,0.46112824976444244,0.46112824976444244,repeat indices align samples but methods were timed sequentially; use independent-resample intervals
14,eight_schools_noncentered,2,monolithic,monolithic,0,512,10,10,0.4332316294312477,0.4332316294312477,repeat indices align samples but methods were timed sequentially; use independent-resample intervals
14,eight_schools_noncentered,2,monolithic,monolithic,0,512,10,11,0.3740803524851799,0.3740803524851799,repeat indices align samples but methods were timed sequentially; use independent-resample intervals
14,eight_schools_noncentered,2,monolithic,monolithic,0,512,10,12,0.35058652609586716,0.35058652609586716,repeat indices align samples but methods were timed sequentially; use independent-resample intervals
14,eight_schools_noncentered,2,monolithic,monolithic,0,512,10,13,0.4067908525466919,0.4067908525466919,repeat indices align samples but methods were timed sequentially; use independent-resample intervals
14,eight_schools_noncentered,2,monolithic,monolithic,0,512,10,14,0.3656619116663933,0.3656619116663933,repeat indices align samples but methods were timed sequentially; use independent-resample intervals
14,eight_schools_noncentered,2,monolithic,monolithic,0,512,10,15,0.3910849019885063,0.3910849019885063,repeat indices align samples but methods were timed sequentially; use independent-resample intervals
14,eight_schools_noncentered,2,monolithic,monolithic,0,512,10,16,0.4283428117632866,0.4283428117632866,repeat indices align samples but methods were timed sequentially; use independent-resample intervals
14,eight_schools_noncentered,2,monolithic,monolithic,0,512,10,17,0.4119701161980629,0.4119701161980629,repeat indices align samples but methods were timed sequentially; use independent-resample intervals
14,eight_schools_noncentered,2,monolithic,monolithic,0,512,10,18,0.41488008946180344,0.41488008946180344,repeat indices align samples but methods were timed sequentially; use independent-resample intervals
14,eight_schools_noncentered,2,monolithic,monolithic,0,512,10,19,0.40098481625318527,0.40098481625318527,repeat indices align samples but methods were timed sequentially; use independent-resample intervals
14,eight_schools_noncentered,2,monolithic,monolithic,0,512,10,20,0.4276920482516289,0.4276920482516289,repeat indices align samples but methods were timed sequentially; use independent-resample intervals
14,eight_schools_noncentered,2,monolithic,monolithic,0,512,10,21,0.3912683203816414,0.3912683203816414,repeat indices align samples but methods were timed sequentially; use independent-resample intervals
14,eight_schools_noncentered,2,monolithic,monolithic,0,512,10,22,0.351827047765255,0.351827047765255,repeat indices align samples but methods were timed sequentially; use independent-resample intervals
14,eight_schools_noncentered,2,monolithic,monolithic,0,512,10,23,0.3297455981373787,0.3297455981373787,repeat indices align samples but methods were timed sequentially; use independent-resample intervals
14,eight_schools_noncentered,2,monolithic,monolithic,0,512,10,24,0.3889300525188446,0.3889300525188446,repeat indices align samples but methods were timed sequentially; use independent-resample intervals
14,eight_schools_noncentered,2,monolithic,monolithic,0,512,10,25,0.34804677963256836,0.34804677963256836,repeat indices align samples but methods were timed sequentially; use independent-resample intervals
14,eight_schools_noncentered,2,monolithic,monolithic,0,512,10,26,0.40387265384197235,0.40387265384197235,repeat indices align samples but methods were timed sequentially; use independent-resample intervals
14,eight_schools_noncentered,2,monolithic,monolithic,0,512,10,27,0.3990788012742996,0.3990788012742996,repeat indices align samples but methods were timed sequentially; use independent-resample intervals
14,eight_schools_noncentered,2,monolithic,monolithic,0,512,10,28,0.45061417669057846,0.45061417669057846,repeat indices align samples but methods were timed sequentially; use independent-resample intervals
14,eight_schools_noncentered,2,monolithic,monolithic,0,512,10,29,0.4737756848335266,0.4737756848335266,repeat indices align samples but methods were timed sequentially; use independent-resample intervals
15,eight_schools_noncentered,2,bucketed,none,64,512,10,0,0.5691544190049171,0.443700835108757,repeat indices align samples but methods were timed sequentially; use independent-resample intervals
15,eight_schools_noncentered,2,bucketed,none,64,512,10,1,0.5258506461977959,0.43713197857141495,repeat indices align samples but methods were timed sequentially; use independent-resample intervals
15,eight_schools_noncentered,2,bucketed,none,64,512,10,2,0.5765056163072586,0.448868028819561,repeat indices align samples but methods were timed sequentially; use independent-resample intervals
15,eight_schools_noncentered,2,bucketed,none,64,512,10,3,0.5681015774607658,0.4649696350097656,repeat indices align samples but methods were timed sequentially; use independent-resample intervals
15,eight_schools_noncentered,2,bucketed,none,64,512,10,4,0.4612579569220543,0.47980643808841705,repeat indices align samples but methods were timed sequentially; use independent-resample intervals
15,eight_schools_noncentered,2,bucketed,none,64,512,10,5,0.45834680646657944,0.4092828705906868,repeat indices align samples but methods were timed sequentially; use independent-resample intervals
15,eight_schools_noncentered,2,bucketed,none,64,512,10,6,0.4883996695280075,0.40270327031612396,repeat indices align samples but methods were timed sequentially; use independent-resample intervals
15,eight_schools_noncentered,2,bucketed,none,64,512,10,7,0.5008776113390923,0.43468453735113144,repeat indices align samples but methods were timed sequentially; use independent-resample intervals
15,eight_schools_noncentered,2,bucketed,none,64,512,10,8,0.5266615673899651,0.40979303419589996,repeat indices align samples but methods were timed sequentially; use independent-resample intervals
15,eight_schools_noncentered,2,bucketed,none,64,512,10,9,0.4472455456852913,0.46112824976444244,repeat indices align samples but methods were timed sequentially; use independent-resample intervals
15,eight_schools_noncentered,2,bucketed,none,64,512,10,10,0.4464317858219147,0.4332316294312477,repeat indices align samples but methods were timed sequentially; use independent-resample intervals
15,eight_schools_noncentered,2,bucketed,none,64,512,10,11,0.640823483467102,0.3740803524851799,repeat indices align samples but methods were timed sequentially; use independent-resample intervals
15,eight_schools_noncentered,2,bucketed,none,64,512,10,12,0.5217572748661041,0.35058652609586716,repeat indices align samples but methods were timed sequentially; use independent-resample intervals
15,eight_schools_noncentered,2,bucketed,none,64,512,10,13,0.5002880021929741,0.4067908525466919,repeat indices align samples but methods were timed sequentially; use independent-resample intervals
15,eight_schools_noncentered,2,bucketed,none,64,512,10,14,0.5587614551186562,0.3656619116663933,repeat indices align samples but methods were timed sequentially; use independent-resample intervals
15,eight_schools_noncentered,2,bucketed,none,64,512,10,15,0.5663270503282547,0.3910849019885063,repeat indices align samples but methods were timed sequentially; use independent-resample intervals
15,eight_schools_noncentered,2,bucketed,none,64,512,10,16,0.5779968649148941,0.4283428117632866,repeat indices align samples but methods were timed sequentially; use independent-resample intervals
15,eight_schools_noncentered,2,bucketed,none,64,512,10,17,0.5115282312035561,0.4119701161980629,repeat indices align samples but methods were timed sequentially; use independent-resample intervals
15,eight_schools_noncentered,2,bucketed,none,64,512,10,18,0.5773094370961189,0.41488008946180344,repeat indices align samples but methods were timed sequentially; use independent-resample intervals
15,eight_schools_noncentered,2,bucketed,none,64,512,10,19,0.6745018288493156,0.40098481625318527,repeat indices align samples but methods were timed sequentially; use independent-resample intervals
15,eight_schools_noncentered,2,bucketed,none,64,512,10,20,0.5637887790799141,0.4276920482516289,repeat indices align samples but methods were timed sequentially; use independent-resample intervals
15,eight_schools_noncentered,2,bucketed,none,64,512,10,21,0.4238790199160576,0.3912683203816414,repeat indices align samples but methods were timed sequentially; use independent-resample intervals
15,eight_schools_noncentered,2,bucketed,none,64,512,10,22,0.4841564819216728,0.351827047765255,repeat indices align samples but methods were timed sequentially; use independent-resample intervals
15,eight_schools_noncentered,2,bucketed,none,64,512,10,23,0.46232014894485474,0.3297455981373787,repeat indices align samples but methods were timed sequentially; use independent-resample intervals
15,eight_schools_noncentered,2,bucketed,none,64,512,10,24,0.5628794729709625,0.3889300525188446,repeat indices align samples but methods were timed sequentially; use independent-resample intervals
15,eight_schools_noncentered,2,bucketed,none,64,512,10,25,0.5026978850364685,0.34804677963256836,repeat indices align samples but methods were timed sequentially; use independent-resample intervals
15,eight_schools_noncentered,2,bucketed,none,64,512,10,26,0.4556128829717636,0.40387265384197235,repeat indices align samples but methods were timed sequentially; use independent-resample intervals
15,eight_schools_noncentered,2,bucketed,none,64,512,10,27,0.44106514006853104,0.3990788012742996,repeat indices align samples but methods were timed sequentially; use independent-resample intervals
15,eight_schools_noncentered,2,bucketed,none,64,512,10,28,0.42784328758716583,0.45061417669057846,repeat indices align samples but methods were timed sequentially; use independent-resample intervals
15,eight_schools_noncentered,2,bucketed,none,64,512,10,29,0.4976048022508621,0.4737756848335266,repeat indices align samples but methods were timed sequentially; use independent-resample intervals
16,eight_schools_noncentered,2,bucketed,none,128,512,10,0,0.40538809448480606,0.443700835108757,repeat indices align samples but methods were timed sequentially; use independent-resample intervals
16,eight_schools_noncentered,2,bucketed,none,128,512,10,1,0.43118806183338165,0.43713197857141495,repeat indices align samples but methods were timed sequentially; use independent-resample intervals
16,eight_schools_noncentered,2,bucketed,none,128,512,10,2,0.4651988223195076,0.448868028819561,repeat indices align samples but methods were timed sequentially; use independent-resample intervals
16,eight_schools_noncentered,2,bucketed,none,128,512,10,3,0.39433465152978897,0.4649696350097656,repeat indices align samples but methods were timed sequentially; use independent-resample intervals
16,eight_schools_noncentered,2,bucketed,none,128,512,10,4,0.39458104968070984,0.47980643808841705,repeat indices align samples but methods were timed sequentially; use independent-resample intervals
16,eight_schools_noncentered,2,bucketed,none,128,512,10,5,0.39499659836292267,0.4092828705906868,repeat indices align samples but methods were timed sequentially; use independent-resample intervals
16,eight_schools_noncentered,2,bucketed,none,128,512,10,6,0.4165179505944252,0.40270327031612396,repeat indices align samples but methods were timed sequentially; use independent-resample intervals
16,eight_schools_noncentered,2,bucketed,none,128,512,10,7,0.452744297683239,0.43468453735113144,repeat indices align samples but methods were timed sequentially; use independent-resample intervals
16,eight_schools_noncentered,2,bucketed,none,128,512,10,8,0.49262334406375885,0.40979303419589996,repeat indices align samples but methods were timed sequentially; use independent-resample intervals
16,eight_schools_noncentered,2,bucketed,none,128,512,10,9,0.5043758600950241,0.46112824976444244,repeat indices align samples but methods were timed sequentially; use independent-resample intervals
16,eight_schools_noncentered,2,bucketed,none,128,512,10,10,0.41820939630270004,0.4332316294312477,repeat indices align samples but methods were timed sequentially; use independent-resample intervals
16,eight_schools_noncentered,2,bucketed,none,128,512,10,11,0.4147216007113457,0.3740803524851799,repeat indices align samples but methods were timed sequentially; use independent-resample intervals
16,eight_schools_noncentered,2,bucketed,none,128,512,10,12,0.42840393632650375,0.35058652609586716,repeat indices align samples but methods were timed sequentially; use independent-resample intervals
16,eight_schools_noncentered,2,bucketed,none,128,512,10,13,0.4302038326859474,0.4067908525466919,repeat indices align samples but methods were timed sequentially; use independent-resample intervals
16,eight_schools_noncentered,2,bucketed,none,128,512,10,14,0.41635148227214813,0.3656619116663933,repeat indices align samples but methods were timed sequentially; use independent-resample intervals
16,eight_schools_noncentered,2,bucketed,none,128,512,10,15,0.42898277938365936,0.3910849019885063,repeat indices align samples but methods were timed sequentially; use independent-resample intervals
16,eight_schools_noncentered,2,bucketed,none,128,512,10,16,0.44677775353193283,0.4283428117632866,repeat indices align samples but methods were timed sequentially; use independent-resample intervals
16,eight_schools_noncentered,2,bucketed,none,128,512,10,17,0.4102899506688118,0.4119701161980629,repeat indices align samples but methods were timed sequentially; use independent-resample intervals
16,eight_schools_noncentered,2,bucketed,none,128,512,10,18,0.4976084530353546,0.41488008946180344,repeat indices align samples but methods were timed sequentially; use independent-resample intervals
16,eight_schools_noncentered,2,bucketed,none,128,512,10,19,0.4304966330528259,0.40098481625318527,repeat indices align samples but methods were timed sequentially; use independent-resample intervals
16,eight_schools_noncentered,2,bucketed,none,128,512,10,20,0.4457974210381508,0.4276920482516289,repeat indices align samples but methods were timed sequentially; use independent-resample intervals
16,eight_schools_noncentered,2,bucketed,none,128,512,10,21,0.4298018589615822,0.3912683203816414,repeat indices align samples but methods were timed sequentially; use independent-resample intervals
16,eight_schools_noncentered,2,bucketed,none,128,512,10,22,0.4091406613588333,0.351827047765255,repeat indices align samples but methods were timed sequentially; use independent-resample intervals
16,eight_schools_noncentered,2,bucketed,none,128,512,10,23,0.4021710529923439,0.3297455981373787,repeat indices align samples but methods were timed sequentially; use independent-resample intervals
16,eight_schools_noncentered,2,bucketed,none,128,512,10,24,0.42730746418237686,0.3889300525188446,repeat indices align samples but methods were timed sequentially; use independent-resample intervals
16,eight_schools_noncentered,2,bucketed,none,128,512,10,25,0.400754876434803,0.34804677963256836,repeat indices align samples but methods were timed sequentially; use independent-resample intervals
16,eight_schools_noncentered,2,bucketed,none,128,512,10,26,0.45334799587726593,0.40387265384197235,repeat indices align samples but methods were timed sequentially; use independent-resample intervals
16,eight_schools_noncentered,2,bucketed,none,128,512,10,27,0.39318373799324036,0.3990788012742996,repeat indices align samples but methods were timed sequentially; use independent-resample intervals
16,eight_schools_noncentered,2,bucketed,none,128,512,10,28,0.45934924483299255,0.45061417669057846,repeat indices align samples but methods were timed sequentially; use independent-resample intervals
16,eight_schools_noncentered,2,bucketed,none,128,512,10,29,0.4594798907637596,0.4737756848335266,repeat indices align samples but methods were timed sequentially; use independent-resample intervals
17,eight_schools_noncentered,2,bucketed,history,64,512,10,0,0.47022655606269836,0.443700835108757,repeat indices align samples but methods were timed sequentially; use independent-resample intervals
17,eight_schools_noncentered,2,bucketed,history,64,512,10,1,0.441256120800972,0.43713197857141495,repeat indices align samples but methods were timed sequentially; use independent-resample intervals
17,eight_schools_noncentered,2,bucketed,history,64,512,10,2,0.4729301705956459,0.448868028819561,repeat indices align samples but methods were timed sequentially; use independent-resample intervals
17,eight_schools_noncentered,2,bucketed,history,64,512,10,3,0.431367889046669,0.4649696350097656,repeat indices align samples but methods were timed sequentially; use independent-resample intervals
17,eight_schools_noncentered,2,bucketed,history,64,512,10,4,0.46336421370506287,0.47980643808841705,repeat indices align samples but methods were timed sequentially; use independent-resample intervals
17,eight_schools_noncentered,2,bucketed,history,64,512,10,5,0.40904170274734497,0.4092828705906868,repeat indices align samples but methods were timed sequentially; use independent-resample intervals
17,eight_schools_noncentered,2,bucketed,history,64,512,10,6,0.4378143921494484,0.40270327031612396,repeat indices align samples but methods were timed sequentially; use independent-resample intervals
17,eight_schools_noncentered,2,bucketed,history,64,512,10,7,0.47966259717941284,0.43468453735113144,repeat indices align samples but methods were timed sequentially; use independent-resample intervals
17,eight_schools_noncentered,2,bucketed,history,64,512,10,8,0.4529021978378296,0.40979303419589996,repeat indices align samples but methods were timed sequentially; use independent-resample intervals
17,eight_schools_noncentered,2,bucketed,history,64,512,10,9,0.43313024938106537,0.46112824976444244,repeat indices align samples but methods were timed sequentially; use independent-resample intervals
17,eight_schools_noncentered,2,bucketed,history,64,512,10,10,0.4380550682544708,0.4332316294312477,repeat indices align samples but methods were timed sequentially; use independent-resample intervals
17,eight_schools_noncentered,2,bucketed,history,64,512,10,11,0.5183307304978371,0.3740803524851799,repeat indices align samples but methods were timed sequentially; use independent-resample intervals
17,eight_schools_noncentered,2,bucketed,history,64,512,10,12,0.443547748029232,0.35058652609586716,repeat indices align samples but methods were timed sequentially; use independent-resample intervals
17,eight_schools_noncentered,2,bucketed,history,64,512,10,13,0.42496833950281143,0.4067908525466919,repeat indices align samples but methods were timed sequentially; use independent-resample intervals
17,eight_schools_noncentered,2,bucketed,history,64,512,10,14,0.5125103816390038,0.3656619116663933,repeat indices align samples but methods were timed sequentially; use independent-resample intervals
17,eight_schools_noncentered,2,bucketed,history,64,512,10,15,0.4540996477007866,0.3910849019885063,repeat indices align samples but methods were timed sequentially; use independent-resample intervals
17,eight_schools_noncentered,2,bucketed,history,64,512,10,16,0.43188007920980453,0.4283428117632866,repeat indices align samples but methods were timed sequentially; use independent-resample intervals
17,eight_schools_noncentered,2,bucketed,history,64,512,10,17,0.46189649403095245,0.4119701161980629,repeat indices align samples but methods were timed sequentially; use independent-resample intervals
17,eight_schools_noncentered,2,bucketed,history,64,512,10,18,0.5102531090378761,0.41488008946180344,repeat indices align samples but methods were timed sequentially; use independent-resample intervals
17,eight_schools_noncentered,2,bucketed,history,64,512,10,19,0.43051229417324066,0.40098481625318527,repeat indices align samples but methods were timed sequentially; use independent-resample intervals
17,eight_schools_noncentered,2,bucketed,history,64,512,10,20,0.4878477528691292,0.4276920482516289,repeat indices align samples but methods were timed sequentially; use independent-resample intervals
17,eight_schools_noncentered,2,bucketed,history,64,512,10,21,0.5093569234013557,0.3912683203816414,repeat indices align samples but methods were timed sequentially; use independent-resample intervals
17,eight_schools_noncentered,2,bucketed,history,64,512,10,22,0.49462535232305527,0.351827047765255,repeat indices align samples but methods were timed sequentially; use independent-resample intervals
17,eight_schools_noncentered,2,bucketed,history,64,512,10,23,0.4590803012251854,0.3297455981373787,repeat indices align samples but methods were timed sequentially; use independent-resample intervals
17,eight_schools_noncentered,2,bucketed,history,64,512,10,24,0.43523862957954407,0.3889300525188446,repeat indices align samples but methods were timed sequentially; use independent-resample intervals
17,eight_schools_noncentered,2,bucketed,history,64,512,10,25,0.423941045999527,0.34804677963256836,repeat indices align samples but methods were timed sequentially; use independent-resample intervals
17,eight_schools_noncentered,2,bucketed,history,64,512,10,26,0.42231352627277374,0.40387265384197235,repeat indices align samples but methods were timed sequentially; use independent-resample intervals
17,eight_schools_noncentered,2,bucketed,history,64,512,10,27,0.48168155550956726,0.3990788012742996,repeat indices align samples but methods were timed sequentially; use independent-resample intervals
17,eight_schools_noncentered,2,bucketed,history,64,512,10,28,0.4277023449540138,0.45061417669057846,repeat indices align samples but methods were timed sequentially; use independent-resample intervals
17,eight_schools_noncentered,2,bucketed,history,64,512,10,29,0.5123856142163277,0.4737756848335266,repeat indices align samples but methods were timed sequentially; use independent-resample intervals
18,eight_schools_noncentered,2,bucketed,history,128,512,10,0,0.41040123999118805,0.443700835108757,repeat indices align samples but methods were timed sequentially; use independent-resample intervals
18,eight_schools_noncentered,2,bucketed,history,128,512,10,1,0.39062297344207764,0.43713197857141495,repeat indices align samples but methods were timed sequentially; use independent-resample intervals
18,eight_schools_noncentered,2,bucketed,history,128,512,10,2,0.42796555161476135,0.448868028819561,repeat indices align samples but methods were timed sequentially; use independent-resample intervals
18,eight_schools_noncentered,2,bucketed,history,128,512,10,3,0.39070455729961395,0.4649696350097656,repeat indices align samples but methods were timed sequentially; use independent-resample intervals
18,eight_schools_noncentered,2,bucketed,history,128,512,10,4,0.43261683732271194,0.47980643808841705,repeat indices align samples but methods were timed sequentially; use independent-resample intervals
18,eight_schools_noncentered,2,bucketed,history,128,512,10,5,0.4524773135781288,0.4092828705906868,repeat indices align samples but methods were timed sequentially; use independent-resample intervals
18,eight_schools_noncentered,2,bucketed,history,128,512,10,6,0.43579939752817154,0.40270327031612396,repeat indices align samples but methods were timed sequentially; use independent-resample intervals
18,eight_schools_noncentered,2,bucketed,history,128,512,10,7,0.43990934640169144,0.43468453735113144,repeat indices align samples but methods were timed sequentially; use independent-resample intervals
18,eight_schools_noncentered,2,bucketed,history,128,512,10,8,0.43762970715761185,0.40979303419589996,repeat indices align samples but methods were timed sequentially; use independent-resample intervals
18,eight_schools_noncentered,2,bucketed,history,128,512,10,9,0.44592682272195816,0.46112824976444244,repeat indices align samples but methods were timed sequentially; use independent-resample intervals
18,eight_schools_noncentered,2,bucketed,history,128,512,10,10,0.3986041620373726,0.4332316294312477,repeat indices align samples but methods were timed sequentially; use independent-resample intervals
18,eight_schools_noncentered,2,bucketed,history,128,512,10,11,0.45267267525196075,0.3740803524851799,repeat indices align samples but methods were timed sequentially; use independent-resample intervals
18,eight_schools_noncentered,2,bucketed,history,128,512,10,12,0.40075328946113586,0.35058652609586716,repeat indices align samples but methods were timed sequentially; use independent-resample intervals
18,eight_schools_noncentered,2,bucketed,history,128,512,10,13,0.46590936183929443,0.4067908525466919,repeat indices align samples but methods were timed sequentially; use independent-resample intervals
18,eight_schools_noncentered,2,bucketed,history,128,512,10,14,0.47095025330781937,0.3656619116663933,repeat indices align samples but methods were timed sequentially; use independent-resample intervals
18,eight_schools_noncentered,2,bucketed,history,128,512,10,15,0.45842934399843216,0.3910849019885063,repeat indices align samples but methods were timed sequentially; use independent-resample intervals
18,eight_schools_noncentered,2,bucketed,history,128,512,10,16,0.5405953675508499,0.4283428117632866,repeat indices align samples but methods were timed sequentially; use independent-resample intervals
18,eight_schools_noncentered,2,bucketed,history,128,512,10,17,0.46868785470724106,0.4119701161980629,repeat indices align samples but methods were timed sequentially; use independent-resample intervals
18,eight_schools_noncentered,2,bucketed,history,128,512,10,18,0.4579661935567856,0.41488008946180344,repeat indices align samples but methods were timed sequentially; use independent-resample intervals
18,eight_schools_noncentered,2,bucketed,history,128,512,10,19,0.4091884717345238,0.40098481625318527,repeat indices align samples but methods were timed sequentially; use independent-resample intervals
18,eight_schools_noncentered,2,bucketed,history,128,512,10,20,0.4164184257388115,0.4276920482516289,repeat indices align samples but methods were timed sequentially; use independent-resample intervals
18,eight_schools_noncentered,2,bucketed,history,128,512,10,21,0.4219549670815468,0.3912683203816414,repeat indices align samples but methods were timed sequentially; use independent-resample intervals
18,eight_schools_noncentered,2,bucketed,history,128,512,10,22,0.4363015443086624,0.351827047765255,repeat indices align samples but methods were timed sequentially; use independent-resample intervals
18,eight_schools_noncentered,2,bucketed,history,128,512,10,23,0.3988978937268257,0.3297455981373787,repeat indices align samples but methods were timed sequentially; use independent-resample intervals
18,eight_schools_noncentered,2,bucketed,history,128,512,10,24,0.4001079946756363,0.3889300525188446,repeat indices align samples but methods were timed sequentially; use independent-resample intervals
18,eight_schools_noncentered,2,bucketed,history,128,512,10,25,0.4242131859064102,0.34804677963256836,repeat indices align samples but methods were timed sequentially; use independent-resample intervals
18,eight_schools_noncentered,2,bucketed,history,128,512,10,26,0.416329562664032,0.40387265384197235,repeat indices align samples but methods were timed sequentially; use independent-resample intervals
18,eight_schools_noncentered,2,bucketed,history,128,512,10,27,0.4146800711750984,0.3990788012742996,repeat indices align samples but methods were timed sequentially; use independent-resample intervals
18,eight_schools_noncentered,2,bucketed,history,128,512,10,28,0.43827977031469345,0.45061417669057846,repeat indices align samples but methods were timed sequentially; use independent-resample intervals
18,eight_schools_noncentered,2,bucketed,history,128,512,10,29,0.4265558794140816,0.4737756848335266,repeat indices align samples but methods were timed sequentially; use independent-resample intervals
19,eight_schools_noncentered,2,bucketed,last_depth,64,512,10,0,0.5201667100191116,0.443700835108757,repeat indices align samples but methods were timed sequentially; use independent-resample intervals
19,eight_schools_noncentered,2,bucketed,last_depth,64,512,10,1,0.41570303589105606,0.43713197857141495,repeat indices align samples but methods were timed sequentially; use independent-resample intervals
19,eight_schools_noncentered,2,bucketed,last_depth,64,512,10,2,0.41821734607219696,0.448868028819561,repeat indices align samples but methods were timed sequentially; use independent-resample intervals
19,eight_schools_noncentered,2,bucketed,last_depth,64,512,10,3,0.5081530660390854,0.4649696350097656,repeat indices align samples but methods were timed sequentially; use independent-resample intervals
19,eight_schools_noncentered,2,bucketed,last_depth,64,512,10,4,0.5620493590831757,0.47980643808841705,repeat indices align samples but methods were timed sequentially; use independent-resample intervals
19,eight_schools_noncentered,2,bucketed,last_depth,64,512,10,5,0.4411007836461067,0.4092828705906868,repeat indices align samples but methods were timed sequentially; use independent-resample intervals
19,eight_schools_noncentered,2,bucketed,last_depth,64,512,10,6,0.45738333463668823,0.40270327031612396,repeat indices align samples but methods were timed sequentially; use independent-resample intervals
19,eight_schools_noncentered,2,bucketed,last_depth,64,512,10,7,0.4657284691929817,0.43468453735113144,repeat indices align samples but methods were timed sequentially; use independent-resample intervals
19,eight_schools_noncentered,2,bucketed,last_depth,64,512,10,8,0.49118153750896454,0.40979303419589996,repeat indices align samples but methods were timed sequentially; use independent-resample intervals
19,eight_schools_noncentered,2,bucketed,last_depth,64,512,10,9,0.4813041687011719,0.46112824976444244,repeat indices align samples but methods were timed sequentially; use independent-resample intervals
19,eight_schools_noncentered,2,bucketed,last_depth,64,512,10,10,0.5671000480651855,0.4332316294312477,repeat indices align samples but methods were timed sequentially; use independent-resample intervals
19,eight_schools_noncentered,2,bucketed,last_depth,64,512,10,11,0.49038374423980713,0.3740803524851799,repeat indices align samples but methods were timed sequentially; use independent-resample intervals
19,eight_schools_noncentered,2,bucketed,last_depth,64,512,10,12,0.4470519497990608,0.35058652609586716,repeat indices align samples but methods were timed sequentially; use independent-resample intervals
19,eight_schools_noncentered,2,bucketed,last_depth,64,512,10,13,0.49872085452079773,0.4067908525466919,repeat indices align samples but methods were timed sequentially; use independent-resample intervals
19,eight_schools_noncentered,2,bucketed,last_depth,64,512,10,14,0.4979683607816696,0.3656619116663933,repeat indices align samples but methods were timed sequentially; use independent-resample intervals
19,eight_schools_noncentered,2,bucketed,last_depth,64,512,10,15,0.4762301594018936,0.3910849019885063,repeat indices align samples but methods were timed sequentially; use independent-resample intervals
19,eight_schools_noncentered,2,bucketed,last_depth,64,512,10,16,0.4670358821749687,0.4283428117632866,repeat indices align samples but methods were timed sequentially; use independent-resample intervals
19,eight_schools_noncentered,2,bucketed,last_depth,64,512,10,17,0.45203229784965515,0.4119701161980629,repeat indices align samples but methods were timed sequentially; use independent-resample intervals
19,eight_schools_noncentered,2,bucketed,last_depth,64,512,10,18,0.5202642679214478,0.41488008946180344,repeat indices align samples but methods were timed sequentially; use independent-resample intervals
19,eight_schools_noncentered,2,bucketed,last_depth,64,512,10,19,0.5925229862332344,0.40098481625318527,repeat indices align samples but methods were timed sequentially; use independent-resample intervals
19,eight_schools_noncentered,2,bucketed,last_depth,64,512,10,20,0.5748494416475296,0.4276920482516289,repeat indices align samples but methods were timed sequentially; use independent-resample intervals
19,eight_schools_noncentered,2,bucketed,last_depth,64,512,10,21,0.5088369846343994,0.3912683203816414,repeat indices align samples but methods were timed sequentially; use independent-resample intervals
19,eight_schools_noncentered,2,bucketed,last_depth,64,512,10,22,0.4183163046836853,0.351827047765255,repeat indices align samples but methods were timed sequentially; use independent-resample intervals
19,eight_schools_noncentered,2,bucketed,last_depth,64,512,10,23,0.5219920352101326,0.3297455981373787,repeat indices align samples but methods were timed sequentially; use independent-resample intervals
19,eight_schools_noncentered,2,bucketed,last_depth,64,512,10,24,0.5895089283585548,0.3889300525188446,repeat indices align samples but methods were timed sequentially; use independent-resample intervals
19,eight_schools_noncentered,2,bucketed,last_depth,64,512,10,25,0.6166887432336807,0.34804677963256836,repeat indices align samples but methods were timed sequentially; use independent-resample intervals
19,eight_schools_noncentered,2,bucketed,last_depth,64,512,10,26,0.6035754606127739,0.40387265384197235,repeat indices align samples but methods were timed sequentially; use independent-resample intervals
19,eight_schools_noncentered,2,bucketed,last_depth,64,512,10,27,0.5782004222273827,0.3990788012742996,repeat indices align samples but methods were timed sequentially; use independent-resample intervals
19,eight_schools_noncentered,2,bucketed,last_depth,64,512,10,28,0.4843553602695465,0.45061417669057846,repeat indices align samples but methods were timed sequentially; use independent-resample intervals
19,eight_schools_noncentered,2,bucketed,last_depth,64,512,10,29,0.5002053752541542,0.4737756848335266,repeat indices align samples but methods were timed sequentially; use independent-resample intervals
20,eight_schools_noncentered,2,bucketed,last_depth,128,512,10,0,0.42322196066379547,0.443700835108757,repeat indices align samples but methods were timed sequentially; use independent-resample intervals
20,eight_schools_noncentered,2,bucketed,last_depth,128,512,10,1,0.41241803020238876,0.43713197857141495,repeat indices align samples but methods were timed sequentially; use independent-resample intervals
20,eight_schools_noncentered,2,bucketed,last_depth,128,512,10,2,0.39645741879940033,0.448868028819561,repeat indices align samples but methods were timed sequentially; use independent-resample intervals
20,eight_schools_noncentered,2,bucketed,last_depth,128,512,10,3,0.44751080870628357,0.4649696350097656,repeat indices align samples but methods were timed sequentially; use independent-resample intervals
20,eight_schools_noncentered,2,bucketed,last_depth,128,512,10,4,0.43184587359428406,0.47980643808841705,repeat indices align samples but methods were timed sequentially; use independent-resample intervals
20,eight_schools_noncentered,2,bucketed,last_depth,128,512,10,5,0.39522794634103775,0.4092828705906868,repeat indices align samples but methods were timed sequentially; use independent-resample intervals
20,eight_schools_noncentered,2,bucketed,last_depth,128,512,10,6,0.4326934441924095,0.40270327031612396,repeat indices align samples but methods were timed sequentially; use independent-resample intervals
20,eight_schools_noncentered,2,bucketed,last_depth,128,512,10,7,0.4499194845557213,0.43468453735113144,repeat indices align samples but methods were timed sequentially; use independent-resample intervals
20,eight_schools_noncentered,2,bucketed,last_depth,128,512,10,8,0.42325588315725327,0.40979303419589996,repeat indices align samples but methods were timed sequentially; use independent-resample intervals
20,eight_schools_noncentered,2,bucketed,last_depth,128,512,10,9,0.4681323394179344,0.46112824976444244,repeat indices align samples but methods were timed sequentially; use independent-resample intervals
20,eight_schools_noncentered,2,bucketed,last_depth,128,512,10,10,0.39902424067258835,0.4332316294312477,repeat indices align samples but methods were timed sequentially; use independent-resample intervals
20,eight_schools_noncentered,2,bucketed,last_depth,128,512,10,11,0.3893025144934654,0.3740803524851799,repeat indices align samples but methods were timed sequentially; use independent-resample intervals
20,eight_schools_noncentered,2,bucketed,last_depth,128,512,10,12,0.4385901093482971,0.35058652609586716,repeat indices align samples but methods were timed sequentially; use independent-resample intervals
20,eight_schools_noncentered,2,bucketed,last_depth,128,512,10,13,0.4523642063140869,0.4067908525466919,repeat indices align samples but methods were timed sequentially; use independent-resample intervals
20,eight_schools_noncentered,2,bucketed,last_depth,128,512,10,14,0.4424622729420662,0.3656619116663933,repeat indices align samples but methods were timed sequentially; use independent-resample intervals
20,eight_schools_noncentered,2,bucketed,last_depth,128,512,10,15,0.441287524998188,0.3910849019885063,repeat indices align samples but methods were timed sequentially; use independent-resample intervals
20,eight_schools_noncentered,2,bucketed,last_depth,128,512,10,16,0.4526945427060127,0.4283428117632866,repeat indices align samples but methods were timed sequentially; use independent-resample intervals
20,eight_schools_noncentered,2,bucketed,last_depth,128,512,10,17,0.4493561312556267,0.4119701161980629,repeat indices align samples but methods were timed sequentially; use independent-resample intervals
20,eight_schools_noncentered,2,bucketed,last_depth,128,512,10,18,0.4361497089266777,0.41488008946180344,repeat indices align samples but methods were timed sequentially; use independent-resample intervals
20,eight_schools_noncentered,2,bucketed,last_depth,128,512,10,19,0.43404825776815414,0.40098481625318527,repeat indices align samples but methods were timed sequentially; use independent-resample intervals
20,eight_schools_noncentered,2,bucketed,last_depth,128,512,10,20,0.41150445491075516,0.4276920482516289,repeat indices align samples but methods were timed sequentially; use independent-resample intervals
20,eight_schools_noncentered,2,bucketed,last_depth,128,512,10,21,0.4456734284758568,0.3912683203816414,repeat indices align samples but methods were timed sequentially; use independent-resample intervals
20,eight_schools_noncentered,2,bucketed,last_depth,128,512,10,22,0.4527205526828766,0.351827047765255,repeat indices align samples but methods were timed sequentially; use independent-resample intervals
20,eight_schools_noncentered,2,bucketed,last_depth,128,512,10,23,0.48121054470539093,0.3297455981373787,repeat indices align samples but methods were timed sequentially; use independent-resample intervals
20,eight_schools_noncentered,2,bucketed,last_depth,128,512,10,24,0.4746726155281067,0.3889300525188446,repeat indices align samples but methods were timed sequentially; use independent-resample intervals
20,eight_schools_noncentered,2,bucketed,last_depth,128,512,10,25,0.42621728777885437,0.34804677963256836,repeat indices align samples but methods were timed sequentially; use independent-resample intervals
20,eight_schools_noncentered,2,bucketed,last_depth,128,512,10,26,0.40442007035017014,0.40387265384197235,repeat indices align samples but methods were timed sequentially; use independent-resample intervals
20,eight_schools_noncentered,2,bucketed,last_depth,128,512,10,27,0.43655460327863693,0.3990788012742996,repeat indices align samples but methods were timed sequentially; use independent-resample intervals
20,eight_schools_noncentered,2,bucketed,last_depth,128,512,10,28,0.41079284250736237,0.45061417669057846,repeat indices align samples but methods were timed sequentially; use independent-resample intervals
20,eight_schools_noncentered,2,bucketed,last_depth,128,512,10,29,0.41817382723093033,0.4737756848335266,repeat indices align samples but methods were timed sequentially; use independent-resample intervals
21,eight_schools_noncentered,3,monolithic,monolithic,0,512,10,0,0.39437826722860336,0.39437826722860336,repeat indices align samples but methods were timed sequentially; use independent-resample intervals
21,eight_schools_noncentered,3,monolithic,monolithic,0,512,10,1,0.3799857869744301,0.3799857869744301,repeat indices align samples but methods were timed sequentially; use independent-resample intervals
21,eight_schools_noncentered,3,monolithic,monolithic,0,512,10,2,0.4031392112374306,0.4031392112374306,repeat indices align samples but methods were timed sequentially; use independent-resample intervals
21,eight_schools_noncentered,3,monolithic,monolithic,0,512,10,3,0.4427393898367882,0.4427393898367882,repeat indices align samples but methods were timed sequentially; use independent-resample intervals
21,eight_schools_noncentered,3,monolithic,monolithic,0,512,10,4,0.41554201394319534,0.41554201394319534,repeat indices align samples but methods were timed sequentially; use independent-resample intervals
21,eight_schools_noncentered,3,monolithic,monolithic,0,512,10,5,0.39745206385850906,0.39745206385850906,repeat indices align samples but methods were timed sequentially; use independent-resample intervals
21,eight_schools_noncentered,3,monolithic,monolithic,0,512,10,6,0.38382699340581894,0.38382699340581894,repeat indices align samples but methods were timed sequentially; use independent-resample intervals
21,eight_schools_noncentered,3,monolithic,monolithic,0,512,10,7,0.3288428261876106,0.3288428261876106,repeat indices align samples but methods were timed sequentially; use independent-resample intervals
21,eight_schools_noncentered,3,monolithic,monolithic,0,512,10,8,0.42410602420568466,0.42410602420568466,repeat indices align samples but methods were timed sequentially; use independent-resample intervals
21,eight_schools_noncentered,3,monolithic,monolithic,0,512,10,9,0.4545115977525711,0.4545115977525711,repeat indices align samples but methods were timed sequentially; use independent-resample intervals
21,eight_schools_noncentered,3,monolithic,monolithic,0,512,10,10,0.36725106835365295,0.36725106835365295,repeat indices align samples but methods were timed sequentially; use independent-resample intervals
21,eight_schools_noncentered,3,monolithic,monolithic,0,512,10,11,0.41452088952064514,0.41452088952064514,repeat indices align samples but methods were timed sequentially; use independent-resample intervals
21,eight_schools_noncentered,3,monolithic,monolithic,0,512,10,12,0.33400410413742065,0.33400410413742065,repeat indices align samples but methods were timed sequentially; use independent-resample intervals
21,eight_schools_noncentered,3,monolithic,monolithic,0,512,10,13,0.43280453979969025,0.43280453979969025,repeat indices align samples but methods were timed sequentially; use independent-resample intervals
21,eight_schools_noncentered,3,monolithic,monolithic,0,512,10,14,0.4299960359930992,0.4299960359930992,repeat indices align samples but methods were timed sequentially; use independent-resample intervals
21,eight_schools_noncentered,3,monolithic,monolithic,0,512,10,15,0.34001848846673965,0.34001848846673965,repeat indices align samples but methods were timed sequentially; use independent-resample intervals
21,eight_schools_noncentered,3,monolithic,monolithic,0,512,10,16,0.33243416249752045,0.33243416249752045,repeat indices align samples but methods were timed sequentially; use independent-resample intervals
21,eight_schools_noncentered,3,monolithic,monolithic,0,512,10,17,0.38754238933324814,0.38754238933324814,repeat indices align samples but methods were timed sequentially; use independent-resample intervals
21,eight_schools_noncentered,3,monolithic,monolithic,0,512,10,18,0.43721356987953186,0.43721356987953186,repeat indices align samples but methods were timed sequentially; use independent-resample intervals
21,eight_schools_noncentered,3,monolithic,monolithic,0,512,10,19,0.4230840131640434,0.4230840131640434,repeat indices align samples but methods were timed sequentially; use independent-resample intervals
21,eight_schools_noncentered,3,monolithic,monolithic,0,512,10,20,0.3857616260647774,0.3857616260647774,repeat indices align samples but methods were timed sequentially; use independent-resample intervals
21,eight_schools_noncentered,3,monolithic,monolithic,0,512,10,21,0.39279885590076447,0.39279885590076447,repeat indices align samples but methods were timed sequentially; use independent-resample intervals
21,eight_schools_noncentered,3,monolithic,monolithic,0,512,10,22,0.4398140013217926,0.4398140013217926,repeat indices align samples but methods were timed sequentially; use independent-resample intervals
21,eight_schools_noncentered,3,monolithic,monolithic,0,512,10,23,0.46263790875673294,0.46263790875673294,repeat indices align samples but methods were timed sequentially; use independent-resample intervals
21,eight_schools_noncentered,3,monolithic,monolithic,0,512,10,24,0.4304043874144554,0.4304043874144554,repeat indices align samples but methods were timed sequentially; use independent-resample intervals
21,eight_schools_noncentered,3,monolithic,monolithic,0,512,10,25,0.3515152111649513,0.3515152111649513,repeat indices align samples but methods were timed sequentially; use independent-resample intervals
21,eight_schools_noncentered,3,monolithic,monolithic,0,512,10,26,0.41569045931100845,0.41569045931100845,repeat indices align samples but methods were timed sequentially; use independent-resample intervals
21,eight_schools_noncentered,3,monolithic,monolithic,0,512,10,27,0.43771371990442276,0.43771371990442276,repeat indices align samples but methods were timed sequentially; use independent-resample intervals
21,eight_schools_noncentered,3,monolithic,monolithic,0,512,10,28,0.35691293329000473,0.35691293329000473,repeat indices align samples but methods were timed sequentially; use independent-resample intervals
21,eight_schools_noncentered,3,monolithic,monolithic,0,512,10,29,0.3629193678498268,0.3629193678498268,repeat indices align samples but methods were timed sequentially; use independent-resample intervals
22,eight_schools_noncentered,3,bucketed,none,64,512,10,0,0.515128031373024,0.39437826722860336,repeat indices align samples but methods were timed sequentially; use independent-resample intervals
22,eight_schools_noncentered,3,bucketed,none,64,512,10,1,0.5182375982403755,0.3799857869744301,repeat indices align samples but methods were timed sequentially; use independent-resample intervals
22,eight_schools_noncentered,3,bucketed,none,64,512,10,2,0.43922054022550583,0.4031392112374306,repeat indices align samples but methods were timed sequentially; use independent-resample intervals
22,eight_schools_noncentered,3,bucketed,none,64,512,10,3,0.4705457016825676,0.4427393898367882,repeat indices align samples but methods were timed sequentially; use independent-resample intervals
22,eight_schools_noncentered,3,bucketed,none,64,512,10,4,0.5242331251502037,0.41554201394319534,repeat indices align samples but methods were timed sequentially; use independent-resample intervals
22,eight_schools_noncentered,3,bucketed,none,64,512,10,5,0.44867202639579773,0.39745206385850906,repeat indices align samples but methods were timed sequentially; use independent-resample intervals
22,eight_schools_noncentered,3,bucketed,none,64,512,10,6,0.5246381908655167,0.38382699340581894,repeat indices align samples but methods were timed sequentially; use independent-resample intervals
22,eight_schools_noncentered,3,bucketed,none,64,512,10,7,0.4588666334748268,0.3288428261876106,repeat indices align samples but methods were timed sequentially; use independent-resample intervals
22,eight_schools_noncentered,3,bucketed,none,64,512,10,8,0.5406455621123314,0.42410602420568466,repeat indices align samples but methods were timed sequentially; use independent-resample intervals
22,eight_schools_noncentered,3,bucketed,none,64,512,10,9,0.5904879570007324,0.4545115977525711,repeat indices align samples but methods were timed sequentially; use independent-resample intervals
22,eight_schools_noncentered,3,bucketed,none,64,512,10,10,0.5484698861837387,0.36725106835365295,repeat indices align samples but methods were timed sequentially; use independent-resample intervals
22,eight_schools_noncentered,3,bucketed,none,64,512,10,11,0.472091369330883,0.41452088952064514,repeat indices align samples but methods were timed sequentially; use independent-resample intervals
22,eight_schools_noncentered,3,bucketed,none,64,512,10,12,0.5711100995540619,0.33400410413742065,repeat indices align samples but methods were timed sequentially; use independent-resample intervals
22,eight_schools_noncentered,3,bucketed,none,64,512,10,13,0.5130329504609108,0.43280453979969025,repeat indices align samples but methods were timed sequentially; use independent-resample intervals
22,eight_schools_noncentered,3,bucketed,none,64,512,10,14,0.5276799499988556,0.4299960359930992,repeat indices align samples but methods were timed sequentially; use independent-resample intervals
22,eight_schools_noncentered,3,bucketed,none,64,512,10,15,0.4417976662516594,0.34001848846673965,repeat indices align samples but methods were timed sequentially; use independent-resample intervals
22,eight_schools_noncentered,3,bucketed,none,64,512,10,16,0.549713097512722,0.33243416249752045,repeat indices align samples but methods were timed sequentially; use independent-resample intervals
22,eight_schools_noncentered,3,bucketed,none,64,512,10,17,0.4630725756287575,0.38754238933324814,repeat indices align samples but methods were timed sequentially; use independent-resample intervals
22,eight_schools_noncentered,3,bucketed,none,64,512,10,18,0.5028439089655876,0.43721356987953186,repeat indices align samples but methods were timed sequentially; use independent-resample intervals
22,eight_schools_noncentered,3,bucketed,none,64,512,10,19,0.5224044844508171,0.4230840131640434,repeat indices align samples but methods were timed sequentially; use independent-resample intervals
22,eight_schools_noncentered,3,bucketed,none,64,512,10,20,0.514965608716011,0.3857616260647774,repeat indices align samples but methods were timed sequentially; use independent-resample intervals
22,eight_schools_noncentered,3,bucketed,none,64,512,10,21,0.5011091977357864,0.39279885590076447,repeat indices align samples but methods were timed sequentially; use independent-resample intervals
22,eight_schools_noncentered,3,bucketed,none,64,512,10,22,0.5592354461550713,0.4398140013217926,repeat indices align samples but methods were timed sequentially; use independent-resample intervals
22,eight_schools_noncentered,3,bucketed,none,64,512,10,23,0.5007229596376419,0.46263790875673294,repeat indices align samples but methods were timed sequentially; use independent-resample intervals
22,eight_schools_noncentered,3,bucketed,none,64,512,10,24,0.4466879144310951,0.4304043874144554,repeat indices align samples but methods were timed sequentially; use independent-resample intervals
22,eight_schools_noncentered,3,bucketed,none,64,512,10,25,0.5297007039189339,0.3515152111649513,repeat indices align samples but methods were timed sequentially; use independent-resample intervals
22,eight_schools_noncentered,3,bucketed,none,64,512,10,26,0.49800579994916916,0.41569045931100845,repeat indices align samples but methods were timed sequentially; use independent-resample intervals
22,eight_schools_noncentered,3,bucketed,none,64,512,10,27,0.5413280874490738,0.43771371990442276,repeat indices align samples but methods were timed sequentially; use independent-resample intervals
22,eight_schools_noncentered,3,bucketed,none,64,512,10,28,0.474008671939373,0.35691293329000473,repeat indices align samples but methods were timed sequentially; use independent-resample intervals
22,eight_schools_noncentered,3,bucketed,none,64,512,10,29,0.5000625103712082,0.3629193678498268,repeat indices align samples but methods were timed sequentially; use independent-resample intervals
23,eight_schools_noncentered,3,bucketed,none,128,512,10,0,0.39915258437395096,0.39437826722860336,repeat indices align samples but methods were timed sequentially; use independent-resample intervals
23,eight_schools_noncentered,3,bucketed,none,128,512,10,1,0.4186325743794441,0.3799857869744301,repeat indices align samples but methods were timed sequentially; use independent-resample intervals
23,eight_schools_noncentered,3,bucketed,none,128,512,10,2,0.4426415264606476,0.4031392112374306,repeat indices align samples but methods were timed sequentially; use independent-resample intervals
23,eight_schools_noncentered,3,bucketed,none,128,512,10,3,0.4489200487732887,0.4427393898367882,repeat indices align samples but methods were timed sequentially; use independent-resample intervals
23,eight_schools_noncentered,3,bucketed,none,128,512,10,4,0.39748871326446533,0.41554201394319534,repeat indices align samples but methods were timed sequentially; use independent-resample intervals
23,eight_schools_noncentered,3,bucketed,none,128,512,10,5,0.44930242002010345,0.39745206385850906,repeat indices align samples but methods were timed sequentially; use independent-resample intervals
23,eight_schools_noncentered,3,bucketed,none,128,512,10,6,0.396712027490139,0.38382699340581894,repeat indices align samples but methods were timed sequentially; use independent-resample intervals
23,eight_schools_noncentered,3,bucketed,none,128,512,10,7,0.38511791825294495,0.3288428261876106,repeat indices align samples but methods were timed sequentially; use independent-resample intervals
23,eight_schools_noncentered,3,bucketed,none,128,512,10,8,0.41759949177503586,0.42410602420568466,repeat indices align samples but methods were timed sequentially; use independent-resample intervals
23,eight_schools_noncentered,3,bucketed,none,128,512,10,9,0.41408490389585495,0.4545115977525711,repeat indices align samples but methods were timed sequentially; use independent-resample intervals
23,eight_schools_noncentered,3,bucketed,none,128,512,10,10,0.47256456315517426,0.36725106835365295,repeat indices align samples but methods were timed sequentially; use independent-resample intervals
23,eight_schools_noncentered,3,bucketed,none,128,512,10,11,0.4592227190732956,0.41452088952064514,repeat indices align samples but methods were timed sequentially; use independent-resample intervals
23,eight_schools_noncentered,3,bucketed,none,128,512,10,12,0.40817613899707794,0.33400410413742065,repeat indices align samples but methods were timed sequentially; use independent-resample intervals
23,eight_schools_noncentered,3,bucketed,none,128,512,10,13,0.44409700483083725,0.43280453979969025,repeat indices align samples but methods were timed sequentially; use independent-resample intervals
23,eight_schools_noncentered,3,bucketed,none,128,512,10,14,0.4260234013199806,0.4299960359930992,repeat indices align samples but methods were timed sequentially; use independent-resample intervals
23,eight_schools_noncentered,3,bucketed,none,128,512,10,15,0.38927894830703735,0.34001848846673965,repeat indices align samples but methods were timed sequentially; use independent-resample intervals
23,eight_schools_noncentered,3,bucketed,none,128,512,10,16,0.42733921110630035,0.33243416249752045,repeat indices align samples but methods were timed sequentially; use independent-resample intervals
23,eight_schools_noncentered,3,bucketed,none,128,512,10,17,0.4034986197948456,0.38754238933324814,repeat indices align samples but methods were timed sequentially; use independent-resample intervals
23,eight_schools_noncentered,3,bucketed,none,128,512,10,18,0.42632485926151276,0.43721356987953186,repeat indices align samples but methods were timed sequentially; use independent-resample intervals
23,eight_schools_noncentered,3,bucketed,none,128,512,10,19,0.4008624777197838,0.4230840131640434,repeat indices align samples but methods were timed sequentially; use independent-resample intervals
23,eight_schools_noncentered,3,bucketed,none,128,512,10,20,0.4319193363189697,0.3857616260647774,repeat indices align samples but methods were timed sequentially; use independent-resample intervals
23,eight_schools_noncentered,3,bucketed,none,128,512,10,21,0.4297194555401802,0.39279885590076447,repeat indices align samples but methods were timed sequentially; use independent-resample intervals
23,eight_schools_noncentered,3,bucketed,none,128,512,10,22,0.39205823093652725,0.4398140013217926,repeat indices align samples but methods were timed sequentially; use independent-resample intervals
23,eight_schools_noncentered,3,bucketed,none,128,512,10,23,0.45718713849782944,0.46263790875673294,repeat indices align samples but methods were timed sequentially; use independent-resample intervals
23,eight_schools_noncentered,3,bucketed,none,128,512,10,24,0.4092755615711212,0.4304043874144554,repeat indices align samples but methods were timed sequentially; use independent-resample intervals
23,eight_schools_noncentered,3,bucketed,none,128,512,10,25,0.4090973883867264,0.3515152111649513,repeat indices align samples but methods were timed sequentially; use independent-resample intervals
23,eight_schools_noncentered,3,bucketed,none,128,512,10,26,0.44350747764110565,0.41569045931100845,repeat indices align samples but methods were timed sequentially; use independent-resample intervals
23,eight_schools_noncentered,3,bucketed,none,128,512,10,27,0.43771757185459137,0.43771371990442276,repeat indices align samples but methods were timed sequentially; use independent-resample intervals
23,eight_schools_noncentered,3,bucketed,none,128,512,10,28,0.4399000480771065,0.35691293329000473,repeat indices align samples but methods were timed sequentially; use independent-resample intervals
23,eight_schools_noncentered,3,bucketed,none,128,512,10,29,0.39268095046281815,0.3629193678498268,repeat indices align samples but methods were timed sequentially; use independent-resample intervals
24,eight_schools_noncentered,3,bucketed,history,64,512,10,0,0.5288240388035774,0.39437826722860336,repeat indices align samples but methods were timed sequentially; use independent-resample intervals
24,eight_schools_noncentered,3,bucketed,history,64,512,10,1,0.5417459309101105,0.3799857869744301,repeat indices align samples but methods were timed sequentially; use independent-resample intervals
24,eight_schools_noncentered,3,bucketed,history,64,512,10,2,0.5102018415927887,0.4031392112374306,repeat indices align samples but methods were timed sequentially; use independent-resample intervals
24,eight_schools_noncentered,3,bucketed,history,64,512,10,3,0.46197158843278885,0.4427393898367882,repeat indices align samples but methods were timed sequentially; use independent-resample intervals
24,eight_schools_noncentered,3,bucketed,history,64,512,10,4,0.5374386012554169,0.41554201394319534,repeat indices align samples but methods were timed sequentially; use independent-resample intervals
24,eight_schools_noncentered,3,bucketed,history,64,512,10,5,0.5326896607875824,0.39745206385850906,repeat indices align samples but methods were timed sequentially; use independent-resample intervals
24,eight_schools_noncentered,3,bucketed,history,64,512,10,6,0.548248752951622,0.38382699340581894,repeat indices align samples but methods were timed sequentially; use independent-resample intervals
24,eight_schools_noncentered,3,bucketed,history,64,512,10,7,0.47037360072135925,0.3288428261876106,repeat indices align samples but methods were timed sequentially; use independent-resample intervals
24,eight_schools_noncentered,3,bucketed,history,64,512,10,8,0.45519544184207916,0.42410602420568466,repeat indices align samples but methods were timed sequentially; use independent-resample intervals
24,eight_schools_noncentered,3,bucketed,history,64,512,10,9,0.5664553940296173,0.4545115977525711,repeat indices align samples but methods were timed sequentially; use independent-resample intervals
24,eight_schools_noncentered,3,bucketed,history,64,512,10,10,0.5155718922615051,0.36725106835365295,repeat indices align samples but methods were timed sequentially; use independent-resample intervals
24,eight_schools_noncentered,3,bucketed,history,64,512,10,11,0.44634000211954117,0.41452088952064514,repeat indices align samples but methods were timed sequentially; use independent-resample intervals
24,eight_schools_noncentered,3,bucketed,history,64,512,10,12,0.5555887147784233,0.33400410413742065,repeat indices align samples but methods were timed sequentially; use independent-resample intervals
24,eight_schools_noncentered,3,bucketed,history,64,512,10,13,0.5477095171809196,0.43280453979969025,repeat indices align samples but methods were timed sequentially; use independent-resample intervals
24,eight_schools_noncentered,3,bucketed,history,64,512,10,14,0.42728085070848465,0.4299960359930992,repeat indices align samples but methods were timed sequentially; use independent-resample intervals
24,eight_schools_noncentered,3,bucketed,history,64,512,10,15,0.46824275702238083,0.34001848846673965,repeat indices align samples but methods were timed sequentially; use independent-resample intervals
24,eight_schools_noncentered,3,bucketed,history,64,512,10,16,0.5006273090839386,0.33243416249752045,repeat indices align samples but methods were timed sequentially; use independent-resample intervals
24,eight_schools_noncentered,3,bucketed,history,64,512,10,17,0.45949751883745193,0.38754238933324814,repeat indices align samples but methods were timed sequentially; use independent-resample intervals
24,eight_schools_noncentered,3,bucketed,history,64,512,10,18,0.4921906664967537,0.43721356987953186,repeat indices align samples but methods were timed sequentially; use independent-resample intervals
24,eight_schools_noncentered,3,bucketed,history,64,512,10,19,0.4608198553323746,0.4230840131640434,repeat indices align samples but methods were timed sequentially; use independent-resample intervals
24,eight_schools_noncentered,3,bucketed,history,64,512,10,20,0.5396376252174377,0.3857616260647774,repeat indices align samples but methods were timed sequentially; use independent-resample intervals
24,eight_schools_noncentered,3,bucketed,history,64,512,10,21,0.4885885640978813,0.39279885590076447,repeat indices align samples but methods were timed sequentially; use independent-resample intervals
24,eight_schools_noncentered,3,bucketed,history,64,512,10,22,0.5232789814472198,0.4398140013217926,repeat indices align samples but methods were timed sequentially; use independent-resample intervals
24,eight_schools_noncentered,3,bucketed,history,64,512,10,23,0.5246909633278847,0.46263790875673294,repeat indices align samples but methods were timed sequentially; use independent-resample intervals
24,eight_schools_noncentered,3,bucketed,history,64,512,10,24,0.4238193556666374,0.4304043874144554,repeat indices align samples but methods were timed sequentially; use independent-resample intervals
24,eight_schools_noncentered,3,bucketed,history,64,512,10,25,0.513596273958683,0.3515152111649513,repeat indices align samples but methods were timed sequentially; use independent-resample intervals
24,eight_schools_noncentered,3,bucketed,history,64,512,10,26,0.5059586614370346,0.41569045931100845,repeat indices align samples but methods were timed sequentially; use independent-resample intervals
24,eight_schools_noncentered,3,bucketed,history,64,512,10,27,0.546909436583519,0.43771371990442276,repeat indices align samples but methods were timed sequentially; use independent-resample intervals
24,eight_schools_noncentered,3,bucketed,history,64,512,10,28,0.5312414690852165,0.35691293329000473,repeat indices align samples but methods were timed sequentially; use independent-resample intervals
24,eight_schools_noncentered,3,bucketed,history,64,512,10,29,0.4935266897082329,0.3629193678498268,repeat indices align samples but methods were timed sequentially; use independent-resample intervals
25,eight_schools_noncentered,3,bucketed,history,128,512,10,0,0.42176564782857895,0.39437826722860336,repeat indices align samples but methods were timed sequentially; use independent-resample intervals
25,eight_schools_noncentered,3,bucketed,history,128,512,10,1,0.48367150872945786,0.3799857869744301,repeat indices align samples but methods were timed sequentially; use independent-resample intervals
25,eight_schools_noncentered,3,bucketed,history,128,512,10,2,0.4290785416960716,0.4031392112374306,repeat indices align samples but methods were timed sequentially; use independent-resample intervals
25,eight_schools_noncentered,3,bucketed,history,128,512,10,3,0.41189268976449966,0.4427393898367882,repeat indices align samples but methods were timed sequentially; use independent-resample intervals
25,eight_schools_noncentered,3,bucketed,history,128,512,10,4,0.4284785985946655,0.41554201394319534,repeat indices align samples but methods were timed sequentially; use independent-resample intervals
25,eight_schools_noncentered,3,bucketed,history,128,512,10,5,0.42066590487957,0.39745206385850906,repeat indices align samples but methods were timed sequentially; use independent-resample intervals
25,eight_schools_noncentered,3,bucketed,history,128,512,10,6,0.41542191803455353,0.38382699340581894,repeat indices align samples but methods were timed sequentially; use independent-resample intervals
25,eight_schools_noncentered,3,bucketed,history,128,512,10,7,0.40521813929080963,0.3288428261876106,repeat indices align samples but methods were timed sequentially; use independent-resample intervals
25,eight_schools_noncentered,3,bucketed,history,128,512,10,8,0.4131462275981903,0.42410602420568466,repeat indices align samples but methods were timed sequentially; use independent-resample intervals
25,eight_schools_noncentered,3,bucketed,history,128,512,10,9,0.41222216188907623,0.4545115977525711,repeat indices align samples but methods were timed sequentially; use independent-resample intervals
25,eight_schools_noncentered,3,bucketed,history,128,512,10,10,0.47447868436574936,0.36725106835365295,repeat indices align samples but methods were timed sequentially; use independent-resample intervals
25,eight_schools_noncentered,3,bucketed,history,128,512,10,11,0.476975753903389,0.41452088952064514,repeat indices align samples but methods were timed sequentially; use independent-resample intervals
25,eight_schools_noncentered,3,bucketed,history,128,512,10,12,0.4454218000173569,0.33400410413742065,repeat indices align samples but methods were timed sequentially; use independent-resample intervals
25,eight_schools_noncentered,3,bucketed,history,128,512,10,13,0.41920509934425354,0.43280453979969025,repeat indices align samples but methods were timed sequentially; use independent-resample intervals
25,eight_schools_noncentered,3,bucketed,history,128,512,10,14,0.4150673672556877,0.4299960359930992,repeat indices align samples but methods were timed sequentially; use independent-resample intervals
25,eight_schools_noncentered,3,bucketed,history,128,512,10,15,0.4354969188570976,0.34001848846673965,repeat indices align samples but methods were timed sequentially; use independent-resample intervals
25,eight_schools_noncentered,3,bucketed,history,128,512,10,16,0.40651118755340576,0.33243416249752045,repeat indices align samples but methods were timed sequentially; use independent-resample intervals
25,eight_schools_noncentered,3,bucketed,history,128,512,10,17,0.4351888671517372,0.38754238933324814,repeat indices align samples but methods were timed sequentially; use independent-resample intervals
25,eight_schools_noncentered,3,bucketed,history,128,512,10,18,0.41796447336673737,0.43721356987953186,repeat indices align samples but methods were timed sequentially; use independent-resample intervals
25,eight_schools_noncentered,3,bucketed,history,128,512,10,19,0.4642316773533821,0.4230840131640434,repeat indices align samples but methods were timed sequentially; use independent-resample intervals
25,eight_schools_noncentered,3,bucketed,history,128,512,10,20,0.42132120579481125,0.3857616260647774,repeat indices align samples but methods were timed sequentially; use independent-resample intervals
25,eight_schools_noncentered,3,bucketed,history,128,512,10,21,0.40793630480766296,0.39279885590076447,repeat indices align samples but methods were timed sequentially; use independent-resample intervals
25,eight_schools_noncentered,3,bucketed,history,128,512,10,22,0.5880066454410553,0.4398140013217926,repeat indices align samples but methods were timed sequentially; use independent-resample intervals
25,eight_schools_noncentered,3,bucketed,history,128,512,10,23,0.5473751053214073,0.46263790875673294,repeat indices align samples but methods were timed sequentially; use independent-resample intervals
25,eight_schools_noncentered,3,bucketed,history,128,512,10,24,0.6025259420275688,0.4304043874144554,repeat indices align samples but methods were timed sequentially; use independent-resample intervals
25,eight_schools_noncentered,3,bucketed,history,128,512,10,25,0.5420221462845802,0.3515152111649513,repeat indices align samples but methods were timed sequentially; use independent-resample intervals
25,eight_schools_noncentered,3,bucketed,history,128,512,10,26,0.46945249289274216,0.41569045931100845,repeat indices align samples but methods were timed sequentially; use independent-resample intervals
25,eight_schools_noncentered,3,bucketed,history,128,512,10,27,0.5040491819381714,0.43771371990442276,repeat indices align samples but methods were timed sequentially; use independent-resample intervals
25,eight_schools_noncentered,3,bucketed,history,128,512,10,28,0.5253493338823318,0.35691293329000473,repeat indices align samples but methods were timed sequentially; use independent-resample intervals
25,eight_schools_noncentered,3,bucketed,history,128,512,10,29,0.53147953748703,0.3629193678498268,repeat indices align samples but methods were timed sequentially; use independent-resample intervals
26,eight_schools_noncentered,3,bucketed,last_depth,64,512,10,0,0.5886838510632515,0.39437826722860336,repeat indices align samples but methods were timed sequentially; use independent-resample intervals
26,eight_schools_noncentered,3,bucketed,last_depth,64,512,10,1,0.5775482505559921,0.3799857869744301,repeat indices align samples but methods were timed sequentially; use independent-resample intervals
26,eight_schools_noncentered,3,bucketed,last_depth,64,512,10,2,0.6578969433903694,0.4031392112374306,repeat indices align samples but methods were timed sequentially; use independent-resample intervals
26,eight_schools_noncentered,3,bucketed,last_depth,64,512,10,3,0.6653849557042122,0.4427393898367882,repeat indices align samples but methods were timed sequentially; use independent-resample intervals
26,eight_schools_noncentered,3,bucketed,last_depth,64,512,10,4,0.6301081106066704,0.41554201394319534,repeat indices align samples but methods were timed sequentially; use independent-resample intervals
26,eight_schools_noncentered,3,bucketed,last_depth,64,512,10,5,0.5907055735588074,0.39745206385850906,repeat indices align samples but methods were timed sequentially; use independent-resample intervals
26,eight_schools_noncentered,3,bucketed,last_depth,64,512,10,6,0.5485729277133942,0.38382699340581894,repeat indices align samples but methods were timed sequentially; use independent-resample intervals
26,eight_schools_noncentered,3,bucketed,last_depth,64,512,10,7,0.5658240392804146,0.3288428261876106,repeat indices align samples but methods were timed sequentially; use independent-resample intervals
26,eight_schools_noncentered,3,bucketed,last_depth,64,512,10,8,0.6489590778946877,0.42410602420568466,repeat indices align samples but methods were timed sequentially; use independent-resample intervals
26,eight_schools_noncentered,3,bucketed,last_depth,64,512,10,9,0.5357130318880081,0.4545115977525711,repeat indices align samples but methods were timed sequentially; use independent-resample intervals
26,eight_schools_noncentered,3,bucketed,last_depth,64,512,10,10,0.5792141184210777,0.36725106835365295,repeat indices align samples but methods were timed sequentially; use independent-resample intervals
26,eight_schools_noncentered,3,bucketed,last_depth,64,512,10,11,0.6459330394864082,0.41452088952064514,repeat indices align samples but methods were timed sequentially; use independent-resample intervals
26,eight_schools_noncentered,3,bucketed,last_depth,64,512,10,12,0.5476218238472939,0.33400410413742065,repeat indices align samples but methods were timed sequentially; use independent-resample intervals
26,eight_schools_noncentered,3,bucketed,last_depth,64,512,10,13,0.62373486161232,0.43280453979969025,repeat indices align samples but methods were timed sequentially; use independent-resample intervals
26,eight_schools_noncentered,3,bucketed,last_depth,64,512,10,14,0.6091391444206238,0.4299960359930992,repeat indices align samples but methods were timed sequentially; use independent-resample intervals
26,eight_schools_noncentered,3,bucketed,last_depth,64,512,10,15,0.5528117939829826,0.34001848846673965,repeat indices align samples but methods were timed sequentially; use independent-resample intervals
26,eight_schools_noncentered,3,bucketed,last_depth,64,512,10,16,0.6025945767760277,0.33243416249752045,repeat indices align samples but methods were timed sequentially; use independent-resample intervals
26,eight_schools_noncentered,3,bucketed,last_depth,64,512,10,17,0.5308302268385887,0.38754238933324814,repeat indices align samples but methods were timed sequentially; use independent-resample intervals
26,eight_schools_noncentered,3,bucketed,last_depth,64,512,10,18,0.5610897317528725,0.43721356987953186,repeat indices align samples but methods were timed sequentially; use independent-resample intervals
26,eight_schools_noncentered,3,bucketed,last_depth,64,512,10,19,0.5740848705172539,0.4230840131640434,repeat indices align samples but methods were timed sequentially; use independent-resample intervals
26,eight_schools_noncentered,3,bucketed,last_depth,64,512,10,20,0.5739248469471931,0.3857616260647774,repeat indices align samples but methods were timed sequentially; use independent-resample intervals
26,eight_schools_noncentered,3,bucketed,last_depth,64,512,10,21,0.5149382129311562,0.39279885590076447,repeat indices align samples but methods were timed sequentially; use independent-resample intervals
26,eight_schools_noncentered,3,bucketed,last_depth,64,512,10,22,0.5900980681180954,0.4398140013217926,repeat indices align samples but methods were timed sequentially; use independent-resample intervals
26,eight_schools_noncentered,3,bucketed,last_depth,64,512,10,23,0.5607992708683014,0.46263790875673294,repeat indices align samples but methods were timed sequentially; use independent-resample intervals
26,eight_schools_noncentered,3,bucketed,last_depth,64,512,10,24,0.5714362412691116,0.4304043874144554,repeat indices align samples but methods were timed sequentially; use independent-resample intervals
26,eight_schools_noncentered,3,bucketed,last_depth,64,512,10,25,0.5330657213926315,0.3515152111649513,repeat indices align samples but methods were timed sequentially; use independent-resample intervals
26,eight_schools_noncentered,3,bucketed,last_depth,64,512,10,26,0.6289888471364975,0.41569045931100845,repeat indices align samples but methods were timed sequentially; use independent-resample intervals
26,eight_schools_noncentered,3,bucketed,last_depth,64,512,10,27,0.5509183183312416,0.43771371990442276,repeat indices align samples but methods were timed sequentially; use independent-resample intervals
26,eight_schools_noncentered,3,bucketed,last_depth,64,512,10,28,0.5714773386716843,0.35691293329000473,repeat indices align samples but methods were timed sequentially; use independent-resample intervals
26,eight_schools_noncentered,3,bucketed,last_depth,64,512,10,29,0.6115997359156609,0.3629193678498268,repeat indices align samples but methods were timed sequentially; use independent-resample intervals
27,eight_schools_noncentered,3,bucketed,last_depth,128,512,10,0,0.531290628015995,0.39437826722860336,repeat indices align samples but methods were timed sequentially; use independent-resample intervals
27,eight_schools_noncentered,3,bucketed,last_depth,128,512,10,1,0.49784278869628906,0.3799857869744301,repeat indices align samples but methods were timed sequentially; use independent-resample intervals
27,eight_schools_noncentered,3,bucketed,last_depth,128,512,10,2,0.5454006195068359,0.4031392112374306,repeat indices align samples but methods were timed sequentially; use independent-resample intervals
27,eight_schools_noncentered,3,bucketed,last_depth,128,512,10,3,0.5739476904273033,0.4427393898367882,repeat indices align samples but methods were timed sequentially; use independent-resample intervals
27,eight_schools_noncentered,3,bucketed,last_depth,128,512,10,4,0.5798150524497032,0.41554201394319534,repeat indices align samples but methods were timed sequentially; use independent-resample intervals
27,eight_schools_noncentered,3,bucketed,last_depth,128,512,10,5,0.5456275641918182,0.39745206385850906,repeat indices align samples but methods were timed sequentially; use independent-resample intervals
27,eight_schools_noncentered,3,bucketed,last_depth,128,512,10,6,0.4615127518773079,0.38382699340581894,repeat indices align samples but methods were timed sequentially; use independent-resample intervals
27,eight_schools_noncentered,3,bucketed,last_depth,128,512,10,7,0.4985252320766449,0.3288428261876106,repeat indices align samples but methods were timed sequentially; use independent-resample intervals
27,eight_schools_noncentered,3,bucketed,last_depth,128,512,10,8,0.5264173746109009,0.42410602420568466,repeat indices align samples but methods were timed sequentially; use independent-resample intervals
27,eight_schools_noncentered,3,bucketed,last_depth,128,512,10,9,0.5561007335782051,0.4545115977525711,repeat indices align samples but methods were timed sequentially; use independent-resample intervals
27,eight_schools_noncentered,3,bucketed,last_depth,128,512,10,10,0.5429520308971405,0.36725106835365295,repeat indices align samples but methods were timed sequentially; use independent-resample intervals
27,eight_schools_noncentered,3,bucketed,last_depth,128,512,10,11,0.5929336026310921,0.41452088952064514,repeat indices align samples but methods were timed sequentially; use independent-resample intervals
27,eight_schools_noncentered,3,bucketed,last_depth,128,512,10,12,0.4983692541718483,0.33400410413742065,repeat indices align samples but methods were timed sequentially; use independent-resample intervals
27,eight_schools_noncentered,3,bucketed,last_depth,128,512,10,13,0.6223934218287468,0.43280453979969025,repeat indices align samples but methods were timed sequentially; use independent-resample intervals
27,eight_schools_noncentered,3,bucketed,last_depth,128,512,10,14,0.5358295515179634,0.4299960359930992,repeat indices align samples but methods were timed sequentially; use independent-resample intervals
27,eight_schools_noncentered,3,bucketed,last_depth,128,512,10,15,0.7388923987746239,0.34001848846673965,repeat indices align samples but methods were timed sequentially; use independent-resample intervals
27,eight_schools_noncentered,3,bucketed,last_depth,128,512,10,16,0.6834552437067032,0.33243416249752045,repeat indices align samples but methods were timed sequentially; use independent-resample intervals
27,eight_schools_noncentered,3,bucketed,last_depth,128,512,10,17,0.5585863068699837,0.38754238933324814,repeat indices align samples but methods were timed sequentially; use independent-resample intervals
27,eight_schools_noncentered,3,bucketed,last_depth,128,512,10,18,0.5672119036316872,0.43721356987953186,repeat indices align samples but methods were timed sequentially; use independent-resample intervals
27,eight_schools_noncentered,3,bucketed,last_depth,128,512,10,19,0.5335508286952972,0.4230840131640434,repeat indices align samples but methods were timed sequentially; use independent-resample intervals
27,eight_schools_noncentered,3,bucketed,last_depth,128,512,10,20,0.49479155242443085,0.3857616260647774,repeat indices align samples but methods were timed sequentially; use independent-resample intervals
27,eight_schools_noncentered,3,bucketed,last_depth,128,512,10,21,0.527939036488533,0.39279885590076447,repeat indices align samples but methods were timed sequentially; use independent-resample intervals
27,eight_schools_noncentered,3,bucketed,last_depth,128,512,10,22,0.5082826018333435,0.4398140013217926,repeat indices align samples but methods were timed sequentially; use independent-resample intervals
27,eight_schools_noncentered,3,bucketed,last_depth,128,512,10,23,0.5461439341306686,0.46263790875673294,repeat indices align samples but methods were timed sequentially; use independent-resample intervals
27,eight_schools_noncentered,3,bucketed,last_depth,128,512,10,24,0.5082416981458664,0.4304043874144554,repeat indices align samples but methods were timed sequentially; use independent-resample intervals
27,eight_schools_noncentered,3,bucketed,last_depth,128,512,10,25,0.5526369214057922,0.3515152111649513,repeat indices align samples but methods were timed sequentially; use independent-resample intervals
27,eight_schools_noncentered,3,bucketed,last_depth,128,512,10,26,0.5550541952252388,0.41569045931100845,repeat indices align samples but methods were timed sequentially; use independent-resample intervals
27,eight_schools_noncentered,3,bucketed,last_depth,128,512,10,27,0.5272227823734283,0.43771371990442276,repeat indices align samples but methods were timed sequentially; use independent-resample intervals
27,eight_schools_noncentered,3,bucketed,last_depth,128,512,10,28,0.5274733379483223,0.35691293329000473,repeat indices align samples but methods were timed sequentially; use independent-resample intervals
27,eight_schools_noncentered,3,bucketed,last_depth,128,512,10,29,0.5527629181742668,0.3629193678498268,repeat indices align samples but methods were timed sequentially; use independent-resample intervals
28,eight_schools_noncentered,4,monolithic,monolithic,0,512,10,0,0.4501989334821701,0.4501989334821701,repeat indices align samples but methods were timed sequentially; use independent-resample intervals
28,eight_schools_noncentered,4,monolithic,monolithic,0,512,10,1,0.4439164623618126,0.4439164623618126,repeat indices align samples but methods were timed sequentially; use independent-resample intervals
28,eight_schools_noncentered,4,monolithic,monolithic,0,512,10,2,0.5177326798439026,0.5177326798439026,repeat indices align samples but methods were timed sequentially; use independent-resample intervals
28,eight_schools_noncentered,4,monolithic,monolithic,0,512,10,3,0.46750643104314804,0.46750643104314804,repeat indices align samples but methods were timed sequentially; use independent-resample intervals
28,eight_schools_noncentered,4,monolithic,monolithic,0,512,10,4,0.4580528065562248,0.4580528065562248,repeat indices align samples but methods were timed sequentially; use independent-resample intervals
28,eight_schools_noncentered,4,monolithic,monolithic,0,512,10,5,0.5015074461698532,0.5015074461698532,repeat indices align samples but methods were timed sequentially; use independent-resample intervals
28,eight_schools_noncentered,4,monolithic,monolithic,0,512,10,6,0.5193079710006714,0.5193079710006714,repeat indices align samples but methods were timed sequentially; use independent-resample intervals
28,eight_schools_noncentered,4,monolithic,monolithic,0,512,10,7,0.46974485367536545,0.46974485367536545,repeat indices align samples but methods were timed sequentially; use independent-resample intervals
28,eight_schools_noncentered,4,monolithic,monolithic,0,512,10,8,0.48693065345287323,0.48693065345287323,repeat indices align samples but methods were timed sequentially; use independent-resample intervals
28,eight_schools_noncentered,4,monolithic,monolithic,0,512,10,9,0.4418747276067734,0.4418747276067734,repeat indices align samples but methods were timed sequentially; use independent-resample intervals
28,eight_schools_noncentered,4,monolithic,monolithic,0,512,10,10,0.4589419960975647,0.4589419960975647,repeat indices align samples but methods were timed sequentially; use independent-resample intervals
28,eight_schools_noncentered,4,monolithic,monolithic,0,512,10,11,0.4991220310330391,0.4991220310330391,repeat indices align samples but methods were timed sequentially; use independent-resample intervals
28,eight_schools_noncentered,4,monolithic,monolithic,0,512,10,12,0.5333386361598969,0.5333386361598969,repeat indices align samples but methods were timed sequentially; use independent-resample intervals
28,eight_schools_noncentered,4,monolithic,monolithic,0,512,10,13,0.4651987850666046,0.4651987850666046,repeat indices align samples but methods were timed sequentially; use independent-resample intervals
28,eight_schools_noncentered,4,monolithic,monolithic,0,512,10,14,0.5151250660419464,0.5151250660419464,repeat indices align samples but methods were timed sequentially; use independent-resample intervals
28,eight_schools_noncentered,4,monolithic,monolithic,0,512,10,15,0.4903097450733185,0.4903097450733185,repeat indices align samples but methods were timed sequentially; use independent-resample intervals
28,eight_schools_noncentered,4,monolithic,monolithic,0,512,10,16,0.49342839419841766,0.49342839419841766,repeat indices align samples but methods were timed sequentially; use independent-resample intervals
28,eight_schools_noncentered,4,monolithic,monolithic,0,512,10,17,0.5283105298876762,0.5283105298876762,repeat indices align samples but methods were timed sequentially; use independent-resample intervals
28,eight_schools_noncentered,4,monolithic,monolithic,0,512,10,18,0.5107543021440506,0.5107543021440506,repeat indices align samples but methods were timed sequentially; use independent-resample intervals
28,eight_schools_noncentered,4,monolithic,monolithic,0,512,10,19,0.4055293872952461,0.4055293872952461,repeat indices align samples but methods were timed sequentially; use independent-resample intervals
28,eight_schools_noncentered,4,monolithic,monolithic,0,512,10,20,0.45476365089416504,0.45476365089416504,repeat indices align samples but methods were timed sequentially; use independent-resample intervals
28,eight_schools_noncentered,4,monolithic,monolithic,0,512,10,21,0.46266668289899826,0.46266668289899826,repeat indices align samples but methods were timed sequentially; use independent-resample intervals
28,eight_schools_noncentered,4,monolithic,monolithic,0,512,10,22,0.44209931790828705,0.44209931790828705,repeat indices align samples but methods were timed sequentially; use independent-resample intervals
28,eight_schools_noncentered,4,monolithic,monolithic,0,512,10,23,0.4743187800049782,0.4743187800049782,repeat indices align samples but methods were timed sequentially; use independent-resample intervals
28,eight_schools_noncentered,4,monolithic,monolithic,0,512,10,24,0.4612135887145996,0.4612135887145996,repeat indices align samples but methods were timed sequentially; use independent-resample intervals
28,eight_schools_noncentered,4,monolithic,monolithic,0,512,10,25,0.5280901864171028,0.5280901864171028,repeat indices align samples but methods were timed sequentially; use independent-resample intervals
28,eight_schools_noncentered,4,monolithic,monolithic,0,512,10,26,0.4889475405216217,0.4889475405216217,repeat indices align samples but methods were timed sequentially; use independent-resample intervals
28,eight_schools_noncentered,4,monolithic,monolithic,0,512,10,27,0.4882790446281433,0.4882790446281433,repeat indices align samples but methods were timed sequentially; use independent-resample intervals
28,eight_schools_noncentered,4,monolithic,monolithic,0,512,10,28,0.5248253047466278,0.5248253047466278,repeat indices align samples but methods were timed sequentially; use independent-resample intervals
28,eight_schools_noncentered,4,monolithic,monolithic,0,512,10,29,0.49073875695466995,0.49073875695466995,repeat indices align samples but methods were timed sequentially; use independent-resample intervals
29,eight_schools_noncentered,4,bucketed,none,64,512,10,0,0.6419571563601494,0.4501989334821701,repeat indices align samples but methods were timed sequentially; use independent-resample intervals
29,eight_schools_noncentered,4,bucketed,none,64,512,10,1,0.6945884749293327,0.4439164623618126,repeat indices align samples but methods were timed sequentially; use independent-resample intervals
29,eight_schools_noncentered,4,bucketed,none,64,512,10,2,0.5896124467253685,0.5177326798439026,repeat indices align samples but methods were timed sequentially; use independent-resample intervals
29,eight_schools_noncentered,4,bucketed,none,64,512,10,3,0.5908509865403175,0.46750643104314804,repeat indices align samples but methods were timed sequentially; use independent-resample intervals
29,eight_schools_noncentered,4,bucketed,none,64,512,10,4,0.5817880779504776,0.4580528065562248,repeat indices align samples but methods were timed sequentially; use independent-resample intervals
29,eight_schools_noncentered,4,bucketed,none,64,512,10,5,0.8094275817275047,0.5015074461698532,repeat indices align samples but methods were timed sequentially; use independent-resample intervals
29,eight_schools_noncentered,4,bucketed,none,64,512,10,6,0.5887197852134705,0.5193079710006714,repeat indices align samples but methods were timed sequentially; use independent-resample intervals
29,eight_schools_noncentered,4,bucketed,none,64,512,10,7,0.5604417845606804,0.46974485367536545,repeat indices align samples but methods were timed sequentially; use independent-resample intervals
29,eight_schools_noncentered,4,bucketed,none,64,512,10,8,0.5559465661644936,0.48693065345287323,repeat indices align samples but methods were timed sequentially; use independent-resample intervals
29,eight_schools_noncentered,4,bucketed,none,64,512,10,9,0.6425376087427139,0.4418747276067734,repeat indices align samples but methods were timed sequentially; use independent-resample intervals
29,eight_schools_noncentered,4,bucketed,none,64,512,10,10,0.5531942918896675,0.4589419960975647,repeat indices align samples but methods were timed sequentially; use independent-resample intervals
29,eight_schools_noncentered,4,bucketed,none,64,512,10,11,0.6684027314186096,0.4991220310330391,repeat indices align samples but methods were timed sequentially; use independent-resample intervals
29,eight_schools_noncentered,4,bucketed,none,64,512,10,12,0.5220301598310471,0.5333386361598969,repeat indices align samples but methods were timed sequentially; use independent-resample intervals
29,eight_schools_noncentered,4,bucketed,none,64,512,10,13,0.6273957714438438,0.4651987850666046,repeat indices align samples but methods were timed sequentially; use independent-resample intervals
29,eight_schools_noncentered,4,bucketed,none,64,512,10,14,0.5242075845599174,0.5151250660419464,repeat indices align samples but methods were timed sequentially; use independent-resample intervals
29,eight_schools_noncentered,4,bucketed,none,64,512,10,15,0.5494434759020805,0.4903097450733185,repeat indices align samples but methods were timed sequentially; use independent-resample intervals
29,eight_schools_noncentered,4,bucketed,none,64,512,10,16,0.5190933719277382,0.49342839419841766,repeat indices align samples but methods were timed sequentially; use independent-resample intervals
29,eight_schools_noncentered,4,bucketed,none,64,512,10,17,0.44638147205114365,0.5283105298876762,repeat indices align samples but methods were timed sequentially; use independent-resample intervals
29,eight_schools_noncentered,4,bucketed,none,64,512,10,18,0.5182202905416489,0.5107543021440506,repeat indices align samples but methods were timed sequentially; use independent-resample intervals
29,eight_schools_noncentered,4,bucketed,none,64,512,10,19,0.45911457389593124,0.4055293872952461,repeat indices align samples but methods were timed sequentially; use independent-resample intervals
29,eight_schools_noncentered,4,bucketed,none,64,512,10,20,0.44820695370435715,0.45476365089416504,repeat indices align samples but methods were timed sequentially; use independent-resample intervals
29,eight_schools_noncentered,4,bucketed,none,64,512,10,21,0.43804460763931274,0.46266668289899826,repeat indices align samples but methods were timed sequentially; use independent-resample intervals
29,eight_schools_noncentered,4,bucketed,none,64,512,10,22,0.43006686866283417,0.44209931790828705,repeat indices align samples but methods were timed sequentially; use independent-resample intervals
29,eight_schools_noncentered,4,bucketed,none,64,512,10,23,0.5485418438911438,0.4743187800049782,repeat indices align samples but methods were timed sequentially; use independent-resample intervals
29,eight_schools_noncentered,4,bucketed,none,64,512,10,24,0.4780086651444435,0.4612135887145996,repeat indices align samples but methods were timed sequentially; use independent-resample intervals
29,eight_schools_noncentered,4,bucketed,none,64,512,10,25,0.5814536958932877,0.5280901864171028,repeat indices align samples but methods were timed sequentially; use independent-resample intervals
29,eight_schools_noncentered,4,bucketed,none,64,512,10,26,0.4829201102256775,0.4889475405216217,repeat indices align samples but methods were timed sequentially; use independent-resample intervals
29,eight_schools_noncentered,4,bucketed,none,64,512,10,27,0.5216193348169327,0.4882790446281433,repeat indices align samples but methods were timed sequentially; use independent-resample intervals
29,eight_schools_noncentered,4,bucketed,none,64,512,10,28,0.5054944381117821,0.5248253047466278,repeat indices align samples but methods were timed sequentially; use independent-resample intervals
29,eight_schools_noncentered,4,bucketed,none,64,512,10,29,0.5670024082064629,0.49073875695466995,repeat indices align samples but methods were timed sequentially; use independent-resample intervals
30,eight_schools_noncentered,4,bucketed,none,128,512,10,0,0.41782402247190475,0.4501989334821701,repeat indices align samples but methods were timed sequentially; use independent-resample intervals
30,eight_schools_noncentered,4,bucketed,none,128,512,10,1,0.45063918083906174,0.4439164623618126,repeat indices align samples but methods were timed sequentially; use independent-resample intervals
30,eight_schools_noncentered,4,bucketed,none,128,512,10,2,0.41335318237543106,0.5177326798439026,repeat indices align samples but methods were timed sequentially; use independent-resample intervals
30,eight_schools_noncentered,4,bucketed,none,128,512,10,3,0.43011047691106796,0.46750643104314804,repeat indices align samples but methods were timed sequentially; use independent-resample intervals
30,eight_schools_noncentered,4,bucketed,none,128,512,10,4,0.4467853978276253,0.4580528065562248,repeat indices align samples but methods were timed sequentially; use independent-resample intervals
30,eight_schools_noncentered,4,bucketed,none,128,512,10,5,0.43635235726833344,0.5015074461698532,repeat indices align samples but methods were timed sequentially; use independent-resample intervals
30,eight_schools_noncentered,4,bucketed,none,128,512,10,6,0.4422308951616287,0.5193079710006714,repeat indices align samples but methods were timed sequentially; use independent-resample intervals
30,eight_schools_noncentered,4,bucketed,none,128,512,10,7,0.4095021039247513,0.46974485367536545,repeat indices align samples but methods were timed sequentially; use independent-resample intervals
30,eight_schools_noncentered,4,bucketed,none,128,512,10,8,0.47053689509630203,0.48693065345287323,repeat indices align samples but methods were timed sequentially; use independent-resample intervals
30,eight_schools_noncentered,4,bucketed,none,128,512,10,9,0.42585060745477676,0.4418747276067734,repeat indices align samples but methods were timed sequentially; use independent-resample intervals
30,eight_schools_noncentered,4,bucketed,none,128,512,10,10,0.40391360968351364,0.4589419960975647,repeat indices align samples but methods were timed sequentially; use independent-resample intervals
30,eight_schools_noncentered,4,bucketed,none,128,512,10,11,0.4701271578669548,0.4991220310330391,repeat indices align samples but methods were timed sequentially; use independent-resample intervals
30,eight_schools_noncentered,4,bucketed,none,128,512,10,12,0.4098212718963623,0.5333386361598969,repeat indices align samples but methods were timed sequentially; use independent-resample intervals
30,eight_schools_noncentered,4,bucketed,none,128,512,10,13,0.4243244230747223,0.4651987850666046,repeat indices align samples but methods were timed sequentially; use independent-resample intervals
30,eight_schools_noncentered,4,bucketed,none,128,512,10,14,0.42030683904886246,0.5151250660419464,repeat indices align samples but methods were timed sequentially; use independent-resample intervals
30,eight_schools_noncentered,4,bucketed,none,128,512,10,15,0.4524962678551674,0.4903097450733185,repeat indices align samples but methods were timed sequentially; use independent-resample intervals
30,eight_schools_noncentered,4,bucketed,none,128,512,10,16,0.42550114542245865,0.49342839419841766,repeat indices align samples but methods were timed sequentially; use independent-resample intervals
30,eight_schools_noncentered,4,bucketed,none,128,512,10,17,0.41767583787441254,0.5283105298876762,repeat indices align samples but methods were timed sequentially; use independent-resample intervals
30,eight_schools_noncentered,4,bucketed,none,128,512,10,18,0.43475788831710815,0.5107543021440506,repeat indices align samples but methods were timed sequentially; use independent-resample intervals
30,eight_schools_noncentered,4,bucketed,none,128,512,10,19,0.4085289016366005,0.4055293872952461,repeat indices align samples but methods were timed sequentially; use independent-resample intervals
30,eight_schools_noncentered,4,bucketed,none,128,512,10,20,0.43166784197092056,0.45476365089416504,repeat indices align samples but methods were timed sequentially; use independent-resample intervals
30,eight_schools_noncentered,4,bucketed,none,128,512,10,21,0.5056521818041801,0.46266668289899826,repeat indices align samples but methods were timed sequentially; use independent-resample intervals
30,eight_schools_noncentered,4,bucketed,none,128,512,10,22,0.41750138998031616,0.44209931790828705,repeat indices align samples but methods were timed sequentially; use independent-resample intervals
30,eight_schools_noncentered,4,bucketed,none,128,512,10,23,0.4189162254333496,0.4743187800049782,repeat indices align samples but methods were timed sequentially; use independent-resample intervals
30,eight_schools_noncentered,4,bucketed,none,128,512,10,24,0.460607185959816,0.4612135887145996,repeat indices align samples but methods were timed sequentially; use independent-resample intervals
30,eight_schools_noncentered,4,bucketed,none,128,512,10,25,0.41781269013881683,0.5280901864171028,repeat indices align samples but methods were timed sequentially; use independent-resample intervals
30,eight_schools_noncentered,4,bucketed,none,128,512,10,26,0.41806620359420776,0.4889475405216217,repeat indices align samples but methods were timed sequentially; use independent-resample intervals
30,eight_schools_noncentered,4,bucketed,none,128,512,10,27,0.4046584516763687,0.4882790446281433,repeat indices align samples but methods were timed sequentially; use independent-resample intervals
30,eight_schools_noncentered,4,bucketed,none,128,512,10,28,0.3931897506117821,0.5248253047466278,repeat indices align samples but methods were timed sequentially; use independent-resample intervals
30,eight_schools_noncentered,4,bucketed,none,128,512,10,29,0.44272980839014053,0.49073875695466995,repeat indices align samples but methods were timed sequentially; use independent-resample intervals
31,eight_schools_noncentered,4,bucketed,history,64,512,10,0,0.46335137635469437,0.4501989334821701,repeat indices align samples but methods were timed sequentially; use independent-resample intervals
31,eight_schools_noncentered,4,bucketed,history,64,512,10,1,0.46137597411870956,0.4439164623618126,repeat indices align samples but methods were timed sequentially; use independent-resample intervals
31,eight_schools_noncentered,4,bucketed,history,64,512,10,2,0.5377773642539978,0.5177326798439026,repeat indices align samples but methods were timed sequentially; use independent-resample intervals
31,eight_schools_noncentered,4,bucketed,history,64,512,10,3,0.4747878164052963,0.46750643104314804,repeat indices align samples but methods were timed sequentially; use independent-resample intervals
31,eight_schools_noncentered,4,bucketed,history,64,512,10,4,0.4438253343105316,0.4580528065562248,repeat indices align samples but methods were timed sequentially; use independent-resample intervals
31,eight_schools_noncentered,4,bucketed,history,64,512,10,5,0.5496174469590187,0.5015074461698532,repeat indices align samples but methods were timed sequentially; use independent-resample intervals
31,eight_schools_noncentered,4,bucketed,history,64,512,10,6,0.4838871881365776,0.5193079710006714,repeat indices align samples but methods were timed sequentially; use independent-resample intervals
31,eight_schools_noncentered,4,bucketed,history,64,512,10,7,0.5676865875720978,0.46974485367536545,repeat indices align samples but methods were timed sequentially; use independent-resample intervals
31,eight_schools_noncentered,4,bucketed,history,64,512,10,8,0.547050729393959,0.48693065345287323,repeat indices align samples but methods were timed sequentially; use independent-resample intervals
31,eight_schools_noncentered,4,bucketed,history,64,512,10,9,0.5349862352013588,0.4418747276067734,repeat indices align samples but methods were timed sequentially; use independent-resample intervals
31,eight_schools_noncentered,4,bucketed,history,64,512,10,10,0.47403953969478607,0.4589419960975647,repeat indices align samples but methods were timed sequentially; use independent-resample intervals
31,eight_schools_noncentered,4,bucketed,history,64,512,10,11,0.48761340975761414,0.4991220310330391,repeat indices align samples but methods were timed sequentially; use independent-resample intervals
31,eight_schools_noncentered,4,bucketed,history,64,512,10,12,0.4310489892959595,0.5333386361598969,repeat indices align samples but methods were timed sequentially; use independent-resample intervals
31,eight_schools_noncentered,4,bucketed,history,64,512,10,13,0.4502856805920601,0.4651987850666046,repeat indices align samples but methods were timed sequentially; use independent-resample intervals
31,eight_schools_noncentered,4,bucketed,history,64,512,10,14,0.45045433193445206,0.5151250660419464,repeat indices align samples but methods were timed sequentially; use independent-resample intervals
31,eight_schools_noncentered,4,bucketed,history,64,512,10,15,0.5123871266841888,0.4903097450733185,repeat indices align samples but methods were timed sequentially; use independent-resample intervals
31,eight_schools_noncentered,4,bucketed,history,64,512,10,16,0.4638839438557625,0.49342839419841766,repeat indices align samples but methods were timed sequentially; use independent-resample intervals
31,eight_schools_noncentered,4,bucketed,history,64,512,10,17,0.515206515789032,0.5283105298876762,repeat indices align samples but methods were timed sequentially; use independent-resample intervals
31,eight_schools_noncentered,4,bucketed,history,64,512,10,18,0.501408226788044,0.5107543021440506,repeat indices align samples but methods were timed sequentially; use independent-resample intervals
31,eight_schools_noncentered,4,bucketed,history,64,512,10,19,0.4617219865322113,0.4055293872952461,repeat indices align samples but methods were timed sequentially; use independent-resample intervals
31,eight_schools_noncentered,4,bucketed,history,64,512,10,20,0.4345657303929329,0.45476365089416504,repeat indices align samples but methods were timed sequentially; use independent-resample intervals
31,eight_schools_noncentered,4,bucketed,history,64,512,10,21,0.47442498803138733,0.46266668289899826,repeat indices align samples but methods were timed sequentially; use independent-resample intervals
31,eight_schools_noncentered,4,bucketed,history,64,512,10,22,0.4528132826089859,0.44209931790828705,repeat indices align samples but methods were timed sequentially; use independent-resample intervals
31,eight_schools_noncentered,4,bucketed,history,64,512,10,23,0.5794544517993927,0.4743187800049782,repeat indices align samples but methods were timed sequentially; use independent-resample intervals
31,eight_schools_noncentered,4,bucketed,history,64,512,10,24,0.5154734328389168,0.4612135887145996,repeat indices align samples but methods were timed sequentially; use independent-resample intervals
31,eight_schools_noncentered,4,bucketed,history,64,512,10,25,0.5177138447761536,0.5280901864171028,repeat indices align samples but methods were timed sequentially; use independent-resample intervals
31,eight_schools_noncentered,4,bucketed,history,64,512,10,26,0.532551720738411,0.4889475405216217,repeat indices align samples but methods were timed sequentially; use independent-resample intervals
31,eight_schools_noncentered,4,bucketed,history,64,512,10,27,0.4898969978094101,0.4882790446281433,repeat indices align samples but methods were timed sequentially; use independent-resample intervals
31,eight_schools_noncentered,4,bucketed,history,64,512,10,28,0.4187471717596054,0.5248253047466278,repeat indices align samples but methods were timed sequentially; use independent-resample intervals
31,eight_schools_noncentered,4,bucketed,history,64,512,10,29,0.47982264310121536,0.49073875695466995,repeat indices align samples but methods were timed sequentially; use independent-resample intervals
32,eight_schools_noncentered,4,bucketed,history,128,512,10,0,0.524980865418911,0.4501989334821701,repeat indices align samples but methods were timed sequentially; use independent-resample intervals
32,eight_schools_noncentered,4,bucketed,history,128,512,10,1,0.44705435633659363,0.4439164623618126,repeat indices align samples but methods were timed sequentially; use independent-resample intervals
32,eight_schools_noncentered,4,bucketed,history,128,512,10,2,0.44030775874853134,0.5177326798439026,repeat indices align samples but methods were timed sequentially; use independent-resample intervals
32,eight_schools_noncentered,4,bucketed,history,128,512,10,3,0.40965642035007477,0.46750643104314804,repeat indices align samples but methods were timed sequentially; use independent-resample intervals
32,eight_schools_noncentered,4,bucketed,history,128,512,10,4,0.45613423734903336,0.4580528065562248,repeat indices align samples but methods were timed sequentially; use independent-resample intervals
32,eight_schools_noncentered,4,bucketed,history,128,512,10,5,0.460126169025898,0.5015074461698532,repeat indices align samples but methods were timed sequentially; use independent-resample intervals
32,eight_schools_noncentered,4,bucketed,history,128,512,10,6,0.4475061893463135,0.5193079710006714,repeat indices align samples but methods were timed sequentially; use independent-resample intervals
32,eight_schools_noncentered,4,bucketed,history,128,512,10,7,0.47362492978572845,0.46974485367536545,repeat indices align samples but methods were timed sequentially; use independent-resample intervals
32,eight_schools_noncentered,4,bucketed,history,128,512,10,8,0.4404451698064804,0.48693065345287323,repeat indices align samples but methods were timed sequentially; use independent-resample intervals
32,eight_schools_noncentered,4,bucketed,history,128,512,10,9,0.4524717181921005,0.4418747276067734,repeat indices align samples but methods were timed sequentially; use independent-resample intervals
32,eight_schools_noncentered,4,bucketed,history,128,512,10,10,0.41737429797649384,0.4589419960975647,repeat indices align samples but methods were timed sequentially; use independent-resample intervals
32,eight_schools_noncentered,4,bucketed,history,128,512,10,11,0.4401835948228836,0.4991220310330391,repeat indices align samples but methods were timed sequentially; use independent-resample intervals
32,eight_schools_noncentered,4,bucketed,history,128,512,10,12,0.4007851555943489,0.5333386361598969,repeat indices align samples but methods were timed sequentially; use independent-resample intervals
32,eight_schools_noncentered,4,bucketed,history,128,512,10,13,0.4683002904057503,0.4651987850666046,repeat indices align samples but methods were timed sequentially; use independent-resample intervals
32,eight_schools_noncentered,4,bucketed,history,128,512,10,14,0.45406434684991837,0.5151250660419464,repeat indices align samples but methods were timed sequentially; use independent-resample intervals
32,eight_schools_noncentered,4,bucketed,history,128,512,10,15,0.40240634977817535,0.4903097450733185,repeat indices align samples but methods were timed sequentially; use independent-resample intervals
32,eight_schools_noncentered,4,bucketed,history,128,512,10,16,0.4833158031105995,0.49342839419841766,repeat indices align samples but methods were timed sequentially; use independent-resample intervals
32,eight_schools_noncentered,4,bucketed,history,128,512,10,17,0.41001565009355545,0.5283105298876762,repeat indices align samples but methods were timed sequentially; use independent-resample intervals
32,eight_schools_noncentered,4,bucketed,history,128,512,10,18,0.4586296081542969,0.5107543021440506,repeat indices align samples but methods were timed sequentially; use independent-resample intervals
32,eight_schools_noncentered,4,bucketed,history,128,512,10,19,0.49112997204065323,0.4055293872952461,repeat indices align samples but methods were timed sequentially; use independent-resample intervals
32,eight_schools_noncentered,4,bucketed,history,128,512,10,20,0.4162309467792511,0.45476365089416504,repeat indices align samples but methods were timed sequentially; use independent-resample intervals
32,eight_schools_noncentered,4,bucketed,history,128,512,10,21,0.4422953128814697,0.46266668289899826,repeat indices align samples but methods were timed sequentially; use independent-resample intervals
32,eight_schools_noncentered,4,bucketed,history,128,512,10,22,0.45177337527275085,0.44209931790828705,repeat indices align samples but methods were timed sequentially; use independent-resample intervals
32,eight_schools_noncentered,4,bucketed,history,128,512,10,23,0.4339926838874817,0.4743187800049782,repeat indices align samples but methods were timed sequentially; use independent-resample intervals
32,eight_schools_noncentered,4,bucketed,history,128,512,10,24,0.39828071743249893,0.4612135887145996,repeat indices align samples but methods were timed sequentially; use independent-resample intervals
32,eight_schools_noncentered,4,bucketed,history,128,512,10,25,0.4512525051832199,0.5280901864171028,repeat indices align samples but methods were timed sequentially; use independent-resample intervals
32,eight_schools_noncentered,4,bucketed,history,128,512,10,26,0.4510439336299896,0.4889475405216217,repeat indices align samples but methods were timed sequentially; use independent-resample intervals
32,eight_schools_noncentered,4,bucketed,history,128,512,10,27,0.4090980142354965,0.4882790446281433,repeat indices align samples but methods were timed sequentially; use independent-resample intervals
32,eight_schools_noncentered,4,bucketed,history,128,512,10,28,0.5118097066879272,0.5248253047466278,repeat indices align samples but methods were timed sequentially; use independent-resample intervals
32,eight_schools_noncentered,4,bucketed,history,128,512,10,29,0.4175420328974724,0.49073875695466995,repeat indices align samples but methods were timed sequentially; use independent-resample intervals
33,eight_schools_noncentered,4,bucketed,last_depth,64,512,10,0,0.5082185119390488,0.4501989334821701,repeat indices align samples but methods were timed sequentially; use independent-resample intervals
33,eight_schools_noncentered,4,bucketed,last_depth,64,512,10,1,0.42869607359170914,0.4439164623618126,repeat indices align samples but methods were timed sequentially; use independent-resample intervals
33,eight_schools_noncentered,4,bucketed,last_depth,64,512,10,2,0.5099609345197678,0.5177326798439026,repeat indices align samples but methods were timed sequentially; use independent-resample intervals
33,eight_schools_noncentered,4,bucketed,last_depth,64,512,10,3,0.5159492790699005,0.46750643104314804,repeat indices align samples but methods were timed sequentially; use independent-resample intervals
33,eight_schools_noncentered,4,bucketed,last_depth,64,512,10,4,0.4826088398694992,0.4580528065562248,repeat indices align samples but methods were timed sequentially; use independent-resample intervals
33,eight_schools_noncentered,4,bucketed,last_depth,64,512,10,5,0.44599761068820953,0.5015074461698532,repeat indices align samples but methods were timed sequentially; use independent-resample intervals
33,eight_schools_noncentered,4,bucketed,last_depth,64,512,10,6,0.4395373687148094,0.5193079710006714,repeat indices align samples but methods were timed sequentially; use independent-resample intervals
33,eight_schools_noncentered,4,bucketed,last_depth,64,512,10,7,0.45129799097776413,0.46974485367536545,repeat indices align samples but methods were timed sequentially; use independent-resample intervals
33,eight_schools_noncentered,4,bucketed,last_depth,64,512,10,8,0.49107547849416733,0.48693065345287323,repeat indices align samples but methods were timed sequentially; use independent-resample intervals
33,eight_schools_noncentered,4,bucketed,last_depth,64,512,10,9,0.5602012649178505,0.4418747276067734,repeat indices align samples but methods were timed sequentially; use independent-resample intervals
33,eight_schools_noncentered,4,bucketed,last_depth,64,512,10,10,0.4819400832056999,0.4589419960975647,repeat indices align samples but methods were timed sequentially; use independent-resample intervals
33,eight_schools_noncentered,4,bucketed,last_depth,64,512,10,11,0.4860397130250931,0.4991220310330391,repeat indices align samples but methods were timed sequentially; use independent-resample intervals
33,eight_schools_noncentered,4,bucketed,last_depth,64,512,10,12,0.45466187596321106,0.5333386361598969,repeat indices align samples but methods were timed sequentially; use independent-resample intervals
33,eight_schools_noncentered,4,bucketed,last_depth,64,512,10,13,0.4709128215909004,0.4651987850666046,repeat indices align samples but methods were timed sequentially; use independent-resample intervals
33,eight_schools_noncentered,4,bucketed,last_depth,64,512,10,14,0.4866696521639824,0.5151250660419464,repeat indices align samples but methods were timed sequentially; use independent-resample intervals
33,eight_schools_noncentered,4,bucketed,last_depth,64,512,10,15,0.5343403369188309,0.4903097450733185,repeat indices align samples but methods were timed sequentially; use independent-resample intervals
33,eight_schools_noncentered,4,bucketed,last_depth,64,512,10,16,0.4744115248322487,0.49342839419841766,repeat indices align samples but methods were timed sequentially; use independent-resample intervals
33,eight_schools_noncentered,4,bucketed,last_depth,64,512,10,17,0.47115275263786316,0.5283105298876762,repeat indices align samples but methods were timed sequentially; use independent-resample intervals
33,eight_schools_noncentered,4,bucketed,last_depth,64,512,10,18,0.46955159306526184,0.5107543021440506,repeat indices align samples but methods were timed sequentially; use independent-resample intervals
33,eight_schools_noncentered,4,bucketed,last_depth,64,512,10,19,0.4735795930027962,0.4055293872952461,repeat indices align samples but methods were timed sequentially; use independent-resample intervals
33,eight_schools_noncentered,4,bucketed,last_depth,64,512,10,20,0.5735558345913887,0.45476365089416504,repeat indices align samples but methods were timed sequentially; use independent-resample intervals
33,eight_schools_noncentered,4,bucketed,last_depth,64,512,10,21,0.5138156563043594,0.46266668289899826,repeat indices align samples but methods were timed sequentially; use independent-resample intervals
33,eight_schools_noncentered,4,bucketed,last_depth,64,512,10,22,0.46553849428892136,0.44209931790828705,repeat indices align samples but methods were timed sequentially; use independent-resample intervals
33,eight_schools_noncentered,4,bucketed,last_depth,64,512,10,23,0.4812491163611412,0.4743187800049782,repeat indices align samples but methods were timed sequentially; use independent-resample intervals
33,eight_schools_noncentered,4,bucketed,last_depth,64,512,10,24,0.472504124045372,0.4612135887145996,repeat indices align samples but methods were timed sequentially; use independent-resample intervals
33,eight_schools_noncentered,4,bucketed,last_depth,64,512,10,25,0.44618480652570724,0.5280901864171028,repeat indices align samples but methods were timed sequentially; use independent-resample intervals
33,eight_schools_noncentered,4,bucketed,last_depth,64,512,10,26,0.4721590057015419,0.4889475405216217,repeat indices align samples but methods were timed sequentially; use independent-resample intervals
33,eight_schools_noncentered,4,bucketed,last_depth,64,512,10,27,0.5581402778625488,0.4882790446281433,repeat indices align samples but methods were timed sequentially; use independent-resample intervals
33,eight_schools_noncentered,4,bucketed,last_depth,64,512,10,28,0.6038160771131516,0.5248253047466278,repeat indices align samples but methods were timed sequentially; use independent-resample intervals
33,eight_schools_noncentered,4,bucketed,last_depth,64,512,10,29,0.6075642630457878,0.49073875695466995,repeat indices align samples but methods were timed sequentially; use independent-resample intervals
34,eight_schools_noncentered,4,bucketed,last_depth,128,512,10,0,0.5421802252531052,0.4501989334821701,repeat indices align samples but methods were timed sequentially; use independent-resample intervals
34,eight_schools_noncentered,4,bucketed,last_depth,128,512,10,1,0.5511476472020149,0.4439164623618126,repeat indices align samples but methods were timed sequentially; use independent-resample intervals
34,eight_schools_noncentered,4,bucketed,last_depth,128,512,10,2,0.6016469895839691,0.5177326798439026,repeat indices align samples but methods were timed sequentially; use independent-resample intervals
34,eight_schools_noncentered,4,bucketed,last_depth,128,512,10,3,0.5709610432386398,0.46750643104314804,repeat indices align samples but methods were timed sequentially; use independent-resample intervals
34,eight_schools_noncentered,4,bucketed,last_depth,128,512,10,4,0.558609664440155,0.4580528065562248,repeat indices align samples but methods were timed sequentially; use independent-resample intervals
34,eight_schools_noncentered,4,bucketed,last_depth,128,512,10,5,0.7045667096972466,0.5015074461698532,repeat indices align samples but methods were timed sequentially; use independent-resample intervals
34,eight_schools_noncentered,4,bucketed,last_depth,128,512,10,6,0.649351641535759,0.5193079710006714,repeat indices align samples but methods were timed sequentially; use independent-resample intervals
34,eight_schools_noncentered,4,bucketed,last_depth,128,512,10,7,0.5440963953733444,0.46974485367536545,repeat indices align samples but methods were timed sequentially; use independent-resample intervals
34,eight_schools_noncentered,4,bucketed,last_depth,128,512,10,8,0.6036850959062576,0.48693065345287323,repeat indices align samples but methods were timed sequentially; use independent-resample intervals
34,eight_schools_noncentered,4,bucketed,last_depth,128,512,10,9,0.5647959932684898,0.4418747276067734,repeat indices align samples but methods were timed sequentially; use independent-resample intervals
34,eight_schools_noncentered,4,bucketed,last_depth,128,512,10,10,0.6252390891313553,0.4589419960975647,repeat indices align samples but methods were timed sequentially; use independent-resample intervals
34,eight_schools_noncentered,4,bucketed,last_depth,128,512,10,11,0.5767494961619377,0.4991220310330391,repeat indices align samples but methods were timed sequentially; use independent-resample intervals
34,eight_schools_noncentered,4,bucketed,last_depth,128,512,10,12,0.5976612120866776,0.5333386361598969,repeat indices align samples but methods were timed sequentially; use independent-resample intervals
34,eight_schools_noncentered,4,bucketed,last_depth,128,512,10,13,0.5298349782824516,0.4651987850666046,repeat indices align samples but methods were timed sequentially; use independent-resample intervals
34,eight_schools_noncentered,4,bucketed,last_depth,128,512,10,14,0.5196082890033722,0.5151250660419464,repeat indices align samples but methods were timed sequentially; use independent-resample intervals
34,eight_schools_noncentered,4,bucketed,last_depth,128,512,10,15,0.555596113204956,0.4903097450733185,repeat indices align samples but methods were timed sequentially; use independent-resample intervals
34,eight_schools_noncentered,4,bucketed,last_depth,128,512,10,16,0.5507321059703827,0.49342839419841766,repeat indices align samples but methods were timed sequentially; use independent-resample intervals
34,eight_schools_noncentered,4,bucketed,last_depth,128,512,10,17,0.5126150473952293,0.5283105298876762,repeat indices align samples but methods were timed sequentially; use independent-resample intervals
34,eight_schools_noncentered,4,bucketed,last_depth,128,512,10,18,0.5540314987301826,0.5107543021440506,repeat indices align samples but methods were timed sequentially; use independent-resample intervals
34,eight_schools_noncentered,4,bucketed,last_depth,128,512,10,19,0.5434465110301971,0.4055293872952461,repeat indices align samples but methods were timed sequentially; use independent-resample intervals
34,eight_schools_noncentered,4,bucketed,last_depth,128,512,10,20,0.5131023824214935,0.45476365089416504,repeat indices align samples but methods were timed sequentially; use independent-resample intervals
34,eight_schools_noncentered,4,bucketed,last_depth,128,512,10,21,0.610720694065094,0.46266668289899826,repeat indices align samples but methods were timed sequentially; use independent-resample intervals
34,eight_schools_noncentered,4,bucketed,last_depth,128,512,10,22,0.4770660698413849,0.44209931790828705,repeat indices align samples but methods were timed sequentially; use independent-resample intervals
34,eight_schools_noncentered,4,bucketed,last_depth,128,512,10,23,0.5444711968302727,0.4743187800049782,repeat indices align samples but methods were timed sequentially; use independent-resample intervals
34,eight_schools_noncentered,4,bucketed,last_depth,128,512,10,24,0.5216582641005516,0.4612135887145996,repeat indices align samples but methods were timed sequentially; use independent-resample intervals
34,eight_schools_noncentered,4,bucketed,last_depth,128,512,10,25,0.5882862955331802,0.5280901864171028,repeat indices align samples but methods were timed sequentially; use independent-resample intervals
34,eight_schools_noncentered,4,bucketed,last_depth,128,512,10,26,0.5188062489032745,0.4889475405216217,repeat indices align samples but methods were timed sequentially; use independent-resample intervals
34,eight_schools_noncentered,4,bucketed,last_depth,128,512,10,27,0.5306132882833481,0.4882790446281433,repeat indices align samples but methods were timed sequentially; use independent-resample intervals
34,eight_schools_noncentered,4,bucketed,last_depth,128,512,10,28,0.5644193068146706,0.5248253047466278,repeat indices align samples but methods were timed sequentially; use independent-resample intervals
34,eight_schools_noncentered,4,bucketed,last_depth,128,512,10,29,0.5566570907831192,0.49073875695466995,repeat indices align samples but methods were timed sequentially; use independent-resample intervals
