model,model_family,parameterization,seed,method,baseline_type,predictor,bucket_size,num_chains,dimension,num_groups,observations_per_group,num_observations,num_features,time_length,kernel,input_dimension,data_seed,jitter,num_steps,step_size,max_tree_depth,hmc_num_leapfrog_steps,independent_baseline_kind,predictor_beta,time_seconds,speedup_vs_monolithic,t_mono,t_bucket,speedup,timing_cold_prime_seconds,timing_warm_repeat_count,timing_warm_min_seconds,timing_warm_q1_seconds,timing_warm_median_seconds,timing_warm_q3_seconds,timing_warm_max_seconds,timing_warm_repeat_seconds_json,mono_warm_repeat_seconds_json,mono_total_leapfrog_count,mono_divergence_count,mono_max_realized_tree_depth,method_total_leapfrog_count,method_divergence_count,method_max_realized_tree_depth,bucket_total_leapfrog_count,bucket_divergence_count,bucket_max_realized_tree_depth,bucket_num_buckets,bucket_padding_count,bucket_padding_ratio,bucket_hvp_overhead_seconds,bucket_hvp_call_count,timing_breakdown_enabled,timing_cold_run_seconds,timing_cold_compile_seconds,timing_warm_iteration_seconds,timing_planner_seconds,timing_executor_seconds,timing_gather_seconds,timing_scatter_seconds,timing_hvp_seconds,timing_total_profiled_seconds,timing_unattributed_seconds,timing_profiler_marker_count
funnel,,,0,monolithic,nuts_reference,monolithic,0,128,4,,,,,,,,,,16,0.2,8,,,0.9,0.5010768957436085,1.0,0.5010768957436085,0.5010768957436085,1.0,4.263897992670536,30,0.43754449486732483,0.4753862638026476,0.5010768957436085,0.5123903024941683,0.5784299597144127,"[0.48086803406476974, 0.43754449486732483, 0.493364542722702, 0.4655666872859001, 0.5092131718993187, 0.5067403838038445, 0.5238175466656685, 0.43955548107624054, 0.5112926140427589, 0.5150169655680656, 0.4865223467350006, 0.49725694209337234, 0.4735590070486069, 0.4577415660023689, 0.45820730924606323, 0.5078118667006493, 0.466131828725338, 0.5183276832103729, 0.5155332684516907, 0.5784299597144127, 0.5075557827949524, 0.5239628702402115, 0.5127561986446381, 0.4894726797938347, 0.5419622361660004, 0.48288095742464066, 0.49665115028619766, 0.5058698132634163, 0.5048968493938446, 0.47072646766901016]","[0.48086803406476974, 0.43754449486732483, 0.493364542722702, 0.4655666872859001, 0.5092131718993187, 0.5067403838038445, 0.5238175466656685, 0.43955548107624054, 0.5112926140427589, 0.5150169655680656, 0.4865223467350006, 0.49725694209337234, 0.4735590070486069, 0.4577415660023689, 0.45820730924606323, 0.5078118667006493, 0.466131828725338, 0.5183276832103729, 0.5155332684516907, 0.5784299597144127, 0.5075557827949524, 0.5239628702402115, 0.5127561986446381, 0.4894726797938347, 0.5419622361660004, 0.48288095742464066, 0.49665115028619766, 0.5058698132634163, 0.5048968493938446, 0.47072646766901016]",39648,2,8,39648,2,8,39648,2,8,,0,0.0,0.0,0,False,0.0,0.0,0.5010768957436085,0.0,0.0,0.0,0.0,0.0,0.0,0.0,0
funnel,,,0,bucketed,bucketed_nuts,history,64,128,4,,,,,,,,,,16,0.2,8,,,0.9,0.5467312633991241,0.9164957800809223,0.5010768957436085,0.5467312633991241,0.9164957800809223,3.308014892041683,30,0.4439903274178505,0.5096770692616701,0.5467312633991241,0.5676357485353947,0.6783552691340446,"[0.54305649548769, 0.4928402304649353, 0.5335212275385857, 0.5436018779873848, 0.4439903274178505, 0.49329791218042374, 0.5190761610865593, 0.5522785782814026, 0.5129735991358757, 0.5826067999005318, 0.5474000722169876, 0.5857595801353455, 0.6442622244358063, 0.5085782259702682, 0.5604418516159058, 0.5486304685473442, 0.470525361597538, 0.5505524426698685, 0.5715261027216911, 0.5387277230620384, 0.5460624545812607, 0.6005387231707573, 0.6215813979506493, 0.6783552691340446, 0.47290926426649094, 0.5700337141752243, 0.557732492685318, 0.551610678434372, 0.4986996203660965, 0.5084165334701538]","[0.48086803406476974, 0.43754449486732483, 0.493364542722702, 0.4655666872859001, 0.5092131718993187, 0.5067403838038445, 0.5238175466656685, 0.43955548107624054, 0.5112926140427589, 0.5150169655680656, 0.4865223467350006, 0.49725694209337234, 0.4735590070486069, 0.4577415660023689, 0.45820730924606323, 0.5078118667006493, 0.466131828725338, 0.5183276832103729, 0.5155332684516907, 0.5784299597144127, 0.5075557827949524, 0.5239628702402115, 0.5127561986446381, 0.4894726797938347, 0.5419622361660004, 0.48288095742464066, 0.49665115028619766, 0.5058698132634163, 0.5048968493938446, 0.47072646766901016]",39648,2,8,39648,2,8,39648,2,8,2,0,0.0,0.0,0,False,0.0,0.0,0.5467312633991241,0.0,0.0,0.0,0.0,0.0,0.0,0.0,0
funnel,,,0,bucketed,bucketed_nuts,history,128,128,4,,,,,,,,,,16,0.2,8,,,0.9,0.5952073931694031,0.8418526071651063,0.5010768957436085,0.5952073931694031,0.8418526071651063,2.7605485394597054,30,0.5230756476521492,0.5659888312220573,0.5952073931694031,0.6181781440973282,0.8044284954667091,"[0.5647869110107422, 0.6310927793383598, 0.6187814399600029, 0.5972289517521858, 0.5704907327890396, 0.6078783124685287, 0.6221143454313278, 0.5670677945017815, 0.5931858345866203, 0.5516097396612167, 0.5624301433563232, 0.5417175740003586, 0.6820315569639206, 0.616368256509304, 0.5656291767954826, 0.5981392934918404, 0.5230756476521492, 0.5254642367362976, 0.6554522216320038, 0.6012635082006454, 0.5893367677927017, 0.5713827013969421, 0.5862488970160484, 0.6058488711714745, 0.5493444129824638, 0.6150507852435112, 0.6223183199763298, 0.5785217806696892, 0.8044284954667091, 0.7295697182416916]","[0.48086803406476974, 0.43754449486732483, 0.493364542722702, 0.4655666872859001, 0.5092131718993187, 0.5067403838038445, 0.5238175466656685, 0.43955548107624054, 0.5112926140427589, 0.5150169655680656, 0.4865223467350006, 0.49725694209337234, 0.4735590070486069, 0.4577415660023689, 0.45820730924606323, 0.5078118667006493, 0.466131828725338, 0.5183276832103729, 0.5155332684516907, 0.5784299597144127, 0.5075557827949524, 0.5239628702402115, 0.5127561986446381, 0.4894726797938347, 0.5419622361660004, 0.48288095742464066, 0.49665115028619766, 0.5058698132634163, 0.5048968493938446, 0.47072646766901016]",39648,2,8,39648,2,8,39648,2,8,1,0,0.0,0.0,0,False,0.0,0.0,0.5952073931694031,0.0,0.0,0.0,0.0,0.0,0.0,0.0,0
funnel,,,0,bucketed,bucketed_nuts,last_depth,64,128,4,,,,,,,,,,16,0.2,8,,,0.9,0.5205723233520985,0.9625500113356893,0.5010768957436085,0.5205723233520985,0.9625500113356893,0.6960137560963631,30,0.43550657480955124,0.495356360450387,0.5205723233520985,0.5945986080914736,0.6908733546733856,"[0.6908733546733856, 0.6346216425299644, 0.613398052752018, 0.6750940605998039, 0.6708328649401665, 0.5673137977719307, 0.6036935448646545, 0.6520597413182259, 0.5111653134226799, 0.4945805296301842, 0.5174190551042557, 0.5525218471884727, 0.4713481217622757, 0.5218079388141632, 0.43550657480955124, 0.49298031628131866, 0.5402562916278839, 0.4801277369260788, 0.5418888702988625, 0.4855111390352249, 0.4908462315797806, 0.5368194729089737, 0.4976838529109955, 0.45871400088071823, 0.500823937356472, 0.5061180368065834, 0.5082524493336678, 0.5326787605881691, 0.5193367078900337, 0.6243153810501099]","[0.48086803406476974, 0.43754449486732483, 0.493364542722702, 0.4655666872859001, 0.5092131718993187, 0.5067403838038445, 0.5238175466656685, 0.43955548107624054, 0.5112926140427589, 0.5150169655680656, 0.4865223467350006, 0.49725694209337234, 0.4735590070486069, 0.4577415660023689, 0.45820730924606323, 0.5078118667006493, 0.466131828725338, 0.5183276832103729, 0.5155332684516907, 0.5784299597144127, 0.5075557827949524, 0.5239628702402115, 0.5127561986446381, 0.4894726797938347, 0.5419622361660004, 0.48288095742464066, 0.49665115028619766, 0.5058698132634163, 0.5048968493938446, 0.47072646766901016]",39648,2,8,39648,2,8,39648,2,8,2,0,0.0,0.0,0,False,0.0,0.0,0.5205723233520985,0.0,0.0,0.0,0.0,0.0,0.0,0.0,0
funnel,,,0,bucketed,bucketed_nuts,last_depth,128,128,4,,,,,,,,,,16,0.2,8,,,0.9,0.5902214609086514,0.8489642090821232,0.5010768957436085,0.5902214609086514,0.8489642090821232,0.5677671879529953,30,0.5436710119247437,0.565714780241251,0.5902214609086514,0.6162431947886944,0.6965082958340645,"[0.5645161271095276, 0.5489699840545654, 0.6744191870093346, 0.5779854506254196, 0.560376301407814, 0.6155871450901031, 0.5506419241428375, 0.557403177022934, 0.5866354554891586, 0.6157738193869591, 0.6198232471942902, 0.6203729510307312, 0.5794780924916267, 0.5693107396364212, 0.5461695045232773, 0.5750336945056915, 0.5467202514410019, 0.5938074663281441, 0.5436710119247437, 0.646551214158535, 0.5981241911649704, 0.6078485175967216, 0.6095583662390709, 0.616706021130085, 0.6163996532559395, 0.5844826474785805, 0.5839502587914467, 0.6277864500880241, 0.6105946227908134, 0.6965082958340645]","[0.48086803406476974, 0.43754449486732483, 0.493364542722702, 0.4655666872859001, 0.5092131718993187, 0.5067403838038445, 0.5238175466656685, 0.43955548107624054, 0.5112926140427589, 0.5150169655680656, 0.4865223467350006, 0.49725694209337234, 0.4735590070486069, 0.4577415660023689, 0.45820730924606323, 0.5078118667006493, 0.466131828725338, 0.5183276832103729, 0.5155332684516907, 0.5784299597144127, 0.5075557827949524, 0.5239628702402115, 0.5127561986446381, 0.4894726797938347, 0.5419622361660004, 0.48288095742464066, 0.49665115028619766, 0.5058698132634163, 0.5048968493938446, 0.47072646766901016]",39648,2,8,39648,2,8,39648,2,8,1,0,0.0,0.0,0,False,0.0,0.0,0.5902214609086514,0.0,0.0,0.0,0.0,0.0,0.0,0.0,0
funnel,,,1,monolithic,nuts_reference,monolithic,0,128,4,,,,,,,,,,16,0.2,8,,,0.9,0.5064951032400131,1.0,0.5064951032400131,0.5064951032400131,1.0,0.5035036578774452,30,0.46645402908325195,0.4924607779830694,0.5064951032400131,0.5240403227508068,0.5587793588638306,"[0.4986115023493767, 0.5291814729571342, 0.5091178640723228, 0.4914645329117775, 0.4954495131969452, 0.5243863686919212, 0.5249905735254288, 0.5230021849274635, 0.48082921653985977, 0.5587793588638306, 0.5059079602360725, 0.5388348400592804, 0.47602246701717377, 0.5053195729851723, 0.5117902830243111, 0.4860675036907196, 0.5098613202571869, 0.46645402908325195, 0.47157739847898483, 0.5437435135245323, 0.5200162902474403, 0.5070822462439537, 0.49908942729234695, 0.5286569818854332, 0.4827238842844963, 0.5553189292550087, 0.5174856409430504, 0.5041341036558151, 0.49964261054992676, 0.47871071100234985]","[0.4986115023493767, 0.5291814729571342, 0.5091178640723228, 0.4914645329117775, 0.4954495131969452, 0.5243863686919212, 0.5249905735254288, 0.5230021849274635, 0.48082921653985977, 0.5587793588638306, 0.5059079602360725, 0.5388348400592804, 0.47602246701717377, 0.5053195729851723, 0.5117902830243111, 0.4860675036907196, 0.5098613202571869, 0.46645402908325195, 0.47157739847898483, 0.5437435135245323, 0.5200162902474403, 0.5070822462439537, 0.49908942729234695, 0.5286569818854332, 0.4827238842844963, 0.5553189292550087, 0.5174856409430504, 0.5041341036558151, 0.49964261054992676, 0.47871071100234985]",39366,1,8,39366,1,8,39366,1,8,,0,0.0,0.0,0,False,0.0,0.0,0.5064951032400131,0.0,0.0,0.0,0.0,0.0,0.0,0.0,0
funnel,,,1,bucketed,bucketed_nuts,history,64,128,4,,,,,,,,,,16,0.2,8,,,0.9,0.5625926069915295,0.9002875205710604,0.5064951032400131,0.5625926069915295,0.9002875205710604,0.4941624253988266,30,0.4939088821411133,0.5463070720434189,0.5625926069915295,0.5811546463519335,0.6391679346561432,"[0.5260332748293877, 0.5452829375863075, 0.5178620591759682, 0.5807360261678696, 0.5679374784231186, 0.556444987654686, 0.5876378044486046, 0.6391679346561432, 0.5588261187076569, 0.5733518376946449, 0.5947330966591835, 0.5254219025373459, 0.5642361640930176, 0.5506979897618294, 0.5718902200460434, 0.5784768760204315, 0.6160637214779854, 0.5871803164482117, 0.5320361405611038, 0.5898699089884758, 0.5567951947450638, 0.5879364535212517, 0.5812941864132881, 0.5609490498900414, 0.5077957659959793, 0.5673215091228485, 0.549379475414753, 0.4939088821411133, 0.5264217332005501, 0.5534395724534988]","[0.4986115023493767, 0.5291814729571342, 0.5091178640723228, 0.4914645329117775, 0.4954495131969452, 0.5243863686919212, 0.5249905735254288, 0.5230021849274635, 0.48082921653985977, 0.5587793588638306, 0.5059079602360725, 0.5388348400592804, 0.47602246701717377, 0.5053195729851723, 0.5117902830243111, 0.4860675036907196, 0.5098613202571869, 0.46645402908325195, 0.47157739847898483, 0.5437435135245323, 0.5200162902474403, 0.5070822462439537, 0.49908942729234695, 0.5286569818854332, 0.4827238842844963, 0.5553189292550087, 0.5174856409430504, 0.5041341036558151, 0.49964261054992676, 0.47871071100234985]",39366,1,8,39366,1,8,39366,1,8,2,0,0.0,0.0,0,False,0.0,0.0,0.5625926069915295,0.0,0.0,0.0,0.0,0.0,0.0,0.0,0
funnel,,,1,bucketed,bucketed_nuts,history,128,128,4,,,,,,,,,,16,0.2,8,,,0.9,0.6065150387585163,0.8350907576451273,0.5064951032400131,0.6065150387585163,0.8350907576451273,0.6511608883738518,30,0.5463192835450172,0.5782186184078455,0.6065150387585163,0.644818626344204,0.7050638347864151,"[0.5781706869602203, 0.578362412750721, 0.593865804374218, 0.5476192757487297, 0.5614772364497185, 0.6094771474599838, 0.7050638347864151, 0.6593729257583618, 0.6599398776888847, 0.6435277014970779, 0.6536393240094185, 0.6452489346265793, 0.5899660065770149, 0.6385682672262192, 0.6308020725846291, 0.6873102262616158, 0.6254745498299599, 0.6177022308111191, 0.667955256998539, 0.5525666400790215, 0.5586768314242363, 0.6035529300570488, 0.5463192835450172, 0.5883440151810646, 0.6768549531698227, 0.6284008175134659, 0.5955281481146812, 0.5965916812419891, 0.5531522184610367, 0.5633620694279671]","[0.4986115023493767, 0.5291814729571342, 0.5091178640723228, 0.4914645329117775, 0.4954495131969452, 0.5243863686919212, 0.5249905735254288, 0.5230021849274635, 0.48082921653985977, 0.5587793588638306, 0.5059079602360725, 0.5388348400592804, 0.47602246701717377, 0.5053195729851723, 0.5117902830243111, 0.4860675036907196, 0.5098613202571869, 0.46645402908325195, 0.47157739847898483, 0.5437435135245323, 0.5200162902474403, 0.5070822462439537, 0.49908942729234695, 0.5286569818854332, 0.4827238842844963, 0.5553189292550087, 0.5174856409430504, 0.5041341036558151, 0.49964261054992676, 0.47871071100234985]",39366,1,8,39366,1,8,39366,1,8,1,0,0.0,0.0,0,False,0.0,0.0,0.6065150387585163,0.0,0.0,0.0,0.0,0.0,0.0,0.0,0
funnel,,,1,bucketed,bucketed_nuts,last_depth,64,128,4,,,,,,,,,,16,0.2,8,,,0.9,0.5180602632462978,0.9776760334139228,0.5064951032400131,0.5180602632462978,0.9776760334139228,0.5350986868143082,30,0.402556911110878,0.47949304059147835,0.5180602632462978,0.5324697084724903,0.6343579217791557,"[0.6218696758151054, 0.5782111659646034, 0.6343579217791557, 0.5143441706895828, 0.5278360173106194, 0.4838445112109184, 0.46660054475069046, 0.4862051159143448, 0.5330082923173904, 0.5370628461241722, 0.41073330491781235, 0.4944780170917511, 0.565534383058548, 0.5599114894866943, 0.5308539569377899, 0.5383712872862816, 0.4658745899796486, 0.46758483350276947, 0.49423616379499435, 0.5299713537096977, 0.5286311656236649, 0.4395572394132614, 0.45709483325481415, 0.4780425503849983, 0.5236747786402702, 0.5144916847348213, 0.5216288417577744, 0.402556911110878, 0.5302999243140221, 0.48941120505332947]","[0.4986115023493767, 0.5291814729571342, 0.5091178640723228, 0.4914645329117775, 0.4954495131969452, 0.5243863686919212, 0.5249905735254288, 0.5230021849274635, 0.48082921653985977, 0.5587793588638306, 0.5059079602360725, 0.5388348400592804, 0.47602246701717377, 0.5053195729851723, 0.5117902830243111, 0.4860675036907196, 0.5098613202571869, 0.46645402908325195, 0.47157739847898483, 0.5437435135245323, 0.5200162902474403, 0.5070822462439537, 0.49908942729234695, 0.5286569818854332, 0.4827238842844963, 0.5553189292550087, 0.5174856409430504, 0.5041341036558151, 0.49964261054992676, 0.47871071100234985]",39366,1,8,39366,1,8,39366,1,8,2,0,0.0,0.0,0,False,0.0,0.0,0.5180602632462978,0.0,0.0,0.0,0.0,0.0,0.0,0.0,0
funnel,,,1,bucketed,bucketed_nuts,last_depth,128,128,4,,,,,,,,,,16,0.2,8,,,0.9,0.5314782224595547,0.9529931459770343,0.5064951032400131,0.5314782224595547,0.9529931459770343,0.5159311592578888,30,0.4643801599740982,0.505976052954793,0.5314782224595547,0.5571230296045542,0.5917812436819077,"[0.534582145512104, 0.5516182407736778, 0.46806904673576355, 0.517255462706089, 0.479108527302742, 0.4643801599740982, 0.5001780837774277, 0.4897255301475525, 0.503161296248436, 0.5006910264492035, 0.5574179068207741, 0.5041181445121765, 0.5236015692353249, 0.5387874767184258, 0.527833104133606, 0.5406926646828651, 0.5299087241292, 0.5518362373113632, 0.5821357741951942, 0.5621855854988098, 0.5917812436819077, 0.5839681923389435, 0.5259321630001068, 0.5652626380324364, 0.5115497782826424, 0.5292475074529648, 0.5562383979558945, 0.5674441829323769, 0.5330477207899094, 0.5888669118285179]","[0.4986115023493767, 0.5291814729571342, 0.5091178640723228, 0.4914645329117775, 0.4954495131969452, 0.5243863686919212, 0.5249905735254288, 0.5230021849274635, 0.48082921653985977, 0.5587793588638306, 0.5059079602360725, 0.5388348400592804, 0.47602246701717377, 0.5053195729851723, 0.5117902830243111, 0.4860675036907196, 0.5098613202571869, 0.46645402908325195, 0.47157739847898483, 0.5437435135245323, 0.5200162902474403, 0.5070822462439537, 0.49908942729234695, 0.5286569818854332, 0.4827238842844963, 0.5553189292550087, 0.5174856409430504, 0.5041341036558151, 0.49964261054992676, 0.47871071100234985]",39366,1,8,39366,1,8,39366,1,8,1,0,0.0,0.0,0,False,0.0,0.0,0.5314782224595547,0.0,0.0,0.0,0.0,0.0,0.0,0.0,0
funnel,,,2,monolithic,nuts_reference,monolithic,0,128,4,,,,,,,,,,16,0.2,8,,,0.9,0.3987405002117157,1.0,0.3987405002117157,0.3987405002117157,1.0,0.45028603821992874,30,0.33417852967977524,0.38133316300809383,0.3987405002117157,0.4087641220539808,0.45164502412080765,"[0.4382746070623398, 0.4026622176170349, 0.38101713359355927, 0.4325924515724182, 0.38994067907333374, 0.3908245489001274, 0.35630466789007187, 0.33417852967977524, 0.41337986290454865, 0.4234119653701782, 0.40161675214767456, 0.42342422902584076, 0.36503371596336365, 0.3866198658943176, 0.37354951351881027, 0.43178988993167877, 0.403658889234066, 0.38228125125169754, 0.38042864203453064, 0.3630584105849266, 0.40115582197904587, 0.45164502412080765, 0.38873516023159027, 0.39632517844438553, 0.36194387823343277, 0.4017558991909027, 0.3934476226568222, 0.41038330644369125, 0.4033662751317024, 0.40390656888484955]","[0.4382746070623398, 0.4026622176170349, 0.38101713359355927, 0.4325924515724182, 0.38994067907333374, 0.3908245489001274, 0.35630466789007187, 0.33417852967977524, 0.41337986290454865, 0.4234119653701782, 0.40161675214767456, 0.42342422902584076, 0.36503371596336365, 0.3866198658943176, 0.37354951351881027, 0.43178988993167877, 0.403658889234066, 0.38228125125169754, 0.38042864203453064, 0.3630584105849266, 0.40115582197904587, 0.45164502412080765, 0.38873516023159027, 0.39632517844438553, 0.36194387823343277, 0.4017558991909027, 0.3934476226568222, 0.41038330644369125, 0.4033662751317024, 0.40390656888484955]",37070,3,8,37070,3,8,37070,3,8,,0,0.0,0.0,0,False,0.0,0.0,0.3987405002117157,0.0,0.0,0.0,0.0,0.0,0.0,0.0,0
funnel,,,2,bucketed,bucketed_nuts,history,64,128,4,,,,,,,,,,16,0.2,8,,,0.9,0.4654090330004692,0.8567528172821556,0.3987405002117157,0.4654090330004692,0.8567528172821556,0.44030360132455826,30,0.3762993589043617,0.4268966671079397,0.4654090330004692,0.4816292114555836,0.5366776511073112,"[0.4137715548276901, 0.3923771381378174, 0.4169684052467346, 0.3762993589043617, 0.49687425792217255, 0.4583612084388733, 0.481779083609581, 0.46565548330545425, 0.4078088700771332, 0.4706360176205635, 0.4265868291258812, 0.4703996703028679, 0.45451371371746063, 0.47210683673620224, 0.47611697018146515, 0.48304108530282974, 0.4640599489212036, 0.4621030017733574, 0.42391038686037064, 0.4278261810541153, 0.4939100220799446, 0.4017215594649315, 0.5037780255079269, 0.46516258269548416, 0.5132919475436211, 0.4811795949935913, 0.48863818496465683, 0.5366776511073112, 0.4300279840826988, 0.47771550714969635]","[0.4382746070623398, 0.4026622176170349, 0.38101713359355927, 0.4325924515724182, 0.38994067907333374, 0.3908245489001274, 0.35630466789007187, 0.33417852967977524, 0.41337986290454865, 0.4234119653701782, 0.40161675214767456, 0.42342422902584076, 0.36503371596336365, 0.3866198658943176, 0.37354951351881027, 0.43178988993167877, 0.403658889234066, 0.38228125125169754, 0.38042864203453064, 0.3630584105849266, 0.40115582197904587, 0.45164502412080765, 0.38873516023159027, 0.39632517844438553, 0.36194387823343277, 0.4017558991909027, 0.3934476226568222, 0.41038330644369125, 0.4033662751317024, 0.40390656888484955]",37070,3,8,37070,3,8,37070,3,8,2,0,0.0,0.0,0,False,0.0,0.0,0.4654090330004692,0.0,0.0,0.0,0.0,0.0,0.0,0.0,0
funnel,,,2,bucketed,bucketed_nuts,history,128,128,4,,,,,,,,,,16,0.2,8,,,0.9,0.5257816426455975,0.7583766108785321,0.3987405002117157,0.5257816426455975,0.7583766108785321,0.47943075746297836,30,0.4607115611433983,0.5024439636617899,0.5257816426455975,0.552624287083745,0.5979644283652306,"[0.465404748916626, 0.5056410357356071, 0.4973408207297325, 0.5556305423378944, 0.5436055213212967, 0.5035626515746117, 0.5791559666395187, 0.5108621791005135, 0.5979644283652306, 0.5284555181860924, 0.5245832800865173, 0.49432409554719925, 0.4683745428919792, 0.5086382329463959, 0.5696907714009285, 0.5697668045759201, 0.5595419928431511, 0.4607115611433983, 0.49874942749738693, 0.5364595502614975, 0.5357343852519989, 0.5020710676908493, 0.510664664208889, 0.5269800052046776, 0.5727876722812653, 0.5229794234037399, 0.5623111873865128, 0.4989182651042938, 0.5381362587213516, 0.5271080210804939]","[0.4382746070623398, 0.4026622176170349, 0.38101713359355927, 0.4325924515724182, 0.38994067907333374, 0.3908245489001274, 0.35630466789007187, 0.33417852967977524, 0.41337986290454865, 0.4234119653701782, 0.40161675214767456, 0.42342422902584076, 0.36503371596336365, 0.3866198658943176, 0.37354951351881027, 0.43178988993167877, 0.403658889234066, 0.38228125125169754, 0.38042864203453064, 0.3630584105849266, 0.40115582197904587, 0.45164502412080765, 0.38873516023159027, 0.39632517844438553, 0.36194387823343277, 0.4017558991909027, 0.3934476226568222, 0.41038330644369125, 0.4033662751317024, 0.40390656888484955]",37070,3,8,37070,3,8,37070,3,8,1,0,0.0,0.0,0,False,0.0,0.0,0.5257816426455975,0.0,0.0,0.0,0.0,0.0,0.0,0.0,0
funnel,,,2,bucketed,bucketed_nuts,last_depth,64,128,4,,,,,,,,,,16,0.2,8,,,0.9,0.5122464410960674,0.7784153646016944,0.3987405002117157,0.5122464410960674,0.7784153646016944,0.4733242765069008,30,0.45637674629688263,0.48684885911643505,0.5122464410960674,0.5685100015252829,0.7005295753479004,"[0.4906126484274864, 0.4762442111968994, 0.48305706679821014, 0.48651088029146194, 0.494120791554451, 0.50337815284729, 0.4732491075992584, 0.5176790803670883, 0.5121669098734856, 0.5233646482229233, 0.45637674629688263, 0.5404808670282364, 0.589994952082634, 0.5840973034501076, 0.6649202257394791, 0.47363077104091644, 0.5758757889270782, 0.4821891486644745, 0.4629109501838684, 0.48786279559135437, 0.5464126393198967, 0.5022025406360626, 0.654716856777668, 0.6878454759716988, 0.7005295753479004, 0.6216505318880081, 0.5422480404376984, 0.5123259723186493, 0.5339941009879112, 0.5034937113523483]","[0.4382746070623398, 0.4026622176170349, 0.38101713359355927, 0.4325924515724182, 0.38994067907333374, 0.3908245489001274, 0.35630466789007187, 0.33417852967977524, 0.41337986290454865, 0.4234119653701782, 0.40161675214767456, 0.42342422902584076, 0.36503371596336365, 0.3866198658943176, 0.37354951351881027, 0.43178988993167877, 0.403658889234066, 0.38228125125169754, 0.38042864203453064, 0.3630584105849266, 0.40115582197904587, 0.45164502412080765, 0.38873516023159027, 0.39632517844438553, 0.36194387823343277, 0.4017558991909027, 0.3934476226568222, 0.41038330644369125, 0.4033662751317024, 0.40390656888484955]",37070,3,8,37070,3,8,37070,3,8,2,0,0.0,0.0,0,False,0.0,0.0,0.5122464410960674,0.0,0.0,0.0,0.0,0.0,0.0,0.0,0
funnel,,,2,bucketed,bucketed_nuts,last_depth,128,128,4,,,,,,,,,,16,0.2,8,,,0.9,0.5079741887748241,0.7849621280432227,0.3987405002117157,0.5079741887748241,0.7849621280432227,0.5027673095464706,30,0.43429265171289444,0.4822818022221327,0.5079741887748241,0.5342540722340345,0.6022130846977234,"[0.517680712044239, 0.5825217366218567, 0.5265099927783012, 0.581193707883358, 0.4809928312897682, 0.5205643177032471, 0.43714655190706253, 0.4639516919851303, 0.43429265171289444, 0.49647610634565353, 0.46473636478185654, 0.5048733204603195, 0.5527914762496948, 0.5639346614480019, 0.4861487150192261, 0.5010268986225128, 0.4699428826570511, 0.5368354320526123, 0.5090360566973686, 0.5105695724487305, 0.4644099175930023, 0.6022130846977234, 0.46163609623908997, 0.5022802203893661, 0.5069123208522797, 0.520114041864872, 0.512326642870903, 0.5455425381660461, 0.48788537830114365, 0.566147044301033]","[0.4382746070623398, 0.4026622176170349, 0.38101713359355927, 0.4325924515724182, 0.38994067907333374, 0.3908245489001274, 0.35630466789007187, 0.33417852967977524, 0.41337986290454865, 0.4234119653701782, 0.40161675214767456, 0.42342422902584076, 0.36503371596336365, 0.3866198658943176, 0.37354951351881027, 0.43178988993167877, 0.403658889234066, 0.38228125125169754, 0.38042864203453064, 0.3630584105849266, 0.40115582197904587, 0.45164502412080765, 0.38873516023159027, 0.39632517844438553, 0.36194387823343277, 0.4017558991909027, 0.3934476226568222, 0.41038330644369125, 0.4033662751317024, 0.40390656888484955]",37070,3,8,37070,3,8,37070,3,8,1,0,0.0,0.0,0,False,0.0,0.0,0.5079741887748241,0.0,0.0,0.0,0.0,0.0,0.0,0.0,0
funnel,,,3,monolithic,nuts_reference,monolithic,0,128,4,,,,,,,,,,16,0.2,8,,,0.9,0.5785221680998802,1.0,0.5785221680998802,0.5785221680998802,1.0,0.5965765863656998,30,0.5247484296560287,0.5610359888523817,0.5785221680998802,0.6089564748108387,0.6833281591534615,"[0.5823844522237778, 0.5681079924106598, 0.5420544072985649, 0.5617347881197929, 0.599363774061203, 0.6520231440663338, 0.5911411643028259, 0.5722815245389938, 0.6140395179390907, 0.5608030557632446, 0.5428308993577957, 0.5364931896328926, 0.5487838611006737, 0.5816996544599533, 0.5375073850154877, 0.6440446674823761, 0.5673429220914841, 0.5764080733060837, 0.6117228865623474, 0.5247484296560287, 0.577301412820816, 0.6006572395563126, 0.6264584213495255, 0.5565924644470215, 0.5871739611029625, 0.6833281591534615, 0.5797429233789444, 0.6152239143848419, 0.6449383869767189, 0.5696083605289459]","[0.5823844522237778, 0.5681079924106598, 0.5420544072985649, 0.5617347881197929, 0.599363774061203, 0.6520231440663338, 0.5911411643028259, 0.5722815245389938, 0.6140395179390907, 0.5608030557632446, 0.5428308993577957, 0.5364931896328926, 0.5487838611006737, 0.5816996544599533, 0.5375073850154877, 0.6440446674823761, 0.5673429220914841, 0.5764080733060837, 0.6117228865623474, 0.5247484296560287, 0.577301412820816, 0.6006572395563126, 0.6264584213495255, 0.5565924644470215, 0.5871739611029625, 0.6833281591534615, 0.5797429233789444, 0.6152239143848419, 0.6449383869767189, 0.5696083605289459]",42074,3,8,42074,3,8,42074,3,8,,0,0.0,0.0,0,False,0.0,0.0,0.5785221680998802,0.0,0.0,0.0,0.0,0.0,0.0,0.0,0
funnel,,,3,bucketed,bucketed_nuts,history,64,128,4,,,,,,,,,,16,0.2,8,,,0.9,0.6329791583120823,0.9139671670115989,0.5785221680998802,0.6329791583120823,0.9139671670115989,0.636688582599163,30,0.49242790788412094,0.5959607847034931,0.6329791583120823,0.672028336673975,0.7593353614211082,"[0.7448430806398392, 0.7574300318956375, 0.7593353614211082, 0.666386790573597, 0.594869077205658, 0.5676027983427048, 0.586779847741127, 0.6675345748662949, 0.7283380851149559, 0.673526257276535, 0.5652151852846146, 0.6650128737092018, 0.6594177260994911, 0.6562311500310898, 0.6661183312535286, 0.5293520018458366, 0.6083129197359085, 0.6386858820915222, 0.58357734978199, 0.6255323737859726, 0.5992359071969986, 0.6146487072110176, 0.49242790788412094, 0.7161131873726845, 0.6202714368700981, 0.6272724345326424, 0.7032530382275581, 0.6102845519781113, 0.5840405225753784, 0.7077437564730644]","[0.5823844522237778, 0.5681079924106598, 0.5420544072985649, 0.5617347881197929, 0.599363774061203, 0.6520231440663338, 0.5911411643028259, 0.5722815245389938, 0.6140395179390907, 0.5608030557632446, 0.5428308993577957, 0.5364931896328926, 0.5487838611006737, 0.5816996544599533, 0.5375073850154877, 0.6440446674823761, 0.5673429220914841, 0.5764080733060837, 0.6117228865623474, 0.5247484296560287, 0.577301412820816, 0.6006572395563126, 0.6264584213495255, 0.5565924644470215, 0.5871739611029625, 0.6833281591534615, 0.5797429233789444, 0.6152239143848419, 0.6449383869767189, 0.5696083605289459]",42074,3,8,42074,3,8,42074,3,8,2,0,0.0,0.0,0,False,0.0,0.0,0.6329791583120823,0.0,0.0,0.0,0.0,0.0,0.0,0.0,0
funnel,,,3,bucketed,bucketed_nuts,history,128,128,4,,,,,,,,,,16,0.2,8,,,0.9,0.7122991196811199,0.8121899243099885,0.5785221680998802,0.7122991196811199,0.8121899243099885,0.7111257240176201,30,0.6358298510313034,0.6732688825577497,0.7122991196811199,0.7357180118560791,0.7924465388059616,"[0.7259365692734718, 0.7321779429912567, 0.7907956019043922, 0.7385845109820366, 0.7120539769530296, 0.6912394538521767, 0.7464943677186966, 0.7365024834871292, 0.7882805466651917, 0.764782153069973, 0.682071678340435, 0.7289876267313957, 0.6699258908629417, 0.7333645969629288, 0.666673518717289, 0.6886602565646172, 0.7924465388059616, 0.7217713221907616, 0.7125442624092102, 0.6731098368763924, 0.7771915942430496, 0.7111561000347137, 0.6460939645767212, 0.6673697307705879, 0.6692056953907013, 0.6598788052797318, 0.7159329354763031, 0.6358298510313034, 0.6737460196018219, 0.690411388874054]","[0.5823844522237778, 0.5681079924106598, 0.5420544072985649, 0.5617347881197929, 0.599363774061203, 0.6520231440663338, 0.5911411643028259, 0.5722815245389938, 0.6140395179390907, 0.5608030557632446, 0.5428308993577957, 0.5364931896328926, 0.5487838611006737, 0.5816996544599533, 0.5375073850154877, 0.6440446674823761, 0.5673429220914841, 0.5764080733060837, 0.6117228865623474, 0.5247484296560287, 0.577301412820816, 0.6006572395563126, 0.6264584213495255, 0.5565924644470215, 0.5871739611029625, 0.6833281591534615, 0.5797429233789444, 0.6152239143848419, 0.6449383869767189, 0.5696083605289459]",42074,3,8,42074,3,8,42074,3,8,1,0,0.0,0.0,0,False,0.0,0.0,0.7122991196811199,0.0,0.0,0.0,0.0,0.0,0.0,0.0,0
funnel,,,3,bucketed,bucketed_nuts,last_depth,64,128,4,,,,,,,,,,16,0.2,8,,,0.9,0.5451358705759048,1.0612439931511104,0.5785221680998802,0.5451358705759048,1.0612439931511104,0.5959477573633194,30,0.48484233021736145,0.5130625888705254,0.5451358705759048,0.5731899905949831,0.6335627660155296,"[0.5021308436989784, 0.49936725944280624, 0.4968290477991104, 0.539418026804924, 0.5468177869915962, 0.5623600482940674, 0.5950978323817253, 0.5180976092815399, 0.57486642152071, 0.5029247477650642, 0.5724679455161095, 0.5113842487335205, 0.5380730777978897, 0.5292847156524658, 0.5858454182744026, 0.48484233021736145, 0.5570153594017029, 0.5288334339857101, 0.5570037961006165, 0.5516190379858017, 0.492834247648716, 0.5888058617711067, 0.5097500085830688, 0.573430672287941, 0.5434539541602135, 0.5734984651207924, 0.6335627660155296, 0.5226621255278587, 0.5649604052305222, 0.6123313084244728]","[0.5823844522237778, 0.5681079924106598, 0.5420544072985649, 0.5617347881197929, 0.599363774061203, 0.6520231440663338, 0.5911411643028259, 0.5722815245389938, 0.6140395179390907, 0.5608030557632446, 0.5428308993577957, 0.5364931896328926, 0.5487838611006737, 0.5816996544599533, 0.5375073850154877, 0.6440446674823761, 0.5673429220914841, 0.5764080733060837, 0.6117228865623474, 0.5247484296560287, 0.577301412820816, 0.6006572395563126, 0.6264584213495255, 0.5565924644470215, 0.5871739611029625, 0.6833281591534615, 0.5797429233789444, 0.6152239143848419, 0.6449383869767189, 0.5696083605289459]",42074,3,8,42074,3,8,42074,3,8,2,0,0.0,0.0,0,False,0.0,0.0,0.5451358705759048,0.0,0.0,0.0,0.0,0.0,0.0,0.0,0
funnel,,,3,bucketed,bucketed_nuts,last_depth,128,128,4,,,,,,,,,,16,0.2,8,,,0.9,0.70274743065238,0.8232291472952409,0.5785221680998802,0.70274743065238,0.8232291472952409,0.6990444213151932,30,0.6103097051382065,0.6656911820173264,0.70274743065238,0.7492705099284649,0.8008383959531784,"[0.6103097051382065, 0.6561921760439873, 0.6853943169116974, 0.6483502015471458, 0.7048372402787209, 0.6270201802253723, 0.6347489655017853, 0.6774959117174149, 0.7529003769159317, 0.6646958142518997, 0.7362339720129967, 0.752491906285286, 0.6551414206624031, 0.7303134649991989, 0.7707108706235886, 0.7855592370033264, 0.7427874207496643, 0.7283968552947044, 0.7030117139220238, 0.7024831473827362, 0.753171369433403, 0.8008383959531784, 0.7936531379818916, 0.7341516688466072, 0.7514315396547318, 0.6718819811940193, 0.690025582909584, 0.6951269581913948, 0.6638548746705055, 0.6686772853136063]","[0.5823844522237778, 0.5681079924106598, 0.5420544072985649, 0.5617347881197929, 0.599363774061203, 0.6520231440663338, 0.5911411643028259, 0.5722815245389938, 0.6140395179390907, 0.5608030557632446, 0.5428308993577957, 0.5364931896328926, 0.5487838611006737, 0.5816996544599533, 0.5375073850154877, 0.6440446674823761, 0.5673429220914841, 0.5764080733060837, 0.6117228865623474, 0.5247484296560287, 0.577301412820816, 0.6006572395563126, 0.6264584213495255, 0.5565924644470215, 0.5871739611029625, 0.6833281591534615, 0.5797429233789444, 0.6152239143848419, 0.6449383869767189, 0.5696083605289459]",42074,3,8,42074,3,8,42074,3,8,1,0,0.0,0.0,0,False,0.0,0.0,0.70274743065238,0.0,0.0,0.0,0.0,0.0,0.0,0.0,0
funnel,,,4,monolithic,nuts_reference,monolithic,0,128,4,,,,,,,,,,16,0.2,8,,,0.9,0.4142111837863922,1.0,0.4142111837863922,0.4142111837863922,1.0,0.4530799984931946,30,0.36684682965278625,0.39210424199700356,0.4142111837863922,0.43537716194987297,0.5296987146139145,"[0.4145149812102318, 0.4264918193221092, 0.44520770013332367, 0.378137469291687, 0.47716251015663147, 0.4112822562456131, 0.4465208426117897, 0.3861508071422577, 0.39599335938692093, 0.43095047771930695, 0.4115195721387863, 0.3927377462387085, 0.39189307391643524, 0.3845384940505028, 0.40940985828638077, 0.43685272336006165, 0.38845548033714294, 0.36684682965278625, 0.38887982070446014, 0.4144580066204071, 0.388486385345459, 0.4030081778764725, 0.45400380343198776, 0.4213637113571167, 0.4139643609523773, 0.4155697822570801, 0.46598151326179504, 0.4970078468322754, 0.5296987146139145, 0.4224250391125679]","[0.4145149812102318, 0.4264918193221092, 0.44520770013332367, 0.378137469291687, 0.47716251015663147, 0.4112822562456131, 0.4465208426117897, 0.3861508071422577, 0.39599335938692093, 0.43095047771930695, 0.4115195721387863, 0.3927377462387085, 0.39189307391643524, 0.3845384940505028, 0.40940985828638077, 0.43685272336006165, 0.38845548033714294, 0.36684682965278625, 0.38887982070446014, 0.4144580066204071, 0.388486385345459, 0.4030081778764725, 0.45400380343198776, 0.4213637113571167, 0.4139643609523773, 0.4155697822570801, 0.46598151326179504, 0.4970078468322754, 0.5296987146139145, 0.4224250391125679]",38632,1,8,38632,1,8,38632,1,8,,0,0.0,0.0,0,False,0.0,0.0,0.4142111837863922,0.0,0.0,0.0,0.0,0.0,0.0,0.0,0
funnel,,,4,bucketed,bucketed_nuts,history,64,128,4,,,,,,,,,,16,0.2,8,,,0.9,0.43084291741251945,0.9613972216927432,0.4142111837863922,0.43084291741251945,0.9613972216927432,0.5039101466536522,30,0.34692949801683426,0.4048597924411297,0.43084291741251945,0.4818149246275425,0.6385866850614548,"[0.46627065539360046, 0.435507170855999, 0.46782106906175613, 0.5592616498470306, 0.5517861992120743, 0.6385866850614548, 0.6062978357076645, 0.48368222266435623, 0.5290927886962891, 0.5034729093313217, 0.4087482690811157, 0.44662582129240036, 0.4261786639690399, 0.42003175616264343, 0.3952624425292015, 0.471623033285141, 0.4762130305171013, 0.3472820371389389, 0.4106931835412979, 0.3968749940395355, 0.34692949801683426, 0.3783915042877197, 0.39364512264728546, 0.41937149316072464, 0.49045780301094055, 0.38573791831731796, 0.4040254056453705, 0.45252154022455215, 0.4106012135744095, 0.4073629528284073]","[0.4145149812102318, 0.4264918193221092, 0.44520770013332367, 0.378137469291687, 0.47716251015663147, 0.4112822562456131, 0.4465208426117897, 0.3861508071422577, 0.39599335938692093, 0.43095047771930695, 0.4115195721387863, 0.3927377462387085, 0.39189307391643524, 0.3845384940505028, 0.40940985828638077, 0.43685272336006165, 0.38845548033714294, 0.36684682965278625, 0.38887982070446014, 0.4144580066204071, 0.388486385345459, 0.4030081778764725, 0.45400380343198776, 0.4213637113571167, 0.4139643609523773, 0.4155697822570801, 0.46598151326179504, 0.4970078468322754, 0.5296987146139145, 0.4224250391125679]",38632,1,8,38632,1,8,38632,1,8,2,0,0.0,0.0,0,False,0.0,0.0,0.43084291741251945,0.0,0.0,0.0,0.0,0.0,0.0,0.0,0
funnel,,,4,bucketed,bucketed_nuts,history,128,128,4,,,,,,,,,,16,0.2,8,,,0.9,0.5414680577814579,0.7649780588785389,0.4142111837863922,0.5414680577814579,0.7649780588785389,0.4907775893807411,30,0.3761674612760544,0.4725159015506506,0.5414680577814579,0.5773869752883911,0.6581239923834801,"[0.3761674612760544, 0.43059034645557404, 0.44400450587272644, 0.46136624366045, 0.5665148198604584, 0.38588957488536835, 0.4444604367017746, 0.40298931300640106, 0.4982408583164215, 0.5417621657252312, 0.5090770870447159, 0.519244834780693, 0.5064734742045403, 0.4797859340906143, 0.5601703226566315, 0.6005148515105247, 0.5967869460582733, 0.6135402396321297, 0.5874075517058372, 0.5708017125725746, 0.5775579437613487, 0.586515761911869, 0.5402922406792641, 0.5723779425024986, 0.5411739498376846, 0.6581239923834801, 0.6051644682884216, 0.4700925573706627, 0.5736422315239906, 0.5768740698695183]","[0.4145149812102318, 0.4264918193221092, 0.44520770013332367, 0.378137469291687, 0.47716251015663147, 0.4112822562456131, 0.4465208426117897, 0.3861508071422577, 0.39599335938692093, 0.43095047771930695, 0.4115195721387863, 0.3927377462387085, 0.39189307391643524, 0.3845384940505028, 0.40940985828638077, 0.43685272336006165, 0.38845548033714294, 0.36684682965278625, 0.38887982070446014, 0.4144580066204071, 0.388486385345459, 0.4030081778764725, 0.45400380343198776, 0.4213637113571167, 0.4139643609523773, 0.4155697822570801, 0.46598151326179504, 0.4970078468322754, 0.5296987146139145, 0.4224250391125679]",38632,1,8,38632,1,8,38632,1,8,1,0,0.0,0.0,0,False,0.0,0.0,0.5414680577814579,0.0,0.0,0.0,0.0,0.0,0.0,0.0,0
funnel,,,4,bucketed,bucketed_nuts,last_depth,64,128,4,,,,,,,,,,16,0.2,8,,,0.9,0.5245163291692734,0.7897012175815727,0.4142111837863922,0.5245163291692734,0.7897012175815727,0.5519736781716347,30,0.44460368156433105,0.4905573036521673,0.5245163291692734,0.5667342003434896,0.67634566873312,"[0.67634566873312, 0.5333766788244247, 0.5249506086111069, 0.554362840950489, 0.6075189858675003, 0.5811112374067307, 0.521434061229229, 0.5654979422688484, 0.6021280214190483, 0.6166130304336548, 0.5826845765113831, 0.5671462863683701, 0.5559136644005775, 0.489645816385746, 0.5204711481928825, 0.48042793571949005, 0.45980001240968704, 0.5248722210526466, 0.4932917654514313, 0.5202868282794952, 0.5417278185486794, 0.47189999371767044, 0.4762481302022934, 0.47474879026412964, 0.5085118487477303, 0.4977922588586807, 0.44460368156433105, 0.570578008890152, 0.5241604372859001, 0.47644391655921936]","[0.4145149812102318, 0.4264918193221092, 0.44520770013332367, 0.378137469291687, 0.47716251015663147, 0.4112822562456131, 0.4465208426117897, 0.3861508071422577, 0.39599335938692093, 0.43095047771930695, 0.4115195721387863, 0.3927377462387085, 0.39189307391643524, 0.3845384940505028, 0.40940985828638077, 0.43685272336006165, 0.38845548033714294, 0.36684682965278625, 0.38887982070446014, 0.4144580066204071, 0.388486385345459, 0.4030081778764725, 0.45400380343198776, 0.4213637113571167, 0.4139643609523773, 0.4155697822570801, 0.46598151326179504, 0.4970078468322754, 0.5296987146139145, 0.4224250391125679]",38632,1,8,38632,1,8,38632,1,8,2,0,0.0,0.0,0,False,0.0,0.0,0.5245163291692734,0.0,0.0,0.0,0.0,0.0,0.0,0.0,0
funnel,,,4,bucketed,bucketed_nuts,last_depth,128,128,4,,,,,,,,,,16,0.2,8,,,0.9,0.5112446025013924,0.8102015781873494,0.4142111837863922,0.5112446025013924,0.8102015781873494,0.5249874517321587,30,0.46245110034942627,0.49600619450211525,0.5112446025013924,0.5366811119019985,0.5914360284805298,"[0.5277923569083214, 0.5400947704911232, 0.5014299005270004, 0.4941982924938202, 0.5586828291416168, 0.502710647881031, 0.5204348340630531, 0.537480965256691, 0.5127746164798737, 0.5095778107643127, 0.5054861381649971, 0.5613751336932182, 0.4921266883611679, 0.5530916526913643, 0.5342815518379211, 0.48968974500894547, 0.5097145885229111, 0.5027241706848145, 0.5172159075737, 0.46245110034942627, 0.46379896253347397, 0.4836478903889656, 0.4763012006878853, 0.550675243139267, 0.52213504165411, 0.5527270212769508, 0.5238056182861328, 0.5914360284805298, 0.48485635221004486, 0.5086607038974762]","[0.4145149812102318, 0.4264918193221092, 0.44520770013332367, 0.378137469291687, 0.47716251015663147, 0.4112822562456131, 0.4465208426117897, 0.3861508071422577, 0.39599335938692093, 0.43095047771930695, 0.4115195721387863, 0.3927377462387085, 0.39189307391643524, 0.3845384940505028, 0.40940985828638077, 0.43685272336006165, 0.38845548033714294, 0.36684682965278625, 0.38887982070446014, 0.4144580066204071, 0.388486385345459, 0.4030081778764725, 0.45400380343198776, 0.4213637113571167, 0.4139643609523773, 0.4155697822570801, 0.46598151326179504, 0.4970078468322754, 0.5296987146139145, 0.4224250391125679]",38632,1,8,38632,1,8,38632,1,8,1,0,0.0,0.0,0,False,0.0,0.0,0.5112446025013924,0.0,0.0,0.0,0.0,0.0,0.0,0.0,0
funnel,,,0,monolithic,nuts_reference,monolithic,0,256,4,,,,,,,,,,16,0.2,8,,,0.9,0.5252784416079521,1.0,0.5252784416079521,0.5252784416079521,1.0,3.7681633681058884,30,0.47978824377059937,0.509338203817606,0.5252784416079521,0.5639989357441664,0.5989503040909767,"[0.5840748846530914, 0.5692236870527267, 0.508212573826313, 0.5189059525728226, 0.5193088576197624, 0.5050580278038979, 0.5259623154997826, 0.4802665337920189, 0.5156557038426399, 0.5589251294732094, 0.5056057274341583, 0.5127150937914848, 0.5343122780323029, 0.47978824377059937, 0.5049516335129738, 0.4963044822216034, 0.565690204501152, 0.5225260034203529, 0.5563226044178009, 0.5301045775413513, 0.5056193098425865, 0.5131444931030273, 0.5480949655175209, 0.5261198580265045, 0.5245945677161217, 0.5845093578100204, 0.5918902307748795, 0.5932265073060989, 0.5989503040909767, 0.5933892875909805]","[0.5840748846530914, 0.5692236870527267, 0.508212573826313, 0.5189059525728226, 0.5193088576197624, 0.5050580278038979, 0.5259623154997826, 0.4802665337920189, 0.5156557038426399, 0.5589251294732094, 0.5056057274341583, 0.5127150937914848, 0.5343122780323029, 0.47978824377059937, 0.5049516335129738, 0.4963044822216034, 0.565690204501152, 0.5225260034203529, 0.5563226044178009, 0.5301045775413513, 0.5056193098425865, 0.5131444931030273, 0.5480949655175209, 0.5261198580265045, 0.5245945677161217, 0.5845093578100204, 0.5918902307748795, 0.5932265073060989, 0.5989503040909767, 0.5933892875909805]",72070,6,8,72070,6,8,72070,6,8,,0,0.0,0.0,0,False,0.0,0.0,0.5252784416079521,0.0,0.0,0.0,0.0,0.0,0.0,0.0,0
funnel,,,0,bucketed,bucketed_nuts,history,64,256,4,,,,,,,,,,16,0.2,8,,,0.9,0.6402870379388332,0.8203796273916326,0.5252784416079521,0.6402870379388332,0.8203796273916326,3.1756191328167915,30,0.5610110610723495,0.6128889340907335,0.6402870379388332,0.6735033616423607,0.7346118912100792,"[0.6678758859634399, 0.7164945527911186, 0.7346118912100792, 0.7263021916151047, 0.6978534162044525, 0.6392171829938889, 0.6532862484455109, 0.698261097073555, 0.6753791868686676, 0.6413568928837776, 0.6521209701895714, 0.5949202328920364, 0.6482006758451462, 0.689520500600338, 0.6374886855483055, 0.637699581682682, 0.573161207139492, 0.6162214502692223, 0.622743733227253, 0.6117780953645706, 0.6469381526112556, 0.5827070474624634, 0.5615451261401176, 0.5610110610723495, 0.6270431354641914, 0.6864368095993996, 0.5959674268960953, 0.6454493626952171, 0.6113346740603447, 0.6165520325303078]","[0.5840748846530914, 0.5692236870527267, 0.508212573826313, 0.5189059525728226, 0.5193088576197624, 0.5050580278038979, 0.5259623154997826, 0.4802665337920189, 0.5156557038426399, 0.5589251294732094, 0.5056057274341583, 0.5127150937914848, 0.5343122780323029, 0.47978824377059937, 0.5049516335129738, 0.4963044822216034, 0.565690204501152, 0.5225260034203529, 0.5563226044178009, 0.5301045775413513, 0.5056193098425865, 0.5131444931030273, 0.5480949655175209, 0.5261198580265045, 0.5245945677161217, 0.5845093578100204, 0.5918902307748795, 0.5932265073060989, 0.5989503040909767, 0.5933892875909805]",72070,6,8,72070,6,8,72070,6,8,4,0,0.0,0.0,0,False,0.0,0.0,0.6402870379388332,0.0,0.0,0.0,0.0,0.0,0.0,0.0,0
funnel,,,0,bucketed,bucketed_nuts,history,128,256,4,,,,,,,,,,16,0.2,8,,,0.9,0.6100562922656536,0.8610327411871291,0.5252784416079521,0.6100562922656536,0.8610327411871291,2.733989104628563,30,0.529422789812088,0.5718790106475353,0.6100562922656536,0.6254258789122105,0.6710687428712845,"[0.6251022815704346, 0.5911387354135513, 0.621422290802002, 0.6139278709888458, 0.5462077558040619, 0.5677276402711868, 0.6471966281533241, 0.6199043691158295, 0.6323791667819023, 0.6199869886040688, 0.5557758584618568, 0.6313171237707138, 0.6255337446928024, 0.5702095702290535, 0.6531919240951538, 0.6710687428712845, 0.5955054089426994, 0.6027297750115395, 0.559657983481884, 0.6374814659357071, 0.623571552336216, 0.5792592465877533, 0.6061847135424614, 0.6169255822896957, 0.657816618680954, 0.5768873319029808, 0.5654243156313896, 0.5387603119015694, 0.5909951105713844, 0.529422789812088]","[0.5840748846530914, 0.5692236870527267, 0.508212573826313, 0.5189059525728226, 0.5193088576197624, 0.5050580278038979, 0.5259623154997826, 0.4802665337920189, 0.5156557038426399, 0.5589251294732094, 0.5056057274341583, 0.5127150937914848, 0.5343122780323029, 0.47978824377059937, 0.5049516335129738, 0.4963044822216034, 0.565690204501152, 0.5225260034203529, 0.5563226044178009, 0.5301045775413513, 0.5056193098425865, 0.5131444931030273, 0.5480949655175209, 0.5261198580265045, 0.5245945677161217, 0.5845093578100204, 0.5918902307748795, 0.5932265073060989, 0.5989503040909767, 0.5933892875909805]",72070,6,8,72070,6,8,72070,6,8,2,0,0.0,0.0,0,False,0.0,0.0,0.6100562922656536,0.0,0.0,0.0,0.0,0.0,0.0,0.0,0
funnel,,,0,bucketed,bucketed_nuts,last_depth,64,256,4,,,,,,,,,,16,0.2,8,,,0.9,0.6677317544817924,0.786660868054127,0.5252784416079521,0.6677317544817924,0.786660868054127,0.6849287077784538,30,0.6128084287047386,0.640338746830821,0.6677317544817924,0.6815442983061075,0.8442719280719757,"[0.6236557886004448, 0.6680920645594597, 0.6332679390907288, 0.6751670986413956, 0.6711191087961197, 0.6809733957052231, 0.667633906006813, 0.6527731493115425, 0.6705886498093605, 0.6728701144456863, 0.6640850827097893, 0.6456256434321404, 0.6633829548954964, 0.6232105493545532, 0.6841162517666817, 0.8442719280719757, 0.7089340090751648, 0.667571060359478, 0.6286930814385414, 0.6128084287047386, 0.7222161144018173, 0.6237390115857124, 0.6978809386491776, 0.6639989539980888, 0.6912127584218979, 0.6363890916109085, 0.693283200263977, 0.681734599173069, 0.6678296029567719, 0.6385764479637146]","[0.5840748846530914, 0.5692236870527267, 0.508212573826313, 0.5189059525728226, 0.5193088576197624, 0.5050580278038979, 0.5259623154997826, 0.4802665337920189, 0.5156557038426399, 0.5589251294732094, 0.5056057274341583, 0.5127150937914848, 0.5343122780323029, 0.47978824377059937, 0.5049516335129738, 0.4963044822216034, 0.565690204501152, 0.5225260034203529, 0.5563226044178009, 0.5301045775413513, 0.5056193098425865, 0.5131444931030273, 0.5480949655175209, 0.5261198580265045, 0.5245945677161217, 0.5845093578100204, 0.5918902307748795, 0.5932265073060989, 0.5989503040909767, 0.5933892875909805]",72070,6,8,72070,6,8,72070,6,8,4,0,0.0,0.0,0,False,0.0,0.0,0.6677317544817924,0.0,0.0,0.0,0.0,0.0,0.0,0.0,0
funnel,,,0,bucketed,bucketed_nuts,last_depth,128,256,4,,,,,,,,,,16,0.2,8,,,0.9,0.6481829881668091,0.8103860348040673,0.5252784416079521,0.6481829881668091,0.8103860348040673,0.80852360278368,30,0.5924744009971619,0.640756094828248,0.6481829881668091,0.6704497318714857,0.7580421343445778,"[0.7580421343445778, 0.6529616639018059, 0.6312795653939247, 0.6734239310026169, 0.5959695428609848, 0.6907758861780167, 0.6427981853485107, 0.6575395837426186, 0.6464185938239098, 0.6446661725640297, 0.6407095789909363, 0.5924744009971619, 0.6978389844298363, 0.6561110094189644, 0.6437747702002525, 0.6471776068210602, 0.6338537856936455, 0.649188369512558, 0.63383848965168, 0.6921844035387039, 0.6761146709322929, 0.697599969804287, 0.6758953705430031, 0.6203000620007515, 0.609807163476944, 0.6433109492063522, 0.6615271344780922, 0.657536692917347, 0.6503136679530144, 0.6408956423401833]","[0.5840748846530914, 0.5692236870527267, 0.508212573826313, 0.5189059525728226, 0.5193088576197624, 0.5050580278038979, 0.5259623154997826, 0.4802665337920189, 0.5156557038426399, 0.5589251294732094, 0.5056057274341583, 0.5127150937914848, 0.5343122780323029, 0.47978824377059937, 0.5049516335129738, 0.4963044822216034, 0.565690204501152, 0.5225260034203529, 0.5563226044178009, 0.5301045775413513, 0.5056193098425865, 0.5131444931030273, 0.5480949655175209, 0.5261198580265045, 0.5245945677161217, 0.5845093578100204, 0.5918902307748795, 0.5932265073060989, 0.5989503040909767, 0.5933892875909805]",72070,6,8,72070,6,8,72070,6,8,2,0,0.0,0.0,0,False,0.0,0.0,0.6481829881668091,0.0,0.0,0.0,0.0,0.0,0.0,0.0,0
funnel,,,1,monolithic,nuts_reference,monolithic,0,256,4,,,,,,,,,,16,0.2,8,,,0.9,0.6802871339023113,1.0,0.6802871339023113,0.6802871339023113,1.0,0.6868903562426567,30,0.6047318652272224,0.6608155444264412,0.6802871339023113,0.7007564231753349,0.7863524407148361,"[0.6604893356561661, 0.621423102915287, 0.6557470411062241, 0.6525113508105278, 0.6854565814137459, 0.6211901232600212, 0.6047318652272224, 0.6660471484065056, 0.6864508017897606, 0.6617941707372665, 0.672830618917942, 0.6948198303580284, 0.7863524407148361, 0.7214987128973007, 0.7454183921217918, 0.6724566593766212, 0.7026123553514481, 0.7009725570678711, 0.692615307867527, 0.6816709637641907, 0.7345319092273712, 0.6530976444482803, 0.7450786903500557, 0.6898986771702766, 0.678903304040432, 0.6640777364373207, 0.7014404609799385, 0.7001080214977264, 0.6735009402036667, 0.6158230826258659]","[0.6604893356561661, 0.621423102915287, 0.6557470411062241, 0.6525113508105278, 0.6854565814137459, 0.6211901232600212, 0.6047318652272224, 0.6660471484065056, 0.6864508017897606, 0.6617941707372665, 0.672830618917942, 0.6948198303580284, 0.7863524407148361, 0.7214987128973007, 0.7454183921217918, 0.6724566593766212, 0.7026123553514481, 0.7009725570678711, 0.692615307867527, 0.6816709637641907, 0.7345319092273712, 0.6530976444482803, 0.7450786903500557, 0.6898986771702766, 0.678903304040432, 0.6640777364373207, 0.7014404609799385, 0.7001080214977264, 0.6735009402036667, 0.6158230826258659]",83142,3,8,83142,3,8,83142,3,8,,0,0.0,0.0,0,False,0.0,0.0,0.6802871339023113,0.0,0.0,0.0,0.0,0.0,0.0,0.0,0
funnel,,,1,bucketed,bucketed_nuts,history,64,256,4,,,,,,,,,,16,0.2,8,,,0.9,0.7662500031292439,0.887813547959708,0.6802871339023113,0.7662500031292439,0.887813547959708,0.7754900604486465,30,0.6750810891389847,0.7412534207105637,0.7662500031292439,0.7850106228142977,0.9338601008057594,"[0.6750810891389847, 0.7450523003935814, 0.7739310786128044, 0.7244542688131332, 0.7413981035351753, 0.7806858122348785, 0.7443640977144241, 0.7630523815751076, 0.7503189891576767, 0.7412051931023598, 0.7063986137509346, 0.7217937111854553, 0.7974269464612007, 0.7666025683283806, 0.7658974379301071, 0.7441873401403427, 0.783186748623848, 0.7708991914987564, 0.7856185808777809, 0.6775986924767494, 0.7272550091147423, 0.8083146587014198, 0.8209883347153664, 0.7766277864575386, 0.9338601008057594, 0.8692147135734558, 0.7718363478779793, 0.73721644282341, 0.8135749399662018, 0.8116608038544655]","[0.6604893356561661, 0.621423102915287, 0.6557470411062241, 0.6525113508105278, 0.6854565814137459, 0.6211901232600212, 0.6047318652272224, 0.6660471484065056, 0.6864508017897606, 0.6617941707372665, 0.672830618917942, 0.6948198303580284, 0.7863524407148361, 0.7214987128973007, 0.7454183921217918, 0.6724566593766212, 0.7026123553514481, 0.7009725570678711, 0.692615307867527, 0.6816709637641907, 0.7345319092273712, 0.6530976444482803, 0.7450786903500557, 0.6898986771702766, 0.678903304040432, 0.6640777364373207, 0.7014404609799385, 0.7001080214977264, 0.6735009402036667, 0.6158230826258659]",83142,3,8,83142,3,8,83142,3,8,4,0,0.0,0.0,0,False,0.0,0.0,0.7662500031292439,0.0,0.0,0.0,0.0,0.0,0.0,0.0,0
funnel,,,1,bucketed,bucketed_nuts,history,128,256,4,,,,,,,,,,16,0.2,8,,,0.9,0.7525785826146603,0.903941660867907,0.6802871339023113,0.7525785826146603,0.903941660867907,0.8139768987894058,30,0.66818568110466,0.7154212854802608,0.7525785826146603,0.8619596138596535,0.9239204227924347,"[0.7232557758688927, 0.6786552667617798, 0.7358503863215446, 0.6843219846487045, 0.7422782704234123, 0.7141135185956955, 0.66818568110466, 0.7057835459709167, 0.780363529920578, 0.6924165710806847, 0.7196614965796471, 0.7910598143935204, 0.70213982462883, 0.7377021312713623, 0.7193445861339569, 0.8880192115902901, 0.8160929977893829, 0.8310583755373955, 0.8722600266337395, 0.89238490909338, 0.7326174899935722, 0.7628788948059082, 0.7008678615093231, 0.8255847245454788, 0.9239204227924347, 0.9076716676354408, 0.8941516876220703, 0.8273086547851562, 0.8849465101957321, 0.8947171866893768]","[0.6604893356561661, 0.621423102915287, 0.6557470411062241, 0.6525113508105278, 0.6854565814137459, 0.6211901232600212, 0.6047318652272224, 0.6660471484065056, 0.6864508017897606, 0.6617941707372665, 0.672830618917942, 0.6948198303580284, 0.7863524407148361, 0.7214987128973007, 0.7454183921217918, 0.6724566593766212, 0.7026123553514481, 0.7009725570678711, 0.692615307867527, 0.6816709637641907, 0.7345319092273712, 0.6530976444482803, 0.7450786903500557, 0.6898986771702766, 0.678903304040432, 0.6640777364373207, 0.7014404609799385, 0.7001080214977264, 0.6735009402036667, 0.6158230826258659]",83142,3,8,83142,3,8,83142,3,8,2,0,0.0,0.0,0,False,0.0,0.0,0.7525785826146603,0.0,0.0,0.0,0.0,0.0,0.0,0.0,0
funnel,,,1,bucketed,bucketed_nuts,last_depth,64,256,4,,,,,,,,,,16,0.2,8,,,0.9,0.9579420685768127,0.710154774717217,0.6802871339023113,0.9579420685768127,0.710154774717217,0.9969014152884483,30,0.8485777899622917,0.9275181964039803,0.9579420685768127,1.0072081591933966,1.1938078105449677,"[0.9987466335296631, 0.9530029147863388, 0.9612449705600739, 0.959735780954361, 1.0100286677479744, 0.9299182370305061, 0.8766881003975868, 0.9083609357476234, 0.9723513796925545, 0.9213727042078972, 0.9783529117703438, 1.027215026319027, 0.9524444565176964, 0.9941514655947685, 0.9442707151174545, 0.8735046163201332, 0.8485777899622917, 0.8825580924749374, 0.87633416056633, 0.9561483561992645, 1.040293149650097, 0.9535036459565163, 1.0457517430186272, 0.9770469665527344, 0.9461405277252197, 0.926718182861805, 1.0416923016309738, 1.0345915779471397, 1.1582295149564743, 1.1938078105449677]","[0.6604893356561661, 0.621423102915287, 0.6557470411062241, 0.6525113508105278, 0.6854565814137459, 0.6211901232600212, 0.6047318652272224, 0.6660471484065056, 0.6864508017897606, 0.6617941707372665, 0.672830618917942, 0.6948198303580284, 0.7863524407148361, 0.7214987128973007, 0.7454183921217918, 0.6724566593766212, 0.7026123553514481, 0.7009725570678711, 0.692615307867527, 0.6816709637641907, 0.7345319092273712, 0.6530976444482803, 0.7450786903500557, 0.6898986771702766, 0.678903304040432, 0.6640777364373207, 0.7014404609799385, 0.7001080214977264, 0.6735009402036667, 0.6158230826258659]",83142,3,8,83142,3,8,83142,3,8,4,0,0.0,0.0,0,False,0.0,0.0,0.9579420685768127,0.0,0.0,0.0,0.0,0.0,0.0,0.0,0
funnel,,,1,bucketed,bucketed_nuts,last_depth,128,256,4,,,,,,,,,,16,0.2,8,,,0.9,0.9498409889638424,0.7162115994219406,0.6802871339023113,0.9498409889638424,0.7162115994219406,1.3551174327731133,30,0.7413998916745186,0.8378777951002121,0.9498409889638424,1.1302879676222801,1.306099496781826,"[1.2436701953411102, 1.2198946177959442, 1.1531472280621529, 1.1110851168632507, 1.13668891787529, 1.306099496781826, 1.17526163905859, 1.108898475766182, 1.2122747227549553, 1.0792343765497208, 1.0982608795166016, 1.1758779734373093, 0.9586748406291008, 0.815775640308857, 0.833003543317318, 0.8525005504488945, 0.9452288821339607, 0.9385036751627922, 0.8063789159059525, 0.7413998916745186, 0.9123325422406197, 0.9544530957937241, 0.8999549448490143, 0.7688773944973946, 0.8019529283046722, 0.8699052780866623, 0.7788437679409981, 0.8695239573717117, 0.8049507662653923, 0.9587890207767487]","[0.6604893356561661, 0.621423102915287, 0.6557470411062241, 0.6525113508105278, 0.6854565814137459, 0.6211901232600212, 0.6047318652272224, 0.6660471484065056, 0.6864508017897606, 0.6617941707372665, 0.672830618917942, 0.6948198303580284, 0.7863524407148361, 0.7214987128973007, 0.7454183921217918, 0.6724566593766212, 0.7026123553514481, 0.7009725570678711, 0.692615307867527, 0.6816709637641907, 0.7345319092273712, 0.6530976444482803, 0.7450786903500557, 0.6898986771702766, 0.678903304040432, 0.6640777364373207, 0.7014404609799385, 0.7001080214977264, 0.6735009402036667, 0.6158230826258659]",83142,3,8,83142,3,8,83142,3,8,2,0,0.0,0.0,0,False,0.0,0.0,0.9498409889638424,0.0,0.0,0.0,0.0,0.0,0.0,0.0,0
funnel,,,2,monolithic,nuts_reference,monolithic,0,256,4,,,,,,,,,,16,0.2,8,,,0.9,0.5902912989258766,1.0,0.5902912989258766,0.5902912989258766,1.0,0.5948508009314537,30,0.5005853101611137,0.539042167365551,0.5902912989258766,0.6357390936464071,0.7995853871107101,"[0.6657250300049782, 0.647397942841053, 0.7005884498357773, 0.6237335652112961, 0.6359512284398079, 0.662672184407711, 0.5578869730234146, 0.6911285892128944, 0.6888894662261009, 0.6351026892662048, 0.6282670646905899, 0.6058271676301956, 0.7995853871107101, 0.5677351877093315, 0.5111423581838608, 0.5246508866548538, 0.5594840794801712, 0.570790097117424, 0.5397171676158905, 0.5005853101611137, 0.6149484142661095, 0.5127477645874023, 0.5789446011185646, 0.6016379967331886, 0.6146928519010544, 0.5325233861804008, 0.5376988425850868, 0.5388171672821045, 0.526964582502842, 0.5471590533852577]","[0.6657250300049782, 0.647397942841053, 0.7005884498357773, 0.6237335652112961, 0.6359512284398079, 0.662672184407711, 0.5578869730234146, 0.6911285892128944, 0.6888894662261009, 0.6351026892662048, 0.6282670646905899, 0.6058271676301956, 0.7995853871107101, 0.5677351877093315, 0.5111423581838608, 0.5246508866548538, 0.5594840794801712, 0.570790097117424, 0.5397171676158905, 0.5005853101611137, 0.6149484142661095, 0.5127477645874023, 0.5789446011185646, 0.6016379967331886, 0.6146928519010544, 0.5325233861804008, 0.5376988425850868, 0.5388171672821045, 0.526964582502842, 0.5471590533852577]",80723,7,8,80723,7,8,80723,7,8,,0,0.0,0.0,0,False,0.0,0.0,0.5902912989258766,0.0,0.0,0.0,0.0,0.0,0.0,0.0,0
funnel,,,2,bucketed,bucketed_nuts,history,64,256,4,,,,,,,,,,16,0.2,8,,,0.9,0.6834719516336918,0.8636657254403974,0.5902912989258766,0.6834719516336918,0.8636657254403974,0.6240905150771141,30,0.5583739727735519,0.6415893360972404,0.6834719516336918,0.7102451901882887,0.8163018450140953,"[0.5962000861763954, 0.6361339464783669, 0.6559538021683693, 0.7242427691817284, 0.7018541693687439, 0.6867302283644676, 0.6124106645584106, 0.5583739727735519, 0.6381776556372643, 0.6060435920953751, 0.7102066949009895, 0.651824377477169, 0.6746190264821053, 0.6722125709056854, 0.7513331025838852, 0.8163018450140953, 0.7325405701994896, 0.6970807462930679, 0.7265283241868019, 0.7101736292243004, 0.6775628179311752, 0.7102580219507217, 0.7076824530959129, 0.6338753998279572, 0.6305583566427231, 0.7228758186101913, 0.7254115790128708, 0.6585179716348648, 0.6862233653664589, 0.6807205379009247]","[0.6657250300049782, 0.647397942841053, 0.7005884498357773, 0.6237335652112961, 0.6359512284398079, 0.662672184407711, 0.5578869730234146, 0.6911285892128944, 0.6888894662261009, 0.6351026892662048, 0.6282670646905899, 0.6058271676301956, 0.7995853871107101, 0.5677351877093315, 0.5111423581838608, 0.5246508866548538, 0.5594840794801712, 0.570790097117424, 0.5397171676158905, 0.5005853101611137, 0.6149484142661095, 0.5127477645874023, 0.5789446011185646, 0.6016379967331886, 0.6146928519010544, 0.5325233861804008, 0.5376988425850868, 0.5388171672821045, 0.526964582502842, 0.5471590533852577]",80723,7,8,80723,7,8,80723,7,8,4,0,0.0,0.0,0,False,0.0,0.0,0.6834719516336918,0.0,0.0,0.0,0.0,0.0,0.0,0.0,0
funnel,,,2,bucketed,bucketed_nuts,history,128,256,4,,,,,,,,,,16,0.2,8,,,0.9,0.6305950880050659,0.9360861036728128,0.5902912989258766,0.6305950880050659,0.9360861036728128,0.7057819738984108,30,0.5455779805779457,0.6173827424645424,0.6305950880050659,0.6646540779620409,0.7411237880587578,"[0.6728489473462105, 0.6648768335580826, 0.6221977919340134, 0.6170173957943916, 0.6573284491896629, 0.6199636831879616, 0.5920114368200302, 0.7411237880587578, 0.6271065399050713, 0.6819262430071831, 0.6184787824749947, 0.5455779805779457, 0.689256489276886, 0.6639858111739159, 0.6318306401371956, 0.6293595358729362, 0.6258507817983627, 0.6319354251027107, 0.6033535450696945, 0.6898974180221558, 0.5996479317545891, 0.6413664743304253, 0.6837957948446274, 0.589675173163414, 0.5999607071280479, 0.5767318680882454, 0.663095012307167, 0.6283572167158127, 0.633104532957077, 0.6810367256402969]","[0.6657250300049782, 0.647397942841053, 0.7005884498357773, 0.6237335652112961, 0.6359512284398079, 0.662672184407711, 0.5578869730234146, 0.6911285892128944, 0.6888894662261009, 0.6351026892662048, 0.6282670646905899, 0.6058271676301956, 0.7995853871107101, 0.5677351877093315, 0.5111423581838608, 0.5246508866548538, 0.5594840794801712, 0.570790097117424, 0.5397171676158905, 0.5005853101611137, 0.6149484142661095, 0.5127477645874023, 0.5789446011185646, 0.6016379967331886, 0.6146928519010544, 0.5325233861804008, 0.5376988425850868, 0.5388171672821045, 0.526964582502842, 0.5471590533852577]",80723,7,8,80723,7,8,80723,7,8,2,0,0.0,0.0,0,False,0.0,0.0,0.6305950880050659,0.0,0.0,0.0,0.0,0.0,0.0,0.0,0
funnel,,,2,bucketed,bucketed_nuts,last_depth,64,256,4,,,,,,,,,,16,0.2,8,,,0.9,0.7895727045834064,0.7476085425690159,0.5902912989258766,0.7895727045834064,0.7476085425690159,0.6905829757452011,30,0.643550731241703,0.725365525111556,0.7895727045834064,0.8294717967510223,0.9831368625164032,"[0.7602662891149521, 0.7017918899655342, 0.7204770967364311, 0.7534515559673309, 0.7400308102369308, 0.6767044067382812, 0.717635028064251, 0.6727089732885361, 0.6865434646606445, 0.643550731241703, 0.6914973184466362, 0.7970785945653915, 0.8608006089925766, 0.8387775793671608, 0.8623723089694977, 0.8436193838715553, 0.8321584835648537, 0.9831368625164032, 0.7644790038466454, 0.7820668146014214, 0.7599320933222771, 0.8212175518274307, 0.8085401058197021, 0.8845385685563087, 0.8214117363095284, 0.7670480385422707, 0.8684841990470886, 0.7998831644654274, 0.8107083737850189, 0.8135535567998886]","[0.6657250300049782, 0.647397942841053, 0.7005884498357773, 0.6237335652112961, 0.6359512284398079, 0.662672184407711, 0.5578869730234146, 0.6911285892128944, 0.6888894662261009, 0.6351026892662048, 0.6282670646905899, 0.6058271676301956, 0.7995853871107101, 0.5677351877093315, 0.5111423581838608, 0.5246508866548538, 0.5594840794801712, 0.570790097117424, 0.5397171676158905, 0.5005853101611137, 0.6149484142661095, 0.5127477645874023, 0.5789446011185646, 0.6016379967331886, 0.6146928519010544, 0.5325233861804008, 0.5376988425850868, 0.5388171672821045, 0.526964582502842, 0.5471590533852577]",80723,7,8,80723,7,8,80723,7,8,4,0,0.0,0.0,0,False,0.0,0.0,0.7895727045834064,0.0,0.0,0.0,0.0,0.0,0.0,0.0,0
funnel,,,2,bucketed,bucketed_nuts,last_depth,128,256,4,,,,,,,,,,16,0.2,8,,,0.9,0.7340575940907001,0.8041484805522497,0.5902912989258766,0.7340575940907001,0.8041484805522497,0.7930572777986526,30,0.6569295823574066,0.690986504778266,0.7340575940907001,0.767437482252717,0.8167757168412209,"[0.786904439330101, 0.8167757168412209, 0.7845193445682526, 0.7064023166894913, 0.675962895154953, 0.743826113641262, 0.7003277391195297, 0.7727859020233154, 0.7148771286010742, 0.6886248216032982, 0.716161847114563, 0.7550047039985657, 0.813906617462635, 0.6569295823574066, 0.6710877418518066, 0.6980715543031693, 0.7340034544467926, 0.7693691775202751, 0.7883099764585495, 0.7277299538254738, 0.679086871445179, 0.6835687085986137, 0.7341117337346077, 0.7616423964500427, 0.7954664081335068, 0.7594040036201477, 0.7594077065587044, 0.6591394394636154, 0.7543160617351532, 0.6642804518342018]","[0.6657250300049782, 0.647397942841053, 0.7005884498357773, 0.6237335652112961, 0.6359512284398079, 0.662672184407711, 0.5578869730234146, 0.6911285892128944, 0.6888894662261009, 0.6351026892662048, 0.6282670646905899, 0.6058271676301956, 0.7995853871107101, 0.5677351877093315, 0.5111423581838608, 0.5246508866548538, 0.5594840794801712, 0.570790097117424, 0.5397171676158905, 0.5005853101611137, 0.6149484142661095, 0.5127477645874023, 0.5789446011185646, 0.6016379967331886, 0.6146928519010544, 0.5325233861804008, 0.5376988425850868, 0.5388171672821045, 0.526964582502842, 0.5471590533852577]",80723,7,8,80723,7,8,80723,7,8,2,0,0.0,0.0,0,False,0.0,0.0,0.7340575940907001,0.0,0.0,0.0,0.0,0.0,0.0,0.0,0
funnel,,,3,monolithic,nuts_reference,monolithic,0,256,4,,,,,,,,,,16,0.2,8,,,0.9,0.49277162179350853,1.0,0.49277162179350853,0.49277162179350853,1.0,0.4812014326453209,30,0.44264209270477295,0.4696838613599539,0.49277162179350853,0.5065321773290634,0.5861968323588371,"[0.5089186131954193, 0.508392758667469, 0.5107572600245476, 0.44264209270477295, 0.49330180138349533, 0.5035116747021675, 0.4667562246322632, 0.4817647710442543, 0.49224144220352173, 0.4955138564109802, 0.4947391524910927, 0.45634518563747406, 0.4502335414290428, 0.5032981112599373, 0.4603111371397972, 0.4678204357624054, 0.5522735640406609, 0.5861968323588371, 0.4608703851699829, 0.47527413815259933, 0.4676690399646759, 0.512615755200386, 0.4878140762448311, 0.4784950688481331, 0.5173104256391525, 0.500121645629406, 0.4974170997738838, 0.5075390115380287, 0.4840612858533859, 0.4788036271929741]","[0.5089186131954193, 0.508392758667469, 0.5107572600245476, 0.44264209270477295, 0.49330180138349533, 0.5035116747021675, 0.4667562246322632, 0.4817647710442543, 0.49224144220352173, 0.4955138564109802, 0.4947391524910927, 0.45634518563747406, 0.4502335414290428, 0.5032981112599373, 0.4603111371397972, 0.4678204357624054, 0.5522735640406609, 0.5861968323588371, 0.4608703851699829, 0.47527413815259933, 0.4676690399646759, 0.512615755200386, 0.4878140762448311, 0.4784950688481331, 0.5173104256391525, 0.500121645629406, 0.4974170997738838, 0.5075390115380287, 0.4840612858533859, 0.4788036271929741]",75444,9,8,75444,9,8,75444,9,8,,0,0.0,0.0,0,False,0.0,0.0,0.49277162179350853,0.0,0.0,0.0,0.0,0.0,0.0,0.0,0
funnel,,,3,bucketed,bucketed_nuts,history,64,256,4,,,,,,,,,,16,0.2,8,,,0.9,0.6554052233695984,0.7518579410460741,0.49277162179350853,0.6554052233695984,0.7518579410460741,0.6210036799311638,30,0.566463328897953,0.6237902846187353,0.6554052233695984,0.6776025425642729,0.7287269905209541,"[0.5955609828233719, 0.6574834808707237, 0.6598491668701172, 0.694776751101017, 0.7170065343379974, 0.6630118414759636, 0.6719266921281815, 0.7287269905209541, 0.6264422461390495, 0.6794944927096367, 0.6864809766411781, 0.654107965528965, 0.6855096220970154, 0.6693305298686028, 0.651294969022274, 0.631703108549118, 0.6293534860014915, 0.6933007463812828, 0.6369514018297195, 0.682353176176548, 0.6567024812102318, 0.6117814183235168, 0.618998184800148, 0.566463328897953, 0.61005649715662, 0.6229062974452972, 0.622641459107399, 0.6579817160964012, 0.6087931543588638, 0.627272717654705]","[0.5089186131954193, 0.508392758667469, 0.5107572600245476, 0.44264209270477295, 0.49330180138349533, 0.5035116747021675, 0.4667562246322632, 0.4817647710442543, 0.49224144220352173, 0.4955138564109802, 0.4947391524910927, 0.45634518563747406, 0.4502335414290428, 0.5032981112599373, 0.4603111371397972, 0.4678204357624054, 0.5522735640406609, 0.5861968323588371, 0.4608703851699829, 0.47527413815259933, 0.4676690399646759, 0.512615755200386, 0.4878140762448311, 0.4784950688481331, 0.5173104256391525, 0.500121645629406, 0.4974170997738838, 0.5075390115380287, 0.4840612858533859, 0.4788036271929741]",75444,9,8,75444,9,8,75444,9,8,4,0,0.0,0.0,0,False,0.0,0.0,0.6554052233695984,0.0,0.0,0.0,0.0,0.0,0.0,0.0,0
funnel,,,3,bucketed,bucketed_nuts,history,128,256,4,,,,,,,,,,16,0.2,8,,,0.9,0.5928277783095837,0.8312222197121399,0.49277162179350853,0.5928277783095837,0.8312222197121399,0.6138289794325829,30,0.540508083999157,0.5663870628923178,0.5928277783095837,0.6223757192492485,0.7396743074059486,"[0.7396743074059486, 0.6231086403131485, 0.618225947022438, 0.5763902515172958, 0.6165264323353767, 0.6612428948283195, 0.58747848123312, 0.5828824862837791, 0.6561527028679848, 0.6871409490704536, 0.6841907650232315, 0.6150512620806694, 0.6653060093522072, 0.5899650231003761, 0.609103262424469, 0.5646895617246628, 0.5645545050501823, 0.6856309249997139, 0.5956905335187912, 0.5714795663952827, 0.6201769560575485, 0.5482532009482384, 0.6079682558774948, 0.5526556670665741, 0.540508083999157, 0.5544342026114464, 0.5471758842468262, 0.5817606598138809, 0.5726015493273735, 0.5498296692967415]","[0.5089186131954193, 0.508392758667469, 0.5107572600245476, 0.44264209270477295, 0.49330180138349533, 0.5035116747021675, 0.4667562246322632, 0.4817647710442543, 0.49224144220352173, 0.4955138564109802, 0.4947391524910927, 0.45634518563747406, 0.4502335414290428, 0.5032981112599373, 0.4603111371397972, 0.4678204357624054, 0.5522735640406609, 0.5861968323588371, 0.4608703851699829, 0.47527413815259933, 0.4676690399646759, 0.512615755200386, 0.4878140762448311, 0.4784950688481331, 0.5173104256391525, 0.500121645629406, 0.4974170997738838, 0.5075390115380287, 0.4840612858533859, 0.4788036271929741]",75444,9,8,75444,9,8,75444,9,8,2,0,0.0,0.0,0,False,0.0,0.0,0.5928277783095837,0.0,0.0,0.0,0.0,0.0,0.0,0.0,0
funnel,,,3,bucketed,bucketed_nuts,last_depth,64,256,4,,,,,,,,,,16,0.2,8,,,0.9,0.6711781807243824,0.7341889768551102,0.49277162179350853,0.6711781807243824,0.7341889768551102,0.6149962022900581,30,0.5913377702236176,0.6509030181914568,0.6711781807243824,0.6946340631693602,0.7349377125501633,"[0.6651143580675125, 0.6679288446903229, 0.5913377702236176, 0.67067701369524, 0.6636603474617004, 0.667349062860012, 0.6722627282142639, 0.6284399107098579, 0.633873738348484, 0.6751565858721733, 0.6388679221272469, 0.6123595759272575, 0.6479810327291489, 0.618435874581337, 0.6596689745783806, 0.6900772303342819, 0.731314904987812, 0.6969772353768349, 0.664999783039093, 0.6890476197004318, 0.6716793477535248, 0.7349377125501633, 0.7283586859703064, 0.6145139560103416, 0.700720988214016, 0.6961530074477196, 0.6876816377043724, 0.685365729033947, 0.7192748263478279, 0.7268920913338661]","[0.5089186131954193, 0.508392758667469, 0.5107572600245476, 0.44264209270477295, 0.49330180138349533, 0.5035116747021675, 0.4667562246322632, 0.4817647710442543, 0.49224144220352173, 0.4955138564109802, 0.4947391524910927, 0.45634518563747406, 0.4502335414290428, 0.5032981112599373, 0.4603111371397972, 0.4678204357624054, 0.5522735640406609, 0.5861968323588371, 0.4608703851699829, 0.47527413815259933, 0.4676690399646759, 0.512615755200386, 0.4878140762448311, 0.4784950688481331, 0.5173104256391525, 0.500121645629406, 0.4974170997738838, 0.5075390115380287, 0.4840612858533859, 0.4788036271929741]",75444,9,8,75444,9,8,75444,9,8,4,0,0.0,0.0,0,False,0.0,0.0,0.6711781807243824,0.0,0.0,0.0,0.0,0.0,0.0,0.0,0
funnel,,,3,bucketed,bucketed_nuts,last_depth,128,256,4,,,,,,,,,,16,0.2,8,,,0.9,0.6757058501243591,0.7292694324058571,0.49277162179350853,0.6757058501243591,0.7292694324058571,0.661675214767456,30,0.6020888909697533,0.646398801356554,0.6757058501243591,0.7407976519316435,0.859080582857132,"[0.6022399067878723, 0.6020888909697533, 0.748117096722126, 0.6089713349938393, 0.6589517295360565, 0.6431701928377151, 0.6437320187687874, 0.7088517844676971, 0.6079927831888199, 0.7424304112792015, 0.7116395458579063, 0.6726781949400902, 0.6681402772665024, 0.654399149119854, 0.6173477098345757, 0.6951626166701317, 0.7806704640388489, 0.7858778908848763, 0.666990838944912, 0.8163997679948807, 0.7325488775968552, 0.6154304593801498, 0.7103866934776306, 0.859080582857132, 0.783300444483757, 0.7766591981053352, 0.6787335053086281, 0.659911997616291, 0.6610505431890488, 0.7358993738889694]","[0.5089186131954193, 0.508392758667469, 0.5107572600245476, 0.44264209270477295, 0.49330180138349533, 0.5035116747021675, 0.4667562246322632, 0.4817647710442543, 0.49224144220352173, 0.4955138564109802, 0.4947391524910927, 0.45634518563747406, 0.4502335414290428, 0.5032981112599373, 0.4603111371397972, 0.4678204357624054, 0.5522735640406609, 0.5861968323588371, 0.4608703851699829, 0.47527413815259933, 0.4676690399646759, 0.512615755200386, 0.4878140762448311, 0.4784950688481331, 0.5173104256391525, 0.500121645629406, 0.4974170997738838, 0.5075390115380287, 0.4840612858533859, 0.4788036271929741]",75444,9,8,75444,9,8,75444,9,8,2,0,0.0,0.0,0,False,0.0,0.0,0.6757058501243591,0.0,0.0,0.0,0.0,0.0,0.0,0.0,0
funnel,,,4,monolithic,nuts_reference,monolithic,0,256,4,,,,,,,,,,16,0.2,8,,,0.9,0.617826983332634,1.0,0.617826983332634,0.617826983332634,1.0,0.6153879389166832,30,0.5403825342655182,0.5764126814901829,0.617826983332634,0.6671165954321623,0.7057390958070755,"[0.5762627795338631, 0.6717185527086258, 0.5941436737775803, 0.6143815517425537, 0.7057390958070755, 0.6524116098880768, 0.5968784093856812, 0.5431587249040604, 0.5403825342655182, 0.6618912443518639, 0.6728115007281303, 0.6371760219335556, 0.6688583791255951, 0.5479395538568497, 0.5549810156226158, 0.5793015211820602, 0.5515229031443596, 0.6031068488955498, 0.5691146329045296, 0.5768623873591423, 0.5516824126243591, 0.5885103419423103, 0.6212724149227142, 0.6225106045603752, 0.6312003433704376, 0.6728761494159698, 0.6692412719130516, 0.6742948070168495, 0.6444227918982506, 0.6845574900507927]","[0.5762627795338631, 0.6717185527086258, 0.5941436737775803, 0.6143815517425537, 0.7057390958070755, 0.6524116098880768, 0.5968784093856812, 0.5431587249040604, 0.5403825342655182, 0.6618912443518639, 0.6728115007281303, 0.6371760219335556, 0.6688583791255951, 0.5479395538568497, 0.5549810156226158, 0.5793015211820602, 0.5515229031443596, 0.6031068488955498, 0.5691146329045296, 0.5768623873591423, 0.5516824126243591, 0.5885103419423103, 0.6212724149227142, 0.6225106045603752, 0.6312003433704376, 0.6728761494159698, 0.6692412719130516, 0.6742948070168495, 0.6444227918982506, 0.6845574900507927]",75971,5,8,75971,5,8,75971,5,8,,0,0.0,0.0,0,False,0.0,0.0,0.617826983332634,0.0,0.0,0.0,0.0,0.0,0.0,0.0,0
funnel,,,4,bucketed,bucketed_nuts,history,64,256,4,,,,,,,,,,16,0.2,8,,,0.9,0.7165879309177399,0.8621788850691052,0.617826983332634,0.7165879309177399,0.8621788850691052,0.7789613753557205,30,0.6400192677974701,0.67927660420537,0.7165879309177399,0.7464749850332737,0.8153591975569725,"[0.8034992441534996, 0.8153591975569725, 0.7960188835859299, 0.762690469622612, 0.7406742945313454, 0.7683874815702438, 0.7369274795055389, 0.6581309214234352, 0.7319450825452805, 0.7649237960577011, 0.6400192677974701, 0.6724444627761841, 0.6851979866623878, 0.7221754267811775, 0.6972558796405792, 0.7110004350543022, 0.6753001362085342, 0.6698857694864273, 0.7247083559632301, 0.6573592200875282, 0.6817395314574242, 0.6784556284546852, 0.6637116968631744, 0.7037714198231697, 0.7078387066721916, 0.6998595967888832, 0.7287343591451645, 0.7334309220314026, 0.7536677196621895, 0.7484085485339165]","[0.5762627795338631, 0.6717185527086258, 0.5941436737775803, 0.6143815517425537, 0.7057390958070755, 0.6524116098880768, 0.5968784093856812, 0.5431587249040604, 0.5403825342655182, 0.6618912443518639, 0.6728115007281303, 0.6371760219335556, 0.6688583791255951, 0.5479395538568497, 0.5549810156226158, 0.5793015211820602, 0.5515229031443596, 0.6031068488955498, 0.5691146329045296, 0.5768623873591423, 0.5516824126243591, 0.5885103419423103, 0.6212724149227142, 0.6225106045603752, 0.6312003433704376, 0.6728761494159698, 0.6692412719130516, 0.6742948070168495, 0.6444227918982506, 0.6845574900507927]",75971,5,8,75971,5,8,75971,5,8,4,0,0.0,0.0,0,False,0.0,0.0,0.7165879309177399,0.0,0.0,0.0,0.0,0.0,0.0,0.0,0
funnel,,,4,bucketed,bucketed_nuts,history,128,256,4,,,,,,,,,,16,0.2,8,,,0.9,0.6676314361393452,0.9254012766464217,0.617826983332634,0.6676314361393452,0.9254012766464217,0.7190457284450531,30,0.5778640136122704,0.6272252984344959,0.6676314361393452,0.7148386593908072,0.8572770431637764,"[0.7167970612645149, 0.8000430315732956, 0.8572770431637764, 0.6401980966329575, 0.8078065887093544, 0.7426329627633095, 0.6954654902219772, 0.7011776939034462, 0.6127403602004051, 0.5778640136122704, 0.6540259271860123, 0.7727937400341034, 0.7089634537696838, 0.6976024508476257, 0.6932946145534515, 0.6621542647480965, 0.6692653223872185, 0.6659975498914719, 0.6931258514523506, 0.629673071205616, 0.7185182645916939, 0.5975805297493935, 0.6264093741774559, 0.6019810810685158, 0.6469723731279373, 0.6088458299636841, 0.6114005744457245, 0.6228163540363312, 0.6471289768815041, 0.8361230120062828]","[0.5762627795338631, 0.6717185527086258, 0.5941436737775803, 0.6143815517425537, 0.7057390958070755, 0.6524116098880768, 0.5968784093856812, 0.5431587249040604, 0.5403825342655182, 0.6618912443518639, 0.6728115007281303, 0.6371760219335556, 0.6688583791255951, 0.5479395538568497, 0.5549810156226158, 0.5793015211820602, 0.5515229031443596, 0.6031068488955498, 0.5691146329045296, 0.5768623873591423, 0.5516824126243591, 0.5885103419423103, 0.6212724149227142, 0.6225106045603752, 0.6312003433704376, 0.6728761494159698, 0.6692412719130516, 0.6742948070168495, 0.6444227918982506, 0.6845574900507927]",75971,5,8,75971,5,8,75971,5,8,2,0,0.0,0.0,0,False,0.0,0.0,0.6676314361393452,0.0,0.0,0.0,0.0,0.0,0.0,0.0,0
funnel,,,4,bucketed,bucketed_nuts,last_depth,64,256,4,,,,,,,,,,16,0.2,8,,,0.9,0.8482384979724884,0.7283647049849798,0.617826983332634,0.8482384979724884,0.7283647049849798,0.7429719045758247,30,0.7310980707406998,0.7904924917966127,0.8482384979724884,0.9044352658092976,0.9612104892730713,"[0.8485499173402786, 0.7891543731093407, 0.8681468740105629, 0.9347847178578377, 0.9066697508096695, 0.8164613619446754, 0.9192620739340782, 0.9612104892730713, 0.8977318108081818, 0.9340099543333054, 0.8826767578721046, 0.9074205458164215, 0.8938461095094681, 0.8935133963823318, 0.909090630710125, 0.8479270786046982, 0.9102516323328018, 0.8404181525111198, 0.8186457827687263, 0.7804246693849564, 0.7480234280228615, 0.7945650294423103, 0.7470391541719437, 0.7310980707406998, 0.7809223979711533, 0.8592223525047302, 0.8062514215707779, 0.7589850276708603, 0.777246281504631, 0.794506847858429]","[0.5762627795338631, 0.6717185527086258, 0.5941436737775803, 0.6143815517425537, 0.7057390958070755, 0.6524116098880768, 0.5968784093856812, 0.5431587249040604, 0.5403825342655182, 0.6618912443518639, 0.6728115007281303, 0.6371760219335556, 0.6688583791255951, 0.5479395538568497, 0.5549810156226158, 0.5793015211820602, 0.5515229031443596, 0.6031068488955498, 0.5691146329045296, 0.5768623873591423, 0.5516824126243591, 0.5885103419423103, 0.6212724149227142, 0.6225106045603752, 0.6312003433704376, 0.6728761494159698, 0.6692412719130516, 0.6742948070168495, 0.6444227918982506, 0.6845574900507927]",75971,5,8,75971,5,8,75971,5,8,4,0,0.0,0.0,0,False,0.0,0.0,0.8482384979724884,0.0,0.0,0.0,0.0,0.0,0.0,0.0,0
funnel,,,4,bucketed,bucketed_nuts,last_depth,128,256,4,,,,,,,,,,16,0.2,8,,,0.9,0.7572021037340164,0.8159340554997442,0.617826983332634,0.7572021037340164,0.8159340554997442,0.7550918459892273,30,0.6435171887278557,0.7266443967819214,0.7572021037340164,0.8106837812811136,0.9299007132649422,"[0.6435171887278557, 0.8460775464773178, 0.7253319099545479, 0.7630756124854088, 0.7486200481653214, 0.8078652545809746, 0.7529072612524033, 0.7101877555251122, 0.8441090807318687, 0.7819506004452705, 0.7361912950873375, 0.8392443507909775, 0.7305818572640419, 0.7154213637113571, 0.7459888383746147, 0.7624673992395401, 0.7673904448747635, 0.6849329471588135, 0.6602745428681374, 0.7614962235093117, 0.7814191803336143, 0.7137480452656746, 0.81162329018116, 0.7529079839587212, 0.7515728548169136, 0.6813317313790321, 0.8688658475875854, 0.8600411117076874, 0.8615324720740318, 0.9299007132649422]","[0.5762627795338631, 0.6717185527086258, 0.5941436737775803, 0.6143815517425537, 0.7057390958070755, 0.6524116098880768, 0.5968784093856812, 0.5431587249040604, 0.5403825342655182, 0.6618912443518639, 0.6728115007281303, 0.6371760219335556, 0.6688583791255951, 0.5479395538568497, 0.5549810156226158, 0.5793015211820602, 0.5515229031443596, 0.6031068488955498, 0.5691146329045296, 0.5768623873591423, 0.5516824126243591, 0.5885103419423103, 0.6212724149227142, 0.6225106045603752, 0.6312003433704376, 0.6728761494159698, 0.6692412719130516, 0.6742948070168495, 0.6444227918982506, 0.6845574900507927]",75971,5,8,75971,5,8,75971,5,8,2,0,0.0,0.0,0,False,0.0,0.0,0.7572021037340164,0.0,0.0,0.0,0.0,0.0,0.0,0.0,0
funnel,,,0,monolithic,nuts_reference,monolithic,0,512,4,,,,,,,,,,16,0.2,8,,,0.9,1.1726845167577267,1.0,1.1726845167577267,1.1726845167577267,1.0,4.613747127354145,30,1.02909617125988,1.1407733913511038,1.1726845167577267,1.2278893310576677,1.4283073991537094,"[1.2214405238628387, 1.1479419469833374, 1.1963736563920975, 1.1443168073892593, 1.1547153368592262, 1.4283073991537094, 1.286249227821827, 1.2388902306556702, 1.2503909096121788, 1.0783266052603722, 1.1395922526717186, 1.078989453613758, 1.02909617125988, 1.174825370311737, 1.2119932249188423, 1.3164563924074173, 1.230038933455944, 1.1445173919200897, 1.1886651068925858, 1.2806588262319565, 1.1800033748149872, 1.1208721548318863, 1.1649014800786972, 1.2162757515907288, 1.2321116402745247, 1.1705436632037163, 1.146891638636589, 1.121454857289791, 1.0786890015006065, 1.1315529495477676]","[1.2214405238628387, 1.1479419469833374, 1.1963736563920975, 1.1443168073892593, 1.1547153368592262, 1.4283073991537094, 1.286249227821827, 1.2388902306556702, 1.2503909096121788, 1.0783266052603722, 1.1395922526717186, 1.078989453613758, 1.02909617125988, 1.174825370311737, 1.2119932249188423, 1.3164563924074173, 1.230038933455944, 1.1445173919200897, 1.1886651068925858, 1.2806588262319565, 1.1800033748149872, 1.1208721548318863, 1.1649014800786972, 1.2162757515907288, 1.2321116402745247, 1.1705436632037163, 1.146891638636589, 1.121454857289791, 1.0786890015006065, 1.1315529495477676]",157928,7,8,157928,7,8,157928,7,8,,0,0.0,0.0,0,False,0.0,0.0,1.1726845167577267,0.0,0.0,0.0,0.0,0.0,0.0,0.0,0
funnel,,,0,bucketed,bucketed_nuts,history,64,512,4,,,,,,,,,,16,0.2,8,,,0.9,1.1603434272110462,1.0106357215090562,1.1726845167577267,1.1603434272110462,1.0106357215090562,3.6380998641252518,30,0.9308423697948456,1.126643430441618,1.1603434272110462,1.2659027855843306,1.3674903884530067,"[1.189915157854557, 1.134740374982357, 0.9308423697948456, 1.067933313548565, 1.1396143734455109, 1.1670226082205772, 1.0594674795866013, 1.1239942163228989, 1.1496667638421059, 1.17164196819067, 1.0759938284754753, 1.1536642462015152, 1.1815035864710808, 1.3674903884530067, 1.2806935086846352, 1.2688026502728462, 1.2357032895088196, 1.2899981513619423, 1.048741228878498, 1.1345910727977753, 1.2699539810419083, 1.1217826530337334, 1.1021339297294617, 1.1403216794133186, 1.330371007323265, 1.2572031915187836, 1.3194303438067436, 1.1512926742434502, 1.3595462068915367, 1.2461995854973793]","[1.2214405238628387, 1.1479419469833374, 1.1963736563920975, 1.1443168073892593, 1.1547153368592262, 1.4283073991537094, 1.286249227821827, 1.2388902306556702, 1.2503909096121788, 1.0783266052603722, 1.1395922526717186, 1.078989453613758, 1.02909617125988, 1.174825370311737, 1.2119932249188423, 1.3164563924074173, 1.230038933455944, 1.1445173919200897, 1.1886651068925858, 1.2806588262319565, 1.1800033748149872, 1.1208721548318863, 1.1649014800786972, 1.2162757515907288, 1.2321116402745247, 1.1705436632037163, 1.146891638636589, 1.121454857289791, 1.0786890015006065, 1.1315529495477676]",157928,7,8,157928,7,8,157928,7,8,8,0,0.0,0.0,0,False,0.0,0.0,1.1603434272110462,0.0,0.0,0.0,0.0,0.0,0.0,0.0,0
funnel,,,0,bucketed,bucketed_nuts,history,128,512,4,,,,,,,,,,16,0.2,8,,,0.9,1.149009570479393,1.0206046554237629,1.1726845167577267,1.149009570479393,1.0206046554237629,3.3913401514291763,30,1.0202544331550598,1.0963860675692558,1.149009570479393,1.2125048618763685,1.3852999210357666,"[1.2263721004128456, 1.1204720512032509, 1.070310801267624, 1.2775072008371353, 1.1474837064743042, 1.0539782643318176, 1.0202544331550598, 1.2579470202326775, 1.1252644956111908, 1.189304381608963, 1.1710089221596718, 1.0296215116977692, 1.0311734527349472, 1.1115281879901886, 1.0938212350010872, 1.1962795481085777, 1.1516708359122276, 1.2333185821771622, 1.2666699811816216, 1.1836093738675117, 1.1040805652737617, 1.3852999210357666, 1.2505085170269012, 1.1688494309782982, 1.0820232704281807, 1.1505354344844818, 1.2179132997989655, 1.0636834427714348, 1.1327619776129723, 1.1096647754311562]","[1.2214405238628387, 1.1479419469833374, 1.1963736563920975, 1.1443168073892593, 1.1547153368592262, 1.4283073991537094, 1.286249227821827, 1.2388902306556702, 1.2503909096121788, 1.0783266052603722, 1.1395922526717186, 1.078989453613758, 1.02909617125988, 1.174825370311737, 1.2119932249188423, 1.3164563924074173, 1.230038933455944, 1.1445173919200897, 1.1886651068925858, 1.2806588262319565, 1.1800033748149872, 1.1208721548318863, 1.1649014800786972, 1.2162757515907288, 1.2321116402745247, 1.1705436632037163, 1.146891638636589, 1.121454857289791, 1.0786890015006065, 1.1315529495477676]",157928,7,8,157928,7,8,157928,7,8,4,0,0.0,0.0,0,False,0.0,0.0,1.149009570479393,0.0,0.0,0.0,0.0,0.0,0.0,0.0,0
funnel,,,0,bucketed,bucketed_nuts,last_depth,64,512,4,,,,,,,,,,16,0.2,8,,,0.9,1.3411308079957962,0.8743998048260498,1.1726845167577267,1.3411308079957962,0.8743998048260498,1.3619821071624756,30,1.0995956733822823,1.2855130210518837,1.3411308079957962,1.4039059709757566,1.6016174256801605,"[1.4314747378230095, 1.3681717067956924, 1.3363322988152504, 1.4111847952008247, 1.3153400346636772, 1.2482535541057587, 1.3107840195298195, 1.3394360840320587, 1.3663551360368729, 1.2989723682403564, 1.380875676870346, 1.5881633087992668, 1.3978738561272621, 1.2810265719890594, 1.2545549795031548, 1.33001060038805, 1.3250944390892982, 1.1842060461640358, 1.1933107301592827, 1.0995956733822823, 1.1627986431121826, 1.2647992074489594, 1.3530160933732986, 1.3428255319595337, 1.3701300024986267, 1.4059166759252548, 1.5565613135695457, 1.6016174256801605, 1.493800088763237, 1.4853986203670502]","[1.2214405238628387, 1.1479419469833374, 1.1963736563920975, 1.1443168073892593, 1.1547153368592262, 1.4283073991537094, 1.286249227821827, 1.2388902306556702, 1.2503909096121788, 1.0783266052603722, 1.1395922526717186, 1.078989453613758, 1.02909617125988, 1.174825370311737, 1.2119932249188423, 1.3164563924074173, 1.230038933455944, 1.1445173919200897, 1.1886651068925858, 1.2806588262319565, 1.1800033748149872, 1.1208721548318863, 1.1649014800786972, 1.2162757515907288, 1.2321116402745247, 1.1705436632037163, 1.146891638636589, 1.121454857289791, 1.0786890015006065, 1.1315529495477676]",157928,7,8,157928,7,8,157928,7,8,8,0,0.0,0.0,0,False,0.0,0.0,1.3411308079957962,0.0,0.0,0.0,0.0,0.0,0.0,0.0,0
funnel,,,0,bucketed,bucketed_nuts,last_depth,128,512,4,,,,,,,,,,16,0.2,8,,,0.9,1.438089869916439,0.8154459198199249,1.1726845167577267,1.438089869916439,0.8154459198199249,1.3847111836075783,30,1.3005348294973373,1.395696124061942,1.438089869916439,1.491448074579239,1.623125895857811,"[1.3005348294973373, 1.3972680494189262, 1.307935670018196, 1.376424252986908, 1.311166413128376, 1.4707624688744545, 1.436322696506977, 1.483155407011509, 1.497877225279808, 1.352174811065197, 1.3923678696155548, 1.3213572427630424, 1.4353539571166039, 1.487696312367916, 1.4060662537813187, 1.4569207206368446, 1.3951721489429474, 1.4926986619830132, 1.4108533561229706, 1.4296078607439995, 1.4381102174520493, 1.6039977595210075, 1.623125895857811, 1.6163546070456505, 1.4380695223808289, 1.4684181660413742, 1.4966828972101212, 1.5247711390256882, 1.4556983709335327, 1.5399880558252335]","[1.2214405238628387, 1.1479419469833374, 1.1963736563920975, 1.1443168073892593, 1.1547153368592262, 1.4283073991537094, 1.286249227821827, 1.2388902306556702, 1.2503909096121788, 1.0783266052603722, 1.1395922526717186, 1.078989453613758, 1.02909617125988, 1.174825370311737, 1.2119932249188423, 1.3164563924074173, 1.230038933455944, 1.1445173919200897, 1.1886651068925858, 1.2806588262319565, 1.1800033748149872, 1.1208721548318863, 1.1649014800786972, 1.2162757515907288, 1.2321116402745247, 1.1705436632037163, 1.146891638636589, 1.121454857289791, 1.0786890015006065, 1.1315529495477676]",157928,7,8,157928,7,8,157928,7,8,4,0,0.0,0.0,0,False,0.0,0.0,1.438089869916439,0.0,0.0,0.0,0.0,0.0,0.0,0.0,0
funnel,,,1,monolithic,nuts_reference,monolithic,0,512,4,,,,,,,,,,16,0.2,8,,,0.9,1.0412592217326164,1.0,1.0412592217326164,1.0412592217326164,1.0,1.121702678501606,30,0.9763002991676331,1.006357941776514,1.0412592217326164,1.0669418796896935,1.1458946838974953,"[1.0186376050114632, 1.1391860097646713, 1.068715713918209, 1.002852313220501, 1.0035017430782318, 0.9763002991676331, 1.0033456981182098, 1.0528092682361603, 1.0604658797383308, 1.0541357770562172, 1.0726801455020905, 1.0109939947724342, 1.0481564477086067, 1.0389572829008102, 1.0832456648349762, 0.9807320833206177, 1.0616203770041466, 1.0937199592590332, 1.0070259124040604, 1.0208963975310326, 0.9931008070707321, 1.0774497538805008, 1.1046834513545036, 1.0537251010537148, 1.000805489718914, 1.1458946838974953, 1.0432432889938354, 1.0126115307211876, 1.0392751544713974, 1.0061352849006653]","[1.0186376050114632, 1.1391860097646713, 1.068715713918209, 1.002852313220501, 1.0035017430782318, 0.9763002991676331, 1.0033456981182098, 1.0528092682361603, 1.0604658797383308, 1.0541357770562172, 1.0726801455020905, 1.0109939947724342, 1.0481564477086067, 1.0389572829008102, 1.0832456648349762, 0.9807320833206177, 1.0616203770041466, 1.0937199592590332, 1.0070259124040604, 1.0208963975310326, 0.9931008070707321, 1.0774497538805008, 1.1046834513545036, 1.0537251010537148, 1.000805489718914, 1.1458946838974953, 1.0432432889938354, 1.0126115307211876, 1.0392751544713974, 1.0061352849006653]",154509,14,8,154509,14,8,154509,14,8,,0,0.0,0.0,0,False,0.0,0.0,1.0412592217326164,0.0,0.0,0.0,0.0,0.0,0.0,0.0,0
funnel,,,1,bucketed,bucketed_nuts,history,64,512,4,,,,,,,,,,16,0.2,8,,,0.9,1.2522719204425812,0.8314961029906444,1.0412592217326164,1.2522719204425812,0.8314961029906444,1.162543147802353,30,1.0736790001392365,1.163503522053361,1.2522719204425812,1.32078355550766,1.5194853395223618,"[1.3442343696951866, 1.2660903185606003, 1.157299444079399, 1.3050695583224297, 1.16168612241745, 1.1538585275411606, 1.0736790001392365, 1.2013517916202545, 1.2128402143716812, 1.5194853395223618, 1.3185993880033493, 1.3896697536110878, 1.411229521036148, 1.490066982805729, 1.4152776300907135, 1.3109298348426819, 1.3133827447891235, 1.2694585546851158, 1.2622596248984337, 1.199948102235794, 1.339689940214157, 1.168955720961094, 1.1171375140547752, 1.2422842159867287, 1.1424164026975632, 1.1825968772172928, 1.3215116113424301, 1.201159916818142, 1.1226903796195984, 1.1423374190926552]","[1.0186376050114632, 1.1391860097646713, 1.068715713918209, 1.002852313220501, 1.0035017430782318, 0.9763002991676331, 1.0033456981182098, 1.0528092682361603, 1.0604658797383308, 1.0541357770562172, 1.0726801455020905, 1.0109939947724342, 1.0481564477086067, 1.0389572829008102, 1.0832456648349762, 0.9807320833206177, 1.0616203770041466, 1.0937199592590332, 1.0070259124040604, 1.0208963975310326, 0.9931008070707321, 1.0774497538805008, 1.1046834513545036, 1.0537251010537148, 1.000805489718914, 1.1458946838974953, 1.0432432889938354, 1.0126115307211876, 1.0392751544713974, 1.0061352849006653]",154509,14,8,154509,14,8,154509,14,8,8,0,0.0,0.0,0,False,0.0,0.0,1.2522719204425812,0.0,0.0,0.0,0.0,0.0,0.0,0.0,0
funnel,,,1,bucketed,bucketed_nuts,history,128,512,4,,,,,,,,,,16,0.2,8,,,0.9,1.142667755484581,0.9112528263222415,1.0412592217326164,1.142667755484581,0.9112528263222415,0.9845519363880157,30,1.022813618183136,1.079326430335641,1.142667755484581,1.1704071294516325,1.2645371854305267,"[1.0324938297271729, 1.0771180614829063, 1.2645371854305267, 1.0470646545290947, 1.2232540100812912, 1.142713040113449, 1.1679735630750656, 1.185219183564186, 1.142622470855713, 1.1262270659208298, 1.1712126731872559, 1.2181566879153252, 1.074462927877903, 1.0902970358729362, 1.1392103731632233, 1.1276138797402382, 1.168666884303093, 1.1765706837177277, 1.1709872111678123, 1.0725415647029877, 1.0394152998924255, 1.0406905114650726, 1.1064046174287796, 1.1559703946113586, 1.1565644219517708, 1.2257030680775642, 1.0859515368938446, 1.1659539714455605, 1.1480858400464058, 1.022813618183136]","[1.0186376050114632, 1.1391860097646713, 1.068715713918209, 1.002852313220501, 1.0035017430782318, 0.9763002991676331, 1.0033456981182098, 1.0528092682361603, 1.0604658797383308, 1.0541357770562172, 1.0726801455020905, 1.0109939947724342, 1.0481564477086067, 1.0389572829008102, 1.0832456648349762, 0.9807320833206177, 1.0616203770041466, 1.0937199592590332, 1.0070259124040604, 1.0208963975310326, 0.9931008070707321, 1.0774497538805008, 1.1046834513545036, 1.0537251010537148, 1.000805489718914, 1.1458946838974953, 1.0432432889938354, 1.0126115307211876, 1.0392751544713974, 1.0061352849006653]",154509,14,8,154509,14,8,154509,14,8,4,0,0.0,0.0,0,False,0.0,0.0,1.142667755484581,0.0,0.0,0.0,0.0,0.0,0.0,0.0,0
funnel,,,1,bucketed,bucketed_nuts,last_depth,64,512,4,,,,,,,,,,16,0.2,8,,,0.9,1.311540775001049,0.7939205868241371,1.0412592217326164,1.311540775001049,0.7939205868241371,1.1711603701114655,30,1.1808594018220901,1.2566073350608349,1.311540775001049,1.39065345749259,1.577461652457714,"[1.2523672580718994, 1.577461652457714, 1.4942709654569626, 1.2924325689673424, 1.3818127512931824, 1.340681828558445, 1.4012897834181786, 1.2875907868146896, 1.4379135593771935, 1.3259690031409264, 1.2897775247693062, 1.2693275660276413, 1.302933856844902, 1.2971532046794891, 1.3936003595590591, 1.2750597670674324, 1.320147693157196, 1.2474306300282478, 1.2357062324881554, 1.3485273271799088, 1.3586081266403198, 1.2134964764118195, 1.2413525804877281, 1.436408393085003, 1.4388912916183472, 1.455914705991745, 1.249437965452671, 1.2046607360243797, 1.3427407518029213, 1.1808594018220901]","[1.0186376050114632, 1.1391860097646713, 1.068715713918209, 1.002852313220501, 1.0035017430782318, 0.9763002991676331, 1.0033456981182098, 1.0528092682361603, 1.0604658797383308, 1.0541357770562172, 1.0726801455020905, 1.0109939947724342, 1.0481564477086067, 1.0389572829008102, 1.0832456648349762, 0.9807320833206177, 1.0616203770041466, 1.0937199592590332, 1.0070259124040604, 1.0208963975310326, 0.9931008070707321, 1.0774497538805008, 1.1046834513545036, 1.0537251010537148, 1.000805489718914, 1.1458946838974953, 1.0432432889938354, 1.0126115307211876, 1.0392751544713974, 1.0061352849006653]",154509,14,8,154509,14,8,154509,14,8,8,0,0.0,0.0,0,False,0.0,0.0,1.311540775001049,0.0,0.0,0.0,0.0,0.0,0.0,0.0,0
funnel,,,1,bucketed,bucketed_nuts,last_depth,128,512,4,,,,,,,,,,16,0.2,8,,,0.9,1.26532469317317,0.8229185973770541,1.0412592217326164,1.26532469317317,0.8229185973770541,1.1952184736728668,30,1.0060066655278206,1.2007762026041746,1.26532469317317,1.3212032355368137,1.4710473716259003,"[1.2815441638231277, 1.2818363010883331, 1.2057818919420242, 1.3106116354465485, 1.2784465849399567, 1.3164647668600082, 1.356570802628994, 1.381813757121563, 1.3245981633663177, 1.333260901272297, 1.27513787150383, 1.4710473716259003, 1.3714337348937988, 1.2488383129239082, 1.2950153350830078, 1.185688354074955, 1.322782725095749, 1.2156531438231468, 1.199107639491558, 1.254923790693283, 1.2237444669008255, 1.2555115148425102, 1.1357049271464348, 1.4014797657728195, 1.0060066655278206, 1.1417392268776894, 1.1130210757255554, 1.2258649542927742, 1.0918451249599457, 1.0767968371510506]","[1.0186376050114632, 1.1391860097646713, 1.068715713918209, 1.002852313220501, 1.0035017430782318, 0.9763002991676331, 1.0033456981182098, 1.0528092682361603, 1.0604658797383308, 1.0541357770562172, 1.0726801455020905, 1.0109939947724342, 1.0481564477086067, 1.0389572829008102, 1.0832456648349762, 0.9807320833206177, 1.0616203770041466, 1.0937199592590332, 1.0070259124040604, 1.0208963975310326, 0.9931008070707321, 1.0774497538805008, 1.1046834513545036, 1.0537251010537148, 1.000805489718914, 1.1458946838974953, 1.0432432889938354, 1.0126115307211876, 1.0392751544713974, 1.0061352849006653]",154509,14,8,154509,14,8,154509,14,8,4,0,0.0,0.0,0,False,0.0,0.0,1.26532469317317,0.0,0.0,0.0,0.0,0.0,0.0,0.0,0
funnel,,,2,monolithic,nuts_reference,monolithic,0,512,4,,,,,,,,,,16,0.2,8,,,0.9,1.0457369163632393,1.0,1.0457369163632393,1.0457369163632393,1.0,1.0340943560004234,30,1.0013816878199577,1.0318366046994925,1.0457369163632393,1.0826830379664898,1.1770072728395462,"[1.1235316693782806, 1.1459326148033142, 1.0427016466856003, 1.1442097648978233, 1.1306180581450462, 1.046491950750351, 1.0320599153637886, 1.0669218227267265, 1.0538105368614197, 1.0863953605294228, 1.0317621678113937, 1.0082028061151505, 1.0501426979899406, 1.0744816809892654, 1.0244399458169937, 1.1770072728395462, 1.007170133292675, 1.0449818819761276, 1.145139217376709, 1.010393962264061, 1.032091774046421, 1.0177352577447891, 1.0412469804286957, 1.0013816878199577, 1.0546143427491188, 1.0854168236255646, 1.0087674483656883, 1.037661388516426, 1.0585961192846298, 1.0346185714006424]","[1.1235316693782806, 1.1459326148033142, 1.0427016466856003, 1.1442097648978233, 1.1306180581450462, 1.046491950750351, 1.0320599153637886, 1.0669218227267265, 1.0538105368614197, 1.0863953605294228, 1.0317621678113937, 1.0082028061151505, 1.0501426979899406, 1.0744816809892654, 1.0244399458169937, 1.1770072728395462, 1.007170133292675, 1.0449818819761276, 1.145139217376709, 1.010393962264061, 1.032091774046421, 1.0177352577447891, 1.0412469804286957, 1.0013816878199577, 1.0546143427491188, 1.0854168236255646, 1.0087674483656883, 1.037661388516426, 1.0585961192846298, 1.0346185714006424]",154164,14,8,154164,14,8,154164,14,8,,0,0.0,0.0,0,False,0.0,0.0,1.0457369163632393,0.0,0.0,0.0,0.0,0.0,0.0,0.0,0
funnel,,,2,bucketed,bucketed_nuts,history,64,512,4,,,,,,,,,,16,0.2,8,,,0.9,1.247742760926485,0.8381029721116149,1.0457369163632393,1.247742760926485,0.8381029721116149,1.0740621015429497,30,0.9624480754137039,1.1512542590498924,1.247742760926485,1.3689237590879202,1.5104390531778336,"[1.0824453830718994, 1.146165519952774, 1.0079996958374977, 1.222417302429676, 1.1665204763412476, 1.0645472630858421, 1.0010728016495705, 1.133701078593731, 1.2198136672377586, 1.174881599843502, 0.9624480754137039, 1.3427990153431892, 1.3772543668746948, 1.357735589146614, 1.5104390531778336, 1.3726531490683556, 1.4783166199922562, 1.3221579119563103, 1.3869338780641556, 1.2480838298797607, 1.3999033644795418, 1.122297078371048, 1.2066016420722008, 1.4417778924107552, 1.2974647134542465, 1.4160711392760277, 1.3542824164032936, 1.2286169975996017, 1.2474016919732094, 1.3414554744958878]","[1.1235316693782806, 1.1459326148033142, 1.0427016466856003, 1.1442097648978233, 1.1306180581450462, 1.046491950750351, 1.0320599153637886, 1.0669218227267265, 1.0538105368614197, 1.0863953605294228, 1.0317621678113937, 1.0082028061151505, 1.0501426979899406, 1.0744816809892654, 1.0244399458169937, 1.1770072728395462, 1.007170133292675, 1.0449818819761276, 1.145139217376709, 1.010393962264061, 1.032091774046421, 1.0177352577447891, 1.0412469804286957, 1.0013816878199577, 1.0546143427491188, 1.0854168236255646, 1.0087674483656883, 1.037661388516426, 1.0585961192846298, 1.0346185714006424]",154164,14,8,154164,14,8,154164,14,8,8,0,0.0,0.0,0,False,0.0,0.0,1.247742760926485,0.0,0.0,0.0,0.0,0.0,0.0,0.0,0
funnel,,,2,bucketed,bucketed_nuts,history,128,512,4,,,,,,,,,,16,0.2,8,,,0.9,1.2420893646776676,0.8419176156738261,1.0457369163632393,1.2420893646776676,0.8419176156738261,1.1901544108986855,30,1.0960630550980568,1.1850669924169779,1.2420893646776676,1.2764058541506529,1.3582333028316498,"[1.2417817041277885, 1.1339176669716835, 1.3167685642838478, 1.2121931463479996, 1.2261588349938393, 1.2671090140938759, 1.2771077528595924, 1.2423970252275467, 1.1944481134414673, 1.1519263982772827, 1.0960630550980568, 1.2249993160367012, 1.1298381835222244, 1.2397346273064613, 1.12883909791708, 1.1819399520754814, 1.2965139150619507, 1.2604236155748367, 1.2466101869940758, 1.2559553235769272, 1.2811239808797836, 1.2793667912483215, 1.2360076680779457, 1.1627521440386772, 1.2586029097437859, 1.3582333028316498, 1.2743001580238342, 1.2821565717458725, 1.2862737327814102, 1.1529535204172134]","[1.1235316693782806, 1.1459326148033142, 1.0427016466856003, 1.1442097648978233, 1.1306180581450462, 1.046491950750351, 1.0320599153637886, 1.0669218227267265, 1.0538105368614197, 1.0863953605294228, 1.0317621678113937, 1.0082028061151505, 1.0501426979899406, 1.0744816809892654, 1.0244399458169937, 1.1770072728395462, 1.007170133292675, 1.0449818819761276, 1.145139217376709, 1.010393962264061, 1.032091774046421, 1.0177352577447891, 1.0412469804286957, 1.0013816878199577, 1.0546143427491188, 1.0854168236255646, 1.0087674483656883, 1.037661388516426, 1.0585961192846298, 1.0346185714006424]",154164,14,8,154164,14,8,154164,14,8,4,0,0.0,0.0,0,False,0.0,0.0,1.2420893646776676,0.0,0.0,0.0,0.0,0.0,0.0,0.0,0
funnel,,,2,bucketed,bucketed_nuts,last_depth,64,512,4,,,,,,,,,,16,0.2,8,,,0.9,1.2838193103671074,0.814551477703051,1.0457369163632393,1.2838193103671074,0.814551477703051,1.40937490016222,30,1.152309037744999,1.2424973994493484,1.2838193103671074,1.3226926736533642,1.3994406536221504,"[1.3641240075230598, 1.2197542786598206, 1.2835025042295456, 1.193594828248024, 1.152309037744999, 1.3255603909492493, 1.3101159185171127, 1.3593812584877014, 1.2644379809498787, 1.2841361165046692, 1.3288848176598549, 1.315975472331047, 1.3249317407608032, 1.3109381645917892, 1.3100885525345802, 1.2604003325104713, 1.238345667719841, 1.387708880007267, 1.241891324520111, 1.285548321902752, 1.2330380231142044, 1.2443156242370605, 1.215720035135746, 1.2681327313184738, 1.2073613405227661, 1.2958888933062553, 1.3994406536221504, 1.3661034926772118, 1.2734908536076546, 1.261689305305481]","[1.1235316693782806, 1.1459326148033142, 1.0427016466856003, 1.1442097648978233, 1.1306180581450462, 1.046491950750351, 1.0320599153637886, 1.0669218227267265, 1.0538105368614197, 1.0863953605294228, 1.0317621678113937, 1.0082028061151505, 1.0501426979899406, 1.0744816809892654, 1.0244399458169937, 1.1770072728395462, 1.007170133292675, 1.0449818819761276, 1.145139217376709, 1.010393962264061, 1.032091774046421, 1.0177352577447891, 1.0412469804286957, 1.0013816878199577, 1.0546143427491188, 1.0854168236255646, 1.0087674483656883, 1.037661388516426, 1.0585961192846298, 1.0346185714006424]",154164,14,8,154164,14,8,154164,14,8,8,0,0.0,0.0,0,False,0.0,0.0,1.2838193103671074,0.0,0.0,0.0,0.0,0.0,0.0,0.0,0
funnel,,,2,bucketed,bucketed_nuts,last_depth,128,512,4,,,,,,,,,,16,0.2,8,,,0.9,1.2716071531176567,0.822374200868058,1.0457369163632393,1.2716071531176567,0.822374200868058,1.2702960595488548,30,1.137235812842846,1.2225702218711376,1.2716071531176567,1.3109953459352255,1.437455415725708,"[1.1948422715067863, 1.3331435918807983, 1.1863103285431862, 1.275773525238037, 1.2205386012792587, 1.302878476679325, 1.2648267820477486, 1.236837014555931, 1.206324763596058, 1.437455415725708, 1.3447584062814713, 1.2366416156291962, 1.2880285754799843, 1.137235812842846, 1.1816299632191658, 1.3049201145768166, 1.3840829879045486, 1.3096936643123627, 1.3403864949941635, 1.3432895690202713, 1.3503702133893967, 1.2722047343850136, 1.2548082694411278, 1.311429239809513, 1.2161344587802887, 1.2286650836467743, 1.2710095718502998, 1.207254707813263, 1.2815433144569397, 1.2552156075835228]","[1.1235316693782806, 1.1459326148033142, 1.0427016466856003, 1.1442097648978233, 1.1306180581450462, 1.046491950750351, 1.0320599153637886, 1.0669218227267265, 1.0538105368614197, 1.0863953605294228, 1.0317621678113937, 1.0082028061151505, 1.0501426979899406, 1.0744816809892654, 1.0244399458169937, 1.1770072728395462, 1.007170133292675, 1.0449818819761276, 1.145139217376709, 1.010393962264061, 1.032091774046421, 1.0177352577447891, 1.0412469804286957, 1.0013816878199577, 1.0546143427491188, 1.0854168236255646, 1.0087674483656883, 1.037661388516426, 1.0585961192846298, 1.0346185714006424]",154164,14,8,154164,14,8,154164,14,8,4,0,0.0,0.0,0,False,0.0,0.0,1.2716071531176567,0.0,0.0,0.0,0.0,0.0,0.0,0.0,0
funnel,,,3,monolithic,nuts_reference,monolithic,0,512,4,,,,,,,,,,16,0.2,8,,,0.9,1.299359504133463,1.0,1.299359504133463,1.299359504133463,1.0,1.2421137318015099,30,1.185753509402275,1.2406207956373692,1.299359504133463,1.3633456863462925,1.6040121987462044,"[1.1876695230603218, 1.3228831142187119, 1.2892260998487473, 1.2120092138648033, 1.22047009319067, 1.2949518486857414, 1.290944717824459, 1.185753509402275, 1.288053072988987, 1.3863743394613266, 1.3687513172626495, 1.2889933660626411, 1.2436262667179108, 1.2689781188964844, 1.3471287935972214, 1.2307742834091187, 1.312443032860756, 1.3281858935952187, 1.236029289662838, 1.2302792519330978, 1.2396189719438553, 1.3126851543784142, 1.44997900724411, 1.4257960096001625, 1.430775374174118, 1.6040121987462044, 1.3940232247114182, 1.3242330327630043, 1.4749077558517456, 1.3037671595811844]","[1.1876695230603218, 1.3228831142187119, 1.2892260998487473, 1.2120092138648033, 1.22047009319067, 1.2949518486857414, 1.290944717824459, 1.185753509402275, 1.288053072988987, 1.3863743394613266, 1.3687513172626495, 1.2889933660626411, 1.2436262667179108, 1.2689781188964844, 1.3471287935972214, 1.2307742834091187, 1.312443032860756, 1.3281858935952187, 1.236029289662838, 1.2302792519330978, 1.2396189719438553, 1.3126851543784142, 1.44997900724411, 1.4257960096001625, 1.430775374174118, 1.6040121987462044, 1.3940232247114182, 1.3242330327630043, 1.4749077558517456, 1.3037671595811844]",162770,8,8,162770,8,8,162770,8,8,,0,0.0,0.0,0,False,0.0,0.0,1.299359504133463,0.0,0.0,0.0,0.0,0.0,0.0,0.0,0
funnel,,,3,bucketed,bucketed_nuts,history,64,512,4,,,,,,,,,,16,0.2,8,,,0.9,1.344470240175724,0.9664472037429663,1.299359504133463,1.344470240175724,0.9664472037429663,1.416137970983982,30,1.2153718173503876,1.279217667877674,1.344470240175724,1.3945534192025661,1.499877616763115,"[1.319699540734291, 1.279619038105011, 1.2843229174613953, 1.3444987908005714, 1.3090660646557808, 1.2303519695997238, 1.3437412679195404, 1.2185871303081512, 1.3444416895508766, 1.385616734623909, 1.2433647960424423, 1.3975323140621185, 1.4016937091946602, 1.3477132692933083, 1.3564618900418282, 1.4556455686688423, 1.4841643124818802, 1.4165119975805283, 1.3529680594801903, 1.4560266360640526, 1.2790838778018951, 1.3502313643693924, 1.3994005247950554, 1.3610694482922554, 1.2737417742609978, 1.257097840309143, 1.2153718173503876, 1.2304858788847923, 1.3335271179676056, 1.499877616763115]","[1.1876695230603218, 1.3228831142187119, 1.2892260998487473, 1.2120092138648033, 1.22047009319067, 1.2949518486857414, 1.290944717824459, 1.185753509402275, 1.288053072988987, 1.3863743394613266, 1.3687513172626495, 1.2889933660626411, 1.2436262667179108, 1.2689781188964844, 1.3471287935972214, 1.2307742834091187, 1.312443032860756, 1.3281858935952187, 1.236029289662838, 1.2302792519330978, 1.2396189719438553, 1.3126851543784142, 1.44997900724411, 1.4257960096001625, 1.430775374174118, 1.6040121987462044, 1.3940232247114182, 1.3242330327630043, 1.4749077558517456, 1.3037671595811844]",162770,8,8,162770,8,8,162770,8,8,8,0,0.0,0.0,0,False,0.0,0.0,1.344470240175724,0.0,0.0,0.0,0.0,0.0,0.0,0.0,0
funnel,,,3,bucketed,bucketed_nuts,history,128,512,4,,,,,,,,,,16,0.2,8,,,0.9,1.2448022291064262,1.043828066620832,1.299359504133463,1.2448022291064262,1.043828066620832,1.2778350785374641,30,1.1224200502038002,1.2098649125546217,1.2448022291064262,1.290179455652833,1.5236216112971306,"[1.2297499105334282, 1.2701540738344193, 1.2422905936837196, 1.2180503606796265, 1.2007966488599777, 1.1837544366717339, 1.2874346226453781, 1.2417506650090218, 1.5236216112971306, 1.2994379699230194, 1.3307475075125694, 1.3843594193458557, 1.2039807364344597, 1.2041056081652641, 1.2721784114837646, 1.2844871655106544, 1.318236730992794, 1.2393929958343506, 1.2382647395133972, 1.3634834736585617, 1.1764859408140182, 1.1635951697826385, 1.2473138645291328, 1.2777290120720863, 1.2548414468765259, 1.2071364298462868, 1.1224200502038002, 1.2910943999886513, 1.374727040529251, 1.2385232672095299]","[1.1876695230603218, 1.3228831142187119, 1.2892260998487473, 1.2120092138648033, 1.22047009319067, 1.2949518486857414, 1.290944717824459, 1.185753509402275, 1.288053072988987, 1.3863743394613266, 1.3687513172626495, 1.2889933660626411, 1.2436262667179108, 1.2689781188964844, 1.3471287935972214, 1.2307742834091187, 1.312443032860756, 1.3281858935952187, 1.236029289662838, 1.2302792519330978, 1.2396189719438553, 1.3126851543784142, 1.44997900724411, 1.4257960096001625, 1.430775374174118, 1.6040121987462044, 1.3940232247114182, 1.3242330327630043, 1.4749077558517456, 1.3037671595811844]",162770,8,8,162770,8,8,162770,8,8,4,0,0.0,0.0,0,False,0.0,0.0,1.2448022291064262,0.0,0.0,0.0,0.0,0.0,0.0,0.0,0
funnel,,,3,bucketed,bucketed_nuts,last_depth,64,512,4,,,,,,,,,,16,0.2,8,,,0.9,1.356431245803833,0.9579250759322129,1.299359504133463,1.356431245803833,0.9579250759322129,1.3157369941473007,30,1.2294131815433502,1.3051773104816675,1.356431245803833,1.425942663103342,1.559827484190464,"[1.398722067475319, 1.5042436346411705, 1.4411443918943405, 1.5475152283906937, 1.4313706830143929, 1.304545745253563, 1.375304453074932, 1.3903779536485672, 1.264806941151619, 1.2458817958831787, 1.3376823663711548, 1.3837582990527153, 1.3070720061659813, 1.3178617134690285, 1.2294131815433502, 1.3012911975383759, 1.2884710505604744, 1.3193075209856033, 1.324749767780304, 1.3574486002326012, 1.41941399872303, 1.297361359000206, 1.5314903035759926, 1.559827484190464, 1.2816034257411957, 1.3907261714339256, 1.4771425276994705, 1.315612107515335, 1.428118884563446, 1.3554138913750648]","[1.1876695230603218, 1.3228831142187119, 1.2892260998487473, 1.2120092138648033, 1.22047009319067, 1.2949518486857414, 1.290944717824459, 1.185753509402275, 1.288053072988987, 1.3863743394613266, 1.3687513172626495, 1.2889933660626411, 1.2436262667179108, 1.2689781188964844, 1.3471287935972214, 1.2307742834091187, 1.312443032860756, 1.3281858935952187, 1.236029289662838, 1.2302792519330978, 1.2396189719438553, 1.3126851543784142, 1.44997900724411, 1.4257960096001625, 1.430775374174118, 1.6040121987462044, 1.3940232247114182, 1.3242330327630043, 1.4749077558517456, 1.3037671595811844]",162770,8,8,162770,8,8,162770,8,8,8,0,0.0,0.0,0,False,0.0,0.0,1.356431245803833,0.0,0.0,0.0,0.0,0.0,0.0,0.0,0
funnel,,,3,bucketed,bucketed_nuts,last_depth,128,512,4,,,,,,,,,,16,0.2,8,,,0.9,1.4194657690823078,0.9153862899938092,1.299359504133463,1.4194657690823078,0.9153862899938092,1.4159293919801712,30,1.3179852962493896,1.364691099151969,1.4194657690823078,1.4575634971261024,1.5514665842056274,"[1.3813340589404106, 1.4688124433159828, 1.4070415571331978, 1.4198643490672112, 1.4640430137515068, 1.4244986325502396, 1.464128039777279, 1.5514665842056274, 1.3450863435864449, 1.4300712943077087, 1.4190671890974045, 1.4365872293710709, 1.5137874856591225, 1.3633018136024475, 1.4326668828725815, 1.4866025671362877, 1.4912861958146095, 1.398117907345295, 1.4690009281039238, 1.4381249472498894, 1.3463485836982727, 1.3183141201734543, 1.3548293858766556, 1.4098661094903946, 1.3179852962493896, 1.3536091968417168, 1.429954580962658, 1.3782467991113663, 1.3688589558005333, 1.3573791459202766]","[1.1876695230603218, 1.3228831142187119, 1.2892260998487473, 1.2120092138648033, 1.22047009319067, 1.2949518486857414, 1.290944717824459, 1.185753509402275, 1.288053072988987, 1.3863743394613266, 1.3687513172626495, 1.2889933660626411, 1.2436262667179108, 1.2689781188964844, 1.3471287935972214, 1.2307742834091187, 1.312443032860756, 1.3281858935952187, 1.236029289662838, 1.2302792519330978, 1.2396189719438553, 1.3126851543784142, 1.44997900724411, 1.4257960096001625, 1.430775374174118, 1.6040121987462044, 1.3940232247114182, 1.3242330327630043, 1.4749077558517456, 1.3037671595811844]",162770,8,8,162770,8,8,162770,8,8,4,0,0.0,0.0,0,False,0.0,0.0,1.4194657690823078,0.0,0.0,0.0,0.0,0.0,0.0,0.0,0
funnel,,,4,monolithic,nuts_reference,monolithic,0,512,4,,,,,,,,,,16,0.2,8,,,0.9,1.2772377878427505,1.0,1.2772377878427505,1.2772377878427505,1.0,1.2067111805081367,30,1.133020393550396,1.2088433597236872,1.2772377878427505,1.3428454622626305,1.4673212766647339,"[1.1629769057035446, 1.133020393550396, 1.1851547211408615, 1.1909930631518364, 1.3827441334724426, 1.273198701441288, 1.1881829053163528, 1.237193115055561, 1.228596180677414, 1.202259086072445, 1.1803014054894447, 1.2526761293411255, 1.3447051644325256, 1.1728245466947556, 1.2600602805614471, 1.405062310397625, 1.337266355752945, 1.265455737709999, 1.314137302339077, 1.2490667924284935, 1.2843176648020744, 1.2866803333163261, 1.3150342181324959, 1.3553399592638016, 1.4157379046082497, 1.4166512042284012, 1.281276874244213, 1.334586851298809, 1.4673212766647339, 1.3565037995576859]","[1.1629769057035446, 1.133020393550396, 1.1851547211408615, 1.1909930631518364, 1.3827441334724426, 1.273198701441288, 1.1881829053163528, 1.237193115055561, 1.228596180677414, 1.202259086072445, 1.1803014054894447, 1.2526761293411255, 1.3447051644325256, 1.1728245466947556, 1.2600602805614471, 1.405062310397625, 1.337266355752945, 1.265455737709999, 1.314137302339077, 1.2490667924284935, 1.2843176648020744, 1.2866803333163261, 1.3150342181324959, 1.3553399592638016, 1.4157379046082497, 1.4166512042284012, 1.281276874244213, 1.334586851298809, 1.4673212766647339, 1.3565037995576859]",153928,4,8,153928,4,8,153928,4,8,,0,0.0,0.0,0,False,0.0,0.0,1.2772377878427505,0.0,0.0,0.0,0.0,0.0,0.0,0.0,0
funnel,,,4,bucketed,bucketed_nuts,history,64,512,4,,,,,,,,,,16,0.2,8,,,0.9,1.3802568651735783,0.9253623872989234,1.2772377878427505,1.3802568651735783,0.9253623872989234,1.3339888677001,30,1.220320738852024,1.3322164751589298,1.3802568651735783,1.4282502140849829,1.4937157779932022,"[1.4122705534100533, 1.35529475659132, 1.4569098129868507, 1.414873093366623, 1.4540180638432503, 1.4327092543244362, 1.3821129649877548, 1.2337948679924011, 1.3327736929059029, 1.220320738852024, 1.3482665941119194, 1.3320307359099388, 1.3032672330737114, 1.2345824539661407, 1.3686751201748848, 1.4625806286931038, 1.3917654305696487, 1.2477652505040169, 1.4425407573580742, 1.3784007653594017, 1.4023699685931206, 1.4937157779932022, 1.3171577453613281, 1.3187605142593384, 1.399953879415989, 1.4601112231612206, 1.4472492039203644, 1.3696378022432327, 1.3920705318450928, 1.3362209424376488]","[1.1629769057035446, 1.133020393550396, 1.1851547211408615, 1.1909930631518364, 1.3827441334724426, 1.273198701441288, 1.1881829053163528, 1.237193115055561, 1.228596180677414, 1.202259086072445, 1.1803014054894447, 1.2526761293411255, 1.3447051644325256, 1.1728245466947556, 1.2600602805614471, 1.405062310397625, 1.337266355752945, 1.265455737709999, 1.314137302339077, 1.2490667924284935, 1.2843176648020744, 1.2866803333163261, 1.3150342181324959, 1.3553399592638016, 1.4157379046082497, 1.4166512042284012, 1.281276874244213, 1.334586851298809, 1.4673212766647339, 1.3565037995576859]",153928,4,8,153928,4,8,153928,4,8,8,0,0.0,0.0,0,False,0.0,0.0,1.3802568651735783,0.0,0.0,0.0,0.0,0.0,0.0,0.0,0
funnel,,,4,bucketed,bucketed_nuts,history,128,512,4,,,,,,,,,,16,0.2,8,,,0.9,1.2695426754653454,1.0060613262760818,1.2772377878427505,1.2695426754653454,1.0060613262760818,1.2411777675151825,30,1.1878740638494492,1.2435750141739845,1.2695426754653454,1.3190835993736982,1.356488786637783,"[1.2694289088249207, 1.2444113045930862, 1.2168610617518425, 1.2634485438466072, 1.248806081712246, 1.3496893420815468, 1.313765935599804, 1.2767006009817123, 1.2290349453687668, 1.311242587864399, 1.2558026239275932, 1.1981103643774986, 1.1878740638494492, 1.336479976773262, 1.31964860111475, 1.3371135592460632, 1.3533754274249077, 1.356488786637783, 1.3173885941505432, 1.2432962507009506, 1.2552992478013039, 1.3491024002432823, 1.2239591181278229, 1.3049749284982681, 1.2414338439702988, 1.3215886056423187, 1.269045241177082, 1.2896872162818909, 1.2428777366876602, 1.2696564421057701]","[1.1629769057035446, 1.133020393550396, 1.1851547211408615, 1.1909930631518364, 1.3827441334724426, 1.273198701441288, 1.1881829053163528, 1.237193115055561, 1.228596180677414, 1.202259086072445, 1.1803014054894447, 1.2526761293411255, 1.3447051644325256, 1.1728245466947556, 1.2600602805614471, 1.405062310397625, 1.337266355752945, 1.265455737709999, 1.314137302339077, 1.2490667924284935, 1.2843176648020744, 1.2866803333163261, 1.3150342181324959, 1.3553399592638016, 1.4157379046082497, 1.4166512042284012, 1.281276874244213, 1.334586851298809, 1.4673212766647339, 1.3565037995576859]",153928,4,8,153928,4,8,153928,4,8,4,0,0.0,0.0,0,False,0.0,0.0,1.2695426754653454,0.0,0.0,0.0,0.0,0.0,0.0,0.0,0
funnel,,,4,bucketed,bucketed_nuts,last_depth,64,512,4,,,,,,,,,,16,0.2,8,,,0.9,1.499508909881115,0.8517707226854779,1.2772377878427505,1.499508909881115,0.8517707226854779,1.4701459258794785,30,1.324872225522995,1.4076668918132782,1.499508909881115,1.5943959932774305,1.757613591849804,"[1.5666498467326164, 1.439429759979248, 1.5949152708053589, 1.5928381606936455, 1.757613591849804, 1.6994554027915, 1.710393063724041, 1.4729999974370003, 1.42905293405056, 1.5442226901650429, 1.4713455811142921, 1.4395358487963676, 1.3493002951145172, 1.324872225522995, 1.404745690524578, 1.6379544362425804, 1.3715796619653702, 1.3827874064445496, 1.3699336871504784, 1.4164304956793785, 1.370726116001606, 1.3380081951618195, 1.4925766959786415, 1.5064411237835884, 1.6821286529302597, 1.633937694132328, 1.5514201074838638, 1.5712062492966652, 1.5234174132347107, 1.646383062005043]","[1.1629769057035446, 1.133020393550396, 1.1851547211408615, 1.1909930631518364, 1.3827441334724426, 1.273198701441288, 1.1881829053163528, 1.237193115055561, 1.228596180677414, 1.202259086072445, 1.1803014054894447, 1.2526761293411255, 1.3447051644325256, 1.1728245466947556, 1.2600602805614471, 1.405062310397625, 1.337266355752945, 1.265455737709999, 1.314137302339077, 1.2490667924284935, 1.2843176648020744, 1.2866803333163261, 1.3150342181324959, 1.3553399592638016, 1.4157379046082497, 1.4166512042284012, 1.281276874244213, 1.334586851298809, 1.4673212766647339, 1.3565037995576859]",153928,4,8,153928,4,8,153928,4,8,8,0,0.0,0.0,0,False,0.0,0.0,1.499508909881115,0.0,0.0,0.0,0.0,0.0,0.0,0.0,0
funnel,,,4,bucketed,bucketed_nuts,last_depth,128,512,4,,,,,,,,,,16,0.2,8,,,0.9,1.441036581993103,0.8863326606713885,1.2772377878427505,1.441036581993103,0.8863326606713885,1.5677317678928375,30,1.206683225929737,1.3714123908430338,1.441036581993103,1.5436261557042599,1.6439302414655685,"[1.5197239890694618, 1.5457600355148315, 1.3608653545379639, 1.4282335862517357, 1.4518994614481926, 1.410438984632492, 1.432289980351925, 1.4497831836342812, 1.370608538389206, 1.4914580732584, 1.5999034643173218, 1.484110489487648, 1.535191535949707, 1.5519879683852196, 1.5505985766649246, 1.5641222670674324, 1.62652188539505, 1.6439302414655685, 1.5372245162725449, 1.584920659661293, 1.4194921106100082, 1.3851865604519844, 1.3332284986972809, 1.2980614677071571, 1.3194717541337013, 1.206683225929737, 1.3738239482045174, 1.3575677573680878, 1.4151277840137482, 1.3206104710698128]","[1.1629769057035446, 1.133020393550396, 1.1851547211408615, 1.1909930631518364, 1.3827441334724426, 1.273198701441288, 1.1881829053163528, 1.237193115055561, 1.228596180677414, 1.202259086072445, 1.1803014054894447, 1.2526761293411255, 1.3447051644325256, 1.1728245466947556, 1.2600602805614471, 1.405062310397625, 1.337266355752945, 1.265455737709999, 1.314137302339077, 1.2490667924284935, 1.2843176648020744, 1.2866803333163261, 1.3150342181324959, 1.3553399592638016, 1.4157379046082497, 1.4166512042284012, 1.281276874244213, 1.334586851298809, 1.4673212766647339, 1.3565037995576859]",153928,4,8,153928,4,8,153928,4,8,4,0,0.0,0.0,0,False,0.0,0.0,1.441036581993103,0.0,0.0,0.0,0.0,0.0,0.0,0.0,0
funnel,,,0,monolithic,nuts_reference,monolithic,0,1024,4,,,,,,,,,,16,0.2,8,,,0.9,2.5636160112917423,1.0,2.5636160112917423,2.5636160112917423,1.0,5.874943271279335,30,2.366408236324787,2.5043677799403667,2.5636160112917423,2.64345021545887,2.9512711092829704,"[2.3681427389383316, 2.426559239625931, 2.526033714413643, 2.5022698417305946, 2.5787369906902313, 2.455635741353035, 2.510669305920601, 2.366408236324787, 2.619259297847748, 2.510661594569683, 2.4658863246440887, 2.439886599779129, 2.573156513273716, 2.5360885858535767, 2.4702059775590897, 2.6442190632224083, 2.6468434557318687, 2.6370207741856575, 2.6734284684062004, 2.548564098775387, 2.641143672168255, 2.624382160604, 2.6781188175082207, 2.6243893280625343, 2.553889811038971, 2.7428562566637993, 2.5540755093097687, 2.7656128108501434, 2.776113010942936, 2.9512711092829704]","[2.3681427389383316, 2.426559239625931, 2.526033714413643, 2.5022698417305946, 2.5787369906902313, 2.455635741353035, 2.510669305920601, 2.366408236324787, 2.619259297847748, 2.510661594569683, 2.4658863246440887, 2.439886599779129, 2.573156513273716, 2.5360885858535767, 2.4702059775590897, 2.6442190632224083, 2.6468434557318687, 2.6370207741856575, 2.6734284684062004, 2.548564098775387, 2.641143672168255, 2.624382160604, 2.6781188175082207, 2.6243893280625343, 2.553889811038971, 2.7428562566637993, 2.5540755093097687, 2.7656128108501434, 2.776113010942936, 2.9512711092829704]",312519,21,8,312519,21,8,312519,21,8,,0,0.0,0.0,0,False,0.0,0.0,2.5636160112917423,0.0,0.0,0.0,0.0,0.0,0.0,0.0,0
funnel,,,0,bucketed,bucketed_nuts,history,64,1024,4,,,,,,,,,,16,0.2,8,,,0.9,2.3635248504579067,1.0846579467083115,2.5636160112917423,2.3635248504579067,1.0846579467083115,4.832873456180096,30,2.056478925049305,2.2410377115011215,2.3635248504579067,2.4570287857204676,3.25093474984169,"[2.593127556145191, 2.8881367966532707, 3.25093474984169, 2.7115550190210342, 2.389448121190071, 2.5565611124038696, 2.424632489681244, 2.2302019000053406, 2.3011865615844727, 2.335648760199547, 2.334739699959755, 2.3389825373888016, 2.4819180071353912, 2.411622039973736, 2.2913736179471016, 2.368369810283184, 2.4678275510668755, 2.175946645438671, 2.240767553448677, 2.580259822309017, 2.186373606324196, 2.3630991727113724, 2.199005849659443, 2.3967281207442284, 2.363950528204441, 2.3914119824767113, 2.241848185658455, 2.056478925049305, 2.05696302652359, 2.2158383205533028]","[2.3681427389383316, 2.426559239625931, 2.526033714413643, 2.5022698417305946, 2.5787369906902313, 2.455635741353035, 2.510669305920601, 2.366408236324787, 2.619259297847748, 2.510661594569683, 2.4658863246440887, 2.439886599779129, 2.573156513273716, 2.5360885858535767, 2.4702059775590897, 2.6442190632224083, 2.6468434557318687, 2.6370207741856575, 2.6734284684062004, 2.548564098775387, 2.641143672168255, 2.624382160604, 2.6781188175082207, 2.6243893280625343, 2.553889811038971, 2.7428562566637993, 2.5540755093097687, 2.7656128108501434, 2.776113010942936, 2.9512711092829704]",312519,21,8,312519,21,8,312519,21,8,16,0,0.0,0.0,0,False,0.0,0.0,2.3635248504579067,0.0,0.0,0.0,0.0,0.0,0.0,0.0,0
funnel,,,0,bucketed,bucketed_nuts,history,128,1024,4,,,,,,,,,,16,0.2,8,,,0.9,2.064255077391863,1.2419085409400132,2.5636160112917423,2.064255077391863,1.2419085409400132,4.388326644897461,30,1.8032729998230934,1.976222351193428,2.064255077391863,2.1862198188900948,2.4866601899266243,"[2.190577022731304, 2.0027859434485435, 1.8878159373998642, 1.8531554639339447, 2.0128574073314667, 1.9379190802574158, 1.9690409004688263, 1.8032729998230934, 1.9865557625889778, 2.2085319459438324, 2.0972217693924904, 2.1258418038487434, 2.235393539071083, 2.128888577222824, 2.2040569335222244, 2.052448809146881, 2.1731482073664665, 2.0467514991760254, 2.0818692222237587, 1.9727778807282448, 2.0760613456368446, 1.910019263625145, 2.030769243836403, 2.1907843351364136, 2.118323341012001, 2.0425085201859474, 1.9149284735321999, 2.3675251081585884, 2.4457542449235916, 2.4866601899266243]","[2.3681427389383316, 2.426559239625931, 2.526033714413643, 2.5022698417305946, 2.5787369906902313, 2.455635741353035, 2.510669305920601, 2.366408236324787, 2.619259297847748, 2.510661594569683, 2.4658863246440887, 2.439886599779129, 2.573156513273716, 2.5360885858535767, 2.4702059775590897, 2.6442190632224083, 2.6468434557318687, 2.6370207741856575, 2.6734284684062004, 2.548564098775387, 2.641143672168255, 2.624382160604, 2.6781188175082207, 2.6243893280625343, 2.553889811038971, 2.7428562566637993, 2.5540755093097687, 2.7656128108501434, 2.776113010942936, 2.9512711092829704]",312519,21,8,312519,21,8,312519,21,8,8,0,0.0,0.0,0,False,0.0,0.0,2.064255077391863,0.0,0.0,0.0,0.0,0.0,0.0,0.0,0
funnel,,,0,bucketed,bucketed_nuts,last_depth,64,1024,4,,,,,,,,,,16,0.2,8,,,0.9,2.4231946617364883,1.0579488523033582,2.5636160112917423,2.4231946617364883,1.0579488523033582,2.6144137233495712,30,2.2522482573986053,2.2924617510288954,2.4231946617364883,2.6360403019934893,2.9793285354971886,"[2.2673562839627266, 2.324213959276676, 2.2740480080246925, 2.2663227915763855, 2.2522482573986053, 2.3869780376553535, 2.2755724489688873, 2.3563912510871887, 2.4094697162508965, 2.387772686779499, 2.467726454138756, 2.4369196072220802, 2.496891811490059, 2.6355219706892967, 2.2818776816129684, 2.636213079094887, 2.3799133747816086, 2.639248564839363, 2.6726348847150803, 2.736891195178032, 2.5215592458844185, 2.392239786684513, 2.7065457850694656, 2.9793285354971886, 2.83681907504797, 2.600475534796715, 2.665354736149311, 2.53256319463253, 2.2586390674114227, 2.2675725296139717]","[2.3681427389383316, 2.426559239625931, 2.526033714413643, 2.5022698417305946, 2.5787369906902313, 2.455635741353035, 2.510669305920601, 2.366408236324787, 2.619259297847748, 2.510661594569683, 2.4658863246440887, 2.439886599779129, 2.573156513273716, 2.5360885858535767, 2.4702059775590897, 2.6442190632224083, 2.6468434557318687, 2.6370207741856575, 2.6734284684062004, 2.548564098775387, 2.641143672168255, 2.624382160604, 2.6781188175082207, 2.6243893280625343, 2.553889811038971, 2.7428562566637993, 2.5540755093097687, 2.7656128108501434, 2.776113010942936, 2.9512711092829704]",312519,21,8,312519,21,8,312519,21,8,16,0,0.0,0.0,0,False,0.0,0.0,2.4231946617364883,0.0,0.0,0.0,0.0,0.0,0.0,0.0,0
funnel,,,0,bucketed,bucketed_nuts,last_depth,128,1024,4,,,,,,,,,,16,0.2,8,,,0.9,2.0998596623539925,1.2208511155540118,2.5636160112917423,2.0998596623539925,1.2208511155540118,2.0648171603679657,30,1.9562951177358627,2.0601765736937523,2.0998596623539925,2.215248517692089,2.462202697992325,"[2.032230980694294, 2.0047017633914948, 2.1636129915714264, 2.1240656599402428, 2.058417432010174, 2.1998953819274902, 2.1048883721232414, 2.462202697992325, 2.0260559022426605, 2.2171023711562157, 2.2096869572997093, 2.149531528353691, 2.0711070522665977, 2.0948309525847435, 2.3445212095975876, 2.0294954106211662, 2.0654539987444878, 2.308996893465519, 1.9562951177358627, 2.054728865623474, 2.067538797855377, 2.159654423594475, 2.29268691688776, 2.055184304714203, 2.3020912036299706, 2.3526022881269455, 2.0755495354533195, 2.2376254200935364, 2.0694130957126617, 2.0672290921211243]","[2.3681427389383316, 2.426559239625931, 2.526033714413643, 2.5022698417305946, 2.5787369906902313, 2.455635741353035, 2.510669305920601, 2.366408236324787, 2.619259297847748, 2.510661594569683, 2.4658863246440887, 2.439886599779129, 2.573156513273716, 2.5360885858535767, 2.4702059775590897, 2.6442190632224083, 2.6468434557318687, 2.6370207741856575, 2.6734284684062004, 2.548564098775387, 2.641143672168255, 2.624382160604, 2.6781188175082207, 2.6243893280625343, 2.553889811038971, 2.7428562566637993, 2.5540755093097687, 2.7656128108501434, 2.776113010942936, 2.9512711092829704]",312519,21,8,312519,21,8,312519,21,8,8,0,0.0,0.0,0,False,0.0,0.0,2.0998596623539925,0.0,0.0,0.0,0.0,0.0,0.0,0.0,0
funnel,,,1,monolithic,nuts_reference,monolithic,0,1024,4,,,,,,,,,,16,0.2,8,,,0.9,2.649714518338442,1.0,2.649714518338442,2.649714518338442,1.0,2.608460985124111,30,2.440031036734581,2.560435440391302,2.649714518338442,2.7142575085163116,2.974741593003273,"[2.586810126900673, 2.5977449640631676, 2.7736651673913, 2.686927132308483, 2.71790761500597, 2.655592381954193, 2.7981812730431557, 2.974741593003273, 2.6963361352682114, 2.6604815796017647, 2.440031036734581, 2.4866039007902145, 2.790698267519474, 2.7033071890473366, 2.4861380606889725, 2.517732970416546, 2.64453162252903, 2.5071949437260628, 2.6012701839208603, 2.638118475675583, 2.532691568136215, 2.6206262707710266, 2.6452499628067017, 2.6761434450745583, 2.551299124956131, 2.8024291917681694, 2.654179073870182, 2.551643878221512, 2.7554072961211205, 2.8437496945261955]","[2.586810126900673, 2.5977449640631676, 2.7736651673913, 2.686927132308483, 2.71790761500597, 2.655592381954193, 2.7981812730431557, 2.974741593003273, 2.6963361352682114, 2.6604815796017647, 2.440031036734581, 2.4866039007902145, 2.790698267519474, 2.7033071890473366, 2.4861380606889725, 2.517732970416546, 2.64453162252903, 2.5071949437260628, 2.6012701839208603, 2.638118475675583, 2.532691568136215, 2.6206262707710266, 2.6452499628067017, 2.6761434450745583, 2.551299124956131, 2.8024291917681694, 2.654179073870182, 2.551643878221512, 2.7554072961211205, 2.8437496945261955]",306539,31,8,306539,31,8,306539,31,8,,0,0.0,0.0,0,False,0.0,0.0,2.649714518338442,0.0,0.0,0.0,0.0,0.0,0.0,0.0,0
funnel,,,1,bucketed,bucketed_nuts,history,64,1024,4,,,,,,,,,,16,0.2,8,,,0.9,2.1914601773023605,1.2091091345315625,2.649714518338442,2.1914601773023605,1.2091091345315625,2.5477741733193398,30,1.9265134930610657,2.0811799485236406,2.1914601773023605,2.2992610093206167,2.5031555742025375,"[2.3010701537132263, 2.293833576142788, 2.039534315466881, 2.0977675169706345, 1.9265134930610657, 2.0756507590413094, 2.1138204857707024, 2.226500354707241, 2.0695337504148483, 2.042597383260727, 2.1707882583141327, 2.3420727029442787, 2.2077321857213974, 2.5031555742025375, 2.2132494896650314, 1.991639755666256, 2.2650278732180595, 2.1148551926016808, 2.056124337017536, 2.2125243321061134, 2.06402026116848, 2.139999099075794, 2.1627717539668083, 2.186280719935894, 2.196639634668827, 2.464376650750637, 2.4406131729483604, 2.3347861766815186, 2.3168368190526962, 2.309432230889797]","[2.586810126900673, 2.5977449640631676, 2.7736651673913, 2.686927132308483, 2.71790761500597, 2.655592381954193, 2.7981812730431557, 2.974741593003273, 2.6963361352682114, 2.6604815796017647, 2.440031036734581, 2.4866039007902145, 2.790698267519474, 2.7033071890473366, 2.4861380606889725, 2.517732970416546, 2.64453162252903, 2.5071949437260628, 2.6012701839208603, 2.638118475675583, 2.532691568136215, 2.6206262707710266, 2.6452499628067017, 2.6761434450745583, 2.551299124956131, 2.8024291917681694, 2.654179073870182, 2.551643878221512, 2.7554072961211205, 2.8437496945261955]",306539,31,8,306539,31,8,306539,31,8,16,0,0.0,0.0,0,False,0.0,0.0,2.1914601773023605,0.0,0.0,0.0,0.0,0.0,0.0,0.0,0
funnel,,,1,bucketed,bucketed_nuts,history,128,1024,4,,,,,,,,,,16,0.2,8,,,0.9,2.020277127623558,1.3115599251748635,2.649714518338442,2.020277127623558,1.3115599251748635,1.917591132223606,30,1.828956387937069,1.952239777892828,2.020277127623558,2.1296954341232777,2.403290368616581,"[1.9948293790221214, 2.12383870780468, 2.160863444209099, 2.242575414478779, 2.403290368616581, 2.1363406479358673, 1.939584843814373, 1.9074146896600723, 1.9822929501533508, 1.8372980207204819, 1.828956387937069, 1.848480649292469, 1.864845260977745, 1.8991248980164528, 1.9478660747408867, 2.0078818425536156, 2.147530548274517, 1.9653608873486519, 2.080950900912285, 2.0236403048038483, 2.0579970702528954, 2.118339128792286, 2.041193500161171, 2.0133778899908066, 2.2470843717455864, 2.075311541557312, 2.131647676229477, 2.1547934859991074, 2.016913950443268, 2.00344081223011]","[2.586810126900673, 2.5977449640631676, 2.7736651673913, 2.686927132308483, 2.71790761500597, 2.655592381954193, 2.7981812730431557, 2.974741593003273, 2.6963361352682114, 2.6604815796017647, 2.440031036734581, 2.4866039007902145, 2.790698267519474, 2.7033071890473366, 2.4861380606889725, 2.517732970416546, 2.64453162252903, 2.5071949437260628, 2.6012701839208603, 2.638118475675583, 2.532691568136215, 2.6206262707710266, 2.6452499628067017, 2.6761434450745583, 2.551299124956131, 2.8024291917681694, 2.654179073870182, 2.551643878221512, 2.7554072961211205, 2.8437496945261955]",306539,31,8,306539,31,8,306539,31,8,8,0,0.0,0.0,0,False,0.0,0.0,2.020277127623558,0.0,0.0,0.0,0.0,0.0,0.0,0.0,0
funnel,,,1,bucketed,bucketed_nuts,last_depth,64,1024,4,,,,,,,,,,16,0.2,8,,,0.9,2.259082518517971,1.1729162155956736,2.649714518338442,2.259082518517971,1.1729162155956736,2.490352340042591,30,1.9583161175251007,2.180533355101943,2.259082518517971,2.363922568038106,2.7007952332496643,"[2.392312489449978, 2.3345407992601395, 2.358695328235626, 2.365664981305599, 2.5278921648859978, 2.24837264418602, 2.2740430906414986, 2.1862552165985107, 2.4547162130475044, 2.176627866923809, 2.2582958713173866, 2.062705807387829, 2.1987093091011047, 2.0726532340049744, 2.4624137058854103, 2.3400653451681137, 2.1246044039726257, 2.2598691657185555, 2.3522128760814667, 2.388793133199215, 2.7007952332496643, 2.6379349902272224, 2.2200776115059853, 2.1786260679364204, 2.238568350672722, 1.9583161175251007, 2.1136127188801765, 2.2931262850761414, 2.253176763653755, 2.1482438892126083]","[2.586810126900673, 2.5977449640631676, 2.7736651673913, 2.686927132308483, 2.71790761500597, 2.655592381954193, 2.7981812730431557, 2.974741593003273, 2.6963361352682114, 2.6604815796017647, 2.440031036734581, 2.4866039007902145, 2.790698267519474, 2.7033071890473366, 2.4861380606889725, 2.517732970416546, 2.64453162252903, 2.5071949437260628, 2.6012701839208603, 2.638118475675583, 2.532691568136215, 2.6206262707710266, 2.6452499628067017, 2.6761434450745583, 2.551299124956131, 2.8024291917681694, 2.654179073870182, 2.551643878221512, 2.7554072961211205, 2.8437496945261955]",306539,31,8,306539,31,8,306539,31,8,16,0,0.0,0.0,0,False,0.0,0.0,2.259082518517971,0.0,0.0,0.0,0.0,0.0,0.0,0.0,0
funnel,,,1,bucketed,bucketed_nuts,last_depth,128,1024,4,,,,,,,,,,16,0.2,8,,,0.9,2.1420025192201138,1.2370267983172971,2.649714518338442,2.1420025192201138,1.2370267983172971,2.009885422885418,30,1.8935137391090393,2.057765744626522,2.1420025192201138,2.198782892897725,2.447803772985935,"[2.101332664489746, 1.9530312195420265, 2.1199380680918694, 1.9590583369135857, 2.055994100868702, 1.9855222776532173, 2.1349479034543037, 1.8935137391090393, 2.159268319606781, 2.447803772985935, 2.1477228477597237, 2.3046618923544884, 2.017374701797962, 2.136282190680504, 2.0230073630809784, 2.1748636811971664, 2.324375793337822, 2.194542571902275, 2.3340602219104767, 2.246675781905651, 2.019878402352333, 2.1061258390545845, 2.076177053153515, 2.4308271184563637, 2.1811902225017548, 2.1605847775936127, 2.0630806758999825, 2.194182015955448, 2.2373869866132736, 2.200196333229542]","[2.586810126900673, 2.5977449640631676, 2.7736651673913, 2.686927132308483, 2.71790761500597, 2.655592381954193, 2.7981812730431557, 2.974741593003273, 2.6963361352682114, 2.6604815796017647, 2.440031036734581, 2.4866039007902145, 2.790698267519474, 2.7033071890473366, 2.4861380606889725, 2.517732970416546, 2.64453162252903, 2.5071949437260628, 2.6012701839208603, 2.638118475675583, 2.532691568136215, 2.6206262707710266, 2.6452499628067017, 2.6761434450745583, 2.551299124956131, 2.8024291917681694, 2.654179073870182, 2.551643878221512, 2.7554072961211205, 2.8437496945261955]",306539,31,8,306539,31,8,306539,31,8,8,0,0.0,0.0,0,False,0.0,0.0,2.1420025192201138,0.0,0.0,0.0,0.0,0.0,0.0,0.0,0
funnel,,,2,monolithic,nuts_reference,monolithic,0,1024,4,,,,,,,,,,16,0.2,8,,,0.9,2.7370608747005463,1.0,2.7370608747005463,2.7370608747005463,1.0,2.679087109863758,30,2.509825110435486,2.6718797720968723,2.7370608747005463,2.8098668921738863,3.0491748452186584,"[2.772590033710003, 2.9199933111667633, 3.0491748452186584, 2.715550050139427, 2.8205316215753555, 2.7618356496095657, 2.7417979165911674, 2.6939769610762596, 2.5936036109924316, 2.8974105939269066, 3.0125862136483192, 2.7951654195785522, 2.736240975558758, 2.612112022936344, 2.6775268837809563, 2.5820532962679863, 2.509825110435486, 2.7378807738423347, 2.719807155430317, 2.7681089267134666, 2.809388190507889, 2.669997401535511, 2.843833975493908, 2.6923142299056053, 2.6478318497538567, 2.7185668498277664, 2.569815970957279, 2.5171185433864594, 2.8100264593958855, 2.827650547027588]","[2.772590033710003, 2.9199933111667633, 3.0491748452186584, 2.715550050139427, 2.8205316215753555, 2.7618356496095657, 2.7417979165911674, 2.6939769610762596, 2.5936036109924316, 2.8974105939269066, 3.0125862136483192, 2.7951654195785522, 2.736240975558758, 2.612112022936344, 2.6775268837809563, 2.5820532962679863, 2.509825110435486, 2.7378807738423347, 2.719807155430317, 2.7681089267134666, 2.809388190507889, 2.669997401535511, 2.843833975493908, 2.6923142299056053, 2.6478318497538567, 2.7185668498277664, 2.569815970957279, 2.5171185433864594, 2.8100264593958855, 2.827650547027588]",304157,24,8,304157,24,8,304157,24,8,,0,0.0,0.0,0,False,0.0,0.0,2.7370608747005463,0.0,0.0,0.0,0.0,0.0,0.0,0.0,0
funnel,,,2,bucketed,bucketed_nuts,history,64,1024,4,,,,,,,,,,16,0.2,8,,,0.9,2.208461355417967,1.239351944278209,2.7370608747005463,2.208461355417967,1.239351944278209,2.118298403918743,30,1.9169437065720558,2.082282643765211,2.208461355417967,2.383051570504904,2.7350150868296623,"[2.387022040784359, 2.527130849659443, 2.5156683325767517, 2.327854745090008, 2.4100546091794968, 2.3711401596665382, 2.5405885577201843, 2.7350150868296623, 2.559235319495201, 2.1474114656448364, 2.1468219459056854, 2.3683197125792503, 2.3056560680270195, 2.2466132268309593, 2.1428984701633453, 1.9169437065720558, 2.1948555186390877, 2.421497091650963, 2.115813262760639, 2.222067192196846, 2.283133551478386, 2.0114598870277405, 2.0799288004636765, 2.089344173669815, 1.954030655324459, 2.0115793645381927, 2.0212804824113846, 1.9318295121192932, 2.048970527946949, 2.1757361441850662]","[2.772590033710003, 2.9199933111667633, 3.0491748452186584, 2.715550050139427, 2.8205316215753555, 2.7618356496095657, 2.7417979165911674, 2.6939769610762596, 2.5936036109924316, 2.8974105939269066, 3.0125862136483192, 2.7951654195785522, 2.736240975558758, 2.612112022936344, 2.6775268837809563, 2.5820532962679863, 2.509825110435486, 2.7378807738423347, 2.719807155430317, 2.7681089267134666, 2.809388190507889, 2.669997401535511, 2.843833975493908, 2.6923142299056053, 2.6478318497538567, 2.7185668498277664, 2.569815970957279, 2.5171185433864594, 2.8100264593958855, 2.827650547027588]",304157,24,8,304157,24,8,304157,24,8,16,0,0.0,0.0,0,False,0.0,0.0,2.208461355417967,0.0,0.0,0.0,0.0,0.0,0.0,0.0,0
funnel,,,2,bucketed,bucketed_nuts,history,128,1024,4,,,,,,,,,,16,0.2,8,,,0.9,1.936806544661522,1.413182376032748,2.7370608747005463,1.936806544661522,1.413182376032748,1.9451146721839905,30,1.7031520903110504,1.8645784258842468,1.936806544661522,2.049720337614417,2.294415846467018,"[1.858899138867855, 1.780366912484169, 1.9182772487401962, 1.7031520903110504, 1.736732043325901, 1.8878845646977425, 1.7661807090044022, 1.8172159269452095, 1.8089899644255638, 1.802172690629959, 1.881616286933422, 1.9830763339996338, 2.050298750400543, 2.0479850992560387, 1.8876441717147827, 1.9037707671523094, 2.1028579249978065, 2.096408635377884, 1.9593103751540184, 2.0626644864678383, 2.1270861998200417, 1.9730466231703758, 2.0571700781583786, 2.107461392879486, 1.9320057034492493, 1.9685843214392662, 1.9914140552282333, 1.9416073858737946, 2.294415846467018, 1.9234161525964737]","[2.772590033710003, 2.9199933111667633, 3.0491748452186584, 2.715550050139427, 2.8205316215753555, 2.7618356496095657, 2.7417979165911674, 2.6939769610762596, 2.5936036109924316, 2.8974105939269066, 3.0125862136483192, 2.7951654195785522, 2.736240975558758, 2.612112022936344, 2.6775268837809563, 2.5820532962679863, 2.509825110435486, 2.7378807738423347, 2.719807155430317, 2.7681089267134666, 2.809388190507889, 2.669997401535511, 2.843833975493908, 2.6923142299056053, 2.6478318497538567, 2.7185668498277664, 2.569815970957279, 2.5171185433864594, 2.8100264593958855, 2.827650547027588]",304157,24,8,304157,24,8,304157,24,8,8,0,0.0,0.0,0,False,0.0,0.0,1.936806544661522,0.0,0.0,0.0,0.0,0.0,0.0,0.0,0
funnel,,,2,bucketed,bucketed_nuts,last_depth,64,1024,4,,,,,,,,,,16,0.2,8,,,0.9,2.336454264819622,1.1714592131816677,2.7370608747005463,2.336454264819622,1.1714592131816677,2.4535155296325684,30,2.1823017075657845,2.2755471654236317,2.336454264819622,2.5638490207493305,3.00399549305439,"[2.4525937661528587, 2.331577107310295, 2.341331422328949, 2.234532617032528, 2.196103014051914, 2.1823017075657845, 2.2746000587940216, 2.2869510650634766, 2.1945239156484604, 2.24260888248682, 2.289143033325672, 2.5289257615804672, 2.300877407193184, 2.5338708758354187, 2.585567206144333, 2.5738417357206345, 2.6144253239035606, 2.6503411307930946, 2.466800257563591, 2.7292375043034554, 2.6193702965974808, 3.00399549305439, 2.862873710691929, 2.278388485312462, 2.2660963907837868, 2.3563045412302017, 2.198633186519146, 2.3076505586504936, 2.464601568877697, 2.3164941668510437]","[2.772590033710003, 2.9199933111667633, 3.0491748452186584, 2.715550050139427, 2.8205316215753555, 2.7618356496095657, 2.7417979165911674, 2.6939769610762596, 2.5936036109924316, 2.8974105939269066, 3.0125862136483192, 2.7951654195785522, 2.736240975558758, 2.612112022936344, 2.6775268837809563, 2.5820532962679863, 2.509825110435486, 2.7378807738423347, 2.719807155430317, 2.7681089267134666, 2.809388190507889, 2.669997401535511, 2.843833975493908, 2.6923142299056053, 2.6478318497538567, 2.7185668498277664, 2.569815970957279, 2.5171185433864594, 2.8100264593958855, 2.827650547027588]",304157,24,8,304157,24,8,304157,24,8,16,0,0.0,0.0,0,False,0.0,0.0,2.336454264819622,0.0,0.0,0.0,0.0,0.0,0.0,0.0,0
funnel,,,2,bucketed,bucketed_nuts,last_depth,128,1024,4,,,,,,,,,,16,0.2,8,,,0.9,2.13512372225523,1.281921439104952,2.7370608747005463,2.13512372225523,1.281921439104952,1.9886486306786537,30,1.9811735227704048,2.0648223515599966,2.13512372225523,2.2333329431712627,2.5064166486263275,"[2.037183791399002, 2.006566248834133, 2.0309511944651604, 2.498856484889984, 2.132274352014065, 2.1260863840579987, 2.027584068477154, 2.15623739361763, 2.1998704746365547, 2.078554503619671, 2.1986992359161377, 2.003471054136753, 2.0624114274978638, 2.137973092496395, 2.187514826655388, 2.138956218957901, 2.072055123746395, 2.5064166486263275, 2.412267990410328, 2.295009471476078, 2.1250360161066055, 2.197906017303467, 2.36547739058733, 2.09506319463253, 2.398642048239708, 2.4378575459122658, 2.2444870993494987, 1.9811735227704048, 2.0770864114165306, 2.0616592839360237]","[2.772590033710003, 2.9199933111667633, 3.0491748452186584, 2.715550050139427, 2.8205316215753555, 2.7618356496095657, 2.7417979165911674, 2.6939769610762596, 2.5936036109924316, 2.8974105939269066, 3.0125862136483192, 2.7951654195785522, 2.736240975558758, 2.612112022936344, 2.6775268837809563, 2.5820532962679863, 2.509825110435486, 2.7378807738423347, 2.719807155430317, 2.7681089267134666, 2.809388190507889, 2.669997401535511, 2.843833975493908, 2.6923142299056053, 2.6478318497538567, 2.7185668498277664, 2.569815970957279, 2.5171185433864594, 2.8100264593958855, 2.827650547027588]",304157,24,8,304157,24,8,304157,24,8,8,0,0.0,0.0,0,False,0.0,0.0,2.13512372225523,0.0,0.0,0.0,0.0,0.0,0.0,0.0,0
funnel,,,3,monolithic,nuts_reference,monolithic,0,1024,4,,,,,,,,,,16,0.2,8,,,0.9,2.887003656476736,1.0,2.887003656476736,2.887003656476736,1.0,3.007952742278576,30,2.6644715294241905,2.776377635076642,2.887003656476736,3.0125677343457937,3.180356703698635,"[3.028168335556984, 2.725962057709694, 2.7512871772050858, 3.102629080414772, 2.8786578848958015, 2.685130476951599, 3.0162907987833023, 3.1039160266518593, 2.852642811834812, 2.6644715294241905, 2.9796804562211037, 3.068079434335232, 2.974084824323654, 2.6944246515631676, 2.7716803774237633, 3.001398541033268, 2.9867550283670425, 2.748800612986088, 2.8953494280576706, 2.827565521001816, 3.097385600209236, 3.180356703698635, 2.925989829003811, 2.7904694080352783, 2.766869254410267, 2.8119148164987564, 2.810019552707672, 2.942275159060955, 2.8076321706175804, 3.0742349475622177]","[3.028168335556984, 2.725962057709694, 2.7512871772050858, 3.102629080414772, 2.8786578848958015, 2.685130476951599, 3.0162907987833023, 3.1039160266518593, 2.852642811834812, 2.6644715294241905, 2.9796804562211037, 3.068079434335232, 2.974084824323654, 2.6944246515631676, 2.7716803774237633, 3.001398541033268, 2.9867550283670425, 2.748800612986088, 2.8953494280576706, 2.827565521001816, 3.097385600209236, 3.180356703698635, 2.925989829003811, 2.7904694080352783, 2.766869254410267, 2.8119148164987564, 2.810019552707672, 2.942275159060955, 2.8076321706175804, 3.0742349475622177]",305680,26,8,305680,26,8,305680,26,8,,0,0.0,0.0,0,False,0.0,0.0,2.887003656476736,0.0,0.0,0.0,0.0,0.0,0.0,0.0,0
funnel,,,3,bucketed,bucketed_nuts,history,64,1024,4,,,,,,,,,,16,0.2,8,,,0.9,2.2573547959327698,1.2789321650625978,2.887003656476736,2.2573547959327698,1.2789321650625978,2.435599409043789,30,1.9359807223081589,2.1490849666297436,2.2573547959327698,2.3707687612622976,2.5933445766568184,"[2.5933445766568184, 2.542641967535019, 2.411194823682308, 2.2336551174521446, 2.2757584899663925, 2.3025591149926186, 2.2839992344379425, 2.0824313685297966, 2.3573417738080025, 2.1078729555010796, 2.150139443576336, 2.37590628862381, 2.148733474314213, 2.1425983980298042, 2.4417538195848465, 2.231731690466404, 2.3637071698904037, 2.1820220947265625, 1.9909665435552597, 2.2806360572576523, 2.224583573639393, 2.1558444797992706, 2.2584879472851753, 1.9851424917578697, 1.9359807223081589, 2.104462519288063, 2.373122625052929, 2.4752633050084114, 2.2562216445803642, 2.449110373854637]","[3.028168335556984, 2.725962057709694, 2.7512871772050858, 3.102629080414772, 2.8786578848958015, 2.685130476951599, 3.0162907987833023, 3.1039160266518593, 2.852642811834812, 2.6644715294241905, 2.9796804562211037, 3.068079434335232, 2.974084824323654, 2.6944246515631676, 2.7716803774237633, 3.001398541033268, 2.9867550283670425, 2.748800612986088, 2.8953494280576706, 2.827565521001816, 3.097385600209236, 3.180356703698635, 2.925989829003811, 2.7904694080352783, 2.766869254410267, 2.8119148164987564, 2.810019552707672, 2.942275159060955, 2.8076321706175804, 3.0742349475622177]",305680,26,8,305680,26,8,305680,26,8,16,0,0.0,0.0,0,False,0.0,0.0,2.2573547959327698,0.0,0.0,0.0,0.0,0.0,0.0,0.0,0
funnel,,,3,bucketed,bucketed_nuts,history,128,1024,4,,,,,,,,,,16,0.2,8,,,0.9,2.0739434100687504,1.3920358879903252,2.887003656476736,2.0739434100687504,1.3920358879903252,1.9757782593369484,30,1.8057960122823715,1.9767235666513443,2.0739434100687504,2.1423661205917597,2.356309160590172,"[1.8548969104886055, 1.8194227293133736, 1.9843196794390678, 1.8057960122823715, 1.9425223842263222, 2.1457264721393585, 2.1164897456765175, 2.0806296318769455, 2.036669872701168, 1.9530665799975395, 2.0890419706702232, 2.2203935608267784, 2.2057792246341705, 2.238273501396179, 2.3298744782805443, 2.285506546497345, 2.1035158932209015, 2.0672571882605553, 1.9176890775561333, 2.0226431787014008, 2.124353565275669, 2.132285065948963, 2.0262075662612915, 1.9574232921004295, 2.356309160590172, 2.3284670561552048, 1.9790146201848984, 2.097049541771412, 1.9759598821401596, 1.9842174798250198]","[3.028168335556984, 2.725962057709694, 2.7512871772050858, 3.102629080414772, 2.8786578848958015, 2.685130476951599, 3.0162907987833023, 3.1039160266518593, 2.852642811834812, 2.6644715294241905, 2.9796804562211037, 3.068079434335232, 2.974084824323654, 2.6944246515631676, 2.7716803774237633, 3.001398541033268, 2.9867550283670425, 2.748800612986088, 2.8953494280576706, 2.827565521001816, 3.097385600209236, 3.180356703698635, 2.925989829003811, 2.7904694080352783, 2.766869254410267, 2.8119148164987564, 2.810019552707672, 2.942275159060955, 2.8076321706175804, 3.0742349475622177]",305680,26,8,305680,26,8,305680,26,8,8,0,0.0,0.0,0,False,0.0,0.0,2.0739434100687504,0.0,0.0,0.0,0.0,0.0,0.0,0.0,0
funnel,,,3,bucketed,bucketed_nuts,last_depth,64,1024,4,,,,,,,,,,16,0.2,8,,,0.9,2.488480396568775,1.1601472370276502,2.887003656476736,2.488480396568775,1.1601472370276502,2.4958401918411255,30,2.294463597238064,2.385170381516218,2.488480396568775,2.576798180118203,2.7282046750187874,"[2.4104590490460396, 2.4954624325037003, 2.684087097644806, 2.56169643253088, 2.7282046750187874, 2.4185340479016304, 2.48149836063385, 2.318404145538807, 2.3716899529099464, 2.4735101610422134, 2.554489105939865, 2.3286444321274757, 2.6992920488119125, 2.3705444261431694, 2.381041005253792, 2.294463597238064, 2.5020982697606087, 2.4477157592773438, 2.627067096531391, 2.5190838798880577, 2.508422739803791, 2.3975585103034973, 2.431421123445034, 2.627504199743271, 2.5818320959806442, 2.5883864164352417, 2.5477962866425514, 2.642206095159054, 2.3529695346951485, 2.341740347445011]","[3.028168335556984, 2.725962057709694, 2.7512871772050858, 3.102629080414772, 2.8786578848958015, 2.685130476951599, 3.0162907987833023, 3.1039160266518593, 2.852642811834812, 2.6644715294241905, 2.9796804562211037, 3.068079434335232, 2.974084824323654, 2.6944246515631676, 2.7716803774237633, 3.001398541033268, 2.9867550283670425, 2.748800612986088, 2.8953494280576706, 2.827565521001816, 3.097385600209236, 3.180356703698635, 2.925989829003811, 2.7904694080352783, 2.766869254410267, 2.8119148164987564, 2.810019552707672, 2.942275159060955, 2.8076321706175804, 3.0742349475622177]",305680,26,8,305680,26,8,305680,26,8,16,0,0.0,0.0,0,False,0.0,0.0,2.488480396568775,0.0,0.0,0.0,0.0,0.0,0.0,0.0,0
funnel,,,3,bucketed,bucketed_nuts,last_depth,128,1024,4,,,,,,,,,,16,0.2,8,,,0.9,2.3241793736815453,1.2421604326965807,2.887003656476736,2.3241793736815453,1.2421604326965807,2.2290582060813904,30,2.1098660826683044,2.2291416954249144,2.3241793736815453,2.401324901729822,2.671093501150608,"[2.4053998067975044, 2.189039260149002, 2.1892511397600174, 2.332100085914135, 2.1098660826683044, 2.2672976329922676, 2.252107933163643, 2.2460331320762634, 2.1462996006011963, 2.3388895615935326, 2.2253073155879974, 2.171283297240734, 2.438195578753948, 2.600060887634754, 2.5074137300252914, 2.370424836874008, 2.377940632402897, 2.1430960670113564, 2.4177485778927803, 2.4128991290926933, 2.377666339278221, 2.2507565692067146, 2.33615443110466, 2.3891001865267754, 2.240644834935665, 2.223522149026394, 2.3162586614489555, 2.260668896138668, 2.623253233730793, 2.671093501150608]","[3.028168335556984, 2.725962057709694, 2.7512871772050858, 3.102629080414772, 2.8786578848958015, 2.685130476951599, 3.0162907987833023, 3.1039160266518593, 2.852642811834812, 2.6644715294241905, 2.9796804562211037, 3.068079434335232, 2.974084824323654, 2.6944246515631676, 2.7716803774237633, 3.001398541033268, 2.9867550283670425, 2.748800612986088, 2.8953494280576706, 2.827565521001816, 3.097385600209236, 3.180356703698635, 2.925989829003811, 2.7904694080352783, 2.766869254410267, 2.8119148164987564, 2.810019552707672, 2.942275159060955, 2.8076321706175804, 3.0742349475622177]",305680,26,8,305680,26,8,305680,26,8,8,0,0.0,0.0,0,False,0.0,0.0,2.3241793736815453,0.0,0.0,0.0,0.0,0.0,0.0,0.0,0
funnel,,,4,monolithic,nuts_reference,monolithic,0,1024,4,,,,,,,,,,16,0.2,8,,,0.9,2.622508179396391,1.0,2.622508179396391,2.622508179396391,1.0,2.81412373483181,30,2.439011327922344,2.566709788516164,2.622508179396391,2.755671326071024,2.838357426226139,"[2.7847957387566566, 2.8131533563137054, 2.696809619665146, 2.762746222317219, 2.668801560997963, 2.594960540533066, 2.82781945168972, 2.5658695474267006, 2.525255151093006, 2.767545998096466, 2.542638137936592, 2.4830882102251053, 2.582665480673313, 2.6732586696743965, 2.610538497567177, 2.670724131166935, 2.634477861225605, 2.5582803040742874, 2.439011327922344, 2.5692305117845535, 2.6383299380540848, 2.778956763446331, 2.796832926571369, 2.6099401339888573, 2.4649362564086914, 2.5241706892848015, 2.577410653233528, 2.5806925669312477, 2.7344466373324394, 2.838357426226139]","[2.7847957387566566, 2.8131533563137054, 2.696809619665146, 2.762746222317219, 2.668801560997963, 2.594960540533066, 2.82781945168972, 2.5658695474267006, 2.525255151093006, 2.767545998096466, 2.542638137936592, 2.4830882102251053, 2.582665480673313, 2.6732586696743965, 2.610538497567177, 2.670724131166935, 2.634477861225605, 2.5582803040742874, 2.439011327922344, 2.5692305117845535, 2.6383299380540848, 2.778956763446331, 2.796832926571369, 2.6099401339888573, 2.4649362564086914, 2.5241706892848015, 2.577410653233528, 2.5806925669312477, 2.7344466373324394, 2.838357426226139]",306606,14,8,306606,14,8,306606,14,8,,0,0.0,0.0,0,False,0.0,0.0,2.622508179396391,0.0,0.0,0.0,0.0,0.0,0.0,0.0,0
funnel,,,4,bucketed,bucketed_nuts,history,64,1024,4,,,,,,,,,,16,0.2,8,,,0.9,2.2715716250240803,1.1544906400953088,2.622508179396391,2.2715716250240803,1.1544906400953088,2.3246471732854843,30,2.035310335457325,2.1550254467874765,2.2715716250240803,2.4040781166404486,2.592320017516613,"[2.04659840464592, 2.118327274918556, 2.12778839468956, 2.2562577053904533, 2.27350515127182, 2.1546766459941864, 2.0451508164405823, 2.378847934305668, 2.156071849167347, 2.4370132237672806, 2.52243535220623, 2.592320017516613, 2.381480075418949, 2.4407103285193443, 2.461593344807625, 2.3636835142970085, 2.5347472950816154, 2.2841069102287292, 2.411610797047615, 2.2474811375141144, 2.247476100921631, 2.121381439268589, 2.035310335457325, 2.2696380987763405, 2.568891406059265, 2.1178479120135307, 2.2019897773861885, 2.3777947202324867, 2.1727835834026337, 2.3206521198153496]","[2.7847957387566566, 2.8131533563137054, 2.696809619665146, 2.762746222317219, 2.668801560997963, 2.594960540533066, 2.82781945168972, 2.5658695474267006, 2.525255151093006, 2.767545998096466, 2.542638137936592, 2.4830882102251053, 2.582665480673313, 2.6732586696743965, 2.610538497567177, 2.670724131166935, 2.634477861225605, 2.5582803040742874, 2.439011327922344, 2.5692305117845535, 2.6383299380540848, 2.778956763446331, 2.796832926571369, 2.6099401339888573, 2.4649362564086914, 2.5241706892848015, 2.577410653233528, 2.5806925669312477, 2.7344466373324394, 2.838357426226139]",306606,14,8,306606,14,8,306606,14,8,16,0,0.0,0.0,0,False,0.0,0.0,2.2715716250240803,0.0,0.0,0.0,0.0,0.0,0.0,0.0,0
funnel,,,4,bucketed,bucketed_nuts,history,128,1024,4,,,,,,,,,,16,0.2,8,,,0.9,2.0809498839080334,1.2602457174371295,2.622508179396391,2.0809498839080334,1.2602457174371295,1.860255628824234,30,1.8469313010573387,1.9791734851896763,2.0809498839080334,2.1745467334985733,2.380100578069687,"[1.9927430748939514, 2.1486083269119263, 2.2241278514266014, 2.1680371686816216, 2.3061557710170746, 1.9452912881970406, 1.96795304864645, 1.9342522025108337, 2.0775571390986443, 2.233761489391327, 2.176716588437557, 2.109745718538761, 1.9800567254424095, 2.1956038996577263, 1.9404234066605568, 2.008799985051155, 2.1357922926545143, 2.005486287176609, 1.9788790717720985, 1.8722990080714226, 2.1878770291805267, 2.380100578069687, 1.9877208471298218, 2.1216067150235176, 2.142152912914753, 2.0843426287174225, 2.1918445006012917, 2.004714474081993, 1.9340307265520096, 1.8469313010573387]","[2.7847957387566566, 2.8131533563137054, 2.696809619665146, 2.762746222317219, 2.668801560997963, 2.594960540533066, 2.82781945168972, 2.5658695474267006, 2.525255151093006, 2.767545998096466, 2.542638137936592, 2.4830882102251053, 2.582665480673313, 2.6732586696743965, 2.610538497567177, 2.670724131166935, 2.634477861225605, 2.5582803040742874, 2.439011327922344, 2.5692305117845535, 2.6383299380540848, 2.778956763446331, 2.796832926571369, 2.6099401339888573, 2.4649362564086914, 2.5241706892848015, 2.577410653233528, 2.5806925669312477, 2.7344466373324394, 2.838357426226139]",306606,14,8,306606,14,8,306606,14,8,8,0,0.0,0.0,0,False,0.0,0.0,2.0809498839080334,0.0,0.0,0.0,0.0,0.0,0.0,0.0,0
funnel,,,4,bucketed,bucketed_nuts,last_depth,64,1024,4,,,,,,,,,,16,0.2,8,,,0.9,2.490822419524193,1.0528683854938776,2.622508179396391,2.490822419524193,1.0528683854938776,2.4716859087347984,30,2.284927226603031,2.3922837898135185,2.490822419524193,2.558274546638131,2.8882837891578674,"[2.3286280184984207, 2.530611142516136, 2.3871095404028893, 2.352445960044861, 2.549369841814041, 2.638216331601143, 2.58582516759634, 2.710666202008724, 2.495477981865406, 2.3078813552856445, 2.4933735132217407, 2.4870093911886215, 2.397779233753681, 2.6350929215550423, 2.488271325826645, 2.8882837891578674, 2.788619339466095, 2.613714061677456, 2.5612427815794945, 2.501813806593418, 2.5034715607762337, 2.4307300448417664, 2.48613141477108, 2.512565776705742, 2.3664408773183823, 2.403700016438961, 2.284927226603031, 2.3787854686379433, 2.3904519751667976, 2.4864318296313286]","[2.7847957387566566, 2.8131533563137054, 2.696809619665146, 2.762746222317219, 2.668801560997963, 2.594960540533066, 2.82781945168972, 2.5658695474267006, 2.525255151093006, 2.767545998096466, 2.542638137936592, 2.4830882102251053, 2.582665480673313, 2.6732586696743965, 2.610538497567177, 2.670724131166935, 2.634477861225605, 2.5582803040742874, 2.439011327922344, 2.5692305117845535, 2.6383299380540848, 2.778956763446331, 2.796832926571369, 2.6099401339888573, 2.4649362564086914, 2.5241706892848015, 2.577410653233528, 2.5806925669312477, 2.7344466373324394, 2.838357426226139]",306606,14,8,306606,14,8,306606,14,8,16,0,0.0,0.0,0,False,0.0,0.0,2.490822419524193,0.0,0.0,0.0,0.0,0.0,0.0,0.0,0
funnel,,,4,bucketed,bucketed_nuts,last_depth,128,1024,4,,,,,,,,,,16,0.2,8,,,0.9,2.137930978089571,1.2266570840092472,2.622508179396391,2.137930978089571,1.2266570840092472,2.2107858136296272,30,1.8870078846812248,2.0560586471110582,2.137930978089571,2.271486159414053,2.691700868308544,"[2.691700868308544, 2.511097714304924, 2.333822079002857, 2.510624021291733, 2.3307271227240562, 2.1124696508049965, 2.3062265291810036, 2.158633664250374, 2.141447126865387, 2.1565111204981804, 2.08150415122509, 2.2240797206759453, 2.0984324663877487, 1.9554957672953606, 2.2561547309160233, 2.0466937720775604, 2.3255753740668297, 1.9433624744415283, 2.045482337474823, 1.906895063817501, 1.8870078846812248, 2.1313294395804405, 2.048374317586422, 2.134414829313755, 2.115805760025978, 2.040403589606285, 2.276596635580063, 2.199988007545471, 2.1647850945591927, 2.079111635684967]","[2.7847957387566566, 2.8131533563137054, 2.696809619665146, 2.762746222317219, 2.668801560997963, 2.594960540533066, 2.82781945168972, 2.5658695474267006, 2.525255151093006, 2.767545998096466, 2.542638137936592, 2.4830882102251053, 2.582665480673313, 2.6732586696743965, 2.610538497567177, 2.670724131166935, 2.634477861225605, 2.5582803040742874, 2.439011327922344, 2.5692305117845535, 2.6383299380540848, 2.778956763446331, 2.796832926571369, 2.6099401339888573, 2.4649362564086914, 2.5241706892848015, 2.577410653233528, 2.5806925669312477, 2.7344466373324394, 2.838357426226139]",306606,14,8,306606,14,8,306606,14,8,8,0,0.0,0.0,0,False,0.0,0.0,2.137930978089571,0.0,0.0,0.0,0.0,0.0,0.0,0.0,0
