row_number,model,seed,method,predictor,bucket_size,num_chains,dimension,repeat,method_seconds,monolithic_seconds_same_index,pairing_note
0,funnel,0,monolithic,monolithic,0,128,4,0,0.48086803406476974,0.48086803406476974,repeat indices align samples but methods were timed sequentially; use independent-resample intervals
0,funnel,0,monolithic,monolithic,0,128,4,1,0.43754449486732483,0.43754449486732483,repeat indices align samples but methods were timed sequentially; use independent-resample intervals
0,funnel,0,monolithic,monolithic,0,128,4,2,0.493364542722702,0.493364542722702,repeat indices align samples but methods were timed sequentially; use independent-resample intervals
0,funnel,0,monolithic,monolithic,0,128,4,3,0.4655666872859001,0.4655666872859001,repeat indices align samples but methods were timed sequentially; use independent-resample intervals
0,funnel,0,monolithic,monolithic,0,128,4,4,0.5092131718993187,0.5092131718993187,repeat indices align samples but methods were timed sequentially; use independent-resample intervals
0,funnel,0,monolithic,monolithic,0,128,4,5,0.5067403838038445,0.5067403838038445,repeat indices align samples but methods were timed sequentially; use independent-resample intervals
0,funnel,0,monolithic,monolithic,0,128,4,6,0.5238175466656685,0.5238175466656685,repeat indices align samples but methods were timed sequentially; use independent-resample intervals
0,funnel,0,monolithic,monolithic,0,128,4,7,0.43955548107624054,0.43955548107624054,repeat indices align samples but methods were timed sequentially; use independent-resample intervals
0,funnel,0,monolithic,monolithic,0,128,4,8,0.5112926140427589,0.5112926140427589,repeat indices align samples but methods were timed sequentially; use independent-resample intervals
0,funnel,0,monolithic,monolithic,0,128,4,9,0.5150169655680656,0.5150169655680656,repeat indices align samples but methods were timed sequentially; use independent-resample intervals
0,funnel,0,monolithic,monolithic,0,128,4,10,0.4865223467350006,0.4865223467350006,repeat indices align samples but methods were timed sequentially; use independent-resample intervals
0,funnel,0,monolithic,monolithic,0,128,4,11,0.49725694209337234,0.49725694209337234,repeat indices align samples but methods were timed sequentially; use independent-resample intervals
0,funnel,0,monolithic,monolithic,0,128,4,12,0.4735590070486069,0.4735590070486069,repeat indices align samples but methods were timed sequentially; use independent-resample intervals
0,funnel,0,monolithic,monolithic,0,128,4,13,0.4577415660023689,0.4577415660023689,repeat indices align samples but methods were timed sequentially; use independent-resample intervals
0,funnel,0,monolithic,monolithic,0,128,4,14,0.45820730924606323,0.45820730924606323,repeat indices align samples but methods were timed sequentially; use independent-resample intervals
0,funnel,0,monolithic,monolithic,0,128,4,15,0.5078118667006493,0.5078118667006493,repeat indices align samples but methods were timed sequentially; use independent-resample intervals
0,funnel,0,monolithic,monolithic,0,128,4,16,0.466131828725338,0.466131828725338,repeat indices align samples but methods were timed sequentially; use independent-resample intervals
0,funnel,0,monolithic,monolithic,0,128,4,17,0.5183276832103729,0.5183276832103729,repeat indices align samples but methods were timed sequentially; use independent-resample intervals
0,funnel,0,monolithic,monolithic,0,128,4,18,0.5155332684516907,0.5155332684516907,repeat indices align samples but methods were timed sequentially; use independent-resample intervals
0,funnel,0,monolithic,monolithic,0,128,4,19,0.5784299597144127,0.5784299597144127,repeat indices align samples but methods were timed sequentially; use independent-resample intervals
0,funnel,0,monolithic,monolithic,0,128,4,20,0.5075557827949524,0.5075557827949524,repeat indices align samples but methods were timed sequentially; use independent-resample intervals
0,funnel,0,monolithic,monolithic,0,128,4,21,0.5239628702402115,0.5239628702402115,repeat indices align samples but methods were timed sequentially; use independent-resample intervals
0,funnel,0,monolithic,monolithic,0,128,4,22,0.5127561986446381,0.5127561986446381,repeat indices align samples but methods were timed sequentially; use independent-resample intervals
0,funnel,0,monolithic,monolithic,0,128,4,23,0.4894726797938347,0.4894726797938347,repeat indices align samples but methods were timed sequentially; use independent-resample intervals
0,funnel,0,monolithic,monolithic,0,128,4,24,0.5419622361660004,0.5419622361660004,repeat indices align samples but methods were timed sequentially; use independent-resample intervals
0,funnel,0,monolithic,monolithic,0,128,4,25,0.48288095742464066,0.48288095742464066,repeat indices align samples but methods were timed sequentially; use independent-resample intervals
0,funnel,0,monolithic,monolithic,0,128,4,26,0.49665115028619766,0.49665115028619766,repeat indices align samples but methods were timed sequentially; use independent-resample intervals
0,funnel,0,monolithic,monolithic,0,128,4,27,0.5058698132634163,0.5058698132634163,repeat indices align samples but methods were timed sequentially; use independent-resample intervals
0,funnel,0,monolithic,monolithic,0,128,4,28,0.5048968493938446,0.5048968493938446,repeat indices align samples but methods were timed sequentially; use independent-resample intervals
0,funnel,0,monolithic,monolithic,0,128,4,29,0.47072646766901016,0.47072646766901016,repeat indices align samples but methods were timed sequentially; use independent-resample intervals
1,funnel,0,bucketed,history,64,128,4,0,0.54305649548769,0.48086803406476974,repeat indices align samples but methods were timed sequentially; use independent-resample intervals
1,funnel,0,bucketed,history,64,128,4,1,0.4928402304649353,0.43754449486732483,repeat indices align samples but methods were timed sequentially; use independent-resample intervals
1,funnel,0,bucketed,history,64,128,4,2,0.5335212275385857,0.493364542722702,repeat indices align samples but methods were timed sequentially; use independent-resample intervals
1,funnel,0,bucketed,history,64,128,4,3,0.5436018779873848,0.4655666872859001,repeat indices align samples but methods were timed sequentially; use independent-resample intervals
1,funnel,0,bucketed,history,64,128,4,4,0.4439903274178505,0.5092131718993187,repeat indices align samples but methods were timed sequentially; use independent-resample intervals
1,funnel,0,bucketed,history,64,128,4,5,0.49329791218042374,0.5067403838038445,repeat indices align samples but methods were timed sequentially; use independent-resample intervals
1,funnel,0,bucketed,history,64,128,4,6,0.5190761610865593,0.5238175466656685,repeat indices align samples but methods were timed sequentially; use independent-resample intervals
1,funnel,0,bucketed,history,64,128,4,7,0.5522785782814026,0.43955548107624054,repeat indices align samples but methods were timed sequentially; use independent-resample intervals
1,funnel,0,bucketed,history,64,128,4,8,0.5129735991358757,0.5112926140427589,repeat indices align samples but methods were timed sequentially; use independent-resample intervals
1,funnel,0,bucketed,history,64,128,4,9,0.5826067999005318,0.5150169655680656,repeat indices align samples but methods were timed sequentially; use independent-resample intervals
1,funnel,0,bucketed,history,64,128,4,10,0.5474000722169876,0.4865223467350006,repeat indices align samples but methods were timed sequentially; use independent-resample intervals
1,funnel,0,bucketed,history,64,128,4,11,0.5857595801353455,0.49725694209337234,repeat indices align samples but methods were timed sequentially; use independent-resample intervals
1,funnel,0,bucketed,history,64,128,4,12,0.6442622244358063,0.4735590070486069,repeat indices align samples but methods were timed sequentially; use independent-resample intervals
1,funnel,0,bucketed,history,64,128,4,13,0.5085782259702682,0.4577415660023689,repeat indices align samples but methods were timed sequentially; use independent-resample intervals
1,funnel,0,bucketed,history,64,128,4,14,0.5604418516159058,0.45820730924606323,repeat indices align samples but methods were timed sequentially; use independent-resample intervals
1,funnel,0,bucketed,history,64,128,4,15,0.5486304685473442,0.5078118667006493,repeat indices align samples but methods were timed sequentially; use independent-resample intervals
1,funnel,0,bucketed,history,64,128,4,16,0.470525361597538,0.466131828725338,repeat indices align samples but methods were timed sequentially; use independent-resample intervals
1,funnel,0,bucketed,history,64,128,4,17,0.5505524426698685,0.5183276832103729,repeat indices align samples but methods were timed sequentially; use independent-resample intervals
1,funnel,0,bucketed,history,64,128,4,18,0.5715261027216911,0.5155332684516907,repeat indices align samples but methods were timed sequentially; use independent-resample intervals
1,funnel,0,bucketed,history,64,128,4,19,0.5387277230620384,0.5784299597144127,repeat indices align samples but methods were timed sequentially; use independent-resample intervals
1,funnel,0,bucketed,history,64,128,4,20,0.5460624545812607,0.5075557827949524,repeat indices align samples but methods were timed sequentially; use independent-resample intervals
1,funnel,0,bucketed,history,64,128,4,21,0.6005387231707573,0.5239628702402115,repeat indices align samples but methods were timed sequentially; use independent-resample intervals
1,funnel,0,bucketed,history,64,128,4,22,0.6215813979506493,0.5127561986446381,repeat indices align samples but methods were timed sequentially; use independent-resample intervals
1,funnel,0,bucketed,history,64,128,4,23,0.6783552691340446,0.4894726797938347,repeat indices align samples but methods were timed sequentially; use independent-resample intervals
1,funnel,0,bucketed,history,64,128,4,24,0.47290926426649094,0.5419622361660004,repeat indices align samples but methods were timed sequentially; use independent-resample intervals
1,funnel,0,bucketed,history,64,128,4,25,0.5700337141752243,0.48288095742464066,repeat indices align samples but methods were timed sequentially; use independent-resample intervals
1,funnel,0,bucketed,history,64,128,4,26,0.557732492685318,0.49665115028619766,repeat indices align samples but methods were timed sequentially; use independent-resample intervals
1,funnel,0,bucketed,history,64,128,4,27,0.551610678434372,0.5058698132634163,repeat indices align samples but methods were timed sequentially; use independent-resample intervals
1,funnel,0,bucketed,history,64,128,4,28,0.4986996203660965,0.5048968493938446,repeat indices align samples but methods were timed sequentially; use independent-resample intervals
1,funnel,0,bucketed,history,64,128,4,29,0.5084165334701538,0.47072646766901016,repeat indices align samples but methods were timed sequentially; use independent-resample intervals
2,funnel,0,bucketed,history,128,128,4,0,0.5647869110107422,0.48086803406476974,repeat indices align samples but methods were timed sequentially; use independent-resample intervals
2,funnel,0,bucketed,history,128,128,4,1,0.6310927793383598,0.43754449486732483,repeat indices align samples but methods were timed sequentially; use independent-resample intervals
2,funnel,0,bucketed,history,128,128,4,2,0.6187814399600029,0.493364542722702,repeat indices align samples but methods were timed sequentially; use independent-resample intervals
2,funnel,0,bucketed,history,128,128,4,3,0.5972289517521858,0.4655666872859001,repeat indices align samples but methods were timed sequentially; use independent-resample intervals
2,funnel,0,bucketed,history,128,128,4,4,0.5704907327890396,0.5092131718993187,repeat indices align samples but methods were timed sequentially; use independent-resample intervals
2,funnel,0,bucketed,history,128,128,4,5,0.6078783124685287,0.5067403838038445,repeat indices align samples but methods were timed sequentially; use independent-resample intervals
2,funnel,0,bucketed,history,128,128,4,6,0.6221143454313278,0.5238175466656685,repeat indices align samples but methods were timed sequentially; use independent-resample intervals
2,funnel,0,bucketed,history,128,128,4,7,0.5670677945017815,0.43955548107624054,repeat indices align samples but methods were timed sequentially; use independent-resample intervals
2,funnel,0,bucketed,history,128,128,4,8,0.5931858345866203,0.5112926140427589,repeat indices align samples but methods were timed sequentially; use independent-resample intervals
2,funnel,0,bucketed,history,128,128,4,9,0.5516097396612167,0.5150169655680656,repeat indices align samples but methods were timed sequentially; use independent-resample intervals
2,funnel,0,bucketed,history,128,128,4,10,0.5624301433563232,0.4865223467350006,repeat indices align samples but methods were timed sequentially; use independent-resample intervals
2,funnel,0,bucketed,history,128,128,4,11,0.5417175740003586,0.49725694209337234,repeat indices align samples but methods were timed sequentially; use independent-resample intervals
2,funnel,0,bucketed,history,128,128,4,12,0.6820315569639206,0.4735590070486069,repeat indices align samples but methods were timed sequentially; use independent-resample intervals
2,funnel,0,bucketed,history,128,128,4,13,0.616368256509304,0.4577415660023689,repeat indices align samples but methods were timed sequentially; use independent-resample intervals
2,funnel,0,bucketed,history,128,128,4,14,0.5656291767954826,0.45820730924606323,repeat indices align samples but methods were timed sequentially; use independent-resample intervals
2,funnel,0,bucketed,history,128,128,4,15,0.5981392934918404,0.5078118667006493,repeat indices align samples but methods were timed sequentially; use independent-resample intervals
2,funnel,0,bucketed,history,128,128,4,16,0.5230756476521492,0.466131828725338,repeat indices align samples but methods were timed sequentially; use independent-resample intervals
2,funnel,0,bucketed,history,128,128,4,17,0.5254642367362976,0.5183276832103729,repeat indices align samples but methods were timed sequentially; use independent-resample intervals
2,funnel,0,bucketed,history,128,128,4,18,0.6554522216320038,0.5155332684516907,repeat indices align samples but methods were timed sequentially; use independent-resample intervals
2,funnel,0,bucketed,history,128,128,4,19,0.6012635082006454,0.5784299597144127,repeat indices align samples but methods were timed sequentially; use independent-resample intervals
2,funnel,0,bucketed,history,128,128,4,20,0.5893367677927017,0.5075557827949524,repeat indices align samples but methods were timed sequentially; use independent-resample intervals
2,funnel,0,bucketed,history,128,128,4,21,0.5713827013969421,0.5239628702402115,repeat indices align samples but methods were timed sequentially; use independent-resample intervals
2,funnel,0,bucketed,history,128,128,4,22,0.5862488970160484,0.5127561986446381,repeat indices align samples but methods were timed sequentially; use independent-resample intervals
2,funnel,0,bucketed,history,128,128,4,23,0.6058488711714745,0.4894726797938347,repeat indices align samples but methods were timed sequentially; use independent-resample intervals
2,funnel,0,bucketed,history,128,128,4,24,0.5493444129824638,0.5419622361660004,repeat indices align samples but methods were timed sequentially; use independent-resample intervals
2,funnel,0,bucketed,history,128,128,4,25,0.6150507852435112,0.48288095742464066,repeat indices align samples but methods were timed sequentially; use independent-resample intervals
2,funnel,0,bucketed,history,128,128,4,26,0.6223183199763298,0.49665115028619766,repeat indices align samples but methods were timed sequentially; use independent-resample intervals
2,funnel,0,bucketed,history,128,128,4,27,0.5785217806696892,0.5058698132634163,repeat indices align samples but methods were timed sequentially; use independent-resample intervals
2,funnel,0,bucketed,history,128,128,4,28,0.8044284954667091,0.5048968493938446,repeat indices align samples but methods were timed sequentially; use independent-resample intervals
2,funnel,0,bucketed,history,128,128,4,29,0.7295697182416916,0.47072646766901016,repeat indices align samples but methods were timed sequentially; use independent-resample intervals
3,funnel,0,bucketed,last_depth,64,128,4,0,0.6908733546733856,0.48086803406476974,repeat indices align samples but methods were timed sequentially; use independent-resample intervals
3,funnel,0,bucketed,last_depth,64,128,4,1,0.6346216425299644,0.43754449486732483,repeat indices align samples but methods were timed sequentially; use independent-resample intervals
3,funnel,0,bucketed,last_depth,64,128,4,2,0.613398052752018,0.493364542722702,repeat indices align samples but methods were timed sequentially; use independent-resample intervals
3,funnel,0,bucketed,last_depth,64,128,4,3,0.6750940605998039,0.4655666872859001,repeat indices align samples but methods were timed sequentially; use independent-resample intervals
3,funnel,0,bucketed,last_depth,64,128,4,4,0.6708328649401665,0.5092131718993187,repeat indices align samples but methods were timed sequentially; use independent-resample intervals
3,funnel,0,bucketed,last_depth,64,128,4,5,0.5673137977719307,0.5067403838038445,repeat indices align samples but methods were timed sequentially; use independent-resample intervals
3,funnel,0,bucketed,last_depth,64,128,4,6,0.6036935448646545,0.5238175466656685,repeat indices align samples but methods were timed sequentially; use independent-resample intervals
3,funnel,0,bucketed,last_depth,64,128,4,7,0.6520597413182259,0.43955548107624054,repeat indices align samples but methods were timed sequentially; use independent-resample intervals
3,funnel,0,bucketed,last_depth,64,128,4,8,0.5111653134226799,0.5112926140427589,repeat indices align samples but methods were timed sequentially; use independent-resample intervals
3,funnel,0,bucketed,last_depth,64,128,4,9,0.4945805296301842,0.5150169655680656,repeat indices align samples but methods were timed sequentially; use independent-resample intervals
3,funnel,0,bucketed,last_depth,64,128,4,10,0.5174190551042557,0.4865223467350006,repeat indices align samples but methods were timed sequentially; use independent-resample intervals
3,funnel,0,bucketed,last_depth,64,128,4,11,0.5525218471884727,0.49725694209337234,repeat indices align samples but methods were timed sequentially; use independent-resample intervals
3,funnel,0,bucketed,last_depth,64,128,4,12,0.4713481217622757,0.4735590070486069,repeat indices align samples but methods were timed sequentially; use independent-resample intervals
3,funnel,0,bucketed,last_depth,64,128,4,13,0.5218079388141632,0.4577415660023689,repeat indices align samples but methods were timed sequentially; use independent-resample intervals
3,funnel,0,bucketed,last_depth,64,128,4,14,0.43550657480955124,0.45820730924606323,repeat indices align samples but methods were timed sequentially; use independent-resample intervals
3,funnel,0,bucketed,last_depth,64,128,4,15,0.49298031628131866,0.5078118667006493,repeat indices align samples but methods were timed sequentially; use independent-resample intervals
3,funnel,0,bucketed,last_depth,64,128,4,16,0.5402562916278839,0.466131828725338,repeat indices align samples but methods were timed sequentially; use independent-resample intervals
3,funnel,0,bucketed,last_depth,64,128,4,17,0.4801277369260788,0.5183276832103729,repeat indices align samples but methods were timed sequentially; use independent-resample intervals
3,funnel,0,bucketed,last_depth,64,128,4,18,0.5418888702988625,0.5155332684516907,repeat indices align samples but methods were timed sequentially; use independent-resample intervals
3,funnel,0,bucketed,last_depth,64,128,4,19,0.4855111390352249,0.5784299597144127,repeat indices align samples but methods were timed sequentially; use independent-resample intervals
3,funnel,0,bucketed,last_depth,64,128,4,20,0.4908462315797806,0.5075557827949524,repeat indices align samples but methods were timed sequentially; use independent-resample intervals
3,funnel,0,bucketed,last_depth,64,128,4,21,0.5368194729089737,0.5239628702402115,repeat indices align samples but methods were timed sequentially; use independent-resample intervals
3,funnel,0,bucketed,last_depth,64,128,4,22,0.4976838529109955,0.5127561986446381,repeat indices align samples but methods were timed sequentially; use independent-resample intervals
3,funnel,0,bucketed,last_depth,64,128,4,23,0.45871400088071823,0.4894726797938347,repeat indices align samples but methods were timed sequentially; use independent-resample intervals
3,funnel,0,bucketed,last_depth,64,128,4,24,0.500823937356472,0.5419622361660004,repeat indices align samples but methods were timed sequentially; use independent-resample intervals
3,funnel,0,bucketed,last_depth,64,128,4,25,0.5061180368065834,0.48288095742464066,repeat indices align samples but methods were timed sequentially; use independent-resample intervals
3,funnel,0,bucketed,last_depth,64,128,4,26,0.5082524493336678,0.49665115028619766,repeat indices align samples but methods were timed sequentially; use independent-resample intervals
3,funnel,0,bucketed,last_depth,64,128,4,27,0.5326787605881691,0.5058698132634163,repeat indices align samples but methods were timed sequentially; use independent-resample intervals
3,funnel,0,bucketed,last_depth,64,128,4,28,0.5193367078900337,0.5048968493938446,repeat indices align samples but methods were timed sequentially; use independent-resample intervals
3,funnel,0,bucketed,last_depth,64,128,4,29,0.6243153810501099,0.47072646766901016,repeat indices align samples but methods were timed sequentially; use independent-resample intervals
4,funnel,0,bucketed,last_depth,128,128,4,0,0.5645161271095276,0.48086803406476974,repeat indices align samples but methods were timed sequentially; use independent-resample intervals
4,funnel,0,bucketed,last_depth,128,128,4,1,0.5489699840545654,0.43754449486732483,repeat indices align samples but methods were timed sequentially; use independent-resample intervals
4,funnel,0,bucketed,last_depth,128,128,4,2,0.6744191870093346,0.493364542722702,repeat indices align samples but methods were timed sequentially; use independent-resample intervals
4,funnel,0,bucketed,last_depth,128,128,4,3,0.5779854506254196,0.4655666872859001,repeat indices align samples but methods were timed sequentially; use independent-resample intervals
4,funnel,0,bucketed,last_depth,128,128,4,4,0.560376301407814,0.5092131718993187,repeat indices align samples but methods were timed sequentially; use independent-resample intervals
4,funnel,0,bucketed,last_depth,128,128,4,5,0.6155871450901031,0.5067403838038445,repeat indices align samples but methods were timed sequentially; use independent-resample intervals
4,funnel,0,bucketed,last_depth,128,128,4,6,0.5506419241428375,0.5238175466656685,repeat indices align samples but methods were timed sequentially; use independent-resample intervals
4,funnel,0,bucketed,last_depth,128,128,4,7,0.557403177022934,0.43955548107624054,repeat indices align samples but methods were timed sequentially; use independent-resample intervals
4,funnel,0,bucketed,last_depth,128,128,4,8,0.5866354554891586,0.5112926140427589,repeat indices align samples but methods were timed sequentially; use independent-resample intervals
4,funnel,0,bucketed,last_depth,128,128,4,9,0.6157738193869591,0.5150169655680656,repeat indices align samples but methods were timed sequentially; use independent-resample intervals
4,funnel,0,bucketed,last_depth,128,128,4,10,0.6198232471942902,0.4865223467350006,repeat indices align samples but methods were timed sequentially; use independent-resample intervals
4,funnel,0,bucketed,last_depth,128,128,4,11,0.6203729510307312,0.49725694209337234,repeat indices align samples but methods were timed sequentially; use independent-resample intervals
4,funnel,0,bucketed,last_depth,128,128,4,12,0.5794780924916267,0.4735590070486069,repeat indices align samples but methods were timed sequentially; use independent-resample intervals
4,funnel,0,bucketed,last_depth,128,128,4,13,0.5693107396364212,0.4577415660023689,repeat indices align samples but methods were timed sequentially; use independent-resample intervals
4,funnel,0,bucketed,last_depth,128,128,4,14,0.5461695045232773,0.45820730924606323,repeat indices align samples but methods were timed sequentially; use independent-resample intervals
4,funnel,0,bucketed,last_depth,128,128,4,15,0.5750336945056915,0.5078118667006493,repeat indices align samples but methods were timed sequentially; use independent-resample intervals
4,funnel,0,bucketed,last_depth,128,128,4,16,0.5467202514410019,0.466131828725338,repeat indices align samples but methods were timed sequentially; use independent-resample intervals
4,funnel,0,bucketed,last_depth,128,128,4,17,0.5938074663281441,0.5183276832103729,repeat indices align samples but methods were timed sequentially; use independent-resample intervals
4,funnel,0,bucketed,last_depth,128,128,4,18,0.5436710119247437,0.5155332684516907,repeat indices align samples but methods were timed sequentially; use independent-resample intervals
4,funnel,0,bucketed,last_depth,128,128,4,19,0.646551214158535,0.5784299597144127,repeat indices align samples but methods were timed sequentially; use independent-resample intervals
4,funnel,0,bucketed,last_depth,128,128,4,20,0.5981241911649704,0.5075557827949524,repeat indices align samples but methods were timed sequentially; use independent-resample intervals
4,funnel,0,bucketed,last_depth,128,128,4,21,0.6078485175967216,0.5239628702402115,repeat indices align samples but methods were timed sequentially; use independent-resample intervals
4,funnel,0,bucketed,last_depth,128,128,4,22,0.6095583662390709,0.5127561986446381,repeat indices align samples but methods were timed sequentially; use independent-resample intervals
4,funnel,0,bucketed,last_depth,128,128,4,23,0.616706021130085,0.4894726797938347,repeat indices align samples but methods were timed sequentially; use independent-resample intervals
4,funnel,0,bucketed,last_depth,128,128,4,24,0.6163996532559395,0.5419622361660004,repeat indices align samples but methods were timed sequentially; use independent-resample intervals
4,funnel,0,bucketed,last_depth,128,128,4,25,0.5844826474785805,0.48288095742464066,repeat indices align samples but methods were timed sequentially; use independent-resample intervals
4,funnel,0,bucketed,last_depth,128,128,4,26,0.5839502587914467,0.49665115028619766,repeat indices align samples but methods were timed sequentially; use independent-resample intervals
4,funnel,0,bucketed,last_depth,128,128,4,27,0.6277864500880241,0.5058698132634163,repeat indices align samples but methods were timed sequentially; use independent-resample intervals
4,funnel,0,bucketed,last_depth,128,128,4,28,0.6105946227908134,0.5048968493938446,repeat indices align samples but methods were timed sequentially; use independent-resample intervals
4,funnel,0,bucketed,last_depth,128,128,4,29,0.6965082958340645,0.47072646766901016,repeat indices align samples but methods were timed sequentially; use independent-resample intervals
5,funnel,1,monolithic,monolithic,0,128,4,0,0.4986115023493767,0.4986115023493767,repeat indices align samples but methods were timed sequentially; use independent-resample intervals
5,funnel,1,monolithic,monolithic,0,128,4,1,0.5291814729571342,0.5291814729571342,repeat indices align samples but methods were timed sequentially; use independent-resample intervals
5,funnel,1,monolithic,monolithic,0,128,4,2,0.5091178640723228,0.5091178640723228,repeat indices align samples but methods were timed sequentially; use independent-resample intervals
5,funnel,1,monolithic,monolithic,0,128,4,3,0.4914645329117775,0.4914645329117775,repeat indices align samples but methods were timed sequentially; use independent-resample intervals
5,funnel,1,monolithic,monolithic,0,128,4,4,0.4954495131969452,0.4954495131969452,repeat indices align samples but methods were timed sequentially; use independent-resample intervals
5,funnel,1,monolithic,monolithic,0,128,4,5,0.5243863686919212,0.5243863686919212,repeat indices align samples but methods were timed sequentially; use independent-resample intervals
5,funnel,1,monolithic,monolithic,0,128,4,6,0.5249905735254288,0.5249905735254288,repeat indices align samples but methods were timed sequentially; use independent-resample intervals
5,funnel,1,monolithic,monolithic,0,128,4,7,0.5230021849274635,0.5230021849274635,repeat indices align samples but methods were timed sequentially; use independent-resample intervals
5,funnel,1,monolithic,monolithic,0,128,4,8,0.48082921653985977,0.48082921653985977,repeat indices align samples but methods were timed sequentially; use independent-resample intervals
5,funnel,1,monolithic,monolithic,0,128,4,9,0.5587793588638306,0.5587793588638306,repeat indices align samples but methods were timed sequentially; use independent-resample intervals
5,funnel,1,monolithic,monolithic,0,128,4,10,0.5059079602360725,0.5059079602360725,repeat indices align samples but methods were timed sequentially; use independent-resample intervals
5,funnel,1,monolithic,monolithic,0,128,4,11,0.5388348400592804,0.5388348400592804,repeat indices align samples but methods were timed sequentially; use independent-resample intervals
5,funnel,1,monolithic,monolithic,0,128,4,12,0.47602246701717377,0.47602246701717377,repeat indices align samples but methods were timed sequentially; use independent-resample intervals
5,funnel,1,monolithic,monolithic,0,128,4,13,0.5053195729851723,0.5053195729851723,repeat indices align samples but methods were timed sequentially; use independent-resample intervals
5,funnel,1,monolithic,monolithic,0,128,4,14,0.5117902830243111,0.5117902830243111,repeat indices align samples but methods were timed sequentially; use independent-resample intervals
5,funnel,1,monolithic,monolithic,0,128,4,15,0.4860675036907196,0.4860675036907196,repeat indices align samples but methods were timed sequentially; use independent-resample intervals
5,funnel,1,monolithic,monolithic,0,128,4,16,0.5098613202571869,0.5098613202571869,repeat indices align samples but methods were timed sequentially; use independent-resample intervals
5,funnel,1,monolithic,monolithic,0,128,4,17,0.46645402908325195,0.46645402908325195,repeat indices align samples but methods were timed sequentially; use independent-resample intervals
5,funnel,1,monolithic,monolithic,0,128,4,18,0.47157739847898483,0.47157739847898483,repeat indices align samples but methods were timed sequentially; use independent-resample intervals
5,funnel,1,monolithic,monolithic,0,128,4,19,0.5437435135245323,0.5437435135245323,repeat indices align samples but methods were timed sequentially; use independent-resample intervals
5,funnel,1,monolithic,monolithic,0,128,4,20,0.5200162902474403,0.5200162902474403,repeat indices align samples but methods were timed sequentially; use independent-resample intervals
5,funnel,1,monolithic,monolithic,0,128,4,21,0.5070822462439537,0.5070822462439537,repeat indices align samples but methods were timed sequentially; use independent-resample intervals
5,funnel,1,monolithic,monolithic,0,128,4,22,0.49908942729234695,0.49908942729234695,repeat indices align samples but methods were timed sequentially; use independent-resample intervals
5,funnel,1,monolithic,monolithic,0,128,4,23,0.5286569818854332,0.5286569818854332,repeat indices align samples but methods were timed sequentially; use independent-resample intervals
5,funnel,1,monolithic,monolithic,0,128,4,24,0.4827238842844963,0.4827238842844963,repeat indices align samples but methods were timed sequentially; use independent-resample intervals
5,funnel,1,monolithic,monolithic,0,128,4,25,0.5553189292550087,0.5553189292550087,repeat indices align samples but methods were timed sequentially; use independent-resample intervals
5,funnel,1,monolithic,monolithic,0,128,4,26,0.5174856409430504,0.5174856409430504,repeat indices align samples but methods were timed sequentially; use independent-resample intervals
5,funnel,1,monolithic,monolithic,0,128,4,27,0.5041341036558151,0.5041341036558151,repeat indices align samples but methods were timed sequentially; use independent-resample intervals
5,funnel,1,monolithic,monolithic,0,128,4,28,0.49964261054992676,0.49964261054992676,repeat indices align samples but methods were timed sequentially; use independent-resample intervals
5,funnel,1,monolithic,monolithic,0,128,4,29,0.47871071100234985,0.47871071100234985,repeat indices align samples but methods were timed sequentially; use independent-resample intervals
6,funnel,1,bucketed,history,64,128,4,0,0.5260332748293877,0.4986115023493767,repeat indices align samples but methods were timed sequentially; use independent-resample intervals
6,funnel,1,bucketed,history,64,128,4,1,0.5452829375863075,0.5291814729571342,repeat indices align samples but methods were timed sequentially; use independent-resample intervals
6,funnel,1,bucketed,history,64,128,4,2,0.5178620591759682,0.5091178640723228,repeat indices align samples but methods were timed sequentially; use independent-resample intervals
6,funnel,1,bucketed,history,64,128,4,3,0.5807360261678696,0.4914645329117775,repeat indices align samples but methods were timed sequentially; use independent-resample intervals
6,funnel,1,bucketed,history,64,128,4,4,0.5679374784231186,0.4954495131969452,repeat indices align samples but methods were timed sequentially; use independent-resample intervals
6,funnel,1,bucketed,history,64,128,4,5,0.556444987654686,0.5243863686919212,repeat indices align samples but methods were timed sequentially; use independent-resample intervals
6,funnel,1,bucketed,history,64,128,4,6,0.5876378044486046,0.5249905735254288,repeat indices align samples but methods were timed sequentially; use independent-resample intervals
6,funnel,1,bucketed,history,64,128,4,7,0.6391679346561432,0.5230021849274635,repeat indices align samples but methods were timed sequentially; use independent-resample intervals
6,funnel,1,bucketed,history,64,128,4,8,0.5588261187076569,0.48082921653985977,repeat indices align samples but methods were timed sequentially; use independent-resample intervals
6,funnel,1,bucketed,history,64,128,4,9,0.5733518376946449,0.5587793588638306,repeat indices align samples but methods were timed sequentially; use independent-resample intervals
6,funnel,1,bucketed,history,64,128,4,10,0.5947330966591835,0.5059079602360725,repeat indices align samples but methods were timed sequentially; use independent-resample intervals
6,funnel,1,bucketed,history,64,128,4,11,0.5254219025373459,0.5388348400592804,repeat indices align samples but methods were timed sequentially; use independent-resample intervals
6,funnel,1,bucketed,history,64,128,4,12,0.5642361640930176,0.47602246701717377,repeat indices align samples but methods were timed sequentially; use independent-resample intervals
6,funnel,1,bucketed,history,64,128,4,13,0.5506979897618294,0.5053195729851723,repeat indices align samples but methods were timed sequentially; use independent-resample intervals
6,funnel,1,bucketed,history,64,128,4,14,0.5718902200460434,0.5117902830243111,repeat indices align samples but methods were timed sequentially; use independent-resample intervals
6,funnel,1,bucketed,history,64,128,4,15,0.5784768760204315,0.4860675036907196,repeat indices align samples but methods were timed sequentially; use independent-resample intervals
6,funnel,1,bucketed,history,64,128,4,16,0.6160637214779854,0.5098613202571869,repeat indices align samples but methods were timed sequentially; use independent-resample intervals
6,funnel,1,bucketed,history,64,128,4,17,0.5871803164482117,0.46645402908325195,repeat indices align samples but methods were timed sequentially; use independent-resample intervals
6,funnel,1,bucketed,history,64,128,4,18,0.5320361405611038,0.47157739847898483,repeat indices align samples but methods were timed sequentially; use independent-resample intervals
6,funnel,1,bucketed,history,64,128,4,19,0.5898699089884758,0.5437435135245323,repeat indices align samples but methods were timed sequentially; use independent-resample intervals
6,funnel,1,bucketed,history,64,128,4,20,0.5567951947450638,0.5200162902474403,repeat indices align samples but methods were timed sequentially; use independent-resample intervals
6,funnel,1,bucketed,history,64,128,4,21,0.5879364535212517,0.5070822462439537,repeat indices align samples but methods were timed sequentially; use independent-resample intervals
6,funnel,1,bucketed,history,64,128,4,22,0.5812941864132881,0.49908942729234695,repeat indices align samples but methods were timed sequentially; use independent-resample intervals
6,funnel,1,bucketed,history,64,128,4,23,0.5609490498900414,0.5286569818854332,repeat indices align samples but methods were timed sequentially; use independent-resample intervals
6,funnel,1,bucketed,history,64,128,4,24,0.5077957659959793,0.4827238842844963,repeat indices align samples but methods were timed sequentially; use independent-resample intervals
6,funnel,1,bucketed,history,64,128,4,25,0.5673215091228485,0.5553189292550087,repeat indices align samples but methods were timed sequentially; use independent-resample intervals
6,funnel,1,bucketed,history,64,128,4,26,0.549379475414753,0.5174856409430504,repeat indices align samples but methods were timed sequentially; use independent-resample intervals
6,funnel,1,bucketed,history,64,128,4,27,0.4939088821411133,0.5041341036558151,repeat indices align samples but methods were timed sequentially; use independent-resample intervals
6,funnel,1,bucketed,history,64,128,4,28,0.5264217332005501,0.49964261054992676,repeat indices align samples but methods were timed sequentially; use independent-resample intervals
6,funnel,1,bucketed,history,64,128,4,29,0.5534395724534988,0.47871071100234985,repeat indices align samples but methods were timed sequentially; use independent-resample intervals
7,funnel,1,bucketed,history,128,128,4,0,0.5781706869602203,0.4986115023493767,repeat indices align samples but methods were timed sequentially; use independent-resample intervals
7,funnel,1,bucketed,history,128,128,4,1,0.578362412750721,0.5291814729571342,repeat indices align samples but methods were timed sequentially; use independent-resample intervals
7,funnel,1,bucketed,history,128,128,4,2,0.593865804374218,0.5091178640723228,repeat indices align samples but methods were timed sequentially; use independent-resample intervals
7,funnel,1,bucketed,history,128,128,4,3,0.5476192757487297,0.4914645329117775,repeat indices align samples but methods were timed sequentially; use independent-resample intervals
7,funnel,1,bucketed,history,128,128,4,4,0.5614772364497185,0.4954495131969452,repeat indices align samples but methods were timed sequentially; use independent-resample intervals
7,funnel,1,bucketed,history,128,128,4,5,0.6094771474599838,0.5243863686919212,repeat indices align samples but methods were timed sequentially; use independent-resample intervals
7,funnel,1,bucketed,history,128,128,4,6,0.7050638347864151,0.5249905735254288,repeat indices align samples but methods were timed sequentially; use independent-resample intervals
7,funnel,1,bucketed,history,128,128,4,7,0.6593729257583618,0.5230021849274635,repeat indices align samples but methods were timed sequentially; use independent-resample intervals
7,funnel,1,bucketed,history,128,128,4,8,0.6599398776888847,0.48082921653985977,repeat indices align samples but methods were timed sequentially; use independent-resample intervals
7,funnel,1,bucketed,history,128,128,4,9,0.6435277014970779,0.5587793588638306,repeat indices align samples but methods were timed sequentially; use independent-resample intervals
7,funnel,1,bucketed,history,128,128,4,10,0.6536393240094185,0.5059079602360725,repeat indices align samples but methods were timed sequentially; use independent-resample intervals
7,funnel,1,bucketed,history,128,128,4,11,0.6452489346265793,0.5388348400592804,repeat indices align samples but methods were timed sequentially; use independent-resample intervals
7,funnel,1,bucketed,history,128,128,4,12,0.5899660065770149,0.47602246701717377,repeat indices align samples but methods were timed sequentially; use independent-resample intervals
7,funnel,1,bucketed,history,128,128,4,13,0.6385682672262192,0.5053195729851723,repeat indices align samples but methods were timed sequentially; use independent-resample intervals
7,funnel,1,bucketed,history,128,128,4,14,0.6308020725846291,0.5117902830243111,repeat indices align samples but methods were timed sequentially; use independent-resample intervals
7,funnel,1,bucketed,history,128,128,4,15,0.6873102262616158,0.4860675036907196,repeat indices align samples but methods were timed sequentially; use independent-resample intervals
7,funnel,1,bucketed,history,128,128,4,16,0.6254745498299599,0.5098613202571869,repeat indices align samples but methods were timed sequentially; use independent-resample intervals
7,funnel,1,bucketed,history,128,128,4,17,0.6177022308111191,0.46645402908325195,repeat indices align samples but methods were timed sequentially; use independent-resample intervals
7,funnel,1,bucketed,history,128,128,4,18,0.667955256998539,0.47157739847898483,repeat indices align samples but methods were timed sequentially; use independent-resample intervals
7,funnel,1,bucketed,history,128,128,4,19,0.5525666400790215,0.5437435135245323,repeat indices align samples but methods were timed sequentially; use independent-resample intervals
7,funnel,1,bucketed,history,128,128,4,20,0.5586768314242363,0.5200162902474403,repeat indices align samples but methods were timed sequentially; use independent-resample intervals
7,funnel,1,bucketed,history,128,128,4,21,0.6035529300570488,0.5070822462439537,repeat indices align samples but methods were timed sequentially; use independent-resample intervals
7,funnel,1,bucketed,history,128,128,4,22,0.5463192835450172,0.49908942729234695,repeat indices align samples but methods were timed sequentially; use independent-resample intervals
7,funnel,1,bucketed,history,128,128,4,23,0.5883440151810646,0.5286569818854332,repeat indices align samples but methods were timed sequentially; use independent-resample intervals
7,funnel,1,bucketed,history,128,128,4,24,0.6768549531698227,0.4827238842844963,repeat indices align samples but methods were timed sequentially; use independent-resample intervals
7,funnel,1,bucketed,history,128,128,4,25,0.6284008175134659,0.5553189292550087,repeat indices align samples but methods were timed sequentially; use independent-resample intervals
7,funnel,1,bucketed,history,128,128,4,26,0.5955281481146812,0.5174856409430504,repeat indices align samples but methods were timed sequentially; use independent-resample intervals
7,funnel,1,bucketed,history,128,128,4,27,0.5965916812419891,0.5041341036558151,repeat indices align samples but methods were timed sequentially; use independent-resample intervals
7,funnel,1,bucketed,history,128,128,4,28,0.5531522184610367,0.49964261054992676,repeat indices align samples but methods were timed sequentially; use independent-resample intervals
7,funnel,1,bucketed,history,128,128,4,29,0.5633620694279671,0.47871071100234985,repeat indices align samples but methods were timed sequentially; use independent-resample intervals
8,funnel,1,bucketed,last_depth,64,128,4,0,0.6218696758151054,0.4986115023493767,repeat indices align samples but methods were timed sequentially; use independent-resample intervals
8,funnel,1,bucketed,last_depth,64,128,4,1,0.5782111659646034,0.5291814729571342,repeat indices align samples but methods were timed sequentially; use independent-resample intervals
8,funnel,1,bucketed,last_depth,64,128,4,2,0.6343579217791557,0.5091178640723228,repeat indices align samples but methods were timed sequentially; use independent-resample intervals
8,funnel,1,bucketed,last_depth,64,128,4,3,0.5143441706895828,0.4914645329117775,repeat indices align samples but methods were timed sequentially; use independent-resample intervals
8,funnel,1,bucketed,last_depth,64,128,4,4,0.5278360173106194,0.4954495131969452,repeat indices align samples but methods were timed sequentially; use independent-resample intervals
8,funnel,1,bucketed,last_depth,64,128,4,5,0.4838445112109184,0.5243863686919212,repeat indices align samples but methods were timed sequentially; use independent-resample intervals
8,funnel,1,bucketed,last_depth,64,128,4,6,0.46660054475069046,0.5249905735254288,repeat indices align samples but methods were timed sequentially; use independent-resample intervals
8,funnel,1,bucketed,last_depth,64,128,4,7,0.4862051159143448,0.5230021849274635,repeat indices align samples but methods were timed sequentially; use independent-resample intervals
8,funnel,1,bucketed,last_depth,64,128,4,8,0.5330082923173904,0.48082921653985977,repeat indices align samples but methods were timed sequentially; use independent-resample intervals
8,funnel,1,bucketed,last_depth,64,128,4,9,0.5370628461241722,0.5587793588638306,repeat indices align samples but methods were timed sequentially; use independent-resample intervals
8,funnel,1,bucketed,last_depth,64,128,4,10,0.41073330491781235,0.5059079602360725,repeat indices align samples but methods were timed sequentially; use independent-resample intervals
8,funnel,1,bucketed,last_depth,64,128,4,11,0.4944780170917511,0.5388348400592804,repeat indices align samples but methods were timed sequentially; use independent-resample intervals
8,funnel,1,bucketed,last_depth,64,128,4,12,0.565534383058548,0.47602246701717377,repeat indices align samples but methods were timed sequentially; use independent-resample intervals
8,funnel,1,bucketed,last_depth,64,128,4,13,0.5599114894866943,0.5053195729851723,repeat indices align samples but methods were timed sequentially; use independent-resample intervals
8,funnel,1,bucketed,last_depth,64,128,4,14,0.5308539569377899,0.5117902830243111,repeat indices align samples but methods were timed sequentially; use independent-resample intervals
8,funnel,1,bucketed,last_depth,64,128,4,15,0.5383712872862816,0.4860675036907196,repeat indices align samples but methods were timed sequentially; use independent-resample intervals
8,funnel,1,bucketed,last_depth,64,128,4,16,0.4658745899796486,0.5098613202571869,repeat indices align samples but methods were timed sequentially; use independent-resample intervals
8,funnel,1,bucketed,last_depth,64,128,4,17,0.46758483350276947,0.46645402908325195,repeat indices align samples but methods were timed sequentially; use independent-resample intervals
8,funnel,1,bucketed,last_depth,64,128,4,18,0.49423616379499435,0.47157739847898483,repeat indices align samples but methods were timed sequentially; use independent-resample intervals
8,funnel,1,bucketed,last_depth,64,128,4,19,0.5299713537096977,0.5437435135245323,repeat indices align samples but methods were timed sequentially; use independent-resample intervals
8,funnel,1,bucketed,last_depth,64,128,4,20,0.5286311656236649,0.5200162902474403,repeat indices align samples but methods were timed sequentially; use independent-resample intervals
8,funnel,1,bucketed,last_depth,64,128,4,21,0.4395572394132614,0.5070822462439537,repeat indices align samples but methods were timed sequentially; use independent-resample intervals
8,funnel,1,bucketed,last_depth,64,128,4,22,0.45709483325481415,0.49908942729234695,repeat indices align samples but methods were timed sequentially; use independent-resample intervals
8,funnel,1,bucketed,last_depth,64,128,4,23,0.4780425503849983,0.5286569818854332,repeat indices align samples but methods were timed sequentially; use independent-resample intervals
8,funnel,1,bucketed,last_depth,64,128,4,24,0.5236747786402702,0.4827238842844963,repeat indices align samples but methods were timed sequentially; use independent-resample intervals
8,funnel,1,bucketed,last_depth,64,128,4,25,0.5144916847348213,0.5553189292550087,repeat indices align samples but methods were timed sequentially; use independent-resample intervals
8,funnel,1,bucketed,last_depth,64,128,4,26,0.5216288417577744,0.5174856409430504,repeat indices align samples but methods were timed sequentially; use independent-resample intervals
8,funnel,1,bucketed,last_depth,64,128,4,27,0.402556911110878,0.5041341036558151,repeat indices align samples but methods were timed sequentially; use independent-resample intervals
8,funnel,1,bucketed,last_depth,64,128,4,28,0.5302999243140221,0.49964261054992676,repeat indices align samples but methods were timed sequentially; use independent-resample intervals
8,funnel,1,bucketed,last_depth,64,128,4,29,0.48941120505332947,0.47871071100234985,repeat indices align samples but methods were timed sequentially; use independent-resample intervals
9,funnel,1,bucketed,last_depth,128,128,4,0,0.534582145512104,0.4986115023493767,repeat indices align samples but methods were timed sequentially; use independent-resample intervals
9,funnel,1,bucketed,last_depth,128,128,4,1,0.5516182407736778,0.5291814729571342,repeat indices align samples but methods were timed sequentially; use independent-resample intervals
9,funnel,1,bucketed,last_depth,128,128,4,2,0.46806904673576355,0.5091178640723228,repeat indices align samples but methods were timed sequentially; use independent-resample intervals
9,funnel,1,bucketed,last_depth,128,128,4,3,0.517255462706089,0.4914645329117775,repeat indices align samples but methods were timed sequentially; use independent-resample intervals
9,funnel,1,bucketed,last_depth,128,128,4,4,0.479108527302742,0.4954495131969452,repeat indices align samples but methods were timed sequentially; use independent-resample intervals
9,funnel,1,bucketed,last_depth,128,128,4,5,0.4643801599740982,0.5243863686919212,repeat indices align samples but methods were timed sequentially; use independent-resample intervals
9,funnel,1,bucketed,last_depth,128,128,4,6,0.5001780837774277,0.5249905735254288,repeat indices align samples but methods were timed sequentially; use independent-resample intervals
9,funnel,1,bucketed,last_depth,128,128,4,7,0.4897255301475525,0.5230021849274635,repeat indices align samples but methods were timed sequentially; use independent-resample intervals
9,funnel,1,bucketed,last_depth,128,128,4,8,0.503161296248436,0.48082921653985977,repeat indices align samples but methods were timed sequentially; use independent-resample intervals
9,funnel,1,bucketed,last_depth,128,128,4,9,0.5006910264492035,0.5587793588638306,repeat indices align samples but methods were timed sequentially; use independent-resample intervals
9,funnel,1,bucketed,last_depth,128,128,4,10,0.5574179068207741,0.5059079602360725,repeat indices align samples but methods were timed sequentially; use independent-resample intervals
9,funnel,1,bucketed,last_depth,128,128,4,11,0.5041181445121765,0.5388348400592804,repeat indices align samples but methods were timed sequentially; use independent-resample intervals
9,funnel,1,bucketed,last_depth,128,128,4,12,0.5236015692353249,0.47602246701717377,repeat indices align samples but methods were timed sequentially; use independent-resample intervals
9,funnel,1,bucketed,last_depth,128,128,4,13,0.5387874767184258,0.5053195729851723,repeat indices align samples but methods were timed sequentially; use independent-resample intervals
9,funnel,1,bucketed,last_depth,128,128,4,14,0.527833104133606,0.5117902830243111,repeat indices align samples but methods were timed sequentially; use independent-resample intervals
9,funnel,1,bucketed,last_depth,128,128,4,15,0.5406926646828651,0.4860675036907196,repeat indices align samples but methods were timed sequentially; use independent-resample intervals
9,funnel,1,bucketed,last_depth,128,128,4,16,0.5299087241292,0.5098613202571869,repeat indices align samples but methods were timed sequentially; use independent-resample intervals
9,funnel,1,bucketed,last_depth,128,128,4,17,0.5518362373113632,0.46645402908325195,repeat indices align samples but methods were timed sequentially; use independent-resample intervals
9,funnel,1,bucketed,last_depth,128,128,4,18,0.5821357741951942,0.47157739847898483,repeat indices align samples but methods were timed sequentially; use independent-resample intervals
9,funnel,1,bucketed,last_depth,128,128,4,19,0.5621855854988098,0.5437435135245323,repeat indices align samples but methods were timed sequentially; use independent-resample intervals
9,funnel,1,bucketed,last_depth,128,128,4,20,0.5917812436819077,0.5200162902474403,repeat indices align samples but methods were timed sequentially; use independent-resample intervals
9,funnel,1,bucketed,last_depth,128,128,4,21,0.5839681923389435,0.5070822462439537,repeat indices align samples but methods were timed sequentially; use independent-resample intervals
9,funnel,1,bucketed,last_depth,128,128,4,22,0.5259321630001068,0.49908942729234695,repeat indices align samples but methods were timed sequentially; use independent-resample intervals
9,funnel,1,bucketed,last_depth,128,128,4,23,0.5652626380324364,0.5286569818854332,repeat indices align samples but methods were timed sequentially; use independent-resample intervals
9,funnel,1,bucketed,last_depth,128,128,4,24,0.5115497782826424,0.4827238842844963,repeat indices align samples but methods were timed sequentially; use independent-resample intervals
9,funnel,1,bucketed,last_depth,128,128,4,25,0.5292475074529648,0.5553189292550087,repeat indices align samples but methods were timed sequentially; use independent-resample intervals
9,funnel,1,bucketed,last_depth,128,128,4,26,0.5562383979558945,0.5174856409430504,repeat indices align samples but methods were timed sequentially; use independent-resample intervals
9,funnel,1,bucketed,last_depth,128,128,4,27,0.5674441829323769,0.5041341036558151,repeat indices align samples but methods were timed sequentially; use independent-resample intervals
9,funnel,1,bucketed,last_depth,128,128,4,28,0.5330477207899094,0.49964261054992676,repeat indices align samples but methods were timed sequentially; use independent-resample intervals
9,funnel,1,bucketed,last_depth,128,128,4,29,0.5888669118285179,0.47871071100234985,repeat indices align samples but methods were timed sequentially; use independent-resample intervals
10,funnel,2,monolithic,monolithic,0,128,4,0,0.4382746070623398,0.4382746070623398,repeat indices align samples but methods were timed sequentially; use independent-resample intervals
10,funnel,2,monolithic,monolithic,0,128,4,1,0.4026622176170349,0.4026622176170349,repeat indices align samples but methods were timed sequentially; use independent-resample intervals
10,funnel,2,monolithic,monolithic,0,128,4,2,0.38101713359355927,0.38101713359355927,repeat indices align samples but methods were timed sequentially; use independent-resample intervals
10,funnel,2,monolithic,monolithic,0,128,4,3,0.4325924515724182,0.4325924515724182,repeat indices align samples but methods were timed sequentially; use independent-resample intervals
10,funnel,2,monolithic,monolithic,0,128,4,4,0.38994067907333374,0.38994067907333374,repeat indices align samples but methods were timed sequentially; use independent-resample intervals
10,funnel,2,monolithic,monolithic,0,128,4,5,0.3908245489001274,0.3908245489001274,repeat indices align samples but methods were timed sequentially; use independent-resample intervals
10,funnel,2,monolithic,monolithic,0,128,4,6,0.35630466789007187,0.35630466789007187,repeat indices align samples but methods were timed sequentially; use independent-resample intervals
10,funnel,2,monolithic,monolithic,0,128,4,7,0.33417852967977524,0.33417852967977524,repeat indices align samples but methods were timed sequentially; use independent-resample intervals
10,funnel,2,monolithic,monolithic,0,128,4,8,0.41337986290454865,0.41337986290454865,repeat indices align samples but methods were timed sequentially; use independent-resample intervals
10,funnel,2,monolithic,monolithic,0,128,4,9,0.4234119653701782,0.4234119653701782,repeat indices align samples but methods were timed sequentially; use independent-resample intervals
10,funnel,2,monolithic,monolithic,0,128,4,10,0.40161675214767456,0.40161675214767456,repeat indices align samples but methods were timed sequentially; use independent-resample intervals
10,funnel,2,monolithic,monolithic,0,128,4,11,0.42342422902584076,0.42342422902584076,repeat indices align samples but methods were timed sequentially; use independent-resample intervals
10,funnel,2,monolithic,monolithic,0,128,4,12,0.36503371596336365,0.36503371596336365,repeat indices align samples but methods were timed sequentially; use independent-resample intervals
10,funnel,2,monolithic,monolithic,0,128,4,13,0.3866198658943176,0.3866198658943176,repeat indices align samples but methods were timed sequentially; use independent-resample intervals
10,funnel,2,monolithic,monolithic,0,128,4,14,0.37354951351881027,0.37354951351881027,repeat indices align samples but methods were timed sequentially; use independent-resample intervals
10,funnel,2,monolithic,monolithic,0,128,4,15,0.43178988993167877,0.43178988993167877,repeat indices align samples but methods were timed sequentially; use independent-resample intervals
10,funnel,2,monolithic,monolithic,0,128,4,16,0.403658889234066,0.403658889234066,repeat indices align samples but methods were timed sequentially; use independent-resample intervals
10,funnel,2,monolithic,monolithic,0,128,4,17,0.38228125125169754,0.38228125125169754,repeat indices align samples but methods were timed sequentially; use independent-resample intervals
10,funnel,2,monolithic,monolithic,0,128,4,18,0.38042864203453064,0.38042864203453064,repeat indices align samples but methods were timed sequentially; use independent-resample intervals
10,funnel,2,monolithic,monolithic,0,128,4,19,0.3630584105849266,0.3630584105849266,repeat indices align samples but methods were timed sequentially; use independent-resample intervals
10,funnel,2,monolithic,monolithic,0,128,4,20,0.40115582197904587,0.40115582197904587,repeat indices align samples but methods were timed sequentially; use independent-resample intervals
10,funnel,2,monolithic,monolithic,0,128,4,21,0.45164502412080765,0.45164502412080765,repeat indices align samples but methods were timed sequentially; use independent-resample intervals
10,funnel,2,monolithic,monolithic,0,128,4,22,0.38873516023159027,0.38873516023159027,repeat indices align samples but methods were timed sequentially; use independent-resample intervals
10,funnel,2,monolithic,monolithic,0,128,4,23,0.39632517844438553,0.39632517844438553,repeat indices align samples but methods were timed sequentially; use independent-resample intervals
10,funnel,2,monolithic,monolithic,0,128,4,24,0.36194387823343277,0.36194387823343277,repeat indices align samples but methods were timed sequentially; use independent-resample intervals
10,funnel,2,monolithic,monolithic,0,128,4,25,0.4017558991909027,0.4017558991909027,repeat indices align samples but methods were timed sequentially; use independent-resample intervals
10,funnel,2,monolithic,monolithic,0,128,4,26,0.3934476226568222,0.3934476226568222,repeat indices align samples but methods were timed sequentially; use independent-resample intervals
10,funnel,2,monolithic,monolithic,0,128,4,27,0.41038330644369125,0.41038330644369125,repeat indices align samples but methods were timed sequentially; use independent-resample intervals
10,funnel,2,monolithic,monolithic,0,128,4,28,0.4033662751317024,0.4033662751317024,repeat indices align samples but methods were timed sequentially; use independent-resample intervals
10,funnel,2,monolithic,monolithic,0,128,4,29,0.40390656888484955,0.40390656888484955,repeat indices align samples but methods were timed sequentially; use independent-resample intervals
11,funnel,2,bucketed,history,64,128,4,0,0.4137715548276901,0.4382746070623398,repeat indices align samples but methods were timed sequentially; use independent-resample intervals
11,funnel,2,bucketed,history,64,128,4,1,0.3923771381378174,0.4026622176170349,repeat indices align samples but methods were timed sequentially; use independent-resample intervals
11,funnel,2,bucketed,history,64,128,4,2,0.4169684052467346,0.38101713359355927,repeat indices align samples but methods were timed sequentially; use independent-resample intervals
11,funnel,2,bucketed,history,64,128,4,3,0.3762993589043617,0.4325924515724182,repeat indices align samples but methods were timed sequentially; use independent-resample intervals
11,funnel,2,bucketed,history,64,128,4,4,0.49687425792217255,0.38994067907333374,repeat indices align samples but methods were timed sequentially; use independent-resample intervals
11,funnel,2,bucketed,history,64,128,4,5,0.4583612084388733,0.3908245489001274,repeat indices align samples but methods were timed sequentially; use independent-resample intervals
11,funnel,2,bucketed,history,64,128,4,6,0.481779083609581,0.35630466789007187,repeat indices align samples but methods were timed sequentially; use independent-resample intervals
11,funnel,2,bucketed,history,64,128,4,7,0.46565548330545425,0.33417852967977524,repeat indices align samples but methods were timed sequentially; use independent-resample intervals
11,funnel,2,bucketed,history,64,128,4,8,0.4078088700771332,0.41337986290454865,repeat indices align samples but methods were timed sequentially; use independent-resample intervals
11,funnel,2,bucketed,history,64,128,4,9,0.4706360176205635,0.4234119653701782,repeat indices align samples but methods were timed sequentially; use independent-resample intervals
11,funnel,2,bucketed,history,64,128,4,10,0.4265868291258812,0.40161675214767456,repeat indices align samples but methods were timed sequentially; use independent-resample intervals
11,funnel,2,bucketed,history,64,128,4,11,0.4703996703028679,0.42342422902584076,repeat indices align samples but methods were timed sequentially; use independent-resample intervals
11,funnel,2,bucketed,history,64,128,4,12,0.45451371371746063,0.36503371596336365,repeat indices align samples but methods were timed sequentially; use independent-resample intervals
11,funnel,2,bucketed,history,64,128,4,13,0.47210683673620224,0.3866198658943176,repeat indices align samples but methods were timed sequentially; use independent-resample intervals
11,funnel,2,bucketed,history,64,128,4,14,0.47611697018146515,0.37354951351881027,repeat indices align samples but methods were timed sequentially; use independent-resample intervals
11,funnel,2,bucketed,history,64,128,4,15,0.48304108530282974,0.43178988993167877,repeat indices align samples but methods were timed sequentially; use independent-resample intervals
11,funnel,2,bucketed,history,64,128,4,16,0.4640599489212036,0.403658889234066,repeat indices align samples but methods were timed sequentially; use independent-resample intervals
11,funnel,2,bucketed,history,64,128,4,17,0.4621030017733574,0.38228125125169754,repeat indices align samples but methods were timed sequentially; use independent-resample intervals
11,funnel,2,bucketed,history,64,128,4,18,0.42391038686037064,0.38042864203453064,repeat indices align samples but methods were timed sequentially; use independent-resample intervals
11,funnel,2,bucketed,history,64,128,4,19,0.4278261810541153,0.3630584105849266,repeat indices align samples but methods were timed sequentially; use independent-resample intervals
11,funnel,2,bucketed,history,64,128,4,20,0.4939100220799446,0.40115582197904587,repeat indices align samples but methods were timed sequentially; use independent-resample intervals
11,funnel,2,bucketed,history,64,128,4,21,0.4017215594649315,0.45164502412080765,repeat indices align samples but methods were timed sequentially; use independent-resample intervals
11,funnel,2,bucketed,history,64,128,4,22,0.5037780255079269,0.38873516023159027,repeat indices align samples but methods were timed sequentially; use independent-resample intervals
11,funnel,2,bucketed,history,64,128,4,23,0.46516258269548416,0.39632517844438553,repeat indices align samples but methods were timed sequentially; use independent-resample intervals
11,funnel,2,bucketed,history,64,128,4,24,0.5132919475436211,0.36194387823343277,repeat indices align samples but methods were timed sequentially; use independent-resample intervals
11,funnel,2,bucketed,history,64,128,4,25,0.4811795949935913,0.4017558991909027,repeat indices align samples but methods were timed sequentially; use independent-resample intervals
11,funnel,2,bucketed,history,64,128,4,26,0.48863818496465683,0.3934476226568222,repeat indices align samples but methods were timed sequentially; use independent-resample intervals
11,funnel,2,bucketed,history,64,128,4,27,0.5366776511073112,0.41038330644369125,repeat indices align samples but methods were timed sequentially; use independent-resample intervals
11,funnel,2,bucketed,history,64,128,4,28,0.4300279840826988,0.4033662751317024,repeat indices align samples but methods were timed sequentially; use independent-resample intervals
11,funnel,2,bucketed,history,64,128,4,29,0.47771550714969635,0.40390656888484955,repeat indices align samples but methods were timed sequentially; use independent-resample intervals
12,funnel,2,bucketed,history,128,128,4,0,0.465404748916626,0.4382746070623398,repeat indices align samples but methods were timed sequentially; use independent-resample intervals
12,funnel,2,bucketed,history,128,128,4,1,0.5056410357356071,0.4026622176170349,repeat indices align samples but methods were timed sequentially; use independent-resample intervals
12,funnel,2,bucketed,history,128,128,4,2,0.4973408207297325,0.38101713359355927,repeat indices align samples but methods were timed sequentially; use independent-resample intervals
12,funnel,2,bucketed,history,128,128,4,3,0.5556305423378944,0.4325924515724182,repeat indices align samples but methods were timed sequentially; use independent-resample intervals
12,funnel,2,bucketed,history,128,128,4,4,0.5436055213212967,0.38994067907333374,repeat indices align samples but methods were timed sequentially; use independent-resample intervals
12,funnel,2,bucketed,history,128,128,4,5,0.5035626515746117,0.3908245489001274,repeat indices align samples but methods were timed sequentially; use independent-resample intervals
12,funnel,2,bucketed,history,128,128,4,6,0.5791559666395187,0.35630466789007187,repeat indices align samples but methods were timed sequentially; use independent-resample intervals
12,funnel,2,bucketed,history,128,128,4,7,0.5108621791005135,0.33417852967977524,repeat indices align samples but methods were timed sequentially; use independent-resample intervals
12,funnel,2,bucketed,history,128,128,4,8,0.5979644283652306,0.41337986290454865,repeat indices align samples but methods were timed sequentially; use independent-resample intervals
12,funnel,2,bucketed,history,128,128,4,9,0.5284555181860924,0.4234119653701782,repeat indices align samples but methods were timed sequentially; use independent-resample intervals
12,funnel,2,bucketed,history,128,128,4,10,0.5245832800865173,0.40161675214767456,repeat indices align samples but methods were timed sequentially; use independent-resample intervals
12,funnel,2,bucketed,history,128,128,4,11,0.49432409554719925,0.42342422902584076,repeat indices align samples but methods were timed sequentially; use independent-resample intervals
12,funnel,2,bucketed,history,128,128,4,12,0.4683745428919792,0.36503371596336365,repeat indices align samples but methods were timed sequentially; use independent-resample intervals
12,funnel,2,bucketed,history,128,128,4,13,0.5086382329463959,0.3866198658943176,repeat indices align samples but methods were timed sequentially; use independent-resample intervals
12,funnel,2,bucketed,history,128,128,4,14,0.5696907714009285,0.37354951351881027,repeat indices align samples but methods were timed sequentially; use independent-resample intervals
12,funnel,2,bucketed,history,128,128,4,15,0.5697668045759201,0.43178988993167877,repeat indices align samples but methods were timed sequentially; use independent-resample intervals
12,funnel,2,bucketed,history,128,128,4,16,0.5595419928431511,0.403658889234066,repeat indices align samples but methods were timed sequentially; use independent-resample intervals
12,funnel,2,bucketed,history,128,128,4,17,0.4607115611433983,0.38228125125169754,repeat indices align samples but methods were timed sequentially; use independent-resample intervals
12,funnel,2,bucketed,history,128,128,4,18,0.49874942749738693,0.38042864203453064,repeat indices align samples but methods were timed sequentially; use independent-resample intervals
12,funnel,2,bucketed,history,128,128,4,19,0.5364595502614975,0.3630584105849266,repeat indices align samples but methods were timed sequentially; use independent-resample intervals
12,funnel,2,bucketed,history,128,128,4,20,0.5357343852519989,0.40115582197904587,repeat indices align samples but methods were timed sequentially; use independent-resample intervals
12,funnel,2,bucketed,history,128,128,4,21,0.5020710676908493,0.45164502412080765,repeat indices align samples but methods were timed sequentially; use independent-resample intervals
12,funnel,2,bucketed,history,128,128,4,22,0.510664664208889,0.38873516023159027,repeat indices align samples but methods were timed sequentially; use independent-resample intervals
12,funnel,2,bucketed,history,128,128,4,23,0.5269800052046776,0.39632517844438553,repeat indices align samples but methods were timed sequentially; use independent-resample intervals
12,funnel,2,bucketed,history,128,128,4,24,0.5727876722812653,0.36194387823343277,repeat indices align samples but methods were timed sequentially; use independent-resample intervals
12,funnel,2,bucketed,history,128,128,4,25,0.5229794234037399,0.4017558991909027,repeat indices align samples but methods were timed sequentially; use independent-resample intervals
12,funnel,2,bucketed,history,128,128,4,26,0.5623111873865128,0.3934476226568222,repeat indices align samples but methods were timed sequentially; use independent-resample intervals
12,funnel,2,bucketed,history,128,128,4,27,0.4989182651042938,0.41038330644369125,repeat indices align samples but methods were timed sequentially; use independent-resample intervals
12,funnel,2,bucketed,history,128,128,4,28,0.5381362587213516,0.4033662751317024,repeat indices align samples but methods were timed sequentially; use independent-resample intervals
12,funnel,2,bucketed,history,128,128,4,29,0.5271080210804939,0.40390656888484955,repeat indices align samples but methods were timed sequentially; use independent-resample intervals
13,funnel,2,bucketed,last_depth,64,128,4,0,0.4906126484274864,0.4382746070623398,repeat indices align samples but methods were timed sequentially; use independent-resample intervals
13,funnel,2,bucketed,last_depth,64,128,4,1,0.4762442111968994,0.4026622176170349,repeat indices align samples but methods were timed sequentially; use independent-resample intervals
13,funnel,2,bucketed,last_depth,64,128,4,2,0.48305706679821014,0.38101713359355927,repeat indices align samples but methods were timed sequentially; use independent-resample intervals
13,funnel,2,bucketed,last_depth,64,128,4,3,0.48651088029146194,0.4325924515724182,repeat indices align samples but methods were timed sequentially; use independent-resample intervals
13,funnel,2,bucketed,last_depth,64,128,4,4,0.494120791554451,0.38994067907333374,repeat indices align samples but methods were timed sequentially; use independent-resample intervals
13,funnel,2,bucketed,last_depth,64,128,4,5,0.50337815284729,0.3908245489001274,repeat indices align samples but methods were timed sequentially; use independent-resample intervals
13,funnel,2,bucketed,last_depth,64,128,4,6,0.4732491075992584,0.35630466789007187,repeat indices align samples but methods were timed sequentially; use independent-resample intervals
13,funnel,2,bucketed,last_depth,64,128,4,7,0.5176790803670883,0.33417852967977524,repeat indices align samples but methods were timed sequentially; use independent-resample intervals
13,funnel,2,bucketed,last_depth,64,128,4,8,0.5121669098734856,0.41337986290454865,repeat indices align samples but methods were timed sequentially; use independent-resample intervals
13,funnel,2,bucketed,last_depth,64,128,4,9,0.5233646482229233,0.4234119653701782,repeat indices align samples but methods were timed sequentially; use independent-resample intervals
13,funnel,2,bucketed,last_depth,64,128,4,10,0.45637674629688263,0.40161675214767456,repeat indices align samples but methods were timed sequentially; use independent-resample intervals
13,funnel,2,bucketed,last_depth,64,128,4,11,0.5404808670282364,0.42342422902584076,repeat indices align samples but methods were timed sequentially; use independent-resample intervals
13,funnel,2,bucketed,last_depth,64,128,4,12,0.589994952082634,0.36503371596336365,repeat indices align samples but methods were timed sequentially; use independent-resample intervals
13,funnel,2,bucketed,last_depth,64,128,4,13,0.5840973034501076,0.3866198658943176,repeat indices align samples but methods were timed sequentially; use independent-resample intervals
13,funnel,2,bucketed,last_depth,64,128,4,14,0.6649202257394791,0.37354951351881027,repeat indices align samples but methods were timed sequentially; use independent-resample intervals
13,funnel,2,bucketed,last_depth,64,128,4,15,0.47363077104091644,0.43178988993167877,repeat indices align samples but methods were timed sequentially; use independent-resample intervals
13,funnel,2,bucketed,last_depth,64,128,4,16,0.5758757889270782,0.403658889234066,repeat indices align samples but methods were timed sequentially; use independent-resample intervals
13,funnel,2,bucketed,last_depth,64,128,4,17,0.4821891486644745,0.38228125125169754,repeat indices align samples but methods were timed sequentially; use independent-resample intervals
13,funnel,2,bucketed,last_depth,64,128,4,18,0.4629109501838684,0.38042864203453064,repeat indices align samples but methods were timed sequentially; use independent-resample intervals
13,funnel,2,bucketed,last_depth,64,128,4,19,0.48786279559135437,0.3630584105849266,repeat indices align samples but methods were timed sequentially; use independent-resample intervals
13,funnel,2,bucketed,last_depth,64,128,4,20,0.5464126393198967,0.40115582197904587,repeat indices align samples but methods were timed sequentially; use independent-resample intervals
13,funnel,2,bucketed,last_depth,64,128,4,21,0.5022025406360626,0.45164502412080765,repeat indices align samples but methods were timed sequentially; use independent-resample intervals
13,funnel,2,bucketed,last_depth,64,128,4,22,0.654716856777668,0.38873516023159027,repeat indices align samples but methods were timed sequentially; use independent-resample intervals
13,funnel,2,bucketed,last_depth,64,128,4,23,0.6878454759716988,0.39632517844438553,repeat indices align samples but methods were timed sequentially; use independent-resample intervals
13,funnel,2,bucketed,last_depth,64,128,4,24,0.7005295753479004,0.36194387823343277,repeat indices align samples but methods were timed sequentially; use independent-resample intervals
13,funnel,2,bucketed,last_depth,64,128,4,25,0.6216505318880081,0.4017558991909027,repeat indices align samples but methods were timed sequentially; use independent-resample intervals
13,funnel,2,bucketed,last_depth,64,128,4,26,0.5422480404376984,0.3934476226568222,repeat indices align samples but methods were timed sequentially; use independent-resample intervals
13,funnel,2,bucketed,last_depth,64,128,4,27,0.5123259723186493,0.41038330644369125,repeat indices align samples but methods were timed sequentially; use independent-resample intervals
13,funnel,2,bucketed,last_depth,64,128,4,28,0.5339941009879112,0.4033662751317024,repeat indices align samples but methods were timed sequentially; use independent-resample intervals
13,funnel,2,bucketed,last_depth,64,128,4,29,0.5034937113523483,0.40390656888484955,repeat indices align samples but methods were timed sequentially; use independent-resample intervals
14,funnel,2,bucketed,last_depth,128,128,4,0,0.517680712044239,0.4382746070623398,repeat indices align samples but methods were timed sequentially; use independent-resample intervals
14,funnel,2,bucketed,last_depth,128,128,4,1,0.5825217366218567,0.4026622176170349,repeat indices align samples but methods were timed sequentially; use independent-resample intervals
14,funnel,2,bucketed,last_depth,128,128,4,2,0.5265099927783012,0.38101713359355927,repeat indices align samples but methods were timed sequentially; use independent-resample intervals
14,funnel,2,bucketed,last_depth,128,128,4,3,0.581193707883358,0.4325924515724182,repeat indices align samples but methods were timed sequentially; use independent-resample intervals
14,funnel,2,bucketed,last_depth,128,128,4,4,0.4809928312897682,0.38994067907333374,repeat indices align samples but methods were timed sequentially; use independent-resample intervals
14,funnel,2,bucketed,last_depth,128,128,4,5,0.5205643177032471,0.3908245489001274,repeat indices align samples but methods were timed sequentially; use independent-resample intervals
14,funnel,2,bucketed,last_depth,128,128,4,6,0.43714655190706253,0.35630466789007187,repeat indices align samples but methods were timed sequentially; use independent-resample intervals
14,funnel,2,bucketed,last_depth,128,128,4,7,0.4639516919851303,0.33417852967977524,repeat indices align samples but methods were timed sequentially; use independent-resample intervals
14,funnel,2,bucketed,last_depth,128,128,4,8,0.43429265171289444,0.41337986290454865,repeat indices align samples but methods were timed sequentially; use independent-resample intervals
14,funnel,2,bucketed,last_depth,128,128,4,9,0.49647610634565353,0.4234119653701782,repeat indices align samples but methods were timed sequentially; use independent-resample intervals
14,funnel,2,bucketed,last_depth,128,128,4,10,0.46473636478185654,0.40161675214767456,repeat indices align samples but methods were timed sequentially; use independent-resample intervals
14,funnel,2,bucketed,last_depth,128,128,4,11,0.5048733204603195,0.42342422902584076,repeat indices align samples but methods were timed sequentially; use independent-resample intervals
14,funnel,2,bucketed,last_depth,128,128,4,12,0.5527914762496948,0.36503371596336365,repeat indices align samples but methods were timed sequentially; use independent-resample intervals
14,funnel,2,bucketed,last_depth,128,128,4,13,0.5639346614480019,0.3866198658943176,repeat indices align samples but methods were timed sequentially; use independent-resample intervals
14,funnel,2,bucketed,last_depth,128,128,4,14,0.4861487150192261,0.37354951351881027,repeat indices align samples but methods were timed sequentially; use independent-resample intervals
14,funnel,2,bucketed,last_depth,128,128,4,15,0.5010268986225128,0.43178988993167877,repeat indices align samples but methods were timed sequentially; use independent-resample intervals
14,funnel,2,bucketed,last_depth,128,128,4,16,0.4699428826570511,0.403658889234066,repeat indices align samples but methods were timed sequentially; use independent-resample intervals
14,funnel,2,bucketed,last_depth,128,128,4,17,0.5368354320526123,0.38228125125169754,repeat indices align samples but methods were timed sequentially; use independent-resample intervals
14,funnel,2,bucketed,last_depth,128,128,4,18,0.5090360566973686,0.38042864203453064,repeat indices align samples but methods were timed sequentially; use independent-resample intervals
14,funnel,2,bucketed,last_depth,128,128,4,19,0.5105695724487305,0.3630584105849266,repeat indices align samples but methods were timed sequentially; use independent-resample intervals
14,funnel,2,bucketed,last_depth,128,128,4,20,0.4644099175930023,0.40115582197904587,repeat indices align samples but methods were timed sequentially; use independent-resample intervals
14,funnel,2,bucketed,last_depth,128,128,4,21,0.6022130846977234,0.45164502412080765,repeat indices align samples but methods were timed sequentially; use independent-resample intervals
14,funnel,2,bucketed,last_depth,128,128,4,22,0.46163609623908997,0.38873516023159027,repeat indices align samples but methods were timed sequentially; use independent-resample intervals
14,funnel,2,bucketed,last_depth,128,128,4,23,0.5022802203893661,0.39632517844438553,repeat indices align samples but methods were timed sequentially; use independent-resample intervals
14,funnel,2,bucketed,last_depth,128,128,4,24,0.5069123208522797,0.36194387823343277,repeat indices align samples but methods were timed sequentially; use independent-resample intervals
14,funnel,2,bucketed,last_depth,128,128,4,25,0.520114041864872,0.4017558991909027,repeat indices align samples but methods were timed sequentially; use independent-resample intervals
14,funnel,2,bucketed,last_depth,128,128,4,26,0.512326642870903,0.3934476226568222,repeat indices align samples but methods were timed sequentially; use independent-resample intervals
14,funnel,2,bucketed,last_depth,128,128,4,27,0.5455425381660461,0.41038330644369125,repeat indices align samples but methods were timed sequentially; use independent-resample intervals
14,funnel,2,bucketed,last_depth,128,128,4,28,0.48788537830114365,0.4033662751317024,repeat indices align samples but methods were timed sequentially; use independent-resample intervals
14,funnel,2,bucketed,last_depth,128,128,4,29,0.566147044301033,0.40390656888484955,repeat indices align samples but methods were timed sequentially; use independent-resample intervals
15,funnel,3,monolithic,monolithic,0,128,4,0,0.5823844522237778,0.5823844522237778,repeat indices align samples but methods were timed sequentially; use independent-resample intervals
15,funnel,3,monolithic,monolithic,0,128,4,1,0.5681079924106598,0.5681079924106598,repeat indices align samples but methods were timed sequentially; use independent-resample intervals
15,funnel,3,monolithic,monolithic,0,128,4,2,0.5420544072985649,0.5420544072985649,repeat indices align samples but methods were timed sequentially; use independent-resample intervals
15,funnel,3,monolithic,monolithic,0,128,4,3,0.5617347881197929,0.5617347881197929,repeat indices align samples but methods were timed sequentially; use independent-resample intervals
15,funnel,3,monolithic,monolithic,0,128,4,4,0.599363774061203,0.599363774061203,repeat indices align samples but methods were timed sequentially; use independent-resample intervals
15,funnel,3,monolithic,monolithic,0,128,4,5,0.6520231440663338,0.6520231440663338,repeat indices align samples but methods were timed sequentially; use independent-resample intervals
15,funnel,3,monolithic,monolithic,0,128,4,6,0.5911411643028259,0.5911411643028259,repeat indices align samples but methods were timed sequentially; use independent-resample intervals
15,funnel,3,monolithic,monolithic,0,128,4,7,0.5722815245389938,0.5722815245389938,repeat indices align samples but methods were timed sequentially; use independent-resample intervals
15,funnel,3,monolithic,monolithic,0,128,4,8,0.6140395179390907,0.6140395179390907,repeat indices align samples but methods were timed sequentially; use independent-resample intervals
15,funnel,3,monolithic,monolithic,0,128,4,9,0.5608030557632446,0.5608030557632446,repeat indices align samples but methods were timed sequentially; use independent-resample intervals
15,funnel,3,monolithic,monolithic,0,128,4,10,0.5428308993577957,0.5428308993577957,repeat indices align samples but methods were timed sequentially; use independent-resample intervals
15,funnel,3,monolithic,monolithic,0,128,4,11,0.5364931896328926,0.5364931896328926,repeat indices align samples but methods were timed sequentially; use independent-resample intervals
15,funnel,3,monolithic,monolithic,0,128,4,12,0.5487838611006737,0.5487838611006737,repeat indices align samples but methods were timed sequentially; use independent-resample intervals
15,funnel,3,monolithic,monolithic,0,128,4,13,0.5816996544599533,0.5816996544599533,repeat indices align samples but methods were timed sequentially; use independent-resample intervals
15,funnel,3,monolithic,monolithic,0,128,4,14,0.5375073850154877,0.5375073850154877,repeat indices align samples but methods were timed sequentially; use independent-resample intervals
15,funnel,3,monolithic,monolithic,0,128,4,15,0.6440446674823761,0.6440446674823761,repeat indices align samples but methods were timed sequentially; use independent-resample intervals
15,funnel,3,monolithic,monolithic,0,128,4,16,0.5673429220914841,0.5673429220914841,repeat indices align samples but methods were timed sequentially; use independent-resample intervals
15,funnel,3,monolithic,monolithic,0,128,4,17,0.5764080733060837,0.5764080733060837,repeat indices align samples but methods were timed sequentially; use independent-resample intervals
15,funnel,3,monolithic,monolithic,0,128,4,18,0.6117228865623474,0.6117228865623474,repeat indices align samples but methods were timed sequentially; use independent-resample intervals
15,funnel,3,monolithic,monolithic,0,128,4,19,0.5247484296560287,0.5247484296560287,repeat indices align samples but methods were timed sequentially; use independent-resample intervals
15,funnel,3,monolithic,monolithic,0,128,4,20,0.577301412820816,0.577301412820816,repeat indices align samples but methods were timed sequentially; use independent-resample intervals
15,funnel,3,monolithic,monolithic,0,128,4,21,0.6006572395563126,0.6006572395563126,repeat indices align samples but methods were timed sequentially; use independent-resample intervals
15,funnel,3,monolithic,monolithic,0,128,4,22,0.6264584213495255,0.6264584213495255,repeat indices align samples but methods were timed sequentially; use independent-resample intervals
15,funnel,3,monolithic,monolithic,0,128,4,23,0.5565924644470215,0.5565924644470215,repeat indices align samples but methods were timed sequentially; use independent-resample intervals
15,funnel,3,monolithic,monolithic,0,128,4,24,0.5871739611029625,0.5871739611029625,repeat indices align samples but methods were timed sequentially; use independent-resample intervals
15,funnel,3,monolithic,monolithic,0,128,4,25,0.6833281591534615,0.6833281591534615,repeat indices align samples but methods were timed sequentially; use independent-resample intervals
15,funnel,3,monolithic,monolithic,0,128,4,26,0.5797429233789444,0.5797429233789444,repeat indices align samples but methods were timed sequentially; use independent-resample intervals
15,funnel,3,monolithic,monolithic,0,128,4,27,0.6152239143848419,0.6152239143848419,repeat indices align samples but methods were timed sequentially; use independent-resample intervals
15,funnel,3,monolithic,monolithic,0,128,4,28,0.6449383869767189,0.6449383869767189,repeat indices align samples but methods were timed sequentially; use independent-resample intervals
15,funnel,3,monolithic,monolithic,0,128,4,29,0.5696083605289459,0.5696083605289459,repeat indices align samples but methods were timed sequentially; use independent-resample intervals
16,funnel,3,bucketed,history,64,128,4,0,0.7448430806398392,0.5823844522237778,repeat indices align samples but methods were timed sequentially; use independent-resample intervals
16,funnel,3,bucketed,history,64,128,4,1,0.7574300318956375,0.5681079924106598,repeat indices align samples but methods were timed sequentially; use independent-resample intervals
16,funnel,3,bucketed,history,64,128,4,2,0.7593353614211082,0.5420544072985649,repeat indices align samples but methods were timed sequentially; use independent-resample intervals
16,funnel,3,bucketed,history,64,128,4,3,0.666386790573597,0.5617347881197929,repeat indices align samples but methods were timed sequentially; use independent-resample intervals
16,funnel,3,bucketed,history,64,128,4,4,0.594869077205658,0.599363774061203,repeat indices align samples but methods were timed sequentially; use independent-resample intervals
16,funnel,3,bucketed,history,64,128,4,5,0.5676027983427048,0.6520231440663338,repeat indices align samples but methods were timed sequentially; use independent-resample intervals
16,funnel,3,bucketed,history,64,128,4,6,0.586779847741127,0.5911411643028259,repeat indices align samples but methods were timed sequentially; use independent-resample intervals
16,funnel,3,bucketed,history,64,128,4,7,0.6675345748662949,0.5722815245389938,repeat indices align samples but methods were timed sequentially; use independent-resample intervals
16,funnel,3,bucketed,history,64,128,4,8,0.7283380851149559,0.6140395179390907,repeat indices align samples but methods were timed sequentially; use independent-resample intervals
16,funnel,3,bucketed,history,64,128,4,9,0.673526257276535,0.5608030557632446,repeat indices align samples but methods were timed sequentially; use independent-resample intervals
16,funnel,3,bucketed,history,64,128,4,10,0.5652151852846146,0.5428308993577957,repeat indices align samples but methods were timed sequentially; use independent-resample intervals
16,funnel,3,bucketed,history,64,128,4,11,0.6650128737092018,0.5364931896328926,repeat indices align samples but methods were timed sequentially; use independent-resample intervals
16,funnel,3,bucketed,history,64,128,4,12,0.6594177260994911,0.5487838611006737,repeat indices align samples but methods were timed sequentially; use independent-resample intervals
16,funnel,3,bucketed,history,64,128,4,13,0.6562311500310898,0.5816996544599533,repeat indices align samples but methods were timed sequentially; use independent-resample intervals
16,funnel,3,bucketed,history,64,128,4,14,0.6661183312535286,0.5375073850154877,repeat indices align samples but methods were timed sequentially; use independent-resample intervals
16,funnel,3,bucketed,history,64,128,4,15,0.5293520018458366,0.6440446674823761,repeat indices align samples but methods were timed sequentially; use independent-resample intervals
16,funnel,3,bucketed,history,64,128,4,16,0.6083129197359085,0.5673429220914841,repeat indices align samples but methods were timed sequentially; use independent-resample intervals
16,funnel,3,bucketed,history,64,128,4,17,0.6386858820915222,0.5764080733060837,repeat indices align samples but methods were timed sequentially; use independent-resample intervals
16,funnel,3,bucketed,history,64,128,4,18,0.58357734978199,0.6117228865623474,repeat indices align samples but methods were timed sequentially; use independent-resample intervals
16,funnel,3,bucketed,history,64,128,4,19,0.6255323737859726,0.5247484296560287,repeat indices align samples but methods were timed sequentially; use independent-resample intervals
16,funnel,3,bucketed,history,64,128,4,20,0.5992359071969986,0.577301412820816,repeat indices align samples but methods were timed sequentially; use independent-resample intervals
16,funnel,3,bucketed,history,64,128,4,21,0.6146487072110176,0.6006572395563126,repeat indices align samples but methods were timed sequentially; use independent-resample intervals
16,funnel,3,bucketed,history,64,128,4,22,0.49242790788412094,0.6264584213495255,repeat indices align samples but methods were timed sequentially; use independent-resample intervals
16,funnel,3,bucketed,history,64,128,4,23,0.7161131873726845,0.5565924644470215,repeat indices align samples but methods were timed sequentially; use independent-resample intervals
16,funnel,3,bucketed,history,64,128,4,24,0.6202714368700981,0.5871739611029625,repeat indices align samples but methods were timed sequentially; use independent-resample intervals
16,funnel,3,bucketed,history,64,128,4,25,0.6272724345326424,0.6833281591534615,repeat indices align samples but methods were timed sequentially; use independent-resample intervals
16,funnel,3,bucketed,history,64,128,4,26,0.7032530382275581,0.5797429233789444,repeat indices align samples but methods were timed sequentially; use independent-resample intervals
16,funnel,3,bucketed,history,64,128,4,27,0.6102845519781113,0.6152239143848419,repeat indices align samples but methods were timed sequentially; use independent-resample intervals
16,funnel,3,bucketed,history,64,128,4,28,0.5840405225753784,0.6449383869767189,repeat indices align samples but methods were timed sequentially; use independent-resample intervals
16,funnel,3,bucketed,history,64,128,4,29,0.7077437564730644,0.5696083605289459,repeat indices align samples but methods were timed sequentially; use independent-resample intervals
17,funnel,3,bucketed,history,128,128,4,0,0.7259365692734718,0.5823844522237778,repeat indices align samples but methods were timed sequentially; use independent-resample intervals
17,funnel,3,bucketed,history,128,128,4,1,0.7321779429912567,0.5681079924106598,repeat indices align samples but methods were timed sequentially; use independent-resample intervals
17,funnel,3,bucketed,history,128,128,4,2,0.7907956019043922,0.5420544072985649,repeat indices align samples but methods were timed sequentially; use independent-resample intervals
17,funnel,3,bucketed,history,128,128,4,3,0.7385845109820366,0.5617347881197929,repeat indices align samples but methods were timed sequentially; use independent-resample intervals
17,funnel,3,bucketed,history,128,128,4,4,0.7120539769530296,0.599363774061203,repeat indices align samples but methods were timed sequentially; use independent-resample intervals
17,funnel,3,bucketed,history,128,128,4,5,0.6912394538521767,0.6520231440663338,repeat indices align samples but methods were timed sequentially; use independent-resample intervals
17,funnel,3,bucketed,history,128,128,4,6,0.7464943677186966,0.5911411643028259,repeat indices align samples but methods were timed sequentially; use independent-resample intervals
17,funnel,3,bucketed,history,128,128,4,7,0.7365024834871292,0.5722815245389938,repeat indices align samples but methods were timed sequentially; use independent-resample intervals
17,funnel,3,bucketed,history,128,128,4,8,0.7882805466651917,0.6140395179390907,repeat indices align samples but methods were timed sequentially; use independent-resample intervals
17,funnel,3,bucketed,history,128,128,4,9,0.764782153069973,0.5608030557632446,repeat indices align samples but methods were timed sequentially; use independent-resample intervals
17,funnel,3,bucketed,history,128,128,4,10,0.682071678340435,0.5428308993577957,repeat indices align samples but methods were timed sequentially; use independent-resample intervals
17,funnel,3,bucketed,history,128,128,4,11,0.7289876267313957,0.5364931896328926,repeat indices align samples but methods were timed sequentially; use independent-resample intervals
17,funnel,3,bucketed,history,128,128,4,12,0.6699258908629417,0.5487838611006737,repeat indices align samples but methods were timed sequentially; use independent-resample intervals
17,funnel,3,bucketed,history,128,128,4,13,0.7333645969629288,0.5816996544599533,repeat indices align samples but methods were timed sequentially; use independent-resample intervals
17,funnel,3,bucketed,history,128,128,4,14,0.666673518717289,0.5375073850154877,repeat indices align samples but methods were timed sequentially; use independent-resample intervals
17,funnel,3,bucketed,history,128,128,4,15,0.6886602565646172,0.6440446674823761,repeat indices align samples but methods were timed sequentially; use independent-resample intervals
17,funnel,3,bucketed,history,128,128,4,16,0.7924465388059616,0.5673429220914841,repeat indices align samples but methods were timed sequentially; use independent-resample intervals
17,funnel,3,bucketed,history,128,128,4,17,0.7217713221907616,0.5764080733060837,repeat indices align samples but methods were timed sequentially; use independent-resample intervals
17,funnel,3,bucketed,history,128,128,4,18,0.7125442624092102,0.6117228865623474,repeat indices align samples but methods were timed sequentially; use independent-resample intervals
17,funnel,3,bucketed,history,128,128,4,19,0.6731098368763924,0.5247484296560287,repeat indices align samples but methods were timed sequentially; use independent-resample intervals
17,funnel,3,bucketed,history,128,128,4,20,0.7771915942430496,0.577301412820816,repeat indices align samples but methods were timed sequentially; use independent-resample intervals
17,funnel,3,bucketed,history,128,128,4,21,0.7111561000347137,0.6006572395563126,repeat indices align samples but methods were timed sequentially; use independent-resample intervals
17,funnel,3,bucketed,history,128,128,4,22,0.6460939645767212,0.6264584213495255,repeat indices align samples but methods were timed sequentially; use independent-resample intervals
17,funnel,3,bucketed,history,128,128,4,23,0.6673697307705879,0.5565924644470215,repeat indices align samples but methods were timed sequentially; use independent-resample intervals
17,funnel,3,bucketed,history,128,128,4,24,0.6692056953907013,0.5871739611029625,repeat indices align samples but methods were timed sequentially; use independent-resample intervals
17,funnel,3,bucketed,history,128,128,4,25,0.6598788052797318,0.6833281591534615,repeat indices align samples but methods were timed sequentially; use independent-resample intervals
17,funnel,3,bucketed,history,128,128,4,26,0.7159329354763031,0.5797429233789444,repeat indices align samples but methods were timed sequentially; use independent-resample intervals
17,funnel,3,bucketed,history,128,128,4,27,0.6358298510313034,0.6152239143848419,repeat indices align samples but methods were timed sequentially; use independent-resample intervals
17,funnel,3,bucketed,history,128,128,4,28,0.6737460196018219,0.6449383869767189,repeat indices align samples but methods were timed sequentially; use independent-resample intervals
17,funnel,3,bucketed,history,128,128,4,29,0.690411388874054,0.5696083605289459,repeat indices align samples but methods were timed sequentially; use independent-resample intervals
18,funnel,3,bucketed,last_depth,64,128,4,0,0.5021308436989784,0.5823844522237778,repeat indices align samples but methods were timed sequentially; use independent-resample intervals
18,funnel,3,bucketed,last_depth,64,128,4,1,0.49936725944280624,0.5681079924106598,repeat indices align samples but methods were timed sequentially; use independent-resample intervals
18,funnel,3,bucketed,last_depth,64,128,4,2,0.4968290477991104,0.5420544072985649,repeat indices align samples but methods were timed sequentially; use independent-resample intervals
18,funnel,3,bucketed,last_depth,64,128,4,3,0.539418026804924,0.5617347881197929,repeat indices align samples but methods were timed sequentially; use independent-resample intervals
18,funnel,3,bucketed,last_depth,64,128,4,4,0.5468177869915962,0.599363774061203,repeat indices align samples but methods were timed sequentially; use independent-resample intervals
18,funnel,3,bucketed,last_depth,64,128,4,5,0.5623600482940674,0.6520231440663338,repeat indices align samples but methods were timed sequentially; use independent-resample intervals
18,funnel,3,bucketed,last_depth,64,128,4,6,0.5950978323817253,0.5911411643028259,repeat indices align samples but methods were timed sequentially; use independent-resample intervals
18,funnel,3,bucketed,last_depth,64,128,4,7,0.5180976092815399,0.5722815245389938,repeat indices align samples but methods were timed sequentially; use independent-resample intervals
18,funnel,3,bucketed,last_depth,64,128,4,8,0.57486642152071,0.6140395179390907,repeat indices align samples but methods were timed sequentially; use independent-resample intervals
18,funnel,3,bucketed,last_depth,64,128,4,9,0.5029247477650642,0.5608030557632446,repeat indices align samples but methods were timed sequentially; use independent-resample intervals
18,funnel,3,bucketed,last_depth,64,128,4,10,0.5724679455161095,0.5428308993577957,repeat indices align samples but methods were timed sequentially; use independent-resample intervals
18,funnel,3,bucketed,last_depth,64,128,4,11,0.5113842487335205,0.5364931896328926,repeat indices align samples but methods were timed sequentially; use independent-resample intervals
18,funnel,3,bucketed,last_depth,64,128,4,12,0.5380730777978897,0.5487838611006737,repeat indices align samples but methods were timed sequentially; use independent-resample intervals
18,funnel,3,bucketed,last_depth,64,128,4,13,0.5292847156524658,0.5816996544599533,repeat indices align samples but methods were timed sequentially; use independent-resample intervals
18,funnel,3,bucketed,last_depth,64,128,4,14,0.5858454182744026,0.5375073850154877,repeat indices align samples but methods were timed sequentially; use independent-resample intervals
18,funnel,3,bucketed,last_depth,64,128,4,15,0.48484233021736145,0.6440446674823761,repeat indices align samples but methods were timed sequentially; use independent-resample intervals
18,funnel,3,bucketed,last_depth,64,128,4,16,0.5570153594017029,0.5673429220914841,repeat indices align samples but methods were timed sequentially; use independent-resample intervals
18,funnel,3,bucketed,last_depth,64,128,4,17,0.5288334339857101,0.5764080733060837,repeat indices align samples but methods were timed sequentially; use independent-resample intervals
18,funnel,3,bucketed,last_depth,64,128,4,18,0.5570037961006165,0.6117228865623474,repeat indices align samples but methods were timed sequentially; use independent-resample intervals
18,funnel,3,bucketed,last_depth,64,128,4,19,0.5516190379858017,0.5247484296560287,repeat indices align samples but methods were timed sequentially; use independent-resample intervals
18,funnel,3,bucketed,last_depth,64,128,4,20,0.492834247648716,0.577301412820816,repeat indices align samples but methods were timed sequentially; use independent-resample intervals
18,funnel,3,bucketed,last_depth,64,128,4,21,0.5888058617711067,0.6006572395563126,repeat indices align samples but methods were timed sequentially; use independent-resample intervals
18,funnel,3,bucketed,last_depth,64,128,4,22,0.5097500085830688,0.6264584213495255,repeat indices align samples but methods were timed sequentially; use independent-resample intervals
18,funnel,3,bucketed,last_depth,64,128,4,23,0.573430672287941,0.5565924644470215,repeat indices align samples but methods were timed sequentially; use independent-resample intervals
18,funnel,3,bucketed,last_depth,64,128,4,24,0.5434539541602135,0.5871739611029625,repeat indices align samples but methods were timed sequentially; use independent-resample intervals
18,funnel,3,bucketed,last_depth,64,128,4,25,0.5734984651207924,0.6833281591534615,repeat indices align samples but methods were timed sequentially; use independent-resample intervals
18,funnel,3,bucketed,last_depth,64,128,4,26,0.6335627660155296,0.5797429233789444,repeat indices align samples but methods were timed sequentially; use independent-resample intervals
18,funnel,3,bucketed,last_depth,64,128,4,27,0.5226621255278587,0.6152239143848419,repeat indices align samples but methods were timed sequentially; use independent-resample intervals
18,funnel,3,bucketed,last_depth,64,128,4,28,0.5649604052305222,0.6449383869767189,repeat indices align samples but methods were timed sequentially; use independent-resample intervals
18,funnel,3,bucketed,last_depth,64,128,4,29,0.6123313084244728,0.5696083605289459,repeat indices align samples but methods were timed sequentially; use independent-resample intervals
19,funnel,3,bucketed,last_depth,128,128,4,0,0.6103097051382065,0.5823844522237778,repeat indices align samples but methods were timed sequentially; use independent-resample intervals
19,funnel,3,bucketed,last_depth,128,128,4,1,0.6561921760439873,0.5681079924106598,repeat indices align samples but methods were timed sequentially; use independent-resample intervals
19,funnel,3,bucketed,last_depth,128,128,4,2,0.6853943169116974,0.5420544072985649,repeat indices align samples but methods were timed sequentially; use independent-resample intervals
19,funnel,3,bucketed,last_depth,128,128,4,3,0.6483502015471458,0.5617347881197929,repeat indices align samples but methods were timed sequentially; use independent-resample intervals
19,funnel,3,bucketed,last_depth,128,128,4,4,0.7048372402787209,0.599363774061203,repeat indices align samples but methods were timed sequentially; use independent-resample intervals
19,funnel,3,bucketed,last_depth,128,128,4,5,0.6270201802253723,0.6520231440663338,repeat indices align samples but methods were timed sequentially; use independent-resample intervals
19,funnel,3,bucketed,last_depth,128,128,4,6,0.6347489655017853,0.5911411643028259,repeat indices align samples but methods were timed sequentially; use independent-resample intervals
19,funnel,3,bucketed,last_depth,128,128,4,7,0.6774959117174149,0.5722815245389938,repeat indices align samples but methods were timed sequentially; use independent-resample intervals
19,funnel,3,bucketed,last_depth,128,128,4,8,0.7529003769159317,0.6140395179390907,repeat indices align samples but methods were timed sequentially; use independent-resample intervals
19,funnel,3,bucketed,last_depth,128,128,4,9,0.6646958142518997,0.5608030557632446,repeat indices align samples but methods were timed sequentially; use independent-resample intervals
19,funnel,3,bucketed,last_depth,128,128,4,10,0.7362339720129967,0.5428308993577957,repeat indices align samples but methods were timed sequentially; use independent-resample intervals
19,funnel,3,bucketed,last_depth,128,128,4,11,0.752491906285286,0.5364931896328926,repeat indices align samples but methods were timed sequentially; use independent-resample intervals
19,funnel,3,bucketed,last_depth,128,128,4,12,0.6551414206624031,0.5487838611006737,repeat indices align samples but methods were timed sequentially; use independent-resample intervals
19,funnel,3,bucketed,last_depth,128,128,4,13,0.7303134649991989,0.5816996544599533,repeat indices align samples but methods were timed sequentially; use independent-resample intervals
19,funnel,3,bucketed,last_depth,128,128,4,14,0.7707108706235886,0.5375073850154877,repeat indices align samples but methods were timed sequentially; use independent-resample intervals
19,funnel,3,bucketed,last_depth,128,128,4,15,0.7855592370033264,0.6440446674823761,repeat indices align samples but methods were timed sequentially; use independent-resample intervals
19,funnel,3,bucketed,last_depth,128,128,4,16,0.7427874207496643,0.5673429220914841,repeat indices align samples but methods were timed sequentially; use independent-resample intervals
19,funnel,3,bucketed,last_depth,128,128,4,17,0.7283968552947044,0.5764080733060837,repeat indices align samples but methods were timed sequentially; use independent-resample intervals
19,funnel,3,bucketed,last_depth,128,128,4,18,0.7030117139220238,0.6117228865623474,repeat indices align samples but methods were timed sequentially; use independent-resample intervals
19,funnel,3,bucketed,last_depth,128,128,4,19,0.7024831473827362,0.5247484296560287,repeat indices align samples but methods were timed sequentially; use independent-resample intervals
19,funnel,3,bucketed,last_depth,128,128,4,20,0.753171369433403,0.577301412820816,repeat indices align samples but methods were timed sequentially; use independent-resample intervals
19,funnel,3,bucketed,last_depth,128,128,4,21,0.8008383959531784,0.6006572395563126,repeat indices align samples but methods were timed sequentially; use independent-resample intervals
19,funnel,3,bucketed,last_depth,128,128,4,22,0.7936531379818916,0.6264584213495255,repeat indices align samples but methods were timed sequentially; use independent-resample intervals
19,funnel,3,bucketed,last_depth,128,128,4,23,0.7341516688466072,0.5565924644470215,repeat indices align samples but methods were timed sequentially; use independent-resample intervals
19,funnel,3,bucketed,last_depth,128,128,4,24,0.7514315396547318,0.5871739611029625,repeat indices align samples but methods were timed sequentially; use independent-resample intervals
19,funnel,3,bucketed,last_depth,128,128,4,25,0.6718819811940193,0.6833281591534615,repeat indices align samples but methods were timed sequentially; use independent-resample intervals
19,funnel,3,bucketed,last_depth,128,128,4,26,0.690025582909584,0.5797429233789444,repeat indices align samples but methods were timed sequentially; use independent-resample intervals
19,funnel,3,bucketed,last_depth,128,128,4,27,0.6951269581913948,0.6152239143848419,repeat indices align samples but methods were timed sequentially; use independent-resample intervals
19,funnel,3,bucketed,last_depth,128,128,4,28,0.6638548746705055,0.6449383869767189,repeat indices align samples but methods were timed sequentially; use independent-resample intervals
19,funnel,3,bucketed,last_depth,128,128,4,29,0.6686772853136063,0.5696083605289459,repeat indices align samples but methods were timed sequentially; use independent-resample intervals
20,funnel,4,monolithic,monolithic,0,128,4,0,0.4145149812102318,0.4145149812102318,repeat indices align samples but methods were timed sequentially; use independent-resample intervals
20,funnel,4,monolithic,monolithic,0,128,4,1,0.4264918193221092,0.4264918193221092,repeat indices align samples but methods were timed sequentially; use independent-resample intervals
20,funnel,4,monolithic,monolithic,0,128,4,2,0.44520770013332367,0.44520770013332367,repeat indices align samples but methods were timed sequentially; use independent-resample intervals
20,funnel,4,monolithic,monolithic,0,128,4,3,0.378137469291687,0.378137469291687,repeat indices align samples but methods were timed sequentially; use independent-resample intervals
20,funnel,4,monolithic,monolithic,0,128,4,4,0.47716251015663147,0.47716251015663147,repeat indices align samples but methods were timed sequentially; use independent-resample intervals
20,funnel,4,monolithic,monolithic,0,128,4,5,0.4112822562456131,0.4112822562456131,repeat indices align samples but methods were timed sequentially; use independent-resample intervals
20,funnel,4,monolithic,monolithic,0,128,4,6,0.4465208426117897,0.4465208426117897,repeat indices align samples but methods were timed sequentially; use independent-resample intervals
20,funnel,4,monolithic,monolithic,0,128,4,7,0.3861508071422577,0.3861508071422577,repeat indices align samples but methods were timed sequentially; use independent-resample intervals
20,funnel,4,monolithic,monolithic,0,128,4,8,0.39599335938692093,0.39599335938692093,repeat indices align samples but methods were timed sequentially; use independent-resample intervals
20,funnel,4,monolithic,monolithic,0,128,4,9,0.43095047771930695,0.43095047771930695,repeat indices align samples but methods were timed sequentially; use independent-resample intervals
20,funnel,4,monolithic,monolithic,0,128,4,10,0.4115195721387863,0.4115195721387863,repeat indices align samples but methods were timed sequentially; use independent-resample intervals
20,funnel,4,monolithic,monolithic,0,128,4,11,0.3927377462387085,0.3927377462387085,repeat indices align samples but methods were timed sequentially; use independent-resample intervals
20,funnel,4,monolithic,monolithic,0,128,4,12,0.39189307391643524,0.39189307391643524,repeat indices align samples but methods were timed sequentially; use independent-resample intervals
20,funnel,4,monolithic,monolithic,0,128,4,13,0.3845384940505028,0.3845384940505028,repeat indices align samples but methods were timed sequentially; use independent-resample intervals
20,funnel,4,monolithic,monolithic,0,128,4,14,0.40940985828638077,0.40940985828638077,repeat indices align samples but methods were timed sequentially; use independent-resample intervals
20,funnel,4,monolithic,monolithic,0,128,4,15,0.43685272336006165,0.43685272336006165,repeat indices align samples but methods were timed sequentially; use independent-resample intervals
20,funnel,4,monolithic,monolithic,0,128,4,16,0.38845548033714294,0.38845548033714294,repeat indices align samples but methods were timed sequentially; use independent-resample intervals
20,funnel,4,monolithic,monolithic,0,128,4,17,0.36684682965278625,0.36684682965278625,repeat indices align samples but methods were timed sequentially; use independent-resample intervals
20,funnel,4,monolithic,monolithic,0,128,4,18,0.38887982070446014,0.38887982070446014,repeat indices align samples but methods were timed sequentially; use independent-resample intervals
20,funnel,4,monolithic,monolithic,0,128,4,19,0.4144580066204071,0.4144580066204071,repeat indices align samples but methods were timed sequentially; use independent-resample intervals
20,funnel,4,monolithic,monolithic,0,128,4,20,0.388486385345459,0.388486385345459,repeat indices align samples but methods were timed sequentially; use independent-resample intervals
20,funnel,4,monolithic,monolithic,0,128,4,21,0.4030081778764725,0.4030081778764725,repeat indices align samples but methods were timed sequentially; use independent-resample intervals
20,funnel,4,monolithic,monolithic,0,128,4,22,0.45400380343198776,0.45400380343198776,repeat indices align samples but methods were timed sequentially; use independent-resample intervals
20,funnel,4,monolithic,monolithic,0,128,4,23,0.4213637113571167,0.4213637113571167,repeat indices align samples but methods were timed sequentially; use independent-resample intervals
20,funnel,4,monolithic,monolithic,0,128,4,24,0.4139643609523773,0.4139643609523773,repeat indices align samples but methods were timed sequentially; use independent-resample intervals
20,funnel,4,monolithic,monolithic,0,128,4,25,0.4155697822570801,0.4155697822570801,repeat indices align samples but methods were timed sequentially; use independent-resample intervals
20,funnel,4,monolithic,monolithic,0,128,4,26,0.46598151326179504,0.46598151326179504,repeat indices align samples but methods were timed sequentially; use independent-resample intervals
20,funnel,4,monolithic,monolithic,0,128,4,27,0.4970078468322754,0.4970078468322754,repeat indices align samples but methods were timed sequentially; use independent-resample intervals
20,funnel,4,monolithic,monolithic,0,128,4,28,0.5296987146139145,0.5296987146139145,repeat indices align samples but methods were timed sequentially; use independent-resample intervals
20,funnel,4,monolithic,monolithic,0,128,4,29,0.4224250391125679,0.4224250391125679,repeat indices align samples but methods were timed sequentially; use independent-resample intervals
21,funnel,4,bucketed,history,64,128,4,0,0.46627065539360046,0.4145149812102318,repeat indices align samples but methods were timed sequentially; use independent-resample intervals
21,funnel,4,bucketed,history,64,128,4,1,0.435507170855999,0.4264918193221092,repeat indices align samples but methods were timed sequentially; use independent-resample intervals
21,funnel,4,bucketed,history,64,128,4,2,0.46782106906175613,0.44520770013332367,repeat indices align samples but methods were timed sequentially; use independent-resample intervals
21,funnel,4,bucketed,history,64,128,4,3,0.5592616498470306,0.378137469291687,repeat indices align samples but methods were timed sequentially; use independent-resample intervals
21,funnel,4,bucketed,history,64,128,4,4,0.5517861992120743,0.47716251015663147,repeat indices align samples but methods were timed sequentially; use independent-resample intervals
21,funnel,4,bucketed,history,64,128,4,5,0.6385866850614548,0.4112822562456131,repeat indices align samples but methods were timed sequentially; use independent-resample intervals
21,funnel,4,bucketed,history,64,128,4,6,0.6062978357076645,0.4465208426117897,repeat indices align samples but methods were timed sequentially; use independent-resample intervals
21,funnel,4,bucketed,history,64,128,4,7,0.48368222266435623,0.3861508071422577,repeat indices align samples but methods were timed sequentially; use independent-resample intervals
21,funnel,4,bucketed,history,64,128,4,8,0.5290927886962891,0.39599335938692093,repeat indices align samples but methods were timed sequentially; use independent-resample intervals
21,funnel,4,bucketed,history,64,128,4,9,0.5034729093313217,0.43095047771930695,repeat indices align samples but methods were timed sequentially; use independent-resample intervals
21,funnel,4,bucketed,history,64,128,4,10,0.4087482690811157,0.4115195721387863,repeat indices align samples but methods were timed sequentially; use independent-resample intervals
21,funnel,4,bucketed,history,64,128,4,11,0.44662582129240036,0.3927377462387085,repeat indices align samples but methods were timed sequentially; use independent-resample intervals
21,funnel,4,bucketed,history,64,128,4,12,0.4261786639690399,0.39189307391643524,repeat indices align samples but methods were timed sequentially; use independent-resample intervals
21,funnel,4,bucketed,history,64,128,4,13,0.42003175616264343,0.3845384940505028,repeat indices align samples but methods were timed sequentially; use independent-resample intervals
21,funnel,4,bucketed,history,64,128,4,14,0.3952624425292015,0.40940985828638077,repeat indices align samples but methods were timed sequentially; use independent-resample intervals
21,funnel,4,bucketed,history,64,128,4,15,0.471623033285141,0.43685272336006165,repeat indices align samples but methods were timed sequentially; use independent-resample intervals
21,funnel,4,bucketed,history,64,128,4,16,0.4762130305171013,0.38845548033714294,repeat indices align samples but methods were timed sequentially; use independent-resample intervals
21,funnel,4,bucketed,history,64,128,4,17,0.3472820371389389,0.36684682965278625,repeat indices align samples but methods were timed sequentially; use independent-resample intervals
21,funnel,4,bucketed,history,64,128,4,18,0.4106931835412979,0.38887982070446014,repeat indices align samples but methods were timed sequentially; use independent-resample intervals
21,funnel,4,bucketed,history,64,128,4,19,0.3968749940395355,0.4144580066204071,repeat indices align samples but methods were timed sequentially; use independent-resample intervals
21,funnel,4,bucketed,history,64,128,4,20,0.34692949801683426,0.388486385345459,repeat indices align samples but methods were timed sequentially; use independent-resample intervals
21,funnel,4,bucketed,history,64,128,4,21,0.3783915042877197,0.4030081778764725,repeat indices align samples but methods were timed sequentially; use independent-resample intervals
21,funnel,4,bucketed,history,64,128,4,22,0.39364512264728546,0.45400380343198776,repeat indices align samples but methods were timed sequentially; use independent-resample intervals
21,funnel,4,bucketed,history,64,128,4,23,0.41937149316072464,0.4213637113571167,repeat indices align samples but methods were timed sequentially; use independent-resample intervals
21,funnel,4,bucketed,history,64,128,4,24,0.49045780301094055,0.4139643609523773,repeat indices align samples but methods were timed sequentially; use independent-resample intervals
21,funnel,4,bucketed,history,64,128,4,25,0.38573791831731796,0.4155697822570801,repeat indices align samples but methods were timed sequentially; use independent-resample intervals
21,funnel,4,bucketed,history,64,128,4,26,0.4040254056453705,0.46598151326179504,repeat indices align samples but methods were timed sequentially; use independent-resample intervals
21,funnel,4,bucketed,history,64,128,4,27,0.45252154022455215,0.4970078468322754,repeat indices align samples but methods were timed sequentially; use independent-resample intervals
21,funnel,4,bucketed,history,64,128,4,28,0.4106012135744095,0.5296987146139145,repeat indices align samples but methods were timed sequentially; use independent-resample intervals
21,funnel,4,bucketed,history,64,128,4,29,0.4073629528284073,0.4224250391125679,repeat indices align samples but methods were timed sequentially; use independent-resample intervals
22,funnel,4,bucketed,history,128,128,4,0,0.3761674612760544,0.4145149812102318,repeat indices align samples but methods were timed sequentially; use independent-resample intervals
22,funnel,4,bucketed,history,128,128,4,1,0.43059034645557404,0.4264918193221092,repeat indices align samples but methods were timed sequentially; use independent-resample intervals
22,funnel,4,bucketed,history,128,128,4,2,0.44400450587272644,0.44520770013332367,repeat indices align samples but methods were timed sequentially; use independent-resample intervals
22,funnel,4,bucketed,history,128,128,4,3,0.46136624366045,0.378137469291687,repeat indices align samples but methods were timed sequentially; use independent-resample intervals
22,funnel,4,bucketed,history,128,128,4,4,0.5665148198604584,0.47716251015663147,repeat indices align samples but methods were timed sequentially; use independent-resample intervals
22,funnel,4,bucketed,history,128,128,4,5,0.38588957488536835,0.4112822562456131,repeat indices align samples but methods were timed sequentially; use independent-resample intervals
22,funnel,4,bucketed,history,128,128,4,6,0.4444604367017746,0.4465208426117897,repeat indices align samples but methods were timed sequentially; use independent-resample intervals
22,funnel,4,bucketed,history,128,128,4,7,0.40298931300640106,0.3861508071422577,repeat indices align samples but methods were timed sequentially; use independent-resample intervals
22,funnel,4,bucketed,history,128,128,4,8,0.4982408583164215,0.39599335938692093,repeat indices align samples but methods were timed sequentially; use independent-resample intervals
22,funnel,4,bucketed,history,128,128,4,9,0.5417621657252312,0.43095047771930695,repeat indices align samples but methods were timed sequentially; use independent-resample intervals
22,funnel,4,bucketed,history,128,128,4,10,0.5090770870447159,0.4115195721387863,repeat indices align samples but methods were timed sequentially; use independent-resample intervals
22,funnel,4,bucketed,history,128,128,4,11,0.519244834780693,0.3927377462387085,repeat indices align samples but methods were timed sequentially; use independent-resample intervals
22,funnel,4,bucketed,history,128,128,4,12,0.5064734742045403,0.39189307391643524,repeat indices align samples but methods were timed sequentially; use independent-resample intervals
22,funnel,4,bucketed,history,128,128,4,13,0.4797859340906143,0.3845384940505028,repeat indices align samples but methods were timed sequentially; use independent-resample intervals
22,funnel,4,bucketed,history,128,128,4,14,0.5601703226566315,0.40940985828638077,repeat indices align samples but methods were timed sequentially; use independent-resample intervals
22,funnel,4,bucketed,history,128,128,4,15,0.6005148515105247,0.43685272336006165,repeat indices align samples but methods were timed sequentially; use independent-resample intervals
22,funnel,4,bucketed,history,128,128,4,16,0.5967869460582733,0.38845548033714294,repeat indices align samples but methods were timed sequentially; use independent-resample intervals
22,funnel,4,bucketed,history,128,128,4,17,0.6135402396321297,0.36684682965278625,repeat indices align samples but methods were timed sequentially; use independent-resample intervals
22,funnel,4,bucketed,history,128,128,4,18,0.5874075517058372,0.38887982070446014,repeat indices align samples but methods were timed sequentially; use independent-resample intervals
22,funnel,4,bucketed,history,128,128,4,19,0.5708017125725746,0.4144580066204071,repeat indices align samples but methods were timed sequentially; use independent-resample intervals
22,funnel,4,bucketed,history,128,128,4,20,0.5775579437613487,0.388486385345459,repeat indices align samples but methods were timed sequentially; use independent-resample intervals
22,funnel,4,bucketed,history,128,128,4,21,0.586515761911869,0.4030081778764725,repeat indices align samples but methods were timed sequentially; use independent-resample intervals
22,funnel,4,bucketed,history,128,128,4,22,0.5402922406792641,0.45400380343198776,repeat indices align samples but methods were timed sequentially; use independent-resample intervals
22,funnel,4,bucketed,history,128,128,4,23,0.5723779425024986,0.4213637113571167,repeat indices align samples but methods were timed sequentially; use independent-resample intervals
22,funnel,4,bucketed,history,128,128,4,24,0.5411739498376846,0.4139643609523773,repeat indices align samples but methods were timed sequentially; use independent-resample intervals
22,funnel,4,bucketed,history,128,128,4,25,0.6581239923834801,0.4155697822570801,repeat indices align samples but methods were timed sequentially; use independent-resample intervals
22,funnel,4,bucketed,history,128,128,4,26,0.6051644682884216,0.46598151326179504,repeat indices align samples but methods were timed sequentially; use independent-resample intervals
22,funnel,4,bucketed,history,128,128,4,27,0.4700925573706627,0.4970078468322754,repeat indices align samples but methods were timed sequentially; use independent-resample intervals
22,funnel,4,bucketed,history,128,128,4,28,0.5736422315239906,0.5296987146139145,repeat indices align samples but methods were timed sequentially; use independent-resample intervals
22,funnel,4,bucketed,history,128,128,4,29,0.5768740698695183,0.4224250391125679,repeat indices align samples but methods were timed sequentially; use independent-resample intervals
23,funnel,4,bucketed,last_depth,64,128,4,0,0.67634566873312,0.4145149812102318,repeat indices align samples but methods were timed sequentially; use independent-resample intervals
23,funnel,4,bucketed,last_depth,64,128,4,1,0.5333766788244247,0.4264918193221092,repeat indices align samples but methods were timed sequentially; use independent-resample intervals
23,funnel,4,bucketed,last_depth,64,128,4,2,0.5249506086111069,0.44520770013332367,repeat indices align samples but methods were timed sequentially; use independent-resample intervals
23,funnel,4,bucketed,last_depth,64,128,4,3,0.554362840950489,0.378137469291687,repeat indices align samples but methods were timed sequentially; use independent-resample intervals
23,funnel,4,bucketed,last_depth,64,128,4,4,0.6075189858675003,0.47716251015663147,repeat indices align samples but methods were timed sequentially; use independent-resample intervals
23,funnel,4,bucketed,last_depth,64,128,4,5,0.5811112374067307,0.4112822562456131,repeat indices align samples but methods were timed sequentially; use independent-resample intervals
23,funnel,4,bucketed,last_depth,64,128,4,6,0.521434061229229,0.4465208426117897,repeat indices align samples but methods were timed sequentially; use independent-resample intervals
23,funnel,4,bucketed,last_depth,64,128,4,7,0.5654979422688484,0.3861508071422577,repeat indices align samples but methods were timed sequentially; use independent-resample intervals
23,funnel,4,bucketed,last_depth,64,128,4,8,0.6021280214190483,0.39599335938692093,repeat indices align samples but methods were timed sequentially; use independent-resample intervals
23,funnel,4,bucketed,last_depth,64,128,4,9,0.6166130304336548,0.43095047771930695,repeat indices align samples but methods were timed sequentially; use independent-resample intervals
23,funnel,4,bucketed,last_depth,64,128,4,10,0.5826845765113831,0.4115195721387863,repeat indices align samples but methods were timed sequentially; use independent-resample intervals
23,funnel,4,bucketed,last_depth,64,128,4,11,0.5671462863683701,0.3927377462387085,repeat indices align samples but methods were timed sequentially; use independent-resample intervals
23,funnel,4,bucketed,last_depth,64,128,4,12,0.5559136644005775,0.39189307391643524,repeat indices align samples but methods were timed sequentially; use independent-resample intervals
23,funnel,4,bucketed,last_depth,64,128,4,13,0.489645816385746,0.3845384940505028,repeat indices align samples but methods were timed sequentially; use independent-resample intervals
23,funnel,4,bucketed,last_depth,64,128,4,14,0.5204711481928825,0.40940985828638077,repeat indices align samples but methods were timed sequentially; use independent-resample intervals
23,funnel,4,bucketed,last_depth,64,128,4,15,0.48042793571949005,0.43685272336006165,repeat indices align samples but methods were timed sequentially; use independent-resample intervals
23,funnel,4,bucketed,last_depth,64,128,4,16,0.45980001240968704,0.38845548033714294,repeat indices align samples but methods were timed sequentially; use independent-resample intervals
23,funnel,4,bucketed,last_depth,64,128,4,17,0.5248722210526466,0.36684682965278625,repeat indices align samples but methods were timed sequentially; use independent-resample intervals
23,funnel,4,bucketed,last_depth,64,128,4,18,0.4932917654514313,0.38887982070446014,repeat indices align samples but methods were timed sequentially; use independent-resample intervals
23,funnel,4,bucketed,last_depth,64,128,4,19,0.5202868282794952,0.4144580066204071,repeat indices align samples but methods were timed sequentially; use independent-resample intervals
23,funnel,4,bucketed,last_depth,64,128,4,20,0.5417278185486794,0.388486385345459,repeat indices align samples but methods were timed sequentially; use independent-resample intervals
23,funnel,4,bucketed,last_depth,64,128,4,21,0.47189999371767044,0.4030081778764725,repeat indices align samples but methods were timed sequentially; use independent-resample intervals
23,funnel,4,bucketed,last_depth,64,128,4,22,0.4762481302022934,0.45400380343198776,repeat indices align samples but methods were timed sequentially; use independent-resample intervals
23,funnel,4,bucketed,last_depth,64,128,4,23,0.47474879026412964,0.4213637113571167,repeat indices align samples but methods were timed sequentially; use independent-resample intervals
23,funnel,4,bucketed,last_depth,64,128,4,24,0.5085118487477303,0.4139643609523773,repeat indices align samples but methods were timed sequentially; use independent-resample intervals
23,funnel,4,bucketed,last_depth,64,128,4,25,0.4977922588586807,0.4155697822570801,repeat indices align samples but methods were timed sequentially; use independent-resample intervals
23,funnel,4,bucketed,last_depth,64,128,4,26,0.44460368156433105,0.46598151326179504,repeat indices align samples but methods were timed sequentially; use independent-resample intervals
23,funnel,4,bucketed,last_depth,64,128,4,27,0.570578008890152,0.4970078468322754,repeat indices align samples but methods were timed sequentially; use independent-resample intervals
23,funnel,4,bucketed,last_depth,64,128,4,28,0.5241604372859001,0.5296987146139145,repeat indices align samples but methods were timed sequentially; use independent-resample intervals
23,funnel,4,bucketed,last_depth,64,128,4,29,0.47644391655921936,0.4224250391125679,repeat indices align samples but methods were timed sequentially; use independent-resample intervals
24,funnel,4,bucketed,last_depth,128,128,4,0,0.5277923569083214,0.4145149812102318,repeat indices align samples but methods were timed sequentially; use independent-resample intervals
24,funnel,4,bucketed,last_depth,128,128,4,1,0.5400947704911232,0.4264918193221092,repeat indices align samples but methods were timed sequentially; use independent-resample intervals
24,funnel,4,bucketed,last_depth,128,128,4,2,0.5014299005270004,0.44520770013332367,repeat indices align samples but methods were timed sequentially; use independent-resample intervals
24,funnel,4,bucketed,last_depth,128,128,4,3,0.4941982924938202,0.378137469291687,repeat indices align samples but methods were timed sequentially; use independent-resample intervals
24,funnel,4,bucketed,last_depth,128,128,4,4,0.5586828291416168,0.47716251015663147,repeat indices align samples but methods were timed sequentially; use independent-resample intervals
24,funnel,4,bucketed,last_depth,128,128,4,5,0.502710647881031,0.4112822562456131,repeat indices align samples but methods were timed sequentially; use independent-resample intervals
24,funnel,4,bucketed,last_depth,128,128,4,6,0.5204348340630531,0.4465208426117897,repeat indices align samples but methods were timed sequentially; use independent-resample intervals
24,funnel,4,bucketed,last_depth,128,128,4,7,0.537480965256691,0.3861508071422577,repeat indices align samples but methods were timed sequentially; use independent-resample intervals
24,funnel,4,bucketed,last_depth,128,128,4,8,0.5127746164798737,0.39599335938692093,repeat indices align samples but methods were timed sequentially; use independent-resample intervals
24,funnel,4,bucketed,last_depth,128,128,4,9,0.5095778107643127,0.43095047771930695,repeat indices align samples but methods were timed sequentially; use independent-resample intervals
24,funnel,4,bucketed,last_depth,128,128,4,10,0.5054861381649971,0.4115195721387863,repeat indices align samples but methods were timed sequentially; use independent-resample intervals
24,funnel,4,bucketed,last_depth,128,128,4,11,0.5613751336932182,0.3927377462387085,repeat indices align samples but methods were timed sequentially; use independent-resample intervals
24,funnel,4,bucketed,last_depth,128,128,4,12,0.4921266883611679,0.39189307391643524,repeat indices align samples but methods were timed sequentially; use independent-resample intervals
24,funnel,4,bucketed,last_depth,128,128,4,13,0.5530916526913643,0.3845384940505028,repeat indices align samples but methods were timed sequentially; use independent-resample intervals
24,funnel,4,bucketed,last_depth,128,128,4,14,0.5342815518379211,0.40940985828638077,repeat indices align samples but methods were timed sequentially; use independent-resample intervals
24,funnel,4,bucketed,last_depth,128,128,4,15,0.48968974500894547,0.43685272336006165,repeat indices align samples but methods were timed sequentially; use independent-resample intervals
24,funnel,4,bucketed,last_depth,128,128,4,16,0.5097145885229111,0.38845548033714294,repeat indices align samples but methods were timed sequentially; use independent-resample intervals
24,funnel,4,bucketed,last_depth,128,128,4,17,0.5027241706848145,0.36684682965278625,repeat indices align samples but methods were timed sequentially; use independent-resample intervals
24,funnel,4,bucketed,last_depth,128,128,4,18,0.5172159075737,0.38887982070446014,repeat indices align samples but methods were timed sequentially; use independent-resample intervals
24,funnel,4,bucketed,last_depth,128,128,4,19,0.46245110034942627,0.4144580066204071,repeat indices align samples but methods were timed sequentially; use independent-resample intervals
24,funnel,4,bucketed,last_depth,128,128,4,20,0.46379896253347397,0.388486385345459,repeat indices align samples but methods were timed sequentially; use independent-resample intervals
24,funnel,4,bucketed,last_depth,128,128,4,21,0.4836478903889656,0.4030081778764725,repeat indices align samples but methods were timed sequentially; use independent-resample intervals
24,funnel,4,bucketed,last_depth,128,128,4,22,0.4763012006878853,0.45400380343198776,repeat indices align samples but methods were timed sequentially; use independent-resample intervals
24,funnel,4,bucketed,last_depth,128,128,4,23,0.550675243139267,0.4213637113571167,repeat indices align samples but methods were timed sequentially; use independent-resample intervals
24,funnel,4,bucketed,last_depth,128,128,4,24,0.52213504165411,0.4139643609523773,repeat indices align samples but methods were timed sequentially; use independent-resample intervals
24,funnel,4,bucketed,last_depth,128,128,4,25,0.5527270212769508,0.4155697822570801,repeat indices align samples but methods were timed sequentially; use independent-resample intervals
24,funnel,4,bucketed,last_depth,128,128,4,26,0.5238056182861328,0.46598151326179504,repeat indices align samples but methods were timed sequentially; use independent-resample intervals
24,funnel,4,bucketed,last_depth,128,128,4,27,0.5914360284805298,0.4970078468322754,repeat indices align samples but methods were timed sequentially; use independent-resample intervals
24,funnel,4,bucketed,last_depth,128,128,4,28,0.48485635221004486,0.5296987146139145,repeat indices align samples but methods were timed sequentially; use independent-resample intervals
24,funnel,4,bucketed,last_depth,128,128,4,29,0.5086607038974762,0.4224250391125679,repeat indices align samples but methods were timed sequentially; use independent-resample intervals
25,funnel,0,monolithic,monolithic,0,256,4,0,0.5840748846530914,0.5840748846530914,repeat indices align samples but methods were timed sequentially; use independent-resample intervals
25,funnel,0,monolithic,monolithic,0,256,4,1,0.5692236870527267,0.5692236870527267,repeat indices align samples but methods were timed sequentially; use independent-resample intervals
25,funnel,0,monolithic,monolithic,0,256,4,2,0.508212573826313,0.508212573826313,repeat indices align samples but methods were timed sequentially; use independent-resample intervals
25,funnel,0,monolithic,monolithic,0,256,4,3,0.5189059525728226,0.5189059525728226,repeat indices align samples but methods were timed sequentially; use independent-resample intervals
25,funnel,0,monolithic,monolithic,0,256,4,4,0.5193088576197624,0.5193088576197624,repeat indices align samples but methods were timed sequentially; use independent-resample intervals
25,funnel,0,monolithic,monolithic,0,256,4,5,0.5050580278038979,0.5050580278038979,repeat indices align samples but methods were timed sequentially; use independent-resample intervals
25,funnel,0,monolithic,monolithic,0,256,4,6,0.5259623154997826,0.5259623154997826,repeat indices align samples but methods were timed sequentially; use independent-resample intervals
25,funnel,0,monolithic,monolithic,0,256,4,7,0.4802665337920189,0.4802665337920189,repeat indices align samples but methods were timed sequentially; use independent-resample intervals
25,funnel,0,monolithic,monolithic,0,256,4,8,0.5156557038426399,0.5156557038426399,repeat indices align samples but methods were timed sequentially; use independent-resample intervals
25,funnel,0,monolithic,monolithic,0,256,4,9,0.5589251294732094,0.5589251294732094,repeat indices align samples but methods were timed sequentially; use independent-resample intervals
25,funnel,0,monolithic,monolithic,0,256,4,10,0.5056057274341583,0.5056057274341583,repeat indices align samples but methods were timed sequentially; use independent-resample intervals
25,funnel,0,monolithic,monolithic,0,256,4,11,0.5127150937914848,0.5127150937914848,repeat indices align samples but methods were timed sequentially; use independent-resample intervals
25,funnel,0,monolithic,monolithic,0,256,4,12,0.5343122780323029,0.5343122780323029,repeat indices align samples but methods were timed sequentially; use independent-resample intervals
25,funnel,0,monolithic,monolithic,0,256,4,13,0.47978824377059937,0.47978824377059937,repeat indices align samples but methods were timed sequentially; use independent-resample intervals
25,funnel,0,monolithic,monolithic,0,256,4,14,0.5049516335129738,0.5049516335129738,repeat indices align samples but methods were timed sequentially; use independent-resample intervals
25,funnel,0,monolithic,monolithic,0,256,4,15,0.4963044822216034,0.4963044822216034,repeat indices align samples but methods were timed sequentially; use independent-resample intervals
25,funnel,0,monolithic,monolithic,0,256,4,16,0.565690204501152,0.565690204501152,repeat indices align samples but methods were timed sequentially; use independent-resample intervals
25,funnel,0,monolithic,monolithic,0,256,4,17,0.5225260034203529,0.5225260034203529,repeat indices align samples but methods were timed sequentially; use independent-resample intervals
25,funnel,0,monolithic,monolithic,0,256,4,18,0.5563226044178009,0.5563226044178009,repeat indices align samples but methods were timed sequentially; use independent-resample intervals
25,funnel,0,monolithic,monolithic,0,256,4,19,0.5301045775413513,0.5301045775413513,repeat indices align samples but methods were timed sequentially; use independent-resample intervals
25,funnel,0,monolithic,monolithic,0,256,4,20,0.5056193098425865,0.5056193098425865,repeat indices align samples but methods were timed sequentially; use independent-resample intervals
25,funnel,0,monolithic,monolithic,0,256,4,21,0.5131444931030273,0.5131444931030273,repeat indices align samples but methods were timed sequentially; use independent-resample intervals
25,funnel,0,monolithic,monolithic,0,256,4,22,0.5480949655175209,0.5480949655175209,repeat indices align samples but methods were timed sequentially; use independent-resample intervals
25,funnel,0,monolithic,monolithic,0,256,4,23,0.5261198580265045,0.5261198580265045,repeat indices align samples but methods were timed sequentially; use independent-resample intervals
25,funnel,0,monolithic,monolithic,0,256,4,24,0.5245945677161217,0.5245945677161217,repeat indices align samples but methods were timed sequentially; use independent-resample intervals
25,funnel,0,monolithic,monolithic,0,256,4,25,0.5845093578100204,0.5845093578100204,repeat indices align samples but methods were timed sequentially; use independent-resample intervals
25,funnel,0,monolithic,monolithic,0,256,4,26,0.5918902307748795,0.5918902307748795,repeat indices align samples but methods were timed sequentially; use independent-resample intervals
25,funnel,0,monolithic,monolithic,0,256,4,27,0.5932265073060989,0.5932265073060989,repeat indices align samples but methods were timed sequentially; use independent-resample intervals
25,funnel,0,monolithic,monolithic,0,256,4,28,0.5989503040909767,0.5989503040909767,repeat indices align samples but methods were timed sequentially; use independent-resample intervals
25,funnel,0,monolithic,monolithic,0,256,4,29,0.5933892875909805,0.5933892875909805,repeat indices align samples but methods were timed sequentially; use independent-resample intervals
26,funnel,0,bucketed,history,64,256,4,0,0.6678758859634399,0.5840748846530914,repeat indices align samples but methods were timed sequentially; use independent-resample intervals
26,funnel,0,bucketed,history,64,256,4,1,0.7164945527911186,0.5692236870527267,repeat indices align samples but methods were timed sequentially; use independent-resample intervals
26,funnel,0,bucketed,history,64,256,4,2,0.7346118912100792,0.508212573826313,repeat indices align samples but methods were timed sequentially; use independent-resample intervals
26,funnel,0,bucketed,history,64,256,4,3,0.7263021916151047,0.5189059525728226,repeat indices align samples but methods were timed sequentially; use independent-resample intervals
26,funnel,0,bucketed,history,64,256,4,4,0.6978534162044525,0.5193088576197624,repeat indices align samples but methods were timed sequentially; use independent-resample intervals
26,funnel,0,bucketed,history,64,256,4,5,0.6392171829938889,0.5050580278038979,repeat indices align samples but methods were timed sequentially; use independent-resample intervals
26,funnel,0,bucketed,history,64,256,4,6,0.6532862484455109,0.5259623154997826,repeat indices align samples but methods were timed sequentially; use independent-resample intervals
26,funnel,0,bucketed,history,64,256,4,7,0.698261097073555,0.4802665337920189,repeat indices align samples but methods were timed sequentially; use independent-resample intervals
26,funnel,0,bucketed,history,64,256,4,8,0.6753791868686676,0.5156557038426399,repeat indices align samples but methods were timed sequentially; use independent-resample intervals
26,funnel,0,bucketed,history,64,256,4,9,0.6413568928837776,0.5589251294732094,repeat indices align samples but methods were timed sequentially; use independent-resample intervals
26,funnel,0,bucketed,history,64,256,4,10,0.6521209701895714,0.5056057274341583,repeat indices align samples but methods were timed sequentially; use independent-resample intervals
26,funnel,0,bucketed,history,64,256,4,11,0.5949202328920364,0.5127150937914848,repeat indices align samples but methods were timed sequentially; use independent-resample intervals
26,funnel,0,bucketed,history,64,256,4,12,0.6482006758451462,0.5343122780323029,repeat indices align samples but methods were timed sequentially; use independent-resample intervals
26,funnel,0,bucketed,history,64,256,4,13,0.689520500600338,0.47978824377059937,repeat indices align samples but methods were timed sequentially; use independent-resample intervals
26,funnel,0,bucketed,history,64,256,4,14,0.6374886855483055,0.5049516335129738,repeat indices align samples but methods were timed sequentially; use independent-resample intervals
26,funnel,0,bucketed,history,64,256,4,15,0.637699581682682,0.4963044822216034,repeat indices align samples but methods were timed sequentially; use independent-resample intervals
26,funnel,0,bucketed,history,64,256,4,16,0.573161207139492,0.565690204501152,repeat indices align samples but methods were timed sequentially; use independent-resample intervals
26,funnel,0,bucketed,history,64,256,4,17,0.6162214502692223,0.5225260034203529,repeat indices align samples but methods were timed sequentially; use independent-resample intervals
26,funnel,0,bucketed,history,64,256,4,18,0.622743733227253,0.5563226044178009,repeat indices align samples but methods were timed sequentially; use independent-resample intervals
26,funnel,0,bucketed,history,64,256,4,19,0.6117780953645706,0.5301045775413513,repeat indices align samples but methods were timed sequentially; use independent-resample intervals
26,funnel,0,bucketed,history,64,256,4,20,0.6469381526112556,0.5056193098425865,repeat indices align samples but methods were timed sequentially; use independent-resample intervals
26,funnel,0,bucketed,history,64,256,4,21,0.5827070474624634,0.5131444931030273,repeat indices align samples but methods were timed sequentially; use independent-resample intervals
26,funnel,0,bucketed,history,64,256,4,22,0.5615451261401176,0.5480949655175209,repeat indices align samples but methods were timed sequentially; use independent-resample intervals
26,funnel,0,bucketed,history,64,256,4,23,0.5610110610723495,0.5261198580265045,repeat indices align samples but methods were timed sequentially; use independent-resample intervals
26,funnel,0,bucketed,history,64,256,4,24,0.6270431354641914,0.5245945677161217,repeat indices align samples but methods were timed sequentially; use independent-resample intervals
26,funnel,0,bucketed,history,64,256,4,25,0.6864368095993996,0.5845093578100204,repeat indices align samples but methods were timed sequentially; use independent-resample intervals
26,funnel,0,bucketed,history,64,256,4,26,0.5959674268960953,0.5918902307748795,repeat indices align samples but methods were timed sequentially; use independent-resample intervals
26,funnel,0,bucketed,history,64,256,4,27,0.6454493626952171,0.5932265073060989,repeat indices align samples but methods were timed sequentially; use independent-resample intervals
26,funnel,0,bucketed,history,64,256,4,28,0.6113346740603447,0.5989503040909767,repeat indices align samples but methods were timed sequentially; use independent-resample intervals
26,funnel,0,bucketed,history,64,256,4,29,0.6165520325303078,0.5933892875909805,repeat indices align samples but methods were timed sequentially; use independent-resample intervals
27,funnel,0,bucketed,history,128,256,4,0,0.6251022815704346,0.5840748846530914,repeat indices align samples but methods were timed sequentially; use independent-resample intervals
27,funnel,0,bucketed,history,128,256,4,1,0.5911387354135513,0.5692236870527267,repeat indices align samples but methods were timed sequentially; use independent-resample intervals
27,funnel,0,bucketed,history,128,256,4,2,0.621422290802002,0.508212573826313,repeat indices align samples but methods were timed sequentially; use independent-resample intervals
27,funnel,0,bucketed,history,128,256,4,3,0.6139278709888458,0.5189059525728226,repeat indices align samples but methods were timed sequentially; use independent-resample intervals
27,funnel,0,bucketed,history,128,256,4,4,0.5462077558040619,0.5193088576197624,repeat indices align samples but methods were timed sequentially; use independent-resample intervals
27,funnel,0,bucketed,history,128,256,4,5,0.5677276402711868,0.5050580278038979,repeat indices align samples but methods were timed sequentially; use independent-resample intervals
27,funnel,0,bucketed,history,128,256,4,6,0.6471966281533241,0.5259623154997826,repeat indices align samples but methods were timed sequentially; use independent-resample intervals
27,funnel,0,bucketed,history,128,256,4,7,0.6199043691158295,0.4802665337920189,repeat indices align samples but methods were timed sequentially; use independent-resample intervals
27,funnel,0,bucketed,history,128,256,4,8,0.6323791667819023,0.5156557038426399,repeat indices align samples but methods were timed sequentially; use independent-resample intervals
27,funnel,0,bucketed,history,128,256,4,9,0.6199869886040688,0.5589251294732094,repeat indices align samples but methods were timed sequentially; use independent-resample intervals
27,funnel,0,bucketed,history,128,256,4,10,0.5557758584618568,0.5056057274341583,repeat indices align samples but methods were timed sequentially; use independent-resample intervals
27,funnel,0,bucketed,history,128,256,4,11,0.6313171237707138,0.5127150937914848,repeat indices align samples but methods were timed sequentially; use independent-resample intervals
27,funnel,0,bucketed,history,128,256,4,12,0.6255337446928024,0.5343122780323029,repeat indices align samples but methods were timed sequentially; use independent-resample intervals
27,funnel,0,bucketed,history,128,256,4,13,0.5702095702290535,0.47978824377059937,repeat indices align samples but methods were timed sequentially; use independent-resample intervals
27,funnel,0,bucketed,history,128,256,4,14,0.6531919240951538,0.5049516335129738,repeat indices align samples but methods were timed sequentially; use independent-resample intervals
27,funnel,0,bucketed,history,128,256,4,15,0.6710687428712845,0.4963044822216034,repeat indices align samples but methods were timed sequentially; use independent-resample intervals
27,funnel,0,bucketed,history,128,256,4,16,0.5955054089426994,0.565690204501152,repeat indices align samples but methods were timed sequentially; use independent-resample intervals
27,funnel,0,bucketed,history,128,256,4,17,0.6027297750115395,0.5225260034203529,repeat indices align samples but methods were timed sequentially; use independent-resample intervals
27,funnel,0,bucketed,history,128,256,4,18,0.559657983481884,0.5563226044178009,repeat indices align samples but methods were timed sequentially; use independent-resample intervals
27,funnel,0,bucketed,history,128,256,4,19,0.6374814659357071,0.5301045775413513,repeat indices align samples but methods were timed sequentially; use independent-resample intervals
27,funnel,0,bucketed,history,128,256,4,20,0.623571552336216,0.5056193098425865,repeat indices align samples but methods were timed sequentially; use independent-resample intervals
27,funnel,0,bucketed,history,128,256,4,21,0.5792592465877533,0.5131444931030273,repeat indices align samples but methods were timed sequentially; use independent-resample intervals
27,funnel,0,bucketed,history,128,256,4,22,0.6061847135424614,0.5480949655175209,repeat indices align samples but methods were timed sequentially; use independent-resample intervals
27,funnel,0,bucketed,history,128,256,4,23,0.6169255822896957,0.5261198580265045,repeat indices align samples but methods were timed sequentially; use independent-resample intervals
27,funnel,0,bucketed,history,128,256,4,24,0.657816618680954,0.5245945677161217,repeat indices align samples but methods were timed sequentially; use independent-resample intervals
27,funnel,0,bucketed,history,128,256,4,25,0.5768873319029808,0.5845093578100204,repeat indices align samples but methods were timed sequentially; use independent-resample intervals
27,funnel,0,bucketed,history,128,256,4,26,0.5654243156313896,0.5918902307748795,repeat indices align samples but methods were timed sequentially; use independent-resample intervals
27,funnel,0,bucketed,history,128,256,4,27,0.5387603119015694,0.5932265073060989,repeat indices align samples but methods were timed sequentially; use independent-resample intervals
27,funnel,0,bucketed,history,128,256,4,28,0.5909951105713844,0.5989503040909767,repeat indices align samples but methods were timed sequentially; use independent-resample intervals
27,funnel,0,bucketed,history,128,256,4,29,0.529422789812088,0.5933892875909805,repeat indices align samples but methods were timed sequentially; use independent-resample intervals
28,funnel,0,bucketed,last_depth,64,256,4,0,0.6236557886004448,0.5840748846530914,repeat indices align samples but methods were timed sequentially; use independent-resample intervals
28,funnel,0,bucketed,last_depth,64,256,4,1,0.6680920645594597,0.5692236870527267,repeat indices align samples but methods were timed sequentially; use independent-resample intervals
28,funnel,0,bucketed,last_depth,64,256,4,2,0.6332679390907288,0.508212573826313,repeat indices align samples but methods were timed sequentially; use independent-resample intervals
28,funnel,0,bucketed,last_depth,64,256,4,3,0.6751670986413956,0.5189059525728226,repeat indices align samples but methods were timed sequentially; use independent-resample intervals
28,funnel,0,bucketed,last_depth,64,256,4,4,0.6711191087961197,0.5193088576197624,repeat indices align samples but methods were timed sequentially; use independent-resample intervals
28,funnel,0,bucketed,last_depth,64,256,4,5,0.6809733957052231,0.5050580278038979,repeat indices align samples but methods were timed sequentially; use independent-resample intervals
28,funnel,0,bucketed,last_depth,64,256,4,6,0.667633906006813,0.5259623154997826,repeat indices align samples but methods were timed sequentially; use independent-resample intervals
28,funnel,0,bucketed,last_depth,64,256,4,7,0.6527731493115425,0.4802665337920189,repeat indices align samples but methods were timed sequentially; use independent-resample intervals
28,funnel,0,bucketed,last_depth,64,256,4,8,0.6705886498093605,0.5156557038426399,repeat indices align samples but methods were timed sequentially; use independent-resample intervals
28,funnel,0,bucketed,last_depth,64,256,4,9,0.6728701144456863,0.5589251294732094,repeat indices align samples but methods were timed sequentially; use independent-resample intervals
28,funnel,0,bucketed,last_depth,64,256,4,10,0.6640850827097893,0.5056057274341583,repeat indices align samples but methods were timed sequentially; use independent-resample intervals
28,funnel,0,bucketed,last_depth,64,256,4,11,0.6456256434321404,0.5127150937914848,repeat indices align samples but methods were timed sequentially; use independent-resample intervals
28,funnel,0,bucketed,last_depth,64,256,4,12,0.6633829548954964,0.5343122780323029,repeat indices align samples but methods were timed sequentially; use independent-resample intervals
28,funnel,0,bucketed,last_depth,64,256,4,13,0.6232105493545532,0.47978824377059937,repeat indices align samples but methods were timed sequentially; use independent-resample intervals
28,funnel,0,bucketed,last_depth,64,256,4,14,0.6841162517666817,0.5049516335129738,repeat indices align samples but methods were timed sequentially; use independent-resample intervals
28,funnel,0,bucketed,last_depth,64,256,4,15,0.8442719280719757,0.4963044822216034,repeat indices align samples but methods were timed sequentially; use independent-resample intervals
28,funnel,0,bucketed,last_depth,64,256,4,16,0.7089340090751648,0.565690204501152,repeat indices align samples but methods were timed sequentially; use independent-resample intervals
28,funnel,0,bucketed,last_depth,64,256,4,17,0.667571060359478,0.5225260034203529,repeat indices align samples but methods were timed sequentially; use independent-resample intervals
28,funnel,0,bucketed,last_depth,64,256,4,18,0.6286930814385414,0.5563226044178009,repeat indices align samples but methods were timed sequentially; use independent-resample intervals
28,funnel,0,bucketed,last_depth,64,256,4,19,0.6128084287047386,0.5301045775413513,repeat indices align samples but methods were timed sequentially; use independent-resample intervals
28,funnel,0,bucketed,last_depth,64,256,4,20,0.7222161144018173,0.5056193098425865,repeat indices align samples but methods were timed sequentially; use independent-resample intervals
28,funnel,0,bucketed,last_depth,64,256,4,21,0.6237390115857124,0.5131444931030273,repeat indices align samples but methods were timed sequentially; use independent-resample intervals
28,funnel,0,bucketed,last_depth,64,256,4,22,0.6978809386491776,0.5480949655175209,repeat indices align samples but methods were timed sequentially; use independent-resample intervals
28,funnel,0,bucketed,last_depth,64,256,4,23,0.6639989539980888,0.5261198580265045,repeat indices align samples but methods were timed sequentially; use independent-resample intervals
28,funnel,0,bucketed,last_depth,64,256,4,24,0.6912127584218979,0.5245945677161217,repeat indices align samples but methods were timed sequentially; use independent-resample intervals
28,funnel,0,bucketed,last_depth,64,256,4,25,0.6363890916109085,0.5845093578100204,repeat indices align samples but methods were timed sequentially; use independent-resample intervals
28,funnel,0,bucketed,last_depth,64,256,4,26,0.693283200263977,0.5918902307748795,repeat indices align samples but methods were timed sequentially; use independent-resample intervals
28,funnel,0,bucketed,last_depth,64,256,4,27,0.681734599173069,0.5932265073060989,repeat indices align samples but methods were timed sequentially; use independent-resample intervals
28,funnel,0,bucketed,last_depth,64,256,4,28,0.6678296029567719,0.5989503040909767,repeat indices align samples but methods were timed sequentially; use independent-resample intervals
28,funnel,0,bucketed,last_depth,64,256,4,29,0.6385764479637146,0.5933892875909805,repeat indices align samples but methods were timed sequentially; use independent-resample intervals
29,funnel,0,bucketed,last_depth,128,256,4,0,0.7580421343445778,0.5840748846530914,repeat indices align samples but methods were timed sequentially; use independent-resample intervals
29,funnel,0,bucketed,last_depth,128,256,4,1,0.6529616639018059,0.5692236870527267,repeat indices align samples but methods were timed sequentially; use independent-resample intervals
29,funnel,0,bucketed,last_depth,128,256,4,2,0.6312795653939247,0.508212573826313,repeat indices align samples but methods were timed sequentially; use independent-resample intervals
29,funnel,0,bucketed,last_depth,128,256,4,3,0.6734239310026169,0.5189059525728226,repeat indices align samples but methods were timed sequentially; use independent-resample intervals
29,funnel,0,bucketed,last_depth,128,256,4,4,0.5959695428609848,0.5193088576197624,repeat indices align samples but methods were timed sequentially; use independent-resample intervals
29,funnel,0,bucketed,last_depth,128,256,4,5,0.6907758861780167,0.5050580278038979,repeat indices align samples but methods were timed sequentially; use independent-resample intervals
29,funnel,0,bucketed,last_depth,128,256,4,6,0.6427981853485107,0.5259623154997826,repeat indices align samples but methods were timed sequentially; use independent-resample intervals
29,funnel,0,bucketed,last_depth,128,256,4,7,0.6575395837426186,0.4802665337920189,repeat indices align samples but methods were timed sequentially; use independent-resample intervals
29,funnel,0,bucketed,last_depth,128,256,4,8,0.6464185938239098,0.5156557038426399,repeat indices align samples but methods were timed sequentially; use independent-resample intervals
29,funnel,0,bucketed,last_depth,128,256,4,9,0.6446661725640297,0.5589251294732094,repeat indices align samples but methods were timed sequentially; use independent-resample intervals
29,funnel,0,bucketed,last_depth,128,256,4,10,0.6407095789909363,0.5056057274341583,repeat indices align samples but methods were timed sequentially; use independent-resample intervals
29,funnel,0,bucketed,last_depth,128,256,4,11,0.5924744009971619,0.5127150937914848,repeat indices align samples but methods were timed sequentially; use independent-resample intervals
29,funnel,0,bucketed,last_depth,128,256,4,12,0.6978389844298363,0.5343122780323029,repeat indices align samples but methods were timed sequentially; use independent-resample intervals
29,funnel,0,bucketed,last_depth,128,256,4,13,0.6561110094189644,0.47978824377059937,repeat indices align samples but methods were timed sequentially; use independent-resample intervals
29,funnel,0,bucketed,last_depth,128,256,4,14,0.6437747702002525,0.5049516335129738,repeat indices align samples but methods were timed sequentially; use independent-resample intervals
29,funnel,0,bucketed,last_depth,128,256,4,15,0.6471776068210602,0.4963044822216034,repeat indices align samples but methods were timed sequentially; use independent-resample intervals
29,funnel,0,bucketed,last_depth,128,256,4,16,0.6338537856936455,0.565690204501152,repeat indices align samples but methods were timed sequentially; use independent-resample intervals
29,funnel,0,bucketed,last_depth,128,256,4,17,0.649188369512558,0.5225260034203529,repeat indices align samples but methods were timed sequentially; use independent-resample intervals
29,funnel,0,bucketed,last_depth,128,256,4,18,0.63383848965168,0.5563226044178009,repeat indices align samples but methods were timed sequentially; use independent-resample intervals
29,funnel,0,bucketed,last_depth,128,256,4,19,0.6921844035387039,0.5301045775413513,repeat indices align samples but methods were timed sequentially; use independent-resample intervals
29,funnel,0,bucketed,last_depth,128,256,4,20,0.6761146709322929,0.5056193098425865,repeat indices align samples but methods were timed sequentially; use independent-resample intervals
29,funnel,0,bucketed,last_depth,128,256,4,21,0.697599969804287,0.5131444931030273,repeat indices align samples but methods were timed sequentially; use independent-resample intervals
29,funnel,0,bucketed,last_depth,128,256,4,22,0.6758953705430031,0.5480949655175209,repeat indices align samples but methods were timed sequentially; use independent-resample intervals
29,funnel,0,bucketed,last_depth,128,256,4,23,0.6203000620007515,0.5261198580265045,repeat indices align samples but methods were timed sequentially; use independent-resample intervals
29,funnel,0,bucketed,last_depth,128,256,4,24,0.609807163476944,0.5245945677161217,repeat indices align samples but methods were timed sequentially; use independent-resample intervals
29,funnel,0,bucketed,last_depth,128,256,4,25,0.6433109492063522,0.5845093578100204,repeat indices align samples but methods were timed sequentially; use independent-resample intervals
29,funnel,0,bucketed,last_depth,128,256,4,26,0.6615271344780922,0.5918902307748795,repeat indices align samples but methods were timed sequentially; use independent-resample intervals
29,funnel,0,bucketed,last_depth,128,256,4,27,0.657536692917347,0.5932265073060989,repeat indices align samples but methods were timed sequentially; use independent-resample intervals
29,funnel,0,bucketed,last_depth,128,256,4,28,0.6503136679530144,0.5989503040909767,repeat indices align samples but methods were timed sequentially; use independent-resample intervals
29,funnel,0,bucketed,last_depth,128,256,4,29,0.6408956423401833,0.5933892875909805,repeat indices align samples but methods were timed sequentially; use independent-resample intervals
30,funnel,1,monolithic,monolithic,0,256,4,0,0.6604893356561661,0.6604893356561661,repeat indices align samples but methods were timed sequentially; use independent-resample intervals
30,funnel,1,monolithic,monolithic,0,256,4,1,0.621423102915287,0.621423102915287,repeat indices align samples but methods were timed sequentially; use independent-resample intervals
30,funnel,1,monolithic,monolithic,0,256,4,2,0.6557470411062241,0.6557470411062241,repeat indices align samples but methods were timed sequentially; use independent-resample intervals
30,funnel,1,monolithic,monolithic,0,256,4,3,0.6525113508105278,0.6525113508105278,repeat indices align samples but methods were timed sequentially; use independent-resample intervals
30,funnel,1,monolithic,monolithic,0,256,4,4,0.6854565814137459,0.6854565814137459,repeat indices align samples but methods were timed sequentially; use independent-resample intervals
30,funnel,1,monolithic,monolithic,0,256,4,5,0.6211901232600212,0.6211901232600212,repeat indices align samples but methods were timed sequentially; use independent-resample intervals
30,funnel,1,monolithic,monolithic,0,256,4,6,0.6047318652272224,0.6047318652272224,repeat indices align samples but methods were timed sequentially; use independent-resample intervals
30,funnel,1,monolithic,monolithic,0,256,4,7,0.6660471484065056,0.6660471484065056,repeat indices align samples but methods were timed sequentially; use independent-resample intervals
30,funnel,1,monolithic,monolithic,0,256,4,8,0.6864508017897606,0.6864508017897606,repeat indices align samples but methods were timed sequentially; use independent-resample intervals
30,funnel,1,monolithic,monolithic,0,256,4,9,0.6617941707372665,0.6617941707372665,repeat indices align samples but methods were timed sequentially; use independent-resample intervals
30,funnel,1,monolithic,monolithic,0,256,4,10,0.672830618917942,0.672830618917942,repeat indices align samples but methods were timed sequentially; use independent-resample intervals
30,funnel,1,monolithic,monolithic,0,256,4,11,0.6948198303580284,0.6948198303580284,repeat indices align samples but methods were timed sequentially; use independent-resample intervals
30,funnel,1,monolithic,monolithic,0,256,4,12,0.7863524407148361,0.7863524407148361,repeat indices align samples but methods were timed sequentially; use independent-resample intervals
30,funnel,1,monolithic,monolithic,0,256,4,13,0.7214987128973007,0.7214987128973007,repeat indices align samples but methods were timed sequentially; use independent-resample intervals
30,funnel,1,monolithic,monolithic,0,256,4,14,0.7454183921217918,0.7454183921217918,repeat indices align samples but methods were timed sequentially; use independent-resample intervals
30,funnel,1,monolithic,monolithic,0,256,4,15,0.6724566593766212,0.6724566593766212,repeat indices align samples but methods were timed sequentially; use independent-resample intervals
30,funnel,1,monolithic,monolithic,0,256,4,16,0.7026123553514481,0.7026123553514481,repeat indices align samples but methods were timed sequentially; use independent-resample intervals
30,funnel,1,monolithic,monolithic,0,256,4,17,0.7009725570678711,0.7009725570678711,repeat indices align samples but methods were timed sequentially; use independent-resample intervals
30,funnel,1,monolithic,monolithic,0,256,4,18,0.692615307867527,0.692615307867527,repeat indices align samples but methods were timed sequentially; use independent-resample intervals
30,funnel,1,monolithic,monolithic,0,256,4,19,0.6816709637641907,0.6816709637641907,repeat indices align samples but methods were timed sequentially; use independent-resample intervals
30,funnel,1,monolithic,monolithic,0,256,4,20,0.7345319092273712,0.7345319092273712,repeat indices align samples but methods were timed sequentially; use independent-resample intervals
30,funnel,1,monolithic,monolithic,0,256,4,21,0.6530976444482803,0.6530976444482803,repeat indices align samples but methods were timed sequentially; use independent-resample intervals
30,funnel,1,monolithic,monolithic,0,256,4,22,0.7450786903500557,0.7450786903500557,repeat indices align samples but methods were timed sequentially; use independent-resample intervals
30,funnel,1,monolithic,monolithic,0,256,4,23,0.6898986771702766,0.6898986771702766,repeat indices align samples but methods were timed sequentially; use independent-resample intervals
30,funnel,1,monolithic,monolithic,0,256,4,24,0.678903304040432,0.678903304040432,repeat indices align samples but methods were timed sequentially; use independent-resample intervals
30,funnel,1,monolithic,monolithic,0,256,4,25,0.6640777364373207,0.6640777364373207,repeat indices align samples but methods were timed sequentially; use independent-resample intervals
30,funnel,1,monolithic,monolithic,0,256,4,26,0.7014404609799385,0.7014404609799385,repeat indices align samples but methods were timed sequentially; use independent-resample intervals
30,funnel,1,monolithic,monolithic,0,256,4,27,0.7001080214977264,0.7001080214977264,repeat indices align samples but methods were timed sequentially; use independent-resample intervals
30,funnel,1,monolithic,monolithic,0,256,4,28,0.6735009402036667,0.6735009402036667,repeat indices align samples but methods were timed sequentially; use independent-resample intervals
30,funnel,1,monolithic,monolithic,0,256,4,29,0.6158230826258659,0.6158230826258659,repeat indices align samples but methods were timed sequentially; use independent-resample intervals
31,funnel,1,bucketed,history,64,256,4,0,0.6750810891389847,0.6604893356561661,repeat indices align samples but methods were timed sequentially; use independent-resample intervals
31,funnel,1,bucketed,history,64,256,4,1,0.7450523003935814,0.621423102915287,repeat indices align samples but methods were timed sequentially; use independent-resample intervals
31,funnel,1,bucketed,history,64,256,4,2,0.7739310786128044,0.6557470411062241,repeat indices align samples but methods were timed sequentially; use independent-resample intervals
31,funnel,1,bucketed,history,64,256,4,3,0.7244542688131332,0.6525113508105278,repeat indices align samples but methods were timed sequentially; use independent-resample intervals
31,funnel,1,bucketed,history,64,256,4,4,0.7413981035351753,0.6854565814137459,repeat indices align samples but methods were timed sequentially; use independent-resample intervals
31,funnel,1,bucketed,history,64,256,4,5,0.7806858122348785,0.6211901232600212,repeat indices align samples but methods were timed sequentially; use independent-resample intervals
31,funnel,1,bucketed,history,64,256,4,6,0.7443640977144241,0.6047318652272224,repeat indices align samples but methods were timed sequentially; use independent-resample intervals
31,funnel,1,bucketed,history,64,256,4,7,0.7630523815751076,0.6660471484065056,repeat indices align samples but methods were timed sequentially; use independent-resample intervals
31,funnel,1,bucketed,history,64,256,4,8,0.7503189891576767,0.6864508017897606,repeat indices align samples but methods were timed sequentially; use independent-resample intervals
31,funnel,1,bucketed,history,64,256,4,9,0.7412051931023598,0.6617941707372665,repeat indices align samples but methods were timed sequentially; use independent-resample intervals
31,funnel,1,bucketed,history,64,256,4,10,0.7063986137509346,0.672830618917942,repeat indices align samples but methods were timed sequentially; use independent-resample intervals
31,funnel,1,bucketed,history,64,256,4,11,0.7217937111854553,0.6948198303580284,repeat indices align samples but methods were timed sequentially; use independent-resample intervals
31,funnel,1,bucketed,history,64,256,4,12,0.7974269464612007,0.7863524407148361,repeat indices align samples but methods were timed sequentially; use independent-resample intervals
31,funnel,1,bucketed,history,64,256,4,13,0.7666025683283806,0.7214987128973007,repeat indices align samples but methods were timed sequentially; use independent-resample intervals
31,funnel,1,bucketed,history,64,256,4,14,0.7658974379301071,0.7454183921217918,repeat indices align samples but methods were timed sequentially; use independent-resample intervals
31,funnel,1,bucketed,history,64,256,4,15,0.7441873401403427,0.6724566593766212,repeat indices align samples but methods were timed sequentially; use independent-resample intervals
31,funnel,1,bucketed,history,64,256,4,16,0.783186748623848,0.7026123553514481,repeat indices align samples but methods were timed sequentially; use independent-resample intervals
31,funnel,1,bucketed,history,64,256,4,17,0.7708991914987564,0.7009725570678711,repeat indices align samples but methods were timed sequentially; use independent-resample intervals
31,funnel,1,bucketed,history,64,256,4,18,0.7856185808777809,0.692615307867527,repeat indices align samples but methods were timed sequentially; use independent-resample intervals
31,funnel,1,bucketed,history,64,256,4,19,0.6775986924767494,0.6816709637641907,repeat indices align samples but methods were timed sequentially; use independent-resample intervals
31,funnel,1,bucketed,history,64,256,4,20,0.7272550091147423,0.7345319092273712,repeat indices align samples but methods were timed sequentially; use independent-resample intervals
31,funnel,1,bucketed,history,64,256,4,21,0.8083146587014198,0.6530976444482803,repeat indices align samples but methods were timed sequentially; use independent-resample intervals
31,funnel,1,bucketed,history,64,256,4,22,0.8209883347153664,0.7450786903500557,repeat indices align samples but methods were timed sequentially; use independent-resample intervals
31,funnel,1,bucketed,history,64,256,4,23,0.7766277864575386,0.6898986771702766,repeat indices align samples but methods were timed sequentially; use independent-resample intervals
31,funnel,1,bucketed,history,64,256,4,24,0.9338601008057594,0.678903304040432,repeat indices align samples but methods were timed sequentially; use independent-resample intervals
31,funnel,1,bucketed,history,64,256,4,25,0.8692147135734558,0.6640777364373207,repeat indices align samples but methods were timed sequentially; use independent-resample intervals
31,funnel,1,bucketed,history,64,256,4,26,0.7718363478779793,0.7014404609799385,repeat indices align samples but methods were timed sequentially; use independent-resample intervals
31,funnel,1,bucketed,history,64,256,4,27,0.73721644282341,0.7001080214977264,repeat indices align samples but methods were timed sequentially; use independent-resample intervals
31,funnel,1,bucketed,history,64,256,4,28,0.8135749399662018,0.6735009402036667,repeat indices align samples but methods were timed sequentially; use independent-resample intervals
31,funnel,1,bucketed,history,64,256,4,29,0.8116608038544655,0.6158230826258659,repeat indices align samples but methods were timed sequentially; use independent-resample intervals
32,funnel,1,bucketed,history,128,256,4,0,0.7232557758688927,0.6604893356561661,repeat indices align samples but methods were timed sequentially; use independent-resample intervals
32,funnel,1,bucketed,history,128,256,4,1,0.6786552667617798,0.621423102915287,repeat indices align samples but methods were timed sequentially; use independent-resample intervals
32,funnel,1,bucketed,history,128,256,4,2,0.7358503863215446,0.6557470411062241,repeat indices align samples but methods were timed sequentially; use independent-resample intervals
32,funnel,1,bucketed,history,128,256,4,3,0.6843219846487045,0.6525113508105278,repeat indices align samples but methods were timed sequentially; use independent-resample intervals
32,funnel,1,bucketed,history,128,256,4,4,0.7422782704234123,0.6854565814137459,repeat indices align samples but methods were timed sequentially; use independent-resample intervals
32,funnel,1,bucketed,history,128,256,4,5,0.7141135185956955,0.6211901232600212,repeat indices align samples but methods were timed sequentially; use independent-resample intervals
32,funnel,1,bucketed,history,128,256,4,6,0.66818568110466,0.6047318652272224,repeat indices align samples but methods were timed sequentially; use independent-resample intervals
32,funnel,1,bucketed,history,128,256,4,7,0.7057835459709167,0.6660471484065056,repeat indices align samples but methods were timed sequentially; use independent-resample intervals
32,funnel,1,bucketed,history,128,256,4,8,0.780363529920578,0.6864508017897606,repeat indices align samples but methods were timed sequentially; use independent-resample intervals
32,funnel,1,bucketed,history,128,256,4,9,0.6924165710806847,0.6617941707372665,repeat indices align samples but methods were timed sequentially; use independent-resample intervals
32,funnel,1,bucketed,history,128,256,4,10,0.7196614965796471,0.672830618917942,repeat indices align samples but methods were timed sequentially; use independent-resample intervals
32,funnel,1,bucketed,history,128,256,4,11,0.7910598143935204,0.6948198303580284,repeat indices align samples but methods were timed sequentially; use independent-resample intervals
32,funnel,1,bucketed,history,128,256,4,12,0.70213982462883,0.7863524407148361,repeat indices align samples but methods were timed sequentially; use independent-resample intervals
32,funnel,1,bucketed,history,128,256,4,13,0.7377021312713623,0.7214987128973007,repeat indices align samples but methods were timed sequentially; use independent-resample intervals
32,funnel,1,bucketed,history,128,256,4,14,0.7193445861339569,0.7454183921217918,repeat indices align samples but methods were timed sequentially; use independent-resample intervals
32,funnel,1,bucketed,history,128,256,4,15,0.8880192115902901,0.6724566593766212,repeat indices align samples but methods were timed sequentially; use independent-resample intervals
32,funnel,1,bucketed,history,128,256,4,16,0.8160929977893829,0.7026123553514481,repeat indices align samples but methods were timed sequentially; use independent-resample intervals
32,funnel,1,bucketed,history,128,256,4,17,0.8310583755373955,0.7009725570678711,repeat indices align samples but methods were timed sequentially; use independent-resample intervals
32,funnel,1,bucketed,history,128,256,4,18,0.8722600266337395,0.692615307867527,repeat indices align samples but methods were timed sequentially; use independent-resample intervals
32,funnel,1,bucketed,history,128,256,4,19,0.89238490909338,0.6816709637641907,repeat indices align samples but methods were timed sequentially; use independent-resample intervals
32,funnel,1,bucketed,history,128,256,4,20,0.7326174899935722,0.7345319092273712,repeat indices align samples but methods were timed sequentially; use independent-resample intervals
32,funnel,1,bucketed,history,128,256,4,21,0.7628788948059082,0.6530976444482803,repeat indices align samples but methods were timed sequentially; use independent-resample intervals
32,funnel,1,bucketed,history,128,256,4,22,0.7008678615093231,0.7450786903500557,repeat indices align samples but methods were timed sequentially; use independent-resample intervals
32,funnel,1,bucketed,history,128,256,4,23,0.8255847245454788,0.6898986771702766,repeat indices align samples but methods were timed sequentially; use independent-resample intervals
32,funnel,1,bucketed,history,128,256,4,24,0.9239204227924347,0.678903304040432,repeat indices align samples but methods were timed sequentially; use independent-resample intervals
32,funnel,1,bucketed,history,128,256,4,25,0.9076716676354408,0.6640777364373207,repeat indices align samples but methods were timed sequentially; use independent-resample intervals
32,funnel,1,bucketed,history,128,256,4,26,0.8941516876220703,0.7014404609799385,repeat indices align samples but methods were timed sequentially; use independent-resample intervals
32,funnel,1,bucketed,history,128,256,4,27,0.8273086547851562,0.7001080214977264,repeat indices align samples but methods were timed sequentially; use independent-resample intervals
32,funnel,1,bucketed,history,128,256,4,28,0.8849465101957321,0.6735009402036667,repeat indices align samples but methods were timed sequentially; use independent-resample intervals
32,funnel,1,bucketed,history,128,256,4,29,0.8947171866893768,0.6158230826258659,repeat indices align samples but methods were timed sequentially; use independent-resample intervals
33,funnel,1,bucketed,last_depth,64,256,4,0,0.9987466335296631,0.6604893356561661,repeat indices align samples but methods were timed sequentially; use independent-resample intervals
33,funnel,1,bucketed,last_depth,64,256,4,1,0.9530029147863388,0.621423102915287,repeat indices align samples but methods were timed sequentially; use independent-resample intervals
33,funnel,1,bucketed,last_depth,64,256,4,2,0.9612449705600739,0.6557470411062241,repeat indices align samples but methods were timed sequentially; use independent-resample intervals
33,funnel,1,bucketed,last_depth,64,256,4,3,0.959735780954361,0.6525113508105278,repeat indices align samples but methods were timed sequentially; use independent-resample intervals
33,funnel,1,bucketed,last_depth,64,256,4,4,1.0100286677479744,0.6854565814137459,repeat indices align samples but methods were timed sequentially; use independent-resample intervals
33,funnel,1,bucketed,last_depth,64,256,4,5,0.9299182370305061,0.6211901232600212,repeat indices align samples but methods were timed sequentially; use independent-resample intervals
33,funnel,1,bucketed,last_depth,64,256,4,6,0.8766881003975868,0.6047318652272224,repeat indices align samples but methods were timed sequentially; use independent-resample intervals
33,funnel,1,bucketed,last_depth,64,256,4,7,0.9083609357476234,0.6660471484065056,repeat indices align samples but methods were timed sequentially; use independent-resample intervals
33,funnel,1,bucketed,last_depth,64,256,4,8,0.9723513796925545,0.6864508017897606,repeat indices align samples but methods were timed sequentially; use independent-resample intervals
33,funnel,1,bucketed,last_depth,64,256,4,9,0.9213727042078972,0.6617941707372665,repeat indices align samples but methods were timed sequentially; use independent-resample intervals
33,funnel,1,bucketed,last_depth,64,256,4,10,0.9783529117703438,0.672830618917942,repeat indices align samples but methods were timed sequentially; use independent-resample intervals
33,funnel,1,bucketed,last_depth,64,256,4,11,1.027215026319027,0.6948198303580284,repeat indices align samples but methods were timed sequentially; use independent-resample intervals
33,funnel,1,bucketed,last_depth,64,256,4,12,0.9524444565176964,0.7863524407148361,repeat indices align samples but methods were timed sequentially; use independent-resample intervals
33,funnel,1,bucketed,last_depth,64,256,4,13,0.9941514655947685,0.7214987128973007,repeat indices align samples but methods were timed sequentially; use independent-resample intervals
33,funnel,1,bucketed,last_depth,64,256,4,14,0.9442707151174545,0.7454183921217918,repeat indices align samples but methods were timed sequentially; use independent-resample intervals
33,funnel,1,bucketed,last_depth,64,256,4,15,0.8735046163201332,0.6724566593766212,repeat indices align samples but methods were timed sequentially; use independent-resample intervals
33,funnel,1,bucketed,last_depth,64,256,4,16,0.8485777899622917,0.7026123553514481,repeat indices align samples but methods were timed sequentially; use independent-resample intervals
33,funnel,1,bucketed,last_depth,64,256,4,17,0.8825580924749374,0.7009725570678711,repeat indices align samples but methods were timed sequentially; use independent-resample intervals
33,funnel,1,bucketed,last_depth,64,256,4,18,0.87633416056633,0.692615307867527,repeat indices align samples but methods were timed sequentially; use independent-resample intervals
33,funnel,1,bucketed,last_depth,64,256,4,19,0.9561483561992645,0.6816709637641907,repeat indices align samples but methods were timed sequentially; use independent-resample intervals
33,funnel,1,bucketed,last_depth,64,256,4,20,1.040293149650097,0.7345319092273712,repeat indices align samples but methods were timed sequentially; use independent-resample intervals
33,funnel,1,bucketed,last_depth,64,256,4,21,0.9535036459565163,0.6530976444482803,repeat indices align samples but methods were timed sequentially; use independent-resample intervals
33,funnel,1,bucketed,last_depth,64,256,4,22,1.0457517430186272,0.7450786903500557,repeat indices align samples but methods were timed sequentially; use independent-resample intervals
33,funnel,1,bucketed,last_depth,64,256,4,23,0.9770469665527344,0.6898986771702766,repeat indices align samples but methods were timed sequentially; use independent-resample intervals
33,funnel,1,bucketed,last_depth,64,256,4,24,0.9461405277252197,0.678903304040432,repeat indices align samples but methods were timed sequentially; use independent-resample intervals
33,funnel,1,bucketed,last_depth,64,256,4,25,0.926718182861805,0.6640777364373207,repeat indices align samples but methods were timed sequentially; use independent-resample intervals
33,funnel,1,bucketed,last_depth,64,256,4,26,1.0416923016309738,0.7014404609799385,repeat indices align samples but methods were timed sequentially; use independent-resample intervals
33,funnel,1,bucketed,last_depth,64,256,4,27,1.0345915779471397,0.7001080214977264,repeat indices align samples but methods were timed sequentially; use independent-resample intervals
33,funnel,1,bucketed,last_depth,64,256,4,28,1.1582295149564743,0.6735009402036667,repeat indices align samples but methods were timed sequentially; use independent-resample intervals
33,funnel,1,bucketed,last_depth,64,256,4,29,1.1938078105449677,0.6158230826258659,repeat indices align samples but methods were timed sequentially; use independent-resample intervals
34,funnel,1,bucketed,last_depth,128,256,4,0,1.2436701953411102,0.6604893356561661,repeat indices align samples but methods were timed sequentially; use independent-resample intervals
34,funnel,1,bucketed,last_depth,128,256,4,1,1.2198946177959442,0.621423102915287,repeat indices align samples but methods were timed sequentially; use independent-resample intervals
34,funnel,1,bucketed,last_depth,128,256,4,2,1.1531472280621529,0.6557470411062241,repeat indices align samples but methods were timed sequentially; use independent-resample intervals
34,funnel,1,bucketed,last_depth,128,256,4,3,1.1110851168632507,0.6525113508105278,repeat indices align samples but methods were timed sequentially; use independent-resample intervals
34,funnel,1,bucketed,last_depth,128,256,4,4,1.13668891787529,0.6854565814137459,repeat indices align samples but methods were timed sequentially; use independent-resample intervals
34,funnel,1,bucketed,last_depth,128,256,4,5,1.306099496781826,0.6211901232600212,repeat indices align samples but methods were timed sequentially; use independent-resample intervals
34,funnel,1,bucketed,last_depth,128,256,4,6,1.17526163905859,0.6047318652272224,repeat indices align samples but methods were timed sequentially; use independent-resample intervals
34,funnel,1,bucketed,last_depth,128,256,4,7,1.108898475766182,0.6660471484065056,repeat indices align samples but methods were timed sequentially; use independent-resample intervals
34,funnel,1,bucketed,last_depth,128,256,4,8,1.2122747227549553,0.6864508017897606,repeat indices align samples but methods were timed sequentially; use independent-resample intervals
34,funnel,1,bucketed,last_depth,128,256,4,9,1.0792343765497208,0.6617941707372665,repeat indices align samples but methods were timed sequentially; use independent-resample intervals
34,funnel,1,bucketed,last_depth,128,256,4,10,1.0982608795166016,0.672830618917942,repeat indices align samples but methods were timed sequentially; use independent-resample intervals
34,funnel,1,bucketed,last_depth,128,256,4,11,1.1758779734373093,0.6948198303580284,repeat indices align samples but methods were timed sequentially; use independent-resample intervals
34,funnel,1,bucketed,last_depth,128,256,4,12,0.9586748406291008,0.7863524407148361,repeat indices align samples but methods were timed sequentially; use independent-resample intervals
34,funnel,1,bucketed,last_depth,128,256,4,13,0.815775640308857,0.7214987128973007,repeat indices align samples but methods were timed sequentially; use independent-resample intervals
34,funnel,1,bucketed,last_depth,128,256,4,14,0.833003543317318,0.7454183921217918,repeat indices align samples but methods were timed sequentially; use independent-resample intervals
34,funnel,1,bucketed,last_depth,128,256,4,15,0.8525005504488945,0.6724566593766212,repeat indices align samples but methods were timed sequentially; use independent-resample intervals
34,funnel,1,bucketed,last_depth,128,256,4,16,0.9452288821339607,0.7026123553514481,repeat indices align samples but methods were timed sequentially; use independent-resample intervals
34,funnel,1,bucketed,last_depth,128,256,4,17,0.9385036751627922,0.7009725570678711,repeat indices align samples but methods were timed sequentially; use independent-resample intervals
34,funnel,1,bucketed,last_depth,128,256,4,18,0.8063789159059525,0.692615307867527,repeat indices align samples but methods were timed sequentially; use independent-resample intervals
34,funnel,1,bucketed,last_depth,128,256,4,19,0.7413998916745186,0.6816709637641907,repeat indices align samples but methods were timed sequentially; use independent-resample intervals
34,funnel,1,bucketed,last_depth,128,256,4,20,0.9123325422406197,0.7345319092273712,repeat indices align samples but methods were timed sequentially; use independent-resample intervals
34,funnel,1,bucketed,last_depth,128,256,4,21,0.9544530957937241,0.6530976444482803,repeat indices align samples but methods were timed sequentially; use independent-resample intervals
34,funnel,1,bucketed,last_depth,128,256,4,22,0.8999549448490143,0.7450786903500557,repeat indices align samples but methods were timed sequentially; use independent-resample intervals
34,funnel,1,bucketed,last_depth,128,256,4,23,0.7688773944973946,0.6898986771702766,repeat indices align samples but methods were timed sequentially; use independent-resample intervals
34,funnel,1,bucketed,last_depth,128,256,4,24,0.8019529283046722,0.678903304040432,repeat indices align samples but methods were timed sequentially; use independent-resample intervals
34,funnel,1,bucketed,last_depth,128,256,4,25,0.8699052780866623,0.6640777364373207,repeat indices align samples but methods were timed sequentially; use independent-resample intervals
34,funnel,1,bucketed,last_depth,128,256,4,26,0.7788437679409981,0.7014404609799385,repeat indices align samples but methods were timed sequentially; use independent-resample intervals
34,funnel,1,bucketed,last_depth,128,256,4,27,0.8695239573717117,0.7001080214977264,repeat indices align samples but methods were timed sequentially; use independent-resample intervals
34,funnel,1,bucketed,last_depth,128,256,4,28,0.8049507662653923,0.6735009402036667,repeat indices align samples but methods were timed sequentially; use independent-resample intervals
34,funnel,1,bucketed,last_depth,128,256,4,29,0.9587890207767487,0.6158230826258659,repeat indices align samples but methods were timed sequentially; use independent-resample intervals
35,funnel,2,monolithic,monolithic,0,256,4,0,0.6657250300049782,0.6657250300049782,repeat indices align samples but methods were timed sequentially; use independent-resample intervals
35,funnel,2,monolithic,monolithic,0,256,4,1,0.647397942841053,0.647397942841053,repeat indices align samples but methods were timed sequentially; use independent-resample intervals
35,funnel,2,monolithic,monolithic,0,256,4,2,0.7005884498357773,0.7005884498357773,repeat indices align samples but methods were timed sequentially; use independent-resample intervals
35,funnel,2,monolithic,monolithic,0,256,4,3,0.6237335652112961,0.6237335652112961,repeat indices align samples but methods were timed sequentially; use independent-resample intervals
35,funnel,2,monolithic,monolithic,0,256,4,4,0.6359512284398079,0.6359512284398079,repeat indices align samples but methods were timed sequentially; use independent-resample intervals
35,funnel,2,monolithic,monolithic,0,256,4,5,0.662672184407711,0.662672184407711,repeat indices align samples but methods were timed sequentially; use independent-resample intervals
35,funnel,2,monolithic,monolithic,0,256,4,6,0.5578869730234146,0.5578869730234146,repeat indices align samples but methods were timed sequentially; use independent-resample intervals
35,funnel,2,monolithic,monolithic,0,256,4,7,0.6911285892128944,0.6911285892128944,repeat indices align samples but methods were timed sequentially; use independent-resample intervals
35,funnel,2,monolithic,monolithic,0,256,4,8,0.6888894662261009,0.6888894662261009,repeat indices align samples but methods were timed sequentially; use independent-resample intervals
35,funnel,2,monolithic,monolithic,0,256,4,9,0.6351026892662048,0.6351026892662048,repeat indices align samples but methods were timed sequentially; use independent-resample intervals
35,funnel,2,monolithic,monolithic,0,256,4,10,0.6282670646905899,0.6282670646905899,repeat indices align samples but methods were timed sequentially; use independent-resample intervals
35,funnel,2,monolithic,monolithic,0,256,4,11,0.6058271676301956,0.6058271676301956,repeat indices align samples but methods were timed sequentially; use independent-resample intervals
35,funnel,2,monolithic,monolithic,0,256,4,12,0.7995853871107101,0.7995853871107101,repeat indices align samples but methods were timed sequentially; use independent-resample intervals
35,funnel,2,monolithic,monolithic,0,256,4,13,0.5677351877093315,0.5677351877093315,repeat indices align samples but methods were timed sequentially; use independent-resample intervals
35,funnel,2,monolithic,monolithic,0,256,4,14,0.5111423581838608,0.5111423581838608,repeat indices align samples but methods were timed sequentially; use independent-resample intervals
35,funnel,2,monolithic,monolithic,0,256,4,15,0.5246508866548538,0.5246508866548538,repeat indices align samples but methods were timed sequentially; use independent-resample intervals
35,funnel,2,monolithic,monolithic,0,256,4,16,0.5594840794801712,0.5594840794801712,repeat indices align samples but methods were timed sequentially; use independent-resample intervals
35,funnel,2,monolithic,monolithic,0,256,4,17,0.570790097117424,0.570790097117424,repeat indices align samples but methods were timed sequentially; use independent-resample intervals
35,funnel,2,monolithic,monolithic,0,256,4,18,0.5397171676158905,0.5397171676158905,repeat indices align samples but methods were timed sequentially; use independent-resample intervals
35,funnel,2,monolithic,monolithic,0,256,4,19,0.5005853101611137,0.5005853101611137,repeat indices align samples but methods were timed sequentially; use independent-resample intervals
35,funnel,2,monolithic,monolithic,0,256,4,20,0.6149484142661095,0.6149484142661095,repeat indices align samples but methods were timed sequentially; use independent-resample intervals
35,funnel,2,monolithic,monolithic,0,256,4,21,0.5127477645874023,0.5127477645874023,repeat indices align samples but methods were timed sequentially; use independent-resample intervals
35,funnel,2,monolithic,monolithic,0,256,4,22,0.5789446011185646,0.5789446011185646,repeat indices align samples but methods were timed sequentially; use independent-resample intervals
35,funnel,2,monolithic,monolithic,0,256,4,23,0.6016379967331886,0.6016379967331886,repeat indices align samples but methods were timed sequentially; use independent-resample intervals
35,funnel,2,monolithic,monolithic,0,256,4,24,0.6146928519010544,0.6146928519010544,repeat indices align samples but methods were timed sequentially; use independent-resample intervals
35,funnel,2,monolithic,monolithic,0,256,4,25,0.5325233861804008,0.5325233861804008,repeat indices align samples but methods were timed sequentially; use independent-resample intervals
35,funnel,2,monolithic,monolithic,0,256,4,26,0.5376988425850868,0.5376988425850868,repeat indices align samples but methods were timed sequentially; use independent-resample intervals
35,funnel,2,monolithic,monolithic,0,256,4,27,0.5388171672821045,0.5388171672821045,repeat indices align samples but methods were timed sequentially; use independent-resample intervals
35,funnel,2,monolithic,monolithic,0,256,4,28,0.526964582502842,0.526964582502842,repeat indices align samples but methods were timed sequentially; use independent-resample intervals
35,funnel,2,monolithic,monolithic,0,256,4,29,0.5471590533852577,0.5471590533852577,repeat indices align samples but methods were timed sequentially; use independent-resample intervals
36,funnel,2,bucketed,history,64,256,4,0,0.5962000861763954,0.6657250300049782,repeat indices align samples but methods were timed sequentially; use independent-resample intervals
36,funnel,2,bucketed,history,64,256,4,1,0.6361339464783669,0.647397942841053,repeat indices align samples but methods were timed sequentially; use independent-resample intervals
36,funnel,2,bucketed,history,64,256,4,2,0.6559538021683693,0.7005884498357773,repeat indices align samples but methods were timed sequentially; use independent-resample intervals
36,funnel,2,bucketed,history,64,256,4,3,0.7242427691817284,0.6237335652112961,repeat indices align samples but methods were timed sequentially; use independent-resample intervals
36,funnel,2,bucketed,history,64,256,4,4,0.7018541693687439,0.6359512284398079,repeat indices align samples but methods were timed sequentially; use independent-resample intervals
36,funnel,2,bucketed,history,64,256,4,5,0.6867302283644676,0.662672184407711,repeat indices align samples but methods were timed sequentially; use independent-resample intervals
36,funnel,2,bucketed,history,64,256,4,6,0.6124106645584106,0.5578869730234146,repeat indices align samples but methods were timed sequentially; use independent-resample intervals
36,funnel,2,bucketed,history,64,256,4,7,0.5583739727735519,0.6911285892128944,repeat indices align samples but methods were timed sequentially; use independent-resample intervals
36,funnel,2,bucketed,history,64,256,4,8,0.6381776556372643,0.6888894662261009,repeat indices align samples but methods were timed sequentially; use independent-resample intervals
36,funnel,2,bucketed,history,64,256,4,9,0.6060435920953751,0.6351026892662048,repeat indices align samples but methods were timed sequentially; use independent-resample intervals
36,funnel,2,bucketed,history,64,256,4,10,0.7102066949009895,0.6282670646905899,repeat indices align samples but methods were timed sequentially; use independent-resample intervals
36,funnel,2,bucketed,history,64,256,4,11,0.651824377477169,0.6058271676301956,repeat indices align samples but methods were timed sequentially; use independent-resample intervals
36,funnel,2,bucketed,history,64,256,4,12,0.6746190264821053,0.7995853871107101,repeat indices align samples but methods were timed sequentially; use independent-resample intervals
36,funnel,2,bucketed,history,64,256,4,13,0.6722125709056854,0.5677351877093315,repeat indices align samples but methods were timed sequentially; use independent-resample intervals
36,funnel,2,bucketed,history,64,256,4,14,0.7513331025838852,0.5111423581838608,repeat indices align samples but methods were timed sequentially; use independent-resample intervals
36,funnel,2,bucketed,history,64,256,4,15,0.8163018450140953,0.5246508866548538,repeat indices align samples but methods were timed sequentially; use independent-resample intervals
36,funnel,2,bucketed,history,64,256,4,16,0.7325405701994896,0.5594840794801712,repeat indices align samples but methods were timed sequentially; use independent-resample intervals
36,funnel,2,bucketed,history,64,256,4,17,0.6970807462930679,0.570790097117424,repeat indices align samples but methods were timed sequentially; use independent-resample intervals
36,funnel,2,bucketed,history,64,256,4,18,0.7265283241868019,0.5397171676158905,repeat indices align samples but methods were timed sequentially; use independent-resample intervals
36,funnel,2,bucketed,history,64,256,4,19,0.7101736292243004,0.5005853101611137,repeat indices align samples but methods were timed sequentially; use independent-resample intervals
36,funnel,2,bucketed,history,64,256,4,20,0.6775628179311752,0.6149484142661095,repeat indices align samples but methods were timed sequentially; use independent-resample intervals
36,funnel,2,bucketed,history,64,256,4,21,0.7102580219507217,0.5127477645874023,repeat indices align samples but methods were timed sequentially; use independent-resample intervals
36,funnel,2,bucketed,history,64,256,4,22,0.7076824530959129,0.5789446011185646,repeat indices align samples but methods were timed sequentially; use independent-resample intervals
36,funnel,2,bucketed,history,64,256,4,23,0.6338753998279572,0.6016379967331886,repeat indices align samples but methods were timed sequentially; use independent-resample intervals
36,funnel,2,bucketed,history,64,256,4,24,0.6305583566427231,0.6146928519010544,repeat indices align samples but methods were timed sequentially; use independent-resample intervals
36,funnel,2,bucketed,history,64,256,4,25,0.7228758186101913,0.5325233861804008,repeat indices align samples but methods were timed sequentially; use independent-resample intervals
36,funnel,2,bucketed,history,64,256,4,26,0.7254115790128708,0.5376988425850868,repeat indices align samples but methods were timed sequentially; use independent-resample intervals
36,funnel,2,bucketed,history,64,256,4,27,0.6585179716348648,0.5388171672821045,repeat indices align samples but methods were timed sequentially; use independent-resample intervals
36,funnel,2,bucketed,history,64,256,4,28,0.6862233653664589,0.526964582502842,repeat indices align samples but methods were timed sequentially; use independent-resample intervals
36,funnel,2,bucketed,history,64,256,4,29,0.6807205379009247,0.5471590533852577,repeat indices align samples but methods were timed sequentially; use independent-resample intervals
37,funnel,2,bucketed,history,128,256,4,0,0.6728489473462105,0.6657250300049782,repeat indices align samples but methods were timed sequentially; use independent-resample intervals
37,funnel,2,bucketed,history,128,256,4,1,0.6648768335580826,0.647397942841053,repeat indices align samples but methods were timed sequentially; use independent-resample intervals
37,funnel,2,bucketed,history,128,256,4,2,0.6221977919340134,0.7005884498357773,repeat indices align samples but methods were timed sequentially; use independent-resample intervals
37,funnel,2,bucketed,history,128,256,4,3,0.6170173957943916,0.6237335652112961,repeat indices align samples but methods were timed sequentially; use independent-resample intervals
37,funnel,2,bucketed,history,128,256,4,4,0.6573284491896629,0.6359512284398079,repeat indices align samples but methods were timed sequentially; use independent-resample intervals
37,funnel,2,bucketed,history,128,256,4,5,0.6199636831879616,0.662672184407711,repeat indices align samples but methods were timed sequentially; use independent-resample intervals
37,funnel,2,bucketed,history,128,256,4,6,0.5920114368200302,0.5578869730234146,repeat indices align samples but methods were timed sequentially; use independent-resample intervals
37,funnel,2,bucketed,history,128,256,4,7,0.7411237880587578,0.6911285892128944,repeat indices align samples but methods were timed sequentially; use independent-resample intervals
37,funnel,2,bucketed,history,128,256,4,8,0.6271065399050713,0.6888894662261009,repeat indices align samples but methods were timed sequentially; use independent-resample intervals
37,funnel,2,bucketed,history,128,256,4,9,0.6819262430071831,0.6351026892662048,repeat indices align samples but methods were timed sequentially; use independent-resample intervals
37,funnel,2,bucketed,history,128,256,4,10,0.6184787824749947,0.6282670646905899,repeat indices align samples but methods were timed sequentially; use independent-resample intervals
37,funnel,2,bucketed,history,128,256,4,11,0.5455779805779457,0.6058271676301956,repeat indices align samples but methods were timed sequentially; use independent-resample intervals
37,funnel,2,bucketed,history,128,256,4,12,0.689256489276886,0.7995853871107101,repeat indices align samples but methods were timed sequentially; use independent-resample intervals
37,funnel,2,bucketed,history,128,256,4,13,0.6639858111739159,0.5677351877093315,repeat indices align samples but methods were timed sequentially; use independent-resample intervals
37,funnel,2,bucketed,history,128,256,4,14,0.6318306401371956,0.5111423581838608,repeat indices align samples but methods were timed sequentially; use independent-resample intervals
37,funnel,2,bucketed,history,128,256,4,15,0.6293595358729362,0.5246508866548538,repeat indices align samples but methods were timed sequentially; use independent-resample intervals
37,funnel,2,bucketed,history,128,256,4,16,0.6258507817983627,0.5594840794801712,repeat indices align samples but methods were timed sequentially; use independent-resample intervals
37,funnel,2,bucketed,history,128,256,4,17,0.6319354251027107,0.570790097117424,repeat indices align samples but methods were timed sequentially; use independent-resample intervals
37,funnel,2,bucketed,history,128,256,4,18,0.6033535450696945,0.5397171676158905,repeat indices align samples but methods were timed sequentially; use independent-resample intervals
37,funnel,2,bucketed,history,128,256,4,19,0.6898974180221558,0.5005853101611137,repeat indices align samples but methods were timed sequentially; use independent-resample intervals
37,funnel,2,bucketed,history,128,256,4,20,0.5996479317545891,0.6149484142661095,repeat indices align samples but methods were timed sequentially; use independent-resample intervals
37,funnel,2,bucketed,history,128,256,4,21,0.6413664743304253,0.5127477645874023,repeat indices align samples but methods were timed sequentially; use independent-resample intervals
37,funnel,2,bucketed,history,128,256,4,22,0.6837957948446274,0.5789446011185646,repeat indices align samples but methods were timed sequentially; use independent-resample intervals
37,funnel,2,bucketed,history,128,256,4,23,0.589675173163414,0.6016379967331886,repeat indices align samples but methods were timed sequentially; use independent-resample intervals
37,funnel,2,bucketed,history,128,256,4,24,0.5999607071280479,0.6146928519010544,repeat indices align samples but methods were timed sequentially; use independent-resample intervals
37,funnel,2,bucketed,history,128,256,4,25,0.5767318680882454,0.5325233861804008,repeat indices align samples but methods were timed sequentially; use independent-resample intervals
37,funnel,2,bucketed,history,128,256,4,26,0.663095012307167,0.5376988425850868,repeat indices align samples but methods were timed sequentially; use independent-resample intervals
37,funnel,2,bucketed,history,128,256,4,27,0.6283572167158127,0.5388171672821045,repeat indices align samples but methods were timed sequentially; use independent-resample intervals
37,funnel,2,bucketed,history,128,256,4,28,0.633104532957077,0.526964582502842,repeat indices align samples but methods were timed sequentially; use independent-resample intervals
37,funnel,2,bucketed,history,128,256,4,29,0.6810367256402969,0.5471590533852577,repeat indices align samples but methods were timed sequentially; use independent-resample intervals
38,funnel,2,bucketed,last_depth,64,256,4,0,0.7602662891149521,0.6657250300049782,repeat indices align samples but methods were timed sequentially; use independent-resample intervals
38,funnel,2,bucketed,last_depth,64,256,4,1,0.7017918899655342,0.647397942841053,repeat indices align samples but methods were timed sequentially; use independent-resample intervals
38,funnel,2,bucketed,last_depth,64,256,4,2,0.7204770967364311,0.7005884498357773,repeat indices align samples but methods were timed sequentially; use independent-resample intervals
38,funnel,2,bucketed,last_depth,64,256,4,3,0.7534515559673309,0.6237335652112961,repeat indices align samples but methods were timed sequentially; use independent-resample intervals
38,funnel,2,bucketed,last_depth,64,256,4,4,0.7400308102369308,0.6359512284398079,repeat indices align samples but methods were timed sequentially; use independent-resample intervals
38,funnel,2,bucketed,last_depth,64,256,4,5,0.6767044067382812,0.662672184407711,repeat indices align samples but methods were timed sequentially; use independent-resample intervals
38,funnel,2,bucketed,last_depth,64,256,4,6,0.717635028064251,0.5578869730234146,repeat indices align samples but methods were timed sequentially; use independent-resample intervals
38,funnel,2,bucketed,last_depth,64,256,4,7,0.6727089732885361,0.6911285892128944,repeat indices align samples but methods were timed sequentially; use independent-resample intervals
38,funnel,2,bucketed,last_depth,64,256,4,8,0.6865434646606445,0.6888894662261009,repeat indices align samples but methods were timed sequentially; use independent-resample intervals
38,funnel,2,bucketed,last_depth,64,256,4,9,0.643550731241703,0.6351026892662048,repeat indices align samples but methods were timed sequentially; use independent-resample intervals
38,funnel,2,bucketed,last_depth,64,256,4,10,0.6914973184466362,0.6282670646905899,repeat indices align samples but methods were timed sequentially; use independent-resample intervals
38,funnel,2,bucketed,last_depth,64,256,4,11,0.7970785945653915,0.6058271676301956,repeat indices align samples but methods were timed sequentially; use independent-resample intervals
38,funnel,2,bucketed,last_depth,64,256,4,12,0.8608006089925766,0.7995853871107101,repeat indices align samples but methods were timed sequentially; use independent-resample intervals
38,funnel,2,bucketed,last_depth,64,256,4,13,0.8387775793671608,0.5677351877093315,repeat indices align samples but methods were timed sequentially; use independent-resample intervals
38,funnel,2,bucketed,last_depth,64,256,4,14,0.8623723089694977,0.5111423581838608,repeat indices align samples but methods were timed sequentially; use independent-resample intervals
38,funnel,2,bucketed,last_depth,64,256,4,15,0.8436193838715553,0.5246508866548538,repeat indices align samples but methods were timed sequentially; use independent-resample intervals
38,funnel,2,bucketed,last_depth,64,256,4,16,0.8321584835648537,0.5594840794801712,repeat indices align samples but methods were timed sequentially; use independent-resample intervals
38,funnel,2,bucketed,last_depth,64,256,4,17,0.9831368625164032,0.570790097117424,repeat indices align samples but methods were timed sequentially; use independent-resample intervals
38,funnel,2,bucketed,last_depth,64,256,4,18,0.7644790038466454,0.5397171676158905,repeat indices align samples but methods were timed sequentially; use independent-resample intervals
38,funnel,2,bucketed,last_depth,64,256,4,19,0.7820668146014214,0.5005853101611137,repeat indices align samples but methods were timed sequentially; use independent-resample intervals
38,funnel,2,bucketed,last_depth,64,256,4,20,0.7599320933222771,0.6149484142661095,repeat indices align samples but methods were timed sequentially; use independent-resample intervals
38,funnel,2,bucketed,last_depth,64,256,4,21,0.8212175518274307,0.5127477645874023,repeat indices align samples but methods were timed sequentially; use independent-resample intervals
38,funnel,2,bucketed,last_depth,64,256,4,22,0.8085401058197021,0.5789446011185646,repeat indices align samples but methods were timed sequentially; use independent-resample intervals
38,funnel,2,bucketed,last_depth,64,256,4,23,0.8845385685563087,0.6016379967331886,repeat indices align samples but methods were timed sequentially; use independent-resample intervals
38,funnel,2,bucketed,last_depth,64,256,4,24,0.8214117363095284,0.6146928519010544,repeat indices align samples but methods were timed sequentially; use independent-resample intervals
38,funnel,2,bucketed,last_depth,64,256,4,25,0.7670480385422707,0.5325233861804008,repeat indices align samples but methods were timed sequentially; use independent-resample intervals
38,funnel,2,bucketed,last_depth,64,256,4,26,0.8684841990470886,0.5376988425850868,repeat indices align samples but methods were timed sequentially; use independent-resample intervals
38,funnel,2,bucketed,last_depth,64,256,4,27,0.7998831644654274,0.5388171672821045,repeat indices align samples but methods were timed sequentially; use independent-resample intervals
38,funnel,2,bucketed,last_depth,64,256,4,28,0.8107083737850189,0.526964582502842,repeat indices align samples but methods were timed sequentially; use independent-resample intervals
38,funnel,2,bucketed,last_depth,64,256,4,29,0.8135535567998886,0.5471590533852577,repeat indices align samples but methods were timed sequentially; use independent-resample intervals
39,funnel,2,bucketed,last_depth,128,256,4,0,0.786904439330101,0.6657250300049782,repeat indices align samples but methods were timed sequentially; use independent-resample intervals
39,funnel,2,bucketed,last_depth,128,256,4,1,0.8167757168412209,0.647397942841053,repeat indices align samples but methods were timed sequentially; use independent-resample intervals
39,funnel,2,bucketed,last_depth,128,256,4,2,0.7845193445682526,0.7005884498357773,repeat indices align samples but methods were timed sequentially; use independent-resample intervals
39,funnel,2,bucketed,last_depth,128,256,4,3,0.7064023166894913,0.6237335652112961,repeat indices align samples but methods were timed sequentially; use independent-resample intervals
39,funnel,2,bucketed,last_depth,128,256,4,4,0.675962895154953,0.6359512284398079,repeat indices align samples but methods were timed sequentially; use independent-resample intervals
39,funnel,2,bucketed,last_depth,128,256,4,5,0.743826113641262,0.662672184407711,repeat indices align samples but methods were timed sequentially; use independent-resample intervals
39,funnel,2,bucketed,last_depth,128,256,4,6,0.7003277391195297,0.5578869730234146,repeat indices align samples but methods were timed sequentially; use independent-resample intervals
39,funnel,2,bucketed,last_depth,128,256,4,7,0.7727859020233154,0.6911285892128944,repeat indices align samples but methods were timed sequentially; use independent-resample intervals
39,funnel,2,bucketed,last_depth,128,256,4,8,0.7148771286010742,0.6888894662261009,repeat indices align samples but methods were timed sequentially; use independent-resample intervals
39,funnel,2,bucketed,last_depth,128,256,4,9,0.6886248216032982,0.6351026892662048,repeat indices align samples but methods were timed sequentially; use independent-resample intervals
39,funnel,2,bucketed,last_depth,128,256,4,10,0.716161847114563,0.6282670646905899,repeat indices align samples but methods were timed sequentially; use independent-resample intervals
39,funnel,2,bucketed,last_depth,128,256,4,11,0.7550047039985657,0.6058271676301956,repeat indices align samples but methods were timed sequentially; use independent-resample intervals
39,funnel,2,bucketed,last_depth,128,256,4,12,0.813906617462635,0.7995853871107101,repeat indices align samples but methods were timed sequentially; use independent-resample intervals
39,funnel,2,bucketed,last_depth,128,256,4,13,0.6569295823574066,0.5677351877093315,repeat indices align samples but methods were timed sequentially; use independent-resample intervals
39,funnel,2,bucketed,last_depth,128,256,4,14,0.6710877418518066,0.5111423581838608,repeat indices align samples but methods were timed sequentially; use independent-resample intervals
39,funnel,2,bucketed,last_depth,128,256,4,15,0.6980715543031693,0.5246508866548538,repeat indices align samples but methods were timed sequentially; use independent-resample intervals
39,funnel,2,bucketed,last_depth,128,256,4,16,0.7340034544467926,0.5594840794801712,repeat indices align samples but methods were timed sequentially; use independent-resample intervals
39,funnel,2,bucketed,last_depth,128,256,4,17,0.7693691775202751,0.570790097117424,repeat indices align samples but methods were timed sequentially; use independent-resample intervals
39,funnel,2,bucketed,last_depth,128,256,4,18,0.7883099764585495,0.5397171676158905,repeat indices align samples but methods were timed sequentially; use independent-resample intervals
39,funnel,2,bucketed,last_depth,128,256,4,19,0.7277299538254738,0.5005853101611137,repeat indices align samples but methods were timed sequentially; use independent-resample intervals
39,funnel,2,bucketed,last_depth,128,256,4,20,0.679086871445179,0.6149484142661095,repeat indices align samples but methods were timed sequentially; use independent-resample intervals
39,funnel,2,bucketed,last_depth,128,256,4,21,0.6835687085986137,0.5127477645874023,repeat indices align samples but methods were timed sequentially; use independent-resample intervals
39,funnel,2,bucketed,last_depth,128,256,4,22,0.7341117337346077,0.5789446011185646,repeat indices align samples but methods were timed sequentially; use independent-resample intervals
39,funnel,2,bucketed,last_depth,128,256,4,23,0.7616423964500427,0.6016379967331886,repeat indices align samples but methods were timed sequentially; use independent-resample intervals
39,funnel,2,bucketed,last_depth,128,256,4,24,0.7954664081335068,0.6146928519010544,repeat indices align samples but methods were timed sequentially; use independent-resample intervals
39,funnel,2,bucketed,last_depth,128,256,4,25,0.7594040036201477,0.5325233861804008,repeat indices align samples but methods were timed sequentially; use independent-resample intervals
39,funnel,2,bucketed,last_depth,128,256,4,26,0.7594077065587044,0.5376988425850868,repeat indices align samples but methods were timed sequentially; use independent-resample intervals
39,funnel,2,bucketed,last_depth,128,256,4,27,0.6591394394636154,0.5388171672821045,repeat indices align samples but methods were timed sequentially; use independent-resample intervals
39,funnel,2,bucketed,last_depth,128,256,4,28,0.7543160617351532,0.526964582502842,repeat indices align samples but methods were timed sequentially; use independent-resample intervals
39,funnel,2,bucketed,last_depth,128,256,4,29,0.6642804518342018,0.5471590533852577,repeat indices align samples but methods were timed sequentially; use independent-resample intervals
40,funnel,3,monolithic,monolithic,0,256,4,0,0.5089186131954193,0.5089186131954193,repeat indices align samples but methods were timed sequentially; use independent-resample intervals
40,funnel,3,monolithic,monolithic,0,256,4,1,0.508392758667469,0.508392758667469,repeat indices align samples but methods were timed sequentially; use independent-resample intervals
40,funnel,3,monolithic,monolithic,0,256,4,2,0.5107572600245476,0.5107572600245476,repeat indices align samples but methods were timed sequentially; use independent-resample intervals
40,funnel,3,monolithic,monolithic,0,256,4,3,0.44264209270477295,0.44264209270477295,repeat indices align samples but methods were timed sequentially; use independent-resample intervals
40,funnel,3,monolithic,monolithic,0,256,4,4,0.49330180138349533,0.49330180138349533,repeat indices align samples but methods were timed sequentially; use independent-resample intervals
40,funnel,3,monolithic,monolithic,0,256,4,5,0.5035116747021675,0.5035116747021675,repeat indices align samples but methods were timed sequentially; use independent-resample intervals
40,funnel,3,monolithic,monolithic,0,256,4,6,0.4667562246322632,0.4667562246322632,repeat indices align samples but methods were timed sequentially; use independent-resample intervals
40,funnel,3,monolithic,monolithic,0,256,4,7,0.4817647710442543,0.4817647710442543,repeat indices align samples but methods were timed sequentially; use independent-resample intervals
40,funnel,3,monolithic,monolithic,0,256,4,8,0.49224144220352173,0.49224144220352173,repeat indices align samples but methods were timed sequentially; use independent-resample intervals
40,funnel,3,monolithic,monolithic,0,256,4,9,0.4955138564109802,0.4955138564109802,repeat indices align samples but methods were timed sequentially; use independent-resample intervals
40,funnel,3,monolithic,monolithic,0,256,4,10,0.4947391524910927,0.4947391524910927,repeat indices align samples but methods were timed sequentially; use independent-resample intervals
40,funnel,3,monolithic,monolithic,0,256,4,11,0.45634518563747406,0.45634518563747406,repeat indices align samples but methods were timed sequentially; use independent-resample intervals
40,funnel,3,monolithic,monolithic,0,256,4,12,0.4502335414290428,0.4502335414290428,repeat indices align samples but methods were timed sequentially; use independent-resample intervals
40,funnel,3,monolithic,monolithic,0,256,4,13,0.5032981112599373,0.5032981112599373,repeat indices align samples but methods were timed sequentially; use independent-resample intervals
40,funnel,3,monolithic,monolithic,0,256,4,14,0.4603111371397972,0.4603111371397972,repeat indices align samples but methods were timed sequentially; use independent-resample intervals
40,funnel,3,monolithic,monolithic,0,256,4,15,0.4678204357624054,0.4678204357624054,repeat indices align samples but methods were timed sequentially; use independent-resample intervals
40,funnel,3,monolithic,monolithic,0,256,4,16,0.5522735640406609,0.5522735640406609,repeat indices align samples but methods were timed sequentially; use independent-resample intervals
40,funnel,3,monolithic,monolithic,0,256,4,17,0.5861968323588371,0.5861968323588371,repeat indices align samples but methods were timed sequentially; use independent-resample intervals
40,funnel,3,monolithic,monolithic,0,256,4,18,0.4608703851699829,0.4608703851699829,repeat indices align samples but methods were timed sequentially; use independent-resample intervals
40,funnel,3,monolithic,monolithic,0,256,4,19,0.47527413815259933,0.47527413815259933,repeat indices align samples but methods were timed sequentially; use independent-resample intervals
40,funnel,3,monolithic,monolithic,0,256,4,20,0.4676690399646759,0.4676690399646759,repeat indices align samples but methods were timed sequentially; use independent-resample intervals
40,funnel,3,monolithic,monolithic,0,256,4,21,0.512615755200386,0.512615755200386,repeat indices align samples but methods were timed sequentially; use independent-resample intervals
40,funnel,3,monolithic,monolithic,0,256,4,22,0.4878140762448311,0.4878140762448311,repeat indices align samples but methods were timed sequentially; use independent-resample intervals
40,funnel,3,monolithic,monolithic,0,256,4,23,0.4784950688481331,0.4784950688481331,repeat indices align samples but methods were timed sequentially; use independent-resample intervals
40,funnel,3,monolithic,monolithic,0,256,4,24,0.5173104256391525,0.5173104256391525,repeat indices align samples but methods were timed sequentially; use independent-resample intervals
40,funnel,3,monolithic,monolithic,0,256,4,25,0.500121645629406,0.500121645629406,repeat indices align samples but methods were timed sequentially; use independent-resample intervals
40,funnel,3,monolithic,monolithic,0,256,4,26,0.4974170997738838,0.4974170997738838,repeat indices align samples but methods were timed sequentially; use independent-resample intervals
40,funnel,3,monolithic,monolithic,0,256,4,27,0.5075390115380287,0.5075390115380287,repeat indices align samples but methods were timed sequentially; use independent-resample intervals
40,funnel,3,monolithic,monolithic,0,256,4,28,0.4840612858533859,0.4840612858533859,repeat indices align samples but methods were timed sequentially; use independent-resample intervals
40,funnel,3,monolithic,monolithic,0,256,4,29,0.4788036271929741,0.4788036271929741,repeat indices align samples but methods were timed sequentially; use independent-resample intervals
41,funnel,3,bucketed,history,64,256,4,0,0.5955609828233719,0.5089186131954193,repeat indices align samples but methods were timed sequentially; use independent-resample intervals
41,funnel,3,bucketed,history,64,256,4,1,0.6574834808707237,0.508392758667469,repeat indices align samples but methods were timed sequentially; use independent-resample intervals
41,funnel,3,bucketed,history,64,256,4,2,0.6598491668701172,0.5107572600245476,repeat indices align samples but methods were timed sequentially; use independent-resample intervals
41,funnel,3,bucketed,history,64,256,4,3,0.694776751101017,0.44264209270477295,repeat indices align samples but methods were timed sequentially; use independent-resample intervals
41,funnel,3,bucketed,history,64,256,4,4,0.7170065343379974,0.49330180138349533,repeat indices align samples but methods were timed sequentially; use independent-resample intervals
41,funnel,3,bucketed,history,64,256,4,5,0.6630118414759636,0.5035116747021675,repeat indices align samples but methods were timed sequentially; use independent-resample intervals
41,funnel,3,bucketed,history,64,256,4,6,0.6719266921281815,0.4667562246322632,repeat indices align samples but methods were timed sequentially; use independent-resample intervals
41,funnel,3,bucketed,history,64,256,4,7,0.7287269905209541,0.4817647710442543,repeat indices align samples but methods were timed sequentially; use independent-resample intervals
41,funnel,3,bucketed,history,64,256,4,8,0.6264422461390495,0.49224144220352173,repeat indices align samples but methods were timed sequentially; use independent-resample intervals
41,funnel,3,bucketed,history,64,256,4,9,0.6794944927096367,0.4955138564109802,repeat indices align samples but methods were timed sequentially; use independent-resample intervals
41,funnel,3,bucketed,history,64,256,4,10,0.6864809766411781,0.4947391524910927,repeat indices align samples but methods were timed sequentially; use independent-resample intervals
41,funnel,3,bucketed,history,64,256,4,11,0.654107965528965,0.45634518563747406,repeat indices align samples but methods were timed sequentially; use independent-resample intervals
41,funnel,3,bucketed,history,64,256,4,12,0.6855096220970154,0.4502335414290428,repeat indices align samples but methods were timed sequentially; use independent-resample intervals
41,funnel,3,bucketed,history,64,256,4,13,0.6693305298686028,0.5032981112599373,repeat indices align samples but methods were timed sequentially; use independent-resample intervals
41,funnel,3,bucketed,history,64,256,4,14,0.651294969022274,0.4603111371397972,repeat indices align samples but methods were timed sequentially; use independent-resample intervals
41,funnel,3,bucketed,history,64,256,4,15,0.631703108549118,0.4678204357624054,repeat indices align samples but methods were timed sequentially; use independent-resample intervals
41,funnel,3,bucketed,history,64,256,4,16,0.6293534860014915,0.5522735640406609,repeat indices align samples but methods were timed sequentially; use independent-resample intervals
41,funnel,3,bucketed,history,64,256,4,17,0.6933007463812828,0.5861968323588371,repeat indices align samples but methods were timed sequentially; use independent-resample intervals
41,funnel,3,bucketed,history,64,256,4,18,0.6369514018297195,0.4608703851699829,repeat indices align samples but methods were timed sequentially; use independent-resample intervals
41,funnel,3,bucketed,history,64,256,4,19,0.682353176176548,0.47527413815259933,repeat indices align samples but methods were timed sequentially; use independent-resample intervals
41,funnel,3,bucketed,history,64,256,4,20,0.6567024812102318,0.4676690399646759,repeat indices align samples but methods were timed sequentially; use independent-resample intervals
41,funnel,3,bucketed,history,64,256,4,21,0.6117814183235168,0.512615755200386,repeat indices align samples but methods were timed sequentially; use independent-resample intervals
41,funnel,3,bucketed,history,64,256,4,22,0.618998184800148,0.4878140762448311,repeat indices align samples but methods were timed sequentially; use independent-resample intervals
41,funnel,3,bucketed,history,64,256,4,23,0.566463328897953,0.4784950688481331,repeat indices align samples but methods were timed sequentially; use independent-resample intervals
41,funnel,3,bucketed,history,64,256,4,24,0.61005649715662,0.5173104256391525,repeat indices align samples but methods were timed sequentially; use independent-resample intervals
41,funnel,3,bucketed,history,64,256,4,25,0.6229062974452972,0.500121645629406,repeat indices align samples but methods were timed sequentially; use independent-resample intervals
41,funnel,3,bucketed,history,64,256,4,26,0.622641459107399,0.4974170997738838,repeat indices align samples but methods were timed sequentially; use independent-resample intervals
41,funnel,3,bucketed,history,64,256,4,27,0.6579817160964012,0.5075390115380287,repeat indices align samples but methods were timed sequentially; use independent-resample intervals
41,funnel,3,bucketed,history,64,256,4,28,0.6087931543588638,0.4840612858533859,repeat indices align samples but methods were timed sequentially; use independent-resample intervals
41,funnel,3,bucketed,history,64,256,4,29,0.627272717654705,0.4788036271929741,repeat indices align samples but methods were timed sequentially; use independent-resample intervals
42,funnel,3,bucketed,history,128,256,4,0,0.7396743074059486,0.5089186131954193,repeat indices align samples but methods were timed sequentially; use independent-resample intervals
42,funnel,3,bucketed,history,128,256,4,1,0.6231086403131485,0.508392758667469,repeat indices align samples but methods were timed sequentially; use independent-resample intervals
42,funnel,3,bucketed,history,128,256,4,2,0.618225947022438,0.5107572600245476,repeat indices align samples but methods were timed sequentially; use independent-resample intervals
42,funnel,3,bucketed,history,128,256,4,3,0.5763902515172958,0.44264209270477295,repeat indices align samples but methods were timed sequentially; use independent-resample intervals
42,funnel,3,bucketed,history,128,256,4,4,0.6165264323353767,0.49330180138349533,repeat indices align samples but methods were timed sequentially; use independent-resample intervals
42,funnel,3,bucketed,history,128,256,4,5,0.6612428948283195,0.5035116747021675,repeat indices align samples but methods were timed sequentially; use independent-resample intervals
42,funnel,3,bucketed,history,128,256,4,6,0.58747848123312,0.4667562246322632,repeat indices align samples but methods were timed sequentially; use independent-resample intervals
42,funnel,3,bucketed,history,128,256,4,7,0.5828824862837791,0.4817647710442543,repeat indices align samples but methods were timed sequentially; use independent-resample intervals
42,funnel,3,bucketed,history,128,256,4,8,0.6561527028679848,0.49224144220352173,repeat indices align samples but methods were timed sequentially; use independent-resample intervals
42,funnel,3,bucketed,history,128,256,4,9,0.6871409490704536,0.4955138564109802,repeat indices align samples but methods were timed sequentially; use independent-resample intervals
42,funnel,3,bucketed,history,128,256,4,10,0.6841907650232315,0.4947391524910927,repeat indices align samples but methods were timed sequentially; use independent-resample intervals
42,funnel,3,bucketed,history,128,256,4,11,0.6150512620806694,0.45634518563747406,repeat indices align samples but methods were timed sequentially; use independent-resample intervals
42,funnel,3,bucketed,history,128,256,4,12,0.6653060093522072,0.4502335414290428,repeat indices align samples but methods were timed sequentially; use independent-resample intervals
42,funnel,3,bucketed,history,128,256,4,13,0.5899650231003761,0.5032981112599373,repeat indices align samples but methods were timed sequentially; use independent-resample intervals
42,funnel,3,bucketed,history,128,256,4,14,0.609103262424469,0.4603111371397972,repeat indices align samples but methods were timed sequentially; use independent-resample intervals
42,funnel,3,bucketed,history,128,256,4,15,0.5646895617246628,0.4678204357624054,repeat indices align samples but methods were timed sequentially; use independent-resample intervals
42,funnel,3,bucketed,history,128,256,4,16,0.5645545050501823,0.5522735640406609,repeat indices align samples but methods were timed sequentially; use independent-resample intervals
42,funnel,3,bucketed,history,128,256,4,17,0.6856309249997139,0.5861968323588371,repeat indices align samples but methods were timed sequentially; use independent-resample intervals
42,funnel,3,bucketed,history,128,256,4,18,0.5956905335187912,0.4608703851699829,repeat indices align samples but methods were timed sequentially; use independent-resample intervals
42,funnel,3,bucketed,history,128,256,4,19,0.5714795663952827,0.47527413815259933,repeat indices align samples but methods were timed sequentially; use independent-resample intervals
42,funnel,3,bucketed,history,128,256,4,20,0.6201769560575485,0.4676690399646759,repeat indices align samples but methods were timed sequentially; use independent-resample intervals
42,funnel,3,bucketed,history,128,256,4,21,0.5482532009482384,0.512615755200386,repeat indices align samples but methods were timed sequentially; use independent-resample intervals
42,funnel,3,bucketed,history,128,256,4,22,0.6079682558774948,0.4878140762448311,repeat indices align samples but methods were timed sequentially; use independent-resample intervals
42,funnel,3,bucketed,history,128,256,4,23,0.5526556670665741,0.4784950688481331,repeat indices align samples but methods were timed sequentially; use independent-resample intervals
42,funnel,3,bucketed,history,128,256,4,24,0.540508083999157,0.5173104256391525,repeat indices align samples but methods were timed sequentially; use independent-resample intervals
42,funnel,3,bucketed,history,128,256,4,25,0.5544342026114464,0.500121645629406,repeat indices align samples but methods were timed sequentially; use independent-resample intervals
42,funnel,3,bucketed,history,128,256,4,26,0.5471758842468262,0.4974170997738838,repeat indices align samples but methods were timed sequentially; use independent-resample intervals
42,funnel,3,bucketed,history,128,256,4,27,0.5817606598138809,0.5075390115380287,repeat indices align samples but methods were timed sequentially; use independent-resample intervals
42,funnel,3,bucketed,history,128,256,4,28,0.5726015493273735,0.4840612858533859,repeat indices align samples but methods were timed sequentially; use independent-resample intervals
42,funnel,3,bucketed,history,128,256,4,29,0.5498296692967415,0.4788036271929741,repeat indices align samples but methods were timed sequentially; use independent-resample intervals
43,funnel,3,bucketed,last_depth,64,256,4,0,0.6651143580675125,0.5089186131954193,repeat indices align samples but methods were timed sequentially; use independent-resample intervals
43,funnel,3,bucketed,last_depth,64,256,4,1,0.6679288446903229,0.508392758667469,repeat indices align samples but methods were timed sequentially; use independent-resample intervals
43,funnel,3,bucketed,last_depth,64,256,4,2,0.5913377702236176,0.5107572600245476,repeat indices align samples but methods were timed sequentially; use independent-resample intervals
43,funnel,3,bucketed,last_depth,64,256,4,3,0.67067701369524,0.44264209270477295,repeat indices align samples but methods were timed sequentially; use independent-resample intervals
43,funnel,3,bucketed,last_depth,64,256,4,4,0.6636603474617004,0.49330180138349533,repeat indices align samples but methods were timed sequentially; use independent-resample intervals
43,funnel,3,bucketed,last_depth,64,256,4,5,0.667349062860012,0.5035116747021675,repeat indices align samples but methods were timed sequentially; use independent-resample intervals
43,funnel,3,bucketed,last_depth,64,256,4,6,0.6722627282142639,0.4667562246322632,repeat indices align samples but methods were timed sequentially; use independent-resample intervals
43,funnel,3,bucketed,last_depth,64,256,4,7,0.6284399107098579,0.4817647710442543,repeat indices align samples but methods were timed sequentially; use independent-resample intervals
43,funnel,3,bucketed,last_depth,64,256,4,8,0.633873738348484,0.49224144220352173,repeat indices align samples but methods were timed sequentially; use independent-resample intervals
43,funnel,3,bucketed,last_depth,64,256,4,9,0.6751565858721733,0.4955138564109802,repeat indices align samples but methods were timed sequentially; use independent-resample intervals
43,funnel,3,bucketed,last_depth,64,256,4,10,0.6388679221272469,0.4947391524910927,repeat indices align samples but methods were timed sequentially; use independent-resample intervals
43,funnel,3,bucketed,last_depth,64,256,4,11,0.6123595759272575,0.45634518563747406,repeat indices align samples but methods were timed sequentially; use independent-resample intervals
43,funnel,3,bucketed,last_depth,64,256,4,12,0.6479810327291489,0.4502335414290428,repeat indices align samples but methods were timed sequentially; use independent-resample intervals
43,funnel,3,bucketed,last_depth,64,256,4,13,0.618435874581337,0.5032981112599373,repeat indices align samples but methods were timed sequentially; use independent-resample intervals
43,funnel,3,bucketed,last_depth,64,256,4,14,0.6596689745783806,0.4603111371397972,repeat indices align samples but methods were timed sequentially; use independent-resample intervals
43,funnel,3,bucketed,last_depth,64,256,4,15,0.6900772303342819,0.4678204357624054,repeat indices align samples but methods were timed sequentially; use independent-resample intervals
43,funnel,3,bucketed,last_depth,64,256,4,16,0.731314904987812,0.5522735640406609,repeat indices align samples but methods were timed sequentially; use independent-resample intervals
43,funnel,3,bucketed,last_depth,64,256,4,17,0.6969772353768349,0.5861968323588371,repeat indices align samples but methods were timed sequentially; use independent-resample intervals
43,funnel,3,bucketed,last_depth,64,256,4,18,0.664999783039093,0.4608703851699829,repeat indices align samples but methods were timed sequentially; use independent-resample intervals
43,funnel,3,bucketed,last_depth,64,256,4,19,0.6890476197004318,0.47527413815259933,repeat indices align samples but methods were timed sequentially; use independent-resample intervals
43,funnel,3,bucketed,last_depth,64,256,4,20,0.6716793477535248,0.4676690399646759,repeat indices align samples but methods were timed sequentially; use independent-resample intervals
43,funnel,3,bucketed,last_depth,64,256,4,21,0.7349377125501633,0.512615755200386,repeat indices align samples but methods were timed sequentially; use independent-resample intervals
43,funnel,3,bucketed,last_depth,64,256,4,22,0.7283586859703064,0.4878140762448311,repeat indices align samples but methods were timed sequentially; use independent-resample intervals
43,funnel,3,bucketed,last_depth,64,256,4,23,0.6145139560103416,0.4784950688481331,repeat indices align samples but methods were timed sequentially; use independent-resample intervals
43,funnel,3,bucketed,last_depth,64,256,4,24,0.700720988214016,0.5173104256391525,repeat indices align samples but methods were timed sequentially; use independent-resample intervals
43,funnel,3,bucketed,last_depth,64,256,4,25,0.6961530074477196,0.500121645629406,repeat indices align samples but methods were timed sequentially; use independent-resample intervals
43,funnel,3,bucketed,last_depth,64,256,4,26,0.6876816377043724,0.4974170997738838,repeat indices align samples but methods were timed sequentially; use independent-resample intervals
43,funnel,3,bucketed,last_depth,64,256,4,27,0.685365729033947,0.5075390115380287,repeat indices align samples but methods were timed sequentially; use independent-resample intervals
43,funnel,3,bucketed,last_depth,64,256,4,28,0.7192748263478279,0.4840612858533859,repeat indices align samples but methods were timed sequentially; use independent-resample intervals
43,funnel,3,bucketed,last_depth,64,256,4,29,0.7268920913338661,0.4788036271929741,repeat indices align samples but methods were timed sequentially; use independent-resample intervals
44,funnel,3,bucketed,last_depth,128,256,4,0,0.6022399067878723,0.5089186131954193,repeat indices align samples but methods were timed sequentially; use independent-resample intervals
44,funnel,3,bucketed,last_depth,128,256,4,1,0.6020888909697533,0.508392758667469,repeat indices align samples but methods were timed sequentially; use independent-resample intervals
44,funnel,3,bucketed,last_depth,128,256,4,2,0.748117096722126,0.5107572600245476,repeat indices align samples but methods were timed sequentially; use independent-resample intervals
44,funnel,3,bucketed,last_depth,128,256,4,3,0.6089713349938393,0.44264209270477295,repeat indices align samples but methods were timed sequentially; use independent-resample intervals
44,funnel,3,bucketed,last_depth,128,256,4,4,0.6589517295360565,0.49330180138349533,repeat indices align samples but methods were timed sequentially; use independent-resample intervals
44,funnel,3,bucketed,last_depth,128,256,4,5,0.6431701928377151,0.5035116747021675,repeat indices align samples but methods were timed sequentially; use independent-resample intervals
44,funnel,3,bucketed,last_depth,128,256,4,6,0.6437320187687874,0.4667562246322632,repeat indices align samples but methods were timed sequentially; use independent-resample intervals
44,funnel,3,bucketed,last_depth,128,256,4,7,0.7088517844676971,0.4817647710442543,repeat indices align samples but methods were timed sequentially; use independent-resample intervals
44,funnel,3,bucketed,last_depth,128,256,4,8,0.6079927831888199,0.49224144220352173,repeat indices align samples but methods were timed sequentially; use independent-resample intervals
44,funnel,3,bucketed,last_depth,128,256,4,9,0.7424304112792015,0.4955138564109802,repeat indices align samples but methods were timed sequentially; use independent-resample intervals
44,funnel,3,bucketed,last_depth,128,256,4,10,0.7116395458579063,0.4947391524910927,repeat indices align samples but methods were timed sequentially; use independent-resample intervals
44,funnel,3,bucketed,last_depth,128,256,4,11,0.6726781949400902,0.45634518563747406,repeat indices align samples but methods were timed sequentially; use independent-resample intervals
44,funnel,3,bucketed,last_depth,128,256,4,12,0.6681402772665024,0.4502335414290428,repeat indices align samples but methods were timed sequentially; use independent-resample intervals
44,funnel,3,bucketed,last_depth,128,256,4,13,0.654399149119854,0.5032981112599373,repeat indices align samples but methods were timed sequentially; use independent-resample intervals
44,funnel,3,bucketed,last_depth,128,256,4,14,0.6173477098345757,0.4603111371397972,repeat indices align samples but methods were timed sequentially; use independent-resample intervals
44,funnel,3,bucketed,last_depth,128,256,4,15,0.6951626166701317,0.4678204357624054,repeat indices align samples but methods were timed sequentially; use independent-resample intervals
44,funnel,3,bucketed,last_depth,128,256,4,16,0.7806704640388489,0.5522735640406609,repeat indices align samples but methods were timed sequentially; use independent-resample intervals
44,funnel,3,bucketed,last_depth,128,256,4,17,0.7858778908848763,0.5861968323588371,repeat indices align samples but methods were timed sequentially; use independent-resample intervals
44,funnel,3,bucketed,last_depth,128,256,4,18,0.666990838944912,0.4608703851699829,repeat indices align samples but methods were timed sequentially; use independent-resample intervals
44,funnel,3,bucketed,last_depth,128,256,4,19,0.8163997679948807,0.47527413815259933,repeat indices align samples but methods were timed sequentially; use independent-resample intervals
44,funnel,3,bucketed,last_depth,128,256,4,20,0.7325488775968552,0.4676690399646759,repeat indices align samples but methods were timed sequentially; use independent-resample intervals
44,funnel,3,bucketed,last_depth,128,256,4,21,0.6154304593801498,0.512615755200386,repeat indices align samples but methods were timed sequentially; use independent-resample intervals
44,funnel,3,bucketed,last_depth,128,256,4,22,0.7103866934776306,0.4878140762448311,repeat indices align samples but methods were timed sequentially; use independent-resample intervals
44,funnel,3,bucketed,last_depth,128,256,4,23,0.859080582857132,0.4784950688481331,repeat indices align samples but methods were timed sequentially; use independent-resample intervals
44,funnel,3,bucketed,last_depth,128,256,4,24,0.783300444483757,0.5173104256391525,repeat indices align samples but methods were timed sequentially; use independent-resample intervals
44,funnel,3,bucketed,last_depth,128,256,4,25,0.7766591981053352,0.500121645629406,repeat indices align samples but methods were timed sequentially; use independent-resample intervals
44,funnel,3,bucketed,last_depth,128,256,4,26,0.6787335053086281,0.4974170997738838,repeat indices align samples but methods were timed sequentially; use independent-resample intervals
44,funnel,3,bucketed,last_depth,128,256,4,27,0.659911997616291,0.5075390115380287,repeat indices align samples but methods were timed sequentially; use independent-resample intervals
44,funnel,3,bucketed,last_depth,128,256,4,28,0.6610505431890488,0.4840612858533859,repeat indices align samples but methods were timed sequentially; use independent-resample intervals
44,funnel,3,bucketed,last_depth,128,256,4,29,0.7358993738889694,0.4788036271929741,repeat indices align samples but methods were timed sequentially; use independent-resample intervals
45,funnel,4,monolithic,monolithic,0,256,4,0,0.5762627795338631,0.5762627795338631,repeat indices align samples but methods were timed sequentially; use independent-resample intervals
45,funnel,4,monolithic,monolithic,0,256,4,1,0.6717185527086258,0.6717185527086258,repeat indices align samples but methods were timed sequentially; use independent-resample intervals
45,funnel,4,monolithic,monolithic,0,256,4,2,0.5941436737775803,0.5941436737775803,repeat indices align samples but methods were timed sequentially; use independent-resample intervals
45,funnel,4,monolithic,monolithic,0,256,4,3,0.6143815517425537,0.6143815517425537,repeat indices align samples but methods were timed sequentially; use independent-resample intervals
45,funnel,4,monolithic,monolithic,0,256,4,4,0.7057390958070755,0.7057390958070755,repeat indices align samples but methods were timed sequentially; use independent-resample intervals
45,funnel,4,monolithic,monolithic,0,256,4,5,0.6524116098880768,0.6524116098880768,repeat indices align samples but methods were timed sequentially; use independent-resample intervals
45,funnel,4,monolithic,monolithic,0,256,4,6,0.5968784093856812,0.5968784093856812,repeat indices align samples but methods were timed sequentially; use independent-resample intervals
45,funnel,4,monolithic,monolithic,0,256,4,7,0.5431587249040604,0.5431587249040604,repeat indices align samples but methods were timed sequentially; use independent-resample intervals
45,funnel,4,monolithic,monolithic,0,256,4,8,0.5403825342655182,0.5403825342655182,repeat indices align samples but methods were timed sequentially; use independent-resample intervals
45,funnel,4,monolithic,monolithic,0,256,4,9,0.6618912443518639,0.6618912443518639,repeat indices align samples but methods were timed sequentially; use independent-resample intervals
45,funnel,4,monolithic,monolithic,0,256,4,10,0.6728115007281303,0.6728115007281303,repeat indices align samples but methods were timed sequentially; use independent-resample intervals
45,funnel,4,monolithic,monolithic,0,256,4,11,0.6371760219335556,0.6371760219335556,repeat indices align samples but methods were timed sequentially; use independent-resample intervals
45,funnel,4,monolithic,monolithic,0,256,4,12,0.6688583791255951,0.6688583791255951,repeat indices align samples but methods were timed sequentially; use independent-resample intervals
45,funnel,4,monolithic,monolithic,0,256,4,13,0.5479395538568497,0.5479395538568497,repeat indices align samples but methods were timed sequentially; use independent-resample intervals
45,funnel,4,monolithic,monolithic,0,256,4,14,0.5549810156226158,0.5549810156226158,repeat indices align samples but methods were timed sequentially; use independent-resample intervals
45,funnel,4,monolithic,monolithic,0,256,4,15,0.5793015211820602,0.5793015211820602,repeat indices align samples but methods were timed sequentially; use independent-resample intervals
45,funnel,4,monolithic,monolithic,0,256,4,16,0.5515229031443596,0.5515229031443596,repeat indices align samples but methods were timed sequentially; use independent-resample intervals
45,funnel,4,monolithic,monolithic,0,256,4,17,0.6031068488955498,0.6031068488955498,repeat indices align samples but methods were timed sequentially; use independent-resample intervals
45,funnel,4,monolithic,monolithic,0,256,4,18,0.5691146329045296,0.5691146329045296,repeat indices align samples but methods were timed sequentially; use independent-resample intervals
45,funnel,4,monolithic,monolithic,0,256,4,19,0.5768623873591423,0.5768623873591423,repeat indices align samples but methods were timed sequentially; use independent-resample intervals
45,funnel,4,monolithic,monolithic,0,256,4,20,0.5516824126243591,0.5516824126243591,repeat indices align samples but methods were timed sequentially; use independent-resample intervals
45,funnel,4,monolithic,monolithic,0,256,4,21,0.5885103419423103,0.5885103419423103,repeat indices align samples but methods were timed sequentially; use independent-resample intervals
45,funnel,4,monolithic,monolithic,0,256,4,22,0.6212724149227142,0.6212724149227142,repeat indices align samples but methods were timed sequentially; use independent-resample intervals
45,funnel,4,monolithic,monolithic,0,256,4,23,0.6225106045603752,0.6225106045603752,repeat indices align samples but methods were timed sequentially; use independent-resample intervals
45,funnel,4,monolithic,monolithic,0,256,4,24,0.6312003433704376,0.6312003433704376,repeat indices align samples but methods were timed sequentially; use independent-resample intervals
45,funnel,4,monolithic,monolithic,0,256,4,25,0.6728761494159698,0.6728761494159698,repeat indices align samples but methods were timed sequentially; use independent-resample intervals
45,funnel,4,monolithic,monolithic,0,256,4,26,0.6692412719130516,0.6692412719130516,repeat indices align samples but methods were timed sequentially; use independent-resample intervals
45,funnel,4,monolithic,monolithic,0,256,4,27,0.6742948070168495,0.6742948070168495,repeat indices align samples but methods were timed sequentially; use independent-resample intervals
45,funnel,4,monolithic,monolithic,0,256,4,28,0.6444227918982506,0.6444227918982506,repeat indices align samples but methods were timed sequentially; use independent-resample intervals
45,funnel,4,monolithic,monolithic,0,256,4,29,0.6845574900507927,0.6845574900507927,repeat indices align samples but methods were timed sequentially; use independent-resample intervals
46,funnel,4,bucketed,history,64,256,4,0,0.8034992441534996,0.5762627795338631,repeat indices align samples but methods were timed sequentially; use independent-resample intervals
46,funnel,4,bucketed,history,64,256,4,1,0.8153591975569725,0.6717185527086258,repeat indices align samples but methods were timed sequentially; use independent-resample intervals
46,funnel,4,bucketed,history,64,256,4,2,0.7960188835859299,0.5941436737775803,repeat indices align samples but methods were timed sequentially; use independent-resample intervals
46,funnel,4,bucketed,history,64,256,4,3,0.762690469622612,0.6143815517425537,repeat indices align samples but methods were timed sequentially; use independent-resample intervals
46,funnel,4,bucketed,history,64,256,4,4,0.7406742945313454,0.7057390958070755,repeat indices align samples but methods were timed sequentially; use independent-resample intervals
46,funnel,4,bucketed,history,64,256,4,5,0.7683874815702438,0.6524116098880768,repeat indices align samples but methods were timed sequentially; use independent-resample intervals
46,funnel,4,bucketed,history,64,256,4,6,0.7369274795055389,0.5968784093856812,repeat indices align samples but methods were timed sequentially; use independent-resample intervals
46,funnel,4,bucketed,history,64,256,4,7,0.6581309214234352,0.5431587249040604,repeat indices align samples but methods were timed sequentially; use independent-resample intervals
46,funnel,4,bucketed,history,64,256,4,8,0.7319450825452805,0.5403825342655182,repeat indices align samples but methods were timed sequentially; use independent-resample intervals
46,funnel,4,bucketed,history,64,256,4,9,0.7649237960577011,0.6618912443518639,repeat indices align samples but methods were timed sequentially; use independent-resample intervals
46,funnel,4,bucketed,history,64,256,4,10,0.6400192677974701,0.6728115007281303,repeat indices align samples but methods were timed sequentially; use independent-resample intervals
46,funnel,4,bucketed,history,64,256,4,11,0.6724444627761841,0.6371760219335556,repeat indices align samples but methods were timed sequentially; use independent-resample intervals
46,funnel,4,bucketed,history,64,256,4,12,0.6851979866623878,0.6688583791255951,repeat indices align samples but methods were timed sequentially; use independent-resample intervals
46,funnel,4,bucketed,history,64,256,4,13,0.7221754267811775,0.5479395538568497,repeat indices align samples but methods were timed sequentially; use independent-resample intervals
46,funnel,4,bucketed,history,64,256,4,14,0.6972558796405792,0.5549810156226158,repeat indices align samples but methods were timed sequentially; use independent-resample intervals
46,funnel,4,bucketed,history,64,256,4,15,0.7110004350543022,0.5793015211820602,repeat indices align samples but methods were timed sequentially; use independent-resample intervals
46,funnel,4,bucketed,history,64,256,4,16,0.6753001362085342,0.5515229031443596,repeat indices align samples but methods were timed sequentially; use independent-resample intervals
46,funnel,4,bucketed,history,64,256,4,17,0.6698857694864273,0.6031068488955498,repeat indices align samples but methods were timed sequentially; use independent-resample intervals
46,funnel,4,bucketed,history,64,256,4,18,0.7247083559632301,0.5691146329045296,repeat indices align samples but methods were timed sequentially; use independent-resample intervals
46,funnel,4,bucketed,history,64,256,4,19,0.6573592200875282,0.5768623873591423,repeat indices align samples but methods were timed sequentially; use independent-resample intervals
46,funnel,4,bucketed,history,64,256,4,20,0.6817395314574242,0.5516824126243591,repeat indices align samples but methods were timed sequentially; use independent-resample intervals
46,funnel,4,bucketed,history,64,256,4,21,0.6784556284546852,0.5885103419423103,repeat indices align samples but methods were timed sequentially; use independent-resample intervals
46,funnel,4,bucketed,history,64,256,4,22,0.6637116968631744,0.6212724149227142,repeat indices align samples but methods were timed sequentially; use independent-resample intervals
46,funnel,4,bucketed,history,64,256,4,23,0.7037714198231697,0.6225106045603752,repeat indices align samples but methods were timed sequentially; use independent-resample intervals
46,funnel,4,bucketed,history,64,256,4,24,0.7078387066721916,0.6312003433704376,repeat indices align samples but methods were timed sequentially; use independent-resample intervals
46,funnel,4,bucketed,history,64,256,4,25,0.6998595967888832,0.6728761494159698,repeat indices align samples but methods were timed sequentially; use independent-resample intervals
46,funnel,4,bucketed,history,64,256,4,26,0.7287343591451645,0.6692412719130516,repeat indices align samples but methods were timed sequentially; use independent-resample intervals
46,funnel,4,bucketed,history,64,256,4,27,0.7334309220314026,0.6742948070168495,repeat indices align samples but methods were timed sequentially; use independent-resample intervals
46,funnel,4,bucketed,history,64,256,4,28,0.7536677196621895,0.6444227918982506,repeat indices align samples but methods were timed sequentially; use independent-resample intervals
46,funnel,4,bucketed,history,64,256,4,29,0.7484085485339165,0.6845574900507927,repeat indices align samples but methods were timed sequentially; use independent-resample intervals
47,funnel,4,bucketed,history,128,256,4,0,0.7167970612645149,0.5762627795338631,repeat indices align samples but methods were timed sequentially; use independent-resample intervals
47,funnel,4,bucketed,history,128,256,4,1,0.8000430315732956,0.6717185527086258,repeat indices align samples but methods were timed sequentially; use independent-resample intervals
47,funnel,4,bucketed,history,128,256,4,2,0.8572770431637764,0.5941436737775803,repeat indices align samples but methods were timed sequentially; use independent-resample intervals
47,funnel,4,bucketed,history,128,256,4,3,0.6401980966329575,0.6143815517425537,repeat indices align samples but methods were timed sequentially; use independent-resample intervals
47,funnel,4,bucketed,history,128,256,4,4,0.8078065887093544,0.7057390958070755,repeat indices align samples but methods were timed sequentially; use independent-resample intervals
47,funnel,4,bucketed,history,128,256,4,5,0.7426329627633095,0.6524116098880768,repeat indices align samples but methods were timed sequentially; use independent-resample intervals
47,funnel,4,bucketed,history,128,256,4,6,0.6954654902219772,0.5968784093856812,repeat indices align samples but methods were timed sequentially; use independent-resample intervals
47,funnel,4,bucketed,history,128,256,4,7,0.7011776939034462,0.5431587249040604,repeat indices align samples but methods were timed sequentially; use independent-resample intervals
47,funnel,4,bucketed,history,128,256,4,8,0.6127403602004051,0.5403825342655182,repeat indices align samples but methods were timed sequentially; use independent-resample intervals
47,funnel,4,bucketed,history,128,256,4,9,0.5778640136122704,0.6618912443518639,repeat indices align samples but methods were timed sequentially; use independent-resample intervals
47,funnel,4,bucketed,history,128,256,4,10,0.6540259271860123,0.6728115007281303,repeat indices align samples but methods were timed sequentially; use independent-resample intervals
47,funnel,4,bucketed,history,128,256,4,11,0.7727937400341034,0.6371760219335556,repeat indices align samples but methods were timed sequentially; use independent-resample intervals
47,funnel,4,bucketed,history,128,256,4,12,0.7089634537696838,0.6688583791255951,repeat indices align samples but methods were timed sequentially; use independent-resample intervals
47,funnel,4,bucketed,history,128,256,4,13,0.6976024508476257,0.5479395538568497,repeat indices align samples but methods were timed sequentially; use independent-resample intervals
47,funnel,4,bucketed,history,128,256,4,14,0.6932946145534515,0.5549810156226158,repeat indices align samples but methods were timed sequentially; use independent-resample intervals
47,funnel,4,bucketed,history,128,256,4,15,0.6621542647480965,0.5793015211820602,repeat indices align samples but methods were timed sequentially; use independent-resample intervals
47,funnel,4,bucketed,history,128,256,4,16,0.6692653223872185,0.5515229031443596,repeat indices align samples but methods were timed sequentially; use independent-resample intervals
47,funnel,4,bucketed,history,128,256,4,17,0.6659975498914719,0.6031068488955498,repeat indices align samples but methods were timed sequentially; use independent-resample intervals
47,funnel,4,bucketed,history,128,256,4,18,0.6931258514523506,0.5691146329045296,repeat indices align samples but methods were timed sequentially; use independent-resample intervals
47,funnel,4,bucketed,history,128,256,4,19,0.629673071205616,0.5768623873591423,repeat indices align samples but methods were timed sequentially; use independent-resample intervals
47,funnel,4,bucketed,history,128,256,4,20,0.7185182645916939,0.5516824126243591,repeat indices align samples but methods were timed sequentially; use independent-resample intervals
47,funnel,4,bucketed,history,128,256,4,21,0.5975805297493935,0.5885103419423103,repeat indices align samples but methods were timed sequentially; use independent-resample intervals
47,funnel,4,bucketed,history,128,256,4,22,0.6264093741774559,0.6212724149227142,repeat indices align samples but methods were timed sequentially; use independent-resample intervals
47,funnel,4,bucketed,history,128,256,4,23,0.6019810810685158,0.6225106045603752,repeat indices align samples but methods were timed sequentially; use independent-resample intervals
47,funnel,4,bucketed,history,128,256,4,24,0.6469723731279373,0.6312003433704376,repeat indices align samples but methods were timed sequentially; use independent-resample intervals
47,funnel,4,bucketed,history,128,256,4,25,0.6088458299636841,0.6728761494159698,repeat indices align samples but methods were timed sequentially; use independent-resample intervals
47,funnel,4,bucketed,history,128,256,4,26,0.6114005744457245,0.6692412719130516,repeat indices align samples but methods were timed sequentially; use independent-resample intervals
47,funnel,4,bucketed,history,128,256,4,27,0.6228163540363312,0.6742948070168495,repeat indices align samples but methods were timed sequentially; use independent-resample intervals
47,funnel,4,bucketed,history,128,256,4,28,0.6471289768815041,0.6444227918982506,repeat indices align samples but methods were timed sequentially; use independent-resample intervals
47,funnel,4,bucketed,history,128,256,4,29,0.8361230120062828,0.6845574900507927,repeat indices align samples but methods were timed sequentially; use independent-resample intervals
48,funnel,4,bucketed,last_depth,64,256,4,0,0.8485499173402786,0.5762627795338631,repeat indices align samples but methods were timed sequentially; use independent-resample intervals
48,funnel,4,bucketed,last_depth,64,256,4,1,0.7891543731093407,0.6717185527086258,repeat indices align samples but methods were timed sequentially; use independent-resample intervals
48,funnel,4,bucketed,last_depth,64,256,4,2,0.8681468740105629,0.5941436737775803,repeat indices align samples but methods were timed sequentially; use independent-resample intervals
48,funnel,4,bucketed,last_depth,64,256,4,3,0.9347847178578377,0.6143815517425537,repeat indices align samples but methods were timed sequentially; use independent-resample intervals
48,funnel,4,bucketed,last_depth,64,256,4,4,0.9066697508096695,0.7057390958070755,repeat indices align samples but methods were timed sequentially; use independent-resample intervals
48,funnel,4,bucketed,last_depth,64,256,4,5,0.8164613619446754,0.6524116098880768,repeat indices align samples but methods were timed sequentially; use independent-resample intervals
48,funnel,4,bucketed,last_depth,64,256,4,6,0.9192620739340782,0.5968784093856812,repeat indices align samples but methods were timed sequentially; use independent-resample intervals
48,funnel,4,bucketed,last_depth,64,256,4,7,0.9612104892730713,0.5431587249040604,repeat indices align samples but methods were timed sequentially; use independent-resample intervals
48,funnel,4,bucketed,last_depth,64,256,4,8,0.8977318108081818,0.5403825342655182,repeat indices align samples but methods were timed sequentially; use independent-resample intervals
48,funnel,4,bucketed,last_depth,64,256,4,9,0.9340099543333054,0.6618912443518639,repeat indices align samples but methods were timed sequentially; use independent-resample intervals
48,funnel,4,bucketed,last_depth,64,256,4,10,0.8826767578721046,0.6728115007281303,repeat indices align samples but methods were timed sequentially; use independent-resample intervals
48,funnel,4,bucketed,last_depth,64,256,4,11,0.9074205458164215,0.6371760219335556,repeat indices align samples but methods were timed sequentially; use independent-resample intervals
48,funnel,4,bucketed,last_depth,64,256,4,12,0.8938461095094681,0.6688583791255951,repeat indices align samples but methods were timed sequentially; use independent-resample intervals
48,funnel,4,bucketed,last_depth,64,256,4,13,0.8935133963823318,0.5479395538568497,repeat indices align samples but methods were timed sequentially; use independent-resample intervals
48,funnel,4,bucketed,last_depth,64,256,4,14,0.909090630710125,0.5549810156226158,repeat indices align samples but methods were timed sequentially; use independent-resample intervals
48,funnel,4,bucketed,last_depth,64,256,4,15,0.8479270786046982,0.5793015211820602,repeat indices align samples but methods were timed sequentially; use independent-resample intervals
48,funnel,4,bucketed,last_depth,64,256,4,16,0.9102516323328018,0.5515229031443596,repeat indices align samples but methods were timed sequentially; use independent-resample intervals
48,funnel,4,bucketed,last_depth,64,256,4,17,0.8404181525111198,0.6031068488955498,repeat indices align samples but methods were timed sequentially; use independent-resample intervals
48,funnel,4,bucketed,last_depth,64,256,4,18,0.8186457827687263,0.5691146329045296,repeat indices align samples but methods were timed sequentially; use independent-resample intervals
48,funnel,4,bucketed,last_depth,64,256,4,19,0.7804246693849564,0.5768623873591423,repeat indices align samples but methods were timed sequentially; use independent-resample intervals
48,funnel,4,bucketed,last_depth,64,256,4,20,0.7480234280228615,0.5516824126243591,repeat indices align samples but methods were timed sequentially; use independent-resample intervals
48,funnel,4,bucketed,last_depth,64,256,4,21,0.7945650294423103,0.5885103419423103,repeat indices align samples but methods were timed sequentially; use independent-resample intervals
48,funnel,4,bucketed,last_depth,64,256,4,22,0.7470391541719437,0.6212724149227142,repeat indices align samples but methods were timed sequentially; use independent-resample intervals
48,funnel,4,bucketed,last_depth,64,256,4,23,0.7310980707406998,0.6225106045603752,repeat indices align samples but methods were timed sequentially; use independent-resample intervals
48,funnel,4,bucketed,last_depth,64,256,4,24,0.7809223979711533,0.6312003433704376,repeat indices align samples but methods were timed sequentially; use independent-resample intervals
48,funnel,4,bucketed,last_depth,64,256,4,25,0.8592223525047302,0.6728761494159698,repeat indices align samples but methods were timed sequentially; use independent-resample intervals
48,funnel,4,bucketed,last_depth,64,256,4,26,0.8062514215707779,0.6692412719130516,repeat indices align samples but methods were timed sequentially; use independent-resample intervals
48,funnel,4,bucketed,last_depth,64,256,4,27,0.7589850276708603,0.6742948070168495,repeat indices align samples but methods were timed sequentially; use independent-resample intervals
48,funnel,4,bucketed,last_depth,64,256,4,28,0.777246281504631,0.6444227918982506,repeat indices align samples but methods were timed sequentially; use independent-resample intervals
48,funnel,4,bucketed,last_depth,64,256,4,29,0.794506847858429,0.6845574900507927,repeat indices align samples but methods were timed sequentially; use independent-resample intervals
49,funnel,4,bucketed,last_depth,128,256,4,0,0.6435171887278557,0.5762627795338631,repeat indices align samples but methods were timed sequentially; use independent-resample intervals
49,funnel,4,bucketed,last_depth,128,256,4,1,0.8460775464773178,0.6717185527086258,repeat indices align samples but methods were timed sequentially; use independent-resample intervals
49,funnel,4,bucketed,last_depth,128,256,4,2,0.7253319099545479,0.5941436737775803,repeat indices align samples but methods were timed sequentially; use independent-resample intervals
49,funnel,4,bucketed,last_depth,128,256,4,3,0.7630756124854088,0.6143815517425537,repeat indices align samples but methods were timed sequentially; use independent-resample intervals
49,funnel,4,bucketed,last_depth,128,256,4,4,0.7486200481653214,0.7057390958070755,repeat indices align samples but methods were timed sequentially; use independent-resample intervals
49,funnel,4,bucketed,last_depth,128,256,4,5,0.8078652545809746,0.6524116098880768,repeat indices align samples but methods were timed sequentially; use independent-resample intervals
49,funnel,4,bucketed,last_depth,128,256,4,6,0.7529072612524033,0.5968784093856812,repeat indices align samples but methods were timed sequentially; use independent-resample intervals
49,funnel,4,bucketed,last_depth,128,256,4,7,0.7101877555251122,0.5431587249040604,repeat indices align samples but methods were timed sequentially; use independent-resample intervals
49,funnel,4,bucketed,last_depth,128,256,4,8,0.8441090807318687,0.5403825342655182,repeat indices align samples but methods were timed sequentially; use independent-resample intervals
49,funnel,4,bucketed,last_depth,128,256,4,9,0.7819506004452705,0.6618912443518639,repeat indices align samples but methods were timed sequentially; use independent-resample intervals
49,funnel,4,bucketed,last_depth,128,256,4,10,0.7361912950873375,0.6728115007281303,repeat indices align samples but methods were timed sequentially; use independent-resample intervals
49,funnel,4,bucketed,last_depth,128,256,4,11,0.8392443507909775,0.6371760219335556,repeat indices align samples but methods were timed sequentially; use independent-resample intervals
49,funnel,4,bucketed,last_depth,128,256,4,12,0.7305818572640419,0.6688583791255951,repeat indices align samples but methods were timed sequentially; use independent-resample intervals
49,funnel,4,bucketed,last_depth,128,256,4,13,0.7154213637113571,0.5479395538568497,repeat indices align samples but methods were timed sequentially; use independent-resample intervals
49,funnel,4,bucketed,last_depth,128,256,4,14,0.7459888383746147,0.5549810156226158,repeat indices align samples but methods were timed sequentially; use independent-resample intervals
49,funnel,4,bucketed,last_depth,128,256,4,15,0.7624673992395401,0.5793015211820602,repeat indices align samples but methods were timed sequentially; use independent-resample intervals
49,funnel,4,bucketed,last_depth,128,256,4,16,0.7673904448747635,0.5515229031443596,repeat indices align samples but methods were timed sequentially; use independent-resample intervals
49,funnel,4,bucketed,last_depth,128,256,4,17,0.6849329471588135,0.6031068488955498,repeat indices align samples but methods were timed sequentially; use independent-resample intervals
49,funnel,4,bucketed,last_depth,128,256,4,18,0.6602745428681374,0.5691146329045296,repeat indices align samples but methods were timed sequentially; use independent-resample intervals
49,funnel,4,bucketed,last_depth,128,256,4,19,0.7614962235093117,0.5768623873591423,repeat indices align samples but methods were timed sequentially; use independent-resample intervals
49,funnel,4,bucketed,last_depth,128,256,4,20,0.7814191803336143,0.5516824126243591,repeat indices align samples but methods were timed sequentially; use independent-resample intervals
49,funnel,4,bucketed,last_depth,128,256,4,21,0.7137480452656746,0.5885103419423103,repeat indices align samples but methods were timed sequentially; use independent-resample intervals
49,funnel,4,bucketed,last_depth,128,256,4,22,0.81162329018116,0.6212724149227142,repeat indices align samples but methods were timed sequentially; use independent-resample intervals
49,funnel,4,bucketed,last_depth,128,256,4,23,0.7529079839587212,0.6225106045603752,repeat indices align samples but methods were timed sequentially; use independent-resample intervals
49,funnel,4,bucketed,last_depth,128,256,4,24,0.7515728548169136,0.6312003433704376,repeat indices align samples but methods were timed sequentially; use independent-resample intervals
49,funnel,4,bucketed,last_depth,128,256,4,25,0.6813317313790321,0.6728761494159698,repeat indices align samples but methods were timed sequentially; use independent-resample intervals
49,funnel,4,bucketed,last_depth,128,256,4,26,0.8688658475875854,0.6692412719130516,repeat indices align samples but methods were timed sequentially; use independent-resample intervals
49,funnel,4,bucketed,last_depth,128,256,4,27,0.8600411117076874,0.6742948070168495,repeat indices align samples but methods were timed sequentially; use independent-resample intervals
49,funnel,4,bucketed,last_depth,128,256,4,28,0.8615324720740318,0.6444227918982506,repeat indices align samples but methods were timed sequentially; use independent-resample intervals
49,funnel,4,bucketed,last_depth,128,256,4,29,0.9299007132649422,0.6845574900507927,repeat indices align samples but methods were timed sequentially; use independent-resample intervals
50,funnel,0,monolithic,monolithic,0,512,4,0,1.2214405238628387,1.2214405238628387,repeat indices align samples but methods were timed sequentially; use independent-resample intervals
50,funnel,0,monolithic,monolithic,0,512,4,1,1.1479419469833374,1.1479419469833374,repeat indices align samples but methods were timed sequentially; use independent-resample intervals
50,funnel,0,monolithic,monolithic,0,512,4,2,1.1963736563920975,1.1963736563920975,repeat indices align samples but methods were timed sequentially; use independent-resample intervals
50,funnel,0,monolithic,monolithic,0,512,4,3,1.1443168073892593,1.1443168073892593,repeat indices align samples but methods were timed sequentially; use independent-resample intervals
50,funnel,0,monolithic,monolithic,0,512,4,4,1.1547153368592262,1.1547153368592262,repeat indices align samples but methods were timed sequentially; use independent-resample intervals
50,funnel,0,monolithic,monolithic,0,512,4,5,1.4283073991537094,1.4283073991537094,repeat indices align samples but methods were timed sequentially; use independent-resample intervals
50,funnel,0,monolithic,monolithic,0,512,4,6,1.286249227821827,1.286249227821827,repeat indices align samples but methods were timed sequentially; use independent-resample intervals
50,funnel,0,monolithic,monolithic,0,512,4,7,1.2388902306556702,1.2388902306556702,repeat indices align samples but methods were timed sequentially; use independent-resample intervals
50,funnel,0,monolithic,monolithic,0,512,4,8,1.2503909096121788,1.2503909096121788,repeat indices align samples but methods were timed sequentially; use independent-resample intervals
50,funnel,0,monolithic,monolithic,0,512,4,9,1.0783266052603722,1.0783266052603722,repeat indices align samples but methods were timed sequentially; use independent-resample intervals
50,funnel,0,monolithic,monolithic,0,512,4,10,1.1395922526717186,1.1395922526717186,repeat indices align samples but methods were timed sequentially; use independent-resample intervals
50,funnel,0,monolithic,monolithic,0,512,4,11,1.078989453613758,1.078989453613758,repeat indices align samples but methods were timed sequentially; use independent-resample intervals
50,funnel,0,monolithic,monolithic,0,512,4,12,1.02909617125988,1.02909617125988,repeat indices align samples but methods were timed sequentially; use independent-resample intervals
50,funnel,0,monolithic,monolithic,0,512,4,13,1.174825370311737,1.174825370311737,repeat indices align samples but methods were timed sequentially; use independent-resample intervals
50,funnel,0,monolithic,monolithic,0,512,4,14,1.2119932249188423,1.2119932249188423,repeat indices align samples but methods were timed sequentially; use independent-resample intervals
50,funnel,0,monolithic,monolithic,0,512,4,15,1.3164563924074173,1.3164563924074173,repeat indices align samples but methods were timed sequentially; use independent-resample intervals
50,funnel,0,monolithic,monolithic,0,512,4,16,1.230038933455944,1.230038933455944,repeat indices align samples but methods were timed sequentially; use independent-resample intervals
50,funnel,0,monolithic,monolithic,0,512,4,17,1.1445173919200897,1.1445173919200897,repeat indices align samples but methods were timed sequentially; use independent-resample intervals
50,funnel,0,monolithic,monolithic,0,512,4,18,1.1886651068925858,1.1886651068925858,repeat indices align samples but methods were timed sequentially; use independent-resample intervals
50,funnel,0,monolithic,monolithic,0,512,4,19,1.2806588262319565,1.2806588262319565,repeat indices align samples but methods were timed sequentially; use independent-resample intervals
50,funnel,0,monolithic,monolithic,0,512,4,20,1.1800033748149872,1.1800033748149872,repeat indices align samples but methods were timed sequentially; use independent-resample intervals
50,funnel,0,monolithic,monolithic,0,512,4,21,1.1208721548318863,1.1208721548318863,repeat indices align samples but methods were timed sequentially; use independent-resample intervals
50,funnel,0,monolithic,monolithic,0,512,4,22,1.1649014800786972,1.1649014800786972,repeat indices align samples but methods were timed sequentially; use independent-resample intervals
50,funnel,0,monolithic,monolithic,0,512,4,23,1.2162757515907288,1.2162757515907288,repeat indices align samples but methods were timed sequentially; use independent-resample intervals
50,funnel,0,monolithic,monolithic,0,512,4,24,1.2321116402745247,1.2321116402745247,repeat indices align samples but methods were timed sequentially; use independent-resample intervals
50,funnel,0,monolithic,monolithic,0,512,4,25,1.1705436632037163,1.1705436632037163,repeat indices align samples but methods were timed sequentially; use independent-resample intervals
50,funnel,0,monolithic,monolithic,0,512,4,26,1.146891638636589,1.146891638636589,repeat indices align samples but methods were timed sequentially; use independent-resample intervals
50,funnel,0,monolithic,monolithic,0,512,4,27,1.121454857289791,1.121454857289791,repeat indices align samples but methods were timed sequentially; use independent-resample intervals
50,funnel,0,monolithic,monolithic,0,512,4,28,1.0786890015006065,1.0786890015006065,repeat indices align samples but methods were timed sequentially; use independent-resample intervals
50,funnel,0,monolithic,monolithic,0,512,4,29,1.1315529495477676,1.1315529495477676,repeat indices align samples but methods were timed sequentially; use independent-resample intervals
51,funnel,0,bucketed,history,64,512,4,0,1.189915157854557,1.2214405238628387,repeat indices align samples but methods were timed sequentially; use independent-resample intervals
51,funnel,0,bucketed,history,64,512,4,1,1.134740374982357,1.1479419469833374,repeat indices align samples but methods were timed sequentially; use independent-resample intervals
51,funnel,0,bucketed,history,64,512,4,2,0.9308423697948456,1.1963736563920975,repeat indices align samples but methods were timed sequentially; use independent-resample intervals
51,funnel,0,bucketed,history,64,512,4,3,1.067933313548565,1.1443168073892593,repeat indices align samples but methods were timed sequentially; use independent-resample intervals
51,funnel,0,bucketed,history,64,512,4,4,1.1396143734455109,1.1547153368592262,repeat indices align samples but methods were timed sequentially; use independent-resample intervals
51,funnel,0,bucketed,history,64,512,4,5,1.1670226082205772,1.4283073991537094,repeat indices align samples but methods were timed sequentially; use independent-resample intervals
51,funnel,0,bucketed,history,64,512,4,6,1.0594674795866013,1.286249227821827,repeat indices align samples but methods were timed sequentially; use independent-resample intervals
51,funnel,0,bucketed,history,64,512,4,7,1.1239942163228989,1.2388902306556702,repeat indices align samples but methods were timed sequentially; use independent-resample intervals
51,funnel,0,bucketed,history,64,512,4,8,1.1496667638421059,1.2503909096121788,repeat indices align samples but methods were timed sequentially; use independent-resample intervals
51,funnel,0,bucketed,history,64,512,4,9,1.17164196819067,1.0783266052603722,repeat indices align samples but methods were timed sequentially; use independent-resample intervals
51,funnel,0,bucketed,history,64,512,4,10,1.0759938284754753,1.1395922526717186,repeat indices align samples but methods were timed sequentially; use independent-resample intervals
51,funnel,0,bucketed,history,64,512,4,11,1.1536642462015152,1.078989453613758,repeat indices align samples but methods were timed sequentially; use independent-resample intervals
51,funnel,0,bucketed,history,64,512,4,12,1.1815035864710808,1.02909617125988,repeat indices align samples but methods were timed sequentially; use independent-resample intervals
51,funnel,0,bucketed,history,64,512,4,13,1.3674903884530067,1.174825370311737,repeat indices align samples but methods were timed sequentially; use independent-resample intervals
51,funnel,0,bucketed,history,64,512,4,14,1.2806935086846352,1.2119932249188423,repeat indices align samples but methods were timed sequentially; use independent-resample intervals
51,funnel,0,bucketed,history,64,512,4,15,1.2688026502728462,1.3164563924074173,repeat indices align samples but methods were timed sequentially; use independent-resample intervals
51,funnel,0,bucketed,history,64,512,4,16,1.2357032895088196,1.230038933455944,repeat indices align samples but methods were timed sequentially; use independent-resample intervals
51,funnel,0,bucketed,history,64,512,4,17,1.2899981513619423,1.1445173919200897,repeat indices align samples but methods were timed sequentially; use independent-resample intervals
51,funnel,0,bucketed,history,64,512,4,18,1.048741228878498,1.1886651068925858,repeat indices align samples but methods were timed sequentially; use independent-resample intervals
51,funnel,0,bucketed,history,64,512,4,19,1.1345910727977753,1.2806588262319565,repeat indices align samples but methods were timed sequentially; use independent-resample intervals
51,funnel,0,bucketed,history,64,512,4,20,1.2699539810419083,1.1800033748149872,repeat indices align samples but methods were timed sequentially; use independent-resample intervals
51,funnel,0,bucketed,history,64,512,4,21,1.1217826530337334,1.1208721548318863,repeat indices align samples but methods were timed sequentially; use independent-resample intervals
51,funnel,0,bucketed,history,64,512,4,22,1.1021339297294617,1.1649014800786972,repeat indices align samples but methods were timed sequentially; use independent-resample intervals
51,funnel,0,bucketed,history,64,512,4,23,1.1403216794133186,1.2162757515907288,repeat indices align samples but methods were timed sequentially; use independent-resample intervals
51,funnel,0,bucketed,history,64,512,4,24,1.330371007323265,1.2321116402745247,repeat indices align samples but methods were timed sequentially; use independent-resample intervals
51,funnel,0,bucketed,history,64,512,4,25,1.2572031915187836,1.1705436632037163,repeat indices align samples but methods were timed sequentially; use independent-resample intervals
51,funnel,0,bucketed,history,64,512,4,26,1.3194303438067436,1.146891638636589,repeat indices align samples but methods were timed sequentially; use independent-resample intervals
51,funnel,0,bucketed,history,64,512,4,27,1.1512926742434502,1.121454857289791,repeat indices align samples but methods were timed sequentially; use independent-resample intervals
51,funnel,0,bucketed,history,64,512,4,28,1.3595462068915367,1.0786890015006065,repeat indices align samples but methods were timed sequentially; use independent-resample intervals
51,funnel,0,bucketed,history,64,512,4,29,1.2461995854973793,1.1315529495477676,repeat indices align samples but methods were timed sequentially; use independent-resample intervals
52,funnel,0,bucketed,history,128,512,4,0,1.2263721004128456,1.2214405238628387,repeat indices align samples but methods were timed sequentially; use independent-resample intervals
52,funnel,0,bucketed,history,128,512,4,1,1.1204720512032509,1.1479419469833374,repeat indices align samples but methods were timed sequentially; use independent-resample intervals
52,funnel,0,bucketed,history,128,512,4,2,1.070310801267624,1.1963736563920975,repeat indices align samples but methods were timed sequentially; use independent-resample intervals
52,funnel,0,bucketed,history,128,512,4,3,1.2775072008371353,1.1443168073892593,repeat indices align samples but methods were timed sequentially; use independent-resample intervals
52,funnel,0,bucketed,history,128,512,4,4,1.1474837064743042,1.1547153368592262,repeat indices align samples but methods were timed sequentially; use independent-resample intervals
52,funnel,0,bucketed,history,128,512,4,5,1.0539782643318176,1.4283073991537094,repeat indices align samples but methods were timed sequentially; use independent-resample intervals
52,funnel,0,bucketed,history,128,512,4,6,1.0202544331550598,1.286249227821827,repeat indices align samples but methods were timed sequentially; use independent-resample intervals
52,funnel,0,bucketed,history,128,512,4,7,1.2579470202326775,1.2388902306556702,repeat indices align samples but methods were timed sequentially; use independent-resample intervals
52,funnel,0,bucketed,history,128,512,4,8,1.1252644956111908,1.2503909096121788,repeat indices align samples but methods were timed sequentially; use independent-resample intervals
52,funnel,0,bucketed,history,128,512,4,9,1.189304381608963,1.0783266052603722,repeat indices align samples but methods were timed sequentially; use independent-resample intervals
52,funnel,0,bucketed,history,128,512,4,10,1.1710089221596718,1.1395922526717186,repeat indices align samples but methods were timed sequentially; use independent-resample intervals
52,funnel,0,bucketed,history,128,512,4,11,1.0296215116977692,1.078989453613758,repeat indices align samples but methods were timed sequentially; use independent-resample intervals
52,funnel,0,bucketed,history,128,512,4,12,1.0311734527349472,1.02909617125988,repeat indices align samples but methods were timed sequentially; use independent-resample intervals
52,funnel,0,bucketed,history,128,512,4,13,1.1115281879901886,1.174825370311737,repeat indices align samples but methods were timed sequentially; use independent-resample intervals
52,funnel,0,bucketed,history,128,512,4,14,1.0938212350010872,1.2119932249188423,repeat indices align samples but methods were timed sequentially; use independent-resample intervals
52,funnel,0,bucketed,history,128,512,4,15,1.1962795481085777,1.3164563924074173,repeat indices align samples but methods were timed sequentially; use independent-resample intervals
52,funnel,0,bucketed,history,128,512,4,16,1.1516708359122276,1.230038933455944,repeat indices align samples but methods were timed sequentially; use independent-resample intervals
52,funnel,0,bucketed,history,128,512,4,17,1.2333185821771622,1.1445173919200897,repeat indices align samples but methods were timed sequentially; use independent-resample intervals
52,funnel,0,bucketed,history,128,512,4,18,1.2666699811816216,1.1886651068925858,repeat indices align samples but methods were timed sequentially; use independent-resample intervals
52,funnel,0,bucketed,history,128,512,4,19,1.1836093738675117,1.2806588262319565,repeat indices align samples but methods were timed sequentially; use independent-resample intervals
52,funnel,0,bucketed,history,128,512,4,20,1.1040805652737617,1.1800033748149872,repeat indices align samples but methods were timed sequentially; use independent-resample intervals
52,funnel,0,bucketed,history,128,512,4,21,1.3852999210357666,1.1208721548318863,repeat indices align samples but methods were timed sequentially; use independent-resample intervals
52,funnel,0,bucketed,history,128,512,4,22,1.2505085170269012,1.1649014800786972,repeat indices align samples but methods were timed sequentially; use independent-resample intervals
52,funnel,0,bucketed,history,128,512,4,23,1.1688494309782982,1.2162757515907288,repeat indices align samples but methods were timed sequentially; use independent-resample intervals
52,funnel,0,bucketed,history,128,512,4,24,1.0820232704281807,1.2321116402745247,repeat indices align samples but methods were timed sequentially; use independent-resample intervals
52,funnel,0,bucketed,history,128,512,4,25,1.1505354344844818,1.1705436632037163,repeat indices align samples but methods were timed sequentially; use independent-resample intervals
52,funnel,0,bucketed,history,128,512,4,26,1.2179132997989655,1.146891638636589,repeat indices align samples but methods were timed sequentially; use independent-resample intervals
52,funnel,0,bucketed,history,128,512,4,27,1.0636834427714348,1.121454857289791,repeat indices align samples but methods were timed sequentially; use independent-resample intervals
52,funnel,0,bucketed,history,128,512,4,28,1.1327619776129723,1.0786890015006065,repeat indices align samples but methods were timed sequentially; use independent-resample intervals
52,funnel,0,bucketed,history,128,512,4,29,1.1096647754311562,1.1315529495477676,repeat indices align samples but methods were timed sequentially; use independent-resample intervals
53,funnel,0,bucketed,last_depth,64,512,4,0,1.4314747378230095,1.2214405238628387,repeat indices align samples but methods were timed sequentially; use independent-resample intervals
53,funnel,0,bucketed,last_depth,64,512,4,1,1.3681717067956924,1.1479419469833374,repeat indices align samples but methods were timed sequentially; use independent-resample intervals
53,funnel,0,bucketed,last_depth,64,512,4,2,1.3363322988152504,1.1963736563920975,repeat indices align samples but methods were timed sequentially; use independent-resample intervals
53,funnel,0,bucketed,last_depth,64,512,4,3,1.4111847952008247,1.1443168073892593,repeat indices align samples but methods were timed sequentially; use independent-resample intervals
53,funnel,0,bucketed,last_depth,64,512,4,4,1.3153400346636772,1.1547153368592262,repeat indices align samples but methods were timed sequentially; use independent-resample intervals
53,funnel,0,bucketed,last_depth,64,512,4,5,1.2482535541057587,1.4283073991537094,repeat indices align samples but methods were timed sequentially; use independent-resample intervals
53,funnel,0,bucketed,last_depth,64,512,4,6,1.3107840195298195,1.286249227821827,repeat indices align samples but methods were timed sequentially; use independent-resample intervals
53,funnel,0,bucketed,last_depth,64,512,4,7,1.3394360840320587,1.2388902306556702,repeat indices align samples but methods were timed sequentially; use independent-resample intervals
53,funnel,0,bucketed,last_depth,64,512,4,8,1.3663551360368729,1.2503909096121788,repeat indices align samples but methods were timed sequentially; use independent-resample intervals
53,funnel,0,bucketed,last_depth,64,512,4,9,1.2989723682403564,1.0783266052603722,repeat indices align samples but methods were timed sequentially; use independent-resample intervals
53,funnel,0,bucketed,last_depth,64,512,4,10,1.380875676870346,1.1395922526717186,repeat indices align samples but methods were timed sequentially; use independent-resample intervals
53,funnel,0,bucketed,last_depth,64,512,4,11,1.5881633087992668,1.078989453613758,repeat indices align samples but methods were timed sequentially; use independent-resample intervals
53,funnel,0,bucketed,last_depth,64,512,4,12,1.3978738561272621,1.02909617125988,repeat indices align samples but methods were timed sequentially; use independent-resample intervals
53,funnel,0,bucketed,last_depth,64,512,4,13,1.2810265719890594,1.174825370311737,repeat indices align samples but methods were timed sequentially; use independent-resample intervals
53,funnel,0,bucketed,last_depth,64,512,4,14,1.2545549795031548,1.2119932249188423,repeat indices align samples but methods were timed sequentially; use independent-resample intervals
53,funnel,0,bucketed,last_depth,64,512,4,15,1.33001060038805,1.3164563924074173,repeat indices align samples but methods were timed sequentially; use independent-resample intervals
53,funnel,0,bucketed,last_depth,64,512,4,16,1.3250944390892982,1.230038933455944,repeat indices align samples but methods were timed sequentially; use independent-resample intervals
53,funnel,0,bucketed,last_depth,64,512,4,17,1.1842060461640358,1.1445173919200897,repeat indices align samples but methods were timed sequentially; use independent-resample intervals
53,funnel,0,bucketed,last_depth,64,512,4,18,1.1933107301592827,1.1886651068925858,repeat indices align samples but methods were timed sequentially; use independent-resample intervals
53,funnel,0,bucketed,last_depth,64,512,4,19,1.0995956733822823,1.2806588262319565,repeat indices align samples but methods were timed sequentially; use independent-resample intervals
53,funnel,0,bucketed,last_depth,64,512,4,20,1.1627986431121826,1.1800033748149872,repeat indices align samples but methods were timed sequentially; use independent-resample intervals
53,funnel,0,bucketed,last_depth,64,512,4,21,1.2647992074489594,1.1208721548318863,repeat indices align samples but methods were timed sequentially; use independent-resample intervals
53,funnel,0,bucketed,last_depth,64,512,4,22,1.3530160933732986,1.1649014800786972,repeat indices align samples but methods were timed sequentially; use independent-resample intervals
53,funnel,0,bucketed,last_depth,64,512,4,23,1.3428255319595337,1.2162757515907288,repeat indices align samples but methods were timed sequentially; use independent-resample intervals
53,funnel,0,bucketed,last_depth,64,512,4,24,1.3701300024986267,1.2321116402745247,repeat indices align samples but methods were timed sequentially; use independent-resample intervals
53,funnel,0,bucketed,last_depth,64,512,4,25,1.4059166759252548,1.1705436632037163,repeat indices align samples but methods were timed sequentially; use independent-resample intervals
53,funnel,0,bucketed,last_depth,64,512,4,26,1.5565613135695457,1.146891638636589,repeat indices align samples but methods were timed sequentially; use independent-resample intervals
53,funnel,0,bucketed,last_depth,64,512,4,27,1.6016174256801605,1.121454857289791,repeat indices align samples but methods were timed sequentially; use independent-resample intervals
53,funnel,0,bucketed,last_depth,64,512,4,28,1.493800088763237,1.0786890015006065,repeat indices align samples but methods were timed sequentially; use independent-resample intervals
53,funnel,0,bucketed,last_depth,64,512,4,29,1.4853986203670502,1.1315529495477676,repeat indices align samples but methods were timed sequentially; use independent-resample intervals
54,funnel,0,bucketed,last_depth,128,512,4,0,1.3005348294973373,1.2214405238628387,repeat indices align samples but methods were timed sequentially; use independent-resample intervals
54,funnel,0,bucketed,last_depth,128,512,4,1,1.3972680494189262,1.1479419469833374,repeat indices align samples but methods were timed sequentially; use independent-resample intervals
54,funnel,0,bucketed,last_depth,128,512,4,2,1.307935670018196,1.1963736563920975,repeat indices align samples but methods were timed sequentially; use independent-resample intervals
54,funnel,0,bucketed,last_depth,128,512,4,3,1.376424252986908,1.1443168073892593,repeat indices align samples but methods were timed sequentially; use independent-resample intervals
54,funnel,0,bucketed,last_depth,128,512,4,4,1.311166413128376,1.1547153368592262,repeat indices align samples but methods were timed sequentially; use independent-resample intervals
54,funnel,0,bucketed,last_depth,128,512,4,5,1.4707624688744545,1.4283073991537094,repeat indices align samples but methods were timed sequentially; use independent-resample intervals
54,funnel,0,bucketed,last_depth,128,512,4,6,1.436322696506977,1.286249227821827,repeat indices align samples but methods were timed sequentially; use independent-resample intervals
54,funnel,0,bucketed,last_depth,128,512,4,7,1.483155407011509,1.2388902306556702,repeat indices align samples but methods were timed sequentially; use independent-resample intervals
54,funnel,0,bucketed,last_depth,128,512,4,8,1.497877225279808,1.2503909096121788,repeat indices align samples but methods were timed sequentially; use independent-resample intervals
54,funnel,0,bucketed,last_depth,128,512,4,9,1.352174811065197,1.0783266052603722,repeat indices align samples but methods were timed sequentially; use independent-resample intervals
54,funnel,0,bucketed,last_depth,128,512,4,10,1.3923678696155548,1.1395922526717186,repeat indices align samples but methods were timed sequentially; use independent-resample intervals
54,funnel,0,bucketed,last_depth,128,512,4,11,1.3213572427630424,1.078989453613758,repeat indices align samples but methods were timed sequentially; use independent-resample intervals
54,funnel,0,bucketed,last_depth,128,512,4,12,1.4353539571166039,1.02909617125988,repeat indices align samples but methods were timed sequentially; use independent-resample intervals
54,funnel,0,bucketed,last_depth,128,512,4,13,1.487696312367916,1.174825370311737,repeat indices align samples but methods were timed sequentially; use independent-resample intervals
54,funnel,0,bucketed,last_depth,128,512,4,14,1.4060662537813187,1.2119932249188423,repeat indices align samples but methods were timed sequentially; use independent-resample intervals
54,funnel,0,bucketed,last_depth,128,512,4,15,1.4569207206368446,1.3164563924074173,repeat indices align samples but methods were timed sequentially; use independent-resample intervals
54,funnel,0,bucketed,last_depth,128,512,4,16,1.3951721489429474,1.230038933455944,repeat indices align samples but methods were timed sequentially; use independent-resample intervals
54,funnel,0,bucketed,last_depth,128,512,4,17,1.4926986619830132,1.1445173919200897,repeat indices align samples but methods were timed sequentially; use independent-resample intervals
54,funnel,0,bucketed,last_depth,128,512,4,18,1.4108533561229706,1.1886651068925858,repeat indices align samples but methods were timed sequentially; use independent-resample intervals
54,funnel,0,bucketed,last_depth,128,512,4,19,1.4296078607439995,1.2806588262319565,repeat indices align samples but methods were timed sequentially; use independent-resample intervals
54,funnel,0,bucketed,last_depth,128,512,4,20,1.4381102174520493,1.1800033748149872,repeat indices align samples but methods were timed sequentially; use independent-resample intervals
54,funnel,0,bucketed,last_depth,128,512,4,21,1.6039977595210075,1.1208721548318863,repeat indices align samples but methods were timed sequentially; use independent-resample intervals
54,funnel,0,bucketed,last_depth,128,512,4,22,1.623125895857811,1.1649014800786972,repeat indices align samples but methods were timed sequentially; use independent-resample intervals
54,funnel,0,bucketed,last_depth,128,512,4,23,1.6163546070456505,1.2162757515907288,repeat indices align samples but methods were timed sequentially; use independent-resample intervals
54,funnel,0,bucketed,last_depth,128,512,4,24,1.4380695223808289,1.2321116402745247,repeat indices align samples but methods were timed sequentially; use independent-resample intervals
54,funnel,0,bucketed,last_depth,128,512,4,25,1.4684181660413742,1.1705436632037163,repeat indices align samples but methods were timed sequentially; use independent-resample intervals
54,funnel,0,bucketed,last_depth,128,512,4,26,1.4966828972101212,1.146891638636589,repeat indices align samples but methods were timed sequentially; use independent-resample intervals
54,funnel,0,bucketed,last_depth,128,512,4,27,1.5247711390256882,1.121454857289791,repeat indices align samples but methods were timed sequentially; use independent-resample intervals
54,funnel,0,bucketed,last_depth,128,512,4,28,1.4556983709335327,1.0786890015006065,repeat indices align samples but methods were timed sequentially; use independent-resample intervals
54,funnel,0,bucketed,last_depth,128,512,4,29,1.5399880558252335,1.1315529495477676,repeat indices align samples but methods were timed sequentially; use independent-resample intervals
55,funnel,1,monolithic,monolithic,0,512,4,0,1.0186376050114632,1.0186376050114632,repeat indices align samples but methods were timed sequentially; use independent-resample intervals
55,funnel,1,monolithic,monolithic,0,512,4,1,1.1391860097646713,1.1391860097646713,repeat indices align samples but methods were timed sequentially; use independent-resample intervals
55,funnel,1,monolithic,monolithic,0,512,4,2,1.068715713918209,1.068715713918209,repeat indices align samples but methods were timed sequentially; use independent-resample intervals
55,funnel,1,monolithic,monolithic,0,512,4,3,1.002852313220501,1.002852313220501,repeat indices align samples but methods were timed sequentially; use independent-resample intervals
55,funnel,1,monolithic,monolithic,0,512,4,4,1.0035017430782318,1.0035017430782318,repeat indices align samples but methods were timed sequentially; use independent-resample intervals
55,funnel,1,monolithic,monolithic,0,512,4,5,0.9763002991676331,0.9763002991676331,repeat indices align samples but methods were timed sequentially; use independent-resample intervals
55,funnel,1,monolithic,monolithic,0,512,4,6,1.0033456981182098,1.0033456981182098,repeat indices align samples but methods were timed sequentially; use independent-resample intervals
55,funnel,1,monolithic,monolithic,0,512,4,7,1.0528092682361603,1.0528092682361603,repeat indices align samples but methods were timed sequentially; use independent-resample intervals
55,funnel,1,monolithic,monolithic,0,512,4,8,1.0604658797383308,1.0604658797383308,repeat indices align samples but methods were timed sequentially; use independent-resample intervals
55,funnel,1,monolithic,monolithic,0,512,4,9,1.0541357770562172,1.0541357770562172,repeat indices align samples but methods were timed sequentially; use independent-resample intervals
55,funnel,1,monolithic,monolithic,0,512,4,10,1.0726801455020905,1.0726801455020905,repeat indices align samples but methods were timed sequentially; use independent-resample intervals
55,funnel,1,monolithic,monolithic,0,512,4,11,1.0109939947724342,1.0109939947724342,repeat indices align samples but methods were timed sequentially; use independent-resample intervals
55,funnel,1,monolithic,monolithic,0,512,4,12,1.0481564477086067,1.0481564477086067,repeat indices align samples but methods were timed sequentially; use independent-resample intervals
55,funnel,1,monolithic,monolithic,0,512,4,13,1.0389572829008102,1.0389572829008102,repeat indices align samples but methods were timed sequentially; use independent-resample intervals
55,funnel,1,monolithic,monolithic,0,512,4,14,1.0832456648349762,1.0832456648349762,repeat indices align samples but methods were timed sequentially; use independent-resample intervals
55,funnel,1,monolithic,monolithic,0,512,4,15,0.9807320833206177,0.9807320833206177,repeat indices align samples but methods were timed sequentially; use independent-resample intervals
55,funnel,1,monolithic,monolithic,0,512,4,16,1.0616203770041466,1.0616203770041466,repeat indices align samples but methods were timed sequentially; use independent-resample intervals
55,funnel,1,monolithic,monolithic,0,512,4,17,1.0937199592590332,1.0937199592590332,repeat indices align samples but methods were timed sequentially; use independent-resample intervals
55,funnel,1,monolithic,monolithic,0,512,4,18,1.0070259124040604,1.0070259124040604,repeat indices align samples but methods were timed sequentially; use independent-resample intervals
55,funnel,1,monolithic,monolithic,0,512,4,19,1.0208963975310326,1.0208963975310326,repeat indices align samples but methods were timed sequentially; use independent-resample intervals
55,funnel,1,monolithic,monolithic,0,512,4,20,0.9931008070707321,0.9931008070707321,repeat indices align samples but methods were timed sequentially; use independent-resample intervals
55,funnel,1,monolithic,monolithic,0,512,4,21,1.0774497538805008,1.0774497538805008,repeat indices align samples but methods were timed sequentially; use independent-resample intervals
55,funnel,1,monolithic,monolithic,0,512,4,22,1.1046834513545036,1.1046834513545036,repeat indices align samples but methods were timed sequentially; use independent-resample intervals
55,funnel,1,monolithic,monolithic,0,512,4,23,1.0537251010537148,1.0537251010537148,repeat indices align samples but methods were timed sequentially; use independent-resample intervals
55,funnel,1,monolithic,monolithic,0,512,4,24,1.000805489718914,1.000805489718914,repeat indices align samples but methods were timed sequentially; use independent-resample intervals
55,funnel,1,monolithic,monolithic,0,512,4,25,1.1458946838974953,1.1458946838974953,repeat indices align samples but methods were timed sequentially; use independent-resample intervals
55,funnel,1,monolithic,monolithic,0,512,4,26,1.0432432889938354,1.0432432889938354,repeat indices align samples but methods were timed sequentially; use independent-resample intervals
55,funnel,1,monolithic,monolithic,0,512,4,27,1.0126115307211876,1.0126115307211876,repeat indices align samples but methods were timed sequentially; use independent-resample intervals
55,funnel,1,monolithic,monolithic,0,512,4,28,1.0392751544713974,1.0392751544713974,repeat indices align samples but methods were timed sequentially; use independent-resample intervals
55,funnel,1,monolithic,monolithic,0,512,4,29,1.0061352849006653,1.0061352849006653,repeat indices align samples but methods were timed sequentially; use independent-resample intervals
56,funnel,1,bucketed,history,64,512,4,0,1.3442343696951866,1.0186376050114632,repeat indices align samples but methods were timed sequentially; use independent-resample intervals
56,funnel,1,bucketed,history,64,512,4,1,1.2660903185606003,1.1391860097646713,repeat indices align samples but methods were timed sequentially; use independent-resample intervals
56,funnel,1,bucketed,history,64,512,4,2,1.157299444079399,1.068715713918209,repeat indices align samples but methods were timed sequentially; use independent-resample intervals
56,funnel,1,bucketed,history,64,512,4,3,1.3050695583224297,1.002852313220501,repeat indices align samples but methods were timed sequentially; use independent-resample intervals
56,funnel,1,bucketed,history,64,512,4,4,1.16168612241745,1.0035017430782318,repeat indices align samples but methods were timed sequentially; use independent-resample intervals
56,funnel,1,bucketed,history,64,512,4,5,1.1538585275411606,0.9763002991676331,repeat indices align samples but methods were timed sequentially; use independent-resample intervals
56,funnel,1,bucketed,history,64,512,4,6,1.0736790001392365,1.0033456981182098,repeat indices align samples but methods were timed sequentially; use independent-resample intervals
56,funnel,1,bucketed,history,64,512,4,7,1.2013517916202545,1.0528092682361603,repeat indices align samples but methods were timed sequentially; use independent-resample intervals
56,funnel,1,bucketed,history,64,512,4,8,1.2128402143716812,1.0604658797383308,repeat indices align samples but methods were timed sequentially; use independent-resample intervals
56,funnel,1,bucketed,history,64,512,4,9,1.5194853395223618,1.0541357770562172,repeat indices align samples but methods were timed sequentially; use independent-resample intervals
56,funnel,1,bucketed,history,64,512,4,10,1.3185993880033493,1.0726801455020905,repeat indices align samples but methods were timed sequentially; use independent-resample intervals
56,funnel,1,bucketed,history,64,512,4,11,1.3896697536110878,1.0109939947724342,repeat indices align samples but methods were timed sequentially; use independent-resample intervals
56,funnel,1,bucketed,history,64,512,4,12,1.411229521036148,1.0481564477086067,repeat indices align samples but methods were timed sequentially; use independent-resample intervals
56,funnel,1,bucketed,history,64,512,4,13,1.490066982805729,1.0389572829008102,repeat indices align samples but methods were timed sequentially; use independent-resample intervals
56,funnel,1,bucketed,history,64,512,4,14,1.4152776300907135,1.0832456648349762,repeat indices align samples but methods were timed sequentially; use independent-resample intervals
56,funnel,1,bucketed,history,64,512,4,15,1.3109298348426819,0.9807320833206177,repeat indices align samples but methods were timed sequentially; use independent-resample intervals
56,funnel,1,bucketed,history,64,512,4,16,1.3133827447891235,1.0616203770041466,repeat indices align samples but methods were timed sequentially; use independent-resample intervals
56,funnel,1,bucketed,history,64,512,4,17,1.2694585546851158,1.0937199592590332,repeat indices align samples but methods were timed sequentially; use independent-resample intervals
56,funnel,1,bucketed,history,64,512,4,18,1.2622596248984337,1.0070259124040604,repeat indices align samples but methods were timed sequentially; use independent-resample intervals
56,funnel,1,bucketed,history,64,512,4,19,1.199948102235794,1.0208963975310326,repeat indices align samples but methods were timed sequentially; use independent-resample intervals
56,funnel,1,bucketed,history,64,512,4,20,1.339689940214157,0.9931008070707321,repeat indices align samples but methods were timed sequentially; use independent-resample intervals
56,funnel,1,bucketed,history,64,512,4,21,1.168955720961094,1.0774497538805008,repeat indices align samples but methods were timed sequentially; use independent-resample intervals
56,funnel,1,bucketed,history,64,512,4,22,1.1171375140547752,1.1046834513545036,repeat indices align samples but methods were timed sequentially; use independent-resample intervals
56,funnel,1,bucketed,history,64,512,4,23,1.2422842159867287,1.0537251010537148,repeat indices align samples but methods were timed sequentially; use independent-resample intervals
56,funnel,1,bucketed,history,64,512,4,24,1.1424164026975632,1.000805489718914,repeat indices align samples but methods were timed sequentially; use independent-resample intervals
56,funnel,1,bucketed,history,64,512,4,25,1.1825968772172928,1.1458946838974953,repeat indices align samples but methods were timed sequentially; use independent-resample intervals
56,funnel,1,bucketed,history,64,512,4,26,1.3215116113424301,1.0432432889938354,repeat indices align samples but methods were timed sequentially; use independent-resample intervals
56,funnel,1,bucketed,history,64,512,4,27,1.201159916818142,1.0126115307211876,repeat indices align samples but methods were timed sequentially; use independent-resample intervals
56,funnel,1,bucketed,history,64,512,4,28,1.1226903796195984,1.0392751544713974,repeat indices align samples but methods were timed sequentially; use independent-resample intervals
56,funnel,1,bucketed,history,64,512,4,29,1.1423374190926552,1.0061352849006653,repeat indices align samples but methods were timed sequentially; use independent-resample intervals
57,funnel,1,bucketed,history,128,512,4,0,1.0324938297271729,1.0186376050114632,repeat indices align samples but methods were timed sequentially; use independent-resample intervals
57,funnel,1,bucketed,history,128,512,4,1,1.0771180614829063,1.1391860097646713,repeat indices align samples but methods were timed sequentially; use independent-resample intervals
57,funnel,1,bucketed,history,128,512,4,2,1.2645371854305267,1.068715713918209,repeat indices align samples but methods were timed sequentially; use independent-resample intervals
57,funnel,1,bucketed,history,128,512,4,3,1.0470646545290947,1.002852313220501,repeat indices align samples but methods were timed sequentially; use independent-resample intervals
57,funnel,1,bucketed,history,128,512,4,4,1.2232540100812912,1.0035017430782318,repeat indices align samples but methods were timed sequentially; use independent-resample intervals
57,funnel,1,bucketed,history,128,512,4,5,1.142713040113449,0.9763002991676331,repeat indices align samples but methods were timed sequentially; use independent-resample intervals
57,funnel,1,bucketed,history,128,512,4,6,1.1679735630750656,1.0033456981182098,repeat indices align samples but methods were timed sequentially; use independent-resample intervals
57,funnel,1,bucketed,history,128,512,4,7,1.185219183564186,1.0528092682361603,repeat indices align samples but methods were timed sequentially; use independent-resample intervals
57,funnel,1,bucketed,history,128,512,4,8,1.142622470855713,1.0604658797383308,repeat indices align samples but methods were timed sequentially; use independent-resample intervals
57,funnel,1,bucketed,history,128,512,4,9,1.1262270659208298,1.0541357770562172,repeat indices align samples but methods were timed sequentially; use independent-resample intervals
57,funnel,1,bucketed,history,128,512,4,10,1.1712126731872559,1.0726801455020905,repeat indices align samples but methods were timed sequentially; use independent-resample intervals
57,funnel,1,bucketed,history,128,512,4,11,1.2181566879153252,1.0109939947724342,repeat indices align samples but methods were timed sequentially; use independent-resample intervals
57,funnel,1,bucketed,history,128,512,4,12,1.074462927877903,1.0481564477086067,repeat indices align samples but methods were timed sequentially; use independent-resample intervals
57,funnel,1,bucketed,history,128,512,4,13,1.0902970358729362,1.0389572829008102,repeat indices align samples but methods were timed sequentially; use independent-resample intervals
57,funnel,1,bucketed,history,128,512,4,14,1.1392103731632233,1.0832456648349762,repeat indices align samples but methods were timed sequentially; use independent-resample intervals
57,funnel,1,bucketed,history,128,512,4,15,1.1276138797402382,0.9807320833206177,repeat indices align samples but methods were timed sequentially; use independent-resample intervals
57,funnel,1,bucketed,history,128,512,4,16,1.168666884303093,1.0616203770041466,repeat indices align samples but methods were timed sequentially; use independent-resample intervals
57,funnel,1,bucketed,history,128,512,4,17,1.1765706837177277,1.0937199592590332,repeat indices align samples but methods were timed sequentially; use independent-resample intervals
57,funnel,1,bucketed,history,128,512,4,18,1.1709872111678123,1.0070259124040604,repeat indices align samples but methods were timed sequentially; use independent-resample intervals
57,funnel,1,bucketed,history,128,512,4,19,1.0725415647029877,1.0208963975310326,repeat indices align samples but methods were timed sequentially; use independent-resample intervals
57,funnel,1,bucketed,history,128,512,4,20,1.0394152998924255,0.9931008070707321,repeat indices align samples but methods were timed sequentially; use independent-resample intervals
57,funnel,1,bucketed,history,128,512,4,21,1.0406905114650726,1.0774497538805008,repeat indices align samples but methods were timed sequentially; use independent-resample intervals
57,funnel,1,bucketed,history,128,512,4,22,1.1064046174287796,1.1046834513545036,repeat indices align samples but methods were timed sequentially; use independent-resample intervals
57,funnel,1,bucketed,history,128,512,4,23,1.1559703946113586,1.0537251010537148,repeat indices align samples but methods were timed sequentially; use independent-resample intervals
57,funnel,1,bucketed,history,128,512,4,24,1.1565644219517708,1.000805489718914,repeat indices align samples but methods were timed sequentially; use independent-resample intervals
57,funnel,1,bucketed,history,128,512,4,25,1.2257030680775642,1.1458946838974953,repeat indices align samples but methods were timed sequentially; use independent-resample intervals
57,funnel,1,bucketed,history,128,512,4,26,1.0859515368938446,1.0432432889938354,repeat indices align samples but methods were timed sequentially; use independent-resample intervals
57,funnel,1,bucketed,history,128,512,4,27,1.1659539714455605,1.0126115307211876,repeat indices align samples but methods were timed sequentially; use independent-resample intervals
57,funnel,1,bucketed,history,128,512,4,28,1.1480858400464058,1.0392751544713974,repeat indices align samples but methods were timed sequentially; use independent-resample intervals
57,funnel,1,bucketed,history,128,512,4,29,1.022813618183136,1.0061352849006653,repeat indices align samples but methods were timed sequentially; use independent-resample intervals
58,funnel,1,bucketed,last_depth,64,512,4,0,1.2523672580718994,1.0186376050114632,repeat indices align samples but methods were timed sequentially; use independent-resample intervals
58,funnel,1,bucketed,last_depth,64,512,4,1,1.577461652457714,1.1391860097646713,repeat indices align samples but methods were timed sequentially; use independent-resample intervals
58,funnel,1,bucketed,last_depth,64,512,4,2,1.4942709654569626,1.068715713918209,repeat indices align samples but methods were timed sequentially; use independent-resample intervals
58,funnel,1,bucketed,last_depth,64,512,4,3,1.2924325689673424,1.002852313220501,repeat indices align samples but methods were timed sequentially; use independent-resample intervals
58,funnel,1,bucketed,last_depth,64,512,4,4,1.3818127512931824,1.0035017430782318,repeat indices align samples but methods were timed sequentially; use independent-resample intervals
58,funnel,1,bucketed,last_depth,64,512,4,5,1.340681828558445,0.9763002991676331,repeat indices align samples but methods were timed sequentially; use independent-resample intervals
58,funnel,1,bucketed,last_depth,64,512,4,6,1.4012897834181786,1.0033456981182098,repeat indices align samples but methods were timed sequentially; use independent-resample intervals
58,funnel,1,bucketed,last_depth,64,512,4,7,1.2875907868146896,1.0528092682361603,repeat indices align samples but methods were timed sequentially; use independent-resample intervals
58,funnel,1,bucketed,last_depth,64,512,4,8,1.4379135593771935,1.0604658797383308,repeat indices align samples but methods were timed sequentially; use independent-resample intervals
58,funnel,1,bucketed,last_depth,64,512,4,9,1.3259690031409264,1.0541357770562172,repeat indices align samples but methods were timed sequentially; use independent-resample intervals
58,funnel,1,bucketed,last_depth,64,512,4,10,1.2897775247693062,1.0726801455020905,repeat indices align samples but methods were timed sequentially; use independent-resample intervals
58,funnel,1,bucketed,last_depth,64,512,4,11,1.2693275660276413,1.0109939947724342,repeat indices align samples but methods were timed sequentially; use independent-resample intervals
58,funnel,1,bucketed,last_depth,64,512,4,12,1.302933856844902,1.0481564477086067,repeat indices align samples but methods were timed sequentially; use independent-resample intervals
58,funnel,1,bucketed,last_depth,64,512,4,13,1.2971532046794891,1.0389572829008102,repeat indices align samples but methods were timed sequentially; use independent-resample intervals
58,funnel,1,bucketed,last_depth,64,512,4,14,1.3936003595590591,1.0832456648349762,repeat indices align samples but methods were timed sequentially; use independent-resample intervals
58,funnel,1,bucketed,last_depth,64,512,4,15,1.2750597670674324,0.9807320833206177,repeat indices align samples but methods were timed sequentially; use independent-resample intervals
58,funnel,1,bucketed,last_depth,64,512,4,16,1.320147693157196,1.0616203770041466,repeat indices align samples but methods were timed sequentially; use independent-resample intervals
58,funnel,1,bucketed,last_depth,64,512,4,17,1.2474306300282478,1.0937199592590332,repeat indices align samples but methods were timed sequentially; use independent-resample intervals
58,funnel,1,bucketed,last_depth,64,512,4,18,1.2357062324881554,1.0070259124040604,repeat indices align samples but methods were timed sequentially; use independent-resample intervals
58,funnel,1,bucketed,last_depth,64,512,4,19,1.3485273271799088,1.0208963975310326,repeat indices align samples but methods were timed sequentially; use independent-resample intervals
58,funnel,1,bucketed,last_depth,64,512,4,20,1.3586081266403198,0.9931008070707321,repeat indices align samples but methods were timed sequentially; use independent-resample intervals
58,funnel,1,bucketed,last_depth,64,512,4,21,1.2134964764118195,1.0774497538805008,repeat indices align samples but methods were timed sequentially; use independent-resample intervals
58,funnel,1,bucketed,last_depth,64,512,4,22,1.2413525804877281,1.1046834513545036,repeat indices align samples but methods were timed sequentially; use independent-resample intervals
58,funnel,1,bucketed,last_depth,64,512,4,23,1.436408393085003,1.0537251010537148,repeat indices align samples but methods were timed sequentially; use independent-resample intervals
58,funnel,1,bucketed,last_depth,64,512,4,24,1.4388912916183472,1.000805489718914,repeat indices align samples but methods were timed sequentially; use independent-resample intervals
58,funnel,1,bucketed,last_depth,64,512,4,25,1.455914705991745,1.1458946838974953,repeat indices align samples but methods were timed sequentially; use independent-resample intervals
58,funnel,1,bucketed,last_depth,64,512,4,26,1.249437965452671,1.0432432889938354,repeat indices align samples but methods were timed sequentially; use independent-resample intervals
58,funnel,1,bucketed,last_depth,64,512,4,27,1.2046607360243797,1.0126115307211876,repeat indices align samples but methods were timed sequentially; use independent-resample intervals
58,funnel,1,bucketed,last_depth,64,512,4,28,1.3427407518029213,1.0392751544713974,repeat indices align samples but methods were timed sequentially; use independent-resample intervals
58,funnel,1,bucketed,last_depth,64,512,4,29,1.1808594018220901,1.0061352849006653,repeat indices align samples but methods were timed sequentially; use independent-resample intervals
59,funnel,1,bucketed,last_depth,128,512,4,0,1.2815441638231277,1.0186376050114632,repeat indices align samples but methods were timed sequentially; use independent-resample intervals
59,funnel,1,bucketed,last_depth,128,512,4,1,1.2818363010883331,1.1391860097646713,repeat indices align samples but methods were timed sequentially; use independent-resample intervals
59,funnel,1,bucketed,last_depth,128,512,4,2,1.2057818919420242,1.068715713918209,repeat indices align samples but methods were timed sequentially; use independent-resample intervals
59,funnel,1,bucketed,last_depth,128,512,4,3,1.3106116354465485,1.002852313220501,repeat indices align samples but methods were timed sequentially; use independent-resample intervals
59,funnel,1,bucketed,last_depth,128,512,4,4,1.2784465849399567,1.0035017430782318,repeat indices align samples but methods were timed sequentially; use independent-resample intervals
59,funnel,1,bucketed,last_depth,128,512,4,5,1.3164647668600082,0.9763002991676331,repeat indices align samples but methods were timed sequentially; use independent-resample intervals
59,funnel,1,bucketed,last_depth,128,512,4,6,1.356570802628994,1.0033456981182098,repeat indices align samples but methods were timed sequentially; use independent-resample intervals
59,funnel,1,bucketed,last_depth,128,512,4,7,1.381813757121563,1.0528092682361603,repeat indices align samples but methods were timed sequentially; use independent-resample intervals
59,funnel,1,bucketed,last_depth,128,512,4,8,1.3245981633663177,1.0604658797383308,repeat indices align samples but methods were timed sequentially; use independent-resample intervals
59,funnel,1,bucketed,last_depth,128,512,4,9,1.333260901272297,1.0541357770562172,repeat indices align samples but methods were timed sequentially; use independent-resample intervals
59,funnel,1,bucketed,last_depth,128,512,4,10,1.27513787150383,1.0726801455020905,repeat indices align samples but methods were timed sequentially; use independent-resample intervals
59,funnel,1,bucketed,last_depth,128,512,4,11,1.4710473716259003,1.0109939947724342,repeat indices align samples but methods were timed sequentially; use independent-resample intervals
59,funnel,1,bucketed,last_depth,128,512,4,12,1.3714337348937988,1.0481564477086067,repeat indices align samples but methods were timed sequentially; use independent-resample intervals
59,funnel,1,bucketed,last_depth,128,512,4,13,1.2488383129239082,1.0389572829008102,repeat indices align samples but methods were timed sequentially; use independent-resample intervals
59,funnel,1,bucketed,last_depth,128,512,4,14,1.2950153350830078,1.0832456648349762,repeat indices align samples but methods were timed sequentially; use independent-resample intervals
59,funnel,1,bucketed,last_depth,128,512,4,15,1.185688354074955,0.9807320833206177,repeat indices align samples but methods were timed sequentially; use independent-resample intervals
59,funnel,1,bucketed,last_depth,128,512,4,16,1.322782725095749,1.0616203770041466,repeat indices align samples but methods were timed sequentially; use independent-resample intervals
59,funnel,1,bucketed,last_depth,128,512,4,17,1.2156531438231468,1.0937199592590332,repeat indices align samples but methods were timed sequentially; use independent-resample intervals
59,funnel,1,bucketed,last_depth,128,512,4,18,1.199107639491558,1.0070259124040604,repeat indices align samples but methods were timed sequentially; use independent-resample intervals
59,funnel,1,bucketed,last_depth,128,512,4,19,1.254923790693283,1.0208963975310326,repeat indices align samples but methods were timed sequentially; use independent-resample intervals
59,funnel,1,bucketed,last_depth,128,512,4,20,1.2237444669008255,0.9931008070707321,repeat indices align samples but methods were timed sequentially; use independent-resample intervals
59,funnel,1,bucketed,last_depth,128,512,4,21,1.2555115148425102,1.0774497538805008,repeat indices align samples but methods were timed sequentially; use independent-resample intervals
59,funnel,1,bucketed,last_depth,128,512,4,22,1.1357049271464348,1.1046834513545036,repeat indices align samples but methods were timed sequentially; use independent-resample intervals
59,funnel,1,bucketed,last_depth,128,512,4,23,1.4014797657728195,1.0537251010537148,repeat indices align samples but methods were timed sequentially; use independent-resample intervals
59,funnel,1,bucketed,last_depth,128,512,4,24,1.0060066655278206,1.000805489718914,repeat indices align samples but methods were timed sequentially; use independent-resample intervals
59,funnel,1,bucketed,last_depth,128,512,4,25,1.1417392268776894,1.1458946838974953,repeat indices align samples but methods were timed sequentially; use independent-resample intervals
59,funnel,1,bucketed,last_depth,128,512,4,26,1.1130210757255554,1.0432432889938354,repeat indices align samples but methods were timed sequentially; use independent-resample intervals
59,funnel,1,bucketed,last_depth,128,512,4,27,1.2258649542927742,1.0126115307211876,repeat indices align samples but methods were timed sequentially; use independent-resample intervals
59,funnel,1,bucketed,last_depth,128,512,4,28,1.0918451249599457,1.0392751544713974,repeat indices align samples but methods were timed sequentially; use independent-resample intervals
59,funnel,1,bucketed,last_depth,128,512,4,29,1.0767968371510506,1.0061352849006653,repeat indices align samples but methods were timed sequentially; use independent-resample intervals
60,funnel,2,monolithic,monolithic,0,512,4,0,1.1235316693782806,1.1235316693782806,repeat indices align samples but methods were timed sequentially; use independent-resample intervals
60,funnel,2,monolithic,monolithic,0,512,4,1,1.1459326148033142,1.1459326148033142,repeat indices align samples but methods were timed sequentially; use independent-resample intervals
60,funnel,2,monolithic,monolithic,0,512,4,2,1.0427016466856003,1.0427016466856003,repeat indices align samples but methods were timed sequentially; use independent-resample intervals
60,funnel,2,monolithic,monolithic,0,512,4,3,1.1442097648978233,1.1442097648978233,repeat indices align samples but methods were timed sequentially; use independent-resample intervals
60,funnel,2,monolithic,monolithic,0,512,4,4,1.1306180581450462,1.1306180581450462,repeat indices align samples but methods were timed sequentially; use independent-resample intervals
60,funnel,2,monolithic,monolithic,0,512,4,5,1.046491950750351,1.046491950750351,repeat indices align samples but methods were timed sequentially; use independent-resample intervals
60,funnel,2,monolithic,monolithic,0,512,4,6,1.0320599153637886,1.0320599153637886,repeat indices align samples but methods were timed sequentially; use independent-resample intervals
60,funnel,2,monolithic,monolithic,0,512,4,7,1.0669218227267265,1.0669218227267265,repeat indices align samples but methods were timed sequentially; use independent-resample intervals
60,funnel,2,monolithic,monolithic,0,512,4,8,1.0538105368614197,1.0538105368614197,repeat indices align samples but methods were timed sequentially; use independent-resample intervals
60,funnel,2,monolithic,monolithic,0,512,4,9,1.0863953605294228,1.0863953605294228,repeat indices align samples but methods were timed sequentially; use independent-resample intervals
60,funnel,2,monolithic,monolithic,0,512,4,10,1.0317621678113937,1.0317621678113937,repeat indices align samples but methods were timed sequentially; use independent-resample intervals
60,funnel,2,monolithic,monolithic,0,512,4,11,1.0082028061151505,1.0082028061151505,repeat indices align samples but methods were timed sequentially; use independent-resample intervals
60,funnel,2,monolithic,monolithic,0,512,4,12,1.0501426979899406,1.0501426979899406,repeat indices align samples but methods were timed sequentially; use independent-resample intervals
60,funnel,2,monolithic,monolithic,0,512,4,13,1.0744816809892654,1.0744816809892654,repeat indices align samples but methods were timed sequentially; use independent-resample intervals
60,funnel,2,monolithic,monolithic,0,512,4,14,1.0244399458169937,1.0244399458169937,repeat indices align samples but methods were timed sequentially; use independent-resample intervals
60,funnel,2,monolithic,monolithic,0,512,4,15,1.1770072728395462,1.1770072728395462,repeat indices align samples but methods were timed sequentially; use independent-resample intervals
60,funnel,2,monolithic,monolithic,0,512,4,16,1.007170133292675,1.007170133292675,repeat indices align samples but methods were timed sequentially; use independent-resample intervals
60,funnel,2,monolithic,monolithic,0,512,4,17,1.0449818819761276,1.0449818819761276,repeat indices align samples but methods were timed sequentially; use independent-resample intervals
60,funnel,2,monolithic,monolithic,0,512,4,18,1.145139217376709,1.145139217376709,repeat indices align samples but methods were timed sequentially; use independent-resample intervals
60,funnel,2,monolithic,monolithic,0,512,4,19,1.010393962264061,1.010393962264061,repeat indices align samples but methods were timed sequentially; use independent-resample intervals
60,funnel,2,monolithic,monolithic,0,512,4,20,1.032091774046421,1.032091774046421,repeat indices align samples but methods were timed sequentially; use independent-resample intervals
60,funnel,2,monolithic,monolithic,0,512,4,21,1.0177352577447891,1.0177352577447891,repeat indices align samples but methods were timed sequentially; use independent-resample intervals
60,funnel,2,monolithic,monolithic,0,512,4,22,1.0412469804286957,1.0412469804286957,repeat indices align samples but methods were timed sequentially; use independent-resample intervals
60,funnel,2,monolithic,monolithic,0,512,4,23,1.0013816878199577,1.0013816878199577,repeat indices align samples but methods were timed sequentially; use independent-resample intervals
60,funnel,2,monolithic,monolithic,0,512,4,24,1.0546143427491188,1.0546143427491188,repeat indices align samples but methods were timed sequentially; use independent-resample intervals
60,funnel,2,monolithic,monolithic,0,512,4,25,1.0854168236255646,1.0854168236255646,repeat indices align samples but methods were timed sequentially; use independent-resample intervals
60,funnel,2,monolithic,monolithic,0,512,4,26,1.0087674483656883,1.0087674483656883,repeat indices align samples but methods were timed sequentially; use independent-resample intervals
60,funnel,2,monolithic,monolithic,0,512,4,27,1.037661388516426,1.037661388516426,repeat indices align samples but methods were timed sequentially; use independent-resample intervals
60,funnel,2,monolithic,monolithic,0,512,4,28,1.0585961192846298,1.0585961192846298,repeat indices align samples but methods were timed sequentially; use independent-resample intervals
60,funnel,2,monolithic,monolithic,0,512,4,29,1.0346185714006424,1.0346185714006424,repeat indices align samples but methods were timed sequentially; use independent-resample intervals
61,funnel,2,bucketed,history,64,512,4,0,1.0824453830718994,1.1235316693782806,repeat indices align samples but methods were timed sequentially; use independent-resample intervals
61,funnel,2,bucketed,history,64,512,4,1,1.146165519952774,1.1459326148033142,repeat indices align samples but methods were timed sequentially; use independent-resample intervals
61,funnel,2,bucketed,history,64,512,4,2,1.0079996958374977,1.0427016466856003,repeat indices align samples but methods were timed sequentially; use independent-resample intervals
61,funnel,2,bucketed,history,64,512,4,3,1.222417302429676,1.1442097648978233,repeat indices align samples but methods were timed sequentially; use independent-resample intervals
61,funnel,2,bucketed,history,64,512,4,4,1.1665204763412476,1.1306180581450462,repeat indices align samples but methods were timed sequentially; use independent-resample intervals
61,funnel,2,bucketed,history,64,512,4,5,1.0645472630858421,1.046491950750351,repeat indices align samples but methods were timed sequentially; use independent-resample intervals
61,funnel,2,bucketed,history,64,512,4,6,1.0010728016495705,1.0320599153637886,repeat indices align samples but methods were timed sequentially; use independent-resample intervals
61,funnel,2,bucketed,history,64,512,4,7,1.133701078593731,1.0669218227267265,repeat indices align samples but methods were timed sequentially; use independent-resample intervals
61,funnel,2,bucketed,history,64,512,4,8,1.2198136672377586,1.0538105368614197,repeat indices align samples but methods were timed sequentially; use independent-resample intervals
61,funnel,2,bucketed,history,64,512,4,9,1.174881599843502,1.0863953605294228,repeat indices align samples but methods were timed sequentially; use independent-resample intervals
61,funnel,2,bucketed,history,64,512,4,10,0.9624480754137039,1.0317621678113937,repeat indices align samples but methods were timed sequentially; use independent-resample intervals
61,funnel,2,bucketed,history,64,512,4,11,1.3427990153431892,1.0082028061151505,repeat indices align samples but methods were timed sequentially; use independent-resample intervals
61,funnel,2,bucketed,history,64,512,4,12,1.3772543668746948,1.0501426979899406,repeat indices align samples but methods were timed sequentially; use independent-resample intervals
61,funnel,2,bucketed,history,64,512,4,13,1.357735589146614,1.0744816809892654,repeat indices align samples but methods were timed sequentially; use independent-resample intervals
61,funnel,2,bucketed,history,64,512,4,14,1.5104390531778336,1.0244399458169937,repeat indices align samples but methods were timed sequentially; use independent-resample intervals
61,funnel,2,bucketed,history,64,512,4,15,1.3726531490683556,1.1770072728395462,repeat indices align samples but methods were timed sequentially; use independent-resample intervals
61,funnel,2,bucketed,history,64,512,4,16,1.4783166199922562,1.007170133292675,repeat indices align samples but methods were timed sequentially; use independent-resample intervals
61,funnel,2,bucketed,history,64,512,4,17,1.3221579119563103,1.0449818819761276,repeat indices align samples but methods were timed sequentially; use independent-resample intervals
61,funnel,2,bucketed,history,64,512,4,18,1.3869338780641556,1.145139217376709,repeat indices align samples but methods were timed sequentially; use independent-resample intervals
61,funnel,2,bucketed,history,64,512,4,19,1.2480838298797607,1.010393962264061,repeat indices align samples but methods were timed sequentially; use independent-resample intervals
61,funnel,2,bucketed,history,64,512,4,20,1.3999033644795418,1.032091774046421,repeat indices align samples but methods were timed sequentially; use independent-resample intervals
61,funnel,2,bucketed,history,64,512,4,21,1.122297078371048,1.0177352577447891,repeat indices align samples but methods were timed sequentially; use independent-resample intervals
61,funnel,2,bucketed,history,64,512,4,22,1.2066016420722008,1.0412469804286957,repeat indices align samples but methods were timed sequentially; use independent-resample intervals
61,funnel,2,bucketed,history,64,512,4,23,1.4417778924107552,1.0013816878199577,repeat indices align samples but methods were timed sequentially; use independent-resample intervals
61,funnel,2,bucketed,history,64,512,4,24,1.2974647134542465,1.0546143427491188,repeat indices align samples but methods were timed sequentially; use independent-resample intervals
61,funnel,2,bucketed,history,64,512,4,25,1.4160711392760277,1.0854168236255646,repeat indices align samples but methods were timed sequentially; use independent-resample intervals
61,funnel,2,bucketed,history,64,512,4,26,1.3542824164032936,1.0087674483656883,repeat indices align samples but methods were timed sequentially; use independent-resample intervals
61,funnel,2,bucketed,history,64,512,4,27,1.2286169975996017,1.037661388516426,repeat indices align samples but methods were timed sequentially; use independent-resample intervals
61,funnel,2,bucketed,history,64,512,4,28,1.2474016919732094,1.0585961192846298,repeat indices align samples but methods were timed sequentially; use independent-resample intervals
61,funnel,2,bucketed,history,64,512,4,29,1.3414554744958878,1.0346185714006424,repeat indices align samples but methods were timed sequentially; use independent-resample intervals
62,funnel,2,bucketed,history,128,512,4,0,1.2417817041277885,1.1235316693782806,repeat indices align samples but methods were timed sequentially; use independent-resample intervals
62,funnel,2,bucketed,history,128,512,4,1,1.1339176669716835,1.1459326148033142,repeat indices align samples but methods were timed sequentially; use independent-resample intervals
62,funnel,2,bucketed,history,128,512,4,2,1.3167685642838478,1.0427016466856003,repeat indices align samples but methods were timed sequentially; use independent-resample intervals
62,funnel,2,bucketed,history,128,512,4,3,1.2121931463479996,1.1442097648978233,repeat indices align samples but methods were timed sequentially; use independent-resample intervals
62,funnel,2,bucketed,history,128,512,4,4,1.2261588349938393,1.1306180581450462,repeat indices align samples but methods were timed sequentially; use independent-resample intervals
62,funnel,2,bucketed,history,128,512,4,5,1.2671090140938759,1.046491950750351,repeat indices align samples but methods were timed sequentially; use independent-resample intervals
62,funnel,2,bucketed,history,128,512,4,6,1.2771077528595924,1.0320599153637886,repeat indices align samples but methods were timed sequentially; use independent-resample intervals
62,funnel,2,bucketed,history,128,512,4,7,1.2423970252275467,1.0669218227267265,repeat indices align samples but methods were timed sequentially; use independent-resample intervals
62,funnel,2,bucketed,history,128,512,4,8,1.1944481134414673,1.0538105368614197,repeat indices align samples but methods were timed sequentially; use independent-resample intervals
62,funnel,2,bucketed,history,128,512,4,9,1.1519263982772827,1.0863953605294228,repeat indices align samples but methods were timed sequentially; use independent-resample intervals
62,funnel,2,bucketed,history,128,512,4,10,1.0960630550980568,1.0317621678113937,repeat indices align samples but methods were timed sequentially; use independent-resample intervals
62,funnel,2,bucketed,history,128,512,4,11,1.2249993160367012,1.0082028061151505,repeat indices align samples but methods were timed sequentially; use independent-resample intervals
62,funnel,2,bucketed,history,128,512,4,12,1.1298381835222244,1.0501426979899406,repeat indices align samples but methods were timed sequentially; use independent-resample intervals
62,funnel,2,bucketed,history,128,512,4,13,1.2397346273064613,1.0744816809892654,repeat indices align samples but methods were timed sequentially; use independent-resample intervals
62,funnel,2,bucketed,history,128,512,4,14,1.12883909791708,1.0244399458169937,repeat indices align samples but methods were timed sequentially; use independent-resample intervals
62,funnel,2,bucketed,history,128,512,4,15,1.1819399520754814,1.1770072728395462,repeat indices align samples but methods were timed sequentially; use independent-resample intervals
62,funnel,2,bucketed,history,128,512,4,16,1.2965139150619507,1.007170133292675,repeat indices align samples but methods were timed sequentially; use independent-resample intervals
62,funnel,2,bucketed,history,128,512,4,17,1.2604236155748367,1.0449818819761276,repeat indices align samples but methods were timed sequentially; use independent-resample intervals
62,funnel,2,bucketed,history,128,512,4,18,1.2466101869940758,1.145139217376709,repeat indices align samples but methods were timed sequentially; use independent-resample intervals
62,funnel,2,bucketed,history,128,512,4,19,1.2559553235769272,1.010393962264061,repeat indices align samples but methods were timed sequentially; use independent-resample intervals
62,funnel,2,bucketed,history,128,512,4,20,1.2811239808797836,1.032091774046421,repeat indices align samples but methods were timed sequentially; use independent-resample intervals
62,funnel,2,bucketed,history,128,512,4,21,1.2793667912483215,1.0177352577447891,repeat indices align samples but methods were timed sequentially; use independent-resample intervals
62,funnel,2,bucketed,history,128,512,4,22,1.2360076680779457,1.0412469804286957,repeat indices align samples but methods were timed sequentially; use independent-resample intervals
62,funnel,2,bucketed,history,128,512,4,23,1.1627521440386772,1.0013816878199577,repeat indices align samples but methods were timed sequentially; use independent-resample intervals
62,funnel,2,bucketed,history,128,512,4,24,1.2586029097437859,1.0546143427491188,repeat indices align samples but methods were timed sequentially; use independent-resample intervals
62,funnel,2,bucketed,history,128,512,4,25,1.3582333028316498,1.0854168236255646,repeat indices align samples but methods were timed sequentially; use independent-resample intervals
62,funnel,2,bucketed,history,128,512,4,26,1.2743001580238342,1.0087674483656883,repeat indices align samples but methods were timed sequentially; use independent-resample intervals
62,funnel,2,bucketed,history,128,512,4,27,1.2821565717458725,1.037661388516426,repeat indices align samples but methods were timed sequentially; use independent-resample intervals
62,funnel,2,bucketed,history,128,512,4,28,1.2862737327814102,1.0585961192846298,repeat indices align samples but methods were timed sequentially; use independent-resample intervals
62,funnel,2,bucketed,history,128,512,4,29,1.1529535204172134,1.0346185714006424,repeat indices align samples but methods were timed sequentially; use independent-resample intervals
63,funnel,2,bucketed,last_depth,64,512,4,0,1.3641240075230598,1.1235316693782806,repeat indices align samples but methods were timed sequentially; use independent-resample intervals
63,funnel,2,bucketed,last_depth,64,512,4,1,1.2197542786598206,1.1459326148033142,repeat indices align samples but methods were timed sequentially; use independent-resample intervals
63,funnel,2,bucketed,last_depth,64,512,4,2,1.2835025042295456,1.0427016466856003,repeat indices align samples but methods were timed sequentially; use independent-resample intervals
63,funnel,2,bucketed,last_depth,64,512,4,3,1.193594828248024,1.1442097648978233,repeat indices align samples but methods were timed sequentially; use independent-resample intervals
63,funnel,2,bucketed,last_depth,64,512,4,4,1.152309037744999,1.1306180581450462,repeat indices align samples but methods were timed sequentially; use independent-resample intervals
63,funnel,2,bucketed,last_depth,64,512,4,5,1.3255603909492493,1.046491950750351,repeat indices align samples but methods were timed sequentially; use independent-resample intervals
63,funnel,2,bucketed,last_depth,64,512,4,6,1.3101159185171127,1.0320599153637886,repeat indices align samples but methods were timed sequentially; use independent-resample intervals
63,funnel,2,bucketed,last_depth,64,512,4,7,1.3593812584877014,1.0669218227267265,repeat indices align samples but methods were timed sequentially; use independent-resample intervals
63,funnel,2,bucketed,last_depth,64,512,4,8,1.2644379809498787,1.0538105368614197,repeat indices align samples but methods were timed sequentially; use independent-resample intervals
63,funnel,2,bucketed,last_depth,64,512,4,9,1.2841361165046692,1.0863953605294228,repeat indices align samples but methods were timed sequentially; use independent-resample intervals
63,funnel,2,bucketed,last_depth,64,512,4,10,1.3288848176598549,1.0317621678113937,repeat indices align samples but methods were timed sequentially; use independent-resample intervals
63,funnel,2,bucketed,last_depth,64,512,4,11,1.315975472331047,1.0082028061151505,repeat indices align samples but methods were timed sequentially; use independent-resample intervals
63,funnel,2,bucketed,last_depth,64,512,4,12,1.3249317407608032,1.0501426979899406,repeat indices align samples but methods were timed sequentially; use independent-resample intervals
63,funnel,2,bucketed,last_depth,64,512,4,13,1.3109381645917892,1.0744816809892654,repeat indices align samples but methods were timed sequentially; use independent-resample intervals
63,funnel,2,bucketed,last_depth,64,512,4,14,1.3100885525345802,1.0244399458169937,repeat indices align samples but methods were timed sequentially; use independent-resample intervals
63,funnel,2,bucketed,last_depth,64,512,4,15,1.2604003325104713,1.1770072728395462,repeat indices align samples but methods were timed sequentially; use independent-resample intervals
63,funnel,2,bucketed,last_depth,64,512,4,16,1.238345667719841,1.007170133292675,repeat indices align samples but methods were timed sequentially; use independent-resample intervals
63,funnel,2,bucketed,last_depth,64,512,4,17,1.387708880007267,1.0449818819761276,repeat indices align samples but methods were timed sequentially; use independent-resample intervals
63,funnel,2,bucketed,last_depth,64,512,4,18,1.241891324520111,1.145139217376709,repeat indices align samples but methods were timed sequentially; use independent-resample intervals
63,funnel,2,bucketed,last_depth,64,512,4,19,1.285548321902752,1.010393962264061,repeat indices align samples but methods were timed sequentially; use independent-resample intervals
63,funnel,2,bucketed,last_depth,64,512,4,20,1.2330380231142044,1.032091774046421,repeat indices align samples but methods were timed sequentially; use independent-resample intervals
63,funnel,2,bucketed,last_depth,64,512,4,21,1.2443156242370605,1.0177352577447891,repeat indices align samples but methods were timed sequentially; use independent-resample intervals
63,funnel,2,bucketed,last_depth,64,512,4,22,1.215720035135746,1.0412469804286957,repeat indices align samples but methods were timed sequentially; use independent-resample intervals
63,funnel,2,bucketed,last_depth,64,512,4,23,1.2681327313184738,1.0013816878199577,repeat indices align samples but methods were timed sequentially; use independent-resample intervals
63,funnel,2,bucketed,last_depth,64,512,4,24,1.2073613405227661,1.0546143427491188,repeat indices align samples but methods were timed sequentially; use independent-resample intervals
63,funnel,2,bucketed,last_depth,64,512,4,25,1.2958888933062553,1.0854168236255646,repeat indices align samples but methods were timed sequentially; use independent-resample intervals
63,funnel,2,bucketed,last_depth,64,512,4,26,1.3994406536221504,1.0087674483656883,repeat indices align samples but methods were timed sequentially; use independent-resample intervals
63,funnel,2,bucketed,last_depth,64,512,4,27,1.3661034926772118,1.037661388516426,repeat indices align samples but methods were timed sequentially; use independent-resample intervals
63,funnel,2,bucketed,last_depth,64,512,4,28,1.2734908536076546,1.0585961192846298,repeat indices align samples but methods were timed sequentially; use independent-resample intervals
63,funnel,2,bucketed,last_depth,64,512,4,29,1.261689305305481,1.0346185714006424,repeat indices align samples but methods were timed sequentially; use independent-resample intervals
64,funnel,2,bucketed,last_depth,128,512,4,0,1.1948422715067863,1.1235316693782806,repeat indices align samples but methods were timed sequentially; use independent-resample intervals
64,funnel,2,bucketed,last_depth,128,512,4,1,1.3331435918807983,1.1459326148033142,repeat indices align samples but methods were timed sequentially; use independent-resample intervals
64,funnel,2,bucketed,last_depth,128,512,4,2,1.1863103285431862,1.0427016466856003,repeat indices align samples but methods were timed sequentially; use independent-resample intervals
64,funnel,2,bucketed,last_depth,128,512,4,3,1.275773525238037,1.1442097648978233,repeat indices align samples but methods were timed sequentially; use independent-resample intervals
64,funnel,2,bucketed,last_depth,128,512,4,4,1.2205386012792587,1.1306180581450462,repeat indices align samples but methods were timed sequentially; use independent-resample intervals
64,funnel,2,bucketed,last_depth,128,512,4,5,1.302878476679325,1.046491950750351,repeat indices align samples but methods were timed sequentially; use independent-resample intervals
64,funnel,2,bucketed,last_depth,128,512,4,6,1.2648267820477486,1.0320599153637886,repeat indices align samples but methods were timed sequentially; use independent-resample intervals
64,funnel,2,bucketed,last_depth,128,512,4,7,1.236837014555931,1.0669218227267265,repeat indices align samples but methods were timed sequentially; use independent-resample intervals
64,funnel,2,bucketed,last_depth,128,512,4,8,1.206324763596058,1.0538105368614197,repeat indices align samples but methods were timed sequentially; use independent-resample intervals
64,funnel,2,bucketed,last_depth,128,512,4,9,1.437455415725708,1.0863953605294228,repeat indices align samples but methods were timed sequentially; use independent-resample intervals
64,funnel,2,bucketed,last_depth,128,512,4,10,1.3447584062814713,1.0317621678113937,repeat indices align samples but methods were timed sequentially; use independent-resample intervals
64,funnel,2,bucketed,last_depth,128,512,4,11,1.2366416156291962,1.0082028061151505,repeat indices align samples but methods were timed sequentially; use independent-resample intervals
64,funnel,2,bucketed,last_depth,128,512,4,12,1.2880285754799843,1.0501426979899406,repeat indices align samples but methods were timed sequentially; use independent-resample intervals
64,funnel,2,bucketed,last_depth,128,512,4,13,1.137235812842846,1.0744816809892654,repeat indices align samples but methods were timed sequentially; use independent-resample intervals
64,funnel,2,bucketed,last_depth,128,512,4,14,1.1816299632191658,1.0244399458169937,repeat indices align samples but methods were timed sequentially; use independent-resample intervals
64,funnel,2,bucketed,last_depth,128,512,4,15,1.3049201145768166,1.1770072728395462,repeat indices align samples but methods were timed sequentially; use independent-resample intervals
64,funnel,2,bucketed,last_depth,128,512,4,16,1.3840829879045486,1.007170133292675,repeat indices align samples but methods were timed sequentially; use independent-resample intervals
64,funnel,2,bucketed,last_depth,128,512,4,17,1.3096936643123627,1.0449818819761276,repeat indices align samples but methods were timed sequentially; use independent-resample intervals
64,funnel,2,bucketed,last_depth,128,512,4,18,1.3403864949941635,1.145139217376709,repeat indices align samples but methods were timed sequentially; use independent-resample intervals
64,funnel,2,bucketed,last_depth,128,512,4,19,1.3432895690202713,1.010393962264061,repeat indices align samples but methods were timed sequentially; use independent-resample intervals
64,funnel,2,bucketed,last_depth,128,512,4,20,1.3503702133893967,1.032091774046421,repeat indices align samples but methods were timed sequentially; use independent-resample intervals
64,funnel,2,bucketed,last_depth,128,512,4,21,1.2722047343850136,1.0177352577447891,repeat indices align samples but methods were timed sequentially; use independent-resample intervals
64,funnel,2,bucketed,last_depth,128,512,4,22,1.2548082694411278,1.0412469804286957,repeat indices align samples but methods were timed sequentially; use independent-resample intervals
64,funnel,2,bucketed,last_depth,128,512,4,23,1.311429239809513,1.0013816878199577,repeat indices align samples but methods were timed sequentially; use independent-resample intervals
64,funnel,2,bucketed,last_depth,128,512,4,24,1.2161344587802887,1.0546143427491188,repeat indices align samples but methods were timed sequentially; use independent-resample intervals
64,funnel,2,bucketed,last_depth,128,512,4,25,1.2286650836467743,1.0854168236255646,repeat indices align samples but methods were timed sequentially; use independent-resample intervals
64,funnel,2,bucketed,last_depth,128,512,4,26,1.2710095718502998,1.0087674483656883,repeat indices align samples but methods were timed sequentially; use independent-resample intervals
64,funnel,2,bucketed,last_depth,128,512,4,27,1.207254707813263,1.037661388516426,repeat indices align samples but methods were timed sequentially; use independent-resample intervals
64,funnel,2,bucketed,last_depth,128,512,4,28,1.2815433144569397,1.0585961192846298,repeat indices align samples but methods were timed sequentially; use independent-resample intervals
64,funnel,2,bucketed,last_depth,128,512,4,29,1.2552156075835228,1.0346185714006424,repeat indices align samples but methods were timed sequentially; use independent-resample intervals
65,funnel,3,monolithic,monolithic,0,512,4,0,1.1876695230603218,1.1876695230603218,repeat indices align samples but methods were timed sequentially; use independent-resample intervals
65,funnel,3,monolithic,monolithic,0,512,4,1,1.3228831142187119,1.3228831142187119,repeat indices align samples but methods were timed sequentially; use independent-resample intervals
65,funnel,3,monolithic,monolithic,0,512,4,2,1.2892260998487473,1.2892260998487473,repeat indices align samples but methods were timed sequentially; use independent-resample intervals
65,funnel,3,monolithic,monolithic,0,512,4,3,1.2120092138648033,1.2120092138648033,repeat indices align samples but methods were timed sequentially; use independent-resample intervals
65,funnel,3,monolithic,monolithic,0,512,4,4,1.22047009319067,1.22047009319067,repeat indices align samples but methods were timed sequentially; use independent-resample intervals
65,funnel,3,monolithic,monolithic,0,512,4,5,1.2949518486857414,1.2949518486857414,repeat indices align samples but methods were timed sequentially; use independent-resample intervals
65,funnel,3,monolithic,monolithic,0,512,4,6,1.290944717824459,1.290944717824459,repeat indices align samples but methods were timed sequentially; use independent-resample intervals
65,funnel,3,monolithic,monolithic,0,512,4,7,1.185753509402275,1.185753509402275,repeat indices align samples but methods were timed sequentially; use independent-resample intervals
65,funnel,3,monolithic,monolithic,0,512,4,8,1.288053072988987,1.288053072988987,repeat indices align samples but methods were timed sequentially; use independent-resample intervals
65,funnel,3,monolithic,monolithic,0,512,4,9,1.3863743394613266,1.3863743394613266,repeat indices align samples but methods were timed sequentially; use independent-resample intervals
65,funnel,3,monolithic,monolithic,0,512,4,10,1.3687513172626495,1.3687513172626495,repeat indices align samples but methods were timed sequentially; use independent-resample intervals
65,funnel,3,monolithic,monolithic,0,512,4,11,1.2889933660626411,1.2889933660626411,repeat indices align samples but methods were timed sequentially; use independent-resample intervals
65,funnel,3,monolithic,monolithic,0,512,4,12,1.2436262667179108,1.2436262667179108,repeat indices align samples but methods were timed sequentially; use independent-resample intervals
65,funnel,3,monolithic,monolithic,0,512,4,13,1.2689781188964844,1.2689781188964844,repeat indices align samples but methods were timed sequentially; use independent-resample intervals
65,funnel,3,monolithic,monolithic,0,512,4,14,1.3471287935972214,1.3471287935972214,repeat indices align samples but methods were timed sequentially; use independent-resample intervals
65,funnel,3,monolithic,monolithic,0,512,4,15,1.2307742834091187,1.2307742834091187,repeat indices align samples but methods were timed sequentially; use independent-resample intervals
65,funnel,3,monolithic,monolithic,0,512,4,16,1.312443032860756,1.312443032860756,repeat indices align samples but methods were timed sequentially; use independent-resample intervals
65,funnel,3,monolithic,monolithic,0,512,4,17,1.3281858935952187,1.3281858935952187,repeat indices align samples but methods were timed sequentially; use independent-resample intervals
65,funnel,3,monolithic,monolithic,0,512,4,18,1.236029289662838,1.236029289662838,repeat indices align samples but methods were timed sequentially; use independent-resample intervals
65,funnel,3,monolithic,monolithic,0,512,4,19,1.2302792519330978,1.2302792519330978,repeat indices align samples but methods were timed sequentially; use independent-resample intervals
65,funnel,3,monolithic,monolithic,0,512,4,20,1.2396189719438553,1.2396189719438553,repeat indices align samples but methods were timed sequentially; use independent-resample intervals
65,funnel,3,monolithic,monolithic,0,512,4,21,1.3126851543784142,1.3126851543784142,repeat indices align samples but methods were timed sequentially; use independent-resample intervals
65,funnel,3,monolithic,monolithic,0,512,4,22,1.44997900724411,1.44997900724411,repeat indices align samples but methods were timed sequentially; use independent-resample intervals
65,funnel,3,monolithic,monolithic,0,512,4,23,1.4257960096001625,1.4257960096001625,repeat indices align samples but methods were timed sequentially; use independent-resample intervals
65,funnel,3,monolithic,monolithic,0,512,4,24,1.430775374174118,1.430775374174118,repeat indices align samples but methods were timed sequentially; use independent-resample intervals
65,funnel,3,monolithic,monolithic,0,512,4,25,1.6040121987462044,1.6040121987462044,repeat indices align samples but methods were timed sequentially; use independent-resample intervals
65,funnel,3,monolithic,monolithic,0,512,4,26,1.3940232247114182,1.3940232247114182,repeat indices align samples but methods were timed sequentially; use independent-resample intervals
65,funnel,3,monolithic,monolithic,0,512,4,27,1.3242330327630043,1.3242330327630043,repeat indices align samples but methods were timed sequentially; use independent-resample intervals
65,funnel,3,monolithic,monolithic,0,512,4,28,1.4749077558517456,1.4749077558517456,repeat indices align samples but methods were timed sequentially; use independent-resample intervals
65,funnel,3,monolithic,monolithic,0,512,4,29,1.3037671595811844,1.3037671595811844,repeat indices align samples but methods were timed sequentially; use independent-resample intervals
66,funnel,3,bucketed,history,64,512,4,0,1.319699540734291,1.1876695230603218,repeat indices align samples but methods were timed sequentially; use independent-resample intervals
66,funnel,3,bucketed,history,64,512,4,1,1.279619038105011,1.3228831142187119,repeat indices align samples but methods were timed sequentially; use independent-resample intervals
66,funnel,3,bucketed,history,64,512,4,2,1.2843229174613953,1.2892260998487473,repeat indices align samples but methods were timed sequentially; use independent-resample intervals
66,funnel,3,bucketed,history,64,512,4,3,1.3444987908005714,1.2120092138648033,repeat indices align samples but methods were timed sequentially; use independent-resample intervals
66,funnel,3,bucketed,history,64,512,4,4,1.3090660646557808,1.22047009319067,repeat indices align samples but methods were timed sequentially; use independent-resample intervals
66,funnel,3,bucketed,history,64,512,4,5,1.2303519695997238,1.2949518486857414,repeat indices align samples but methods were timed sequentially; use independent-resample intervals
66,funnel,3,bucketed,history,64,512,4,6,1.3437412679195404,1.290944717824459,repeat indices align samples but methods were timed sequentially; use independent-resample intervals
66,funnel,3,bucketed,history,64,512,4,7,1.2185871303081512,1.185753509402275,repeat indices align samples but methods were timed sequentially; use independent-resample intervals
66,funnel,3,bucketed,history,64,512,4,8,1.3444416895508766,1.288053072988987,repeat indices align samples but methods were timed sequentially; use independent-resample intervals
66,funnel,3,bucketed,history,64,512,4,9,1.385616734623909,1.3863743394613266,repeat indices align samples but methods were timed sequentially; use independent-resample intervals
66,funnel,3,bucketed,history,64,512,4,10,1.2433647960424423,1.3687513172626495,repeat indices align samples but methods were timed sequentially; use independent-resample intervals
66,funnel,3,bucketed,history,64,512,4,11,1.3975323140621185,1.2889933660626411,repeat indices align samples but methods were timed sequentially; use independent-resample intervals
66,funnel,3,bucketed,history,64,512,4,12,1.4016937091946602,1.2436262667179108,repeat indices align samples but methods were timed sequentially; use independent-resample intervals
66,funnel,3,bucketed,history,64,512,4,13,1.3477132692933083,1.2689781188964844,repeat indices align samples but methods were timed sequentially; use independent-resample intervals
66,funnel,3,bucketed,history,64,512,4,14,1.3564618900418282,1.3471287935972214,repeat indices align samples but methods were timed sequentially; use independent-resample intervals
66,funnel,3,bucketed,history,64,512,4,15,1.4556455686688423,1.2307742834091187,repeat indices align samples but methods were timed sequentially; use independent-resample intervals
66,funnel,3,bucketed,history,64,512,4,16,1.4841643124818802,1.312443032860756,repeat indices align samples but methods were timed sequentially; use independent-resample intervals
66,funnel,3,bucketed,history,64,512,4,17,1.4165119975805283,1.3281858935952187,repeat indices align samples but methods were timed sequentially; use independent-resample intervals
66,funnel,3,bucketed,history,64,512,4,18,1.3529680594801903,1.236029289662838,repeat indices align samples but methods were timed sequentially; use independent-resample intervals
66,funnel,3,bucketed,history,64,512,4,19,1.4560266360640526,1.2302792519330978,repeat indices align samples but methods were timed sequentially; use independent-resample intervals
66,funnel,3,bucketed,history,64,512,4,20,1.2790838778018951,1.2396189719438553,repeat indices align samples but methods were timed sequentially; use independent-resample intervals
66,funnel,3,bucketed,history,64,512,4,21,1.3502313643693924,1.3126851543784142,repeat indices align samples but methods were timed sequentially; use independent-resample intervals
66,funnel,3,bucketed,history,64,512,4,22,1.3994005247950554,1.44997900724411,repeat indices align samples but methods were timed sequentially; use independent-resample intervals
66,funnel,3,bucketed,history,64,512,4,23,1.3610694482922554,1.4257960096001625,repeat indices align samples but methods were timed sequentially; use independent-resample intervals
66,funnel,3,bucketed,history,64,512,4,24,1.2737417742609978,1.430775374174118,repeat indices align samples but methods were timed sequentially; use independent-resample intervals
66,funnel,3,bucketed,history,64,512,4,25,1.257097840309143,1.6040121987462044,repeat indices align samples but methods were timed sequentially; use independent-resample intervals
66,funnel,3,bucketed,history,64,512,4,26,1.2153718173503876,1.3940232247114182,repeat indices align samples but methods were timed sequentially; use independent-resample intervals
66,funnel,3,bucketed,history,64,512,4,27,1.2304858788847923,1.3242330327630043,repeat indices align samples but methods were timed sequentially; use independent-resample intervals
66,funnel,3,bucketed,history,64,512,4,28,1.3335271179676056,1.4749077558517456,repeat indices align samples but methods were timed sequentially; use independent-resample intervals
66,funnel,3,bucketed,history,64,512,4,29,1.499877616763115,1.3037671595811844,repeat indices align samples but methods were timed sequentially; use independent-resample intervals
67,funnel,3,bucketed,history,128,512,4,0,1.2297499105334282,1.1876695230603218,repeat indices align samples but methods were timed sequentially; use independent-resample intervals
67,funnel,3,bucketed,history,128,512,4,1,1.2701540738344193,1.3228831142187119,repeat indices align samples but methods were timed sequentially; use independent-resample intervals
67,funnel,3,bucketed,history,128,512,4,2,1.2422905936837196,1.2892260998487473,repeat indices align samples but methods were timed sequentially; use independent-resample intervals
67,funnel,3,bucketed,history,128,512,4,3,1.2180503606796265,1.2120092138648033,repeat indices align samples but methods were timed sequentially; use independent-resample intervals
67,funnel,3,bucketed,history,128,512,4,4,1.2007966488599777,1.22047009319067,repeat indices align samples but methods were timed sequentially; use independent-resample intervals
67,funnel,3,bucketed,history,128,512,4,5,1.1837544366717339,1.2949518486857414,repeat indices align samples but methods were timed sequentially; use independent-resample intervals
67,funnel,3,bucketed,history,128,512,4,6,1.2874346226453781,1.290944717824459,repeat indices align samples but methods were timed sequentially; use independent-resample intervals
67,funnel,3,bucketed,history,128,512,4,7,1.2417506650090218,1.185753509402275,repeat indices align samples but methods were timed sequentially; use independent-resample intervals
67,funnel,3,bucketed,history,128,512,4,8,1.5236216112971306,1.288053072988987,repeat indices align samples but methods were timed sequentially; use independent-resample intervals
67,funnel,3,bucketed,history,128,512,4,9,1.2994379699230194,1.3863743394613266,repeat indices align samples but methods were timed sequentially; use independent-resample intervals
67,funnel,3,bucketed,history,128,512,4,10,1.3307475075125694,1.3687513172626495,repeat indices align samples but methods were timed sequentially; use independent-resample intervals
67,funnel,3,bucketed,history,128,512,4,11,1.3843594193458557,1.2889933660626411,repeat indices align samples but methods were timed sequentially; use independent-resample intervals
67,funnel,3,bucketed,history,128,512,4,12,1.2039807364344597,1.2436262667179108,repeat indices align samples but methods were timed sequentially; use independent-resample intervals
67,funnel,3,bucketed,history,128,512,4,13,1.2041056081652641,1.2689781188964844,repeat indices align samples but methods were timed sequentially; use independent-resample intervals
67,funnel,3,bucketed,history,128,512,4,14,1.2721784114837646,1.3471287935972214,repeat indices align samples but methods were timed sequentially; use independent-resample intervals
67,funnel,3,bucketed,history,128,512,4,15,1.2844871655106544,1.2307742834091187,repeat indices align samples but methods were timed sequentially; use independent-resample intervals
67,funnel,3,bucketed,history,128,512,4,16,1.318236730992794,1.312443032860756,repeat indices align samples but methods were timed sequentially; use independent-resample intervals
67,funnel,3,bucketed,history,128,512,4,17,1.2393929958343506,1.3281858935952187,repeat indices align samples but methods were timed sequentially; use independent-resample intervals
67,funnel,3,bucketed,history,128,512,4,18,1.2382647395133972,1.236029289662838,repeat indices align samples but methods were timed sequentially; use independent-resample intervals
67,funnel,3,bucketed,history,128,512,4,19,1.3634834736585617,1.2302792519330978,repeat indices align samples but methods were timed sequentially; use independent-resample intervals
67,funnel,3,bucketed,history,128,512,4,20,1.1764859408140182,1.2396189719438553,repeat indices align samples but methods were timed sequentially; use independent-resample intervals
67,funnel,3,bucketed,history,128,512,4,21,1.1635951697826385,1.3126851543784142,repeat indices align samples but methods were timed sequentially; use independent-resample intervals
67,funnel,3,bucketed,history,128,512,4,22,1.2473138645291328,1.44997900724411,repeat indices align samples but methods were timed sequentially; use independent-resample intervals
67,funnel,3,bucketed,history,128,512,4,23,1.2777290120720863,1.4257960096001625,repeat indices align samples but methods were timed sequentially; use independent-resample intervals
67,funnel,3,bucketed,history,128,512,4,24,1.2548414468765259,1.430775374174118,repeat indices align samples but methods were timed sequentially; use independent-resample intervals
67,funnel,3,bucketed,history,128,512,4,25,1.2071364298462868,1.6040121987462044,repeat indices align samples but methods were timed sequentially; use independent-resample intervals
67,funnel,3,bucketed,history,128,512,4,26,1.1224200502038002,1.3940232247114182,repeat indices align samples but methods were timed sequentially; use independent-resample intervals
67,funnel,3,bucketed,history,128,512,4,27,1.2910943999886513,1.3242330327630043,repeat indices align samples but methods were timed sequentially; use independent-resample intervals
67,funnel,3,bucketed,history,128,512,4,28,1.374727040529251,1.4749077558517456,repeat indices align samples but methods were timed sequentially; use independent-resample intervals
67,funnel,3,bucketed,history,128,512,4,29,1.2385232672095299,1.3037671595811844,repeat indices align samples but methods were timed sequentially; use independent-resample intervals
68,funnel,3,bucketed,last_depth,64,512,4,0,1.398722067475319,1.1876695230603218,repeat indices align samples but methods were timed sequentially; use independent-resample intervals
68,funnel,3,bucketed,last_depth,64,512,4,1,1.5042436346411705,1.3228831142187119,repeat indices align samples but methods were timed sequentially; use independent-resample intervals
68,funnel,3,bucketed,last_depth,64,512,4,2,1.4411443918943405,1.2892260998487473,repeat indices align samples but methods were timed sequentially; use independent-resample intervals
68,funnel,3,bucketed,last_depth,64,512,4,3,1.5475152283906937,1.2120092138648033,repeat indices align samples but methods were timed sequentially; use independent-resample intervals
68,funnel,3,bucketed,last_depth,64,512,4,4,1.4313706830143929,1.22047009319067,repeat indices align samples but methods were timed sequentially; use independent-resample intervals
68,funnel,3,bucketed,last_depth,64,512,4,5,1.304545745253563,1.2949518486857414,repeat indices align samples but methods were timed sequentially; use independent-resample intervals
68,funnel,3,bucketed,last_depth,64,512,4,6,1.375304453074932,1.290944717824459,repeat indices align samples but methods were timed sequentially; use independent-resample intervals
68,funnel,3,bucketed,last_depth,64,512,4,7,1.3903779536485672,1.185753509402275,repeat indices align samples but methods were timed sequentially; use independent-resample intervals
68,funnel,3,bucketed,last_depth,64,512,4,8,1.264806941151619,1.288053072988987,repeat indices align samples but methods were timed sequentially; use independent-resample intervals
68,funnel,3,bucketed,last_depth,64,512,4,9,1.2458817958831787,1.3863743394613266,repeat indices align samples but methods were timed sequentially; use independent-resample intervals
68,funnel,3,bucketed,last_depth,64,512,4,10,1.3376823663711548,1.3687513172626495,repeat indices align samples but methods were timed sequentially; use independent-resample intervals
68,funnel,3,bucketed,last_depth,64,512,4,11,1.3837582990527153,1.2889933660626411,repeat indices align samples but methods were timed sequentially; use independent-resample intervals
68,funnel,3,bucketed,last_depth,64,512,4,12,1.3070720061659813,1.2436262667179108,repeat indices align samples but methods were timed sequentially; use independent-resample intervals
68,funnel,3,bucketed,last_depth,64,512,4,13,1.3178617134690285,1.2689781188964844,repeat indices align samples but methods were timed sequentially; use independent-resample intervals
68,funnel,3,bucketed,last_depth,64,512,4,14,1.2294131815433502,1.3471287935972214,repeat indices align samples but methods were timed sequentially; use independent-resample intervals
68,funnel,3,bucketed,last_depth,64,512,4,15,1.3012911975383759,1.2307742834091187,repeat indices align samples but methods were timed sequentially; use independent-resample intervals
68,funnel,3,bucketed,last_depth,64,512,4,16,1.2884710505604744,1.312443032860756,repeat indices align samples but methods were timed sequentially; use independent-resample intervals
68,funnel,3,bucketed,last_depth,64,512,4,17,1.3193075209856033,1.3281858935952187,repeat indices align samples but methods were timed sequentially; use independent-resample intervals
68,funnel,3,bucketed,last_depth,64,512,4,18,1.324749767780304,1.236029289662838,repeat indices align samples but methods were timed sequentially; use independent-resample intervals
68,funnel,3,bucketed,last_depth,64,512,4,19,1.3574486002326012,1.2302792519330978,repeat indices align samples but methods were timed sequentially; use independent-resample intervals
68,funnel,3,bucketed,last_depth,64,512,4,20,1.41941399872303,1.2396189719438553,repeat indices align samples but methods were timed sequentially; use independent-resample intervals
68,funnel,3,bucketed,last_depth,64,512,4,21,1.297361359000206,1.3126851543784142,repeat indices align samples but methods were timed sequentially; use independent-resample intervals
68,funnel,3,bucketed,last_depth,64,512,4,22,1.5314903035759926,1.44997900724411,repeat indices align samples but methods were timed sequentially; use independent-resample intervals
68,funnel,3,bucketed,last_depth,64,512,4,23,1.559827484190464,1.4257960096001625,repeat indices align samples but methods were timed sequentially; use independent-resample intervals
68,funnel,3,bucketed,last_depth,64,512,4,24,1.2816034257411957,1.430775374174118,repeat indices align samples but methods were timed sequentially; use independent-resample intervals
68,funnel,3,bucketed,last_depth,64,512,4,25,1.3907261714339256,1.6040121987462044,repeat indices align samples but methods were timed sequentially; use independent-resample intervals
68,funnel,3,bucketed,last_depth,64,512,4,26,1.4771425276994705,1.3940232247114182,repeat indices align samples but methods were timed sequentially; use independent-resample intervals
68,funnel,3,bucketed,last_depth,64,512,4,27,1.315612107515335,1.3242330327630043,repeat indices align samples but methods were timed sequentially; use independent-resample intervals
68,funnel,3,bucketed,last_depth,64,512,4,28,1.428118884563446,1.4749077558517456,repeat indices align samples but methods were timed sequentially; use independent-resample intervals
68,funnel,3,bucketed,last_depth,64,512,4,29,1.3554138913750648,1.3037671595811844,repeat indices align samples but methods were timed sequentially; use independent-resample intervals
69,funnel,3,bucketed,last_depth,128,512,4,0,1.3813340589404106,1.1876695230603218,repeat indices align samples but methods were timed sequentially; use independent-resample intervals
69,funnel,3,bucketed,last_depth,128,512,4,1,1.4688124433159828,1.3228831142187119,repeat indices align samples but methods were timed sequentially; use independent-resample intervals
69,funnel,3,bucketed,last_depth,128,512,4,2,1.4070415571331978,1.2892260998487473,repeat indices align samples but methods were timed sequentially; use independent-resample intervals
69,funnel,3,bucketed,last_depth,128,512,4,3,1.4198643490672112,1.2120092138648033,repeat indices align samples but methods were timed sequentially; use independent-resample intervals
69,funnel,3,bucketed,last_depth,128,512,4,4,1.4640430137515068,1.22047009319067,repeat indices align samples but methods were timed sequentially; use independent-resample intervals
69,funnel,3,bucketed,last_depth,128,512,4,5,1.4244986325502396,1.2949518486857414,repeat indices align samples but methods were timed sequentially; use independent-resample intervals
69,funnel,3,bucketed,last_depth,128,512,4,6,1.464128039777279,1.290944717824459,repeat indices align samples but methods were timed sequentially; use independent-resample intervals
69,funnel,3,bucketed,last_depth,128,512,4,7,1.5514665842056274,1.185753509402275,repeat indices align samples but methods were timed sequentially; use independent-resample intervals
69,funnel,3,bucketed,last_depth,128,512,4,8,1.3450863435864449,1.288053072988987,repeat indices align samples but methods were timed sequentially; use independent-resample intervals
69,funnel,3,bucketed,last_depth,128,512,4,9,1.4300712943077087,1.3863743394613266,repeat indices align samples but methods were timed sequentially; use independent-resample intervals
69,funnel,3,bucketed,last_depth,128,512,4,10,1.4190671890974045,1.3687513172626495,repeat indices align samples but methods were timed sequentially; use independent-resample intervals
69,funnel,3,bucketed,last_depth,128,512,4,11,1.4365872293710709,1.2889933660626411,repeat indices align samples but methods were timed sequentially; use independent-resample intervals
69,funnel,3,bucketed,last_depth,128,512,4,12,1.5137874856591225,1.2436262667179108,repeat indices align samples but methods were timed sequentially; use independent-resample intervals
69,funnel,3,bucketed,last_depth,128,512,4,13,1.3633018136024475,1.2689781188964844,repeat indices align samples but methods were timed sequentially; use independent-resample intervals
69,funnel,3,bucketed,last_depth,128,512,4,14,1.4326668828725815,1.3471287935972214,repeat indices align samples but methods were timed sequentially; use independent-resample intervals
69,funnel,3,bucketed,last_depth,128,512,4,15,1.4866025671362877,1.2307742834091187,repeat indices align samples but methods were timed sequentially; use independent-resample intervals
69,funnel,3,bucketed,last_depth,128,512,4,16,1.4912861958146095,1.312443032860756,repeat indices align samples but methods were timed sequentially; use independent-resample intervals
69,funnel,3,bucketed,last_depth,128,512,4,17,1.398117907345295,1.3281858935952187,repeat indices align samples but methods were timed sequentially; use independent-resample intervals
69,funnel,3,bucketed,last_depth,128,512,4,18,1.4690009281039238,1.236029289662838,repeat indices align samples but methods were timed sequentially; use independent-resample intervals
69,funnel,3,bucketed,last_depth,128,512,4,19,1.4381249472498894,1.2302792519330978,repeat indices align samples but methods were timed sequentially; use independent-resample intervals
69,funnel,3,bucketed,last_depth,128,512,4,20,1.3463485836982727,1.2396189719438553,repeat indices align samples but methods were timed sequentially; use independent-resample intervals
69,funnel,3,bucketed,last_depth,128,512,4,21,1.3183141201734543,1.3126851543784142,repeat indices align samples but methods were timed sequentially; use independent-resample intervals
69,funnel,3,bucketed,last_depth,128,512,4,22,1.3548293858766556,1.44997900724411,repeat indices align samples but methods were timed sequentially; use independent-resample intervals
69,funnel,3,bucketed,last_depth,128,512,4,23,1.4098661094903946,1.4257960096001625,repeat indices align samples but methods were timed sequentially; use independent-resample intervals
69,funnel,3,bucketed,last_depth,128,512,4,24,1.3179852962493896,1.430775374174118,repeat indices align samples but methods were timed sequentially; use independent-resample intervals
69,funnel,3,bucketed,last_depth,128,512,4,25,1.3536091968417168,1.6040121987462044,repeat indices align samples but methods were timed sequentially; use independent-resample intervals
69,funnel,3,bucketed,last_depth,128,512,4,26,1.429954580962658,1.3940232247114182,repeat indices align samples but methods were timed sequentially; use independent-resample intervals
69,funnel,3,bucketed,last_depth,128,512,4,27,1.3782467991113663,1.3242330327630043,repeat indices align samples but methods were timed sequentially; use independent-resample intervals
69,funnel,3,bucketed,last_depth,128,512,4,28,1.3688589558005333,1.4749077558517456,repeat indices align samples but methods were timed sequentially; use independent-resample intervals
69,funnel,3,bucketed,last_depth,128,512,4,29,1.3573791459202766,1.3037671595811844,repeat indices align samples but methods were timed sequentially; use independent-resample intervals
70,funnel,4,monolithic,monolithic,0,512,4,0,1.1629769057035446,1.1629769057035446,repeat indices align samples but methods were timed sequentially; use independent-resample intervals
70,funnel,4,monolithic,monolithic,0,512,4,1,1.133020393550396,1.133020393550396,repeat indices align samples but methods were timed sequentially; use independent-resample intervals
70,funnel,4,monolithic,monolithic,0,512,4,2,1.1851547211408615,1.1851547211408615,repeat indices align samples but methods were timed sequentially; use independent-resample intervals
70,funnel,4,monolithic,monolithic,0,512,4,3,1.1909930631518364,1.1909930631518364,repeat indices align samples but methods were timed sequentially; use independent-resample intervals
70,funnel,4,monolithic,monolithic,0,512,4,4,1.3827441334724426,1.3827441334724426,repeat indices align samples but methods were timed sequentially; use independent-resample intervals
70,funnel,4,monolithic,monolithic,0,512,4,5,1.273198701441288,1.273198701441288,repeat indices align samples but methods were timed sequentially; use independent-resample intervals
70,funnel,4,monolithic,monolithic,0,512,4,6,1.1881829053163528,1.1881829053163528,repeat indices align samples but methods were timed sequentially; use independent-resample intervals
70,funnel,4,monolithic,monolithic,0,512,4,7,1.237193115055561,1.237193115055561,repeat indices align samples but methods were timed sequentially; use independent-resample intervals
70,funnel,4,monolithic,monolithic,0,512,4,8,1.228596180677414,1.228596180677414,repeat indices align samples but methods were timed sequentially; use independent-resample intervals
70,funnel,4,monolithic,monolithic,0,512,4,9,1.202259086072445,1.202259086072445,repeat indices align samples but methods were timed sequentially; use independent-resample intervals
70,funnel,4,monolithic,monolithic,0,512,4,10,1.1803014054894447,1.1803014054894447,repeat indices align samples but methods were timed sequentially; use independent-resample intervals
70,funnel,4,monolithic,monolithic,0,512,4,11,1.2526761293411255,1.2526761293411255,repeat indices align samples but methods were timed sequentially; use independent-resample intervals
70,funnel,4,monolithic,monolithic,0,512,4,12,1.3447051644325256,1.3447051644325256,repeat indices align samples but methods were timed sequentially; use independent-resample intervals
70,funnel,4,monolithic,monolithic,0,512,4,13,1.1728245466947556,1.1728245466947556,repeat indices align samples but methods were timed sequentially; use independent-resample intervals
70,funnel,4,monolithic,monolithic,0,512,4,14,1.2600602805614471,1.2600602805614471,repeat indices align samples but methods were timed sequentially; use independent-resample intervals
70,funnel,4,monolithic,monolithic,0,512,4,15,1.405062310397625,1.405062310397625,repeat indices align samples but methods were timed sequentially; use independent-resample intervals
70,funnel,4,monolithic,monolithic,0,512,4,16,1.337266355752945,1.337266355752945,repeat indices align samples but methods were timed sequentially; use independent-resample intervals
70,funnel,4,monolithic,monolithic,0,512,4,17,1.265455737709999,1.265455737709999,repeat indices align samples but methods were timed sequentially; use independent-resample intervals
70,funnel,4,monolithic,monolithic,0,512,4,18,1.314137302339077,1.314137302339077,repeat indices align samples but methods were timed sequentially; use independent-resample intervals
70,funnel,4,monolithic,monolithic,0,512,4,19,1.2490667924284935,1.2490667924284935,repeat indices align samples but methods were timed sequentially; use independent-resample intervals
70,funnel,4,monolithic,monolithic,0,512,4,20,1.2843176648020744,1.2843176648020744,repeat indices align samples but methods were timed sequentially; use independent-resample intervals
70,funnel,4,monolithic,monolithic,0,512,4,21,1.2866803333163261,1.2866803333163261,repeat indices align samples but methods were timed sequentially; use independent-resample intervals
70,funnel,4,monolithic,monolithic,0,512,4,22,1.3150342181324959,1.3150342181324959,repeat indices align samples but methods were timed sequentially; use independent-resample intervals
70,funnel,4,monolithic,monolithic,0,512,4,23,1.3553399592638016,1.3553399592638016,repeat indices align samples but methods were timed sequentially; use independent-resample intervals
70,funnel,4,monolithic,monolithic,0,512,4,24,1.4157379046082497,1.4157379046082497,repeat indices align samples but methods were timed sequentially; use independent-resample intervals
70,funnel,4,monolithic,monolithic,0,512,4,25,1.4166512042284012,1.4166512042284012,repeat indices align samples but methods were timed sequentially; use independent-resample intervals
70,funnel,4,monolithic,monolithic,0,512,4,26,1.281276874244213,1.281276874244213,repeat indices align samples but methods were timed sequentially; use independent-resample intervals
70,funnel,4,monolithic,monolithic,0,512,4,27,1.334586851298809,1.334586851298809,repeat indices align samples but methods were timed sequentially; use independent-resample intervals
70,funnel,4,monolithic,monolithic,0,512,4,28,1.4673212766647339,1.4673212766647339,repeat indices align samples but methods were timed sequentially; use independent-resample intervals
70,funnel,4,monolithic,monolithic,0,512,4,29,1.3565037995576859,1.3565037995576859,repeat indices align samples but methods were timed sequentially; use independent-resample intervals
71,funnel,4,bucketed,history,64,512,4,0,1.4122705534100533,1.1629769057035446,repeat indices align samples but methods were timed sequentially; use independent-resample intervals
71,funnel,4,bucketed,history,64,512,4,1,1.35529475659132,1.133020393550396,repeat indices align samples but methods were timed sequentially; use independent-resample intervals
71,funnel,4,bucketed,history,64,512,4,2,1.4569098129868507,1.1851547211408615,repeat indices align samples but methods were timed sequentially; use independent-resample intervals
71,funnel,4,bucketed,history,64,512,4,3,1.414873093366623,1.1909930631518364,repeat indices align samples but methods were timed sequentially; use independent-resample intervals
71,funnel,4,bucketed,history,64,512,4,4,1.4540180638432503,1.3827441334724426,repeat indices align samples but methods were timed sequentially; use independent-resample intervals
71,funnel,4,bucketed,history,64,512,4,5,1.4327092543244362,1.273198701441288,repeat indices align samples but methods were timed sequentially; use independent-resample intervals
71,funnel,4,bucketed,history,64,512,4,6,1.3821129649877548,1.1881829053163528,repeat indices align samples but methods were timed sequentially; use independent-resample intervals
71,funnel,4,bucketed,history,64,512,4,7,1.2337948679924011,1.237193115055561,repeat indices align samples but methods were timed sequentially; use independent-resample intervals
71,funnel,4,bucketed,history,64,512,4,8,1.3327736929059029,1.228596180677414,repeat indices align samples but methods were timed sequentially; use independent-resample intervals
71,funnel,4,bucketed,history,64,512,4,9,1.220320738852024,1.202259086072445,repeat indices align samples but methods were timed sequentially; use independent-resample intervals
71,funnel,4,bucketed,history,64,512,4,10,1.3482665941119194,1.1803014054894447,repeat indices align samples but methods were timed sequentially; use independent-resample intervals
71,funnel,4,bucketed,history,64,512,4,11,1.3320307359099388,1.2526761293411255,repeat indices align samples but methods were timed sequentially; use independent-resample intervals
71,funnel,4,bucketed,history,64,512,4,12,1.3032672330737114,1.3447051644325256,repeat indices align samples but methods were timed sequentially; use independent-resample intervals
71,funnel,4,bucketed,history,64,512,4,13,1.2345824539661407,1.1728245466947556,repeat indices align samples but methods were timed sequentially; use independent-resample intervals
71,funnel,4,bucketed,history,64,512,4,14,1.3686751201748848,1.2600602805614471,repeat indices align samples but methods were timed sequentially; use independent-resample intervals
71,funnel,4,bucketed,history,64,512,4,15,1.4625806286931038,1.405062310397625,repeat indices align samples but methods were timed sequentially; use independent-resample intervals
71,funnel,4,bucketed,history,64,512,4,16,1.3917654305696487,1.337266355752945,repeat indices align samples but methods were timed sequentially; use independent-resample intervals
71,funnel,4,bucketed,history,64,512,4,17,1.2477652505040169,1.265455737709999,repeat indices align samples but methods were timed sequentially; use independent-resample intervals
71,funnel,4,bucketed,history,64,512,4,18,1.4425407573580742,1.314137302339077,repeat indices align samples but methods were timed sequentially; use independent-resample intervals
71,funnel,4,bucketed,history,64,512,4,19,1.3784007653594017,1.2490667924284935,repeat indices align samples but methods were timed sequentially; use independent-resample intervals
71,funnel,4,bucketed,history,64,512,4,20,1.4023699685931206,1.2843176648020744,repeat indices align samples but methods were timed sequentially; use independent-resample intervals
71,funnel,4,bucketed,history,64,512,4,21,1.4937157779932022,1.2866803333163261,repeat indices align samples but methods were timed sequentially; use independent-resample intervals
71,funnel,4,bucketed,history,64,512,4,22,1.3171577453613281,1.3150342181324959,repeat indices align samples but methods were timed sequentially; use independent-resample intervals
71,funnel,4,bucketed,history,64,512,4,23,1.3187605142593384,1.3553399592638016,repeat indices align samples but methods were timed sequentially; use independent-resample intervals
71,funnel,4,bucketed,history,64,512,4,24,1.399953879415989,1.4157379046082497,repeat indices align samples but methods were timed sequentially; use independent-resample intervals
71,funnel,4,bucketed,history,64,512,4,25,1.4601112231612206,1.4166512042284012,repeat indices align samples but methods were timed sequentially; use independent-resample intervals
71,funnel,4,bucketed,history,64,512,4,26,1.4472492039203644,1.281276874244213,repeat indices align samples but methods were timed sequentially; use independent-resample intervals
71,funnel,4,bucketed,history,64,512,4,27,1.3696378022432327,1.334586851298809,repeat indices align samples but methods were timed sequentially; use independent-resample intervals
71,funnel,4,bucketed,history,64,512,4,28,1.3920705318450928,1.4673212766647339,repeat indices align samples but methods were timed sequentially; use independent-resample intervals
71,funnel,4,bucketed,history,64,512,4,29,1.3362209424376488,1.3565037995576859,repeat indices align samples but methods were timed sequentially; use independent-resample intervals
72,funnel,4,bucketed,history,128,512,4,0,1.2694289088249207,1.1629769057035446,repeat indices align samples but methods were timed sequentially; use independent-resample intervals
72,funnel,4,bucketed,history,128,512,4,1,1.2444113045930862,1.133020393550396,repeat indices align samples but methods were timed sequentially; use independent-resample intervals
72,funnel,4,bucketed,history,128,512,4,2,1.2168610617518425,1.1851547211408615,repeat indices align samples but methods were timed sequentially; use independent-resample intervals
72,funnel,4,bucketed,history,128,512,4,3,1.2634485438466072,1.1909930631518364,repeat indices align samples but methods were timed sequentially; use independent-resample intervals
72,funnel,4,bucketed,history,128,512,4,4,1.248806081712246,1.3827441334724426,repeat indices align samples but methods were timed sequentially; use independent-resample intervals
72,funnel,4,bucketed,history,128,512,4,5,1.3496893420815468,1.273198701441288,repeat indices align samples but methods were timed sequentially; use independent-resample intervals
72,funnel,4,bucketed,history,128,512,4,6,1.313765935599804,1.1881829053163528,repeat indices align samples but methods were timed sequentially; use independent-resample intervals
72,funnel,4,bucketed,history,128,512,4,7,1.2767006009817123,1.237193115055561,repeat indices align samples but methods were timed sequentially; use independent-resample intervals
72,funnel,4,bucketed,history,128,512,4,8,1.2290349453687668,1.228596180677414,repeat indices align samples but methods were timed sequentially; use independent-resample intervals
72,funnel,4,bucketed,history,128,512,4,9,1.311242587864399,1.202259086072445,repeat indices align samples but methods were timed sequentially; use independent-resample intervals
72,funnel,4,bucketed,history,128,512,4,10,1.2558026239275932,1.1803014054894447,repeat indices align samples but methods were timed sequentially; use independent-resample intervals
72,funnel,4,bucketed,history,128,512,4,11,1.1981103643774986,1.2526761293411255,repeat indices align samples but methods were timed sequentially; use independent-resample intervals
72,funnel,4,bucketed,history,128,512,4,12,1.1878740638494492,1.3447051644325256,repeat indices align samples but methods were timed sequentially; use independent-resample intervals
72,funnel,4,bucketed,history,128,512,4,13,1.336479976773262,1.1728245466947556,repeat indices align samples but methods were timed sequentially; use independent-resample intervals
72,funnel,4,bucketed,history,128,512,4,14,1.31964860111475,1.2600602805614471,repeat indices align samples but methods were timed sequentially; use independent-resample intervals
72,funnel,4,bucketed,history,128,512,4,15,1.3371135592460632,1.405062310397625,repeat indices align samples but methods were timed sequentially; use independent-resample intervals
72,funnel,4,bucketed,history,128,512,4,16,1.3533754274249077,1.337266355752945,repeat indices align samples but methods were timed sequentially; use independent-resample intervals
72,funnel,4,bucketed,history,128,512,4,17,1.356488786637783,1.265455737709999,repeat indices align samples but methods were timed sequentially; use independent-resample intervals
72,funnel,4,bucketed,history,128,512,4,18,1.3173885941505432,1.314137302339077,repeat indices align samples but methods were timed sequentially; use independent-resample intervals
72,funnel,4,bucketed,history,128,512,4,19,1.2432962507009506,1.2490667924284935,repeat indices align samples but methods were timed sequentially; use independent-resample intervals
72,funnel,4,bucketed,history,128,512,4,20,1.2552992478013039,1.2843176648020744,repeat indices align samples but methods were timed sequentially; use independent-resample intervals
72,funnel,4,bucketed,history,128,512,4,21,1.3491024002432823,1.2866803333163261,repeat indices align samples but methods were timed sequentially; use independent-resample intervals
72,funnel,4,bucketed,history,128,512,4,22,1.2239591181278229,1.3150342181324959,repeat indices align samples but methods were timed sequentially; use independent-resample intervals
72,funnel,4,bucketed,history,128,512,4,23,1.3049749284982681,1.3553399592638016,repeat indices align samples but methods were timed sequentially; use independent-resample intervals
72,funnel,4,bucketed,history,128,512,4,24,1.2414338439702988,1.4157379046082497,repeat indices align samples but methods were timed sequentially; use independent-resample intervals
72,funnel,4,bucketed,history,128,512,4,25,1.3215886056423187,1.4166512042284012,repeat indices align samples but methods were timed sequentially; use independent-resample intervals
72,funnel,4,bucketed,history,128,512,4,26,1.269045241177082,1.281276874244213,repeat indices align samples but methods were timed sequentially; use independent-resample intervals
72,funnel,4,bucketed,history,128,512,4,27,1.2896872162818909,1.334586851298809,repeat indices align samples but methods were timed sequentially; use independent-resample intervals
72,funnel,4,bucketed,history,128,512,4,28,1.2428777366876602,1.4673212766647339,repeat indices align samples but methods were timed sequentially; use independent-resample intervals
72,funnel,4,bucketed,history,128,512,4,29,1.2696564421057701,1.3565037995576859,repeat indices align samples but methods were timed sequentially; use independent-resample intervals
73,funnel,4,bucketed,last_depth,64,512,4,0,1.5666498467326164,1.1629769057035446,repeat indices align samples but methods were timed sequentially; use independent-resample intervals
73,funnel,4,bucketed,last_depth,64,512,4,1,1.439429759979248,1.133020393550396,repeat indices align samples but methods were timed sequentially; use independent-resample intervals
73,funnel,4,bucketed,last_depth,64,512,4,2,1.5949152708053589,1.1851547211408615,repeat indices align samples but methods were timed sequentially; use independent-resample intervals
73,funnel,4,bucketed,last_depth,64,512,4,3,1.5928381606936455,1.1909930631518364,repeat indices align samples but methods were timed sequentially; use independent-resample intervals
73,funnel,4,bucketed,last_depth,64,512,4,4,1.757613591849804,1.3827441334724426,repeat indices align samples but methods were timed sequentially; use independent-resample intervals
73,funnel,4,bucketed,last_depth,64,512,4,5,1.6994554027915,1.273198701441288,repeat indices align samples but methods were timed sequentially; use independent-resample intervals
73,funnel,4,bucketed,last_depth,64,512,4,6,1.710393063724041,1.1881829053163528,repeat indices align samples but methods were timed sequentially; use independent-resample intervals
73,funnel,4,bucketed,last_depth,64,512,4,7,1.4729999974370003,1.237193115055561,repeat indices align samples but methods were timed sequentially; use independent-resample intervals
73,funnel,4,bucketed,last_depth,64,512,4,8,1.42905293405056,1.228596180677414,repeat indices align samples but methods were timed sequentially; use independent-resample intervals
73,funnel,4,bucketed,last_depth,64,512,4,9,1.5442226901650429,1.202259086072445,repeat indices align samples but methods were timed sequentially; use independent-resample intervals
73,funnel,4,bucketed,last_depth,64,512,4,10,1.4713455811142921,1.1803014054894447,repeat indices align samples but methods were timed sequentially; use independent-resample intervals
73,funnel,4,bucketed,last_depth,64,512,4,11,1.4395358487963676,1.2526761293411255,repeat indices align samples but methods were timed sequentially; use independent-resample intervals
73,funnel,4,bucketed,last_depth,64,512,4,12,1.3493002951145172,1.3447051644325256,repeat indices align samples but methods were timed sequentially; use independent-resample intervals
73,funnel,4,bucketed,last_depth,64,512,4,13,1.324872225522995,1.1728245466947556,repeat indices align samples but methods were timed sequentially; use independent-resample intervals
73,funnel,4,bucketed,last_depth,64,512,4,14,1.404745690524578,1.2600602805614471,repeat indices align samples but methods were timed sequentially; use independent-resample intervals
73,funnel,4,bucketed,last_depth,64,512,4,15,1.6379544362425804,1.405062310397625,repeat indices align samples but methods were timed sequentially; use independent-resample intervals
73,funnel,4,bucketed,last_depth,64,512,4,16,1.3715796619653702,1.337266355752945,repeat indices align samples but methods were timed sequentially; use independent-resample intervals
73,funnel,4,bucketed,last_depth,64,512,4,17,1.3827874064445496,1.265455737709999,repeat indices align samples but methods were timed sequentially; use independent-resample intervals
73,funnel,4,bucketed,last_depth,64,512,4,18,1.3699336871504784,1.314137302339077,repeat indices align samples but methods were timed sequentially; use independent-resample intervals
73,funnel,4,bucketed,last_depth,64,512,4,19,1.4164304956793785,1.2490667924284935,repeat indices align samples but methods were timed sequentially; use independent-resample intervals
73,funnel,4,bucketed,last_depth,64,512,4,20,1.370726116001606,1.2843176648020744,repeat indices align samples but methods were timed sequentially; use independent-resample intervals
73,funnel,4,bucketed,last_depth,64,512,4,21,1.3380081951618195,1.2866803333163261,repeat indices align samples but methods were timed sequentially; use independent-resample intervals
73,funnel,4,bucketed,last_depth,64,512,4,22,1.4925766959786415,1.3150342181324959,repeat indices align samples but methods were timed sequentially; use independent-resample intervals
73,funnel,4,bucketed,last_depth,64,512,4,23,1.5064411237835884,1.3553399592638016,repeat indices align samples but methods were timed sequentially; use independent-resample intervals
73,funnel,4,bucketed,last_depth,64,512,4,24,1.6821286529302597,1.4157379046082497,repeat indices align samples but methods were timed sequentially; use independent-resample intervals
73,funnel,4,bucketed,last_depth,64,512,4,25,1.633937694132328,1.4166512042284012,repeat indices align samples but methods were timed sequentially; use independent-resample intervals
73,funnel,4,bucketed,last_depth,64,512,4,26,1.5514201074838638,1.281276874244213,repeat indices align samples but methods were timed sequentially; use independent-resample intervals
73,funnel,4,bucketed,last_depth,64,512,4,27,1.5712062492966652,1.334586851298809,repeat indices align samples but methods were timed sequentially; use independent-resample intervals
73,funnel,4,bucketed,last_depth,64,512,4,28,1.5234174132347107,1.4673212766647339,repeat indices align samples but methods were timed sequentially; use independent-resample intervals
73,funnel,4,bucketed,last_depth,64,512,4,29,1.646383062005043,1.3565037995576859,repeat indices align samples but methods were timed sequentially; use independent-resample intervals
74,funnel,4,bucketed,last_depth,128,512,4,0,1.5197239890694618,1.1629769057035446,repeat indices align samples but methods were timed sequentially; use independent-resample intervals
74,funnel,4,bucketed,last_depth,128,512,4,1,1.5457600355148315,1.133020393550396,repeat indices align samples but methods were timed sequentially; use independent-resample intervals
74,funnel,4,bucketed,last_depth,128,512,4,2,1.3608653545379639,1.1851547211408615,repeat indices align samples but methods were timed sequentially; use independent-resample intervals
74,funnel,4,bucketed,last_depth,128,512,4,3,1.4282335862517357,1.1909930631518364,repeat indices align samples but methods were timed sequentially; use independent-resample intervals
74,funnel,4,bucketed,last_depth,128,512,4,4,1.4518994614481926,1.3827441334724426,repeat indices align samples but methods were timed sequentially; use independent-resample intervals
74,funnel,4,bucketed,last_depth,128,512,4,5,1.410438984632492,1.273198701441288,repeat indices align samples but methods were timed sequentially; use independent-resample intervals
74,funnel,4,bucketed,last_depth,128,512,4,6,1.432289980351925,1.1881829053163528,repeat indices align samples but methods were timed sequentially; use independent-resample intervals
74,funnel,4,bucketed,last_depth,128,512,4,7,1.4497831836342812,1.237193115055561,repeat indices align samples but methods were timed sequentially; use independent-resample intervals
74,funnel,4,bucketed,last_depth,128,512,4,8,1.370608538389206,1.228596180677414,repeat indices align samples but methods were timed sequentially; use independent-resample intervals
74,funnel,4,bucketed,last_depth,128,512,4,9,1.4914580732584,1.202259086072445,repeat indices align samples but methods were timed sequentially; use independent-resample intervals
74,funnel,4,bucketed,last_depth,128,512,4,10,1.5999034643173218,1.1803014054894447,repeat indices align samples but methods were timed sequentially; use independent-resample intervals
74,funnel,4,bucketed,last_depth,128,512,4,11,1.484110489487648,1.2526761293411255,repeat indices align samples but methods were timed sequentially; use independent-resample intervals
74,funnel,4,bucketed,last_depth,128,512,4,12,1.535191535949707,1.3447051644325256,repeat indices align samples but methods were timed sequentially; use independent-resample intervals
74,funnel,4,bucketed,last_depth,128,512,4,13,1.5519879683852196,1.1728245466947556,repeat indices align samples but methods were timed sequentially; use independent-resample intervals
74,funnel,4,bucketed,last_depth,128,512,4,14,1.5505985766649246,1.2600602805614471,repeat indices align samples but methods were timed sequentially; use independent-resample intervals
74,funnel,4,bucketed,last_depth,128,512,4,15,1.5641222670674324,1.405062310397625,repeat indices align samples but methods were timed sequentially; use independent-resample intervals
74,funnel,4,bucketed,last_depth,128,512,4,16,1.62652188539505,1.337266355752945,repeat indices align samples but methods were timed sequentially; use independent-resample intervals
74,funnel,4,bucketed,last_depth,128,512,4,17,1.6439302414655685,1.265455737709999,repeat indices align samples but methods were timed sequentially; use independent-resample intervals
74,funnel,4,bucketed,last_depth,128,512,4,18,1.5372245162725449,1.314137302339077,repeat indices align samples but methods were timed sequentially; use independent-resample intervals
74,funnel,4,bucketed,last_depth,128,512,4,19,1.584920659661293,1.2490667924284935,repeat indices align samples but methods were timed sequentially; use independent-resample intervals
74,funnel,4,bucketed,last_depth,128,512,4,20,1.4194921106100082,1.2843176648020744,repeat indices align samples but methods were timed sequentially; use independent-resample intervals
74,funnel,4,bucketed,last_depth,128,512,4,21,1.3851865604519844,1.2866803333163261,repeat indices align samples but methods were timed sequentially; use independent-resample intervals
74,funnel,4,bucketed,last_depth,128,512,4,22,1.3332284986972809,1.3150342181324959,repeat indices align samples but methods were timed sequentially; use independent-resample intervals
74,funnel,4,bucketed,last_depth,128,512,4,23,1.2980614677071571,1.3553399592638016,repeat indices align samples but methods were timed sequentially; use independent-resample intervals
74,funnel,4,bucketed,last_depth,128,512,4,24,1.3194717541337013,1.4157379046082497,repeat indices align samples but methods were timed sequentially; use independent-resample intervals
74,funnel,4,bucketed,last_depth,128,512,4,25,1.206683225929737,1.4166512042284012,repeat indices align samples but methods were timed sequentially; use independent-resample intervals
74,funnel,4,bucketed,last_depth,128,512,4,26,1.3738239482045174,1.281276874244213,repeat indices align samples but methods were timed sequentially; use independent-resample intervals
74,funnel,4,bucketed,last_depth,128,512,4,27,1.3575677573680878,1.334586851298809,repeat indices align samples but methods were timed sequentially; use independent-resample intervals
74,funnel,4,bucketed,last_depth,128,512,4,28,1.4151277840137482,1.4673212766647339,repeat indices align samples but methods were timed sequentially; use independent-resample intervals
74,funnel,4,bucketed,last_depth,128,512,4,29,1.3206104710698128,1.3565037995576859,repeat indices align samples but methods were timed sequentially; use independent-resample intervals
75,funnel,0,monolithic,monolithic,0,1024,4,0,2.3681427389383316,2.3681427389383316,repeat indices align samples but methods were timed sequentially; use independent-resample intervals
75,funnel,0,monolithic,monolithic,0,1024,4,1,2.426559239625931,2.426559239625931,repeat indices align samples but methods were timed sequentially; use independent-resample intervals
75,funnel,0,monolithic,monolithic,0,1024,4,2,2.526033714413643,2.526033714413643,repeat indices align samples but methods were timed sequentially; use independent-resample intervals
75,funnel,0,monolithic,monolithic,0,1024,4,3,2.5022698417305946,2.5022698417305946,repeat indices align samples but methods were timed sequentially; use independent-resample intervals
75,funnel,0,monolithic,monolithic,0,1024,4,4,2.5787369906902313,2.5787369906902313,repeat indices align samples but methods were timed sequentially; use independent-resample intervals
75,funnel,0,monolithic,monolithic,0,1024,4,5,2.455635741353035,2.455635741353035,repeat indices align samples but methods were timed sequentially; use independent-resample intervals
75,funnel,0,monolithic,monolithic,0,1024,4,6,2.510669305920601,2.510669305920601,repeat indices align samples but methods were timed sequentially; use independent-resample intervals
75,funnel,0,monolithic,monolithic,0,1024,4,7,2.366408236324787,2.366408236324787,repeat indices align samples but methods were timed sequentially; use independent-resample intervals
75,funnel,0,monolithic,monolithic,0,1024,4,8,2.619259297847748,2.619259297847748,repeat indices align samples but methods were timed sequentially; use independent-resample intervals
75,funnel,0,monolithic,monolithic,0,1024,4,9,2.510661594569683,2.510661594569683,repeat indices align samples but methods were timed sequentially; use independent-resample intervals
75,funnel,0,monolithic,monolithic,0,1024,4,10,2.4658863246440887,2.4658863246440887,repeat indices align samples but methods were timed sequentially; use independent-resample intervals
75,funnel,0,monolithic,monolithic,0,1024,4,11,2.439886599779129,2.439886599779129,repeat indices align samples but methods were timed sequentially; use independent-resample intervals
75,funnel,0,monolithic,monolithic,0,1024,4,12,2.573156513273716,2.573156513273716,repeat indices align samples but methods were timed sequentially; use independent-resample intervals
75,funnel,0,monolithic,monolithic,0,1024,4,13,2.5360885858535767,2.5360885858535767,repeat indices align samples but methods were timed sequentially; use independent-resample intervals
75,funnel,0,monolithic,monolithic,0,1024,4,14,2.4702059775590897,2.4702059775590897,repeat indices align samples but methods were timed sequentially; use independent-resample intervals
75,funnel,0,monolithic,monolithic,0,1024,4,15,2.6442190632224083,2.6442190632224083,repeat indices align samples but methods were timed sequentially; use independent-resample intervals
75,funnel,0,monolithic,monolithic,0,1024,4,16,2.6468434557318687,2.6468434557318687,repeat indices align samples but methods were timed sequentially; use independent-resample intervals
75,funnel,0,monolithic,monolithic,0,1024,4,17,2.6370207741856575,2.6370207741856575,repeat indices align samples but methods were timed sequentially; use independent-resample intervals
75,funnel,0,monolithic,monolithic,0,1024,4,18,2.6734284684062004,2.6734284684062004,repeat indices align samples but methods were timed sequentially; use independent-resample intervals
75,funnel,0,monolithic,monolithic,0,1024,4,19,2.548564098775387,2.548564098775387,repeat indices align samples but methods were timed sequentially; use independent-resample intervals
75,funnel,0,monolithic,monolithic,0,1024,4,20,2.641143672168255,2.641143672168255,repeat indices align samples but methods were timed sequentially; use independent-resample intervals
75,funnel,0,monolithic,monolithic,0,1024,4,21,2.624382160604,2.624382160604,repeat indices align samples but methods were timed sequentially; use independent-resample intervals
75,funnel,0,monolithic,monolithic,0,1024,4,22,2.6781188175082207,2.6781188175082207,repeat indices align samples but methods were timed sequentially; use independent-resample intervals
75,funnel,0,monolithic,monolithic,0,1024,4,23,2.6243893280625343,2.6243893280625343,repeat indices align samples but methods were timed sequentially; use independent-resample intervals
75,funnel,0,monolithic,monolithic,0,1024,4,24,2.553889811038971,2.553889811038971,repeat indices align samples but methods were timed sequentially; use independent-resample intervals
75,funnel,0,monolithic,monolithic,0,1024,4,25,2.7428562566637993,2.7428562566637993,repeat indices align samples but methods were timed sequentially; use independent-resample intervals
75,funnel,0,monolithic,monolithic,0,1024,4,26,2.5540755093097687,2.5540755093097687,repeat indices align samples but methods were timed sequentially; use independent-resample intervals
75,funnel,0,monolithic,monolithic,0,1024,4,27,2.7656128108501434,2.7656128108501434,repeat indices align samples but methods were timed sequentially; use independent-resample intervals
75,funnel,0,monolithic,monolithic,0,1024,4,28,2.776113010942936,2.776113010942936,repeat indices align samples but methods were timed sequentially; use independent-resample intervals
75,funnel,0,monolithic,monolithic,0,1024,4,29,2.9512711092829704,2.9512711092829704,repeat indices align samples but methods were timed sequentially; use independent-resample intervals
76,funnel,0,bucketed,history,64,1024,4,0,2.593127556145191,2.3681427389383316,repeat indices align samples but methods were timed sequentially; use independent-resample intervals
76,funnel,0,bucketed,history,64,1024,4,1,2.8881367966532707,2.426559239625931,repeat indices align samples but methods were timed sequentially; use independent-resample intervals
76,funnel,0,bucketed,history,64,1024,4,2,3.25093474984169,2.526033714413643,repeat indices align samples but methods were timed sequentially; use independent-resample intervals
76,funnel,0,bucketed,history,64,1024,4,3,2.7115550190210342,2.5022698417305946,repeat indices align samples but methods were timed sequentially; use independent-resample intervals
76,funnel,0,bucketed,history,64,1024,4,4,2.389448121190071,2.5787369906902313,repeat indices align samples but methods were timed sequentially; use independent-resample intervals
76,funnel,0,bucketed,history,64,1024,4,5,2.5565611124038696,2.455635741353035,repeat indices align samples but methods were timed sequentially; use independent-resample intervals
76,funnel,0,bucketed,history,64,1024,4,6,2.424632489681244,2.510669305920601,repeat indices align samples but methods were timed sequentially; use independent-resample intervals
76,funnel,0,bucketed,history,64,1024,4,7,2.2302019000053406,2.366408236324787,repeat indices align samples but methods were timed sequentially; use independent-resample intervals
76,funnel,0,bucketed,history,64,1024,4,8,2.3011865615844727,2.619259297847748,repeat indices align samples but methods were timed sequentially; use independent-resample intervals
76,funnel,0,bucketed,history,64,1024,4,9,2.335648760199547,2.510661594569683,repeat indices align samples but methods were timed sequentially; use independent-resample intervals
76,funnel,0,bucketed,history,64,1024,4,10,2.334739699959755,2.4658863246440887,repeat indices align samples but methods were timed sequentially; use independent-resample intervals
76,funnel,0,bucketed,history,64,1024,4,11,2.3389825373888016,2.439886599779129,repeat indices align samples but methods were timed sequentially; use independent-resample intervals
76,funnel,0,bucketed,history,64,1024,4,12,2.4819180071353912,2.573156513273716,repeat indices align samples but methods were timed sequentially; use independent-resample intervals
76,funnel,0,bucketed,history,64,1024,4,13,2.411622039973736,2.5360885858535767,repeat indices align samples but methods were timed sequentially; use independent-resample intervals
76,funnel,0,bucketed,history,64,1024,4,14,2.2913736179471016,2.4702059775590897,repeat indices align samples but methods were timed sequentially; use independent-resample intervals
76,funnel,0,bucketed,history,64,1024,4,15,2.368369810283184,2.6442190632224083,repeat indices align samples but methods were timed sequentially; use independent-resample intervals
76,funnel,0,bucketed,history,64,1024,4,16,2.4678275510668755,2.6468434557318687,repeat indices align samples but methods were timed sequentially; use independent-resample intervals
76,funnel,0,bucketed,history,64,1024,4,17,2.175946645438671,2.6370207741856575,repeat indices align samples but methods were timed sequentially; use independent-resample intervals
76,funnel,0,bucketed,history,64,1024,4,18,2.240767553448677,2.6734284684062004,repeat indices align samples but methods were timed sequentially; use independent-resample intervals
76,funnel,0,bucketed,history,64,1024,4,19,2.580259822309017,2.548564098775387,repeat indices align samples but methods were timed sequentially; use independent-resample intervals
76,funnel,0,bucketed,history,64,1024,4,20,2.186373606324196,2.641143672168255,repeat indices align samples but methods were timed sequentially; use independent-resample intervals
76,funnel,0,bucketed,history,64,1024,4,21,2.3630991727113724,2.624382160604,repeat indices align samples but methods were timed sequentially; use independent-resample intervals
76,funnel,0,bucketed,history,64,1024,4,22,2.199005849659443,2.6781188175082207,repeat indices align samples but methods were timed sequentially; use independent-resample intervals
76,funnel,0,bucketed,history,64,1024,4,23,2.3967281207442284,2.6243893280625343,repeat indices align samples but methods were timed sequentially; use independent-resample intervals
76,funnel,0,bucketed,history,64,1024,4,24,2.363950528204441,2.553889811038971,repeat indices align samples but methods were timed sequentially; use independent-resample intervals
76,funnel,0,bucketed,history,64,1024,4,25,2.3914119824767113,2.7428562566637993,repeat indices align samples but methods were timed sequentially; use independent-resample intervals
76,funnel,0,bucketed,history,64,1024,4,26,2.241848185658455,2.5540755093097687,repeat indices align samples but methods were timed sequentially; use independent-resample intervals
76,funnel,0,bucketed,history,64,1024,4,27,2.056478925049305,2.7656128108501434,repeat indices align samples but methods were timed sequentially; use independent-resample intervals
76,funnel,0,bucketed,history,64,1024,4,28,2.05696302652359,2.776113010942936,repeat indices align samples but methods were timed sequentially; use independent-resample intervals
76,funnel,0,bucketed,history,64,1024,4,29,2.2158383205533028,2.9512711092829704,repeat indices align samples but methods were timed sequentially; use independent-resample intervals
77,funnel,0,bucketed,history,128,1024,4,0,2.190577022731304,2.3681427389383316,repeat indices align samples but methods were timed sequentially; use independent-resample intervals
77,funnel,0,bucketed,history,128,1024,4,1,2.0027859434485435,2.426559239625931,repeat indices align samples but methods were timed sequentially; use independent-resample intervals
77,funnel,0,bucketed,history,128,1024,4,2,1.8878159373998642,2.526033714413643,repeat indices align samples but methods were timed sequentially; use independent-resample intervals
77,funnel,0,bucketed,history,128,1024,4,3,1.8531554639339447,2.5022698417305946,repeat indices align samples but methods were timed sequentially; use independent-resample intervals
77,funnel,0,bucketed,history,128,1024,4,4,2.0128574073314667,2.5787369906902313,repeat indices align samples but methods were timed sequentially; use independent-resample intervals
77,funnel,0,bucketed,history,128,1024,4,5,1.9379190802574158,2.455635741353035,repeat indices align samples but methods were timed sequentially; use independent-resample intervals
77,funnel,0,bucketed,history,128,1024,4,6,1.9690409004688263,2.510669305920601,repeat indices align samples but methods were timed sequentially; use independent-resample intervals
77,funnel,0,bucketed,history,128,1024,4,7,1.8032729998230934,2.366408236324787,repeat indices align samples but methods were timed sequentially; use independent-resample intervals
77,funnel,0,bucketed,history,128,1024,4,8,1.9865557625889778,2.619259297847748,repeat indices align samples but methods were timed sequentially; use independent-resample intervals
77,funnel,0,bucketed,history,128,1024,4,9,2.2085319459438324,2.510661594569683,repeat indices align samples but methods were timed sequentially; use independent-resample intervals
77,funnel,0,bucketed,history,128,1024,4,10,2.0972217693924904,2.4658863246440887,repeat indices align samples but methods were timed sequentially; use independent-resample intervals
77,funnel,0,bucketed,history,128,1024,4,11,2.1258418038487434,2.439886599779129,repeat indices align samples but methods were timed sequentially; use independent-resample intervals
77,funnel,0,bucketed,history,128,1024,4,12,2.235393539071083,2.573156513273716,repeat indices align samples but methods were timed sequentially; use independent-resample intervals
77,funnel,0,bucketed,history,128,1024,4,13,2.128888577222824,2.5360885858535767,repeat indices align samples but methods were timed sequentially; use independent-resample intervals
77,funnel,0,bucketed,history,128,1024,4,14,2.2040569335222244,2.4702059775590897,repeat indices align samples but methods were timed sequentially; use independent-resample intervals
77,funnel,0,bucketed,history,128,1024,4,15,2.052448809146881,2.6442190632224083,repeat indices align samples but methods were timed sequentially; use independent-resample intervals
77,funnel,0,bucketed,history,128,1024,4,16,2.1731482073664665,2.6468434557318687,repeat indices align samples but methods were timed sequentially; use independent-resample intervals
77,funnel,0,bucketed,history,128,1024,4,17,2.0467514991760254,2.6370207741856575,repeat indices align samples but methods were timed sequentially; use independent-resample intervals
77,funnel,0,bucketed,history,128,1024,4,18,2.0818692222237587,2.6734284684062004,repeat indices align samples but methods were timed sequentially; use independent-resample intervals
77,funnel,0,bucketed,history,128,1024,4,19,1.9727778807282448,2.548564098775387,repeat indices align samples but methods were timed sequentially; use independent-resample intervals
77,funnel,0,bucketed,history,128,1024,4,20,2.0760613456368446,2.641143672168255,repeat indices align samples but methods were timed sequentially; use independent-resample intervals
77,funnel,0,bucketed,history,128,1024,4,21,1.910019263625145,2.624382160604,repeat indices align samples but methods were timed sequentially; use independent-resample intervals
77,funnel,0,bucketed,history,128,1024,4,22,2.030769243836403,2.6781188175082207,repeat indices align samples but methods were timed sequentially; use independent-resample intervals
77,funnel,0,bucketed,history,128,1024,4,23,2.1907843351364136,2.6243893280625343,repeat indices align samples but methods were timed sequentially; use independent-resample intervals
77,funnel,0,bucketed,history,128,1024,4,24,2.118323341012001,2.553889811038971,repeat indices align samples but methods were timed sequentially; use independent-resample intervals
77,funnel,0,bucketed,history,128,1024,4,25,2.0425085201859474,2.7428562566637993,repeat indices align samples but methods were timed sequentially; use independent-resample intervals
77,funnel,0,bucketed,history,128,1024,4,26,1.9149284735321999,2.5540755093097687,repeat indices align samples but methods were timed sequentially; use independent-resample intervals
77,funnel,0,bucketed,history,128,1024,4,27,2.3675251081585884,2.7656128108501434,repeat indices align samples but methods were timed sequentially; use independent-resample intervals
77,funnel,0,bucketed,history,128,1024,4,28,2.4457542449235916,2.776113010942936,repeat indices align samples but methods were timed sequentially; use independent-resample intervals
77,funnel,0,bucketed,history,128,1024,4,29,2.4866601899266243,2.9512711092829704,repeat indices align samples but methods were timed sequentially; use independent-resample intervals
78,funnel,0,bucketed,last_depth,64,1024,4,0,2.2673562839627266,2.3681427389383316,repeat indices align samples but methods were timed sequentially; use independent-resample intervals
78,funnel,0,bucketed,last_depth,64,1024,4,1,2.324213959276676,2.426559239625931,repeat indices align samples but methods were timed sequentially; use independent-resample intervals
78,funnel,0,bucketed,last_depth,64,1024,4,2,2.2740480080246925,2.526033714413643,repeat indices align samples but methods were timed sequentially; use independent-resample intervals
78,funnel,0,bucketed,last_depth,64,1024,4,3,2.2663227915763855,2.5022698417305946,repeat indices align samples but methods were timed sequentially; use independent-resample intervals
78,funnel,0,bucketed,last_depth,64,1024,4,4,2.2522482573986053,2.5787369906902313,repeat indices align samples but methods were timed sequentially; use independent-resample intervals
78,funnel,0,bucketed,last_depth,64,1024,4,5,2.3869780376553535,2.455635741353035,repeat indices align samples but methods were timed sequentially; use independent-resample intervals
78,funnel,0,bucketed,last_depth,64,1024,4,6,2.2755724489688873,2.510669305920601,repeat indices align samples but methods were timed sequentially; use independent-resample intervals
78,funnel,0,bucketed,last_depth,64,1024,4,7,2.3563912510871887,2.366408236324787,repeat indices align samples but methods were timed sequentially; use independent-resample intervals
78,funnel,0,bucketed,last_depth,64,1024,4,8,2.4094697162508965,2.619259297847748,repeat indices align samples but methods were timed sequentially; use independent-resample intervals
78,funnel,0,bucketed,last_depth,64,1024,4,9,2.387772686779499,2.510661594569683,repeat indices align samples but methods were timed sequentially; use independent-resample intervals
78,funnel,0,bucketed,last_depth,64,1024,4,10,2.467726454138756,2.4658863246440887,repeat indices align samples but methods were timed sequentially; use independent-resample intervals
78,funnel,0,bucketed,last_depth,64,1024,4,11,2.4369196072220802,2.439886599779129,repeat indices align samples but methods were timed sequentially; use independent-resample intervals
78,funnel,0,bucketed,last_depth,64,1024,4,12,2.496891811490059,2.573156513273716,repeat indices align samples but methods were timed sequentially; use independent-resample intervals
78,funnel,0,bucketed,last_depth,64,1024,4,13,2.6355219706892967,2.5360885858535767,repeat indices align samples but methods were timed sequentially; use independent-resample intervals
78,funnel,0,bucketed,last_depth,64,1024,4,14,2.2818776816129684,2.4702059775590897,repeat indices align samples but methods were timed sequentially; use independent-resample intervals
78,funnel,0,bucketed,last_depth,64,1024,4,15,2.636213079094887,2.6442190632224083,repeat indices align samples but methods were timed sequentially; use independent-resample intervals
78,funnel,0,bucketed,last_depth,64,1024,4,16,2.3799133747816086,2.6468434557318687,repeat indices align samples but methods were timed sequentially; use independent-resample intervals
78,funnel,0,bucketed,last_depth,64,1024,4,17,2.639248564839363,2.6370207741856575,repeat indices align samples but methods were timed sequentially; use independent-resample intervals
78,funnel,0,bucketed,last_depth,64,1024,4,18,2.6726348847150803,2.6734284684062004,repeat indices align samples but methods were timed sequentially; use independent-resample intervals
78,funnel,0,bucketed,last_depth,64,1024,4,19,2.736891195178032,2.548564098775387,repeat indices align samples but methods were timed sequentially; use independent-resample intervals
78,funnel,0,bucketed,last_depth,64,1024,4,20,2.5215592458844185,2.641143672168255,repeat indices align samples but methods were timed sequentially; use independent-resample intervals
78,funnel,0,bucketed,last_depth,64,1024,4,21,2.392239786684513,2.624382160604,repeat indices align samples but methods were timed sequentially; use independent-resample intervals
78,funnel,0,bucketed,last_depth,64,1024,4,22,2.7065457850694656,2.6781188175082207,repeat indices align samples but methods were timed sequentially; use independent-resample intervals
78,funnel,0,bucketed,last_depth,64,1024,4,23,2.9793285354971886,2.6243893280625343,repeat indices align samples but methods were timed sequentially; use independent-resample intervals
78,funnel,0,bucketed,last_depth,64,1024,4,24,2.83681907504797,2.553889811038971,repeat indices align samples but methods were timed sequentially; use independent-resample intervals
78,funnel,0,bucketed,last_depth,64,1024,4,25,2.600475534796715,2.7428562566637993,repeat indices align samples but methods were timed sequentially; use independent-resample intervals
78,funnel,0,bucketed,last_depth,64,1024,4,26,2.665354736149311,2.5540755093097687,repeat indices align samples but methods were timed sequentially; use independent-resample intervals
78,funnel,0,bucketed,last_depth,64,1024,4,27,2.53256319463253,2.7656128108501434,repeat indices align samples but methods were timed sequentially; use independent-resample intervals
78,funnel,0,bucketed,last_depth,64,1024,4,28,2.2586390674114227,2.776113010942936,repeat indices align samples but methods were timed sequentially; use independent-resample intervals
78,funnel,0,bucketed,last_depth,64,1024,4,29,2.2675725296139717,2.9512711092829704,repeat indices align samples but methods were timed sequentially; use independent-resample intervals
79,funnel,0,bucketed,last_depth,128,1024,4,0,2.032230980694294,2.3681427389383316,repeat indices align samples but methods were timed sequentially; use independent-resample intervals
79,funnel,0,bucketed,last_depth,128,1024,4,1,2.0047017633914948,2.426559239625931,repeat indices align samples but methods were timed sequentially; use independent-resample intervals
79,funnel,0,bucketed,last_depth,128,1024,4,2,2.1636129915714264,2.526033714413643,repeat indices align samples but methods were timed sequentially; use independent-resample intervals
79,funnel,0,bucketed,last_depth,128,1024,4,3,2.1240656599402428,2.5022698417305946,repeat indices align samples but methods were timed sequentially; use independent-resample intervals
79,funnel,0,bucketed,last_depth,128,1024,4,4,2.058417432010174,2.5787369906902313,repeat indices align samples but methods were timed sequentially; use independent-resample intervals
79,funnel,0,bucketed,last_depth,128,1024,4,5,2.1998953819274902,2.455635741353035,repeat indices align samples but methods were timed sequentially; use independent-resample intervals
79,funnel,0,bucketed,last_depth,128,1024,4,6,2.1048883721232414,2.510669305920601,repeat indices align samples but methods were timed sequentially; use independent-resample intervals
79,funnel,0,bucketed,last_depth,128,1024,4,7,2.462202697992325,2.366408236324787,repeat indices align samples but methods were timed sequentially; use independent-resample intervals
79,funnel,0,bucketed,last_depth,128,1024,4,8,2.0260559022426605,2.619259297847748,repeat indices align samples but methods were timed sequentially; use independent-resample intervals
79,funnel,0,bucketed,last_depth,128,1024,4,9,2.2171023711562157,2.510661594569683,repeat indices align samples but methods were timed sequentially; use independent-resample intervals
79,funnel,0,bucketed,last_depth,128,1024,4,10,2.2096869572997093,2.4658863246440887,repeat indices align samples but methods were timed sequentially; use independent-resample intervals
79,funnel,0,bucketed,last_depth,128,1024,4,11,2.149531528353691,2.439886599779129,repeat indices align samples but methods were timed sequentially; use independent-resample intervals
79,funnel,0,bucketed,last_depth,128,1024,4,12,2.0711070522665977,2.573156513273716,repeat indices align samples but methods were timed sequentially; use independent-resample intervals
79,funnel,0,bucketed,last_depth,128,1024,4,13,2.0948309525847435,2.5360885858535767,repeat indices align samples but methods were timed sequentially; use independent-resample intervals
79,funnel,0,bucketed,last_depth,128,1024,4,14,2.3445212095975876,2.4702059775590897,repeat indices align samples but methods were timed sequentially; use independent-resample intervals
79,funnel,0,bucketed,last_depth,128,1024,4,15,2.0294954106211662,2.6442190632224083,repeat indices align samples but methods were timed sequentially; use independent-resample intervals
79,funnel,0,bucketed,last_depth,128,1024,4,16,2.0654539987444878,2.6468434557318687,repeat indices align samples but methods were timed sequentially; use independent-resample intervals
79,funnel,0,bucketed,last_depth,128,1024,4,17,2.308996893465519,2.6370207741856575,repeat indices align samples but methods were timed sequentially; use independent-resample intervals
79,funnel,0,bucketed,last_depth,128,1024,4,18,1.9562951177358627,2.6734284684062004,repeat indices align samples but methods were timed sequentially; use independent-resample intervals
79,funnel,0,bucketed,last_depth,128,1024,4,19,2.054728865623474,2.548564098775387,repeat indices align samples but methods were timed sequentially; use independent-resample intervals
79,funnel,0,bucketed,last_depth,128,1024,4,20,2.067538797855377,2.641143672168255,repeat indices align samples but methods were timed sequentially; use independent-resample intervals
79,funnel,0,bucketed,last_depth,128,1024,4,21,2.159654423594475,2.624382160604,repeat indices align samples but methods were timed sequentially; use independent-resample intervals
79,funnel,0,bucketed,last_depth,128,1024,4,22,2.29268691688776,2.6781188175082207,repeat indices align samples but methods were timed sequentially; use independent-resample intervals
79,funnel,0,bucketed,last_depth,128,1024,4,23,2.055184304714203,2.6243893280625343,repeat indices align samples but methods were timed sequentially; use independent-resample intervals
79,funnel,0,bucketed,last_depth,128,1024,4,24,2.3020912036299706,2.553889811038971,repeat indices align samples but methods were timed sequentially; use independent-resample intervals
79,funnel,0,bucketed,last_depth,128,1024,4,25,2.3526022881269455,2.7428562566637993,repeat indices align samples but methods were timed sequentially; use independent-resample intervals
79,funnel,0,bucketed,last_depth,128,1024,4,26,2.0755495354533195,2.5540755093097687,repeat indices align samples but methods were timed sequentially; use independent-resample intervals
79,funnel,0,bucketed,last_depth,128,1024,4,27,2.2376254200935364,2.7656128108501434,repeat indices align samples but methods were timed sequentially; use independent-resample intervals
79,funnel,0,bucketed,last_depth,128,1024,4,28,2.0694130957126617,2.776113010942936,repeat indices align samples but methods were timed sequentially; use independent-resample intervals
79,funnel,0,bucketed,last_depth,128,1024,4,29,2.0672290921211243,2.9512711092829704,repeat indices align samples but methods were timed sequentially; use independent-resample intervals
80,funnel,1,monolithic,monolithic,0,1024,4,0,2.586810126900673,2.586810126900673,repeat indices align samples but methods were timed sequentially; use independent-resample intervals
80,funnel,1,monolithic,monolithic,0,1024,4,1,2.5977449640631676,2.5977449640631676,repeat indices align samples but methods were timed sequentially; use independent-resample intervals
80,funnel,1,monolithic,monolithic,0,1024,4,2,2.7736651673913,2.7736651673913,repeat indices align samples but methods were timed sequentially; use independent-resample intervals
80,funnel,1,monolithic,monolithic,0,1024,4,3,2.686927132308483,2.686927132308483,repeat indices align samples but methods were timed sequentially; use independent-resample intervals
80,funnel,1,monolithic,monolithic,0,1024,4,4,2.71790761500597,2.71790761500597,repeat indices align samples but methods were timed sequentially; use independent-resample intervals
80,funnel,1,monolithic,monolithic,0,1024,4,5,2.655592381954193,2.655592381954193,repeat indices align samples but methods were timed sequentially; use independent-resample intervals
80,funnel,1,monolithic,monolithic,0,1024,4,6,2.7981812730431557,2.7981812730431557,repeat indices align samples but methods were timed sequentially; use independent-resample intervals
80,funnel,1,monolithic,monolithic,0,1024,4,7,2.974741593003273,2.974741593003273,repeat indices align samples but methods were timed sequentially; use independent-resample intervals
80,funnel,1,monolithic,monolithic,0,1024,4,8,2.6963361352682114,2.6963361352682114,repeat indices align samples but methods were timed sequentially; use independent-resample intervals
80,funnel,1,monolithic,monolithic,0,1024,4,9,2.6604815796017647,2.6604815796017647,repeat indices align samples but methods were timed sequentially; use independent-resample intervals
80,funnel,1,monolithic,monolithic,0,1024,4,10,2.440031036734581,2.440031036734581,repeat indices align samples but methods were timed sequentially; use independent-resample intervals
80,funnel,1,monolithic,monolithic,0,1024,4,11,2.4866039007902145,2.4866039007902145,repeat indices align samples but methods were timed sequentially; use independent-resample intervals
80,funnel,1,monolithic,monolithic,0,1024,4,12,2.790698267519474,2.790698267519474,repeat indices align samples but methods were timed sequentially; use independent-resample intervals
80,funnel,1,monolithic,monolithic,0,1024,4,13,2.7033071890473366,2.7033071890473366,repeat indices align samples but methods were timed sequentially; use independent-resample intervals
80,funnel,1,monolithic,monolithic,0,1024,4,14,2.4861380606889725,2.4861380606889725,repeat indices align samples but methods were timed sequentially; use independent-resample intervals
80,funnel,1,monolithic,monolithic,0,1024,4,15,2.517732970416546,2.517732970416546,repeat indices align samples but methods were timed sequentially; use independent-resample intervals
80,funnel,1,monolithic,monolithic,0,1024,4,16,2.64453162252903,2.64453162252903,repeat indices align samples but methods were timed sequentially; use independent-resample intervals
80,funnel,1,monolithic,monolithic,0,1024,4,17,2.5071949437260628,2.5071949437260628,repeat indices align samples but methods were timed sequentially; use independent-resample intervals
80,funnel,1,monolithic,monolithic,0,1024,4,18,2.6012701839208603,2.6012701839208603,repeat indices align samples but methods were timed sequentially; use independent-resample intervals
80,funnel,1,monolithic,monolithic,0,1024,4,19,2.638118475675583,2.638118475675583,repeat indices align samples but methods were timed sequentially; use independent-resample intervals
80,funnel,1,monolithic,monolithic,0,1024,4,20,2.532691568136215,2.532691568136215,repeat indices align samples but methods were timed sequentially; use independent-resample intervals
80,funnel,1,monolithic,monolithic,0,1024,4,21,2.6206262707710266,2.6206262707710266,repeat indices align samples but methods were timed sequentially; use independent-resample intervals
80,funnel,1,monolithic,monolithic,0,1024,4,22,2.6452499628067017,2.6452499628067017,repeat indices align samples but methods were timed sequentially; use independent-resample intervals
80,funnel,1,monolithic,monolithic,0,1024,4,23,2.6761434450745583,2.6761434450745583,repeat indices align samples but methods were timed sequentially; use independent-resample intervals
80,funnel,1,monolithic,monolithic,0,1024,4,24,2.551299124956131,2.551299124956131,repeat indices align samples but methods were timed sequentially; use independent-resample intervals
80,funnel,1,monolithic,monolithic,0,1024,4,25,2.8024291917681694,2.8024291917681694,repeat indices align samples but methods were timed sequentially; use independent-resample intervals
80,funnel,1,monolithic,monolithic,0,1024,4,26,2.654179073870182,2.654179073870182,repeat indices align samples but methods were timed sequentially; use independent-resample intervals
80,funnel,1,monolithic,monolithic,0,1024,4,27,2.551643878221512,2.551643878221512,repeat indices align samples but methods were timed sequentially; use independent-resample intervals
80,funnel,1,monolithic,monolithic,0,1024,4,28,2.7554072961211205,2.7554072961211205,repeat indices align samples but methods were timed sequentially; use independent-resample intervals
80,funnel,1,monolithic,monolithic,0,1024,4,29,2.8437496945261955,2.8437496945261955,repeat indices align samples but methods were timed sequentially; use independent-resample intervals
81,funnel,1,bucketed,history,64,1024,4,0,2.3010701537132263,2.586810126900673,repeat indices align samples but methods were timed sequentially; use independent-resample intervals
81,funnel,1,bucketed,history,64,1024,4,1,2.293833576142788,2.5977449640631676,repeat indices align samples but methods were timed sequentially; use independent-resample intervals
81,funnel,1,bucketed,history,64,1024,4,2,2.039534315466881,2.7736651673913,repeat indices align samples but methods were timed sequentially; use independent-resample intervals
81,funnel,1,bucketed,history,64,1024,4,3,2.0977675169706345,2.686927132308483,repeat indices align samples but methods were timed sequentially; use independent-resample intervals
81,funnel,1,bucketed,history,64,1024,4,4,1.9265134930610657,2.71790761500597,repeat indices align samples but methods were timed sequentially; use independent-resample intervals
81,funnel,1,bucketed,history,64,1024,4,5,2.0756507590413094,2.655592381954193,repeat indices align samples but methods were timed sequentially; use independent-resample intervals
81,funnel,1,bucketed,history,64,1024,4,6,2.1138204857707024,2.7981812730431557,repeat indices align samples but methods were timed sequentially; use independent-resample intervals
81,funnel,1,bucketed,history,64,1024,4,7,2.226500354707241,2.974741593003273,repeat indices align samples but methods were timed sequentially; use independent-resample intervals
81,funnel,1,bucketed,history,64,1024,4,8,2.0695337504148483,2.6963361352682114,repeat indices align samples but methods were timed sequentially; use independent-resample intervals
81,funnel,1,bucketed,history,64,1024,4,9,2.042597383260727,2.6604815796017647,repeat indices align samples but methods were timed sequentially; use independent-resample intervals
81,funnel,1,bucketed,history,64,1024,4,10,2.1707882583141327,2.440031036734581,repeat indices align samples but methods were timed sequentially; use independent-resample intervals
81,funnel,1,bucketed,history,64,1024,4,11,2.3420727029442787,2.4866039007902145,repeat indices align samples but methods were timed sequentially; use independent-resample intervals
81,funnel,1,bucketed,history,64,1024,4,12,2.2077321857213974,2.790698267519474,repeat indices align samples but methods were timed sequentially; use independent-resample intervals
81,funnel,1,bucketed,history,64,1024,4,13,2.5031555742025375,2.7033071890473366,repeat indices align samples but methods were timed sequentially; use independent-resample intervals
81,funnel,1,bucketed,history,64,1024,4,14,2.2132494896650314,2.4861380606889725,repeat indices align samples but methods were timed sequentially; use independent-resample intervals
81,funnel,1,bucketed,history,64,1024,4,15,1.991639755666256,2.517732970416546,repeat indices align samples but methods were timed sequentially; use independent-resample intervals
81,funnel,1,bucketed,history,64,1024,4,16,2.2650278732180595,2.64453162252903,repeat indices align samples but methods were timed sequentially; use independent-resample intervals
81,funnel,1,bucketed,history,64,1024,4,17,2.1148551926016808,2.5071949437260628,repeat indices align samples but methods were timed sequentially; use independent-resample intervals
81,funnel,1,bucketed,history,64,1024,4,18,2.056124337017536,2.6012701839208603,repeat indices align samples but methods were timed sequentially; use independent-resample intervals
81,funnel,1,bucketed,history,64,1024,4,19,2.2125243321061134,2.638118475675583,repeat indices align samples but methods were timed sequentially; use independent-resample intervals
81,funnel,1,bucketed,history,64,1024,4,20,2.06402026116848,2.532691568136215,repeat indices align samples but methods were timed sequentially; use independent-resample intervals
81,funnel,1,bucketed,history,64,1024,4,21,2.139999099075794,2.6206262707710266,repeat indices align samples but methods were timed sequentially; use independent-resample intervals
81,funnel,1,bucketed,history,64,1024,4,22,2.1627717539668083,2.6452499628067017,repeat indices align samples but methods were timed sequentially; use independent-resample intervals
81,funnel,1,bucketed,history,64,1024,4,23,2.186280719935894,2.6761434450745583,repeat indices align samples but methods were timed sequentially; use independent-resample intervals
81,funnel,1,bucketed,history,64,1024,4,24,2.196639634668827,2.551299124956131,repeat indices align samples but methods were timed sequentially; use independent-resample intervals
81,funnel,1,bucketed,history,64,1024,4,25,2.464376650750637,2.8024291917681694,repeat indices align samples but methods were timed sequentially; use independent-resample intervals
81,funnel,1,bucketed,history,64,1024,4,26,2.4406131729483604,2.654179073870182,repeat indices align samples but methods were timed sequentially; use independent-resample intervals
81,funnel,1,bucketed,history,64,1024,4,27,2.3347861766815186,2.551643878221512,repeat indices align samples but methods were timed sequentially; use independent-resample intervals
81,funnel,1,bucketed,history,64,1024,4,28,2.3168368190526962,2.7554072961211205,repeat indices align samples but methods were timed sequentially; use independent-resample intervals
81,funnel,1,bucketed,history,64,1024,4,29,2.309432230889797,2.8437496945261955,repeat indices align samples but methods were timed sequentially; use independent-resample intervals
82,funnel,1,bucketed,history,128,1024,4,0,1.9948293790221214,2.586810126900673,repeat indices align samples but methods were timed sequentially; use independent-resample intervals
82,funnel,1,bucketed,history,128,1024,4,1,2.12383870780468,2.5977449640631676,repeat indices align samples but methods were timed sequentially; use independent-resample intervals
82,funnel,1,bucketed,history,128,1024,4,2,2.160863444209099,2.7736651673913,repeat indices align samples but methods were timed sequentially; use independent-resample intervals
82,funnel,1,bucketed,history,128,1024,4,3,2.242575414478779,2.686927132308483,repeat indices align samples but methods were timed sequentially; use independent-resample intervals
82,funnel,1,bucketed,history,128,1024,4,4,2.403290368616581,2.71790761500597,repeat indices align samples but methods were timed sequentially; use independent-resample intervals
82,funnel,1,bucketed,history,128,1024,4,5,2.1363406479358673,2.655592381954193,repeat indices align samples but methods were timed sequentially; use independent-resample intervals
82,funnel,1,bucketed,history,128,1024,4,6,1.939584843814373,2.7981812730431557,repeat indices align samples but methods were timed sequentially; use independent-resample intervals
82,funnel,1,bucketed,history,128,1024,4,7,1.9074146896600723,2.974741593003273,repeat indices align samples but methods were timed sequentially; use independent-resample intervals
82,funnel,1,bucketed,history,128,1024,4,8,1.9822929501533508,2.6963361352682114,repeat indices align samples but methods were timed sequentially; use independent-resample intervals
82,funnel,1,bucketed,history,128,1024,4,9,1.8372980207204819,2.6604815796017647,repeat indices align samples but methods were timed sequentially; use independent-resample intervals
82,funnel,1,bucketed,history,128,1024,4,10,1.828956387937069,2.440031036734581,repeat indices align samples but methods were timed sequentially; use independent-resample intervals
82,funnel,1,bucketed,history,128,1024,4,11,1.848480649292469,2.4866039007902145,repeat indices align samples but methods were timed sequentially; use independent-resample intervals
82,funnel,1,bucketed,history,128,1024,4,12,1.864845260977745,2.790698267519474,repeat indices align samples but methods were timed sequentially; use independent-resample intervals
82,funnel,1,bucketed,history,128,1024,4,13,1.8991248980164528,2.7033071890473366,repeat indices align samples but methods were timed sequentially; use independent-resample intervals
82,funnel,1,bucketed,history,128,1024,4,14,1.9478660747408867,2.4861380606889725,repeat indices align samples but methods were timed sequentially; use independent-resample intervals
82,funnel,1,bucketed,history,128,1024,4,15,2.0078818425536156,2.517732970416546,repeat indices align samples but methods were timed sequentially; use independent-resample intervals
82,funnel,1,bucketed,history,128,1024,4,16,2.147530548274517,2.64453162252903,repeat indices align samples but methods were timed sequentially; use independent-resample intervals
82,funnel,1,bucketed,history,128,1024,4,17,1.9653608873486519,2.5071949437260628,repeat indices align samples but methods were timed sequentially; use independent-resample intervals
82,funnel,1,bucketed,history,128,1024,4,18,2.080950900912285,2.6012701839208603,repeat indices align samples but methods were timed sequentially; use independent-resample intervals
82,funnel,1,bucketed,history,128,1024,4,19,2.0236403048038483,2.638118475675583,repeat indices align samples but methods were timed sequentially; use independent-resample intervals
82,funnel,1,bucketed,history,128,1024,4,20,2.0579970702528954,2.532691568136215,repeat indices align samples but methods were timed sequentially; use independent-resample intervals
82,funnel,1,bucketed,history,128,1024,4,21,2.118339128792286,2.6206262707710266,repeat indices align samples but methods were timed sequentially; use independent-resample intervals
82,funnel,1,bucketed,history,128,1024,4,22,2.041193500161171,2.6452499628067017,repeat indices align samples but methods were timed sequentially; use independent-resample intervals
82,funnel,1,bucketed,history,128,1024,4,23,2.0133778899908066,2.6761434450745583,repeat indices align samples but methods were timed sequentially; use independent-resample intervals
82,funnel,1,bucketed,history,128,1024,4,24,2.2470843717455864,2.551299124956131,repeat indices align samples but methods were timed sequentially; use independent-resample intervals
82,funnel,1,bucketed,history,128,1024,4,25,2.075311541557312,2.8024291917681694,repeat indices align samples but methods were timed sequentially; use independent-resample intervals
82,funnel,1,bucketed,history,128,1024,4,26,2.131647676229477,2.654179073870182,repeat indices align samples but methods were timed sequentially; use independent-resample intervals
82,funnel,1,bucketed,history,128,1024,4,27,2.1547934859991074,2.551643878221512,repeat indices align samples but methods were timed sequentially; use independent-resample intervals
82,funnel,1,bucketed,history,128,1024,4,28,2.016913950443268,2.7554072961211205,repeat indices align samples but methods were timed sequentially; use independent-resample intervals
82,funnel,1,bucketed,history,128,1024,4,29,2.00344081223011,2.8437496945261955,repeat indices align samples but methods were timed sequentially; use independent-resample intervals
83,funnel,1,bucketed,last_depth,64,1024,4,0,2.392312489449978,2.586810126900673,repeat indices align samples but methods were timed sequentially; use independent-resample intervals
83,funnel,1,bucketed,last_depth,64,1024,4,1,2.3345407992601395,2.5977449640631676,repeat indices align samples but methods were timed sequentially; use independent-resample intervals
83,funnel,1,bucketed,last_depth,64,1024,4,2,2.358695328235626,2.7736651673913,repeat indices align samples but methods were timed sequentially; use independent-resample intervals
83,funnel,1,bucketed,last_depth,64,1024,4,3,2.365664981305599,2.686927132308483,repeat indices align samples but methods were timed sequentially; use independent-resample intervals
83,funnel,1,bucketed,last_depth,64,1024,4,4,2.5278921648859978,2.71790761500597,repeat indices align samples but methods were timed sequentially; use independent-resample intervals
83,funnel,1,bucketed,last_depth,64,1024,4,5,2.24837264418602,2.655592381954193,repeat indices align samples but methods were timed sequentially; use independent-resample intervals
83,funnel,1,bucketed,last_depth,64,1024,4,6,2.2740430906414986,2.7981812730431557,repeat indices align samples but methods were timed sequentially; use independent-resample intervals
83,funnel,1,bucketed,last_depth,64,1024,4,7,2.1862552165985107,2.974741593003273,repeat indices align samples but methods were timed sequentially; use independent-resample intervals
83,funnel,1,bucketed,last_depth,64,1024,4,8,2.4547162130475044,2.6963361352682114,repeat indices align samples but methods were timed sequentially; use independent-resample intervals
83,funnel,1,bucketed,last_depth,64,1024,4,9,2.176627866923809,2.6604815796017647,repeat indices align samples but methods were timed sequentially; use independent-resample intervals
83,funnel,1,bucketed,last_depth,64,1024,4,10,2.2582958713173866,2.440031036734581,repeat indices align samples but methods were timed sequentially; use independent-resample intervals
83,funnel,1,bucketed,last_depth,64,1024,4,11,2.062705807387829,2.4866039007902145,repeat indices align samples but methods were timed sequentially; use independent-resample intervals
83,funnel,1,bucketed,last_depth,64,1024,4,12,2.1987093091011047,2.790698267519474,repeat indices align samples but methods were timed sequentially; use independent-resample intervals
83,funnel,1,bucketed,last_depth,64,1024,4,13,2.0726532340049744,2.7033071890473366,repeat indices align samples but methods were timed sequentially; use independent-resample intervals
83,funnel,1,bucketed,last_depth,64,1024,4,14,2.4624137058854103,2.4861380606889725,repeat indices align samples but methods were timed sequentially; use independent-resample intervals
83,funnel,1,bucketed,last_depth,64,1024,4,15,2.3400653451681137,2.517732970416546,repeat indices align samples but methods were timed sequentially; use independent-resample intervals
83,funnel,1,bucketed,last_depth,64,1024,4,16,2.1246044039726257,2.64453162252903,repeat indices align samples but methods were timed sequentially; use independent-resample intervals
83,funnel,1,bucketed,last_depth,64,1024,4,17,2.2598691657185555,2.5071949437260628,repeat indices align samples but methods were timed sequentially; use independent-resample intervals
83,funnel,1,bucketed,last_depth,64,1024,4,18,2.3522128760814667,2.6012701839208603,repeat indices align samples but methods were timed sequentially; use independent-resample intervals
83,funnel,1,bucketed,last_depth,64,1024,4,19,2.388793133199215,2.638118475675583,repeat indices align samples but methods were timed sequentially; use independent-resample intervals
83,funnel,1,bucketed,last_depth,64,1024,4,20,2.7007952332496643,2.532691568136215,repeat indices align samples but methods were timed sequentially; use independent-resample intervals
83,funnel,1,bucketed,last_depth,64,1024,4,21,2.6379349902272224,2.6206262707710266,repeat indices align samples but methods were timed sequentially; use independent-resample intervals
83,funnel,1,bucketed,last_depth,64,1024,4,22,2.2200776115059853,2.6452499628067017,repeat indices align samples but methods were timed sequentially; use independent-resample intervals
83,funnel,1,bucketed,last_depth,64,1024,4,23,2.1786260679364204,2.6761434450745583,repeat indices align samples but methods were timed sequentially; use independent-resample intervals
83,funnel,1,bucketed,last_depth,64,1024,4,24,2.238568350672722,2.551299124956131,repeat indices align samples but methods were timed sequentially; use independent-resample intervals
83,funnel,1,bucketed,last_depth,64,1024,4,25,1.9583161175251007,2.8024291917681694,repeat indices align samples but methods were timed sequentially; use independent-resample intervals
83,funnel,1,bucketed,last_depth,64,1024,4,26,2.1136127188801765,2.654179073870182,repeat indices align samples but methods were timed sequentially; use independent-resample intervals
83,funnel,1,bucketed,last_depth,64,1024,4,27,2.2931262850761414,2.551643878221512,repeat indices align samples but methods were timed sequentially; use independent-resample intervals
83,funnel,1,bucketed,last_depth,64,1024,4,28,2.253176763653755,2.7554072961211205,repeat indices align samples but methods were timed sequentially; use independent-resample intervals
83,funnel,1,bucketed,last_depth,64,1024,4,29,2.1482438892126083,2.8437496945261955,repeat indices align samples but methods were timed sequentially; use independent-resample intervals
84,funnel,1,bucketed,last_depth,128,1024,4,0,2.101332664489746,2.586810126900673,repeat indices align samples but methods were timed sequentially; use independent-resample intervals
84,funnel,1,bucketed,last_depth,128,1024,4,1,1.9530312195420265,2.5977449640631676,repeat indices align samples but methods were timed sequentially; use independent-resample intervals
84,funnel,1,bucketed,last_depth,128,1024,4,2,2.1199380680918694,2.7736651673913,repeat indices align samples but methods were timed sequentially; use independent-resample intervals
84,funnel,1,bucketed,last_depth,128,1024,4,3,1.9590583369135857,2.686927132308483,repeat indices align samples but methods were timed sequentially; use independent-resample intervals
84,funnel,1,bucketed,last_depth,128,1024,4,4,2.055994100868702,2.71790761500597,repeat indices align samples but methods were timed sequentially; use independent-resample intervals
84,funnel,1,bucketed,last_depth,128,1024,4,5,1.9855222776532173,2.655592381954193,repeat indices align samples but methods were timed sequentially; use independent-resample intervals
84,funnel,1,bucketed,last_depth,128,1024,4,6,2.1349479034543037,2.7981812730431557,repeat indices align samples but methods were timed sequentially; use independent-resample intervals
84,funnel,1,bucketed,last_depth,128,1024,4,7,1.8935137391090393,2.974741593003273,repeat indices align samples but methods were timed sequentially; use independent-resample intervals
84,funnel,1,bucketed,last_depth,128,1024,4,8,2.159268319606781,2.6963361352682114,repeat indices align samples but methods were timed sequentially; use independent-resample intervals
84,funnel,1,bucketed,last_depth,128,1024,4,9,2.447803772985935,2.6604815796017647,repeat indices align samples but methods were timed sequentially; use independent-resample intervals
84,funnel,1,bucketed,last_depth,128,1024,4,10,2.1477228477597237,2.440031036734581,repeat indices align samples but methods were timed sequentially; use independent-resample intervals
84,funnel,1,bucketed,last_depth,128,1024,4,11,2.3046618923544884,2.4866039007902145,repeat indices align samples but methods were timed sequentially; use independent-resample intervals
84,funnel,1,bucketed,last_depth,128,1024,4,12,2.017374701797962,2.790698267519474,repeat indices align samples but methods were timed sequentially; use independent-resample intervals
84,funnel,1,bucketed,last_depth,128,1024,4,13,2.136282190680504,2.7033071890473366,repeat indices align samples but methods were timed sequentially; use independent-resample intervals
84,funnel,1,bucketed,last_depth,128,1024,4,14,2.0230073630809784,2.4861380606889725,repeat indices align samples but methods were timed sequentially; use independent-resample intervals
84,funnel,1,bucketed,last_depth,128,1024,4,15,2.1748636811971664,2.517732970416546,repeat indices align samples but methods were timed sequentially; use independent-resample intervals
84,funnel,1,bucketed,last_depth,128,1024,4,16,2.324375793337822,2.64453162252903,repeat indices align samples but methods were timed sequentially; use independent-resample intervals
84,funnel,1,bucketed,last_depth,128,1024,4,17,2.194542571902275,2.5071949437260628,repeat indices align samples but methods were timed sequentially; use independent-resample intervals
84,funnel,1,bucketed,last_depth,128,1024,4,18,2.3340602219104767,2.6012701839208603,repeat indices align samples but methods were timed sequentially; use independent-resample intervals
84,funnel,1,bucketed,last_depth,128,1024,4,19,2.246675781905651,2.638118475675583,repeat indices align samples but methods were timed sequentially; use independent-resample intervals
84,funnel,1,bucketed,last_depth,128,1024,4,20,2.019878402352333,2.532691568136215,repeat indices align samples but methods were timed sequentially; use independent-resample intervals
84,funnel,1,bucketed,last_depth,128,1024,4,21,2.1061258390545845,2.6206262707710266,repeat indices align samples but methods were timed sequentially; use independent-resample intervals
84,funnel,1,bucketed,last_depth,128,1024,4,22,2.076177053153515,2.6452499628067017,repeat indices align samples but methods were timed sequentially; use independent-resample intervals
84,funnel,1,bucketed,last_depth,128,1024,4,23,2.4308271184563637,2.6761434450745583,repeat indices align samples but methods were timed sequentially; use independent-resample intervals
84,funnel,1,bucketed,last_depth,128,1024,4,24,2.1811902225017548,2.551299124956131,repeat indices align samples but methods were timed sequentially; use independent-resample intervals
84,funnel,1,bucketed,last_depth,128,1024,4,25,2.1605847775936127,2.8024291917681694,repeat indices align samples but methods were timed sequentially; use independent-resample intervals
84,funnel,1,bucketed,last_depth,128,1024,4,26,2.0630806758999825,2.654179073870182,repeat indices align samples but methods were timed sequentially; use independent-resample intervals
84,funnel,1,bucketed,last_depth,128,1024,4,27,2.194182015955448,2.551643878221512,repeat indices align samples but methods were timed sequentially; use independent-resample intervals
84,funnel,1,bucketed,last_depth,128,1024,4,28,2.2373869866132736,2.7554072961211205,repeat indices align samples but methods were timed sequentially; use independent-resample intervals
84,funnel,1,bucketed,last_depth,128,1024,4,29,2.200196333229542,2.8437496945261955,repeat indices align samples but methods were timed sequentially; use independent-resample intervals
85,funnel,2,monolithic,monolithic,0,1024,4,0,2.772590033710003,2.772590033710003,repeat indices align samples but methods were timed sequentially; use independent-resample intervals
85,funnel,2,monolithic,monolithic,0,1024,4,1,2.9199933111667633,2.9199933111667633,repeat indices align samples but methods were timed sequentially; use independent-resample intervals
85,funnel,2,monolithic,monolithic,0,1024,4,2,3.0491748452186584,3.0491748452186584,repeat indices align samples but methods were timed sequentially; use independent-resample intervals
85,funnel,2,monolithic,monolithic,0,1024,4,3,2.715550050139427,2.715550050139427,repeat indices align samples but methods were timed sequentially; use independent-resample intervals
85,funnel,2,monolithic,monolithic,0,1024,4,4,2.8205316215753555,2.8205316215753555,repeat indices align samples but methods were timed sequentially; use independent-resample intervals
85,funnel,2,monolithic,monolithic,0,1024,4,5,2.7618356496095657,2.7618356496095657,repeat indices align samples but methods were timed sequentially; use independent-resample intervals
85,funnel,2,monolithic,monolithic,0,1024,4,6,2.7417979165911674,2.7417979165911674,repeat indices align samples but methods were timed sequentially; use independent-resample intervals
85,funnel,2,monolithic,monolithic,0,1024,4,7,2.6939769610762596,2.6939769610762596,repeat indices align samples but methods were timed sequentially; use independent-resample intervals
85,funnel,2,monolithic,monolithic,0,1024,4,8,2.5936036109924316,2.5936036109924316,repeat indices align samples but methods were timed sequentially; use independent-resample intervals
85,funnel,2,monolithic,monolithic,0,1024,4,9,2.8974105939269066,2.8974105939269066,repeat indices align samples but methods were timed sequentially; use independent-resample intervals
85,funnel,2,monolithic,monolithic,0,1024,4,10,3.0125862136483192,3.0125862136483192,repeat indices align samples but methods were timed sequentially; use independent-resample intervals
85,funnel,2,monolithic,monolithic,0,1024,4,11,2.7951654195785522,2.7951654195785522,repeat indices align samples but methods were timed sequentially; use independent-resample intervals
85,funnel,2,monolithic,monolithic,0,1024,4,12,2.736240975558758,2.736240975558758,repeat indices align samples but methods were timed sequentially; use independent-resample intervals
85,funnel,2,monolithic,monolithic,0,1024,4,13,2.612112022936344,2.612112022936344,repeat indices align samples but methods were timed sequentially; use independent-resample intervals
85,funnel,2,monolithic,monolithic,0,1024,4,14,2.6775268837809563,2.6775268837809563,repeat indices align samples but methods were timed sequentially; use independent-resample intervals
85,funnel,2,monolithic,monolithic,0,1024,4,15,2.5820532962679863,2.5820532962679863,repeat indices align samples but methods were timed sequentially; use independent-resample intervals
85,funnel,2,monolithic,monolithic,0,1024,4,16,2.509825110435486,2.509825110435486,repeat indices align samples but methods were timed sequentially; use independent-resample intervals
85,funnel,2,monolithic,monolithic,0,1024,4,17,2.7378807738423347,2.7378807738423347,repeat indices align samples but methods were timed sequentially; use independent-resample intervals
85,funnel,2,monolithic,monolithic,0,1024,4,18,2.719807155430317,2.719807155430317,repeat indices align samples but methods were timed sequentially; use independent-resample intervals
85,funnel,2,monolithic,monolithic,0,1024,4,19,2.7681089267134666,2.7681089267134666,repeat indices align samples but methods were timed sequentially; use independent-resample intervals
85,funnel,2,monolithic,monolithic,0,1024,4,20,2.809388190507889,2.809388190507889,repeat indices align samples but methods were timed sequentially; use independent-resample intervals
85,funnel,2,monolithic,monolithic,0,1024,4,21,2.669997401535511,2.669997401535511,repeat indices align samples but methods were timed sequentially; use independent-resample intervals
85,funnel,2,monolithic,monolithic,0,1024,4,22,2.843833975493908,2.843833975493908,repeat indices align samples but methods were timed sequentially; use independent-resample intervals
85,funnel,2,monolithic,monolithic,0,1024,4,23,2.6923142299056053,2.6923142299056053,repeat indices align samples but methods were timed sequentially; use independent-resample intervals
85,funnel,2,monolithic,monolithic,0,1024,4,24,2.6478318497538567,2.6478318497538567,repeat indices align samples but methods were timed sequentially; use independent-resample intervals
85,funnel,2,monolithic,monolithic,0,1024,4,25,2.7185668498277664,2.7185668498277664,repeat indices align samples but methods were timed sequentially; use independent-resample intervals
85,funnel,2,monolithic,monolithic,0,1024,4,26,2.569815970957279,2.569815970957279,repeat indices align samples but methods were timed sequentially; use independent-resample intervals
85,funnel,2,monolithic,monolithic,0,1024,4,27,2.5171185433864594,2.5171185433864594,repeat indices align samples but methods were timed sequentially; use independent-resample intervals
85,funnel,2,monolithic,monolithic,0,1024,4,28,2.8100264593958855,2.8100264593958855,repeat indices align samples but methods were timed sequentially; use independent-resample intervals
85,funnel,2,monolithic,monolithic,0,1024,4,29,2.827650547027588,2.827650547027588,repeat indices align samples but methods were timed sequentially; use independent-resample intervals
86,funnel,2,bucketed,history,64,1024,4,0,2.387022040784359,2.772590033710003,repeat indices align samples but methods were timed sequentially; use independent-resample intervals
86,funnel,2,bucketed,history,64,1024,4,1,2.527130849659443,2.9199933111667633,repeat indices align samples but methods were timed sequentially; use independent-resample intervals
86,funnel,2,bucketed,history,64,1024,4,2,2.5156683325767517,3.0491748452186584,repeat indices align samples but methods were timed sequentially; use independent-resample intervals
86,funnel,2,bucketed,history,64,1024,4,3,2.327854745090008,2.715550050139427,repeat indices align samples but methods were timed sequentially; use independent-resample intervals
86,funnel,2,bucketed,history,64,1024,4,4,2.4100546091794968,2.8205316215753555,repeat indices align samples but methods were timed sequentially; use independent-resample intervals
86,funnel,2,bucketed,history,64,1024,4,5,2.3711401596665382,2.7618356496095657,repeat indices align samples but methods were timed sequentially; use independent-resample intervals
86,funnel,2,bucketed,history,64,1024,4,6,2.5405885577201843,2.7417979165911674,repeat indices align samples but methods were timed sequentially; use independent-resample intervals
86,funnel,2,bucketed,history,64,1024,4,7,2.7350150868296623,2.6939769610762596,repeat indices align samples but methods were timed sequentially; use independent-resample intervals
86,funnel,2,bucketed,history,64,1024,4,8,2.559235319495201,2.5936036109924316,repeat indices align samples but methods were timed sequentially; use independent-resample intervals
86,funnel,2,bucketed,history,64,1024,4,9,2.1474114656448364,2.8974105939269066,repeat indices align samples but methods were timed sequentially; use independent-resample intervals
86,funnel,2,bucketed,history,64,1024,4,10,2.1468219459056854,3.0125862136483192,repeat indices align samples but methods were timed sequentially; use independent-resample intervals
86,funnel,2,bucketed,history,64,1024,4,11,2.3683197125792503,2.7951654195785522,repeat indices align samples but methods were timed sequentially; use independent-resample intervals
86,funnel,2,bucketed,history,64,1024,4,12,2.3056560680270195,2.736240975558758,repeat indices align samples but methods were timed sequentially; use independent-resample intervals
86,funnel,2,bucketed,history,64,1024,4,13,2.2466132268309593,2.612112022936344,repeat indices align samples but methods were timed sequentially; use independent-resample intervals
86,funnel,2,bucketed,history,64,1024,4,14,2.1428984701633453,2.6775268837809563,repeat indices align samples but methods were timed sequentially; use independent-resample intervals
86,funnel,2,bucketed,history,64,1024,4,15,1.9169437065720558,2.5820532962679863,repeat indices align samples but methods were timed sequentially; use independent-resample intervals
86,funnel,2,bucketed,history,64,1024,4,16,2.1948555186390877,2.509825110435486,repeat indices align samples but methods were timed sequentially; use independent-resample intervals
86,funnel,2,bucketed,history,64,1024,4,17,2.421497091650963,2.7378807738423347,repeat indices align samples but methods were timed sequentially; use independent-resample intervals
86,funnel,2,bucketed,history,64,1024,4,18,2.115813262760639,2.719807155430317,repeat indices align samples but methods were timed sequentially; use independent-resample intervals
86,funnel,2,bucketed,history,64,1024,4,19,2.222067192196846,2.7681089267134666,repeat indices align samples but methods were timed sequentially; use independent-resample intervals
86,funnel,2,bucketed,history,64,1024,4,20,2.283133551478386,2.809388190507889,repeat indices align samples but methods were timed sequentially; use independent-resample intervals
86,funnel,2,bucketed,history,64,1024,4,21,2.0114598870277405,2.669997401535511,repeat indices align samples but methods were timed sequentially; use independent-resample intervals
86,funnel,2,bucketed,history,64,1024,4,22,2.0799288004636765,2.843833975493908,repeat indices align samples but methods were timed sequentially; use independent-resample intervals
86,funnel,2,bucketed,history,64,1024,4,23,2.089344173669815,2.6923142299056053,repeat indices align samples but methods were timed sequentially; use independent-resample intervals
86,funnel,2,bucketed,history,64,1024,4,24,1.954030655324459,2.6478318497538567,repeat indices align samples but methods were timed sequentially; use independent-resample intervals
86,funnel,2,bucketed,history,64,1024,4,25,2.0115793645381927,2.7185668498277664,repeat indices align samples but methods were timed sequentially; use independent-resample intervals
86,funnel,2,bucketed,history,64,1024,4,26,2.0212804824113846,2.569815970957279,repeat indices align samples but methods were timed sequentially; use independent-resample intervals
86,funnel,2,bucketed,history,64,1024,4,27,1.9318295121192932,2.5171185433864594,repeat indices align samples but methods were timed sequentially; use independent-resample intervals
86,funnel,2,bucketed,history,64,1024,4,28,2.048970527946949,2.8100264593958855,repeat indices align samples but methods were timed sequentially; use independent-resample intervals
86,funnel,2,bucketed,history,64,1024,4,29,2.1757361441850662,2.827650547027588,repeat indices align samples but methods were timed sequentially; use independent-resample intervals
87,funnel,2,bucketed,history,128,1024,4,0,1.858899138867855,2.772590033710003,repeat indices align samples but methods were timed sequentially; use independent-resample intervals
87,funnel,2,bucketed,history,128,1024,4,1,1.780366912484169,2.9199933111667633,repeat indices align samples but methods were timed sequentially; use independent-resample intervals
87,funnel,2,bucketed,history,128,1024,4,2,1.9182772487401962,3.0491748452186584,repeat indices align samples but methods were timed sequentially; use independent-resample intervals
87,funnel,2,bucketed,history,128,1024,4,3,1.7031520903110504,2.715550050139427,repeat indices align samples but methods were timed sequentially; use independent-resample intervals
87,funnel,2,bucketed,history,128,1024,4,4,1.736732043325901,2.8205316215753555,repeat indices align samples but methods were timed sequentially; use independent-resample intervals
87,funnel,2,bucketed,history,128,1024,4,5,1.8878845646977425,2.7618356496095657,repeat indices align samples but methods were timed sequentially; use independent-resample intervals
87,funnel,2,bucketed,history,128,1024,4,6,1.7661807090044022,2.7417979165911674,repeat indices align samples but methods were timed sequentially; use independent-resample intervals
87,funnel,2,bucketed,history,128,1024,4,7,1.8172159269452095,2.6939769610762596,repeat indices align samples but methods were timed sequentially; use independent-resample intervals
87,funnel,2,bucketed,history,128,1024,4,8,1.8089899644255638,2.5936036109924316,repeat indices align samples but methods were timed sequentially; use independent-resample intervals
87,funnel,2,bucketed,history,128,1024,4,9,1.802172690629959,2.8974105939269066,repeat indices align samples but methods were timed sequentially; use independent-resample intervals
87,funnel,2,bucketed,history,128,1024,4,10,1.881616286933422,3.0125862136483192,repeat indices align samples but methods were timed sequentially; use independent-resample intervals
87,funnel,2,bucketed,history,128,1024,4,11,1.9830763339996338,2.7951654195785522,repeat indices align samples but methods were timed sequentially; use independent-resample intervals
87,funnel,2,bucketed,history,128,1024,4,12,2.050298750400543,2.736240975558758,repeat indices align samples but methods were timed sequentially; use independent-resample intervals
87,funnel,2,bucketed,history,128,1024,4,13,2.0479850992560387,2.612112022936344,repeat indices align samples but methods were timed sequentially; use independent-resample intervals
87,funnel,2,bucketed,history,128,1024,4,14,1.8876441717147827,2.6775268837809563,repeat indices align samples but methods were timed sequentially; use independent-resample intervals
87,funnel,2,bucketed,history,128,1024,4,15,1.9037707671523094,2.5820532962679863,repeat indices align samples but methods were timed sequentially; use independent-resample intervals
87,funnel,2,bucketed,history,128,1024,4,16,2.1028579249978065,2.509825110435486,repeat indices align samples but methods were timed sequentially; use independent-resample intervals
87,funnel,2,bucketed,history,128,1024,4,17,2.096408635377884,2.7378807738423347,repeat indices align samples but methods were timed sequentially; use independent-resample intervals
87,funnel,2,bucketed,history,128,1024,4,18,1.9593103751540184,2.719807155430317,repeat indices align samples but methods were timed sequentially; use independent-resample intervals
87,funnel,2,bucketed,history,128,1024,4,19,2.0626644864678383,2.7681089267134666,repeat indices align samples but methods were timed sequentially; use independent-resample intervals
87,funnel,2,bucketed,history,128,1024,4,20,2.1270861998200417,2.809388190507889,repeat indices align samples but methods were timed sequentially; use independent-resample intervals
87,funnel,2,bucketed,history,128,1024,4,21,1.9730466231703758,2.669997401535511,repeat indices align samples but methods were timed sequentially; use independent-resample intervals
87,funnel,2,bucketed,history,128,1024,4,22,2.0571700781583786,2.843833975493908,repeat indices align samples but methods were timed sequentially; use independent-resample intervals
87,funnel,2,bucketed,history,128,1024,4,23,2.107461392879486,2.6923142299056053,repeat indices align samples but methods were timed sequentially; use independent-resample intervals
87,funnel,2,bucketed,history,128,1024,4,24,1.9320057034492493,2.6478318497538567,repeat indices align samples but methods were timed sequentially; use independent-resample intervals
87,funnel,2,bucketed,history,128,1024,4,25,1.9685843214392662,2.7185668498277664,repeat indices align samples but methods were timed sequentially; use independent-resample intervals
87,funnel,2,bucketed,history,128,1024,4,26,1.9914140552282333,2.569815970957279,repeat indices align samples but methods were timed sequentially; use independent-resample intervals
87,funnel,2,bucketed,history,128,1024,4,27,1.9416073858737946,2.5171185433864594,repeat indices align samples but methods were timed sequentially; use independent-resample intervals
87,funnel,2,bucketed,history,128,1024,4,28,2.294415846467018,2.8100264593958855,repeat indices align samples but methods were timed sequentially; use independent-resample intervals
87,funnel,2,bucketed,history,128,1024,4,29,1.9234161525964737,2.827650547027588,repeat indices align samples but methods were timed sequentially; use independent-resample intervals
88,funnel,2,bucketed,last_depth,64,1024,4,0,2.4525937661528587,2.772590033710003,repeat indices align samples but methods were timed sequentially; use independent-resample intervals
88,funnel,2,bucketed,last_depth,64,1024,4,1,2.331577107310295,2.9199933111667633,repeat indices align samples but methods were timed sequentially; use independent-resample intervals
88,funnel,2,bucketed,last_depth,64,1024,4,2,2.341331422328949,3.0491748452186584,repeat indices align samples but methods were timed sequentially; use independent-resample intervals
88,funnel,2,bucketed,last_depth,64,1024,4,3,2.234532617032528,2.715550050139427,repeat indices align samples but methods were timed sequentially; use independent-resample intervals
88,funnel,2,bucketed,last_depth,64,1024,4,4,2.196103014051914,2.8205316215753555,repeat indices align samples but methods were timed sequentially; use independent-resample intervals
88,funnel,2,bucketed,last_depth,64,1024,4,5,2.1823017075657845,2.7618356496095657,repeat indices align samples but methods were timed sequentially; use independent-resample intervals
88,funnel,2,bucketed,last_depth,64,1024,4,6,2.2746000587940216,2.7417979165911674,repeat indices align samples but methods were timed sequentially; use independent-resample intervals
88,funnel,2,bucketed,last_depth,64,1024,4,7,2.2869510650634766,2.6939769610762596,repeat indices align samples but methods were timed sequentially; use independent-resample intervals
88,funnel,2,bucketed,last_depth,64,1024,4,8,2.1945239156484604,2.5936036109924316,repeat indices align samples but methods were timed sequentially; use independent-resample intervals
88,funnel,2,bucketed,last_depth,64,1024,4,9,2.24260888248682,2.8974105939269066,repeat indices align samples but methods were timed sequentially; use independent-resample intervals
88,funnel,2,bucketed,last_depth,64,1024,4,10,2.289143033325672,3.0125862136483192,repeat indices align samples but methods were timed sequentially; use independent-resample intervals
88,funnel,2,bucketed,last_depth,64,1024,4,11,2.5289257615804672,2.7951654195785522,repeat indices align samples but methods were timed sequentially; use independent-resample intervals
88,funnel,2,bucketed,last_depth,64,1024,4,12,2.300877407193184,2.736240975558758,repeat indices align samples but methods were timed sequentially; use independent-resample intervals
88,funnel,2,bucketed,last_depth,64,1024,4,13,2.5338708758354187,2.612112022936344,repeat indices align samples but methods were timed sequentially; use independent-resample intervals
88,funnel,2,bucketed,last_depth,64,1024,4,14,2.585567206144333,2.6775268837809563,repeat indices align samples but methods were timed sequentially; use independent-resample intervals
88,funnel,2,bucketed,last_depth,64,1024,4,15,2.5738417357206345,2.5820532962679863,repeat indices align samples but methods were timed sequentially; use independent-resample intervals
88,funnel,2,bucketed,last_depth,64,1024,4,16,2.6144253239035606,2.509825110435486,repeat indices align samples but methods were timed sequentially; use independent-resample intervals
88,funnel,2,bucketed,last_depth,64,1024,4,17,2.6503411307930946,2.7378807738423347,repeat indices align samples but methods were timed sequentially; use independent-resample intervals
88,funnel,2,bucketed,last_depth,64,1024,4,18,2.466800257563591,2.719807155430317,repeat indices align samples but methods were timed sequentially; use independent-resample intervals
88,funnel,2,bucketed,last_depth,64,1024,4,19,2.7292375043034554,2.7681089267134666,repeat indices align samples but methods were timed sequentially; use independent-resample intervals
88,funnel,2,bucketed,last_depth,64,1024,4,20,2.6193702965974808,2.809388190507889,repeat indices align samples but methods were timed sequentially; use independent-resample intervals
88,funnel,2,bucketed,last_depth,64,1024,4,21,3.00399549305439,2.669997401535511,repeat indices align samples but methods were timed sequentially; use independent-resample intervals
88,funnel,2,bucketed,last_depth,64,1024,4,22,2.862873710691929,2.843833975493908,repeat indices align samples but methods were timed sequentially; use independent-resample intervals
88,funnel,2,bucketed,last_depth,64,1024,4,23,2.278388485312462,2.6923142299056053,repeat indices align samples but methods were timed sequentially; use independent-resample intervals
88,funnel,2,bucketed,last_depth,64,1024,4,24,2.2660963907837868,2.6478318497538567,repeat indices align samples but methods were timed sequentially; use independent-resample intervals
88,funnel,2,bucketed,last_depth,64,1024,4,25,2.3563045412302017,2.7185668498277664,repeat indices align samples but methods were timed sequentially; use independent-resample intervals
88,funnel,2,bucketed,last_depth,64,1024,4,26,2.198633186519146,2.569815970957279,repeat indices align samples but methods were timed sequentially; use independent-resample intervals
88,funnel,2,bucketed,last_depth,64,1024,4,27,2.3076505586504936,2.5171185433864594,repeat indices align samples but methods were timed sequentially; use independent-resample intervals
88,funnel,2,bucketed,last_depth,64,1024,4,28,2.464601568877697,2.8100264593958855,repeat indices align samples but methods were timed sequentially; use independent-resample intervals
88,funnel,2,bucketed,last_depth,64,1024,4,29,2.3164941668510437,2.827650547027588,repeat indices align samples but methods were timed sequentially; use independent-resample intervals
89,funnel,2,bucketed,last_depth,128,1024,4,0,2.037183791399002,2.772590033710003,repeat indices align samples but methods were timed sequentially; use independent-resample intervals
89,funnel,2,bucketed,last_depth,128,1024,4,1,2.006566248834133,2.9199933111667633,repeat indices align samples but methods were timed sequentially; use independent-resample intervals
89,funnel,2,bucketed,last_depth,128,1024,4,2,2.0309511944651604,3.0491748452186584,repeat indices align samples but methods were timed sequentially; use independent-resample intervals
89,funnel,2,bucketed,last_depth,128,1024,4,3,2.498856484889984,2.715550050139427,repeat indices align samples but methods were timed sequentially; use independent-resample intervals
89,funnel,2,bucketed,last_depth,128,1024,4,4,2.132274352014065,2.8205316215753555,repeat indices align samples but methods were timed sequentially; use independent-resample intervals
89,funnel,2,bucketed,last_depth,128,1024,4,5,2.1260863840579987,2.7618356496095657,repeat indices align samples but methods were timed sequentially; use independent-resample intervals
89,funnel,2,bucketed,last_depth,128,1024,4,6,2.027584068477154,2.7417979165911674,repeat indices align samples but methods were timed sequentially; use independent-resample intervals
89,funnel,2,bucketed,last_depth,128,1024,4,7,2.15623739361763,2.6939769610762596,repeat indices align samples but methods were timed sequentially; use independent-resample intervals
89,funnel,2,bucketed,last_depth,128,1024,4,8,2.1998704746365547,2.5936036109924316,repeat indices align samples but methods were timed sequentially; use independent-resample intervals
89,funnel,2,bucketed,last_depth,128,1024,4,9,2.078554503619671,2.8974105939269066,repeat indices align samples but methods were timed sequentially; use independent-resample intervals
89,funnel,2,bucketed,last_depth,128,1024,4,10,2.1986992359161377,3.0125862136483192,repeat indices align samples but methods were timed sequentially; use independent-resample intervals
89,funnel,2,bucketed,last_depth,128,1024,4,11,2.003471054136753,2.7951654195785522,repeat indices align samples but methods were timed sequentially; use independent-resample intervals
89,funnel,2,bucketed,last_depth,128,1024,4,12,2.0624114274978638,2.736240975558758,repeat indices align samples but methods were timed sequentially; use independent-resample intervals
89,funnel,2,bucketed,last_depth,128,1024,4,13,2.137973092496395,2.612112022936344,repeat indices align samples but methods were timed sequentially; use independent-resample intervals
89,funnel,2,bucketed,last_depth,128,1024,4,14,2.187514826655388,2.6775268837809563,repeat indices align samples but methods were timed sequentially; use independent-resample intervals
89,funnel,2,bucketed,last_depth,128,1024,4,15,2.138956218957901,2.5820532962679863,repeat indices align samples but methods were timed sequentially; use independent-resample intervals
89,funnel,2,bucketed,last_depth,128,1024,4,16,2.072055123746395,2.509825110435486,repeat indices align samples but methods were timed sequentially; use independent-resample intervals
89,funnel,2,bucketed,last_depth,128,1024,4,17,2.5064166486263275,2.7378807738423347,repeat indices align samples but methods were timed sequentially; use independent-resample intervals
89,funnel,2,bucketed,last_depth,128,1024,4,18,2.412267990410328,2.719807155430317,repeat indices align samples but methods were timed sequentially; use independent-resample intervals
89,funnel,2,bucketed,last_depth,128,1024,4,19,2.295009471476078,2.7681089267134666,repeat indices align samples but methods were timed sequentially; use independent-resample intervals
89,funnel,2,bucketed,last_depth,128,1024,4,20,2.1250360161066055,2.809388190507889,repeat indices align samples but methods were timed sequentially; use independent-resample intervals
89,funnel,2,bucketed,last_depth,128,1024,4,21,2.197906017303467,2.669997401535511,repeat indices align samples but methods were timed sequentially; use independent-resample intervals
89,funnel,2,bucketed,last_depth,128,1024,4,22,2.36547739058733,2.843833975493908,repeat indices align samples but methods were timed sequentially; use independent-resample intervals
89,funnel,2,bucketed,last_depth,128,1024,4,23,2.09506319463253,2.6923142299056053,repeat indices align samples but methods were timed sequentially; use independent-resample intervals
89,funnel,2,bucketed,last_depth,128,1024,4,24,2.398642048239708,2.6478318497538567,repeat indices align samples but methods were timed sequentially; use independent-resample intervals
89,funnel,2,bucketed,last_depth,128,1024,4,25,2.4378575459122658,2.7185668498277664,repeat indices align samples but methods were timed sequentially; use independent-resample intervals
89,funnel,2,bucketed,last_depth,128,1024,4,26,2.2444870993494987,2.569815970957279,repeat indices align samples but methods were timed sequentially; use independent-resample intervals
89,funnel,2,bucketed,last_depth,128,1024,4,27,1.9811735227704048,2.5171185433864594,repeat indices align samples but methods were timed sequentially; use independent-resample intervals
89,funnel,2,bucketed,last_depth,128,1024,4,28,2.0770864114165306,2.8100264593958855,repeat indices align samples but methods were timed sequentially; use independent-resample intervals
89,funnel,2,bucketed,last_depth,128,1024,4,29,2.0616592839360237,2.827650547027588,repeat indices align samples but methods were timed sequentially; use independent-resample intervals
90,funnel,3,monolithic,monolithic,0,1024,4,0,3.028168335556984,3.028168335556984,repeat indices align samples but methods were timed sequentially; use independent-resample intervals
90,funnel,3,monolithic,monolithic,0,1024,4,1,2.725962057709694,2.725962057709694,repeat indices align samples but methods were timed sequentially; use independent-resample intervals
90,funnel,3,monolithic,monolithic,0,1024,4,2,2.7512871772050858,2.7512871772050858,repeat indices align samples but methods were timed sequentially; use independent-resample intervals
90,funnel,3,monolithic,monolithic,0,1024,4,3,3.102629080414772,3.102629080414772,repeat indices align samples but methods were timed sequentially; use independent-resample intervals
90,funnel,3,monolithic,monolithic,0,1024,4,4,2.8786578848958015,2.8786578848958015,repeat indices align samples but methods were timed sequentially; use independent-resample intervals
90,funnel,3,monolithic,monolithic,0,1024,4,5,2.685130476951599,2.685130476951599,repeat indices align samples but methods were timed sequentially; use independent-resample intervals
90,funnel,3,monolithic,monolithic,0,1024,4,6,3.0162907987833023,3.0162907987833023,repeat indices align samples but methods were timed sequentially; use independent-resample intervals
90,funnel,3,monolithic,monolithic,0,1024,4,7,3.1039160266518593,3.1039160266518593,repeat indices align samples but methods were timed sequentially; use independent-resample intervals
90,funnel,3,monolithic,monolithic,0,1024,4,8,2.852642811834812,2.852642811834812,repeat indices align samples but methods were timed sequentially; use independent-resample intervals
90,funnel,3,monolithic,monolithic,0,1024,4,9,2.6644715294241905,2.6644715294241905,repeat indices align samples but methods were timed sequentially; use independent-resample intervals
90,funnel,3,monolithic,monolithic,0,1024,4,10,2.9796804562211037,2.9796804562211037,repeat indices align samples but methods were timed sequentially; use independent-resample intervals
90,funnel,3,monolithic,monolithic,0,1024,4,11,3.068079434335232,3.068079434335232,repeat indices align samples but methods were timed sequentially; use independent-resample intervals
90,funnel,3,monolithic,monolithic,0,1024,4,12,2.974084824323654,2.974084824323654,repeat indices align samples but methods were timed sequentially; use independent-resample intervals
90,funnel,3,monolithic,monolithic,0,1024,4,13,2.6944246515631676,2.6944246515631676,repeat indices align samples but methods were timed sequentially; use independent-resample intervals
90,funnel,3,monolithic,monolithic,0,1024,4,14,2.7716803774237633,2.7716803774237633,repeat indices align samples but methods were timed sequentially; use independent-resample intervals
90,funnel,3,monolithic,monolithic,0,1024,4,15,3.001398541033268,3.001398541033268,repeat indices align samples but methods were timed sequentially; use independent-resample intervals
90,funnel,3,monolithic,monolithic,0,1024,4,16,2.9867550283670425,2.9867550283670425,repeat indices align samples but methods were timed sequentially; use independent-resample intervals
90,funnel,3,monolithic,monolithic,0,1024,4,17,2.748800612986088,2.748800612986088,repeat indices align samples but methods were timed sequentially; use independent-resample intervals
90,funnel,3,monolithic,monolithic,0,1024,4,18,2.8953494280576706,2.8953494280576706,repeat indices align samples but methods were timed sequentially; use independent-resample intervals
90,funnel,3,monolithic,monolithic,0,1024,4,19,2.827565521001816,2.827565521001816,repeat indices align samples but methods were timed sequentially; use independent-resample intervals
90,funnel,3,monolithic,monolithic,0,1024,4,20,3.097385600209236,3.097385600209236,repeat indices align samples but methods were timed sequentially; use independent-resample intervals
90,funnel,3,monolithic,monolithic,0,1024,4,21,3.180356703698635,3.180356703698635,repeat indices align samples but methods were timed sequentially; use independent-resample intervals
90,funnel,3,monolithic,monolithic,0,1024,4,22,2.925989829003811,2.925989829003811,repeat indices align samples but methods were timed sequentially; use independent-resample intervals
90,funnel,3,monolithic,monolithic,0,1024,4,23,2.7904694080352783,2.7904694080352783,repeat indices align samples but methods were timed sequentially; use independent-resample intervals
90,funnel,3,monolithic,monolithic,0,1024,4,24,2.766869254410267,2.766869254410267,repeat indices align samples but methods were timed sequentially; use independent-resample intervals
90,funnel,3,monolithic,monolithic,0,1024,4,25,2.8119148164987564,2.8119148164987564,repeat indices align samples but methods were timed sequentially; use independent-resample intervals
90,funnel,3,monolithic,monolithic,0,1024,4,26,2.810019552707672,2.810019552707672,repeat indices align samples but methods were timed sequentially; use independent-resample intervals
90,funnel,3,monolithic,monolithic,0,1024,4,27,2.942275159060955,2.942275159060955,repeat indices align samples but methods were timed sequentially; use independent-resample intervals
90,funnel,3,monolithic,monolithic,0,1024,4,28,2.8076321706175804,2.8076321706175804,repeat indices align samples but methods were timed sequentially; use independent-resample intervals
90,funnel,3,monolithic,monolithic,0,1024,4,29,3.0742349475622177,3.0742349475622177,repeat indices align samples but methods were timed sequentially; use independent-resample intervals
91,funnel,3,bucketed,history,64,1024,4,0,2.5933445766568184,3.028168335556984,repeat indices align samples but methods were timed sequentially; use independent-resample intervals
91,funnel,3,bucketed,history,64,1024,4,1,2.542641967535019,2.725962057709694,repeat indices align samples but methods were timed sequentially; use independent-resample intervals
91,funnel,3,bucketed,history,64,1024,4,2,2.411194823682308,2.7512871772050858,repeat indices align samples but methods were timed sequentially; use independent-resample intervals
91,funnel,3,bucketed,history,64,1024,4,3,2.2336551174521446,3.102629080414772,repeat indices align samples but methods were timed sequentially; use independent-resample intervals
91,funnel,3,bucketed,history,64,1024,4,4,2.2757584899663925,2.8786578848958015,repeat indices align samples but methods were timed sequentially; use independent-resample intervals
91,funnel,3,bucketed,history,64,1024,4,5,2.3025591149926186,2.685130476951599,repeat indices align samples but methods were timed sequentially; use independent-resample intervals
91,funnel,3,bucketed,history,64,1024,4,6,2.2839992344379425,3.0162907987833023,repeat indices align samples but methods were timed sequentially; use independent-resample intervals
91,funnel,3,bucketed,history,64,1024,4,7,2.0824313685297966,3.1039160266518593,repeat indices align samples but methods were timed sequentially; use independent-resample intervals
91,funnel,3,bucketed,history,64,1024,4,8,2.3573417738080025,2.852642811834812,repeat indices align samples but methods were timed sequentially; use independent-resample intervals
91,funnel,3,bucketed,history,64,1024,4,9,2.1078729555010796,2.6644715294241905,repeat indices align samples but methods were timed sequentially; use independent-resample intervals
91,funnel,3,bucketed,history,64,1024,4,10,2.150139443576336,2.9796804562211037,repeat indices align samples but methods were timed sequentially; use independent-resample intervals
91,funnel,3,bucketed,history,64,1024,4,11,2.37590628862381,3.068079434335232,repeat indices align samples but methods were timed sequentially; use independent-resample intervals
91,funnel,3,bucketed,history,64,1024,4,12,2.148733474314213,2.974084824323654,repeat indices align samples but methods were timed sequentially; use independent-resample intervals
91,funnel,3,bucketed,history,64,1024,4,13,2.1425983980298042,2.6944246515631676,repeat indices align samples but methods were timed sequentially; use independent-resample intervals
91,funnel,3,bucketed,history,64,1024,4,14,2.4417538195848465,2.7716803774237633,repeat indices align samples but methods were timed sequentially; use independent-resample intervals
91,funnel,3,bucketed,history,64,1024,4,15,2.231731690466404,3.001398541033268,repeat indices align samples but methods were timed sequentially; use independent-resample intervals
91,funnel,3,bucketed,history,64,1024,4,16,2.3637071698904037,2.9867550283670425,repeat indices align samples but methods were timed sequentially; use independent-resample intervals
91,funnel,3,bucketed,history,64,1024,4,17,2.1820220947265625,2.748800612986088,repeat indices align samples but methods were timed sequentially; use independent-resample intervals
91,funnel,3,bucketed,history,64,1024,4,18,1.9909665435552597,2.8953494280576706,repeat indices align samples but methods were timed sequentially; use independent-resample intervals
91,funnel,3,bucketed,history,64,1024,4,19,2.2806360572576523,2.827565521001816,repeat indices align samples but methods were timed sequentially; use independent-resample intervals
91,funnel,3,bucketed,history,64,1024,4,20,2.224583573639393,3.097385600209236,repeat indices align samples but methods were timed sequentially; use independent-resample intervals
91,funnel,3,bucketed,history,64,1024,4,21,2.1558444797992706,3.180356703698635,repeat indices align samples but methods were timed sequentially; use independent-resample intervals
91,funnel,3,bucketed,history,64,1024,4,22,2.2584879472851753,2.925989829003811,repeat indices align samples but methods were timed sequentially; use independent-resample intervals
91,funnel,3,bucketed,history,64,1024,4,23,1.9851424917578697,2.7904694080352783,repeat indices align samples but methods were timed sequentially; use independent-resample intervals
91,funnel,3,bucketed,history,64,1024,4,24,1.9359807223081589,2.766869254410267,repeat indices align samples but methods were timed sequentially; use independent-resample intervals
91,funnel,3,bucketed,history,64,1024,4,25,2.104462519288063,2.8119148164987564,repeat indices align samples but methods were timed sequentially; use independent-resample intervals
91,funnel,3,bucketed,history,64,1024,4,26,2.373122625052929,2.810019552707672,repeat indices align samples but methods were timed sequentially; use independent-resample intervals
91,funnel,3,bucketed,history,64,1024,4,27,2.4752633050084114,2.942275159060955,repeat indices align samples but methods were timed sequentially; use independent-resample intervals
91,funnel,3,bucketed,history,64,1024,4,28,2.2562216445803642,2.8076321706175804,repeat indices align samples but methods were timed sequentially; use independent-resample intervals
91,funnel,3,bucketed,history,64,1024,4,29,2.449110373854637,3.0742349475622177,repeat indices align samples but methods were timed sequentially; use independent-resample intervals
92,funnel,3,bucketed,history,128,1024,4,0,1.8548969104886055,3.028168335556984,repeat indices align samples but methods were timed sequentially; use independent-resample intervals
92,funnel,3,bucketed,history,128,1024,4,1,1.8194227293133736,2.725962057709694,repeat indices align samples but methods were timed sequentially; use independent-resample intervals
92,funnel,3,bucketed,history,128,1024,4,2,1.9843196794390678,2.7512871772050858,repeat indices align samples but methods were timed sequentially; use independent-resample intervals
92,funnel,3,bucketed,history,128,1024,4,3,1.8057960122823715,3.102629080414772,repeat indices align samples but methods were timed sequentially; use independent-resample intervals
92,funnel,3,bucketed,history,128,1024,4,4,1.9425223842263222,2.8786578848958015,repeat indices align samples but methods were timed sequentially; use independent-resample intervals
92,funnel,3,bucketed,history,128,1024,4,5,2.1457264721393585,2.685130476951599,repeat indices align samples but methods were timed sequentially; use independent-resample intervals
92,funnel,3,bucketed,history,128,1024,4,6,2.1164897456765175,3.0162907987833023,repeat indices align samples but methods were timed sequentially; use independent-resample intervals
92,funnel,3,bucketed,history,128,1024,4,7,2.0806296318769455,3.1039160266518593,repeat indices align samples but methods were timed sequentially; use independent-resample intervals
92,funnel,3,bucketed,history,128,1024,4,8,2.036669872701168,2.852642811834812,repeat indices align samples but methods were timed sequentially; use independent-resample intervals
92,funnel,3,bucketed,history,128,1024,4,9,1.9530665799975395,2.6644715294241905,repeat indices align samples but methods were timed sequentially; use independent-resample intervals
92,funnel,3,bucketed,history,128,1024,4,10,2.0890419706702232,2.9796804562211037,repeat indices align samples but methods were timed sequentially; use independent-resample intervals
92,funnel,3,bucketed,history,128,1024,4,11,2.2203935608267784,3.068079434335232,repeat indices align samples but methods were timed sequentially; use independent-resample intervals
92,funnel,3,bucketed,history,128,1024,4,12,2.2057792246341705,2.974084824323654,repeat indices align samples but methods were timed sequentially; use independent-resample intervals
92,funnel,3,bucketed,history,128,1024,4,13,2.238273501396179,2.6944246515631676,repeat indices align samples but methods were timed sequentially; use independent-resample intervals
92,funnel,3,bucketed,history,128,1024,4,14,2.3298744782805443,2.7716803774237633,repeat indices align samples but methods were timed sequentially; use independent-resample intervals
92,funnel,3,bucketed,history,128,1024,4,15,2.285506546497345,3.001398541033268,repeat indices align samples but methods were timed sequentially; use independent-resample intervals
92,funnel,3,bucketed,history,128,1024,4,16,2.1035158932209015,2.9867550283670425,repeat indices align samples but methods were timed sequentially; use independent-resample intervals
92,funnel,3,bucketed,history,128,1024,4,17,2.0672571882605553,2.748800612986088,repeat indices align samples but methods were timed sequentially; use independent-resample intervals
92,funnel,3,bucketed,history,128,1024,4,18,1.9176890775561333,2.8953494280576706,repeat indices align samples but methods were timed sequentially; use independent-resample intervals
92,funnel,3,bucketed,history,128,1024,4,19,2.0226431787014008,2.827565521001816,repeat indices align samples but methods were timed sequentially; use independent-resample intervals
92,funnel,3,bucketed,history,128,1024,4,20,2.124353565275669,3.097385600209236,repeat indices align samples but methods were timed sequentially; use independent-resample intervals
92,funnel,3,bucketed,history,128,1024,4,21,2.132285065948963,3.180356703698635,repeat indices align samples but methods were timed sequentially; use independent-resample intervals
92,funnel,3,bucketed,history,128,1024,4,22,2.0262075662612915,2.925989829003811,repeat indices align samples but methods were timed sequentially; use independent-resample intervals
92,funnel,3,bucketed,history,128,1024,4,23,1.9574232921004295,2.7904694080352783,repeat indices align samples but methods were timed sequentially; use independent-resample intervals
92,funnel,3,bucketed,history,128,1024,4,24,2.356309160590172,2.766869254410267,repeat indices align samples but methods were timed sequentially; use independent-resample intervals
92,funnel,3,bucketed,history,128,1024,4,25,2.3284670561552048,2.8119148164987564,repeat indices align samples but methods were timed sequentially; use independent-resample intervals
92,funnel,3,bucketed,history,128,1024,4,26,1.9790146201848984,2.810019552707672,repeat indices align samples but methods were timed sequentially; use independent-resample intervals
92,funnel,3,bucketed,history,128,1024,4,27,2.097049541771412,2.942275159060955,repeat indices align samples but methods were timed sequentially; use independent-resample intervals
92,funnel,3,bucketed,history,128,1024,4,28,1.9759598821401596,2.8076321706175804,repeat indices align samples but methods were timed sequentially; use independent-resample intervals
92,funnel,3,bucketed,history,128,1024,4,29,1.9842174798250198,3.0742349475622177,repeat indices align samples but methods were timed sequentially; use independent-resample intervals
93,funnel,3,bucketed,last_depth,64,1024,4,0,2.4104590490460396,3.028168335556984,repeat indices align samples but methods were timed sequentially; use independent-resample intervals
93,funnel,3,bucketed,last_depth,64,1024,4,1,2.4954624325037003,2.725962057709694,repeat indices align samples but methods were timed sequentially; use independent-resample intervals
93,funnel,3,bucketed,last_depth,64,1024,4,2,2.684087097644806,2.7512871772050858,repeat indices align samples but methods were timed sequentially; use independent-resample intervals
93,funnel,3,bucketed,last_depth,64,1024,4,3,2.56169643253088,3.102629080414772,repeat indices align samples but methods were timed sequentially; use independent-resample intervals
93,funnel,3,bucketed,last_depth,64,1024,4,4,2.7282046750187874,2.8786578848958015,repeat indices align samples but methods were timed sequentially; use independent-resample intervals
93,funnel,3,bucketed,last_depth,64,1024,4,5,2.4185340479016304,2.685130476951599,repeat indices align samples but methods were timed sequentially; use independent-resample intervals
93,funnel,3,bucketed,last_depth,64,1024,4,6,2.48149836063385,3.0162907987833023,repeat indices align samples but methods were timed sequentially; use independent-resample intervals
93,funnel,3,bucketed,last_depth,64,1024,4,7,2.318404145538807,3.1039160266518593,repeat indices align samples but methods were timed sequentially; use independent-resample intervals
93,funnel,3,bucketed,last_depth,64,1024,4,8,2.3716899529099464,2.852642811834812,repeat indices align samples but methods were timed sequentially; use independent-resample intervals
93,funnel,3,bucketed,last_depth,64,1024,4,9,2.4735101610422134,2.6644715294241905,repeat indices align samples but methods were timed sequentially; use independent-resample intervals
93,funnel,3,bucketed,last_depth,64,1024,4,10,2.554489105939865,2.9796804562211037,repeat indices align samples but methods were timed sequentially; use independent-resample intervals
93,funnel,3,bucketed,last_depth,64,1024,4,11,2.3286444321274757,3.068079434335232,repeat indices align samples but methods were timed sequentially; use independent-resample intervals
93,funnel,3,bucketed,last_depth,64,1024,4,12,2.6992920488119125,2.974084824323654,repeat indices align samples but methods were timed sequentially; use independent-resample intervals
93,funnel,3,bucketed,last_depth,64,1024,4,13,2.3705444261431694,2.6944246515631676,repeat indices align samples but methods were timed sequentially; use independent-resample intervals
93,funnel,3,bucketed,last_depth,64,1024,4,14,2.381041005253792,2.7716803774237633,repeat indices align samples but methods were timed sequentially; use independent-resample intervals
93,funnel,3,bucketed,last_depth,64,1024,4,15,2.294463597238064,3.001398541033268,repeat indices align samples but methods were timed sequentially; use independent-resample intervals
93,funnel,3,bucketed,last_depth,64,1024,4,16,2.5020982697606087,2.9867550283670425,repeat indices align samples but methods were timed sequentially; use independent-resample intervals
93,funnel,3,bucketed,last_depth,64,1024,4,17,2.4477157592773438,2.748800612986088,repeat indices align samples but methods were timed sequentially; use independent-resample intervals
93,funnel,3,bucketed,last_depth,64,1024,4,18,2.627067096531391,2.8953494280576706,repeat indices align samples but methods were timed sequentially; use independent-resample intervals
93,funnel,3,bucketed,last_depth,64,1024,4,19,2.5190838798880577,2.827565521001816,repeat indices align samples but methods were timed sequentially; use independent-resample intervals
93,funnel,3,bucketed,last_depth,64,1024,4,20,2.508422739803791,3.097385600209236,repeat indices align samples but methods were timed sequentially; use independent-resample intervals
93,funnel,3,bucketed,last_depth,64,1024,4,21,2.3975585103034973,3.180356703698635,repeat indices align samples but methods were timed sequentially; use independent-resample intervals
93,funnel,3,bucketed,last_depth,64,1024,4,22,2.431421123445034,2.925989829003811,repeat indices align samples but methods were timed sequentially; use independent-resample intervals
93,funnel,3,bucketed,last_depth,64,1024,4,23,2.627504199743271,2.7904694080352783,repeat indices align samples but methods were timed sequentially; use independent-resample intervals
93,funnel,3,bucketed,last_depth,64,1024,4,24,2.5818320959806442,2.766869254410267,repeat indices align samples but methods were timed sequentially; use independent-resample intervals
93,funnel,3,bucketed,last_depth,64,1024,4,25,2.5883864164352417,2.8119148164987564,repeat indices align samples but methods were timed sequentially; use independent-resample intervals
93,funnel,3,bucketed,last_depth,64,1024,4,26,2.5477962866425514,2.810019552707672,repeat indices align samples but methods were timed sequentially; use independent-resample intervals
93,funnel,3,bucketed,last_depth,64,1024,4,27,2.642206095159054,2.942275159060955,repeat indices align samples but methods were timed sequentially; use independent-resample intervals
93,funnel,3,bucketed,last_depth,64,1024,4,28,2.3529695346951485,2.8076321706175804,repeat indices align samples but methods were timed sequentially; use independent-resample intervals
93,funnel,3,bucketed,last_depth,64,1024,4,29,2.341740347445011,3.0742349475622177,repeat indices align samples but methods were timed sequentially; use independent-resample intervals
94,funnel,3,bucketed,last_depth,128,1024,4,0,2.4053998067975044,3.028168335556984,repeat indices align samples but methods were timed sequentially; use independent-resample intervals
94,funnel,3,bucketed,last_depth,128,1024,4,1,2.189039260149002,2.725962057709694,repeat indices align samples but methods were timed sequentially; use independent-resample intervals
94,funnel,3,bucketed,last_depth,128,1024,4,2,2.1892511397600174,2.7512871772050858,repeat indices align samples but methods were timed sequentially; use independent-resample intervals
94,funnel,3,bucketed,last_depth,128,1024,4,3,2.332100085914135,3.102629080414772,repeat indices align samples but methods were timed sequentially; use independent-resample intervals
94,funnel,3,bucketed,last_depth,128,1024,4,4,2.1098660826683044,2.8786578848958015,repeat indices align samples but methods were timed sequentially; use independent-resample intervals
94,funnel,3,bucketed,last_depth,128,1024,4,5,2.2672976329922676,2.685130476951599,repeat indices align samples but methods were timed sequentially; use independent-resample intervals
94,funnel,3,bucketed,last_depth,128,1024,4,6,2.252107933163643,3.0162907987833023,repeat indices align samples but methods were timed sequentially; use independent-resample intervals
94,funnel,3,bucketed,last_depth,128,1024,4,7,2.2460331320762634,3.1039160266518593,repeat indices align samples but methods were timed sequentially; use independent-resample intervals
94,funnel,3,bucketed,last_depth,128,1024,4,8,2.1462996006011963,2.852642811834812,repeat indices align samples but methods were timed sequentially; use independent-resample intervals
94,funnel,3,bucketed,last_depth,128,1024,4,9,2.3388895615935326,2.6644715294241905,repeat indices align samples but methods were timed sequentially; use independent-resample intervals
94,funnel,3,bucketed,last_depth,128,1024,4,10,2.2253073155879974,2.9796804562211037,repeat indices align samples but methods were timed sequentially; use independent-resample intervals
94,funnel,3,bucketed,last_depth,128,1024,4,11,2.171283297240734,3.068079434335232,repeat indices align samples but methods were timed sequentially; use independent-resample intervals
94,funnel,3,bucketed,last_depth,128,1024,4,12,2.438195578753948,2.974084824323654,repeat indices align samples but methods were timed sequentially; use independent-resample intervals
94,funnel,3,bucketed,last_depth,128,1024,4,13,2.600060887634754,2.6944246515631676,repeat indices align samples but methods were timed sequentially; use independent-resample intervals
94,funnel,3,bucketed,last_depth,128,1024,4,14,2.5074137300252914,2.7716803774237633,repeat indices align samples but methods were timed sequentially; use independent-resample intervals
94,funnel,3,bucketed,last_depth,128,1024,4,15,2.370424836874008,3.001398541033268,repeat indices align samples but methods were timed sequentially; use independent-resample intervals
94,funnel,3,bucketed,last_depth,128,1024,4,16,2.377940632402897,2.9867550283670425,repeat indices align samples but methods were timed sequentially; use independent-resample intervals
94,funnel,3,bucketed,last_depth,128,1024,4,17,2.1430960670113564,2.748800612986088,repeat indices align samples but methods were timed sequentially; use independent-resample intervals
94,funnel,3,bucketed,last_depth,128,1024,4,18,2.4177485778927803,2.8953494280576706,repeat indices align samples but methods were timed sequentially; use independent-resample intervals
94,funnel,3,bucketed,last_depth,128,1024,4,19,2.4128991290926933,2.827565521001816,repeat indices align samples but methods were timed sequentially; use independent-resample intervals
94,funnel,3,bucketed,last_depth,128,1024,4,20,2.377666339278221,3.097385600209236,repeat indices align samples but methods were timed sequentially; use independent-resample intervals
94,funnel,3,bucketed,last_depth,128,1024,4,21,2.2507565692067146,3.180356703698635,repeat indices align samples but methods were timed sequentially; use independent-resample intervals
94,funnel,3,bucketed,last_depth,128,1024,4,22,2.33615443110466,2.925989829003811,repeat indices align samples but methods were timed sequentially; use independent-resample intervals
94,funnel,3,bucketed,last_depth,128,1024,4,23,2.3891001865267754,2.7904694080352783,repeat indices align samples but methods were timed sequentially; use independent-resample intervals
94,funnel,3,bucketed,last_depth,128,1024,4,24,2.240644834935665,2.766869254410267,repeat indices align samples but methods were timed sequentially; use independent-resample intervals
94,funnel,3,bucketed,last_depth,128,1024,4,25,2.223522149026394,2.8119148164987564,repeat indices align samples but methods were timed sequentially; use independent-resample intervals
94,funnel,3,bucketed,last_depth,128,1024,4,26,2.3162586614489555,2.810019552707672,repeat indices align samples but methods were timed sequentially; use independent-resample intervals
94,funnel,3,bucketed,last_depth,128,1024,4,27,2.260668896138668,2.942275159060955,repeat indices align samples but methods were timed sequentially; use independent-resample intervals
94,funnel,3,bucketed,last_depth,128,1024,4,28,2.623253233730793,2.8076321706175804,repeat indices align samples but methods were timed sequentially; use independent-resample intervals
94,funnel,3,bucketed,last_depth,128,1024,4,29,2.671093501150608,3.0742349475622177,repeat indices align samples but methods were timed sequentially; use independent-resample intervals
95,funnel,4,monolithic,monolithic,0,1024,4,0,2.7847957387566566,2.7847957387566566,repeat indices align samples but methods were timed sequentially; use independent-resample intervals
95,funnel,4,monolithic,monolithic,0,1024,4,1,2.8131533563137054,2.8131533563137054,repeat indices align samples but methods were timed sequentially; use independent-resample intervals
95,funnel,4,monolithic,monolithic,0,1024,4,2,2.696809619665146,2.696809619665146,repeat indices align samples but methods were timed sequentially; use independent-resample intervals
95,funnel,4,monolithic,monolithic,0,1024,4,3,2.762746222317219,2.762746222317219,repeat indices align samples but methods were timed sequentially; use independent-resample intervals
95,funnel,4,monolithic,monolithic,0,1024,4,4,2.668801560997963,2.668801560997963,repeat indices align samples but methods were timed sequentially; use independent-resample intervals
95,funnel,4,monolithic,monolithic,0,1024,4,5,2.594960540533066,2.594960540533066,repeat indices align samples but methods were timed sequentially; use independent-resample intervals
95,funnel,4,monolithic,monolithic,0,1024,4,6,2.82781945168972,2.82781945168972,repeat indices align samples but methods were timed sequentially; use independent-resample intervals
95,funnel,4,monolithic,monolithic,0,1024,4,7,2.5658695474267006,2.5658695474267006,repeat indices align samples but methods were timed sequentially; use independent-resample intervals
95,funnel,4,monolithic,monolithic,0,1024,4,8,2.525255151093006,2.525255151093006,repeat indices align samples but methods were timed sequentially; use independent-resample intervals
95,funnel,4,monolithic,monolithic,0,1024,4,9,2.767545998096466,2.767545998096466,repeat indices align samples but methods were timed sequentially; use independent-resample intervals
95,funnel,4,monolithic,monolithic,0,1024,4,10,2.542638137936592,2.542638137936592,repeat indices align samples but methods were timed sequentially; use independent-resample intervals
95,funnel,4,monolithic,monolithic,0,1024,4,11,2.4830882102251053,2.4830882102251053,repeat indices align samples but methods were timed sequentially; use independent-resample intervals
95,funnel,4,monolithic,monolithic,0,1024,4,12,2.582665480673313,2.582665480673313,repeat indices align samples but methods were timed sequentially; use independent-resample intervals
95,funnel,4,monolithic,monolithic,0,1024,4,13,2.6732586696743965,2.6732586696743965,repeat indices align samples but methods were timed sequentially; use independent-resample intervals
95,funnel,4,monolithic,monolithic,0,1024,4,14,2.610538497567177,2.610538497567177,repeat indices align samples but methods were timed sequentially; use independent-resample intervals
95,funnel,4,monolithic,monolithic,0,1024,4,15,2.670724131166935,2.670724131166935,repeat indices align samples but methods were timed sequentially; use independent-resample intervals
95,funnel,4,monolithic,monolithic,0,1024,4,16,2.634477861225605,2.634477861225605,repeat indices align samples but methods were timed sequentially; use independent-resample intervals
95,funnel,4,monolithic,monolithic,0,1024,4,17,2.5582803040742874,2.5582803040742874,repeat indices align samples but methods were timed sequentially; use independent-resample intervals
95,funnel,4,monolithic,monolithic,0,1024,4,18,2.439011327922344,2.439011327922344,repeat indices align samples but methods were timed sequentially; use independent-resample intervals
95,funnel,4,monolithic,monolithic,0,1024,4,19,2.5692305117845535,2.5692305117845535,repeat indices align samples but methods were timed sequentially; use independent-resample intervals
95,funnel,4,monolithic,monolithic,0,1024,4,20,2.6383299380540848,2.6383299380540848,repeat indices align samples but methods were timed sequentially; use independent-resample intervals
95,funnel,4,monolithic,monolithic,0,1024,4,21,2.778956763446331,2.778956763446331,repeat indices align samples but methods were timed sequentially; use independent-resample intervals
95,funnel,4,monolithic,monolithic,0,1024,4,22,2.796832926571369,2.796832926571369,repeat indices align samples but methods were timed sequentially; use independent-resample intervals
95,funnel,4,monolithic,monolithic,0,1024,4,23,2.6099401339888573,2.6099401339888573,repeat indices align samples but methods were timed sequentially; use independent-resample intervals
95,funnel,4,monolithic,monolithic,0,1024,4,24,2.4649362564086914,2.4649362564086914,repeat indices align samples but methods were timed sequentially; use independent-resample intervals
95,funnel,4,monolithic,monolithic,0,1024,4,25,2.5241706892848015,2.5241706892848015,repeat indices align samples but methods were timed sequentially; use independent-resample intervals
95,funnel,4,monolithic,monolithic,0,1024,4,26,2.577410653233528,2.577410653233528,repeat indices align samples but methods were timed sequentially; use independent-resample intervals
95,funnel,4,monolithic,monolithic,0,1024,4,27,2.5806925669312477,2.5806925669312477,repeat indices align samples but methods were timed sequentially; use independent-resample intervals
95,funnel,4,monolithic,monolithic,0,1024,4,28,2.7344466373324394,2.7344466373324394,repeat indices align samples but methods were timed sequentially; use independent-resample intervals
95,funnel,4,monolithic,monolithic,0,1024,4,29,2.838357426226139,2.838357426226139,repeat indices align samples but methods were timed sequentially; use independent-resample intervals
96,funnel,4,bucketed,history,64,1024,4,0,2.04659840464592,2.7847957387566566,repeat indices align samples but methods were timed sequentially; use independent-resample intervals
96,funnel,4,bucketed,history,64,1024,4,1,2.118327274918556,2.8131533563137054,repeat indices align samples but methods were timed sequentially; use independent-resample intervals
96,funnel,4,bucketed,history,64,1024,4,2,2.12778839468956,2.696809619665146,repeat indices align samples but methods were timed sequentially; use independent-resample intervals
96,funnel,4,bucketed,history,64,1024,4,3,2.2562577053904533,2.762746222317219,repeat indices align samples but methods were timed sequentially; use independent-resample intervals
96,funnel,4,bucketed,history,64,1024,4,4,2.27350515127182,2.668801560997963,repeat indices align samples but methods were timed sequentially; use independent-resample intervals
96,funnel,4,bucketed,history,64,1024,4,5,2.1546766459941864,2.594960540533066,repeat indices align samples but methods were timed sequentially; use independent-resample intervals
96,funnel,4,bucketed,history,64,1024,4,6,2.0451508164405823,2.82781945168972,repeat indices align samples but methods were timed sequentially; use independent-resample intervals
96,funnel,4,bucketed,history,64,1024,4,7,2.378847934305668,2.5658695474267006,repeat indices align samples but methods were timed sequentially; use independent-resample intervals
96,funnel,4,bucketed,history,64,1024,4,8,2.156071849167347,2.525255151093006,repeat indices align samples but methods were timed sequentially; use independent-resample intervals
96,funnel,4,bucketed,history,64,1024,4,9,2.4370132237672806,2.767545998096466,repeat indices align samples but methods were timed sequentially; use independent-resample intervals
96,funnel,4,bucketed,history,64,1024,4,10,2.52243535220623,2.542638137936592,repeat indices align samples but methods were timed sequentially; use independent-resample intervals
96,funnel,4,bucketed,history,64,1024,4,11,2.592320017516613,2.4830882102251053,repeat indices align samples but methods were timed sequentially; use independent-resample intervals
96,funnel,4,bucketed,history,64,1024,4,12,2.381480075418949,2.582665480673313,repeat indices align samples but methods were timed sequentially; use independent-resample intervals
96,funnel,4,bucketed,history,64,1024,4,13,2.4407103285193443,2.6732586696743965,repeat indices align samples but methods were timed sequentially; use independent-resample intervals
96,funnel,4,bucketed,history,64,1024,4,14,2.461593344807625,2.610538497567177,repeat indices align samples but methods were timed sequentially; use independent-resample intervals
96,funnel,4,bucketed,history,64,1024,4,15,2.3636835142970085,2.670724131166935,repeat indices align samples but methods were timed sequentially; use independent-resample intervals
96,funnel,4,bucketed,history,64,1024,4,16,2.5347472950816154,2.634477861225605,repeat indices align samples but methods were timed sequentially; use independent-resample intervals
96,funnel,4,bucketed,history,64,1024,4,17,2.2841069102287292,2.5582803040742874,repeat indices align samples but methods were timed sequentially; use independent-resample intervals
96,funnel,4,bucketed,history,64,1024,4,18,2.411610797047615,2.439011327922344,repeat indices align samples but methods were timed sequentially; use independent-resample intervals
96,funnel,4,bucketed,history,64,1024,4,19,2.2474811375141144,2.5692305117845535,repeat indices align samples but methods were timed sequentially; use independent-resample intervals
96,funnel,4,bucketed,history,64,1024,4,20,2.247476100921631,2.6383299380540848,repeat indices align samples but methods were timed sequentially; use independent-resample intervals
96,funnel,4,bucketed,history,64,1024,4,21,2.121381439268589,2.778956763446331,repeat indices align samples but methods were timed sequentially; use independent-resample intervals
96,funnel,4,bucketed,history,64,1024,4,22,2.035310335457325,2.796832926571369,repeat indices align samples but methods were timed sequentially; use independent-resample intervals
96,funnel,4,bucketed,history,64,1024,4,23,2.2696380987763405,2.6099401339888573,repeat indices align samples but methods were timed sequentially; use independent-resample intervals
96,funnel,4,bucketed,history,64,1024,4,24,2.568891406059265,2.4649362564086914,repeat indices align samples but methods were timed sequentially; use independent-resample intervals
96,funnel,4,bucketed,history,64,1024,4,25,2.1178479120135307,2.5241706892848015,repeat indices align samples but methods were timed sequentially; use independent-resample intervals
96,funnel,4,bucketed,history,64,1024,4,26,2.2019897773861885,2.577410653233528,repeat indices align samples but methods were timed sequentially; use independent-resample intervals
96,funnel,4,bucketed,history,64,1024,4,27,2.3777947202324867,2.5806925669312477,repeat indices align samples but methods were timed sequentially; use independent-resample intervals
96,funnel,4,bucketed,history,64,1024,4,28,2.1727835834026337,2.7344466373324394,repeat indices align samples but methods were timed sequentially; use independent-resample intervals
96,funnel,4,bucketed,history,64,1024,4,29,2.3206521198153496,2.838357426226139,repeat indices align samples but methods were timed sequentially; use independent-resample intervals
97,funnel,4,bucketed,history,128,1024,4,0,1.9927430748939514,2.7847957387566566,repeat indices align samples but methods were timed sequentially; use independent-resample intervals
97,funnel,4,bucketed,history,128,1024,4,1,2.1486083269119263,2.8131533563137054,repeat indices align samples but methods were timed sequentially; use independent-resample intervals
97,funnel,4,bucketed,history,128,1024,4,2,2.2241278514266014,2.696809619665146,repeat indices align samples but methods were timed sequentially; use independent-resample intervals
97,funnel,4,bucketed,history,128,1024,4,3,2.1680371686816216,2.762746222317219,repeat indices align samples but methods were timed sequentially; use independent-resample intervals
97,funnel,4,bucketed,history,128,1024,4,4,2.3061557710170746,2.668801560997963,repeat indices align samples but methods were timed sequentially; use independent-resample intervals
97,funnel,4,bucketed,history,128,1024,4,5,1.9452912881970406,2.594960540533066,repeat indices align samples but methods were timed sequentially; use independent-resample intervals
97,funnel,4,bucketed,history,128,1024,4,6,1.96795304864645,2.82781945168972,repeat indices align samples but methods were timed sequentially; use independent-resample intervals
97,funnel,4,bucketed,history,128,1024,4,7,1.9342522025108337,2.5658695474267006,repeat indices align samples but methods were timed sequentially; use independent-resample intervals
97,funnel,4,bucketed,history,128,1024,4,8,2.0775571390986443,2.525255151093006,repeat indices align samples but methods were timed sequentially; use independent-resample intervals
97,funnel,4,bucketed,history,128,1024,4,9,2.233761489391327,2.767545998096466,repeat indices align samples but methods were timed sequentially; use independent-resample intervals
97,funnel,4,bucketed,history,128,1024,4,10,2.176716588437557,2.542638137936592,repeat indices align samples but methods were timed sequentially; use independent-resample intervals
97,funnel,4,bucketed,history,128,1024,4,11,2.109745718538761,2.4830882102251053,repeat indices align samples but methods were timed sequentially; use independent-resample intervals
97,funnel,4,bucketed,history,128,1024,4,12,1.9800567254424095,2.582665480673313,repeat indices align samples but methods were timed sequentially; use independent-resample intervals
97,funnel,4,bucketed,history,128,1024,4,13,2.1956038996577263,2.6732586696743965,repeat indices align samples but methods were timed sequentially; use independent-resample intervals
97,funnel,4,bucketed,history,128,1024,4,14,1.9404234066605568,2.610538497567177,repeat indices align samples but methods were timed sequentially; use independent-resample intervals
97,funnel,4,bucketed,history,128,1024,4,15,2.008799985051155,2.670724131166935,repeat indices align samples but methods were timed sequentially; use independent-resample intervals
97,funnel,4,bucketed,history,128,1024,4,16,2.1357922926545143,2.634477861225605,repeat indices align samples but methods were timed sequentially; use independent-resample intervals
97,funnel,4,bucketed,history,128,1024,4,17,2.005486287176609,2.5582803040742874,repeat indices align samples but methods were timed sequentially; use independent-resample intervals
97,funnel,4,bucketed,history,128,1024,4,18,1.9788790717720985,2.439011327922344,repeat indices align samples but methods were timed sequentially; use independent-resample intervals
97,funnel,4,bucketed,history,128,1024,4,19,1.8722990080714226,2.5692305117845535,repeat indices align samples but methods were timed sequentially; use independent-resample intervals
97,funnel,4,bucketed,history,128,1024,4,20,2.1878770291805267,2.6383299380540848,repeat indices align samples but methods were timed sequentially; use independent-resample intervals
97,funnel,4,bucketed,history,128,1024,4,21,2.380100578069687,2.778956763446331,repeat indices align samples but methods were timed sequentially; use independent-resample intervals
97,funnel,4,bucketed,history,128,1024,4,22,1.9877208471298218,2.796832926571369,repeat indices align samples but methods were timed sequentially; use independent-resample intervals
97,funnel,4,bucketed,history,128,1024,4,23,2.1216067150235176,2.6099401339888573,repeat indices align samples but methods were timed sequentially; use independent-resample intervals
97,funnel,4,bucketed,history,128,1024,4,24,2.142152912914753,2.4649362564086914,repeat indices align samples but methods were timed sequentially; use independent-resample intervals
97,funnel,4,bucketed,history,128,1024,4,25,2.0843426287174225,2.5241706892848015,repeat indices align samples but methods were timed sequentially; use independent-resample intervals
97,funnel,4,bucketed,history,128,1024,4,26,2.1918445006012917,2.577410653233528,repeat indices align samples but methods were timed sequentially; use independent-resample intervals
97,funnel,4,bucketed,history,128,1024,4,27,2.004714474081993,2.5806925669312477,repeat indices align samples but methods were timed sequentially; use independent-resample intervals
97,funnel,4,bucketed,history,128,1024,4,28,1.9340307265520096,2.7344466373324394,repeat indices align samples but methods were timed sequentially; use independent-resample intervals
97,funnel,4,bucketed,history,128,1024,4,29,1.8469313010573387,2.838357426226139,repeat indices align samples but methods were timed sequentially; use independent-resample intervals
98,funnel,4,bucketed,last_depth,64,1024,4,0,2.3286280184984207,2.7847957387566566,repeat indices align samples but methods were timed sequentially; use independent-resample intervals
98,funnel,4,bucketed,last_depth,64,1024,4,1,2.530611142516136,2.8131533563137054,repeat indices align samples but methods were timed sequentially; use independent-resample intervals
98,funnel,4,bucketed,last_depth,64,1024,4,2,2.3871095404028893,2.696809619665146,repeat indices align samples but methods were timed sequentially; use independent-resample intervals
98,funnel,4,bucketed,last_depth,64,1024,4,3,2.352445960044861,2.762746222317219,repeat indices align samples but methods were timed sequentially; use independent-resample intervals
98,funnel,4,bucketed,last_depth,64,1024,4,4,2.549369841814041,2.668801560997963,repeat indices align samples but methods were timed sequentially; use independent-resample intervals
98,funnel,4,bucketed,last_depth,64,1024,4,5,2.638216331601143,2.594960540533066,repeat indices align samples but methods were timed sequentially; use independent-resample intervals
98,funnel,4,bucketed,last_depth,64,1024,4,6,2.58582516759634,2.82781945168972,repeat indices align samples but methods were timed sequentially; use independent-resample intervals
98,funnel,4,bucketed,last_depth,64,1024,4,7,2.710666202008724,2.5658695474267006,repeat indices align samples but methods were timed sequentially; use independent-resample intervals
98,funnel,4,bucketed,last_depth,64,1024,4,8,2.495477981865406,2.525255151093006,repeat indices align samples but methods were timed sequentially; use independent-resample intervals
98,funnel,4,bucketed,last_depth,64,1024,4,9,2.3078813552856445,2.767545998096466,repeat indices align samples but methods were timed sequentially; use independent-resample intervals
98,funnel,4,bucketed,last_depth,64,1024,4,10,2.4933735132217407,2.542638137936592,repeat indices align samples but methods were timed sequentially; use independent-resample intervals
98,funnel,4,bucketed,last_depth,64,1024,4,11,2.4870093911886215,2.4830882102251053,repeat indices align samples but methods were timed sequentially; use independent-resample intervals
98,funnel,4,bucketed,last_depth,64,1024,4,12,2.397779233753681,2.582665480673313,repeat indices align samples but methods were timed sequentially; use independent-resample intervals
98,funnel,4,bucketed,last_depth,64,1024,4,13,2.6350929215550423,2.6732586696743965,repeat indices align samples but methods were timed sequentially; use independent-resample intervals
98,funnel,4,bucketed,last_depth,64,1024,4,14,2.488271325826645,2.610538497567177,repeat indices align samples but methods were timed sequentially; use independent-resample intervals
98,funnel,4,bucketed,last_depth,64,1024,4,15,2.8882837891578674,2.670724131166935,repeat indices align samples but methods were timed sequentially; use independent-resample intervals
98,funnel,4,bucketed,last_depth,64,1024,4,16,2.788619339466095,2.634477861225605,repeat indices align samples but methods were timed sequentially; use independent-resample intervals
98,funnel,4,bucketed,last_depth,64,1024,4,17,2.613714061677456,2.5582803040742874,repeat indices align samples but methods were timed sequentially; use independent-resample intervals
98,funnel,4,bucketed,last_depth,64,1024,4,18,2.5612427815794945,2.439011327922344,repeat indices align samples but methods were timed sequentially; use independent-resample intervals
98,funnel,4,bucketed,last_depth,64,1024,4,19,2.501813806593418,2.5692305117845535,repeat indices align samples but methods were timed sequentially; use independent-resample intervals
98,funnel,4,bucketed,last_depth,64,1024,4,20,2.5034715607762337,2.6383299380540848,repeat indices align samples but methods were timed sequentially; use independent-resample intervals
98,funnel,4,bucketed,last_depth,64,1024,4,21,2.4307300448417664,2.778956763446331,repeat indices align samples but methods were timed sequentially; use independent-resample intervals
98,funnel,4,bucketed,last_depth,64,1024,4,22,2.48613141477108,2.796832926571369,repeat indices align samples but methods were timed sequentially; use independent-resample intervals
98,funnel,4,bucketed,last_depth,64,1024,4,23,2.512565776705742,2.6099401339888573,repeat indices align samples but methods were timed sequentially; use independent-resample intervals
98,funnel,4,bucketed,last_depth,64,1024,4,24,2.3664408773183823,2.4649362564086914,repeat indices align samples but methods were timed sequentially; use independent-resample intervals
98,funnel,4,bucketed,last_depth,64,1024,4,25,2.403700016438961,2.5241706892848015,repeat indices align samples but methods were timed sequentially; use independent-resample intervals
98,funnel,4,bucketed,last_depth,64,1024,4,26,2.284927226603031,2.577410653233528,repeat indices align samples but methods were timed sequentially; use independent-resample intervals
98,funnel,4,bucketed,last_depth,64,1024,4,27,2.3787854686379433,2.5806925669312477,repeat indices align samples but methods were timed sequentially; use independent-resample intervals
98,funnel,4,bucketed,last_depth,64,1024,4,28,2.3904519751667976,2.7344466373324394,repeat indices align samples but methods were timed sequentially; use independent-resample intervals
98,funnel,4,bucketed,last_depth,64,1024,4,29,2.4864318296313286,2.838357426226139,repeat indices align samples but methods were timed sequentially; use independent-resample intervals
99,funnel,4,bucketed,last_depth,128,1024,4,0,2.691700868308544,2.7847957387566566,repeat indices align samples but methods were timed sequentially; use independent-resample intervals
99,funnel,4,bucketed,last_depth,128,1024,4,1,2.511097714304924,2.8131533563137054,repeat indices align samples but methods were timed sequentially; use independent-resample intervals
99,funnel,4,bucketed,last_depth,128,1024,4,2,2.333822079002857,2.696809619665146,repeat indices align samples but methods were timed sequentially; use independent-resample intervals
99,funnel,4,bucketed,last_depth,128,1024,4,3,2.510624021291733,2.762746222317219,repeat indices align samples but methods were timed sequentially; use independent-resample intervals
99,funnel,4,bucketed,last_depth,128,1024,4,4,2.3307271227240562,2.668801560997963,repeat indices align samples but methods were timed sequentially; use independent-resample intervals
99,funnel,4,bucketed,last_depth,128,1024,4,5,2.1124696508049965,2.594960540533066,repeat indices align samples but methods were timed sequentially; use independent-resample intervals
99,funnel,4,bucketed,last_depth,128,1024,4,6,2.3062265291810036,2.82781945168972,repeat indices align samples but methods were timed sequentially; use independent-resample intervals
99,funnel,4,bucketed,last_depth,128,1024,4,7,2.158633664250374,2.5658695474267006,repeat indices align samples but methods were timed sequentially; use independent-resample intervals
99,funnel,4,bucketed,last_depth,128,1024,4,8,2.141447126865387,2.525255151093006,repeat indices align samples but methods were timed sequentially; use independent-resample intervals
99,funnel,4,bucketed,last_depth,128,1024,4,9,2.1565111204981804,2.767545998096466,repeat indices align samples but methods were timed sequentially; use independent-resample intervals
99,funnel,4,bucketed,last_depth,128,1024,4,10,2.08150415122509,2.542638137936592,repeat indices align samples but methods were timed sequentially; use independent-resample intervals
99,funnel,4,bucketed,last_depth,128,1024,4,11,2.2240797206759453,2.4830882102251053,repeat indices align samples but methods were timed sequentially; use independent-resample intervals
99,funnel,4,bucketed,last_depth,128,1024,4,12,2.0984324663877487,2.582665480673313,repeat indices align samples but methods were timed sequentially; use independent-resample intervals
99,funnel,4,bucketed,last_depth,128,1024,4,13,1.9554957672953606,2.6732586696743965,repeat indices align samples but methods were timed sequentially; use independent-resample intervals
99,funnel,4,bucketed,last_depth,128,1024,4,14,2.2561547309160233,2.610538497567177,repeat indices align samples but methods were timed sequentially; use independent-resample intervals
99,funnel,4,bucketed,last_depth,128,1024,4,15,2.0466937720775604,2.670724131166935,repeat indices align samples but methods were timed sequentially; use independent-resample intervals
99,funnel,4,bucketed,last_depth,128,1024,4,16,2.3255753740668297,2.634477861225605,repeat indices align samples but methods were timed sequentially; use independent-resample intervals
99,funnel,4,bucketed,last_depth,128,1024,4,17,1.9433624744415283,2.5582803040742874,repeat indices align samples but methods were timed sequentially; use independent-resample intervals
99,funnel,4,bucketed,last_depth,128,1024,4,18,2.045482337474823,2.439011327922344,repeat indices align samples but methods were timed sequentially; use independent-resample intervals
99,funnel,4,bucketed,last_depth,128,1024,4,19,1.906895063817501,2.5692305117845535,repeat indices align samples but methods were timed sequentially; use independent-resample intervals
99,funnel,4,bucketed,last_depth,128,1024,4,20,1.8870078846812248,2.6383299380540848,repeat indices align samples but methods were timed sequentially; use independent-resample intervals
99,funnel,4,bucketed,last_depth,128,1024,4,21,2.1313294395804405,2.778956763446331,repeat indices align samples but methods were timed sequentially; use independent-resample intervals
99,funnel,4,bucketed,last_depth,128,1024,4,22,2.048374317586422,2.796832926571369,repeat indices align samples but methods were timed sequentially; use independent-resample intervals
99,funnel,4,bucketed,last_depth,128,1024,4,23,2.134414829313755,2.6099401339888573,repeat indices align samples but methods were timed sequentially; use independent-resample intervals
99,funnel,4,bucketed,last_depth,128,1024,4,24,2.115805760025978,2.4649362564086914,repeat indices align samples but methods were timed sequentially; use independent-resample intervals
99,funnel,4,bucketed,last_depth,128,1024,4,25,2.040403589606285,2.5241706892848015,repeat indices align samples but methods were timed sequentially; use independent-resample intervals
99,funnel,4,bucketed,last_depth,128,1024,4,26,2.276596635580063,2.577410653233528,repeat indices align samples but methods were timed sequentially; use independent-resample intervals
99,funnel,4,bucketed,last_depth,128,1024,4,27,2.199988007545471,2.5806925669312477,repeat indices align samples but methods were timed sequentially; use independent-resample intervals
99,funnel,4,bucketed,last_depth,128,1024,4,28,2.1647850945591927,2.7344466373324394,repeat indices align samples but methods were timed sequentially; use independent-resample intervals
99,funnel,4,bucketed,last_depth,128,1024,4,29,2.079111635684967,2.838357426226139,repeat indices align samples but methods were timed sequentially; use independent-resample intervals
