row_number,model,seed,method,predictor,bucket_size,num_chains,dimension,repeat,method_seconds,monolithic_seconds_same_index,pairing_note
0,funnel,0,monolithic,monolithic,0,128,4,0,3.8272049874067307,3.8272049874067307,repeat indices align samples but methods were timed sequentially; use independent-resample intervals
0,funnel,0,monolithic,monolithic,0,128,4,1,0.41989999264478683,0.41989999264478683,repeat indices align samples but methods were timed sequentially; use independent-resample intervals
0,funnel,0,monolithic,monolithic,0,128,4,2,0.4161922112107277,0.4161922112107277,repeat indices align samples but methods were timed sequentially; use independent-resample intervals
0,funnel,0,monolithic,monolithic,0,128,4,3,0.4243306741118431,0.4243306741118431,repeat indices align samples but methods were timed sequentially; use independent-resample intervals
0,funnel,0,monolithic,monolithic,0,128,4,4,0.4902585968375206,0.4902585968375206,repeat indices align samples but methods were timed sequentially; use independent-resample intervals
0,funnel,0,monolithic,monolithic,0,128,4,5,0.4458199292421341,0.4458199292421341,repeat indices align samples but methods were timed sequentially; use independent-resample intervals
0,funnel,0,monolithic,monolithic,0,128,4,6,0.4322126805782318,0.4322126805782318,repeat indices align samples but methods were timed sequentially; use independent-resample intervals
0,funnel,0,monolithic,monolithic,0,128,4,7,0.4669584110379219,0.4669584110379219,repeat indices align samples but methods were timed sequentially; use independent-resample intervals
0,funnel,0,monolithic,monolithic,0,128,4,8,0.4399724677205086,0.4399724677205086,repeat indices align samples but methods were timed sequentially; use independent-resample intervals
0,funnel,0,monolithic,monolithic,0,128,4,9,0.4015827924013138,0.4015827924013138,repeat indices align samples but methods were timed sequentially; use independent-resample intervals
0,funnel,0,monolithic,monolithic,0,128,4,10,0.40583763271570206,0.40583763271570206,repeat indices align samples but methods were timed sequentially; use independent-resample intervals
0,funnel,0,monolithic,monolithic,0,128,4,11,0.4465572312474251,0.4465572312474251,repeat indices align samples but methods were timed sequentially; use independent-resample intervals
0,funnel,0,monolithic,monolithic,0,128,4,12,0.41323989629745483,0.41323989629745483,repeat indices align samples but methods were timed sequentially; use independent-resample intervals
0,funnel,0,monolithic,monolithic,0,128,4,13,0.37846144288778305,0.37846144288778305,repeat indices align samples but methods were timed sequentially; use independent-resample intervals
0,funnel,0,monolithic,monolithic,0,128,4,14,0.3547256290912628,0.3547256290912628,repeat indices align samples but methods were timed sequentially; use independent-resample intervals
0,funnel,0,monolithic,monolithic,0,128,4,15,0.36726294457912445,0.36726294457912445,repeat indices align samples but methods were timed sequentially; use independent-resample intervals
0,funnel,0,monolithic,monolithic,0,128,4,16,0.3849094286561012,0.3849094286561012,repeat indices align samples but methods were timed sequentially; use independent-resample intervals
0,funnel,0,monolithic,monolithic,0,128,4,17,0.3881619721651077,0.3881619721651077,repeat indices align samples but methods were timed sequentially; use independent-resample intervals
0,funnel,0,monolithic,monolithic,0,128,4,18,0.3919840678572655,0.3919840678572655,repeat indices align samples but methods were timed sequentially; use independent-resample intervals
0,funnel,0,monolithic,monolithic,0,128,4,19,0.4384659230709076,0.4384659230709076,repeat indices align samples but methods were timed sequentially; use independent-resample intervals
0,funnel,0,monolithic,monolithic,0,128,4,20,0.41566649824380875,0.41566649824380875,repeat indices align samples but methods were timed sequentially; use independent-resample intervals
0,funnel,0,monolithic,monolithic,0,128,4,21,0.3698255270719528,0.3698255270719528,repeat indices align samples but methods were timed sequentially; use independent-resample intervals
0,funnel,0,monolithic,monolithic,0,128,4,22,0.4288349971175194,0.4288349971175194,repeat indices align samples but methods were timed sequentially; use independent-resample intervals
0,funnel,0,monolithic,monolithic,0,128,4,23,0.3962514251470566,0.3962514251470566,repeat indices align samples but methods were timed sequentially; use independent-resample intervals
0,funnel,0,monolithic,monolithic,0,128,4,24,0.3916432783007622,0.3916432783007622,repeat indices align samples but methods were timed sequentially; use independent-resample intervals
0,funnel,0,monolithic,monolithic,0,128,4,25,0.4359043389558792,0.4359043389558792,repeat indices align samples but methods were timed sequentially; use independent-resample intervals
0,funnel,0,monolithic,monolithic,0,128,4,26,0.40164392441511154,0.40164392441511154,repeat indices align samples but methods were timed sequentially; use independent-resample intervals
0,funnel,0,monolithic,monolithic,0,128,4,27,0.408945195376873,0.408945195376873,repeat indices align samples but methods were timed sequentially; use independent-resample intervals
0,funnel,0,monolithic,monolithic,0,128,4,28,0.396708182990551,0.396708182990551,repeat indices align samples but methods were timed sequentially; use independent-resample intervals
0,funnel,0,monolithic,monolithic,0,128,4,29,0.4093683660030365,0.4093683660030365,repeat indices align samples but methods were timed sequentially; use independent-resample intervals
1,funnel,0,bucketed,history,64,128,4,0,2.896979622542858,3.8272049874067307,repeat indices align samples but methods were timed sequentially; use independent-resample intervals
1,funnel,0,bucketed,history,64,128,4,1,0.4787983298301697,0.41989999264478683,repeat indices align samples but methods were timed sequentially; use independent-resample intervals
1,funnel,0,bucketed,history,64,128,4,2,0.4638855457305908,0.4161922112107277,repeat indices align samples but methods were timed sequentially; use independent-resample intervals
1,funnel,0,bucketed,history,64,128,4,3,0.44772250205278397,0.4243306741118431,repeat indices align samples but methods were timed sequentially; use independent-resample intervals
1,funnel,0,bucketed,history,64,128,4,4,0.4910481572151184,0.4902585968375206,repeat indices align samples but methods were timed sequentially; use independent-resample intervals
1,funnel,0,bucketed,history,64,128,4,5,0.437028244137764,0.4458199292421341,repeat indices align samples but methods were timed sequentially; use independent-resample intervals
1,funnel,0,bucketed,history,64,128,4,6,0.471380352973938,0.4322126805782318,repeat indices align samples but methods were timed sequentially; use independent-resample intervals
1,funnel,0,bucketed,history,64,128,4,7,0.413815513253212,0.4669584110379219,repeat indices align samples but methods were timed sequentially; use independent-resample intervals
1,funnel,0,bucketed,history,64,128,4,8,0.4766639918088913,0.4399724677205086,repeat indices align samples but methods were timed sequentially; use independent-resample intervals
1,funnel,0,bucketed,history,64,128,4,9,0.4702337682247162,0.4015827924013138,repeat indices align samples but methods were timed sequentially; use independent-resample intervals
1,funnel,0,bucketed,history,64,128,4,10,0.44739215075969696,0.40583763271570206,repeat indices align samples but methods were timed sequentially; use independent-resample intervals
1,funnel,0,bucketed,history,64,128,4,11,0.46508121490478516,0.4465572312474251,repeat indices align samples but methods were timed sequentially; use independent-resample intervals
1,funnel,0,bucketed,history,64,128,4,12,0.5126010179519653,0.41323989629745483,repeat indices align samples but methods were timed sequentially; use independent-resample intervals
1,funnel,0,bucketed,history,64,128,4,13,0.4968699663877487,0.37846144288778305,repeat indices align samples but methods were timed sequentially; use independent-resample intervals
1,funnel,0,bucketed,history,64,128,4,14,0.501067504286766,0.3547256290912628,repeat indices align samples but methods were timed sequentially; use independent-resample intervals
1,funnel,0,bucketed,history,64,128,4,15,0.4679785296320915,0.36726294457912445,repeat indices align samples but methods were timed sequentially; use independent-resample intervals
1,funnel,0,bucketed,history,64,128,4,16,0.41064363718032837,0.3849094286561012,repeat indices align samples but methods were timed sequentially; use independent-resample intervals
1,funnel,0,bucketed,history,64,128,4,17,0.5533338338136673,0.3881619721651077,repeat indices align samples but methods were timed sequentially; use independent-resample intervals
1,funnel,0,bucketed,history,64,128,4,18,0.39587291330099106,0.3919840678572655,repeat indices align samples but methods were timed sequentially; use independent-resample intervals
1,funnel,0,bucketed,history,64,128,4,19,0.4129762277007103,0.4384659230709076,repeat indices align samples but methods were timed sequentially; use independent-resample intervals
1,funnel,0,bucketed,history,64,128,4,20,0.4510273039340973,0.41566649824380875,repeat indices align samples but methods were timed sequentially; use independent-resample intervals
1,funnel,0,bucketed,history,64,128,4,21,0.42667102813720703,0.3698255270719528,repeat indices align samples but methods were timed sequentially; use independent-resample intervals
1,funnel,0,bucketed,history,64,128,4,22,0.43421316146850586,0.4288349971175194,repeat indices align samples but methods were timed sequentially; use independent-resample intervals
1,funnel,0,bucketed,history,64,128,4,23,0.4561811313033104,0.3962514251470566,repeat indices align samples but methods were timed sequentially; use independent-resample intervals
1,funnel,0,bucketed,history,64,128,4,24,0.45801109820604324,0.3916432783007622,repeat indices align samples but methods were timed sequentially; use independent-resample intervals
1,funnel,0,bucketed,history,64,128,4,25,0.4496896117925644,0.4359043389558792,repeat indices align samples but methods were timed sequentially; use independent-resample intervals
1,funnel,0,bucketed,history,64,128,4,26,0.3506971672177315,0.40164392441511154,repeat indices align samples but methods were timed sequentially; use independent-resample intervals
1,funnel,0,bucketed,history,64,128,4,27,0.40465252101421356,0.408945195376873,repeat indices align samples but methods were timed sequentially; use independent-resample intervals
1,funnel,0,bucketed,history,64,128,4,28,0.43512485176324844,0.396708182990551,repeat indices align samples but methods were timed sequentially; use independent-resample intervals
1,funnel,0,bucketed,history,64,128,4,29,0.4191327691078186,0.4093683660030365,repeat indices align samples but methods were timed sequentially; use independent-resample intervals
2,funnel,0,bucketed,history,128,128,4,0,2.742673970758915,3.8272049874067307,repeat indices align samples but methods were timed sequentially; use independent-resample intervals
2,funnel,0,bucketed,history,128,128,4,1,0.5429673492908478,0.41989999264478683,repeat indices align samples but methods were timed sequentially; use independent-resample intervals
2,funnel,0,bucketed,history,128,128,4,2,0.4753040745854378,0.4161922112107277,repeat indices align samples but methods were timed sequentially; use independent-resample intervals
2,funnel,0,bucketed,history,128,128,4,3,0.5493659228086472,0.4243306741118431,repeat indices align samples but methods were timed sequentially; use independent-resample intervals
2,funnel,0,bucketed,history,128,128,4,4,0.5805553272366524,0.4902585968375206,repeat indices align samples but methods were timed sequentially; use independent-resample intervals
2,funnel,0,bucketed,history,128,128,4,5,0.6038531139492989,0.4458199292421341,repeat indices align samples but methods were timed sequentially; use independent-resample intervals
2,funnel,0,bucketed,history,128,128,4,6,0.641171433031559,0.4322126805782318,repeat indices align samples but methods were timed sequentially; use independent-resample intervals
2,funnel,0,bucketed,history,128,128,4,7,0.5625064224004745,0.4669584110379219,repeat indices align samples but methods were timed sequentially; use independent-resample intervals
2,funnel,0,bucketed,history,128,128,4,8,0.601531594991684,0.4399724677205086,repeat indices align samples but methods were timed sequentially; use independent-resample intervals
2,funnel,0,bucketed,history,128,128,4,9,0.5196929275989532,0.4015827924013138,repeat indices align samples but methods were timed sequentially; use independent-resample intervals
2,funnel,0,bucketed,history,128,128,4,10,0.5051908940076828,0.40583763271570206,repeat indices align samples but methods were timed sequentially; use independent-resample intervals
2,funnel,0,bucketed,history,128,128,4,11,0.5156608894467354,0.4465572312474251,repeat indices align samples but methods were timed sequentially; use independent-resample intervals
2,funnel,0,bucketed,history,128,128,4,12,0.5565396770834923,0.41323989629745483,repeat indices align samples but methods were timed sequentially; use independent-resample intervals
2,funnel,0,bucketed,history,128,128,4,13,0.6025412455201149,0.37846144288778305,repeat indices align samples but methods were timed sequentially; use independent-resample intervals
2,funnel,0,bucketed,history,128,128,4,14,0.5411285012960434,0.3547256290912628,repeat indices align samples but methods were timed sequentially; use independent-resample intervals
2,funnel,0,bucketed,history,128,128,4,15,0.6215291544795036,0.36726294457912445,repeat indices align samples but methods were timed sequentially; use independent-resample intervals
2,funnel,0,bucketed,history,128,128,4,16,0.5155755579471588,0.3849094286561012,repeat indices align samples but methods were timed sequentially; use independent-resample intervals
2,funnel,0,bucketed,history,128,128,4,17,0.4866570606827736,0.3881619721651077,repeat indices align samples but methods were timed sequentially; use independent-resample intervals
2,funnel,0,bucketed,history,128,128,4,18,0.5022702813148499,0.3919840678572655,repeat indices align samples but methods were timed sequentially; use independent-resample intervals
2,funnel,0,bucketed,history,128,128,4,19,0.4615306481719017,0.4384659230709076,repeat indices align samples but methods were timed sequentially; use independent-resample intervals
2,funnel,0,bucketed,history,128,128,4,20,0.5165817216038704,0.41566649824380875,repeat indices align samples but methods were timed sequentially; use independent-resample intervals
2,funnel,0,bucketed,history,128,128,4,21,0.5208242014050484,0.3698255270719528,repeat indices align samples but methods were timed sequentially; use independent-resample intervals
2,funnel,0,bucketed,history,128,128,4,22,0.5030508562922478,0.4288349971175194,repeat indices align samples but methods were timed sequentially; use independent-resample intervals
2,funnel,0,bucketed,history,128,128,4,23,0.48134327679872513,0.3962514251470566,repeat indices align samples but methods were timed sequentially; use independent-resample intervals
2,funnel,0,bucketed,history,128,128,4,24,0.5167545154690742,0.3916432783007622,repeat indices align samples but methods were timed sequentially; use independent-resample intervals
2,funnel,0,bucketed,history,128,128,4,25,0.5529149025678635,0.4359043389558792,repeat indices align samples but methods were timed sequentially; use independent-resample intervals
2,funnel,0,bucketed,history,128,128,4,26,0.5000504106283188,0.40164392441511154,repeat indices align samples but methods were timed sequentially; use independent-resample intervals
2,funnel,0,bucketed,history,128,128,4,27,0.5466533005237579,0.408945195376873,repeat indices align samples but methods were timed sequentially; use independent-resample intervals
2,funnel,0,bucketed,history,128,128,4,28,0.5090565234422684,0.396708182990551,repeat indices align samples but methods were timed sequentially; use independent-resample intervals
2,funnel,0,bucketed,history,128,128,4,29,0.5339978039264679,0.4093683660030365,repeat indices align samples but methods were timed sequentially; use independent-resample intervals
3,funnel,0,bucketed,last_depth,64,128,4,0,0.5001992955803871,3.8272049874067307,repeat indices align samples but methods were timed sequentially; use independent-resample intervals
3,funnel,0,bucketed,last_depth,64,128,4,1,0.4727795645594597,0.41989999264478683,repeat indices align samples but methods were timed sequentially; use independent-resample intervals
3,funnel,0,bucketed,last_depth,64,128,4,2,0.4775550290942192,0.4161922112107277,repeat indices align samples but methods were timed sequentially; use independent-resample intervals
3,funnel,0,bucketed,last_depth,64,128,4,3,0.42813690751791,0.4243306741118431,repeat indices align samples but methods were timed sequentially; use independent-resample intervals
3,funnel,0,bucketed,last_depth,64,128,4,4,0.44997523725032806,0.4902585968375206,repeat indices align samples but methods were timed sequentially; use independent-resample intervals
3,funnel,0,bucketed,last_depth,64,128,4,5,0.5245087891817093,0.4458199292421341,repeat indices align samples but methods were timed sequentially; use independent-resample intervals
3,funnel,0,bucketed,last_depth,64,128,4,6,0.41522135585546494,0.4322126805782318,repeat indices align samples but methods were timed sequentially; use independent-resample intervals
3,funnel,0,bucketed,last_depth,64,128,4,7,0.4728492423892021,0.4669584110379219,repeat indices align samples but methods were timed sequentially; use independent-resample intervals
3,funnel,0,bucketed,last_depth,64,128,4,8,0.5028332769870758,0.4399724677205086,repeat indices align samples but methods were timed sequentially; use independent-resample intervals
3,funnel,0,bucketed,last_depth,64,128,4,9,0.4961746335029602,0.4015827924013138,repeat indices align samples but methods were timed sequentially; use independent-resample intervals
3,funnel,0,bucketed,last_depth,64,128,4,10,0.4680298715829849,0.40583763271570206,repeat indices align samples but methods were timed sequentially; use independent-resample intervals
3,funnel,0,bucketed,last_depth,64,128,4,11,0.4369269013404846,0.4465572312474251,repeat indices align samples but methods were timed sequentially; use independent-resample intervals
3,funnel,0,bucketed,last_depth,64,128,4,12,0.5093320608139038,0.41323989629745483,repeat indices align samples but methods were timed sequentially; use independent-resample intervals
3,funnel,0,bucketed,last_depth,64,128,4,13,0.5297300890088081,0.37846144288778305,repeat indices align samples but methods were timed sequentially; use independent-resample intervals
3,funnel,0,bucketed,last_depth,64,128,4,14,0.43527351319789886,0.3547256290912628,repeat indices align samples but methods were timed sequentially; use independent-resample intervals
3,funnel,0,bucketed,last_depth,64,128,4,15,0.4544527307152748,0.36726294457912445,repeat indices align samples but methods were timed sequentially; use independent-resample intervals
3,funnel,0,bucketed,last_depth,64,128,4,16,0.4295918121933937,0.3849094286561012,repeat indices align samples but methods were timed sequentially; use independent-resample intervals
3,funnel,0,bucketed,last_depth,64,128,4,17,0.44265080243349075,0.3881619721651077,repeat indices align samples but methods were timed sequentially; use independent-resample intervals
3,funnel,0,bucketed,last_depth,64,128,4,18,0.4945370480418205,0.3919840678572655,repeat indices align samples but methods were timed sequentially; use independent-resample intervals
3,funnel,0,bucketed,last_depth,64,128,4,19,0.47850582748651505,0.4384659230709076,repeat indices align samples but methods were timed sequentially; use independent-resample intervals
3,funnel,0,bucketed,last_depth,64,128,4,20,0.45413465052843094,0.41566649824380875,repeat indices align samples but methods were timed sequentially; use independent-resample intervals
3,funnel,0,bucketed,last_depth,64,128,4,21,0.503970555961132,0.3698255270719528,repeat indices align samples but methods were timed sequentially; use independent-resample intervals
3,funnel,0,bucketed,last_depth,64,128,4,22,0.4297746643424034,0.4288349971175194,repeat indices align samples but methods were timed sequentially; use independent-resample intervals
3,funnel,0,bucketed,last_depth,64,128,4,23,0.5272718444466591,0.3962514251470566,repeat indices align samples but methods were timed sequentially; use independent-resample intervals
3,funnel,0,bucketed,last_depth,64,128,4,24,0.5261936187744141,0.3916432783007622,repeat indices align samples but methods were timed sequentially; use independent-resample intervals
3,funnel,0,bucketed,last_depth,64,128,4,25,0.5155953243374825,0.4359043389558792,repeat indices align samples but methods were timed sequentially; use independent-resample intervals
3,funnel,0,bucketed,last_depth,64,128,4,26,0.4611841142177582,0.40164392441511154,repeat indices align samples but methods were timed sequentially; use independent-resample intervals
3,funnel,0,bucketed,last_depth,64,128,4,27,0.5011317357420921,0.408945195376873,repeat indices align samples but methods were timed sequentially; use independent-resample intervals
3,funnel,0,bucketed,last_depth,64,128,4,28,0.4992801919579506,0.396708182990551,repeat indices align samples but methods were timed sequentially; use independent-resample intervals
3,funnel,0,bucketed,last_depth,64,128,4,29,0.44010355323553085,0.4093683660030365,repeat indices align samples but methods were timed sequentially; use independent-resample intervals
4,funnel,0,bucketed,last_depth,128,128,4,0,0.5224027261137962,3.8272049874067307,repeat indices align samples but methods were timed sequentially; use independent-resample intervals
4,funnel,0,bucketed,last_depth,128,128,4,1,0.47893141210079193,0.41989999264478683,repeat indices align samples but methods were timed sequentially; use independent-resample intervals
4,funnel,0,bucketed,last_depth,128,128,4,2,0.4933100491762161,0.4161922112107277,repeat indices align samples but methods were timed sequentially; use independent-resample intervals
4,funnel,0,bucketed,last_depth,128,128,4,3,0.4505995884537697,0.4243306741118431,repeat indices align samples but methods were timed sequentially; use independent-resample intervals
4,funnel,0,bucketed,last_depth,128,128,4,4,0.48920153826475143,0.4902585968375206,repeat indices align samples but methods were timed sequentially; use independent-resample intervals
4,funnel,0,bucketed,last_depth,128,128,4,5,0.5246981680393219,0.4458199292421341,repeat indices align samples but methods were timed sequentially; use independent-resample intervals
4,funnel,0,bucketed,last_depth,128,128,4,6,0.5769096463918686,0.4322126805782318,repeat indices align samples but methods were timed sequentially; use independent-resample intervals
4,funnel,0,bucketed,last_depth,128,128,4,7,0.5572788491845131,0.4669584110379219,repeat indices align samples but methods were timed sequentially; use independent-resample intervals
4,funnel,0,bucketed,last_depth,128,128,4,8,0.5738303363323212,0.4399724677205086,repeat indices align samples but methods were timed sequentially; use independent-resample intervals
4,funnel,0,bucketed,last_depth,128,128,4,9,0.55296491086483,0.4015827924013138,repeat indices align samples but methods were timed sequentially; use independent-resample intervals
4,funnel,0,bucketed,last_depth,128,128,4,10,0.5442689880728722,0.40583763271570206,repeat indices align samples but methods were timed sequentially; use independent-resample intervals
4,funnel,0,bucketed,last_depth,128,128,4,11,0.5059440732002258,0.4465572312474251,repeat indices align samples but methods were timed sequentially; use independent-resample intervals
4,funnel,0,bucketed,last_depth,128,128,4,12,0.5673728808760643,0.41323989629745483,repeat indices align samples but methods were timed sequentially; use independent-resample intervals
4,funnel,0,bucketed,last_depth,128,128,4,13,0.5814312323927879,0.37846144288778305,repeat indices align samples but methods were timed sequentially; use independent-resample intervals
4,funnel,0,bucketed,last_depth,128,128,4,14,0.5366724729537964,0.3547256290912628,repeat indices align samples but methods were timed sequentially; use independent-resample intervals
4,funnel,0,bucketed,last_depth,128,128,4,15,0.5331382229924202,0.36726294457912445,repeat indices align samples but methods were timed sequentially; use independent-resample intervals
4,funnel,0,bucketed,last_depth,128,128,4,16,0.5168196707963943,0.3849094286561012,repeat indices align samples but methods were timed sequentially; use independent-resample intervals
4,funnel,0,bucketed,last_depth,128,128,4,17,0.4353739991784096,0.3881619721651077,repeat indices align samples but methods were timed sequentially; use independent-resample intervals
4,funnel,0,bucketed,last_depth,128,128,4,18,0.4814637526869774,0.3919840678572655,repeat indices align samples but methods were timed sequentially; use independent-resample intervals
4,funnel,0,bucketed,last_depth,128,128,4,19,0.44653089344501495,0.4384659230709076,repeat indices align samples but methods were timed sequentially; use independent-resample intervals
4,funnel,0,bucketed,last_depth,128,128,4,20,0.4887387081980705,0.41566649824380875,repeat indices align samples but methods were timed sequentially; use independent-resample intervals
4,funnel,0,bucketed,last_depth,128,128,4,21,0.43729646503925323,0.3698255270719528,repeat indices align samples but methods were timed sequentially; use independent-resample intervals
4,funnel,0,bucketed,last_depth,128,128,4,22,0.45918378978967667,0.4288349971175194,repeat indices align samples but methods were timed sequentially; use independent-resample intervals
4,funnel,0,bucketed,last_depth,128,128,4,23,0.4523165374994278,0.3962514251470566,repeat indices align samples but methods were timed sequentially; use independent-resample intervals
4,funnel,0,bucketed,last_depth,128,128,4,24,0.4840434640645981,0.3916432783007622,repeat indices align samples but methods were timed sequentially; use independent-resample intervals
4,funnel,0,bucketed,last_depth,128,128,4,25,0.5113632827997208,0.4359043389558792,repeat indices align samples but methods were timed sequentially; use independent-resample intervals
4,funnel,0,bucketed,last_depth,128,128,4,26,0.5340930745005608,0.40164392441511154,repeat indices align samples but methods were timed sequentially; use independent-resample intervals
4,funnel,0,bucketed,last_depth,128,128,4,27,0.48822735249996185,0.408945195376873,repeat indices align samples but methods were timed sequentially; use independent-resample intervals
4,funnel,0,bucketed,last_depth,128,128,4,28,0.543374203145504,0.396708182990551,repeat indices align samples but methods were timed sequentially; use independent-resample intervals
4,funnel,0,bucketed,last_depth,128,128,4,29,0.5331554040312767,0.4093683660030365,repeat indices align samples but methods were timed sequentially; use independent-resample intervals
5,funnel,1,monolithic,monolithic,0,128,4,0,0.4413842484354973,0.4413842484354973,repeat indices align samples but methods were timed sequentially; use independent-resample intervals
5,funnel,1,monolithic,monolithic,0,128,4,1,0.4195825606584549,0.4195825606584549,repeat indices align samples but methods were timed sequentially; use independent-resample intervals
5,funnel,1,monolithic,monolithic,0,128,4,2,0.42048612982034683,0.42048612982034683,repeat indices align samples but methods were timed sequentially; use independent-resample intervals
5,funnel,1,monolithic,monolithic,0,128,4,3,0.37986578792333603,0.37986578792333603,repeat indices align samples but methods were timed sequentially; use independent-resample intervals
5,funnel,1,monolithic,monolithic,0,128,4,4,0.42153624445199966,0.42153624445199966,repeat indices align samples but methods were timed sequentially; use independent-resample intervals
5,funnel,1,monolithic,monolithic,0,128,4,5,0.4822574555873871,0.4822574555873871,repeat indices align samples but methods were timed sequentially; use independent-resample intervals
5,funnel,1,monolithic,monolithic,0,128,4,6,0.43351960927248,0.43351960927248,repeat indices align samples but methods were timed sequentially; use independent-resample intervals
5,funnel,1,monolithic,monolithic,0,128,4,7,0.4685361608862877,0.4685361608862877,repeat indices align samples but methods were timed sequentially; use independent-resample intervals
5,funnel,1,monolithic,monolithic,0,128,4,8,0.44139494746923447,0.44139494746923447,repeat indices align samples but methods were timed sequentially; use independent-resample intervals
5,funnel,1,monolithic,monolithic,0,128,4,9,0.4111144319176674,0.4111144319176674,repeat indices align samples but methods were timed sequentially; use independent-resample intervals
5,funnel,1,monolithic,monolithic,0,128,4,10,0.3943505734205246,0.3943505734205246,repeat indices align samples but methods were timed sequentially; use independent-resample intervals
5,funnel,1,monolithic,monolithic,0,128,4,11,0.43762315809726715,0.43762315809726715,repeat indices align samples but methods were timed sequentially; use independent-resample intervals
5,funnel,1,monolithic,monolithic,0,128,4,12,0.44406359642744064,0.44406359642744064,repeat indices align samples but methods were timed sequentially; use independent-resample intervals
5,funnel,1,monolithic,monolithic,0,128,4,13,0.40129435807466507,0.40129435807466507,repeat indices align samples but methods were timed sequentially; use independent-resample intervals
5,funnel,1,monolithic,monolithic,0,128,4,14,0.4622840881347656,0.4622840881347656,repeat indices align samples but methods were timed sequentially; use independent-resample intervals
5,funnel,1,monolithic,monolithic,0,128,4,15,0.5622604712843895,0.5622604712843895,repeat indices align samples but methods were timed sequentially; use independent-resample intervals
5,funnel,1,monolithic,monolithic,0,128,4,16,0.48680395632982254,0.48680395632982254,repeat indices align samples but methods were timed sequentially; use independent-resample intervals
5,funnel,1,monolithic,monolithic,0,128,4,17,0.4081043526530266,0.4081043526530266,repeat indices align samples but methods were timed sequentially; use independent-resample intervals
5,funnel,1,monolithic,monolithic,0,128,4,18,0.41370493173599243,0.41370493173599243,repeat indices align samples but methods were timed sequentially; use independent-resample intervals
5,funnel,1,monolithic,monolithic,0,128,4,19,0.439172625541687,0.439172625541687,repeat indices align samples but methods were timed sequentially; use independent-resample intervals
5,funnel,1,monolithic,monolithic,0,128,4,20,0.47403301298618317,0.47403301298618317,repeat indices align samples but methods were timed sequentially; use independent-resample intervals
5,funnel,1,monolithic,monolithic,0,128,4,21,0.4379572942852974,0.4379572942852974,repeat indices align samples but methods were timed sequentially; use independent-resample intervals
5,funnel,1,monolithic,monolithic,0,128,4,22,0.44789978116750717,0.44789978116750717,repeat indices align samples but methods were timed sequentially; use independent-resample intervals
5,funnel,1,monolithic,monolithic,0,128,4,23,0.4786277189850807,0.4786277189850807,repeat indices align samples but methods were timed sequentially; use independent-resample intervals
5,funnel,1,monolithic,monolithic,0,128,4,24,0.40877941995859146,0.40877941995859146,repeat indices align samples but methods were timed sequentially; use independent-resample intervals
5,funnel,1,monolithic,monolithic,0,128,4,25,0.41690555959939957,0.41690555959939957,repeat indices align samples but methods were timed sequentially; use independent-resample intervals
5,funnel,1,monolithic,monolithic,0,128,4,26,0.4340524673461914,0.4340524673461914,repeat indices align samples but methods were timed sequentially; use independent-resample intervals
5,funnel,1,monolithic,monolithic,0,128,4,27,0.47211674600839615,0.47211674600839615,repeat indices align samples but methods were timed sequentially; use independent-resample intervals
5,funnel,1,monolithic,monolithic,0,128,4,28,0.4227541759610176,0.4227541759610176,repeat indices align samples but methods were timed sequentially; use independent-resample intervals
5,funnel,1,monolithic,monolithic,0,128,4,29,0.4387856498360634,0.4387856498360634,repeat indices align samples but methods were timed sequentially; use independent-resample intervals
6,funnel,1,bucketed,history,64,128,4,0,0.5548826903104782,0.4413842484354973,repeat indices align samples but methods were timed sequentially; use independent-resample intervals
6,funnel,1,bucketed,history,64,128,4,1,0.5286921337246895,0.4195825606584549,repeat indices align samples but methods were timed sequentially; use independent-resample intervals
6,funnel,1,bucketed,history,64,128,4,2,0.541409932076931,0.42048612982034683,repeat indices align samples but methods were timed sequentially; use independent-resample intervals
6,funnel,1,bucketed,history,64,128,4,3,0.606110118329525,0.37986578792333603,repeat indices align samples but methods were timed sequentially; use independent-resample intervals
6,funnel,1,bucketed,history,64,128,4,4,0.5158214867115021,0.42153624445199966,repeat indices align samples but methods were timed sequentially; use independent-resample intervals
6,funnel,1,bucketed,history,64,128,4,5,0.46803057193756104,0.4822574555873871,repeat indices align samples but methods were timed sequentially; use independent-resample intervals
6,funnel,1,bucketed,history,64,128,4,6,0.5060166344046593,0.43351960927248,repeat indices align samples but methods were timed sequentially; use independent-resample intervals
6,funnel,1,bucketed,history,64,128,4,7,0.4319463446736336,0.4685361608862877,repeat indices align samples but methods were timed sequentially; use independent-resample intervals
6,funnel,1,bucketed,history,64,128,4,8,0.5603750646114349,0.44139494746923447,repeat indices align samples but methods were timed sequentially; use independent-resample intervals
6,funnel,1,bucketed,history,64,128,4,9,0.4462876319885254,0.4111144319176674,repeat indices align samples but methods were timed sequentially; use independent-resample intervals
6,funnel,1,bucketed,history,64,128,4,10,0.49409107863903046,0.3943505734205246,repeat indices align samples but methods were timed sequentially; use independent-resample intervals
6,funnel,1,bucketed,history,64,128,4,11,0.5066419020295143,0.43762315809726715,repeat indices align samples but methods were timed sequentially; use independent-resample intervals
6,funnel,1,bucketed,history,64,128,4,12,0.46864721179008484,0.44406359642744064,repeat indices align samples but methods were timed sequentially; use independent-resample intervals
6,funnel,1,bucketed,history,64,128,4,13,0.5134307220578194,0.40129435807466507,repeat indices align samples but methods were timed sequentially; use independent-resample intervals
6,funnel,1,bucketed,history,64,128,4,14,0.45900852233171463,0.4622840881347656,repeat indices align samples but methods were timed sequentially; use independent-resample intervals
6,funnel,1,bucketed,history,64,128,4,15,0.5002081617712975,0.5622604712843895,repeat indices align samples but methods were timed sequentially; use independent-resample intervals
6,funnel,1,bucketed,history,64,128,4,16,0.4887229725718498,0.48680395632982254,repeat indices align samples but methods were timed sequentially; use independent-resample intervals
6,funnel,1,bucketed,history,64,128,4,17,0.5009809583425522,0.4081043526530266,repeat indices align samples but methods were timed sequentially; use independent-resample intervals
6,funnel,1,bucketed,history,64,128,4,18,0.41447795182466507,0.41370493173599243,repeat indices align samples but methods were timed sequentially; use independent-resample intervals
6,funnel,1,bucketed,history,64,128,4,19,0.5246638506650925,0.439172625541687,repeat indices align samples but methods were timed sequentially; use independent-resample intervals
6,funnel,1,bucketed,history,64,128,4,20,0.45259688049554825,0.47403301298618317,repeat indices align samples but methods were timed sequentially; use independent-resample intervals
6,funnel,1,bucketed,history,64,128,4,21,0.3897560313344002,0.4379572942852974,repeat indices align samples but methods were timed sequentially; use independent-resample intervals
6,funnel,1,bucketed,history,64,128,4,22,0.4644249528646469,0.44789978116750717,repeat indices align samples but methods were timed sequentially; use independent-resample intervals
6,funnel,1,bucketed,history,64,128,4,23,0.4291110932826996,0.4786277189850807,repeat indices align samples but methods were timed sequentially; use independent-resample intervals
6,funnel,1,bucketed,history,64,128,4,24,0.4679717421531677,0.40877941995859146,repeat indices align samples but methods were timed sequentially; use independent-resample intervals
6,funnel,1,bucketed,history,64,128,4,25,0.4531485363841057,0.41690555959939957,repeat indices align samples but methods were timed sequentially; use independent-resample intervals
6,funnel,1,bucketed,history,64,128,4,26,0.4881737753748894,0.4340524673461914,repeat indices align samples but methods were timed sequentially; use independent-resample intervals
6,funnel,1,bucketed,history,64,128,4,27,0.3868894949555397,0.47211674600839615,repeat indices align samples but methods were timed sequentially; use independent-resample intervals
6,funnel,1,bucketed,history,64,128,4,28,0.3764013350009918,0.4227541759610176,repeat indices align samples but methods were timed sequentially; use independent-resample intervals
6,funnel,1,bucketed,history,64,128,4,29,0.4079013019800186,0.4387856498360634,repeat indices align samples but methods were timed sequentially; use independent-resample intervals
7,funnel,1,bucketed,history,128,128,4,0,0.5529049038887024,0.4413842484354973,repeat indices align samples but methods were timed sequentially; use independent-resample intervals
7,funnel,1,bucketed,history,128,128,4,1,0.5439231172204018,0.4195825606584549,repeat indices align samples but methods were timed sequentially; use independent-resample intervals
7,funnel,1,bucketed,history,128,128,4,2,0.5955398976802826,0.42048612982034683,repeat indices align samples but methods were timed sequentially; use independent-resample intervals
7,funnel,1,bucketed,history,128,128,4,3,0.5483560785651207,0.37986578792333603,repeat indices align samples but methods were timed sequentially; use independent-resample intervals
7,funnel,1,bucketed,history,128,128,4,4,0.5340188518166542,0.42153624445199966,repeat indices align samples but methods were timed sequentially; use independent-resample intervals
7,funnel,1,bucketed,history,128,128,4,5,0.5246905758976936,0.4822574555873871,repeat indices align samples but methods were timed sequentially; use independent-resample intervals
7,funnel,1,bucketed,history,128,128,4,6,0.5107953399419785,0.43351960927248,repeat indices align samples but methods were timed sequentially; use independent-resample intervals
7,funnel,1,bucketed,history,128,128,4,7,0.5162195041775703,0.4685361608862877,repeat indices align samples but methods were timed sequentially; use independent-resample intervals
7,funnel,1,bucketed,history,128,128,4,8,0.5308894217014313,0.44139494746923447,repeat indices align samples but methods were timed sequentially; use independent-resample intervals
7,funnel,1,bucketed,history,128,128,4,9,0.5197150856256485,0.4111144319176674,repeat indices align samples but methods were timed sequentially; use independent-resample intervals
7,funnel,1,bucketed,history,128,128,4,10,0.560689203441143,0.3943505734205246,repeat indices align samples but methods were timed sequentially; use independent-resample intervals
7,funnel,1,bucketed,history,128,128,4,11,0.6402522325515747,0.43762315809726715,repeat indices align samples but methods were timed sequentially; use independent-resample intervals
7,funnel,1,bucketed,history,128,128,4,12,0.5951868519186974,0.44406359642744064,repeat indices align samples but methods were timed sequentially; use independent-resample intervals
7,funnel,1,bucketed,history,128,128,4,13,0.6594532057642937,0.40129435807466507,repeat indices align samples but methods were timed sequentially; use independent-resample intervals
7,funnel,1,bucketed,history,128,128,4,14,0.5759258046746254,0.4622840881347656,repeat indices align samples but methods were timed sequentially; use independent-resample intervals
7,funnel,1,bucketed,history,128,128,4,15,0.5391203016042709,0.5622604712843895,repeat indices align samples but methods were timed sequentially; use independent-resample intervals
7,funnel,1,bucketed,history,128,128,4,16,0.5633503943681717,0.48680395632982254,repeat indices align samples but methods were timed sequentially; use independent-resample intervals
7,funnel,1,bucketed,history,128,128,4,17,0.48891090601682663,0.4081043526530266,repeat indices align samples but methods were timed sequentially; use independent-resample intervals
7,funnel,1,bucketed,history,128,128,4,18,0.5467386469244957,0.41370493173599243,repeat indices align samples but methods were timed sequentially; use independent-resample intervals
7,funnel,1,bucketed,history,128,128,4,19,0.5753691717982292,0.439172625541687,repeat indices align samples but methods were timed sequentially; use independent-resample intervals
7,funnel,1,bucketed,history,128,128,4,20,0.5733651593327522,0.47403301298618317,repeat indices align samples but methods were timed sequentially; use independent-resample intervals
7,funnel,1,bucketed,history,128,128,4,21,0.5211716964840889,0.4379572942852974,repeat indices align samples but methods were timed sequentially; use independent-resample intervals
7,funnel,1,bucketed,history,128,128,4,22,0.5442192703485489,0.44789978116750717,repeat indices align samples but methods were timed sequentially; use independent-resample intervals
7,funnel,1,bucketed,history,128,128,4,23,0.5314161106944084,0.4786277189850807,repeat indices align samples but methods were timed sequentially; use independent-resample intervals
7,funnel,1,bucketed,history,128,128,4,24,0.5398016646504402,0.40877941995859146,repeat indices align samples but methods were timed sequentially; use independent-resample intervals
7,funnel,1,bucketed,history,128,128,4,25,0.4533991664648056,0.41690555959939957,repeat indices align samples but methods were timed sequentially; use independent-resample intervals
7,funnel,1,bucketed,history,128,128,4,26,0.5318751558661461,0.4340524673461914,repeat indices align samples but methods were timed sequentially; use independent-resample intervals
7,funnel,1,bucketed,history,128,128,4,27,0.540695883333683,0.47211674600839615,repeat indices align samples but methods were timed sequentially; use independent-resample intervals
7,funnel,1,bucketed,history,128,128,4,28,0.5755295008420944,0.4227541759610176,repeat indices align samples but methods were timed sequentially; use independent-resample intervals
7,funnel,1,bucketed,history,128,128,4,29,0.6187264770269394,0.4387856498360634,repeat indices align samples but methods were timed sequentially; use independent-resample intervals
8,funnel,1,bucketed,last_depth,64,128,4,0,0.5560159608721733,0.4413842484354973,repeat indices align samples but methods were timed sequentially; use independent-resample intervals
8,funnel,1,bucketed,last_depth,64,128,4,1,0.4390353858470917,0.4195825606584549,repeat indices align samples but methods were timed sequentially; use independent-resample intervals
8,funnel,1,bucketed,last_depth,64,128,4,2,0.44084852933883667,0.42048612982034683,repeat indices align samples but methods were timed sequentially; use independent-resample intervals
8,funnel,1,bucketed,last_depth,64,128,4,3,0.4758996143937111,0.37986578792333603,repeat indices align samples but methods were timed sequentially; use independent-resample intervals
8,funnel,1,bucketed,last_depth,64,128,4,4,0.4901758283376694,0.42153624445199966,repeat indices align samples but methods were timed sequentially; use independent-resample intervals
8,funnel,1,bucketed,last_depth,64,128,4,5,0.48653752356767654,0.4822574555873871,repeat indices align samples but methods were timed sequentially; use independent-resample intervals
8,funnel,1,bucketed,last_depth,64,128,4,6,0.4808875769376755,0.43351960927248,repeat indices align samples but methods were timed sequentially; use independent-resample intervals
8,funnel,1,bucketed,last_depth,64,128,4,7,0.524972602725029,0.4685361608862877,repeat indices align samples but methods were timed sequentially; use independent-resample intervals
8,funnel,1,bucketed,last_depth,64,128,4,8,0.5292790681123734,0.44139494746923447,repeat indices align samples but methods were timed sequentially; use independent-resample intervals
8,funnel,1,bucketed,last_depth,64,128,4,9,0.49381979554891586,0.4111144319176674,repeat indices align samples but methods were timed sequentially; use independent-resample intervals
8,funnel,1,bucketed,last_depth,64,128,4,10,0.4560052752494812,0.3943505734205246,repeat indices align samples but methods were timed sequentially; use independent-resample intervals
8,funnel,1,bucketed,last_depth,64,128,4,11,0.43559279292821884,0.43762315809726715,repeat indices align samples but methods were timed sequentially; use independent-resample intervals
8,funnel,1,bucketed,last_depth,64,128,4,12,0.46951454877853394,0.44406359642744064,repeat indices align samples but methods were timed sequentially; use independent-resample intervals
8,funnel,1,bucketed,last_depth,64,128,4,13,0.4651948884129524,0.40129435807466507,repeat indices align samples but methods were timed sequentially; use independent-resample intervals
8,funnel,1,bucketed,last_depth,64,128,4,14,0.43586114048957825,0.4622840881347656,repeat indices align samples but methods were timed sequentially; use independent-resample intervals
8,funnel,1,bucketed,last_depth,64,128,4,15,0.4507036507129669,0.5622604712843895,repeat indices align samples but methods were timed sequentially; use independent-resample intervals
8,funnel,1,bucketed,last_depth,64,128,4,16,0.4692394882440567,0.48680395632982254,repeat indices align samples but methods were timed sequentially; use independent-resample intervals
8,funnel,1,bucketed,last_depth,64,128,4,17,0.4499235451221466,0.4081043526530266,repeat indices align samples but methods were timed sequentially; use independent-resample intervals
8,funnel,1,bucketed,last_depth,64,128,4,18,0.5105712413787842,0.41370493173599243,repeat indices align samples but methods were timed sequentially; use independent-resample intervals
8,funnel,1,bucketed,last_depth,64,128,4,19,0.49431876093149185,0.439172625541687,repeat indices align samples but methods were timed sequentially; use independent-resample intervals
8,funnel,1,bucketed,last_depth,64,128,4,20,0.5391541719436646,0.47403301298618317,repeat indices align samples but methods were timed sequentially; use independent-resample intervals
8,funnel,1,bucketed,last_depth,64,128,4,21,0.561737634241581,0.4379572942852974,repeat indices align samples but methods were timed sequentially; use independent-resample intervals
8,funnel,1,bucketed,last_depth,64,128,4,22,0.46889498084783554,0.44789978116750717,repeat indices align samples but methods were timed sequentially; use independent-resample intervals
8,funnel,1,bucketed,last_depth,64,128,4,23,0.5142417401075363,0.4786277189850807,repeat indices align samples but methods were timed sequentially; use independent-resample intervals
8,funnel,1,bucketed,last_depth,64,128,4,24,0.5096483454108238,0.40877941995859146,repeat indices align samples but methods were timed sequentially; use independent-resample intervals
8,funnel,1,bucketed,last_depth,64,128,4,25,0.4523799270391464,0.41690555959939957,repeat indices align samples but methods were timed sequentially; use independent-resample intervals
8,funnel,1,bucketed,last_depth,64,128,4,26,0.39796289056539536,0.4340524673461914,repeat indices align samples but methods were timed sequentially; use independent-resample intervals
8,funnel,1,bucketed,last_depth,64,128,4,27,0.44084323942661285,0.47211674600839615,repeat indices align samples but methods were timed sequentially; use independent-resample intervals
8,funnel,1,bucketed,last_depth,64,128,4,28,0.5262262970209122,0.4227541759610176,repeat indices align samples but methods were timed sequentially; use independent-resample intervals
8,funnel,1,bucketed,last_depth,64,128,4,29,0.4890771359205246,0.4387856498360634,repeat indices align samples but methods were timed sequentially; use independent-resample intervals
9,funnel,1,bucketed,last_depth,128,128,4,0,0.5737542062997818,0.4413842484354973,repeat indices align samples but methods were timed sequentially; use independent-resample intervals
9,funnel,1,bucketed,last_depth,128,128,4,1,0.5567626357078552,0.4195825606584549,repeat indices align samples but methods were timed sequentially; use independent-resample intervals
9,funnel,1,bucketed,last_depth,128,128,4,2,0.5915653109550476,0.42048612982034683,repeat indices align samples but methods were timed sequentially; use independent-resample intervals
9,funnel,1,bucketed,last_depth,128,128,4,3,0.5355376675724983,0.37986578792333603,repeat indices align samples but methods were timed sequentially; use independent-resample intervals
9,funnel,1,bucketed,last_depth,128,128,4,4,0.5386966615915298,0.42153624445199966,repeat indices align samples but methods were timed sequentially; use independent-resample intervals
9,funnel,1,bucketed,last_depth,128,128,4,5,0.5667253285646439,0.4822574555873871,repeat indices align samples but methods were timed sequentially; use independent-resample intervals
9,funnel,1,bucketed,last_depth,128,128,4,6,0.5538531765341759,0.43351960927248,repeat indices align samples but methods were timed sequentially; use independent-resample intervals
9,funnel,1,bucketed,last_depth,128,128,4,7,0.6047092378139496,0.4685361608862877,repeat indices align samples but methods were timed sequentially; use independent-resample intervals
9,funnel,1,bucketed,last_depth,128,128,4,8,0.6352044641971588,0.44139494746923447,repeat indices align samples but methods were timed sequentially; use independent-resample intervals
9,funnel,1,bucketed,last_depth,128,128,4,9,0.6334702968597412,0.4111144319176674,repeat indices align samples but methods were timed sequentially; use independent-resample intervals
9,funnel,1,bucketed,last_depth,128,128,4,10,0.5983184203505516,0.3943505734205246,repeat indices align samples but methods were timed sequentially; use independent-resample intervals
9,funnel,1,bucketed,last_depth,128,128,4,11,0.6640753522515297,0.43762315809726715,repeat indices align samples but methods were timed sequentially; use independent-resample intervals
9,funnel,1,bucketed,last_depth,128,128,4,12,0.6486768200993538,0.44406359642744064,repeat indices align samples but methods were timed sequentially; use independent-resample intervals
9,funnel,1,bucketed,last_depth,128,128,4,13,0.5892437249422073,0.40129435807466507,repeat indices align samples but methods were timed sequentially; use independent-resample intervals
9,funnel,1,bucketed,last_depth,128,128,4,14,0.5888170078396797,0.4622840881347656,repeat indices align samples but methods were timed sequentially; use independent-resample intervals
9,funnel,1,bucketed,last_depth,128,128,4,15,0.5552292242646217,0.5622604712843895,repeat indices align samples but methods were timed sequentially; use independent-resample intervals
9,funnel,1,bucketed,last_depth,128,128,4,16,0.6038018763065338,0.48680395632982254,repeat indices align samples but methods were timed sequentially; use independent-resample intervals
9,funnel,1,bucketed,last_depth,128,128,4,17,0.572232723236084,0.4081043526530266,repeat indices align samples but methods were timed sequentially; use independent-resample intervals
9,funnel,1,bucketed,last_depth,128,128,4,18,0.482847236096859,0.41370493173599243,repeat indices align samples but methods were timed sequentially; use independent-resample intervals
9,funnel,1,bucketed,last_depth,128,128,4,19,0.4854218363761902,0.439172625541687,repeat indices align samples but methods were timed sequentially; use independent-resample intervals
9,funnel,1,bucketed,last_depth,128,128,4,20,0.5218195095658302,0.47403301298618317,repeat indices align samples but methods were timed sequentially; use independent-resample intervals
9,funnel,1,bucketed,last_depth,128,128,4,21,0.5007311329245567,0.4379572942852974,repeat indices align samples but methods were timed sequentially; use independent-resample intervals
9,funnel,1,bucketed,last_depth,128,128,4,22,0.5559474900364876,0.44789978116750717,repeat indices align samples but methods were timed sequentially; use independent-resample intervals
9,funnel,1,bucketed,last_depth,128,128,4,23,0.5609212517738342,0.4786277189850807,repeat indices align samples but methods were timed sequentially; use independent-resample intervals
9,funnel,1,bucketed,last_depth,128,128,4,24,0.5422363728284836,0.40877941995859146,repeat indices align samples but methods were timed sequentially; use independent-resample intervals
9,funnel,1,bucketed,last_depth,128,128,4,25,0.5647520497441292,0.41690555959939957,repeat indices align samples but methods were timed sequentially; use independent-resample intervals
9,funnel,1,bucketed,last_depth,128,128,4,26,0.5710532665252686,0.4340524673461914,repeat indices align samples but methods were timed sequentially; use independent-resample intervals
9,funnel,1,bucketed,last_depth,128,128,4,27,0.6090365648269653,0.47211674600839615,repeat indices align samples but methods were timed sequentially; use independent-resample intervals
9,funnel,1,bucketed,last_depth,128,128,4,28,0.5764692649245262,0.4227541759610176,repeat indices align samples but methods were timed sequentially; use independent-resample intervals
9,funnel,1,bucketed,last_depth,128,128,4,29,0.5987274721264839,0.4387856498360634,repeat indices align samples but methods were timed sequentially; use independent-resample intervals
10,funnel,2,monolithic,monolithic,0,128,4,0,0.39954060316085815,0.39954060316085815,repeat indices align samples but methods were timed sequentially; use independent-resample intervals
10,funnel,2,monolithic,monolithic,0,128,4,1,0.4203416481614113,0.4203416481614113,repeat indices align samples but methods were timed sequentially; use independent-resample intervals
10,funnel,2,monolithic,monolithic,0,128,4,2,0.3809477910399437,0.3809477910399437,repeat indices align samples but methods were timed sequentially; use independent-resample intervals
10,funnel,2,monolithic,monolithic,0,128,4,3,0.4281759411096573,0.4281759411096573,repeat indices align samples but methods were timed sequentially; use independent-resample intervals
10,funnel,2,monolithic,monolithic,0,128,4,4,0.40274692326784134,0.40274692326784134,repeat indices align samples but methods were timed sequentially; use independent-resample intervals
10,funnel,2,monolithic,monolithic,0,128,4,5,0.4978596121072769,0.4978596121072769,repeat indices align samples but methods were timed sequentially; use independent-resample intervals
10,funnel,2,monolithic,monolithic,0,128,4,6,0.5151524990797043,0.5151524990797043,repeat indices align samples but methods were timed sequentially; use independent-resample intervals
10,funnel,2,monolithic,monolithic,0,128,4,7,0.45844678580760956,0.45844678580760956,repeat indices align samples but methods were timed sequentially; use independent-resample intervals
10,funnel,2,monolithic,monolithic,0,128,4,8,0.4105610325932503,0.4105610325932503,repeat indices align samples but methods were timed sequentially; use independent-resample intervals
10,funnel,2,monolithic,monolithic,0,128,4,9,0.3969379886984825,0.3969379886984825,repeat indices align samples but methods were timed sequentially; use independent-resample intervals
10,funnel,2,monolithic,monolithic,0,128,4,10,0.44010020792484283,0.44010020792484283,repeat indices align samples but methods were timed sequentially; use independent-resample intervals
10,funnel,2,monolithic,monolithic,0,128,4,11,0.4110952317714691,0.4110952317714691,repeat indices align samples but methods were timed sequentially; use independent-resample intervals
10,funnel,2,monolithic,monolithic,0,128,4,12,0.5047026202082634,0.5047026202082634,repeat indices align samples but methods were timed sequentially; use independent-resample intervals
10,funnel,2,monolithic,monolithic,0,128,4,13,0.4318727180361748,0.4318727180361748,repeat indices align samples but methods were timed sequentially; use independent-resample intervals
10,funnel,2,monolithic,monolithic,0,128,4,14,0.4232596158981323,0.4232596158981323,repeat indices align samples but methods were timed sequentially; use independent-resample intervals
10,funnel,2,monolithic,monolithic,0,128,4,15,0.3866754248738289,0.3866754248738289,repeat indices align samples but methods were timed sequentially; use independent-resample intervals
10,funnel,2,monolithic,monolithic,0,128,4,16,0.40683987736701965,0.40683987736701965,repeat indices align samples but methods were timed sequentially; use independent-resample intervals
10,funnel,2,monolithic,monolithic,0,128,4,17,0.387556329369545,0.387556329369545,repeat indices align samples but methods were timed sequentially; use independent-resample intervals
10,funnel,2,monolithic,monolithic,0,128,4,18,0.37848392128944397,0.37848392128944397,repeat indices align samples but methods were timed sequentially; use independent-resample intervals
10,funnel,2,monolithic,monolithic,0,128,4,19,0.4425053298473358,0.4425053298473358,repeat indices align samples but methods were timed sequentially; use independent-resample intervals
10,funnel,2,monolithic,monolithic,0,128,4,20,0.39435745030641556,0.39435745030641556,repeat indices align samples but methods were timed sequentially; use independent-resample intervals
10,funnel,2,monolithic,monolithic,0,128,4,21,0.4341857060790062,0.4341857060790062,repeat indices align samples but methods were timed sequentially; use independent-resample intervals
10,funnel,2,monolithic,monolithic,0,128,4,22,0.41796300560235977,0.41796300560235977,repeat indices align samples but methods were timed sequentially; use independent-resample intervals
10,funnel,2,monolithic,monolithic,0,128,4,23,0.4381447732448578,0.4381447732448578,repeat indices align samples but methods were timed sequentially; use independent-resample intervals
10,funnel,2,monolithic,monolithic,0,128,4,24,0.40760645270347595,0.40760645270347595,repeat indices align samples but methods were timed sequentially; use independent-resample intervals
10,funnel,2,monolithic,monolithic,0,128,4,25,0.3618517592549324,0.3618517592549324,repeat indices align samples but methods were timed sequentially; use independent-resample intervals
10,funnel,2,monolithic,monolithic,0,128,4,26,0.37050430476665497,0.37050430476665497,repeat indices align samples but methods were timed sequentially; use independent-resample intervals
10,funnel,2,monolithic,monolithic,0,128,4,27,0.3668845519423485,0.3668845519423485,repeat indices align samples but methods were timed sequentially; use independent-resample intervals
10,funnel,2,monolithic,monolithic,0,128,4,28,0.36487895995378494,0.36487895995378494,repeat indices align samples but methods were timed sequentially; use independent-resample intervals
10,funnel,2,monolithic,monolithic,0,128,4,29,0.42436856031417847,0.42436856031417847,repeat indices align samples but methods were timed sequentially; use independent-resample intervals
11,funnel,2,bucketed,history,64,128,4,0,0.4105984941124916,0.39954060316085815,repeat indices align samples but methods were timed sequentially; use independent-resample intervals
11,funnel,2,bucketed,history,64,128,4,1,0.4019291549921036,0.4203416481614113,repeat indices align samples but methods were timed sequentially; use independent-resample intervals
11,funnel,2,bucketed,history,64,128,4,2,0.42680854350328445,0.3809477910399437,repeat indices align samples but methods were timed sequentially; use independent-resample intervals
11,funnel,2,bucketed,history,64,128,4,3,0.3928602263331413,0.4281759411096573,repeat indices align samples but methods were timed sequentially; use independent-resample intervals
11,funnel,2,bucketed,history,64,128,4,4,0.42685140669345856,0.40274692326784134,repeat indices align samples but methods were timed sequentially; use independent-resample intervals
11,funnel,2,bucketed,history,64,128,4,5,0.43971917778253555,0.4978596121072769,repeat indices align samples but methods were timed sequentially; use independent-resample intervals
11,funnel,2,bucketed,history,64,128,4,6,0.47938916832208633,0.5151524990797043,repeat indices align samples but methods were timed sequentially; use independent-resample intervals
11,funnel,2,bucketed,history,64,128,4,7,0.4893995076417923,0.45844678580760956,repeat indices align samples but methods were timed sequentially; use independent-resample intervals
11,funnel,2,bucketed,history,64,128,4,8,0.40511295199394226,0.4105610325932503,repeat indices align samples but methods were timed sequentially; use independent-resample intervals
11,funnel,2,bucketed,history,64,128,4,9,0.4327124059200287,0.3969379886984825,repeat indices align samples but methods were timed sequentially; use independent-resample intervals
11,funnel,2,bucketed,history,64,128,4,10,0.49469712376594543,0.44010020792484283,repeat indices align samples but methods were timed sequentially; use independent-resample intervals
11,funnel,2,bucketed,history,64,128,4,11,0.4785800203680992,0.4110952317714691,repeat indices align samples but methods were timed sequentially; use independent-resample intervals
11,funnel,2,bucketed,history,64,128,4,12,0.38568220287561417,0.5047026202082634,repeat indices align samples but methods were timed sequentially; use independent-resample intervals
11,funnel,2,bucketed,history,64,128,4,13,0.4951136112213135,0.4318727180361748,repeat indices align samples but methods were timed sequentially; use independent-resample intervals
11,funnel,2,bucketed,history,64,128,4,14,0.4072742760181427,0.4232596158981323,repeat indices align samples but methods were timed sequentially; use independent-resample intervals
11,funnel,2,bucketed,history,64,128,4,15,0.4783535823225975,0.3866754248738289,repeat indices align samples but methods were timed sequentially; use independent-resample intervals
11,funnel,2,bucketed,history,64,128,4,16,0.4647187516093254,0.40683987736701965,repeat indices align samples but methods were timed sequentially; use independent-resample intervals
11,funnel,2,bucketed,history,64,128,4,17,0.43619348108768463,0.387556329369545,repeat indices align samples but methods were timed sequentially; use independent-resample intervals
11,funnel,2,bucketed,history,64,128,4,18,0.4553757682442665,0.37848392128944397,repeat indices align samples but methods were timed sequentially; use independent-resample intervals
11,funnel,2,bucketed,history,64,128,4,19,0.41393381357192993,0.4425053298473358,repeat indices align samples but methods were timed sequentially; use independent-resample intervals
11,funnel,2,bucketed,history,64,128,4,20,0.4630017727613449,0.39435745030641556,repeat indices align samples but methods were timed sequentially; use independent-resample intervals
11,funnel,2,bucketed,history,64,128,4,21,0.4341816082596779,0.4341857060790062,repeat indices align samples but methods were timed sequentially; use independent-resample intervals
11,funnel,2,bucketed,history,64,128,4,22,0.44418349862098694,0.41796300560235977,repeat indices align samples but methods were timed sequentially; use independent-resample intervals
11,funnel,2,bucketed,history,64,128,4,23,0.4318867027759552,0.4381447732448578,repeat indices align samples but methods were timed sequentially; use independent-resample intervals
11,funnel,2,bucketed,history,64,128,4,24,0.4930177628993988,0.40760645270347595,repeat indices align samples but methods were timed sequentially; use independent-resample intervals
11,funnel,2,bucketed,history,64,128,4,25,0.39398790895938873,0.3618517592549324,repeat indices align samples but methods were timed sequentially; use independent-resample intervals
11,funnel,2,bucketed,history,64,128,4,26,0.4269166812300682,0.37050430476665497,repeat indices align samples but methods were timed sequentially; use independent-resample intervals
11,funnel,2,bucketed,history,64,128,4,27,0.48474399000406265,0.3668845519423485,repeat indices align samples but methods were timed sequentially; use independent-resample intervals
11,funnel,2,bucketed,history,64,128,4,28,0.43634961545467377,0.36487895995378494,repeat indices align samples but methods were timed sequentially; use independent-resample intervals
11,funnel,2,bucketed,history,64,128,4,29,0.44779345393180847,0.42436856031417847,repeat indices align samples but methods were timed sequentially; use independent-resample intervals
12,funnel,2,bucketed,history,128,128,4,0,0.541343092918396,0.39954060316085815,repeat indices align samples but methods were timed sequentially; use independent-resample intervals
12,funnel,2,bucketed,history,128,128,4,1,0.494819737970829,0.4203416481614113,repeat indices align samples but methods were timed sequentially; use independent-resample intervals
12,funnel,2,bucketed,history,128,128,4,2,0.5076646953821182,0.3809477910399437,repeat indices align samples but methods were timed sequentially; use independent-resample intervals
12,funnel,2,bucketed,history,128,128,4,3,0.4694651886820793,0.4281759411096573,repeat indices align samples but methods were timed sequentially; use independent-resample intervals
12,funnel,2,bucketed,history,128,128,4,4,0.556621789932251,0.40274692326784134,repeat indices align samples but methods were timed sequentially; use independent-resample intervals
12,funnel,2,bucketed,history,128,128,4,5,0.5381446704268456,0.4978596121072769,repeat indices align samples but methods were timed sequentially; use independent-resample intervals
12,funnel,2,bucketed,history,128,128,4,6,0.4806487262248993,0.5151524990797043,repeat indices align samples but methods were timed sequentially; use independent-resample intervals
12,funnel,2,bucketed,history,128,128,4,7,0.4743099808692932,0.45844678580760956,repeat indices align samples but methods were timed sequentially; use independent-resample intervals
12,funnel,2,bucketed,history,128,128,4,8,0.4658906161785126,0.4105610325932503,repeat indices align samples but methods were timed sequentially; use independent-resample intervals
12,funnel,2,bucketed,history,128,128,4,9,0.536186121404171,0.3969379886984825,repeat indices align samples but methods were timed sequentially; use independent-resample intervals
12,funnel,2,bucketed,history,128,128,4,10,0.4837401211261749,0.44010020792484283,repeat indices align samples but methods were timed sequentially; use independent-resample intervals
12,funnel,2,bucketed,history,128,128,4,11,0.5257673785090446,0.4110952317714691,repeat indices align samples but methods were timed sequentially; use independent-resample intervals
12,funnel,2,bucketed,history,128,128,4,12,0.5671400725841522,0.5047026202082634,repeat indices align samples but methods were timed sequentially; use independent-resample intervals
12,funnel,2,bucketed,history,128,128,4,13,0.5414780378341675,0.4318727180361748,repeat indices align samples but methods were timed sequentially; use independent-resample intervals
12,funnel,2,bucketed,history,128,128,4,14,0.514107771217823,0.4232596158981323,repeat indices align samples but methods were timed sequentially; use independent-resample intervals
12,funnel,2,bucketed,history,128,128,4,15,0.5004246681928635,0.3866754248738289,repeat indices align samples but methods were timed sequentially; use independent-resample intervals
12,funnel,2,bucketed,history,128,128,4,16,0.5221995785832405,0.40683987736701965,repeat indices align samples but methods were timed sequentially; use independent-resample intervals
12,funnel,2,bucketed,history,128,128,4,17,0.5635267868638039,0.387556329369545,repeat indices align samples but methods were timed sequentially; use independent-resample intervals
12,funnel,2,bucketed,history,128,128,4,18,0.49597737193107605,0.37848392128944397,repeat indices align samples but methods were timed sequentially; use independent-resample intervals
12,funnel,2,bucketed,history,128,128,4,19,0.5174209699034691,0.4425053298473358,repeat indices align samples but methods were timed sequentially; use independent-resample intervals
12,funnel,2,bucketed,history,128,128,4,20,0.4980003088712692,0.39435745030641556,repeat indices align samples but methods were timed sequentially; use independent-resample intervals
12,funnel,2,bucketed,history,128,128,4,21,0.4965047836303711,0.4341857060790062,repeat indices align samples but methods were timed sequentially; use independent-resample intervals
12,funnel,2,bucketed,history,128,128,4,22,0.4890272542834282,0.41796300560235977,repeat indices align samples but methods were timed sequentially; use independent-resample intervals
12,funnel,2,bucketed,history,128,128,4,23,0.5574730187654495,0.4381447732448578,repeat indices align samples but methods were timed sequentially; use independent-resample intervals
12,funnel,2,bucketed,history,128,128,4,24,0.5136792734265327,0.40760645270347595,repeat indices align samples but methods were timed sequentially; use independent-resample intervals
12,funnel,2,bucketed,history,128,128,4,25,0.5039294958114624,0.3618517592549324,repeat indices align samples but methods were timed sequentially; use independent-resample intervals
12,funnel,2,bucketed,history,128,128,4,26,0.48217765986919403,0.37050430476665497,repeat indices align samples but methods were timed sequentially; use independent-resample intervals
12,funnel,2,bucketed,history,128,128,4,27,0.5290720388293266,0.3668845519423485,repeat indices align samples but methods were timed sequentially; use independent-resample intervals
12,funnel,2,bucketed,history,128,128,4,28,0.5240671783685684,0.36487895995378494,repeat indices align samples but methods were timed sequentially; use independent-resample intervals
12,funnel,2,bucketed,history,128,128,4,29,0.4567846208810806,0.42436856031417847,repeat indices align samples but methods were timed sequentially; use independent-resample intervals
13,funnel,2,bucketed,last_depth,64,128,4,0,0.43736258149147034,0.39954060316085815,repeat indices align samples but methods were timed sequentially; use independent-resample intervals
13,funnel,2,bucketed,last_depth,64,128,4,1,0.46006668359041214,0.4203416481614113,repeat indices align samples but methods were timed sequentially; use independent-resample intervals
13,funnel,2,bucketed,last_depth,64,128,4,2,0.5343146324157715,0.3809477910399437,repeat indices align samples but methods were timed sequentially; use independent-resample intervals
13,funnel,2,bucketed,last_depth,64,128,4,3,0.5016016066074371,0.4281759411096573,repeat indices align samples but methods were timed sequentially; use independent-resample intervals
13,funnel,2,bucketed,last_depth,64,128,4,4,0.5066613033413887,0.40274692326784134,repeat indices align samples but methods were timed sequentially; use independent-resample intervals
13,funnel,2,bucketed,last_depth,64,128,4,5,0.460104838013649,0.4978596121072769,repeat indices align samples but methods were timed sequentially; use independent-resample intervals
13,funnel,2,bucketed,last_depth,64,128,4,6,0.5381143093109131,0.5151524990797043,repeat indices align samples but methods were timed sequentially; use independent-resample intervals
13,funnel,2,bucketed,last_depth,64,128,4,7,0.4864955246448517,0.45844678580760956,repeat indices align samples but methods were timed sequentially; use independent-resample intervals
13,funnel,2,bucketed,last_depth,64,128,4,8,0.45576925575733185,0.4105610325932503,repeat indices align samples but methods were timed sequentially; use independent-resample intervals
13,funnel,2,bucketed,last_depth,64,128,4,9,0.391627237200737,0.3969379886984825,repeat indices align samples but methods were timed sequentially; use independent-resample intervals
13,funnel,2,bucketed,last_depth,64,128,4,10,0.470021054148674,0.44010020792484283,repeat indices align samples but methods were timed sequentially; use independent-resample intervals
13,funnel,2,bucketed,last_depth,64,128,4,11,0.4067016988992691,0.4110952317714691,repeat indices align samples but methods were timed sequentially; use independent-resample intervals
13,funnel,2,bucketed,last_depth,64,128,4,12,0.5044659972190857,0.5047026202082634,repeat indices align samples but methods were timed sequentially; use independent-resample intervals
13,funnel,2,bucketed,last_depth,64,128,4,13,0.48932960629463196,0.4318727180361748,repeat indices align samples but methods were timed sequentially; use independent-resample intervals
13,funnel,2,bucketed,last_depth,64,128,4,14,0.5696994885802269,0.4232596158981323,repeat indices align samples but methods were timed sequentially; use independent-resample intervals
13,funnel,2,bucketed,last_depth,64,128,4,15,0.43579570204019547,0.3866754248738289,repeat indices align samples but methods were timed sequentially; use independent-resample intervals
13,funnel,2,bucketed,last_depth,64,128,4,16,0.5342133268713951,0.40683987736701965,repeat indices align samples but methods were timed sequentially; use independent-resample intervals
13,funnel,2,bucketed,last_depth,64,128,4,17,0.5082313194870949,0.387556329369545,repeat indices align samples but methods were timed sequentially; use independent-resample intervals
13,funnel,2,bucketed,last_depth,64,128,4,18,0.45040012151002884,0.37848392128944397,repeat indices align samples but methods were timed sequentially; use independent-resample intervals
13,funnel,2,bucketed,last_depth,64,128,4,19,0.5191490203142166,0.4425053298473358,repeat indices align samples but methods were timed sequentially; use independent-resample intervals
13,funnel,2,bucketed,last_depth,64,128,4,20,0.43206486850976944,0.39435745030641556,repeat indices align samples but methods were timed sequentially; use independent-resample intervals
13,funnel,2,bucketed,last_depth,64,128,4,21,0.4577001556754112,0.4341857060790062,repeat indices align samples but methods were timed sequentially; use independent-resample intervals
13,funnel,2,bucketed,last_depth,64,128,4,22,0.43761561810970306,0.41796300560235977,repeat indices align samples but methods were timed sequentially; use independent-resample intervals
13,funnel,2,bucketed,last_depth,64,128,4,23,0.39266487210989,0.4381447732448578,repeat indices align samples but methods were timed sequentially; use independent-resample intervals
13,funnel,2,bucketed,last_depth,64,128,4,24,0.3981540724635124,0.40760645270347595,repeat indices align samples but methods were timed sequentially; use independent-resample intervals
13,funnel,2,bucketed,last_depth,64,128,4,25,0.3706863820552826,0.3618517592549324,repeat indices align samples but methods were timed sequentially; use independent-resample intervals
13,funnel,2,bucketed,last_depth,64,128,4,26,0.44272539764642715,0.37050430476665497,repeat indices align samples but methods were timed sequentially; use independent-resample intervals
13,funnel,2,bucketed,last_depth,64,128,4,27,0.39302540570497513,0.3668845519423485,repeat indices align samples but methods were timed sequentially; use independent-resample intervals
13,funnel,2,bucketed,last_depth,64,128,4,28,0.4381743222475052,0.36487895995378494,repeat indices align samples but methods were timed sequentially; use independent-resample intervals
13,funnel,2,bucketed,last_depth,64,128,4,29,0.39427272975444794,0.42436856031417847,repeat indices align samples but methods were timed sequentially; use independent-resample intervals
14,funnel,2,bucketed,last_depth,128,128,4,0,0.38723377138376236,0.39954060316085815,repeat indices align samples but methods were timed sequentially; use independent-resample intervals
14,funnel,2,bucketed,last_depth,128,128,4,1,0.46738840639591217,0.4203416481614113,repeat indices align samples but methods were timed sequentially; use independent-resample intervals
14,funnel,2,bucketed,last_depth,128,128,4,2,0.38572389632463455,0.3809477910399437,repeat indices align samples but methods were timed sequentially; use independent-resample intervals
14,funnel,2,bucketed,last_depth,128,128,4,3,0.44164422899484634,0.4281759411096573,repeat indices align samples but methods were timed sequentially; use independent-resample intervals
14,funnel,2,bucketed,last_depth,128,128,4,4,0.5277608782052994,0.40274692326784134,repeat indices align samples but methods were timed sequentially; use independent-resample intervals
14,funnel,2,bucketed,last_depth,128,128,4,5,0.5270661488175392,0.4978596121072769,repeat indices align samples but methods were timed sequentially; use independent-resample intervals
14,funnel,2,bucketed,last_depth,128,128,4,6,0.48201095312833786,0.5151524990797043,repeat indices align samples but methods were timed sequentially; use independent-resample intervals
14,funnel,2,bucketed,last_depth,128,128,4,7,0.509934589266777,0.45844678580760956,repeat indices align samples but methods were timed sequentially; use independent-resample intervals
14,funnel,2,bucketed,last_depth,128,128,4,8,0.58594810962677,0.4105610325932503,repeat indices align samples but methods were timed sequentially; use independent-resample intervals
14,funnel,2,bucketed,last_depth,128,128,4,9,0.551912434399128,0.3969379886984825,repeat indices align samples but methods were timed sequentially; use independent-resample intervals
14,funnel,2,bucketed,last_depth,128,128,4,10,0.4479536861181259,0.44010020792484283,repeat indices align samples but methods were timed sequentially; use independent-resample intervals
14,funnel,2,bucketed,last_depth,128,128,4,11,0.4685261696577072,0.4110952317714691,repeat indices align samples but methods were timed sequentially; use independent-resample intervals
14,funnel,2,bucketed,last_depth,128,128,4,12,0.47314735502004623,0.5047026202082634,repeat indices align samples but methods were timed sequentially; use independent-resample intervals
14,funnel,2,bucketed,last_depth,128,128,4,13,0.4526473730802536,0.4318727180361748,repeat indices align samples but methods were timed sequentially; use independent-resample intervals
14,funnel,2,bucketed,last_depth,128,128,4,14,0.4781692549586296,0.4232596158981323,repeat indices align samples but methods were timed sequentially; use independent-resample intervals
14,funnel,2,bucketed,last_depth,128,128,4,15,0.4985855147242546,0.3866754248738289,repeat indices align samples but methods were timed sequentially; use independent-resample intervals
14,funnel,2,bucketed,last_depth,128,128,4,16,0.5659221634268761,0.40683987736701965,repeat indices align samples but methods were timed sequentially; use independent-resample intervals
14,funnel,2,bucketed,last_depth,128,128,4,17,0.5183417797088623,0.387556329369545,repeat indices align samples but methods were timed sequentially; use independent-resample intervals
14,funnel,2,bucketed,last_depth,128,128,4,18,0.505974180996418,0.37848392128944397,repeat indices align samples but methods were timed sequentially; use independent-resample intervals
14,funnel,2,bucketed,last_depth,128,128,4,19,0.5668454244732857,0.4425053298473358,repeat indices align samples but methods were timed sequentially; use independent-resample intervals
14,funnel,2,bucketed,last_depth,128,128,4,20,0.46609003096818924,0.39435745030641556,repeat indices align samples but methods were timed sequentially; use independent-resample intervals
14,funnel,2,bucketed,last_depth,128,128,4,21,0.5195725932717323,0.4341857060790062,repeat indices align samples but methods were timed sequentially; use independent-resample intervals
14,funnel,2,bucketed,last_depth,128,128,4,22,0.43581173568964005,0.41796300560235977,repeat indices align samples but methods were timed sequentially; use independent-resample intervals
14,funnel,2,bucketed,last_depth,128,128,4,23,0.49724092334508896,0.4381447732448578,repeat indices align samples but methods were timed sequentially; use independent-resample intervals
14,funnel,2,bucketed,last_depth,128,128,4,24,0.5468867495656013,0.40760645270347595,repeat indices align samples but methods were timed sequentially; use independent-resample intervals
14,funnel,2,bucketed,last_depth,128,128,4,25,0.52942705899477,0.3618517592549324,repeat indices align samples but methods were timed sequentially; use independent-resample intervals
14,funnel,2,bucketed,last_depth,128,128,4,26,0.48476894199848175,0.37050430476665497,repeat indices align samples but methods were timed sequentially; use independent-resample intervals
14,funnel,2,bucketed,last_depth,128,128,4,27,0.5167933404445648,0.3668845519423485,repeat indices align samples but methods were timed sequentially; use independent-resample intervals
14,funnel,2,bucketed,last_depth,128,128,4,28,0.448049932718277,0.36487895995378494,repeat indices align samples but methods were timed sequentially; use independent-resample intervals
14,funnel,2,bucketed,last_depth,128,128,4,29,0.4591616243124008,0.42436856031417847,repeat indices align samples but methods were timed sequentially; use independent-resample intervals
15,funnel,3,monolithic,monolithic,0,128,4,0,0.5291814506053925,0.5291814506053925,repeat indices align samples but methods were timed sequentially; use independent-resample intervals
15,funnel,3,monolithic,monolithic,0,128,4,1,0.5767281576991081,0.5767281576991081,repeat indices align samples but methods were timed sequentially; use independent-resample intervals
15,funnel,3,monolithic,monolithic,0,128,4,2,0.4969881400465965,0.4969881400465965,repeat indices align samples but methods were timed sequentially; use independent-resample intervals
15,funnel,3,monolithic,monolithic,0,128,4,3,0.5849084407091141,0.5849084407091141,repeat indices align samples but methods were timed sequentially; use independent-resample intervals
15,funnel,3,monolithic,monolithic,0,128,4,4,0.6282899752259254,0.6282899752259254,repeat indices align samples but methods were timed sequentially; use independent-resample intervals
15,funnel,3,monolithic,monolithic,0,128,4,5,0.5595208182930946,0.5595208182930946,repeat indices align samples but methods were timed sequentially; use independent-resample intervals
15,funnel,3,monolithic,monolithic,0,128,4,6,0.5826268270611763,0.5826268270611763,repeat indices align samples but methods were timed sequentially; use independent-resample intervals
15,funnel,3,monolithic,monolithic,0,128,4,7,0.5221443399786949,0.5221443399786949,repeat indices align samples but methods were timed sequentially; use independent-resample intervals
15,funnel,3,monolithic,monolithic,0,128,4,8,0.5390134453773499,0.5390134453773499,repeat indices align samples but methods were timed sequentially; use independent-resample intervals
15,funnel,3,monolithic,monolithic,0,128,4,9,0.5048158019781113,0.5048158019781113,repeat indices align samples but methods were timed sequentially; use independent-resample intervals
15,funnel,3,monolithic,monolithic,0,128,4,10,0.5358882397413254,0.5358882397413254,repeat indices align samples but methods were timed sequentially; use independent-resample intervals
15,funnel,3,monolithic,monolithic,0,128,4,11,0.5810387432575226,0.5810387432575226,repeat indices align samples but methods were timed sequentially; use independent-resample intervals
15,funnel,3,monolithic,monolithic,0,128,4,12,0.5678574368357658,0.5678574368357658,repeat indices align samples but methods were timed sequentially; use independent-resample intervals
15,funnel,3,monolithic,monolithic,0,128,4,13,0.6387671753764153,0.6387671753764153,repeat indices align samples but methods were timed sequentially; use independent-resample intervals
15,funnel,3,monolithic,monolithic,0,128,4,14,0.5654064565896988,0.5654064565896988,repeat indices align samples but methods were timed sequentially; use independent-resample intervals
15,funnel,3,monolithic,monolithic,0,128,4,15,0.6194169148802757,0.6194169148802757,repeat indices align samples but methods were timed sequentially; use independent-resample intervals
15,funnel,3,monolithic,monolithic,0,128,4,16,0.5846626609563828,0.5846626609563828,repeat indices align samples but methods were timed sequentially; use independent-resample intervals
15,funnel,3,monolithic,monolithic,0,128,4,17,0.5333082526922226,0.5333082526922226,repeat indices align samples but methods were timed sequentially; use independent-resample intervals
15,funnel,3,monolithic,monolithic,0,128,4,18,0.555180087685585,0.555180087685585,repeat indices align samples but methods were timed sequentially; use independent-resample intervals
15,funnel,3,monolithic,monolithic,0,128,4,19,0.5830437391996384,0.5830437391996384,repeat indices align samples but methods were timed sequentially; use independent-resample intervals
15,funnel,3,monolithic,monolithic,0,128,4,20,0.535009503364563,0.535009503364563,repeat indices align samples but methods were timed sequentially; use independent-resample intervals
15,funnel,3,monolithic,monolithic,0,128,4,21,0.5698358863592148,0.5698358863592148,repeat indices align samples but methods were timed sequentially; use independent-resample intervals
15,funnel,3,monolithic,monolithic,0,128,4,22,0.591041274368763,0.591041274368763,repeat indices align samples but methods were timed sequentially; use independent-resample intervals
15,funnel,3,monolithic,monolithic,0,128,4,23,0.6207351982593536,0.6207351982593536,repeat indices align samples but methods were timed sequentially; use independent-resample intervals
15,funnel,3,monolithic,monolithic,0,128,4,24,0.5735219642519951,0.5735219642519951,repeat indices align samples but methods were timed sequentially; use independent-resample intervals
15,funnel,3,monolithic,monolithic,0,128,4,25,0.5350147932767868,0.5350147932767868,repeat indices align samples but methods were timed sequentially; use independent-resample intervals
15,funnel,3,monolithic,monolithic,0,128,4,26,0.5625160336494446,0.5625160336494446,repeat indices align samples but methods were timed sequentially; use independent-resample intervals
15,funnel,3,monolithic,monolithic,0,128,4,27,0.5632263571023941,0.5632263571023941,repeat indices align samples but methods were timed sequentially; use independent-resample intervals
15,funnel,3,monolithic,monolithic,0,128,4,28,0.5325009971857071,0.5325009971857071,repeat indices align samples but methods were timed sequentially; use independent-resample intervals
15,funnel,3,monolithic,monolithic,0,128,4,29,0.5749658420681953,0.5749658420681953,repeat indices align samples but methods were timed sequentially; use independent-resample intervals
16,funnel,3,bucketed,history,64,128,4,0,0.6032281443476677,0.5291814506053925,repeat indices align samples but methods were timed sequentially; use independent-resample intervals
16,funnel,3,bucketed,history,64,128,4,1,0.6537432074546814,0.5767281576991081,repeat indices align samples but methods were timed sequentially; use independent-resample intervals
16,funnel,3,bucketed,history,64,128,4,2,0.6575741246342659,0.4969881400465965,repeat indices align samples but methods were timed sequentially; use independent-resample intervals
16,funnel,3,bucketed,history,64,128,4,3,0.6151220723986626,0.5849084407091141,repeat indices align samples but methods were timed sequentially; use independent-resample intervals
16,funnel,3,bucketed,history,64,128,4,4,0.579290121793747,0.6282899752259254,repeat indices align samples but methods were timed sequentially; use independent-resample intervals
16,funnel,3,bucketed,history,64,128,4,5,0.5754396468400955,0.5595208182930946,repeat indices align samples but methods were timed sequentially; use independent-resample intervals
16,funnel,3,bucketed,history,64,128,4,6,0.6123211085796356,0.5826268270611763,repeat indices align samples but methods were timed sequentially; use independent-resample intervals
16,funnel,3,bucketed,history,64,128,4,7,0.5334726199507713,0.5221443399786949,repeat indices align samples but methods were timed sequentially; use independent-resample intervals
16,funnel,3,bucketed,history,64,128,4,8,0.572764940559864,0.5390134453773499,repeat indices align samples but methods were timed sequentially; use independent-resample intervals
16,funnel,3,bucketed,history,64,128,4,9,0.5164881944656372,0.5048158019781113,repeat indices align samples but methods were timed sequentially; use independent-resample intervals
16,funnel,3,bucketed,history,64,128,4,10,0.5276586562395096,0.5358882397413254,repeat indices align samples but methods were timed sequentially; use independent-resample intervals
16,funnel,3,bucketed,history,64,128,4,11,0.5367698594927788,0.5810387432575226,repeat indices align samples but methods were timed sequentially; use independent-resample intervals
16,funnel,3,bucketed,history,64,128,4,12,0.5671947225928307,0.5678574368357658,repeat indices align samples but methods were timed sequentially; use independent-resample intervals
16,funnel,3,bucketed,history,64,128,4,13,0.544111892580986,0.6387671753764153,repeat indices align samples but methods were timed sequentially; use independent-resample intervals
16,funnel,3,bucketed,history,64,128,4,14,0.5576570555567741,0.5654064565896988,repeat indices align samples but methods were timed sequentially; use independent-resample intervals
16,funnel,3,bucketed,history,64,128,4,15,0.49858377128839493,0.6194169148802757,repeat indices align samples but methods were timed sequentially; use independent-resample intervals
16,funnel,3,bucketed,history,64,128,4,16,0.5018779635429382,0.5846626609563828,repeat indices align samples but methods were timed sequentially; use independent-resample intervals
16,funnel,3,bucketed,history,64,128,4,17,0.4924999997019768,0.5333082526922226,repeat indices align samples but methods were timed sequentially; use independent-resample intervals
16,funnel,3,bucketed,history,64,128,4,18,0.5727548226714134,0.555180087685585,repeat indices align samples but methods were timed sequentially; use independent-resample intervals
16,funnel,3,bucketed,history,64,128,4,19,0.5267303511500359,0.5830437391996384,repeat indices align samples but methods were timed sequentially; use independent-resample intervals
16,funnel,3,bucketed,history,64,128,4,20,0.6332401558756828,0.535009503364563,repeat indices align samples but methods were timed sequentially; use independent-resample intervals
16,funnel,3,bucketed,history,64,128,4,21,0.5043278262019157,0.5698358863592148,repeat indices align samples but methods were timed sequentially; use independent-resample intervals
16,funnel,3,bucketed,history,64,128,4,22,0.5623817816376686,0.591041274368763,repeat indices align samples but methods were timed sequentially; use independent-resample intervals
16,funnel,3,bucketed,history,64,128,4,23,0.5496475100517273,0.6207351982593536,repeat indices align samples but methods were timed sequentially; use independent-resample intervals
16,funnel,3,bucketed,history,64,128,4,24,0.5172010511159897,0.5735219642519951,repeat indices align samples but methods were timed sequentially; use independent-resample intervals
16,funnel,3,bucketed,history,64,128,4,25,0.507179319858551,0.5350147932767868,repeat indices align samples but methods were timed sequentially; use independent-resample intervals
16,funnel,3,bucketed,history,64,128,4,26,0.5546958521008492,0.5625160336494446,repeat indices align samples but methods were timed sequentially; use independent-resample intervals
16,funnel,3,bucketed,history,64,128,4,27,0.5168110579252243,0.5632263571023941,repeat indices align samples but methods were timed sequentially; use independent-resample intervals
16,funnel,3,bucketed,history,64,128,4,28,0.5583415329456329,0.5325009971857071,repeat indices align samples but methods were timed sequentially; use independent-resample intervals
16,funnel,3,bucketed,history,64,128,4,29,0.4752150848507881,0.5749658420681953,repeat indices align samples but methods were timed sequentially; use independent-resample intervals
17,funnel,3,bucketed,history,128,128,4,0,0.6582191959023476,0.5291814506053925,repeat indices align samples but methods were timed sequentially; use independent-resample intervals
17,funnel,3,bucketed,history,128,128,4,1,0.7089078798890114,0.5767281576991081,repeat indices align samples but methods were timed sequentially; use independent-resample intervals
17,funnel,3,bucketed,history,128,128,4,2,0.7628194764256477,0.4969881400465965,repeat indices align samples but methods were timed sequentially; use independent-resample intervals
17,funnel,3,bucketed,history,128,128,4,3,0.640192449092865,0.5849084407091141,repeat indices align samples but methods were timed sequentially; use independent-resample intervals
17,funnel,3,bucketed,history,128,128,4,4,0.6080388501286507,0.6282899752259254,repeat indices align samples but methods were timed sequentially; use independent-resample intervals
17,funnel,3,bucketed,history,128,128,4,5,0.6316565126180649,0.5595208182930946,repeat indices align samples but methods were timed sequentially; use independent-resample intervals
17,funnel,3,bucketed,history,128,128,4,6,0.6150726303458214,0.5826268270611763,repeat indices align samples but methods were timed sequentially; use independent-resample intervals
17,funnel,3,bucketed,history,128,128,4,7,0.6602821499109268,0.5221443399786949,repeat indices align samples but methods were timed sequentially; use independent-resample intervals
17,funnel,3,bucketed,history,128,128,4,8,0.6326630935072899,0.5390134453773499,repeat indices align samples but methods were timed sequentially; use independent-resample intervals
17,funnel,3,bucketed,history,128,128,4,9,0.6351491957902908,0.5048158019781113,repeat indices align samples but methods were timed sequentially; use independent-resample intervals
17,funnel,3,bucketed,history,128,128,4,10,0.6461484953761101,0.5358882397413254,repeat indices align samples but methods were timed sequentially; use independent-resample intervals
17,funnel,3,bucketed,history,128,128,4,11,0.5695888251066208,0.5810387432575226,repeat indices align samples but methods were timed sequentially; use independent-resample intervals
17,funnel,3,bucketed,history,128,128,4,12,0.6212207302451134,0.5678574368357658,repeat indices align samples but methods were timed sequentially; use independent-resample intervals
17,funnel,3,bucketed,history,128,128,4,13,0.6664245799183846,0.6387671753764153,repeat indices align samples but methods were timed sequentially; use independent-resample intervals
17,funnel,3,bucketed,history,128,128,4,14,0.6210397109389305,0.5654064565896988,repeat indices align samples but methods were timed sequentially; use independent-resample intervals
17,funnel,3,bucketed,history,128,128,4,15,0.6082734912633896,0.6194169148802757,repeat indices align samples but methods were timed sequentially; use independent-resample intervals
17,funnel,3,bucketed,history,128,128,4,16,0.5795604288578033,0.5846626609563828,repeat indices align samples but methods were timed sequentially; use independent-resample intervals
17,funnel,3,bucketed,history,128,128,4,17,0.6509745419025421,0.5333082526922226,repeat indices align samples but methods were timed sequentially; use independent-resample intervals
17,funnel,3,bucketed,history,128,128,4,18,0.647945910692215,0.555180087685585,repeat indices align samples but methods were timed sequentially; use independent-resample intervals
17,funnel,3,bucketed,history,128,128,4,19,0.6471439376473427,0.5830437391996384,repeat indices align samples but methods were timed sequentially; use independent-resample intervals
17,funnel,3,bucketed,history,128,128,4,20,0.669262558221817,0.535009503364563,repeat indices align samples but methods were timed sequentially; use independent-resample intervals
17,funnel,3,bucketed,history,128,128,4,21,0.6695923879742622,0.5698358863592148,repeat indices align samples but methods were timed sequentially; use independent-resample intervals
17,funnel,3,bucketed,history,128,128,4,22,0.6454275995492935,0.591041274368763,repeat indices align samples but methods were timed sequentially; use independent-resample intervals
17,funnel,3,bucketed,history,128,128,4,23,0.69158636033535,0.6207351982593536,repeat indices align samples but methods were timed sequentially; use independent-resample intervals
17,funnel,3,bucketed,history,128,128,4,24,0.779228076338768,0.5735219642519951,repeat indices align samples but methods were timed sequentially; use independent-resample intervals
17,funnel,3,bucketed,history,128,128,4,25,0.6714043319225311,0.5350147932767868,repeat indices align samples but methods were timed sequentially; use independent-resample intervals
17,funnel,3,bucketed,history,128,128,4,26,0.6469307467341423,0.5625160336494446,repeat indices align samples but methods were timed sequentially; use independent-resample intervals
17,funnel,3,bucketed,history,128,128,4,27,0.6621114686131477,0.5632263571023941,repeat indices align samples but methods were timed sequentially; use independent-resample intervals
17,funnel,3,bucketed,history,128,128,4,28,0.7319995611906052,0.5325009971857071,repeat indices align samples but methods were timed sequentially; use independent-resample intervals
17,funnel,3,bucketed,history,128,128,4,29,0.818808987736702,0.5749658420681953,repeat indices align samples but methods were timed sequentially; use independent-resample intervals
18,funnel,3,bucketed,last_depth,64,128,4,0,0.6939061135053635,0.5291814506053925,repeat indices align samples but methods were timed sequentially; use independent-resample intervals
18,funnel,3,bucketed,last_depth,64,128,4,1,0.5722816959023476,0.5767281576991081,repeat indices align samples but methods were timed sequentially; use independent-resample intervals
18,funnel,3,bucketed,last_depth,64,128,4,2,0.506221778690815,0.4969881400465965,repeat indices align samples but methods were timed sequentially; use independent-resample intervals
18,funnel,3,bucketed,last_depth,64,128,4,3,0.6027437448501587,0.5849084407091141,repeat indices align samples but methods were timed sequentially; use independent-resample intervals
18,funnel,3,bucketed,last_depth,64,128,4,4,0.5483334213495255,0.6282899752259254,repeat indices align samples but methods were timed sequentially; use independent-resample intervals
18,funnel,3,bucketed,last_depth,64,128,4,5,0.5975054651498795,0.5595208182930946,repeat indices align samples but methods were timed sequentially; use independent-resample intervals
18,funnel,3,bucketed,last_depth,64,128,4,6,0.5431336909532547,0.5826268270611763,repeat indices align samples but methods were timed sequentially; use independent-resample intervals
18,funnel,3,bucketed,last_depth,64,128,4,7,0.5603411421179771,0.5221443399786949,repeat indices align samples but methods were timed sequentially; use independent-resample intervals
18,funnel,3,bucketed,last_depth,64,128,4,8,0.6162666752934456,0.5390134453773499,repeat indices align samples but methods were timed sequentially; use independent-resample intervals
18,funnel,3,bucketed,last_depth,64,128,4,9,0.5452086925506592,0.5048158019781113,repeat indices align samples but methods were timed sequentially; use independent-resample intervals
18,funnel,3,bucketed,last_depth,64,128,4,10,0.6152084991335869,0.5358882397413254,repeat indices align samples but methods were timed sequentially; use independent-resample intervals
18,funnel,3,bucketed,last_depth,64,128,4,11,0.6327848806977272,0.5810387432575226,repeat indices align samples but methods were timed sequentially; use independent-resample intervals
18,funnel,3,bucketed,last_depth,64,128,4,12,0.8152570351958275,0.5678574368357658,repeat indices align samples but methods were timed sequentially; use independent-resample intervals
18,funnel,3,bucketed,last_depth,64,128,4,13,0.847716249525547,0.6387671753764153,repeat indices align samples but methods were timed sequentially; use independent-resample intervals
18,funnel,3,bucketed,last_depth,64,128,4,14,0.8257022202014923,0.5654064565896988,repeat indices align samples but methods were timed sequentially; use independent-resample intervals
18,funnel,3,bucketed,last_depth,64,128,4,15,0.965212918817997,0.6194169148802757,repeat indices align samples but methods were timed sequentially; use independent-resample intervals
18,funnel,3,bucketed,last_depth,64,128,4,16,0.8244132772088051,0.5846626609563828,repeat indices align samples but methods were timed sequentially; use independent-resample intervals
18,funnel,3,bucketed,last_depth,64,128,4,17,0.7085149586200714,0.5333082526922226,repeat indices align samples but methods were timed sequentially; use independent-resample intervals
18,funnel,3,bucketed,last_depth,64,128,4,18,0.962968148291111,0.555180087685585,repeat indices align samples but methods were timed sequentially; use independent-resample intervals
18,funnel,3,bucketed,last_depth,64,128,4,19,0.9568284749984741,0.5830437391996384,repeat indices align samples but methods were timed sequentially; use independent-resample intervals
18,funnel,3,bucketed,last_depth,64,128,4,20,0.7557433173060417,0.535009503364563,repeat indices align samples but methods were timed sequentially; use independent-resample intervals
18,funnel,3,bucketed,last_depth,64,128,4,21,0.9483600035309792,0.5698358863592148,repeat indices align samples but methods were timed sequentially; use independent-resample intervals
18,funnel,3,bucketed,last_depth,64,128,4,22,0.7495909333229065,0.591041274368763,repeat indices align samples but methods were timed sequentially; use independent-resample intervals
18,funnel,3,bucketed,last_depth,64,128,4,23,0.6975861489772797,0.6207351982593536,repeat indices align samples but methods were timed sequentially; use independent-resample intervals
18,funnel,3,bucketed,last_depth,64,128,4,24,0.7681168764829636,0.5735219642519951,repeat indices align samples but methods were timed sequentially; use independent-resample intervals
18,funnel,3,bucketed,last_depth,64,128,4,25,0.7865618616342545,0.5350147932767868,repeat indices align samples but methods were timed sequentially; use independent-resample intervals
18,funnel,3,bucketed,last_depth,64,128,4,26,0.7394040450453758,0.5625160336494446,repeat indices align samples but methods were timed sequentially; use independent-resample intervals
18,funnel,3,bucketed,last_depth,64,128,4,27,0.6149880737066269,0.5632263571023941,repeat indices align samples but methods were timed sequentially; use independent-resample intervals
18,funnel,3,bucketed,last_depth,64,128,4,28,0.5229500010609627,0.5325009971857071,repeat indices align samples but methods were timed sequentially; use independent-resample intervals
18,funnel,3,bucketed,last_depth,64,128,4,29,0.6213573962450027,0.5749658420681953,repeat indices align samples but methods were timed sequentially; use independent-resample intervals
19,funnel,3,bucketed,last_depth,128,128,4,0,0.6615320071578026,0.5291814506053925,repeat indices align samples but methods were timed sequentially; use independent-resample intervals
19,funnel,3,bucketed,last_depth,128,128,4,1,0.6845769062638283,0.5767281576991081,repeat indices align samples but methods were timed sequentially; use independent-resample intervals
19,funnel,3,bucketed,last_depth,128,128,4,2,0.6886323839426041,0.4969881400465965,repeat indices align samples but methods were timed sequentially; use independent-resample intervals
19,funnel,3,bucketed,last_depth,128,128,4,3,0.5707686021924019,0.5849084407091141,repeat indices align samples but methods were timed sequentially; use independent-resample intervals
19,funnel,3,bucketed,last_depth,128,128,4,4,0.6501951590180397,0.6282899752259254,repeat indices align samples but methods were timed sequentially; use independent-resample intervals
19,funnel,3,bucketed,last_depth,128,128,4,5,0.6170622482895851,0.5595208182930946,repeat indices align samples but methods were timed sequentially; use independent-resample intervals
19,funnel,3,bucketed,last_depth,128,128,4,6,0.6293769776821136,0.5826268270611763,repeat indices align samples but methods were timed sequentially; use independent-resample intervals
19,funnel,3,bucketed,last_depth,128,128,4,7,0.6597996950149536,0.5221443399786949,repeat indices align samples but methods were timed sequentially; use independent-resample intervals
19,funnel,3,bucketed,last_depth,128,128,4,8,0.5977950766682625,0.5390134453773499,repeat indices align samples but methods were timed sequentially; use independent-resample intervals
19,funnel,3,bucketed,last_depth,128,128,4,9,0.6012305244803429,0.5048158019781113,repeat indices align samples but methods were timed sequentially; use independent-resample intervals
19,funnel,3,bucketed,last_depth,128,128,4,10,0.5920715779066086,0.5358882397413254,repeat indices align samples but methods were timed sequentially; use independent-resample intervals
19,funnel,3,bucketed,last_depth,128,128,4,11,0.5563156977295876,0.5810387432575226,repeat indices align samples but methods were timed sequentially; use independent-resample intervals
19,funnel,3,bucketed,last_depth,128,128,4,12,0.649433359503746,0.5678574368357658,repeat indices align samples but methods were timed sequentially; use independent-resample intervals
19,funnel,3,bucketed,last_depth,128,128,4,13,0.6627713739871979,0.6387671753764153,repeat indices align samples but methods were timed sequentially; use independent-resample intervals
19,funnel,3,bucketed,last_depth,128,128,4,14,0.6645118296146393,0.5654064565896988,repeat indices align samples but methods were timed sequentially; use independent-resample intervals
19,funnel,3,bucketed,last_depth,128,128,4,15,0.6676731109619141,0.6194169148802757,repeat indices align samples but methods were timed sequentially; use independent-resample intervals
19,funnel,3,bucketed,last_depth,128,128,4,16,0.5922384485602379,0.5846626609563828,repeat indices align samples but methods were timed sequentially; use independent-resample intervals
19,funnel,3,bucketed,last_depth,128,128,4,17,0.5908766537904739,0.5333082526922226,repeat indices align samples but methods were timed sequentially; use independent-resample intervals
19,funnel,3,bucketed,last_depth,128,128,4,18,0.5946581438183784,0.555180087685585,repeat indices align samples but methods were timed sequentially; use independent-resample intervals
19,funnel,3,bucketed,last_depth,128,128,4,19,0.6370588466525078,0.5830437391996384,repeat indices align samples but methods were timed sequentially; use independent-resample intervals
19,funnel,3,bucketed,last_depth,128,128,4,20,0.6583005636930466,0.535009503364563,repeat indices align samples but methods were timed sequentially; use independent-resample intervals
19,funnel,3,bucketed,last_depth,128,128,4,21,0.6747271865606308,0.5698358863592148,repeat indices align samples but methods were timed sequentially; use independent-resample intervals
19,funnel,3,bucketed,last_depth,128,128,4,22,0.6508852690458298,0.591041274368763,repeat indices align samples but methods were timed sequentially; use independent-resample intervals
19,funnel,3,bucketed,last_depth,128,128,4,23,0.6496965661644936,0.6207351982593536,repeat indices align samples but methods were timed sequentially; use independent-resample intervals
19,funnel,3,bucketed,last_depth,128,128,4,24,0.6610878854990005,0.5735219642519951,repeat indices align samples but methods were timed sequentially; use independent-resample intervals
19,funnel,3,bucketed,last_depth,128,128,4,25,0.6307093501091003,0.5350147932767868,repeat indices align samples but methods were timed sequentially; use independent-resample intervals
19,funnel,3,bucketed,last_depth,128,128,4,26,0.583728976547718,0.5625160336494446,repeat indices align samples but methods were timed sequentially; use independent-resample intervals
19,funnel,3,bucketed,last_depth,128,128,4,27,0.6459176912903786,0.5632263571023941,repeat indices align samples but methods were timed sequentially; use independent-resample intervals
19,funnel,3,bucketed,last_depth,128,128,4,28,0.6458427980542183,0.5325009971857071,repeat indices align samples but methods were timed sequentially; use independent-resample intervals
19,funnel,3,bucketed,last_depth,128,128,4,29,0.7223127633333206,0.5749658420681953,repeat indices align samples but methods were timed sequentially; use independent-resample intervals
20,funnel,4,monolithic,monolithic,0,128,4,0,0.3537055552005768,0.3537055552005768,repeat indices align samples but methods were timed sequentially; use independent-resample intervals
20,funnel,4,monolithic,monolithic,0,128,4,1,0.3541615828871727,0.3541615828871727,repeat indices align samples but methods were timed sequentially; use independent-resample intervals
20,funnel,4,monolithic,monolithic,0,128,4,2,0.4569244831800461,0.4569244831800461,repeat indices align samples but methods were timed sequentially; use independent-resample intervals
20,funnel,4,monolithic,monolithic,0,128,4,3,0.4313606917858124,0.4313606917858124,repeat indices align samples but methods were timed sequentially; use independent-resample intervals
20,funnel,4,monolithic,monolithic,0,128,4,4,0.4196881651878357,0.4196881651878357,repeat indices align samples but methods were timed sequentially; use independent-resample intervals
20,funnel,4,monolithic,monolithic,0,128,4,5,0.3690847083926201,0.3690847083926201,repeat indices align samples but methods were timed sequentially; use independent-resample intervals
20,funnel,4,monolithic,monolithic,0,128,4,6,0.3891979232430458,0.3891979232430458,repeat indices align samples but methods were timed sequentially; use independent-resample intervals
20,funnel,4,monolithic,monolithic,0,128,4,7,0.3959908187389374,0.3959908187389374,repeat indices align samples but methods were timed sequentially; use independent-resample intervals
20,funnel,4,monolithic,monolithic,0,128,4,8,0.40253330767154694,0.40253330767154694,repeat indices align samples but methods were timed sequentially; use independent-resample intervals
20,funnel,4,monolithic,monolithic,0,128,4,9,0.3892665281891823,0.3892665281891823,repeat indices align samples but methods were timed sequentially; use independent-resample intervals
20,funnel,4,monolithic,monolithic,0,128,4,10,0.3614189550280571,0.3614189550280571,repeat indices align samples but methods were timed sequentially; use independent-resample intervals
20,funnel,4,monolithic,monolithic,0,128,4,11,0.4096035063266754,0.4096035063266754,repeat indices align samples but methods were timed sequentially; use independent-resample intervals
20,funnel,4,monolithic,monolithic,0,128,4,12,0.3945130258798599,0.3945130258798599,repeat indices align samples but methods were timed sequentially; use independent-resample intervals
20,funnel,4,monolithic,monolithic,0,128,4,13,0.3762298822402954,0.3762298822402954,repeat indices align samples but methods were timed sequentially; use independent-resample intervals
20,funnel,4,monolithic,monolithic,0,128,4,14,0.37816838175058365,0.37816838175058365,repeat indices align samples but methods were timed sequentially; use independent-resample intervals
20,funnel,4,monolithic,monolithic,0,128,4,15,0.4185826778411865,0.4185826778411865,repeat indices align samples but methods were timed sequentially; use independent-resample intervals
20,funnel,4,monolithic,monolithic,0,128,4,16,0.3819144368171692,0.3819144368171692,repeat indices align samples but methods were timed sequentially; use independent-resample intervals
20,funnel,4,monolithic,monolithic,0,128,4,17,0.41138889640569687,0.41138889640569687,repeat indices align samples but methods were timed sequentially; use independent-resample intervals
20,funnel,4,monolithic,monolithic,0,128,4,18,0.37691082805395126,0.37691082805395126,repeat indices align samples but methods were timed sequentially; use independent-resample intervals
20,funnel,4,monolithic,monolithic,0,128,4,19,0.4202115386724472,0.4202115386724472,repeat indices align samples but methods were timed sequentially; use independent-resample intervals
20,funnel,4,monolithic,monolithic,0,128,4,20,0.4229987934231758,0.4229987934231758,repeat indices align samples but methods were timed sequentially; use independent-resample intervals
20,funnel,4,monolithic,monolithic,0,128,4,21,0.4320846199989319,0.4320846199989319,repeat indices align samples but methods were timed sequentially; use independent-resample intervals
20,funnel,4,monolithic,monolithic,0,128,4,22,0.4171570986509323,0.4171570986509323,repeat indices align samples but methods were timed sequentially; use independent-resample intervals
20,funnel,4,monolithic,monolithic,0,128,4,23,0.4225985184311867,0.4225985184311867,repeat indices align samples but methods were timed sequentially; use independent-resample intervals
20,funnel,4,monolithic,monolithic,0,128,4,24,0.42471893876791,0.42471893876791,repeat indices align samples but methods were timed sequentially; use independent-resample intervals
20,funnel,4,monolithic,monolithic,0,128,4,25,0.3828521743416786,0.3828521743416786,repeat indices align samples but methods were timed sequentially; use independent-resample intervals
20,funnel,4,monolithic,monolithic,0,128,4,26,0.3798990398645401,0.3798990398645401,repeat indices align samples but methods were timed sequentially; use independent-resample intervals
20,funnel,4,monolithic,monolithic,0,128,4,27,0.39437463879585266,0.39437463879585266,repeat indices align samples but methods were timed sequentially; use independent-resample intervals
20,funnel,4,monolithic,monolithic,0,128,4,28,0.4091983810067177,0.4091983810067177,repeat indices align samples but methods were timed sequentially; use independent-resample intervals
20,funnel,4,monolithic,monolithic,0,128,4,29,0.35660476982593536,0.35660476982593536,repeat indices align samples but methods were timed sequentially; use independent-resample intervals
21,funnel,4,bucketed,history,64,128,4,0,0.4529774487018585,0.3537055552005768,repeat indices align samples but methods were timed sequentially; use independent-resample intervals
21,funnel,4,bucketed,history,64,128,4,1,0.3793833702802658,0.3541615828871727,repeat indices align samples but methods were timed sequentially; use independent-resample intervals
21,funnel,4,bucketed,history,64,128,4,2,0.49032189697027206,0.4569244831800461,repeat indices align samples but methods were timed sequentially; use independent-resample intervals
21,funnel,4,bucketed,history,64,128,4,3,0.509754866361618,0.4313606917858124,repeat indices align samples but methods were timed sequentially; use independent-resample intervals
21,funnel,4,bucketed,history,64,128,4,4,0.45687442272901535,0.4196881651878357,repeat indices align samples but methods were timed sequentially; use independent-resample intervals
21,funnel,4,bucketed,history,64,128,4,5,0.4308551847934723,0.3690847083926201,repeat indices align samples but methods were timed sequentially; use independent-resample intervals
21,funnel,4,bucketed,history,64,128,4,6,0.5109873116016388,0.3891979232430458,repeat indices align samples but methods were timed sequentially; use independent-resample intervals
21,funnel,4,bucketed,history,64,128,4,7,0.5151679590344429,0.3959908187389374,repeat indices align samples but methods were timed sequentially; use independent-resample intervals
21,funnel,4,bucketed,history,64,128,4,8,0.5309689715504646,0.40253330767154694,repeat indices align samples but methods were timed sequentially; use independent-resample intervals
21,funnel,4,bucketed,history,64,128,4,9,0.5826306566596031,0.3892665281891823,repeat indices align samples but methods were timed sequentially; use independent-resample intervals
21,funnel,4,bucketed,history,64,128,4,10,0.46632741391658783,0.3614189550280571,repeat indices align samples but methods were timed sequentially; use independent-resample intervals
21,funnel,4,bucketed,history,64,128,4,11,0.3677375391125679,0.4096035063266754,repeat indices align samples but methods were timed sequentially; use independent-resample intervals
21,funnel,4,bucketed,history,64,128,4,12,0.5144102722406387,0.3945130258798599,repeat indices align samples but methods were timed sequentially; use independent-resample intervals
21,funnel,4,bucketed,history,64,128,4,13,0.5194221884012222,0.3762298822402954,repeat indices align samples but methods were timed sequentially; use independent-resample intervals
21,funnel,4,bucketed,history,64,128,4,14,0.476167231798172,0.37816838175058365,repeat indices align samples but methods were timed sequentially; use independent-resample intervals
21,funnel,4,bucketed,history,64,128,4,15,0.4719225764274597,0.4185826778411865,repeat indices align samples but methods were timed sequentially; use independent-resample intervals
21,funnel,4,bucketed,history,64,128,4,16,0.47517624497413635,0.3819144368171692,repeat indices align samples but methods were timed sequentially; use independent-resample intervals
21,funnel,4,bucketed,history,64,128,4,17,0.5734241008758545,0.41138889640569687,repeat indices align samples but methods were timed sequentially; use independent-resample intervals
21,funnel,4,bucketed,history,64,128,4,18,0.5690054669976234,0.37691082805395126,repeat indices align samples but methods were timed sequentially; use independent-resample intervals
21,funnel,4,bucketed,history,64,128,4,19,0.4679320603609085,0.4202115386724472,repeat indices align samples but methods were timed sequentially; use independent-resample intervals
21,funnel,4,bucketed,history,64,128,4,20,0.48090866208076477,0.4229987934231758,repeat indices align samples but methods were timed sequentially; use independent-resample intervals
21,funnel,4,bucketed,history,64,128,4,21,0.43694328516721725,0.4320846199989319,repeat indices align samples but methods were timed sequentially; use independent-resample intervals
21,funnel,4,bucketed,history,64,128,4,22,0.45064283162355423,0.4171570986509323,repeat indices align samples but methods were timed sequentially; use independent-resample intervals
21,funnel,4,bucketed,history,64,128,4,23,0.4584352746605873,0.4225985184311867,repeat indices align samples but methods were timed sequentially; use independent-resample intervals
21,funnel,4,bucketed,history,64,128,4,24,0.4718242436647415,0.42471893876791,repeat indices align samples but methods were timed sequentially; use independent-resample intervals
21,funnel,4,bucketed,history,64,128,4,25,0.45631737262010574,0.3828521743416786,repeat indices align samples but methods were timed sequentially; use independent-resample intervals
21,funnel,4,bucketed,history,64,128,4,26,0.44106874614953995,0.3798990398645401,repeat indices align samples but methods were timed sequentially; use independent-resample intervals
21,funnel,4,bucketed,history,64,128,4,27,0.5071141570806503,0.39437463879585266,repeat indices align samples but methods were timed sequentially; use independent-resample intervals
21,funnel,4,bucketed,history,64,128,4,28,0.4341665655374527,0.4091983810067177,repeat indices align samples but methods were timed sequentially; use independent-resample intervals
21,funnel,4,bucketed,history,64,128,4,29,0.5311845391988754,0.35660476982593536,repeat indices align samples but methods were timed sequentially; use independent-resample intervals
22,funnel,4,bucketed,history,128,128,4,0,0.45105157047510147,0.3537055552005768,repeat indices align samples but methods were timed sequentially; use independent-resample intervals
22,funnel,4,bucketed,history,128,128,4,1,0.5338371247053146,0.3541615828871727,repeat indices align samples but methods were timed sequentially; use independent-resample intervals
22,funnel,4,bucketed,history,128,128,4,2,0.4721895456314087,0.4569244831800461,repeat indices align samples but methods were timed sequentially; use independent-resample intervals
22,funnel,4,bucketed,history,128,128,4,3,0.4342542886734009,0.4313606917858124,repeat indices align samples but methods were timed sequentially; use independent-resample intervals
22,funnel,4,bucketed,history,128,128,4,4,0.45552728325128555,0.4196881651878357,repeat indices align samples but methods were timed sequentially; use independent-resample intervals
22,funnel,4,bucketed,history,128,128,4,5,0.507137268781662,0.3690847083926201,repeat indices align samples but methods were timed sequentially; use independent-resample intervals
22,funnel,4,bucketed,history,128,128,4,6,0.5081067755818367,0.3891979232430458,repeat indices align samples but methods were timed sequentially; use independent-resample intervals
22,funnel,4,bucketed,history,128,128,4,7,0.4538639709353447,0.3959908187389374,repeat indices align samples but methods were timed sequentially; use independent-resample intervals
22,funnel,4,bucketed,history,128,128,4,8,0.5519966259598732,0.40253330767154694,repeat indices align samples but methods were timed sequentially; use independent-resample intervals
22,funnel,4,bucketed,history,128,128,4,9,0.4753004088997841,0.3892665281891823,repeat indices align samples but methods were timed sequentially; use independent-resample intervals
22,funnel,4,bucketed,history,128,128,4,10,0.4557204023003578,0.3614189550280571,repeat indices align samples but methods were timed sequentially; use independent-resample intervals
22,funnel,4,bucketed,history,128,128,4,11,0.4653322696685791,0.4096035063266754,repeat indices align samples but methods were timed sequentially; use independent-resample intervals
22,funnel,4,bucketed,history,128,128,4,12,0.48695648461580276,0.3945130258798599,repeat indices align samples but methods were timed sequentially; use independent-resample intervals
22,funnel,4,bucketed,history,128,128,4,13,0.5323431491851807,0.3762298822402954,repeat indices align samples but methods were timed sequentially; use independent-resample intervals
22,funnel,4,bucketed,history,128,128,4,14,0.5542491748929024,0.37816838175058365,repeat indices align samples but methods were timed sequentially; use independent-resample intervals
22,funnel,4,bucketed,history,128,128,4,15,0.608439102768898,0.4185826778411865,repeat indices align samples but methods were timed sequentially; use independent-resample intervals
22,funnel,4,bucketed,history,128,128,4,16,0.8249798715114594,0.3819144368171692,repeat indices align samples but methods were timed sequentially; use independent-resample intervals
22,funnel,4,bucketed,history,128,128,4,17,0.8759994208812714,0.41138889640569687,repeat indices align samples but methods were timed sequentially; use independent-resample intervals
22,funnel,4,bucketed,history,128,128,4,18,0.7318674847483635,0.37691082805395126,repeat indices align samples but methods were timed sequentially; use independent-resample intervals
22,funnel,4,bucketed,history,128,128,4,19,0.7017065137624741,0.4202115386724472,repeat indices align samples but methods were timed sequentially; use independent-resample intervals
22,funnel,4,bucketed,history,128,128,4,20,0.6648174375295639,0.4229987934231758,repeat indices align samples but methods were timed sequentially; use independent-resample intervals
22,funnel,4,bucketed,history,128,128,4,21,0.6876324713230133,0.4320846199989319,repeat indices align samples but methods were timed sequentially; use independent-resample intervals
22,funnel,4,bucketed,history,128,128,4,22,0.7254290506243706,0.4171570986509323,repeat indices align samples but methods were timed sequentially; use independent-resample intervals
22,funnel,4,bucketed,history,128,128,4,23,0.7301471680402756,0.4225985184311867,repeat indices align samples but methods were timed sequentially; use independent-resample intervals
22,funnel,4,bucketed,history,128,128,4,24,0.6140058040618896,0.42471893876791,repeat indices align samples but methods were timed sequentially; use independent-resample intervals
22,funnel,4,bucketed,history,128,128,4,25,0.7543006837368011,0.3828521743416786,repeat indices align samples but methods were timed sequentially; use independent-resample intervals
22,funnel,4,bucketed,history,128,128,4,26,0.7157429754734039,0.3798990398645401,repeat indices align samples but methods were timed sequentially; use independent-resample intervals
22,funnel,4,bucketed,history,128,128,4,27,0.7309093624353409,0.39437463879585266,repeat indices align samples but methods were timed sequentially; use independent-resample intervals
22,funnel,4,bucketed,history,128,128,4,28,0.73809614777565,0.4091983810067177,repeat indices align samples but methods were timed sequentially; use independent-resample intervals
22,funnel,4,bucketed,history,128,128,4,29,0.7103841826319695,0.35660476982593536,repeat indices align samples but methods were timed sequentially; use independent-resample intervals
23,funnel,4,bucketed,last_depth,64,128,4,0,0.6582025215029716,0.3537055552005768,repeat indices align samples but methods were timed sequentially; use independent-resample intervals
23,funnel,4,bucketed,last_depth,64,128,4,1,0.5685112327337265,0.3541615828871727,repeat indices align samples but methods were timed sequentially; use independent-resample intervals
23,funnel,4,bucketed,last_depth,64,128,4,2,0.5519021525979042,0.4569244831800461,repeat indices align samples but methods were timed sequentially; use independent-resample intervals
23,funnel,4,bucketed,last_depth,64,128,4,3,0.54628636687994,0.4313606917858124,repeat indices align samples but methods were timed sequentially; use independent-resample intervals
23,funnel,4,bucketed,last_depth,64,128,4,4,0.4204906076192856,0.4196881651878357,repeat indices align samples but methods were timed sequentially; use independent-resample intervals
23,funnel,4,bucketed,last_depth,64,128,4,5,0.374503456056118,0.3690847083926201,repeat indices align samples but methods were timed sequentially; use independent-resample intervals
23,funnel,4,bucketed,last_depth,64,128,4,6,0.4494559168815613,0.3891979232430458,repeat indices align samples but methods were timed sequentially; use independent-resample intervals
23,funnel,4,bucketed,last_depth,64,128,4,7,0.4429528936743736,0.3959908187389374,repeat indices align samples but methods were timed sequentially; use independent-resample intervals
23,funnel,4,bucketed,last_depth,64,128,4,8,0.3948318734765053,0.40253330767154694,repeat indices align samples but methods were timed sequentially; use independent-resample intervals
23,funnel,4,bucketed,last_depth,64,128,4,9,0.34539709985256195,0.3892665281891823,repeat indices align samples but methods were timed sequentially; use independent-resample intervals
23,funnel,4,bucketed,last_depth,64,128,4,10,0.38934922218322754,0.3614189550280571,repeat indices align samples but methods were timed sequentially; use independent-resample intervals
23,funnel,4,bucketed,last_depth,64,128,4,11,0.45727578550577164,0.4096035063266754,repeat indices align samples but methods were timed sequentially; use independent-resample intervals
23,funnel,4,bucketed,last_depth,64,128,4,12,0.38221433758735657,0.3945130258798599,repeat indices align samples but methods were timed sequentially; use independent-resample intervals
23,funnel,4,bucketed,last_depth,64,128,4,13,0.37319255620241165,0.3762298822402954,repeat indices align samples but methods were timed sequentially; use independent-resample intervals
23,funnel,4,bucketed,last_depth,64,128,4,14,0.39690743386745453,0.37816838175058365,repeat indices align samples but methods were timed sequentially; use independent-resample intervals
23,funnel,4,bucketed,last_depth,64,128,4,15,0.42126139998435974,0.4185826778411865,repeat indices align samples but methods were timed sequentially; use independent-resample intervals
23,funnel,4,bucketed,last_depth,64,128,4,16,0.44036997854709625,0.3819144368171692,repeat indices align samples but methods were timed sequentially; use independent-resample intervals
23,funnel,4,bucketed,last_depth,64,128,4,17,0.4472479969263077,0.41138889640569687,repeat indices align samples but methods were timed sequentially; use independent-resample intervals
23,funnel,4,bucketed,last_depth,64,128,4,18,0.4159005954861641,0.37691082805395126,repeat indices align samples but methods were timed sequentially; use independent-resample intervals
23,funnel,4,bucketed,last_depth,64,128,4,19,0.3480299860239029,0.4202115386724472,repeat indices align samples but methods were timed sequentially; use independent-resample intervals
23,funnel,4,bucketed,last_depth,64,128,4,20,0.39205295592546463,0.4229987934231758,repeat indices align samples but methods were timed sequentially; use independent-resample intervals
23,funnel,4,bucketed,last_depth,64,128,4,21,0.4899277612566948,0.4320846199989319,repeat indices align samples but methods were timed sequentially; use independent-resample intervals
23,funnel,4,bucketed,last_depth,64,128,4,22,0.4490622952580452,0.4171570986509323,repeat indices align samples but methods were timed sequentially; use independent-resample intervals
23,funnel,4,bucketed,last_depth,64,128,4,23,0.46839915961027145,0.4225985184311867,repeat indices align samples but methods were timed sequentially; use independent-resample intervals
23,funnel,4,bucketed,last_depth,64,128,4,24,0.4466574788093567,0.42471893876791,repeat indices align samples but methods were timed sequentially; use independent-resample intervals
23,funnel,4,bucketed,last_depth,64,128,4,25,0.4846865311264992,0.3828521743416786,repeat indices align samples but methods were timed sequentially; use independent-resample intervals
23,funnel,4,bucketed,last_depth,64,128,4,26,0.5251875668764114,0.3798990398645401,repeat indices align samples but methods were timed sequentially; use independent-resample intervals
23,funnel,4,bucketed,last_depth,64,128,4,27,0.5068443268537521,0.39437463879585266,repeat indices align samples but methods were timed sequentially; use independent-resample intervals
23,funnel,4,bucketed,last_depth,64,128,4,28,0.504866473376751,0.4091983810067177,repeat indices align samples but methods were timed sequentially; use independent-resample intervals
23,funnel,4,bucketed,last_depth,64,128,4,29,0.5627035722136497,0.35660476982593536,repeat indices align samples but methods were timed sequentially; use independent-resample intervals
24,funnel,4,bucketed,last_depth,128,128,4,0,0.5763839185237885,0.3537055552005768,repeat indices align samples but methods were timed sequentially; use independent-resample intervals
24,funnel,4,bucketed,last_depth,128,128,4,1,0.5028722658753395,0.3541615828871727,repeat indices align samples but methods were timed sequentially; use independent-resample intervals
24,funnel,4,bucketed,last_depth,128,128,4,2,0.4882514625787735,0.4569244831800461,repeat indices align samples but methods were timed sequentially; use independent-resample intervals
24,funnel,4,bucketed,last_depth,128,128,4,3,0.45323991775512695,0.4313606917858124,repeat indices align samples but methods were timed sequentially; use independent-resample intervals
24,funnel,4,bucketed,last_depth,128,128,4,4,0.45592253655195236,0.4196881651878357,repeat indices align samples but methods were timed sequentially; use independent-resample intervals
24,funnel,4,bucketed,last_depth,128,128,4,5,0.5227262228727341,0.3690847083926201,repeat indices align samples but methods were timed sequentially; use independent-resample intervals
24,funnel,4,bucketed,last_depth,128,128,4,6,0.44666942954063416,0.3891979232430458,repeat indices align samples but methods were timed sequentially; use independent-resample intervals
24,funnel,4,bucketed,last_depth,128,128,4,7,0.5027421191334724,0.3959908187389374,repeat indices align samples but methods were timed sequentially; use independent-resample intervals
24,funnel,4,bucketed,last_depth,128,128,4,8,0.5560943484306335,0.40253330767154694,repeat indices align samples but methods were timed sequentially; use independent-resample intervals
24,funnel,4,bucketed,last_depth,128,128,4,9,0.5023520961403847,0.3892665281891823,repeat indices align samples but methods were timed sequentially; use independent-resample intervals
24,funnel,4,bucketed,last_depth,128,128,4,10,0.5763698145747185,0.3614189550280571,repeat indices align samples but methods were timed sequentially; use independent-resample intervals
24,funnel,4,bucketed,last_depth,128,128,4,11,0.5143111497163773,0.4096035063266754,repeat indices align samples but methods were timed sequentially; use independent-resample intervals
24,funnel,4,bucketed,last_depth,128,128,4,12,0.5613747239112854,0.3945130258798599,repeat indices align samples but methods were timed sequentially; use independent-resample intervals
24,funnel,4,bucketed,last_depth,128,128,4,13,0.5177859142422676,0.3762298822402954,repeat indices align samples but methods were timed sequentially; use independent-resample intervals
24,funnel,4,bucketed,last_depth,128,128,4,14,0.5130986645817757,0.37816838175058365,repeat indices align samples but methods were timed sequentially; use independent-resample intervals
24,funnel,4,bucketed,last_depth,128,128,4,15,0.46278584748506546,0.4185826778411865,repeat indices align samples but methods were timed sequentially; use independent-resample intervals
24,funnel,4,bucketed,last_depth,128,128,4,16,0.5544424951076508,0.3819144368171692,repeat indices align samples but methods were timed sequentially; use independent-resample intervals
24,funnel,4,bucketed,last_depth,128,128,4,17,0.4799063727259636,0.41138889640569687,repeat indices align samples but methods were timed sequentially; use independent-resample intervals
24,funnel,4,bucketed,last_depth,128,128,4,18,0.5470626056194305,0.37691082805395126,repeat indices align samples but methods were timed sequentially; use independent-resample intervals
24,funnel,4,bucketed,last_depth,128,128,4,19,0.5719570517539978,0.4202115386724472,repeat indices align samples but methods were timed sequentially; use independent-resample intervals
24,funnel,4,bucketed,last_depth,128,128,4,20,0.5076785013079643,0.4229987934231758,repeat indices align samples but methods were timed sequentially; use independent-resample intervals
24,funnel,4,bucketed,last_depth,128,128,4,21,0.4779895022511482,0.4320846199989319,repeat indices align samples but methods were timed sequentially; use independent-resample intervals
24,funnel,4,bucketed,last_depth,128,128,4,22,0.5435397550463676,0.4171570986509323,repeat indices align samples but methods were timed sequentially; use independent-resample intervals
24,funnel,4,bucketed,last_depth,128,128,4,23,0.5044263899326324,0.4225985184311867,repeat indices align samples but methods were timed sequentially; use independent-resample intervals
24,funnel,4,bucketed,last_depth,128,128,4,24,0.5541375279426575,0.42471893876791,repeat indices align samples but methods were timed sequentially; use independent-resample intervals
24,funnel,4,bucketed,last_depth,128,128,4,25,0.49851399660110474,0.3828521743416786,repeat indices align samples but methods were timed sequentially; use independent-resample intervals
24,funnel,4,bucketed,last_depth,128,128,4,26,0.4747985973954201,0.3798990398645401,repeat indices align samples but methods were timed sequentially; use independent-resample intervals
24,funnel,4,bucketed,last_depth,128,128,4,27,0.5375326946377754,0.39437463879585266,repeat indices align samples but methods were timed sequentially; use independent-resample intervals
24,funnel,4,bucketed,last_depth,128,128,4,28,0.551064059138298,0.4091983810067177,repeat indices align samples but methods were timed sequentially; use independent-resample intervals
24,funnel,4,bucketed,last_depth,128,128,4,29,0.49940840899944305,0.35660476982593536,repeat indices align samples but methods were timed sequentially; use independent-resample intervals
25,funnel,0,monolithic,monolithic,0,256,4,0,3.7760410755872726,3.7760410755872726,repeat indices align samples but methods were timed sequentially; use independent-resample intervals
25,funnel,0,monolithic,monolithic,0,256,4,1,0.4836462512612343,0.4836462512612343,repeat indices align samples but methods were timed sequentially; use independent-resample intervals
25,funnel,0,monolithic,monolithic,0,256,4,2,0.4641323387622833,0.4641323387622833,repeat indices align samples but methods were timed sequentially; use independent-resample intervals
25,funnel,0,monolithic,monolithic,0,256,4,3,0.5886812582612038,0.5886812582612038,repeat indices align samples but methods were timed sequentially; use independent-resample intervals
25,funnel,0,monolithic,monolithic,0,256,4,4,0.5099161490797997,0.5099161490797997,repeat indices align samples but methods were timed sequentially; use independent-resample intervals
25,funnel,0,monolithic,monolithic,0,256,4,5,0.5533866882324219,0.5533866882324219,repeat indices align samples but methods were timed sequentially; use independent-resample intervals
25,funnel,0,monolithic,monolithic,0,256,4,6,0.4882122427225113,0.4882122427225113,repeat indices align samples but methods were timed sequentially; use independent-resample intervals
25,funnel,0,monolithic,monolithic,0,256,4,7,0.5488045364618301,0.5488045364618301,repeat indices align samples but methods were timed sequentially; use independent-resample intervals
25,funnel,0,monolithic,monolithic,0,256,4,8,0.5593443140387535,0.5593443140387535,repeat indices align samples but methods were timed sequentially; use independent-resample intervals
25,funnel,0,monolithic,monolithic,0,256,4,9,0.5286124423146248,0.5286124423146248,repeat indices align samples but methods were timed sequentially; use independent-resample intervals
25,funnel,0,monolithic,monolithic,0,256,4,10,0.5383392572402954,0.5383392572402954,repeat indices align samples but methods were timed sequentially; use independent-resample intervals
25,funnel,0,monolithic,monolithic,0,256,4,11,0.4710794985294342,0.4710794985294342,repeat indices align samples but methods were timed sequentially; use independent-resample intervals
25,funnel,0,monolithic,monolithic,0,256,4,12,0.4828970581293106,0.4828970581293106,repeat indices align samples but methods were timed sequentially; use independent-resample intervals
25,funnel,0,monolithic,monolithic,0,256,4,13,0.49170611798763275,0.49170611798763275,repeat indices align samples but methods were timed sequentially; use independent-resample intervals
25,funnel,0,monolithic,monolithic,0,256,4,14,0.48655901849269867,0.48655901849269867,repeat indices align samples but methods were timed sequentially; use independent-resample intervals
25,funnel,0,monolithic,monolithic,0,256,4,15,0.48810702562332153,0.48810702562332153,repeat indices align samples but methods were timed sequentially; use independent-resample intervals
25,funnel,0,monolithic,monolithic,0,256,4,16,0.4844479039311409,0.4844479039311409,repeat indices align samples but methods were timed sequentially; use independent-resample intervals
25,funnel,0,monolithic,monolithic,0,256,4,17,0.46490319818258286,0.46490319818258286,repeat indices align samples but methods were timed sequentially; use independent-resample intervals
25,funnel,0,monolithic,monolithic,0,256,4,18,0.4427672401070595,0.4427672401070595,repeat indices align samples but methods were timed sequentially; use independent-resample intervals
25,funnel,0,monolithic,monolithic,0,256,4,19,0.47197653353214264,0.47197653353214264,repeat indices align samples but methods were timed sequentially; use independent-resample intervals
25,funnel,0,monolithic,monolithic,0,256,4,20,0.462765596807003,0.462765596807003,repeat indices align samples but methods were timed sequentially; use independent-resample intervals
25,funnel,0,monolithic,monolithic,0,256,4,21,0.48286763578653336,0.48286763578653336,repeat indices align samples but methods were timed sequentially; use independent-resample intervals
25,funnel,0,monolithic,monolithic,0,256,4,22,0.48325567692518234,0.48325567692518234,repeat indices align samples but methods were timed sequentially; use independent-resample intervals
25,funnel,0,monolithic,monolithic,0,256,4,23,0.5457955524325371,0.5457955524325371,repeat indices align samples but methods were timed sequentially; use independent-resample intervals
25,funnel,0,monolithic,monolithic,0,256,4,24,0.4416593238711357,0.4416593238711357,repeat indices align samples but methods were timed sequentially; use independent-resample intervals
25,funnel,0,monolithic,monolithic,0,256,4,25,0.48006805032491684,0.48006805032491684,repeat indices align samples but methods were timed sequentially; use independent-resample intervals
25,funnel,0,monolithic,monolithic,0,256,4,26,0.4770481139421463,0.4770481139421463,repeat indices align samples but methods were timed sequentially; use independent-resample intervals
25,funnel,0,monolithic,monolithic,0,256,4,27,0.5132099166512489,0.5132099166512489,repeat indices align samples but methods were timed sequentially; use independent-resample intervals
25,funnel,0,monolithic,monolithic,0,256,4,28,0.5239031612873077,0.5239031612873077,repeat indices align samples but methods were timed sequentially; use independent-resample intervals
25,funnel,0,monolithic,monolithic,0,256,4,29,0.5229093730449677,0.5229093730449677,repeat indices align samples but methods were timed sequentially; use independent-resample intervals
26,funnel,0,bucketed,history,64,256,4,0,2.687306948006153,3.7760410755872726,repeat indices align samples but methods were timed sequentially; use independent-resample intervals
26,funnel,0,bucketed,history,64,256,4,1,0.6194045320153236,0.4836462512612343,repeat indices align samples but methods were timed sequentially; use independent-resample intervals
26,funnel,0,bucketed,history,64,256,4,2,0.6229365840554237,0.4641323387622833,repeat indices align samples but methods were timed sequentially; use independent-resample intervals
26,funnel,0,bucketed,history,64,256,4,3,0.7619903087615967,0.5886812582612038,repeat indices align samples but methods were timed sequentially; use independent-resample intervals
26,funnel,0,bucketed,history,64,256,4,4,0.5889711380004883,0.5099161490797997,repeat indices align samples but methods were timed sequentially; use independent-resample intervals
26,funnel,0,bucketed,history,64,256,4,5,0.6027900874614716,0.5533866882324219,repeat indices align samples but methods were timed sequentially; use independent-resample intervals
26,funnel,0,bucketed,history,64,256,4,6,0.5477070957422256,0.4882122427225113,repeat indices align samples but methods were timed sequentially; use independent-resample intervals
26,funnel,0,bucketed,history,64,256,4,7,0.6031138747930527,0.5488045364618301,repeat indices align samples but methods were timed sequentially; use independent-resample intervals
26,funnel,0,bucketed,history,64,256,4,8,0.6258052811026573,0.5593443140387535,repeat indices align samples but methods were timed sequentially; use independent-resample intervals
26,funnel,0,bucketed,history,64,256,4,9,0.64078538864851,0.5286124423146248,repeat indices align samples but methods were timed sequentially; use independent-resample intervals
26,funnel,0,bucketed,history,64,256,4,10,0.7354496195912361,0.5383392572402954,repeat indices align samples but methods were timed sequentially; use independent-resample intervals
26,funnel,0,bucketed,history,64,256,4,11,0.6802012175321579,0.4710794985294342,repeat indices align samples but methods were timed sequentially; use independent-resample intervals
26,funnel,0,bucketed,history,64,256,4,12,0.6844481155276299,0.4828970581293106,repeat indices align samples but methods were timed sequentially; use independent-resample intervals
26,funnel,0,bucketed,history,64,256,4,13,0.7600465342402458,0.49170611798763275,repeat indices align samples but methods were timed sequentially; use independent-resample intervals
26,funnel,0,bucketed,history,64,256,4,14,0.6626248359680176,0.48655901849269867,repeat indices align samples but methods were timed sequentially; use independent-resample intervals
26,funnel,0,bucketed,history,64,256,4,15,0.6448780596256256,0.48810702562332153,repeat indices align samples but methods were timed sequentially; use independent-resample intervals
26,funnel,0,bucketed,history,64,256,4,16,0.6882831454277039,0.4844479039311409,repeat indices align samples but methods were timed sequentially; use independent-resample intervals
26,funnel,0,bucketed,history,64,256,4,17,0.6760765686631203,0.46490319818258286,repeat indices align samples but methods were timed sequentially; use independent-resample intervals
26,funnel,0,bucketed,history,64,256,4,18,0.719370648264885,0.4427672401070595,repeat indices align samples but methods were timed sequentially; use independent-resample intervals
26,funnel,0,bucketed,history,64,256,4,19,0.726772852241993,0.47197653353214264,repeat indices align samples but methods were timed sequentially; use independent-resample intervals
26,funnel,0,bucketed,history,64,256,4,20,0.6166948527097702,0.462765596807003,repeat indices align samples but methods were timed sequentially; use independent-resample intervals
26,funnel,0,bucketed,history,64,256,4,21,0.5948760285973549,0.48286763578653336,repeat indices align samples but methods were timed sequentially; use independent-resample intervals
26,funnel,0,bucketed,history,64,256,4,22,0.6294862553477287,0.48325567692518234,repeat indices align samples but methods were timed sequentially; use independent-resample intervals
26,funnel,0,bucketed,history,64,256,4,23,0.6766598075628281,0.5457955524325371,repeat indices align samples but methods were timed sequentially; use independent-resample intervals
26,funnel,0,bucketed,history,64,256,4,24,0.6644823327660561,0.4416593238711357,repeat indices align samples but methods were timed sequentially; use independent-resample intervals
26,funnel,0,bucketed,history,64,256,4,25,0.6781584322452545,0.48006805032491684,repeat indices align samples but methods were timed sequentially; use independent-resample intervals
26,funnel,0,bucketed,history,64,256,4,26,0.7031622156500816,0.4770481139421463,repeat indices align samples but methods were timed sequentially; use independent-resample intervals
26,funnel,0,bucketed,history,64,256,4,27,0.6137570962309837,0.5132099166512489,repeat indices align samples but methods were timed sequentially; use independent-resample intervals
26,funnel,0,bucketed,history,64,256,4,28,0.6502498388290405,0.5239031612873077,repeat indices align samples but methods were timed sequentially; use independent-resample intervals
26,funnel,0,bucketed,history,64,256,4,29,0.6564584597945213,0.5229093730449677,repeat indices align samples but methods were timed sequentially; use independent-resample intervals
27,funnel,0,bucketed,history,128,256,4,0,2.6024589985609055,3.7760410755872726,repeat indices align samples but methods were timed sequentially; use independent-resample intervals
27,funnel,0,bucketed,history,128,256,4,1,0.595426082611084,0.4836462512612343,repeat indices align samples but methods were timed sequentially; use independent-resample intervals
27,funnel,0,bucketed,history,128,256,4,2,0.5058749616146088,0.4641323387622833,repeat indices align samples but methods were timed sequentially; use independent-resample intervals
27,funnel,0,bucketed,history,128,256,4,3,0.5709018483757973,0.5886812582612038,repeat indices align samples but methods were timed sequentially; use independent-resample intervals
27,funnel,0,bucketed,history,128,256,4,4,0.6605114340782166,0.5099161490797997,repeat indices align samples but methods were timed sequentially; use independent-resample intervals
27,funnel,0,bucketed,history,128,256,4,5,0.6247073113918304,0.5533866882324219,repeat indices align samples but methods were timed sequentially; use independent-resample intervals
27,funnel,0,bucketed,history,128,256,4,6,0.5971852615475655,0.4882122427225113,repeat indices align samples but methods were timed sequentially; use independent-resample intervals
27,funnel,0,bucketed,history,128,256,4,7,0.5878420770168304,0.5488045364618301,repeat indices align samples but methods were timed sequentially; use independent-resample intervals
27,funnel,0,bucketed,history,128,256,4,8,0.6424865275621414,0.5593443140387535,repeat indices align samples but methods were timed sequentially; use independent-resample intervals
27,funnel,0,bucketed,history,128,256,4,9,0.5356725603342056,0.5286124423146248,repeat indices align samples but methods were timed sequentially; use independent-resample intervals
27,funnel,0,bucketed,history,128,256,4,10,0.6723967641592026,0.5383392572402954,repeat indices align samples but methods were timed sequentially; use independent-resample intervals
27,funnel,0,bucketed,history,128,256,4,11,0.5992453768849373,0.4710794985294342,repeat indices align samples but methods were timed sequentially; use independent-resample intervals
27,funnel,0,bucketed,history,128,256,4,12,0.5962381809949875,0.4828970581293106,repeat indices align samples but methods were timed sequentially; use independent-resample intervals
27,funnel,0,bucketed,history,128,256,4,13,0.5611316710710526,0.49170611798763275,repeat indices align samples but methods were timed sequentially; use independent-resample intervals
27,funnel,0,bucketed,history,128,256,4,14,0.5556806549429893,0.48655901849269867,repeat indices align samples but methods were timed sequentially; use independent-resample intervals
27,funnel,0,bucketed,history,128,256,4,15,0.5630756616592407,0.48810702562332153,repeat indices align samples but methods were timed sequentially; use independent-resample intervals
27,funnel,0,bucketed,history,128,256,4,16,0.5130280926823616,0.4844479039311409,repeat indices align samples but methods were timed sequentially; use independent-resample intervals
27,funnel,0,bucketed,history,128,256,4,17,0.5729714408516884,0.46490319818258286,repeat indices align samples but methods were timed sequentially; use independent-resample intervals
27,funnel,0,bucketed,history,128,256,4,18,0.6238978579640388,0.4427672401070595,repeat indices align samples but methods were timed sequentially; use independent-resample intervals
27,funnel,0,bucketed,history,128,256,4,19,0.5261025950312614,0.47197653353214264,repeat indices align samples but methods were timed sequentially; use independent-resample intervals
27,funnel,0,bucketed,history,128,256,4,20,0.5758914574980736,0.462765596807003,repeat indices align samples but methods were timed sequentially; use independent-resample intervals
27,funnel,0,bucketed,history,128,256,4,21,0.6012717261910439,0.48286763578653336,repeat indices align samples but methods were timed sequentially; use independent-resample intervals
27,funnel,0,bucketed,history,128,256,4,22,0.5841970518231392,0.48325567692518234,repeat indices align samples but methods were timed sequentially; use independent-resample intervals
27,funnel,0,bucketed,history,128,256,4,23,0.6092789992690086,0.5457955524325371,repeat indices align samples but methods were timed sequentially; use independent-resample intervals
27,funnel,0,bucketed,history,128,256,4,24,0.5945727750658989,0.4416593238711357,repeat indices align samples but methods were timed sequentially; use independent-resample intervals
27,funnel,0,bucketed,history,128,256,4,25,0.579962469637394,0.48006805032491684,repeat indices align samples but methods were timed sequentially; use independent-resample intervals
27,funnel,0,bucketed,history,128,256,4,26,0.5279596224427223,0.4770481139421463,repeat indices align samples but methods were timed sequentially; use independent-resample intervals
27,funnel,0,bucketed,history,128,256,4,27,0.5843872129917145,0.5132099166512489,repeat indices align samples but methods were timed sequentially; use independent-resample intervals
27,funnel,0,bucketed,history,128,256,4,28,0.6266794875264168,0.5239031612873077,repeat indices align samples but methods were timed sequentially; use independent-resample intervals
27,funnel,0,bucketed,history,128,256,4,29,0.556571364402771,0.5229093730449677,repeat indices align samples but methods were timed sequentially; use independent-resample intervals
28,funnel,0,bucketed,last_depth,64,256,4,0,0.7254123315215111,3.7760410755872726,repeat indices align samples but methods were timed sequentially; use independent-resample intervals
28,funnel,0,bucketed,last_depth,64,256,4,1,0.6765781939029694,0.4836462512612343,repeat indices align samples but methods were timed sequentially; use independent-resample intervals
28,funnel,0,bucketed,last_depth,64,256,4,2,0.8191702589392662,0.4641323387622833,repeat indices align samples but methods were timed sequentially; use independent-resample intervals
28,funnel,0,bucketed,last_depth,64,256,4,3,0.7883385494351387,0.5886812582612038,repeat indices align samples but methods were timed sequentially; use independent-resample intervals
28,funnel,0,bucketed,last_depth,64,256,4,4,0.7688721045851707,0.5099161490797997,repeat indices align samples but methods were timed sequentially; use independent-resample intervals
28,funnel,0,bucketed,last_depth,64,256,4,5,0.7779440358281136,0.5533866882324219,repeat indices align samples but methods were timed sequentially; use independent-resample intervals
28,funnel,0,bucketed,last_depth,64,256,4,6,0.7110863924026489,0.4882122427225113,repeat indices align samples but methods were timed sequentially; use independent-resample intervals
28,funnel,0,bucketed,last_depth,64,256,4,7,0.7074417322874069,0.5488045364618301,repeat indices align samples but methods were timed sequentially; use independent-resample intervals
28,funnel,0,bucketed,last_depth,64,256,4,8,0.7124735936522484,0.5593443140387535,repeat indices align samples but methods were timed sequentially; use independent-resample intervals
28,funnel,0,bucketed,last_depth,64,256,4,9,0.6724827215075493,0.5286124423146248,repeat indices align samples but methods were timed sequentially; use independent-resample intervals
28,funnel,0,bucketed,last_depth,64,256,4,10,0.720351368188858,0.5383392572402954,repeat indices align samples but methods were timed sequentially; use independent-resample intervals
28,funnel,0,bucketed,last_depth,64,256,4,11,0.7091647461056709,0.4710794985294342,repeat indices align samples but methods were timed sequentially; use independent-resample intervals
28,funnel,0,bucketed,last_depth,64,256,4,12,0.6723304390907288,0.4828970581293106,repeat indices align samples but methods were timed sequentially; use independent-resample intervals
28,funnel,0,bucketed,last_depth,64,256,4,13,0.6466795206069946,0.49170611798763275,repeat indices align samples but methods were timed sequentially; use independent-resample intervals
28,funnel,0,bucketed,last_depth,64,256,4,14,0.645572267472744,0.48655901849269867,repeat indices align samples but methods were timed sequentially; use independent-resample intervals
28,funnel,0,bucketed,last_depth,64,256,4,15,0.6615328043699265,0.48810702562332153,repeat indices align samples but methods were timed sequentially; use independent-resample intervals
28,funnel,0,bucketed,last_depth,64,256,4,16,0.6318982169032097,0.4844479039311409,repeat indices align samples but methods were timed sequentially; use independent-resample intervals
28,funnel,0,bucketed,last_depth,64,256,4,17,0.6831726878881454,0.46490319818258286,repeat indices align samples but methods were timed sequentially; use independent-resample intervals
28,funnel,0,bucketed,last_depth,64,256,4,18,0.6711001917719841,0.4427672401070595,repeat indices align samples but methods were timed sequentially; use independent-resample intervals
28,funnel,0,bucketed,last_depth,64,256,4,19,0.6142107099294662,0.47197653353214264,repeat indices align samples but methods were timed sequentially; use independent-resample intervals
28,funnel,0,bucketed,last_depth,64,256,4,20,0.6522141098976135,0.462765596807003,repeat indices align samples but methods were timed sequentially; use independent-resample intervals
28,funnel,0,bucketed,last_depth,64,256,4,21,0.6125373616814613,0.48286763578653336,repeat indices align samples but methods were timed sequentially; use independent-resample intervals
28,funnel,0,bucketed,last_depth,64,256,4,22,0.6172873675823212,0.48325567692518234,repeat indices align samples but methods were timed sequentially; use independent-resample intervals
28,funnel,0,bucketed,last_depth,64,256,4,23,0.6312994658946991,0.5457955524325371,repeat indices align samples but methods were timed sequentially; use independent-resample intervals
28,funnel,0,bucketed,last_depth,64,256,4,24,0.6638535484671593,0.4416593238711357,repeat indices align samples but methods were timed sequentially; use independent-resample intervals
28,funnel,0,bucketed,last_depth,64,256,4,25,0.6511109918355942,0.48006805032491684,repeat indices align samples but methods were timed sequentially; use independent-resample intervals
28,funnel,0,bucketed,last_depth,64,256,4,26,0.6073189303278923,0.4770481139421463,repeat indices align samples but methods were timed sequentially; use independent-resample intervals
28,funnel,0,bucketed,last_depth,64,256,4,27,0.617865800857544,0.5132099166512489,repeat indices align samples but methods were timed sequentially; use independent-resample intervals
28,funnel,0,bucketed,last_depth,64,256,4,28,0.6263801604509354,0.5239031612873077,repeat indices align samples but methods were timed sequentially; use independent-resample intervals
28,funnel,0,bucketed,last_depth,64,256,4,29,0.8192608952522278,0.5229093730449677,repeat indices align samples but methods were timed sequentially; use independent-resample intervals
29,funnel,0,bucketed,last_depth,128,256,4,0,0.6877458095550537,3.7760410755872726,repeat indices align samples but methods were timed sequentially; use independent-resample intervals
29,funnel,0,bucketed,last_depth,128,256,4,1,0.6769127324223518,0.4836462512612343,repeat indices align samples but methods were timed sequentially; use independent-resample intervals
29,funnel,0,bucketed,last_depth,128,256,4,2,0.6841847747564316,0.4641323387622833,repeat indices align samples but methods were timed sequentially; use independent-resample intervals
29,funnel,0,bucketed,last_depth,128,256,4,3,0.6724757179617882,0.5886812582612038,repeat indices align samples but methods were timed sequentially; use independent-resample intervals
29,funnel,0,bucketed,last_depth,128,256,4,4,0.665580078959465,0.5099161490797997,repeat indices align samples but methods were timed sequentially; use independent-resample intervals
29,funnel,0,bucketed,last_depth,128,256,4,5,0.607024222612381,0.5533866882324219,repeat indices align samples but methods were timed sequentially; use independent-resample intervals
29,funnel,0,bucketed,last_depth,128,256,4,6,0.6719202026724815,0.4882122427225113,repeat indices align samples but methods were timed sequentially; use independent-resample intervals
29,funnel,0,bucketed,last_depth,128,256,4,7,0.6761014014482498,0.5488045364618301,repeat indices align samples but methods were timed sequentially; use independent-resample intervals
29,funnel,0,bucketed,last_depth,128,256,4,8,0.5778091847896576,0.5593443140387535,repeat indices align samples but methods were timed sequentially; use independent-resample intervals
29,funnel,0,bucketed,last_depth,128,256,4,9,0.6363494619727135,0.5286124423146248,repeat indices align samples but methods were timed sequentially; use independent-resample intervals
29,funnel,0,bucketed,last_depth,128,256,4,10,0.658851332962513,0.5383392572402954,repeat indices align samples but methods were timed sequentially; use independent-resample intervals
29,funnel,0,bucketed,last_depth,128,256,4,11,0.7230487167835236,0.4710794985294342,repeat indices align samples but methods were timed sequentially; use independent-resample intervals
29,funnel,0,bucketed,last_depth,128,256,4,12,0.6053252667188644,0.4828970581293106,repeat indices align samples but methods were timed sequentially; use independent-resample intervals
29,funnel,0,bucketed,last_depth,128,256,4,13,0.6884764730930328,0.49170611798763275,repeat indices align samples but methods were timed sequentially; use independent-resample intervals
29,funnel,0,bucketed,last_depth,128,256,4,14,0.6531401723623276,0.48655901849269867,repeat indices align samples but methods were timed sequentially; use independent-resample intervals
29,funnel,0,bucketed,last_depth,128,256,4,15,0.6801314353942871,0.48810702562332153,repeat indices align samples but methods were timed sequentially; use independent-resample intervals
29,funnel,0,bucketed,last_depth,128,256,4,16,0.6786433160305023,0.4844479039311409,repeat indices align samples but methods were timed sequentially; use independent-resample intervals
29,funnel,0,bucketed,last_depth,128,256,4,17,0.6933051571249962,0.46490319818258286,repeat indices align samples but methods were timed sequentially; use independent-resample intervals
29,funnel,0,bucketed,last_depth,128,256,4,18,0.6268504187464714,0.4427672401070595,repeat indices align samples but methods were timed sequentially; use independent-resample intervals
29,funnel,0,bucketed,last_depth,128,256,4,19,0.6041125804185867,0.47197653353214264,repeat indices align samples but methods were timed sequentially; use independent-resample intervals
29,funnel,0,bucketed,last_depth,128,256,4,20,0.6320692896842957,0.462765596807003,repeat indices align samples but methods were timed sequentially; use independent-resample intervals
29,funnel,0,bucketed,last_depth,128,256,4,21,0.6459126323461533,0.48286763578653336,repeat indices align samples but methods were timed sequentially; use independent-resample intervals
29,funnel,0,bucketed,last_depth,128,256,4,22,0.6986382156610489,0.48325567692518234,repeat indices align samples but methods were timed sequentially; use independent-resample intervals
29,funnel,0,bucketed,last_depth,128,256,4,23,0.6381725147366524,0.5457955524325371,repeat indices align samples but methods were timed sequentially; use independent-resample intervals
29,funnel,0,bucketed,last_depth,128,256,4,24,0.688491553068161,0.4416593238711357,repeat indices align samples but methods were timed sequentially; use independent-resample intervals
29,funnel,0,bucketed,last_depth,128,256,4,25,0.642315611243248,0.48006805032491684,repeat indices align samples but methods were timed sequentially; use independent-resample intervals
29,funnel,0,bucketed,last_depth,128,256,4,26,0.728633388876915,0.4770481139421463,repeat indices align samples but methods were timed sequentially; use independent-resample intervals
29,funnel,0,bucketed,last_depth,128,256,4,27,0.7261701002717018,0.5132099166512489,repeat indices align samples but methods were timed sequentially; use independent-resample intervals
29,funnel,0,bucketed,last_depth,128,256,4,28,0.6859916001558304,0.5239031612873077,repeat indices align samples but methods were timed sequentially; use independent-resample intervals
29,funnel,0,bucketed,last_depth,128,256,4,29,0.7138149812817574,0.5229093730449677,repeat indices align samples but methods were timed sequentially; use independent-resample intervals
30,funnel,1,monolithic,monolithic,0,256,4,0,0.6770376488566399,0.6770376488566399,repeat indices align samples but methods were timed sequentially; use independent-resample intervals
30,funnel,1,monolithic,monolithic,0,256,4,1,0.6155388727784157,0.6155388727784157,repeat indices align samples but methods were timed sequentially; use independent-resample intervals
30,funnel,1,monolithic,monolithic,0,256,4,2,0.620569072663784,0.620569072663784,repeat indices align samples but methods were timed sequentially; use independent-resample intervals
30,funnel,1,monolithic,monolithic,0,256,4,3,0.6741126403212547,0.6741126403212547,repeat indices align samples but methods were timed sequentially; use independent-resample intervals
30,funnel,1,monolithic,monolithic,0,256,4,4,0.652691476047039,0.652691476047039,repeat indices align samples but methods were timed sequentially; use independent-resample intervals
30,funnel,1,monolithic,monolithic,0,256,4,5,0.5828202813863754,0.5828202813863754,repeat indices align samples but methods were timed sequentially; use independent-resample intervals
30,funnel,1,monolithic,monolithic,0,256,4,6,0.6068983897566795,0.6068983897566795,repeat indices align samples but methods were timed sequentially; use independent-resample intervals
30,funnel,1,monolithic,monolithic,0,256,4,7,0.6239964663982391,0.6239964663982391,repeat indices align samples but methods were timed sequentially; use independent-resample intervals
30,funnel,1,monolithic,monolithic,0,256,4,8,0.6305039897561073,0.6305039897561073,repeat indices align samples but methods were timed sequentially; use independent-resample intervals
30,funnel,1,monolithic,monolithic,0,256,4,9,0.6745036318898201,0.6745036318898201,repeat indices align samples but methods were timed sequentially; use independent-resample intervals
30,funnel,1,monolithic,monolithic,0,256,4,10,0.6744523346424103,0.6744523346424103,repeat indices align samples but methods were timed sequentially; use independent-resample intervals
30,funnel,1,monolithic,monolithic,0,256,4,11,0.6353732869029045,0.6353732869029045,repeat indices align samples but methods were timed sequentially; use independent-resample intervals
30,funnel,1,monolithic,monolithic,0,256,4,12,0.6338981688022614,0.6338981688022614,repeat indices align samples but methods were timed sequentially; use independent-resample intervals
30,funnel,1,monolithic,monolithic,0,256,4,13,0.6429753452539444,0.6429753452539444,repeat indices align samples but methods were timed sequentially; use independent-resample intervals
30,funnel,1,monolithic,monolithic,0,256,4,14,0.5840585455298424,0.5840585455298424,repeat indices align samples but methods were timed sequentially; use independent-resample intervals
30,funnel,1,monolithic,monolithic,0,256,4,15,0.6232418566942215,0.6232418566942215,repeat indices align samples but methods were timed sequentially; use independent-resample intervals
30,funnel,1,monolithic,monolithic,0,256,4,16,0.6667141690850258,0.6667141690850258,repeat indices align samples but methods were timed sequentially; use independent-resample intervals
30,funnel,1,monolithic,monolithic,0,256,4,17,0.7334281355142593,0.7334281355142593,repeat indices align samples but methods were timed sequentially; use independent-resample intervals
30,funnel,1,monolithic,monolithic,0,256,4,18,0.6127596348524094,0.6127596348524094,repeat indices align samples but methods were timed sequentially; use independent-resample intervals
30,funnel,1,monolithic,monolithic,0,256,4,19,0.7249180376529694,0.7249180376529694,repeat indices align samples but methods were timed sequentially; use independent-resample intervals
30,funnel,1,monolithic,monolithic,0,256,4,20,0.6539499089121819,0.6539499089121819,repeat indices align samples but methods were timed sequentially; use independent-resample intervals
30,funnel,1,monolithic,monolithic,0,256,4,21,0.647042840719223,0.647042840719223,repeat indices align samples but methods were timed sequentially; use independent-resample intervals
30,funnel,1,monolithic,monolithic,0,256,4,22,0.6662080958485603,0.6662080958485603,repeat indices align samples but methods were timed sequentially; use independent-resample intervals
30,funnel,1,monolithic,monolithic,0,256,4,23,0.6828650459647179,0.6828650459647179,repeat indices align samples but methods were timed sequentially; use independent-resample intervals
30,funnel,1,monolithic,monolithic,0,256,4,24,0.6678342819213867,0.6678342819213867,repeat indices align samples but methods were timed sequentially; use independent-resample intervals
30,funnel,1,monolithic,monolithic,0,256,4,25,0.6296176984906197,0.6296176984906197,repeat indices align samples but methods were timed sequentially; use independent-resample intervals
30,funnel,1,monolithic,monolithic,0,256,4,26,0.6388886421918869,0.6388886421918869,repeat indices align samples but methods were timed sequentially; use independent-resample intervals
30,funnel,1,monolithic,monolithic,0,256,4,27,0.5955070182681084,0.5955070182681084,repeat indices align samples but methods were timed sequentially; use independent-resample intervals
30,funnel,1,monolithic,monolithic,0,256,4,28,0.654300257563591,0.654300257563591,repeat indices align samples but methods were timed sequentially; use independent-resample intervals
30,funnel,1,monolithic,monolithic,0,256,4,29,0.615029975771904,0.615029975771904,repeat indices align samples but methods were timed sequentially; use independent-resample intervals
31,funnel,1,bucketed,history,64,256,4,0,0.7340673804283142,0.6770376488566399,repeat indices align samples but methods were timed sequentially; use independent-resample intervals
31,funnel,1,bucketed,history,64,256,4,1,0.6624377965927124,0.6155388727784157,repeat indices align samples but methods were timed sequentially; use independent-resample intervals
31,funnel,1,bucketed,history,64,256,4,2,0.7946806475520134,0.620569072663784,repeat indices align samples but methods were timed sequentially; use independent-resample intervals
31,funnel,1,bucketed,history,64,256,4,3,0.7786611244082451,0.6741126403212547,repeat indices align samples but methods were timed sequentially; use independent-resample intervals
31,funnel,1,bucketed,history,64,256,4,4,0.7352867051959038,0.652691476047039,repeat indices align samples but methods were timed sequentially; use independent-resample intervals
31,funnel,1,bucketed,history,64,256,4,5,0.7068663612008095,0.5828202813863754,repeat indices align samples but methods were timed sequentially; use independent-resample intervals
31,funnel,1,bucketed,history,64,256,4,6,0.7668327167630196,0.6068983897566795,repeat indices align samples but methods were timed sequentially; use independent-resample intervals
31,funnel,1,bucketed,history,64,256,4,7,0.7791377454996109,0.6239964663982391,repeat indices align samples but methods were timed sequentially; use independent-resample intervals
31,funnel,1,bucketed,history,64,256,4,8,0.7638446092605591,0.6305039897561073,repeat indices align samples but methods were timed sequentially; use independent-resample intervals
31,funnel,1,bucketed,history,64,256,4,9,0.729842908680439,0.6745036318898201,repeat indices align samples but methods were timed sequentially; use independent-resample intervals
31,funnel,1,bucketed,history,64,256,4,10,0.8227374404668808,0.6744523346424103,repeat indices align samples but methods were timed sequentially; use independent-resample intervals
31,funnel,1,bucketed,history,64,256,4,11,0.7725675702095032,0.6353732869029045,repeat indices align samples but methods were timed sequentially; use independent-resample intervals
31,funnel,1,bucketed,history,64,256,4,12,0.8425941690802574,0.6338981688022614,repeat indices align samples but methods were timed sequentially; use independent-resample intervals
31,funnel,1,bucketed,history,64,256,4,13,0.790058508515358,0.6429753452539444,repeat indices align samples but methods were timed sequentially; use independent-resample intervals
31,funnel,1,bucketed,history,64,256,4,14,0.7138421684503555,0.5840585455298424,repeat indices align samples but methods were timed sequentially; use independent-resample intervals
31,funnel,1,bucketed,history,64,256,4,15,0.7344025075435638,0.6232418566942215,repeat indices align samples but methods were timed sequentially; use independent-resample intervals
31,funnel,1,bucketed,history,64,256,4,16,0.6940447092056274,0.6667141690850258,repeat indices align samples but methods were timed sequentially; use independent-resample intervals
31,funnel,1,bucketed,history,64,256,4,17,0.7574256137013435,0.7334281355142593,repeat indices align samples but methods were timed sequentially; use independent-resample intervals
31,funnel,1,bucketed,history,64,256,4,18,0.6841399967670441,0.6127596348524094,repeat indices align samples but methods were timed sequentially; use independent-resample intervals
31,funnel,1,bucketed,history,64,256,4,19,0.7827955558896065,0.7249180376529694,repeat indices align samples but methods were timed sequentially; use independent-resample intervals
31,funnel,1,bucketed,history,64,256,4,20,0.786384679377079,0.6539499089121819,repeat indices align samples but methods were timed sequentially; use independent-resample intervals
31,funnel,1,bucketed,history,64,256,4,21,0.7470443397760391,0.647042840719223,repeat indices align samples but methods were timed sequentially; use independent-resample intervals
31,funnel,1,bucketed,history,64,256,4,22,0.7574796006083488,0.6662080958485603,repeat indices align samples but methods were timed sequentially; use independent-resample intervals
31,funnel,1,bucketed,history,64,256,4,23,0.7036472707986832,0.6828650459647179,repeat indices align samples but methods were timed sequentially; use independent-resample intervals
31,funnel,1,bucketed,history,64,256,4,24,0.7610620185732841,0.6678342819213867,repeat indices align samples but methods were timed sequentially; use independent-resample intervals
31,funnel,1,bucketed,history,64,256,4,25,0.7621714547276497,0.6296176984906197,repeat indices align samples but methods were timed sequentially; use independent-resample intervals
31,funnel,1,bucketed,history,64,256,4,26,0.6968772709369659,0.6388886421918869,repeat indices align samples but methods were timed sequentially; use independent-resample intervals
31,funnel,1,bucketed,history,64,256,4,27,0.7716970145702362,0.5955070182681084,repeat indices align samples but methods were timed sequentially; use independent-resample intervals
31,funnel,1,bucketed,history,64,256,4,28,0.7480704933404922,0.654300257563591,repeat indices align samples but methods were timed sequentially; use independent-resample intervals
31,funnel,1,bucketed,history,64,256,4,29,0.6895041614770889,0.615029975771904,repeat indices align samples but methods were timed sequentially; use independent-resample intervals
32,funnel,1,bucketed,history,128,256,4,0,0.8131309598684311,0.6770376488566399,repeat indices align samples but methods were timed sequentially; use independent-resample intervals
32,funnel,1,bucketed,history,128,256,4,1,0.7796373963356018,0.6155388727784157,repeat indices align samples but methods were timed sequentially; use independent-resample intervals
32,funnel,1,bucketed,history,128,256,4,2,0.6164405271410942,0.620569072663784,repeat indices align samples but methods were timed sequentially; use independent-resample intervals
32,funnel,1,bucketed,history,128,256,4,3,0.6770359724760056,0.6741126403212547,repeat indices align samples but methods were timed sequentially; use independent-resample intervals
32,funnel,1,bucketed,history,128,256,4,4,0.6392645090818405,0.652691476047039,repeat indices align samples but methods were timed sequentially; use independent-resample intervals
32,funnel,1,bucketed,history,128,256,4,5,0.6542863473296165,0.5828202813863754,repeat indices align samples but methods were timed sequentially; use independent-resample intervals
32,funnel,1,bucketed,history,128,256,4,6,0.6742608398199081,0.6068983897566795,repeat indices align samples but methods were timed sequentially; use independent-resample intervals
32,funnel,1,bucketed,history,128,256,4,7,0.7029903456568718,0.6239964663982391,repeat indices align samples but methods were timed sequentially; use independent-resample intervals
32,funnel,1,bucketed,history,128,256,4,8,0.6712013855576515,0.6305039897561073,repeat indices align samples but methods were timed sequentially; use independent-resample intervals
32,funnel,1,bucketed,history,128,256,4,9,0.7014611884951591,0.6745036318898201,repeat indices align samples but methods were timed sequentially; use independent-resample intervals
32,funnel,1,bucketed,history,128,256,4,10,0.6712382063269615,0.6744523346424103,repeat indices align samples but methods were timed sequentially; use independent-resample intervals
32,funnel,1,bucketed,history,128,256,4,11,0.8601455688476562,0.6353732869029045,repeat indices align samples but methods were timed sequentially; use independent-resample intervals
32,funnel,1,bucketed,history,128,256,4,12,0.7396485507488251,0.6338981688022614,repeat indices align samples but methods were timed sequentially; use independent-resample intervals
32,funnel,1,bucketed,history,128,256,4,13,0.6575251445174217,0.6429753452539444,repeat indices align samples but methods were timed sequentially; use independent-resample intervals
32,funnel,1,bucketed,history,128,256,4,14,0.6303465738892555,0.5840585455298424,repeat indices align samples but methods were timed sequentially; use independent-resample intervals
32,funnel,1,bucketed,history,128,256,4,15,0.6652357503771782,0.6232418566942215,repeat indices align samples but methods were timed sequentially; use independent-resample intervals
32,funnel,1,bucketed,history,128,256,4,16,0.6800433099269867,0.6667141690850258,repeat indices align samples but methods were timed sequentially; use independent-resample intervals
32,funnel,1,bucketed,history,128,256,4,17,0.671925351023674,0.7334281355142593,repeat indices align samples but methods were timed sequentially; use independent-resample intervals
32,funnel,1,bucketed,history,128,256,4,18,0.6769576594233513,0.6127596348524094,repeat indices align samples but methods were timed sequentially; use independent-resample intervals
32,funnel,1,bucketed,history,128,256,4,19,0.6729696393013,0.7249180376529694,repeat indices align samples but methods were timed sequentially; use independent-resample intervals
32,funnel,1,bucketed,history,128,256,4,20,0.6707056164741516,0.6539499089121819,repeat indices align samples but methods were timed sequentially; use independent-resample intervals
32,funnel,1,bucketed,history,128,256,4,21,0.7509770914912224,0.647042840719223,repeat indices align samples but methods were timed sequentially; use independent-resample intervals
32,funnel,1,bucketed,history,128,256,4,22,0.6878781393170357,0.6662080958485603,repeat indices align samples but methods were timed sequentially; use independent-resample intervals
32,funnel,1,bucketed,history,128,256,4,23,0.663728877902031,0.6828650459647179,repeat indices align samples but methods were timed sequentially; use independent-resample intervals
32,funnel,1,bucketed,history,128,256,4,24,0.7480252310633659,0.6678342819213867,repeat indices align samples but methods were timed sequentially; use independent-resample intervals
32,funnel,1,bucketed,history,128,256,4,25,0.7057598307728767,0.6296176984906197,repeat indices align samples but methods were timed sequentially; use independent-resample intervals
32,funnel,1,bucketed,history,128,256,4,26,0.68934166431427,0.6388886421918869,repeat indices align samples but methods were timed sequentially; use independent-resample intervals
32,funnel,1,bucketed,history,128,256,4,27,0.6372268572449684,0.5955070182681084,repeat indices align samples but methods were timed sequentially; use independent-resample intervals
32,funnel,1,bucketed,history,128,256,4,28,0.7568119615316391,0.654300257563591,repeat indices align samples but methods were timed sequentially; use independent-resample intervals
32,funnel,1,bucketed,history,128,256,4,29,0.6579578816890717,0.615029975771904,repeat indices align samples but methods were timed sequentially; use independent-resample intervals
33,funnel,1,bucketed,last_depth,64,256,4,0,0.8187670856714249,0.6770376488566399,repeat indices align samples but methods were timed sequentially; use independent-resample intervals
33,funnel,1,bucketed,last_depth,64,256,4,1,0.7953205853700638,0.6155388727784157,repeat indices align samples but methods were timed sequentially; use independent-resample intervals
33,funnel,1,bucketed,last_depth,64,256,4,2,0.7407090812921524,0.620569072663784,repeat indices align samples but methods were timed sequentially; use independent-resample intervals
33,funnel,1,bucketed,last_depth,64,256,4,3,0.7980912998318672,0.6741126403212547,repeat indices align samples but methods were timed sequentially; use independent-resample intervals
33,funnel,1,bucketed,last_depth,64,256,4,4,0.7735089510679245,0.652691476047039,repeat indices align samples but methods were timed sequentially; use independent-resample intervals
33,funnel,1,bucketed,last_depth,64,256,4,5,0.8926681876182556,0.5828202813863754,repeat indices align samples but methods were timed sequentially; use independent-resample intervals
33,funnel,1,bucketed,last_depth,64,256,4,6,0.8596938923001289,0.6068983897566795,repeat indices align samples but methods were timed sequentially; use independent-resample intervals
33,funnel,1,bucketed,last_depth,64,256,4,7,0.8278715834021568,0.6239964663982391,repeat indices align samples but methods were timed sequentially; use independent-resample intervals
33,funnel,1,bucketed,last_depth,64,256,4,8,0.8201640695333481,0.6305039897561073,repeat indices align samples but methods were timed sequentially; use independent-resample intervals
33,funnel,1,bucketed,last_depth,64,256,4,9,0.7982160001993179,0.6745036318898201,repeat indices align samples but methods were timed sequentially; use independent-resample intervals
33,funnel,1,bucketed,last_depth,64,256,4,10,0.8081641346216202,0.6744523346424103,repeat indices align samples but methods were timed sequentially; use independent-resample intervals
33,funnel,1,bucketed,last_depth,64,256,4,11,0.7567121386528015,0.6353732869029045,repeat indices align samples but methods were timed sequentially; use independent-resample intervals
33,funnel,1,bucketed,last_depth,64,256,4,12,0.7885391935706139,0.6338981688022614,repeat indices align samples but methods were timed sequentially; use independent-resample intervals
33,funnel,1,bucketed,last_depth,64,256,4,13,0.7778112888336182,0.6429753452539444,repeat indices align samples but methods were timed sequentially; use independent-resample intervals
33,funnel,1,bucketed,last_depth,64,256,4,14,0.7526507750153542,0.5840585455298424,repeat indices align samples but methods were timed sequentially; use independent-resample intervals
33,funnel,1,bucketed,last_depth,64,256,4,15,0.7731725424528122,0.6232418566942215,repeat indices align samples but methods were timed sequentially; use independent-resample intervals
33,funnel,1,bucketed,last_depth,64,256,4,16,0.752231240272522,0.6667141690850258,repeat indices align samples but methods were timed sequentially; use independent-resample intervals
33,funnel,1,bucketed,last_depth,64,256,4,17,0.7831388041377068,0.7334281355142593,repeat indices align samples but methods were timed sequentially; use independent-resample intervals
33,funnel,1,bucketed,last_depth,64,256,4,18,0.8382584899663925,0.6127596348524094,repeat indices align samples but methods were timed sequentially; use independent-resample intervals
33,funnel,1,bucketed,last_depth,64,256,4,19,0.7584061771631241,0.7249180376529694,repeat indices align samples but methods were timed sequentially; use independent-resample intervals
33,funnel,1,bucketed,last_depth,64,256,4,20,0.8411717116832733,0.6539499089121819,repeat indices align samples but methods were timed sequentially; use independent-resample intervals
33,funnel,1,bucketed,last_depth,64,256,4,21,0.7732675820589066,0.647042840719223,repeat indices align samples but methods were timed sequentially; use independent-resample intervals
33,funnel,1,bucketed,last_depth,64,256,4,22,0.8327983692288399,0.6662080958485603,repeat indices align samples but methods were timed sequentially; use independent-resample intervals
33,funnel,1,bucketed,last_depth,64,256,4,23,0.9189867228269577,0.6828650459647179,repeat indices align samples but methods were timed sequentially; use independent-resample intervals
33,funnel,1,bucketed,last_depth,64,256,4,24,0.8315603137016296,0.6678342819213867,repeat indices align samples but methods were timed sequentially; use independent-resample intervals
33,funnel,1,bucketed,last_depth,64,256,4,25,0.8531430661678314,0.6296176984906197,repeat indices align samples but methods were timed sequentially; use independent-resample intervals
33,funnel,1,bucketed,last_depth,64,256,4,26,0.8057398125529289,0.6388886421918869,repeat indices align samples but methods were timed sequentially; use independent-resample intervals
33,funnel,1,bucketed,last_depth,64,256,4,27,0.9096904620528221,0.5955070182681084,repeat indices align samples but methods were timed sequentially; use independent-resample intervals
33,funnel,1,bucketed,last_depth,64,256,4,28,0.8016947656869888,0.654300257563591,repeat indices align samples but methods were timed sequentially; use independent-resample intervals
33,funnel,1,bucketed,last_depth,64,256,4,29,0.8594184666872025,0.615029975771904,repeat indices align samples but methods were timed sequentially; use independent-resample intervals
34,funnel,1,bucketed,last_depth,128,256,4,0,0.7978987693786621,0.6770376488566399,repeat indices align samples but methods were timed sequentially; use independent-resample intervals
34,funnel,1,bucketed,last_depth,128,256,4,1,0.8134967312216759,0.6155388727784157,repeat indices align samples but methods were timed sequentially; use independent-resample intervals
34,funnel,1,bucketed,last_depth,128,256,4,2,0.9141751304268837,0.620569072663784,repeat indices align samples but methods were timed sequentially; use independent-resample intervals
34,funnel,1,bucketed,last_depth,128,256,4,3,0.7673410624265671,0.6741126403212547,repeat indices align samples but methods were timed sequentially; use independent-resample intervals
34,funnel,1,bucketed,last_depth,128,256,4,4,0.7225915789604187,0.652691476047039,repeat indices align samples but methods were timed sequentially; use independent-resample intervals
34,funnel,1,bucketed,last_depth,128,256,4,5,0.7199266850948334,0.5828202813863754,repeat indices align samples but methods were timed sequentially; use independent-resample intervals
34,funnel,1,bucketed,last_depth,128,256,4,6,0.6890726909041405,0.6068983897566795,repeat indices align samples but methods were timed sequentially; use independent-resample intervals
34,funnel,1,bucketed,last_depth,128,256,4,7,0.7614054009318352,0.6239964663982391,repeat indices align samples but methods were timed sequentially; use independent-resample intervals
34,funnel,1,bucketed,last_depth,128,256,4,8,0.6756024658679962,0.6305039897561073,repeat indices align samples but methods were timed sequentially; use independent-resample intervals
34,funnel,1,bucketed,last_depth,128,256,4,9,0.7566585838794708,0.6745036318898201,repeat indices align samples but methods were timed sequentially; use independent-resample intervals
34,funnel,1,bucketed,last_depth,128,256,4,10,0.769357405602932,0.6744523346424103,repeat indices align samples but methods were timed sequentially; use independent-resample intervals
34,funnel,1,bucketed,last_depth,128,256,4,11,0.8310350701212883,0.6353732869029045,repeat indices align samples but methods were timed sequentially; use independent-resample intervals
34,funnel,1,bucketed,last_depth,128,256,4,12,0.7292533218860626,0.6338981688022614,repeat indices align samples but methods were timed sequentially; use independent-resample intervals
34,funnel,1,bucketed,last_depth,128,256,4,13,0.73972949385643,0.6429753452539444,repeat indices align samples but methods were timed sequentially; use independent-resample intervals
34,funnel,1,bucketed,last_depth,128,256,4,14,0.7497554868459702,0.5840585455298424,repeat indices align samples but methods were timed sequentially; use independent-resample intervals
34,funnel,1,bucketed,last_depth,128,256,4,15,0.7106054648756981,0.6232418566942215,repeat indices align samples but methods were timed sequentially; use independent-resample intervals
34,funnel,1,bucketed,last_depth,128,256,4,16,0.8127488642930984,0.6667141690850258,repeat indices align samples but methods were timed sequentially; use independent-resample intervals
34,funnel,1,bucketed,last_depth,128,256,4,17,0.6989336758852005,0.7334281355142593,repeat indices align samples but methods were timed sequentially; use independent-resample intervals
34,funnel,1,bucketed,last_depth,128,256,4,18,0.759048193693161,0.6127596348524094,repeat indices align samples but methods were timed sequentially; use independent-resample intervals
34,funnel,1,bucketed,last_depth,128,256,4,19,0.7228825986385345,0.7249180376529694,repeat indices align samples but methods were timed sequentially; use independent-resample intervals
34,funnel,1,bucketed,last_depth,128,256,4,20,0.7032651826739311,0.6539499089121819,repeat indices align samples but methods were timed sequentially; use independent-resample intervals
34,funnel,1,bucketed,last_depth,128,256,4,21,0.8205982223153114,0.647042840719223,repeat indices align samples but methods were timed sequentially; use independent-resample intervals
34,funnel,1,bucketed,last_depth,128,256,4,22,0.7774863019585609,0.6662080958485603,repeat indices align samples but methods were timed sequentially; use independent-resample intervals
34,funnel,1,bucketed,last_depth,128,256,4,23,0.7791134417057037,0.6828650459647179,repeat indices align samples but methods were timed sequentially; use independent-resample intervals
34,funnel,1,bucketed,last_depth,128,256,4,24,0.7126673609018326,0.6678342819213867,repeat indices align samples but methods were timed sequentially; use independent-resample intervals
34,funnel,1,bucketed,last_depth,128,256,4,25,0.7485399022698402,0.6296176984906197,repeat indices align samples but methods were timed sequentially; use independent-resample intervals
34,funnel,1,bucketed,last_depth,128,256,4,26,0.8039284124970436,0.6388886421918869,repeat indices align samples but methods were timed sequentially; use independent-resample intervals
34,funnel,1,bucketed,last_depth,128,256,4,27,0.7630352079868317,0.5955070182681084,repeat indices align samples but methods were timed sequentially; use independent-resample intervals
34,funnel,1,bucketed,last_depth,128,256,4,28,0.7418605759739876,0.654300257563591,repeat indices align samples but methods were timed sequentially; use independent-resample intervals
34,funnel,1,bucketed,last_depth,128,256,4,29,0.8511079773306847,0.615029975771904,repeat indices align samples but methods were timed sequentially; use independent-resample intervals
35,funnel,2,monolithic,monolithic,0,256,4,0,0.6413929313421249,0.6413929313421249,repeat indices align samples but methods were timed sequentially; use independent-resample intervals
35,funnel,2,monolithic,monolithic,0,256,4,1,0.5932849869132042,0.5932849869132042,repeat indices align samples but methods were timed sequentially; use independent-resample intervals
35,funnel,2,monolithic,monolithic,0,256,4,2,0.5449751392006874,0.5449751392006874,repeat indices align samples but methods were timed sequentially; use independent-resample intervals
35,funnel,2,monolithic,monolithic,0,256,4,3,0.5348834097385406,0.5348834097385406,repeat indices align samples but methods were timed sequentially; use independent-resample intervals
35,funnel,2,monolithic,monolithic,0,256,4,4,0.5542030185461044,0.5542030185461044,repeat indices align samples but methods were timed sequentially; use independent-resample intervals
35,funnel,2,monolithic,monolithic,0,256,4,5,0.5357250720262527,0.5357250720262527,repeat indices align samples but methods were timed sequentially; use independent-resample intervals
35,funnel,2,monolithic,monolithic,0,256,4,6,0.5687888115644455,0.5687888115644455,repeat indices align samples but methods were timed sequentially; use independent-resample intervals
35,funnel,2,monolithic,monolithic,0,256,4,7,0.5361583456397057,0.5361583456397057,repeat indices align samples but methods were timed sequentially; use independent-resample intervals
35,funnel,2,monolithic,monolithic,0,256,4,8,0.6506636664271355,0.6506636664271355,repeat indices align samples but methods were timed sequentially; use independent-resample intervals
35,funnel,2,monolithic,monolithic,0,256,4,9,0.5692914873361588,0.5692914873361588,repeat indices align samples but methods were timed sequentially; use independent-resample intervals
35,funnel,2,monolithic,monolithic,0,256,4,10,0.5968044996261597,0.5968044996261597,repeat indices align samples but methods were timed sequentially; use independent-resample intervals
35,funnel,2,monolithic,monolithic,0,256,4,11,0.5699571967124939,0.5699571967124939,repeat indices align samples but methods were timed sequentially; use independent-resample intervals
35,funnel,2,monolithic,monolithic,0,256,4,12,0.5451908484101295,0.5451908484101295,repeat indices align samples but methods were timed sequentially; use independent-resample intervals
35,funnel,2,monolithic,monolithic,0,256,4,13,0.5844397246837616,0.5844397246837616,repeat indices align samples but methods were timed sequentially; use independent-resample intervals
35,funnel,2,monolithic,monolithic,0,256,4,14,0.5914554297924042,0.5914554297924042,repeat indices align samples but methods were timed sequentially; use independent-resample intervals
35,funnel,2,monolithic,monolithic,0,256,4,15,0.6481993943452835,0.6481993943452835,repeat indices align samples but methods were timed sequentially; use independent-resample intervals
35,funnel,2,monolithic,monolithic,0,256,4,16,0.6899870857596397,0.6899870857596397,repeat indices align samples but methods were timed sequentially; use independent-resample intervals
35,funnel,2,monolithic,monolithic,0,256,4,17,0.5669404342770576,0.5669404342770576,repeat indices align samples but methods were timed sequentially; use independent-resample intervals
35,funnel,2,monolithic,monolithic,0,256,4,18,0.7153100147843361,0.7153100147843361,repeat indices align samples but methods were timed sequentially; use independent-resample intervals
35,funnel,2,monolithic,monolithic,0,256,4,19,0.5832003206014633,0.5832003206014633,repeat indices align samples but methods were timed sequentially; use independent-resample intervals
35,funnel,2,monolithic,monolithic,0,256,4,20,0.5537180006504059,0.5537180006504059,repeat indices align samples but methods were timed sequentially; use independent-resample intervals
35,funnel,2,monolithic,monolithic,0,256,4,21,0.6230665221810341,0.6230665221810341,repeat indices align samples but methods were timed sequentially; use independent-resample intervals
35,funnel,2,monolithic,monolithic,0,256,4,22,0.5577548146247864,0.5577548146247864,repeat indices align samples but methods were timed sequentially; use independent-resample intervals
35,funnel,2,monolithic,monolithic,0,256,4,23,0.5509345754981041,0.5509345754981041,repeat indices align samples but methods were timed sequentially; use independent-resample intervals
35,funnel,2,monolithic,monolithic,0,256,4,24,0.5515242367982864,0.5515242367982864,repeat indices align samples but methods were timed sequentially; use independent-resample intervals
35,funnel,2,monolithic,monolithic,0,256,4,25,0.6039264649152756,0.6039264649152756,repeat indices align samples but methods were timed sequentially; use independent-resample intervals
35,funnel,2,monolithic,monolithic,0,256,4,26,0.5797350406646729,0.5797350406646729,repeat indices align samples but methods were timed sequentially; use independent-resample intervals
35,funnel,2,monolithic,monolithic,0,256,4,27,0.600439690053463,0.600439690053463,repeat indices align samples but methods were timed sequentially; use independent-resample intervals
35,funnel,2,monolithic,monolithic,0,256,4,28,0.5988921299576759,0.5988921299576759,repeat indices align samples but methods were timed sequentially; use independent-resample intervals
35,funnel,2,monolithic,monolithic,0,256,4,29,0.5475827902555466,0.5475827902555466,repeat indices align samples but methods were timed sequentially; use independent-resample intervals
36,funnel,2,bucketed,history,64,256,4,0,0.6317301765084267,0.6413929313421249,repeat indices align samples but methods were timed sequentially; use independent-resample intervals
36,funnel,2,bucketed,history,64,256,4,1,0.6379604786634445,0.5932849869132042,repeat indices align samples but methods were timed sequentially; use independent-resample intervals
36,funnel,2,bucketed,history,64,256,4,2,0.6803729385137558,0.5449751392006874,repeat indices align samples but methods were timed sequentially; use independent-resample intervals
36,funnel,2,bucketed,history,64,256,4,3,0.6962831541895866,0.5348834097385406,repeat indices align samples but methods were timed sequentially; use independent-resample intervals
36,funnel,2,bucketed,history,64,256,4,4,0.6996117010712624,0.5542030185461044,repeat indices align samples but methods were timed sequentially; use independent-resample intervals
36,funnel,2,bucketed,history,64,256,4,5,0.7795513272285461,0.5357250720262527,repeat indices align samples but methods were timed sequentially; use independent-resample intervals
36,funnel,2,bucketed,history,64,256,4,6,0.772467166185379,0.5687888115644455,repeat indices align samples but methods were timed sequentially; use independent-resample intervals
36,funnel,2,bucketed,history,64,256,4,7,0.7748760730028152,0.5361583456397057,repeat indices align samples but methods were timed sequentially; use independent-resample intervals
36,funnel,2,bucketed,history,64,256,4,8,0.704501710832119,0.6506636664271355,repeat indices align samples but methods were timed sequentially; use independent-resample intervals
36,funnel,2,bucketed,history,64,256,4,9,0.7367711067199707,0.5692914873361588,repeat indices align samples but methods were timed sequentially; use independent-resample intervals
36,funnel,2,bucketed,history,64,256,4,10,0.8510188609361649,0.5968044996261597,repeat indices align samples but methods were timed sequentially; use independent-resample intervals
36,funnel,2,bucketed,history,64,256,4,11,0.7325339019298553,0.5699571967124939,repeat indices align samples but methods were timed sequentially; use independent-resample intervals
36,funnel,2,bucketed,history,64,256,4,12,0.7248746901750565,0.5451908484101295,repeat indices align samples but methods were timed sequentially; use independent-resample intervals
36,funnel,2,bucketed,history,64,256,4,13,0.6907016113400459,0.5844397246837616,repeat indices align samples but methods were timed sequentially; use independent-resample intervals
36,funnel,2,bucketed,history,64,256,4,14,0.7155453115701675,0.5914554297924042,repeat indices align samples but methods were timed sequentially; use independent-resample intervals
36,funnel,2,bucketed,history,64,256,4,15,0.7604456394910812,0.6481993943452835,repeat indices align samples but methods were timed sequentially; use independent-resample intervals
36,funnel,2,bucketed,history,64,256,4,16,0.7563138827681541,0.6899870857596397,repeat indices align samples but methods were timed sequentially; use independent-resample intervals
36,funnel,2,bucketed,history,64,256,4,17,0.6823905259370804,0.5669404342770576,repeat indices align samples but methods were timed sequentially; use independent-resample intervals
36,funnel,2,bucketed,history,64,256,4,18,0.7243514508008957,0.7153100147843361,repeat indices align samples but methods were timed sequentially; use independent-resample intervals
36,funnel,2,bucketed,history,64,256,4,19,0.7763281092047691,0.5832003206014633,repeat indices align samples but methods were timed sequentially; use independent-resample intervals
36,funnel,2,bucketed,history,64,256,4,20,0.6771338731050491,0.5537180006504059,repeat indices align samples but methods were timed sequentially; use independent-resample intervals
36,funnel,2,bucketed,history,64,256,4,21,0.6678099036216736,0.6230665221810341,repeat indices align samples but methods were timed sequentially; use independent-resample intervals
36,funnel,2,bucketed,history,64,256,4,22,0.6626227349042892,0.5577548146247864,repeat indices align samples but methods were timed sequentially; use independent-resample intervals
36,funnel,2,bucketed,history,64,256,4,23,0.6881957352161407,0.5509345754981041,repeat indices align samples but methods were timed sequentially; use independent-resample intervals
36,funnel,2,bucketed,history,64,256,4,24,0.7568625435233116,0.5515242367982864,repeat indices align samples but methods were timed sequentially; use independent-resample intervals
36,funnel,2,bucketed,history,64,256,4,25,0.7129871547222137,0.6039264649152756,repeat indices align samples but methods were timed sequentially; use independent-resample intervals
36,funnel,2,bucketed,history,64,256,4,26,0.6679933443665504,0.5797350406646729,repeat indices align samples but methods were timed sequentially; use independent-resample intervals
36,funnel,2,bucketed,history,64,256,4,27,0.6519078463315964,0.600439690053463,repeat indices align samples but methods were timed sequentially; use independent-resample intervals
36,funnel,2,bucketed,history,64,256,4,28,0.6670398190617561,0.5988921299576759,repeat indices align samples but methods were timed sequentially; use independent-resample intervals
36,funnel,2,bucketed,history,64,256,4,29,0.7195784226059914,0.5475827902555466,repeat indices align samples but methods were timed sequentially; use independent-resample intervals
37,funnel,2,bucketed,history,128,256,4,0,0.6999925971031189,0.6413929313421249,repeat indices align samples but methods were timed sequentially; use independent-resample intervals
37,funnel,2,bucketed,history,128,256,4,1,0.6047957241535187,0.5932849869132042,repeat indices align samples but methods were timed sequentially; use independent-resample intervals
37,funnel,2,bucketed,history,128,256,4,2,0.722431056201458,0.5449751392006874,repeat indices align samples but methods were timed sequentially; use independent-resample intervals
37,funnel,2,bucketed,history,128,256,4,3,0.7957955226302147,0.5348834097385406,repeat indices align samples but methods were timed sequentially; use independent-resample intervals
37,funnel,2,bucketed,history,128,256,4,4,0.6377108693122864,0.5542030185461044,repeat indices align samples but methods were timed sequentially; use independent-resample intervals
37,funnel,2,bucketed,history,128,256,4,5,0.611167348921299,0.5357250720262527,repeat indices align samples but methods were timed sequentially; use independent-resample intervals
37,funnel,2,bucketed,history,128,256,4,6,0.5833862200379372,0.5687888115644455,repeat indices align samples but methods were timed sequentially; use independent-resample intervals
37,funnel,2,bucketed,history,128,256,4,7,0.6031187772750854,0.5361583456397057,repeat indices align samples but methods were timed sequentially; use independent-resample intervals
37,funnel,2,bucketed,history,128,256,4,8,0.661650262773037,0.6506636664271355,repeat indices align samples but methods were timed sequentially; use independent-resample intervals
37,funnel,2,bucketed,history,128,256,4,9,0.6733559966087341,0.5692914873361588,repeat indices align samples but methods were timed sequentially; use independent-resample intervals
37,funnel,2,bucketed,history,128,256,4,10,0.6096297949552536,0.5968044996261597,repeat indices align samples but methods were timed sequentially; use independent-resample intervals
37,funnel,2,bucketed,history,128,256,4,11,0.6097898930311203,0.5699571967124939,repeat indices align samples but methods were timed sequentially; use independent-resample intervals
37,funnel,2,bucketed,history,128,256,4,12,0.6452210694551468,0.5451908484101295,repeat indices align samples but methods were timed sequentially; use independent-resample intervals
37,funnel,2,bucketed,history,128,256,4,13,0.5705424398183823,0.5844397246837616,repeat indices align samples but methods were timed sequentially; use independent-resample intervals
37,funnel,2,bucketed,history,128,256,4,14,0.5957331284880638,0.5914554297924042,repeat indices align samples but methods were timed sequentially; use independent-resample intervals
37,funnel,2,bucketed,history,128,256,4,15,0.6494217365980148,0.6481993943452835,repeat indices align samples but methods were timed sequentially; use independent-resample intervals
37,funnel,2,bucketed,history,128,256,4,16,0.6259170919656754,0.6899870857596397,repeat indices align samples but methods were timed sequentially; use independent-resample intervals
37,funnel,2,bucketed,history,128,256,4,17,0.6885317489504814,0.5669404342770576,repeat indices align samples but methods were timed sequentially; use independent-resample intervals
37,funnel,2,bucketed,history,128,256,4,18,0.6721931025385857,0.7153100147843361,repeat indices align samples but methods were timed sequentially; use independent-resample intervals
37,funnel,2,bucketed,history,128,256,4,19,0.5936931520700455,0.5832003206014633,repeat indices align samples but methods were timed sequentially; use independent-resample intervals
37,funnel,2,bucketed,history,128,256,4,20,0.6679169610142708,0.5537180006504059,repeat indices align samples but methods were timed sequentially; use independent-resample intervals
37,funnel,2,bucketed,history,128,256,4,21,0.6402380391955376,0.6230665221810341,repeat indices align samples but methods were timed sequentially; use independent-resample intervals
37,funnel,2,bucketed,history,128,256,4,22,0.6160783171653748,0.5577548146247864,repeat indices align samples but methods were timed sequentially; use independent-resample intervals
37,funnel,2,bucketed,history,128,256,4,23,0.6726608648896217,0.5509345754981041,repeat indices align samples but methods were timed sequentially; use independent-resample intervals
37,funnel,2,bucketed,history,128,256,4,24,0.6638925224542618,0.5515242367982864,repeat indices align samples but methods were timed sequentially; use independent-resample intervals
37,funnel,2,bucketed,history,128,256,4,25,0.6684813946485519,0.6039264649152756,repeat indices align samples but methods were timed sequentially; use independent-resample intervals
37,funnel,2,bucketed,history,128,256,4,26,0.6389511376619339,0.5797350406646729,repeat indices align samples but methods were timed sequentially; use independent-resample intervals
37,funnel,2,bucketed,history,128,256,4,27,0.6206488534808159,0.600439690053463,repeat indices align samples but methods were timed sequentially; use independent-resample intervals
37,funnel,2,bucketed,history,128,256,4,28,0.5905455052852631,0.5988921299576759,repeat indices align samples but methods were timed sequentially; use independent-resample intervals
37,funnel,2,bucketed,history,128,256,4,29,0.6305657848715782,0.5475827902555466,repeat indices align samples but methods were timed sequentially; use independent-resample intervals
38,funnel,2,bucketed,last_depth,64,256,4,0,0.7074162811040878,0.6413929313421249,repeat indices align samples but methods were timed sequentially; use independent-resample intervals
38,funnel,2,bucketed,last_depth,64,256,4,1,0.7634706869721413,0.5932849869132042,repeat indices align samples but methods were timed sequentially; use independent-resample intervals
38,funnel,2,bucketed,last_depth,64,256,4,2,0.7790560573339462,0.5449751392006874,repeat indices align samples but methods were timed sequentially; use independent-resample intervals
38,funnel,2,bucketed,last_depth,64,256,4,3,0.7978042811155319,0.5348834097385406,repeat indices align samples but methods were timed sequentially; use independent-resample intervals
38,funnel,2,bucketed,last_depth,64,256,4,4,0.7613132819533348,0.5542030185461044,repeat indices align samples but methods were timed sequentially; use independent-resample intervals
38,funnel,2,bucketed,last_depth,64,256,4,5,0.708836056292057,0.5357250720262527,repeat indices align samples but methods were timed sequentially; use independent-resample intervals
38,funnel,2,bucketed,last_depth,64,256,4,6,0.7085895761847496,0.5687888115644455,repeat indices align samples but methods were timed sequentially; use independent-resample intervals
38,funnel,2,bucketed,last_depth,64,256,4,7,0.7507944777607918,0.5361583456397057,repeat indices align samples but methods were timed sequentially; use independent-resample intervals
38,funnel,2,bucketed,last_depth,64,256,4,8,0.6884257346391678,0.6506636664271355,repeat indices align samples but methods were timed sequentially; use independent-resample intervals
38,funnel,2,bucketed,last_depth,64,256,4,9,0.7404706254601479,0.5692914873361588,repeat indices align samples but methods were timed sequentially; use independent-resample intervals
38,funnel,2,bucketed,last_depth,64,256,4,10,0.7644675150513649,0.5968044996261597,repeat indices align samples but methods were timed sequentially; use independent-resample intervals
38,funnel,2,bucketed,last_depth,64,256,4,11,0.7525349855422974,0.5699571967124939,repeat indices align samples but methods were timed sequentially; use independent-resample intervals
38,funnel,2,bucketed,last_depth,64,256,4,12,0.7069506347179413,0.5451908484101295,repeat indices align samples but methods were timed sequentially; use independent-resample intervals
38,funnel,2,bucketed,last_depth,64,256,4,13,0.790426142513752,0.5844397246837616,repeat indices align samples but methods were timed sequentially; use independent-resample intervals
38,funnel,2,bucketed,last_depth,64,256,4,14,0.8060574308037758,0.5914554297924042,repeat indices align samples but methods were timed sequentially; use independent-resample intervals
38,funnel,2,bucketed,last_depth,64,256,4,15,0.812081903219223,0.6481993943452835,repeat indices align samples but methods were timed sequentially; use independent-resample intervals
38,funnel,2,bucketed,last_depth,64,256,4,16,0.7480626031756401,0.6899870857596397,repeat indices align samples but methods were timed sequentially; use independent-resample intervals
38,funnel,2,bucketed,last_depth,64,256,4,17,0.7637458220124245,0.5669404342770576,repeat indices align samples but methods were timed sequentially; use independent-resample intervals
38,funnel,2,bucketed,last_depth,64,256,4,18,0.7348179072141647,0.7153100147843361,repeat indices align samples but methods were timed sequentially; use independent-resample intervals
38,funnel,2,bucketed,last_depth,64,256,4,19,0.776267945766449,0.5832003206014633,repeat indices align samples but methods were timed sequentially; use independent-resample intervals
38,funnel,2,bucketed,last_depth,64,256,4,20,0.7572951093316078,0.5537180006504059,repeat indices align samples but methods were timed sequentially; use independent-resample intervals
38,funnel,2,bucketed,last_depth,64,256,4,21,0.7720558568835258,0.6230665221810341,repeat indices align samples but methods were timed sequentially; use independent-resample intervals
38,funnel,2,bucketed,last_depth,64,256,4,22,0.7772695198655128,0.5577548146247864,repeat indices align samples but methods were timed sequentially; use independent-resample intervals
38,funnel,2,bucketed,last_depth,64,256,4,23,0.8263255208730698,0.5509345754981041,repeat indices align samples but methods were timed sequentially; use independent-resample intervals
38,funnel,2,bucketed,last_depth,64,256,4,24,0.8710146248340607,0.5515242367982864,repeat indices align samples but methods were timed sequentially; use independent-resample intervals
38,funnel,2,bucketed,last_depth,64,256,4,25,0.8425780683755875,0.6039264649152756,repeat indices align samples but methods were timed sequentially; use independent-resample intervals
38,funnel,2,bucketed,last_depth,64,256,4,26,0.7937841340899467,0.5797350406646729,repeat indices align samples but methods were timed sequentially; use independent-resample intervals
38,funnel,2,bucketed,last_depth,64,256,4,27,0.8716064840555191,0.600439690053463,repeat indices align samples but methods were timed sequentially; use independent-resample intervals
38,funnel,2,bucketed,last_depth,64,256,4,28,0.834149070084095,0.5988921299576759,repeat indices align samples but methods were timed sequentially; use independent-resample intervals
38,funnel,2,bucketed,last_depth,64,256,4,29,0.8325419500470161,0.5475827902555466,repeat indices align samples but methods were timed sequentially; use independent-resample intervals
39,funnel,2,bucketed,last_depth,128,256,4,0,0.7125362977385521,0.6413929313421249,repeat indices align samples but methods were timed sequentially; use independent-resample intervals
39,funnel,2,bucketed,last_depth,128,256,4,1,0.7604582905769348,0.5932849869132042,repeat indices align samples but methods were timed sequentially; use independent-resample intervals
39,funnel,2,bucketed,last_depth,128,256,4,2,0.6406404823064804,0.5449751392006874,repeat indices align samples but methods were timed sequentially; use independent-resample intervals
39,funnel,2,bucketed,last_depth,128,256,4,3,0.6502325013279915,0.5348834097385406,repeat indices align samples but methods were timed sequentially; use independent-resample intervals
39,funnel,2,bucketed,last_depth,128,256,4,4,0.7581776008009911,0.5542030185461044,repeat indices align samples but methods were timed sequentially; use independent-resample intervals
39,funnel,2,bucketed,last_depth,128,256,4,5,0.6609257608652115,0.5357250720262527,repeat indices align samples but methods were timed sequentially; use independent-resample intervals
39,funnel,2,bucketed,last_depth,128,256,4,6,0.7862488329410553,0.5687888115644455,repeat indices align samples but methods were timed sequentially; use independent-resample intervals
39,funnel,2,bucketed,last_depth,128,256,4,7,0.8084670826792717,0.5361583456397057,repeat indices align samples but methods were timed sequentially; use independent-resample intervals
39,funnel,2,bucketed,last_depth,128,256,4,8,0.6913473010063171,0.6506636664271355,repeat indices align samples but methods were timed sequentially; use independent-resample intervals
39,funnel,2,bucketed,last_depth,128,256,4,9,0.6831352412700653,0.5692914873361588,repeat indices align samples but methods were timed sequentially; use independent-resample intervals
39,funnel,2,bucketed,last_depth,128,256,4,10,0.6932569742202759,0.5968044996261597,repeat indices align samples but methods were timed sequentially; use independent-resample intervals
39,funnel,2,bucketed,last_depth,128,256,4,11,0.7855094820261002,0.5699571967124939,repeat indices align samples but methods were timed sequentially; use independent-resample intervals
39,funnel,2,bucketed,last_depth,128,256,4,12,0.8479838222265244,0.5451908484101295,repeat indices align samples but methods were timed sequentially; use independent-resample intervals
39,funnel,2,bucketed,last_depth,128,256,4,13,0.8552195578813553,0.5844397246837616,repeat indices align samples but methods were timed sequentially; use independent-resample intervals
39,funnel,2,bucketed,last_depth,128,256,4,14,0.746214859187603,0.5914554297924042,repeat indices align samples but methods were timed sequentially; use independent-resample intervals
39,funnel,2,bucketed,last_depth,128,256,4,15,0.7011285200715065,0.6481993943452835,repeat indices align samples but methods were timed sequentially; use independent-resample intervals
39,funnel,2,bucketed,last_depth,128,256,4,16,0.7604390755295753,0.6899870857596397,repeat indices align samples but methods were timed sequentially; use independent-resample intervals
39,funnel,2,bucketed,last_depth,128,256,4,17,0.738461397588253,0.5669404342770576,repeat indices align samples but methods were timed sequentially; use independent-resample intervals
39,funnel,2,bucketed,last_depth,128,256,4,18,0.7283092141151428,0.7153100147843361,repeat indices align samples but methods were timed sequentially; use independent-resample intervals
39,funnel,2,bucketed,last_depth,128,256,4,19,0.745999664068222,0.5832003206014633,repeat indices align samples but methods were timed sequentially; use independent-resample intervals
39,funnel,2,bucketed,last_depth,128,256,4,20,0.6747522205114365,0.5537180006504059,repeat indices align samples but methods were timed sequentially; use independent-resample intervals
39,funnel,2,bucketed,last_depth,128,256,4,21,0.653682254254818,0.6230665221810341,repeat indices align samples but methods were timed sequentially; use independent-resample intervals
39,funnel,2,bucketed,last_depth,128,256,4,22,0.7283588871359825,0.5577548146247864,repeat indices align samples but methods were timed sequentially; use independent-resample intervals
39,funnel,2,bucketed,last_depth,128,256,4,23,0.6885792016983032,0.5509345754981041,repeat indices align samples but methods were timed sequentially; use independent-resample intervals
39,funnel,2,bucketed,last_depth,128,256,4,24,0.6721139550209045,0.5515242367982864,repeat indices align samples but methods were timed sequentially; use independent-resample intervals
39,funnel,2,bucketed,last_depth,128,256,4,25,0.7504141107201576,0.6039264649152756,repeat indices align samples but methods were timed sequentially; use independent-resample intervals
39,funnel,2,bucketed,last_depth,128,256,4,26,0.709650918841362,0.5797350406646729,repeat indices align samples but methods were timed sequentially; use independent-resample intervals
39,funnel,2,bucketed,last_depth,128,256,4,27,0.6575676426291466,0.600439690053463,repeat indices align samples but methods were timed sequentially; use independent-resample intervals
39,funnel,2,bucketed,last_depth,128,256,4,28,0.690325990319252,0.5988921299576759,repeat indices align samples but methods were timed sequentially; use independent-resample intervals
39,funnel,2,bucketed,last_depth,128,256,4,29,0.7011535316705704,0.5475827902555466,repeat indices align samples but methods were timed sequentially; use independent-resample intervals
40,funnel,3,monolithic,monolithic,0,256,4,0,0.4834119901061058,0.4834119901061058,repeat indices align samples but methods were timed sequentially; use independent-resample intervals
40,funnel,3,monolithic,monolithic,0,256,4,1,0.48827507346868515,0.48827507346868515,repeat indices align samples but methods were timed sequentially; use independent-resample intervals
40,funnel,3,monolithic,monolithic,0,256,4,2,0.4678996205329895,0.4678996205329895,repeat indices align samples but methods were timed sequentially; use independent-resample intervals
40,funnel,3,monolithic,monolithic,0,256,4,3,0.4749519005417824,0.4749519005417824,repeat indices align samples but methods were timed sequentially; use independent-resample intervals
40,funnel,3,monolithic,monolithic,0,256,4,4,0.4655091091990471,0.4655091091990471,repeat indices align samples but methods were timed sequentially; use independent-resample intervals
40,funnel,3,monolithic,monolithic,0,256,4,5,0.4573896825313568,0.4573896825313568,repeat indices align samples but methods were timed sequentially; use independent-resample intervals
40,funnel,3,monolithic,monolithic,0,256,4,6,0.4521194249391556,0.4521194249391556,repeat indices align samples but methods were timed sequentially; use independent-resample intervals
40,funnel,3,monolithic,monolithic,0,256,4,7,0.48751143366098404,0.48751143366098404,repeat indices align samples but methods were timed sequentially; use independent-resample intervals
40,funnel,3,monolithic,monolithic,0,256,4,8,0.44623249024152756,0.44623249024152756,repeat indices align samples but methods were timed sequentially; use independent-resample intervals
40,funnel,3,monolithic,monolithic,0,256,4,9,0.4481295198202133,0.4481295198202133,repeat indices align samples but methods were timed sequentially; use independent-resample intervals
40,funnel,3,monolithic,monolithic,0,256,4,10,0.47592590749263763,0.47592590749263763,repeat indices align samples but methods were timed sequentially; use independent-resample intervals
40,funnel,3,monolithic,monolithic,0,256,4,11,0.4654642418026924,0.4654642418026924,repeat indices align samples but methods were timed sequentially; use independent-resample intervals
40,funnel,3,monolithic,monolithic,0,256,4,12,0.44379908591508865,0.44379908591508865,repeat indices align samples but methods were timed sequentially; use independent-resample intervals
40,funnel,3,monolithic,monolithic,0,256,4,13,0.5041298195719719,0.5041298195719719,repeat indices align samples but methods were timed sequentially; use independent-resample intervals
40,funnel,3,monolithic,monolithic,0,256,4,14,0.5010705590248108,0.5010705590248108,repeat indices align samples but methods were timed sequentially; use independent-resample intervals
40,funnel,3,monolithic,monolithic,0,256,4,15,0.5445024818181992,0.5445024818181992,repeat indices align samples but methods were timed sequentially; use independent-resample intervals
40,funnel,3,monolithic,monolithic,0,256,4,16,0.49096210300922394,0.49096210300922394,repeat indices align samples but methods were timed sequentially; use independent-resample intervals
40,funnel,3,monolithic,monolithic,0,256,4,17,0.4883390814065933,0.4883390814065933,repeat indices align samples but methods were timed sequentially; use independent-resample intervals
40,funnel,3,monolithic,monolithic,0,256,4,18,0.533699557185173,0.533699557185173,repeat indices align samples but methods were timed sequentially; use independent-resample intervals
40,funnel,3,monolithic,monolithic,0,256,4,19,0.5406026616692543,0.5406026616692543,repeat indices align samples but methods were timed sequentially; use independent-resample intervals
40,funnel,3,monolithic,monolithic,0,256,4,20,0.46048504114151,0.46048504114151,repeat indices align samples but methods were timed sequentially; use independent-resample intervals
40,funnel,3,monolithic,monolithic,0,256,4,21,0.45731211453676224,0.45731211453676224,repeat indices align samples but methods were timed sequentially; use independent-resample intervals
40,funnel,3,monolithic,monolithic,0,256,4,22,0.4515131935477257,0.4515131935477257,repeat indices align samples but methods were timed sequentially; use independent-resample intervals
40,funnel,3,monolithic,monolithic,0,256,4,23,0.47858603298664093,0.47858603298664093,repeat indices align samples but methods were timed sequentially; use independent-resample intervals
40,funnel,3,monolithic,monolithic,0,256,4,24,0.4964258074760437,0.4964258074760437,repeat indices align samples but methods were timed sequentially; use independent-resample intervals
40,funnel,3,monolithic,monolithic,0,256,4,25,0.46589892357587814,0.46589892357587814,repeat indices align samples but methods were timed sequentially; use independent-resample intervals
40,funnel,3,monolithic,monolithic,0,256,4,26,0.4990623965859413,0.4990623965859413,repeat indices align samples but methods were timed sequentially; use independent-resample intervals
40,funnel,3,monolithic,monolithic,0,256,4,27,0.4374798387289047,0.4374798387289047,repeat indices align samples but methods were timed sequentially; use independent-resample intervals
40,funnel,3,monolithic,monolithic,0,256,4,28,0.5007116422057152,0.5007116422057152,repeat indices align samples but methods were timed sequentially; use independent-resample intervals
40,funnel,3,monolithic,monolithic,0,256,4,29,0.5011608973145485,0.5011608973145485,repeat indices align samples but methods were timed sequentially; use independent-resample intervals
41,funnel,3,bucketed,history,64,256,4,0,0.6165889427065849,0.4834119901061058,repeat indices align samples but methods were timed sequentially; use independent-resample intervals
41,funnel,3,bucketed,history,64,256,4,1,0.6546415314078331,0.48827507346868515,repeat indices align samples but methods were timed sequentially; use independent-resample intervals
41,funnel,3,bucketed,history,64,256,4,2,0.6943170800805092,0.4678996205329895,repeat indices align samples but methods were timed sequentially; use independent-resample intervals
41,funnel,3,bucketed,history,64,256,4,3,0.6677291542291641,0.4749519005417824,repeat indices align samples but methods were timed sequentially; use independent-resample intervals
41,funnel,3,bucketed,history,64,256,4,4,0.7266303449869156,0.4655091091990471,repeat indices align samples but methods were timed sequentially; use independent-resample intervals
41,funnel,3,bucketed,history,64,256,4,5,0.6364250779151917,0.4573896825313568,repeat indices align samples but methods were timed sequentially; use independent-resample intervals
41,funnel,3,bucketed,history,64,256,4,6,0.6661462932825089,0.4521194249391556,repeat indices align samples but methods were timed sequentially; use independent-resample intervals
41,funnel,3,bucketed,history,64,256,4,7,0.7058247476816177,0.48751143366098404,repeat indices align samples but methods were timed sequentially; use independent-resample intervals
41,funnel,3,bucketed,history,64,256,4,8,0.733541414141655,0.44623249024152756,repeat indices align samples but methods were timed sequentially; use independent-resample intervals
41,funnel,3,bucketed,history,64,256,4,9,0.6862408295273781,0.4481295198202133,repeat indices align samples but methods were timed sequentially; use independent-resample intervals
41,funnel,3,bucketed,history,64,256,4,10,0.7371519058942795,0.47592590749263763,repeat indices align samples but methods were timed sequentially; use independent-resample intervals
41,funnel,3,bucketed,history,64,256,4,11,0.7384968847036362,0.4654642418026924,repeat indices align samples but methods were timed sequentially; use independent-resample intervals
41,funnel,3,bucketed,history,64,256,4,12,0.7302880957722664,0.44379908591508865,repeat indices align samples but methods were timed sequentially; use independent-resample intervals
41,funnel,3,bucketed,history,64,256,4,13,0.6815162971615791,0.5041298195719719,repeat indices align samples but methods were timed sequentially; use independent-resample intervals
41,funnel,3,bucketed,history,64,256,4,14,0.6327951103448868,0.5010705590248108,repeat indices align samples but methods were timed sequentially; use independent-resample intervals
41,funnel,3,bucketed,history,64,256,4,15,0.6451057717204094,0.5445024818181992,repeat indices align samples but methods were timed sequentially; use independent-resample intervals
41,funnel,3,bucketed,history,64,256,4,16,0.6605086177587509,0.49096210300922394,repeat indices align samples but methods were timed sequentially; use independent-resample intervals
41,funnel,3,bucketed,history,64,256,4,17,0.6744421869516373,0.4883390814065933,repeat indices align samples but methods were timed sequentially; use independent-resample intervals
41,funnel,3,bucketed,history,64,256,4,18,0.69831632822752,0.533699557185173,repeat indices align samples but methods were timed sequentially; use independent-resample intervals
41,funnel,3,bucketed,history,64,256,4,19,0.6307266801595688,0.5406026616692543,repeat indices align samples but methods were timed sequentially; use independent-resample intervals
41,funnel,3,bucketed,history,64,256,4,20,0.5892922803759575,0.46048504114151,repeat indices align samples but methods were timed sequentially; use independent-resample intervals
41,funnel,3,bucketed,history,64,256,4,21,0.5596238449215889,0.45731211453676224,repeat indices align samples but methods were timed sequentially; use independent-resample intervals
41,funnel,3,bucketed,history,64,256,4,22,0.6601164862513542,0.4515131935477257,repeat indices align samples but methods were timed sequentially; use independent-resample intervals
41,funnel,3,bucketed,history,64,256,4,23,0.6300268173217773,0.47858603298664093,repeat indices align samples but methods were timed sequentially; use independent-resample intervals
41,funnel,3,bucketed,history,64,256,4,24,0.6402890682220459,0.4964258074760437,repeat indices align samples but methods were timed sequentially; use independent-resample intervals
41,funnel,3,bucketed,history,64,256,4,25,0.6286697760224342,0.46589892357587814,repeat indices align samples but methods were timed sequentially; use independent-resample intervals
41,funnel,3,bucketed,history,64,256,4,26,0.6186656057834625,0.4990623965859413,repeat indices align samples but methods were timed sequentially; use independent-resample intervals
41,funnel,3,bucketed,history,64,256,4,27,0.6868119314312935,0.4374798387289047,repeat indices align samples but methods were timed sequentially; use independent-resample intervals
41,funnel,3,bucketed,history,64,256,4,28,0.6749926134943962,0.5007116422057152,repeat indices align samples but methods were timed sequentially; use independent-resample intervals
41,funnel,3,bucketed,history,64,256,4,29,0.6428658217191696,0.5011608973145485,repeat indices align samples but methods were timed sequentially; use independent-resample intervals
42,funnel,3,bucketed,history,128,256,4,0,0.723087452352047,0.4834119901061058,repeat indices align samples but methods were timed sequentially; use independent-resample intervals
42,funnel,3,bucketed,history,128,256,4,1,0.5661918297410011,0.48827507346868515,repeat indices align samples but methods were timed sequentially; use independent-resample intervals
42,funnel,3,bucketed,history,128,256,4,2,0.555448405444622,0.4678996205329895,repeat indices align samples but methods were timed sequentially; use independent-resample intervals
42,funnel,3,bucketed,history,128,256,4,3,0.5831060260534286,0.4749519005417824,repeat indices align samples but methods were timed sequentially; use independent-resample intervals
42,funnel,3,bucketed,history,128,256,4,4,0.6421274617314339,0.4655091091990471,repeat indices align samples but methods were timed sequentially; use independent-resample intervals
42,funnel,3,bucketed,history,128,256,4,5,0.6000074446201324,0.4573896825313568,repeat indices align samples but methods were timed sequentially; use independent-resample intervals
42,funnel,3,bucketed,history,128,256,4,6,0.6001958772540092,0.4521194249391556,repeat indices align samples but methods were timed sequentially; use independent-resample intervals
42,funnel,3,bucketed,history,128,256,4,7,0.6135071143507957,0.48751143366098404,repeat indices align samples but methods were timed sequentially; use independent-resample intervals
42,funnel,3,bucketed,history,128,256,4,8,0.580461673438549,0.44623249024152756,repeat indices align samples but methods were timed sequentially; use independent-resample intervals
42,funnel,3,bucketed,history,128,256,4,9,0.6275387108325958,0.4481295198202133,repeat indices align samples but methods were timed sequentially; use independent-resample intervals
42,funnel,3,bucketed,history,128,256,4,10,0.5644119754433632,0.47592590749263763,repeat indices align samples but methods were timed sequentially; use independent-resample intervals
42,funnel,3,bucketed,history,128,256,4,11,0.5671831667423248,0.4654642418026924,repeat indices align samples but methods were timed sequentially; use independent-resample intervals
42,funnel,3,bucketed,history,128,256,4,12,0.6142852455377579,0.44379908591508865,repeat indices align samples but methods were timed sequentially; use independent-resample intervals
42,funnel,3,bucketed,history,128,256,4,13,0.6098684668540955,0.5041298195719719,repeat indices align samples but methods were timed sequentially; use independent-resample intervals
42,funnel,3,bucketed,history,128,256,4,14,0.5269017666578293,0.5010705590248108,repeat indices align samples but methods were timed sequentially; use independent-resample intervals
42,funnel,3,bucketed,history,128,256,4,15,0.5502768978476524,0.5445024818181992,repeat indices align samples but methods were timed sequentially; use independent-resample intervals
42,funnel,3,bucketed,history,128,256,4,16,0.5564327612519264,0.49096210300922394,repeat indices align samples but methods were timed sequentially; use independent-resample intervals
42,funnel,3,bucketed,history,128,256,4,17,0.6698955968022346,0.4883390814065933,repeat indices align samples but methods were timed sequentially; use independent-resample intervals
42,funnel,3,bucketed,history,128,256,4,18,0.6094248294830322,0.533699557185173,repeat indices align samples but methods were timed sequentially; use independent-resample intervals
42,funnel,3,bucketed,history,128,256,4,19,0.5656504780054092,0.5406026616692543,repeat indices align samples but methods were timed sequentially; use independent-resample intervals
42,funnel,3,bucketed,history,128,256,4,20,0.6860684156417847,0.46048504114151,repeat indices align samples but methods were timed sequentially; use independent-resample intervals
42,funnel,3,bucketed,history,128,256,4,21,0.6590910479426384,0.45731211453676224,repeat indices align samples but methods were timed sequentially; use independent-resample intervals
42,funnel,3,bucketed,history,128,256,4,22,0.6612889170646667,0.4515131935477257,repeat indices align samples but methods were timed sequentially; use independent-resample intervals
42,funnel,3,bucketed,history,128,256,4,23,0.6924203187227249,0.47858603298664093,repeat indices align samples but methods were timed sequentially; use independent-resample intervals
42,funnel,3,bucketed,history,128,256,4,24,0.6371170654892921,0.4964258074760437,repeat indices align samples but methods were timed sequentially; use independent-resample intervals
42,funnel,3,bucketed,history,128,256,4,25,0.6284791082143784,0.46589892357587814,repeat indices align samples but methods were timed sequentially; use independent-resample intervals
42,funnel,3,bucketed,history,128,256,4,26,0.6204903051257133,0.4990623965859413,repeat indices align samples but methods were timed sequentially; use independent-resample intervals
42,funnel,3,bucketed,history,128,256,4,27,0.5652502775192261,0.4374798387289047,repeat indices align samples but methods were timed sequentially; use independent-resample intervals
42,funnel,3,bucketed,history,128,256,4,28,0.6242728382349014,0.5007116422057152,repeat indices align samples but methods were timed sequentially; use independent-resample intervals
42,funnel,3,bucketed,history,128,256,4,29,0.7300862297415733,0.5011608973145485,repeat indices align samples but methods were timed sequentially; use independent-resample intervals
43,funnel,3,bucketed,last_depth,64,256,4,0,0.855769656598568,0.4834119901061058,repeat indices align samples but methods were timed sequentially; use independent-resample intervals
43,funnel,3,bucketed,last_depth,64,256,4,1,0.6717210784554482,0.48827507346868515,repeat indices align samples but methods were timed sequentially; use independent-resample intervals
43,funnel,3,bucketed,last_depth,64,256,4,2,0.6783600896596909,0.4678996205329895,repeat indices align samples but methods were timed sequentially; use independent-resample intervals
43,funnel,3,bucketed,last_depth,64,256,4,3,0.7282551154494286,0.4749519005417824,repeat indices align samples but methods were timed sequentially; use independent-resample intervals
43,funnel,3,bucketed,last_depth,64,256,4,4,0.7554088234901428,0.4655091091990471,repeat indices align samples but methods were timed sequentially; use independent-resample intervals
43,funnel,3,bucketed,last_depth,64,256,4,5,0.7652318477630615,0.4573896825313568,repeat indices align samples but methods were timed sequentially; use independent-resample intervals
43,funnel,3,bucketed,last_depth,64,256,4,6,0.7688163369894028,0.4521194249391556,repeat indices align samples but methods were timed sequentially; use independent-resample intervals
43,funnel,3,bucketed,last_depth,64,256,4,7,0.6799061596393585,0.48751143366098404,repeat indices align samples but methods were timed sequentially; use independent-resample intervals
43,funnel,3,bucketed,last_depth,64,256,4,8,0.6757836043834686,0.44623249024152756,repeat indices align samples but methods were timed sequentially; use independent-resample intervals
43,funnel,3,bucketed,last_depth,64,256,4,9,0.7173995152115822,0.4481295198202133,repeat indices align samples but methods were timed sequentially; use independent-resample intervals
43,funnel,3,bucketed,last_depth,64,256,4,10,0.6923394203186035,0.47592590749263763,repeat indices align samples but methods were timed sequentially; use independent-resample intervals
43,funnel,3,bucketed,last_depth,64,256,4,11,0.7128221541643143,0.4654642418026924,repeat indices align samples but methods were timed sequentially; use independent-resample intervals
43,funnel,3,bucketed,last_depth,64,256,4,12,0.7348236739635468,0.44379908591508865,repeat indices align samples but methods were timed sequentially; use independent-resample intervals
43,funnel,3,bucketed,last_depth,64,256,4,13,0.7073643952608109,0.5041298195719719,repeat indices align samples but methods were timed sequentially; use independent-resample intervals
43,funnel,3,bucketed,last_depth,64,256,4,14,0.6814470365643501,0.5010705590248108,repeat indices align samples but methods were timed sequentially; use independent-resample intervals
43,funnel,3,bucketed,last_depth,64,256,4,15,0.6434305235743523,0.5445024818181992,repeat indices align samples but methods were timed sequentially; use independent-resample intervals
43,funnel,3,bucketed,last_depth,64,256,4,16,0.740199975669384,0.49096210300922394,repeat indices align samples but methods were timed sequentially; use independent-resample intervals
43,funnel,3,bucketed,last_depth,64,256,4,17,0.6506841629743576,0.4883390814065933,repeat indices align samples but methods were timed sequentially; use independent-resample intervals
43,funnel,3,bucketed,last_depth,64,256,4,18,0.7342739775776863,0.533699557185173,repeat indices align samples but methods were timed sequentially; use independent-resample intervals
43,funnel,3,bucketed,last_depth,64,256,4,19,0.731343001127243,0.5406026616692543,repeat indices align samples but methods were timed sequentially; use independent-resample intervals
43,funnel,3,bucketed,last_depth,64,256,4,20,0.7351552098989487,0.46048504114151,repeat indices align samples but methods were timed sequentially; use independent-resample intervals
43,funnel,3,bucketed,last_depth,64,256,4,21,0.6758489683270454,0.45731211453676224,repeat indices align samples but methods were timed sequentially; use independent-resample intervals
43,funnel,3,bucketed,last_depth,64,256,4,22,0.6939581856131554,0.4515131935477257,repeat indices align samples but methods were timed sequentially; use independent-resample intervals
43,funnel,3,bucketed,last_depth,64,256,4,23,0.707202821969986,0.47858603298664093,repeat indices align samples but methods were timed sequentially; use independent-resample intervals
43,funnel,3,bucketed,last_depth,64,256,4,24,0.6885931417346001,0.4964258074760437,repeat indices align samples but methods were timed sequentially; use independent-resample intervals
43,funnel,3,bucketed,last_depth,64,256,4,25,0.6958566680550575,0.46589892357587814,repeat indices align samples but methods were timed sequentially; use independent-resample intervals
43,funnel,3,bucketed,last_depth,64,256,4,26,0.6979935392737389,0.4990623965859413,repeat indices align samples but methods were timed sequentially; use independent-resample intervals
43,funnel,3,bucketed,last_depth,64,256,4,27,0.6623480767011642,0.4374798387289047,repeat indices align samples but methods were timed sequentially; use independent-resample intervals
43,funnel,3,bucketed,last_depth,64,256,4,28,0.6750840917229652,0.5007116422057152,repeat indices align samples but methods were timed sequentially; use independent-resample intervals
43,funnel,3,bucketed,last_depth,64,256,4,29,0.7022041752934456,0.5011608973145485,repeat indices align samples but methods were timed sequentially; use independent-resample intervals
44,funnel,3,bucketed,last_depth,128,256,4,0,0.6382556408643723,0.4834119901061058,repeat indices align samples but methods were timed sequentially; use independent-resample intervals
44,funnel,3,bucketed,last_depth,128,256,4,1,0.6039398908615112,0.48827507346868515,repeat indices align samples but methods were timed sequentially; use independent-resample intervals
44,funnel,3,bucketed,last_depth,128,256,4,2,0.6322329938411713,0.4678996205329895,repeat indices align samples but methods were timed sequentially; use independent-resample intervals
44,funnel,3,bucketed,last_depth,128,256,4,3,0.7195887863636017,0.4749519005417824,repeat indices align samples but methods were timed sequentially; use independent-resample intervals
44,funnel,3,bucketed,last_depth,128,256,4,4,0.6263683214783669,0.4655091091990471,repeat indices align samples but methods were timed sequentially; use independent-resample intervals
44,funnel,3,bucketed,last_depth,128,256,4,5,0.6553074344992638,0.4573896825313568,repeat indices align samples but methods were timed sequentially; use independent-resample intervals
44,funnel,3,bucketed,last_depth,128,256,4,6,0.6633408814668655,0.4521194249391556,repeat indices align samples but methods were timed sequentially; use independent-resample intervals
44,funnel,3,bucketed,last_depth,128,256,4,7,0.8017961606383324,0.48751143366098404,repeat indices align samples but methods were timed sequentially; use independent-resample intervals
44,funnel,3,bucketed,last_depth,128,256,4,8,0.5948508307337761,0.44623249024152756,repeat indices align samples but methods were timed sequentially; use independent-resample intervals
44,funnel,3,bucketed,last_depth,128,256,4,9,0.5862036496400833,0.4481295198202133,repeat indices align samples but methods were timed sequentially; use independent-resample intervals
44,funnel,3,bucketed,last_depth,128,256,4,10,0.6817608699202538,0.47592590749263763,repeat indices align samples but methods were timed sequentially; use independent-resample intervals
44,funnel,3,bucketed,last_depth,128,256,4,11,0.6220104098320007,0.4654642418026924,repeat indices align samples but methods were timed sequentially; use independent-resample intervals
44,funnel,3,bucketed,last_depth,128,256,4,12,0.6966582387685776,0.44379908591508865,repeat indices align samples but methods were timed sequentially; use independent-resample intervals
44,funnel,3,bucketed,last_depth,128,256,4,13,0.6400294005870819,0.5041298195719719,repeat indices align samples but methods were timed sequentially; use independent-resample intervals
44,funnel,3,bucketed,last_depth,128,256,4,14,0.7452116459608078,0.5010705590248108,repeat indices align samples but methods were timed sequentially; use independent-resample intervals
44,funnel,3,bucketed,last_depth,128,256,4,15,0.5921737551689148,0.5445024818181992,repeat indices align samples but methods were timed sequentially; use independent-resample intervals
44,funnel,3,bucketed,last_depth,128,256,4,16,0.6307986006140709,0.49096210300922394,repeat indices align samples but methods were timed sequentially; use independent-resample intervals
44,funnel,3,bucketed,last_depth,128,256,4,17,0.6707506254315376,0.4883390814065933,repeat indices align samples but methods were timed sequentially; use independent-resample intervals
44,funnel,3,bucketed,last_depth,128,256,4,18,0.7260870262980461,0.533699557185173,repeat indices align samples but methods were timed sequentially; use independent-resample intervals
44,funnel,3,bucketed,last_depth,128,256,4,19,0.5768084600567818,0.5406026616692543,repeat indices align samples but methods were timed sequentially; use independent-resample intervals
44,funnel,3,bucketed,last_depth,128,256,4,20,0.7163290902972221,0.46048504114151,repeat indices align samples but methods were timed sequentially; use independent-resample intervals
44,funnel,3,bucketed,last_depth,128,256,4,21,0.6012647822499275,0.45731211453676224,repeat indices align samples but methods were timed sequentially; use independent-resample intervals
44,funnel,3,bucketed,last_depth,128,256,4,22,0.6372851356863976,0.4515131935477257,repeat indices align samples but methods were timed sequentially; use independent-resample intervals
44,funnel,3,bucketed,last_depth,128,256,4,23,0.6654589623212814,0.47858603298664093,repeat indices align samples but methods were timed sequentially; use independent-resample intervals
44,funnel,3,bucketed,last_depth,128,256,4,24,0.627499632537365,0.4964258074760437,repeat indices align samples but methods were timed sequentially; use independent-resample intervals
44,funnel,3,bucketed,last_depth,128,256,4,25,0.6760784015059471,0.46589892357587814,repeat indices align samples but methods were timed sequentially; use independent-resample intervals
44,funnel,3,bucketed,last_depth,128,256,4,26,0.7016495168209076,0.4990623965859413,repeat indices align samples but methods were timed sequentially; use independent-resample intervals
44,funnel,3,bucketed,last_depth,128,256,4,27,0.5924352630972862,0.4374798387289047,repeat indices align samples but methods were timed sequentially; use independent-resample intervals
44,funnel,3,bucketed,last_depth,128,256,4,28,0.5957236140966415,0.5007116422057152,repeat indices align samples but methods were timed sequentially; use independent-resample intervals
44,funnel,3,bucketed,last_depth,128,256,4,29,0.7392860054969788,0.5011608973145485,repeat indices align samples but methods were timed sequentially; use independent-resample intervals
45,funnel,4,monolithic,monolithic,0,256,4,0,0.5288394317030907,0.5288394317030907,repeat indices align samples but methods were timed sequentially; use independent-resample intervals
45,funnel,4,monolithic,monolithic,0,256,4,1,0.5142458006739616,0.5142458006739616,repeat indices align samples but methods were timed sequentially; use independent-resample intervals
45,funnel,4,monolithic,monolithic,0,256,4,2,0.5609100759029388,0.5609100759029388,repeat indices align samples but methods were timed sequentially; use independent-resample intervals
45,funnel,4,monolithic,monolithic,0,256,4,3,0.543383426964283,0.543383426964283,repeat indices align samples but methods were timed sequentially; use independent-resample intervals
45,funnel,4,monolithic,monolithic,0,256,4,4,0.602161169052124,0.602161169052124,repeat indices align samples but methods were timed sequentially; use independent-resample intervals
45,funnel,4,monolithic,monolithic,0,256,4,5,0.5492864698171616,0.5492864698171616,repeat indices align samples but methods were timed sequentially; use independent-resample intervals
45,funnel,4,monolithic,monolithic,0,256,4,6,0.6093660518527031,0.6093660518527031,repeat indices align samples but methods were timed sequentially; use independent-resample intervals
45,funnel,4,monolithic,monolithic,0,256,4,7,0.5713249519467354,0.5713249519467354,repeat indices align samples but methods were timed sequentially; use independent-resample intervals
45,funnel,4,monolithic,monolithic,0,256,4,8,0.5452958717942238,0.5452958717942238,repeat indices align samples but methods were timed sequentially; use independent-resample intervals
45,funnel,4,monolithic,monolithic,0,256,4,9,0.5776521861553192,0.5776521861553192,repeat indices align samples but methods were timed sequentially; use independent-resample intervals
45,funnel,4,monolithic,monolithic,0,256,4,10,0.5674916058778763,0.5674916058778763,repeat indices align samples but methods were timed sequentially; use independent-resample intervals
45,funnel,4,monolithic,monolithic,0,256,4,11,0.5622807145118713,0.5622807145118713,repeat indices align samples but methods were timed sequentially; use independent-resample intervals
45,funnel,4,monolithic,monolithic,0,256,4,12,0.5503852218389511,0.5503852218389511,repeat indices align samples but methods were timed sequentially; use independent-resample intervals
45,funnel,4,monolithic,monolithic,0,256,4,13,0.5701412558555603,0.5701412558555603,repeat indices align samples but methods were timed sequentially; use independent-resample intervals
45,funnel,4,monolithic,monolithic,0,256,4,14,0.5370159894227982,0.5370159894227982,repeat indices align samples but methods were timed sequentially; use independent-resample intervals
45,funnel,4,monolithic,monolithic,0,256,4,15,0.5772425830364227,0.5772425830364227,repeat indices align samples but methods were timed sequentially; use independent-resample intervals
45,funnel,4,monolithic,monolithic,0,256,4,16,0.568120613694191,0.568120613694191,repeat indices align samples but methods were timed sequentially; use independent-resample intervals
45,funnel,4,monolithic,monolithic,0,256,4,17,0.6045244559645653,0.6045244559645653,repeat indices align samples but methods were timed sequentially; use independent-resample intervals
45,funnel,4,monolithic,monolithic,0,256,4,18,0.5160904377698898,0.5160904377698898,repeat indices align samples but methods were timed sequentially; use independent-resample intervals
45,funnel,4,monolithic,monolithic,0,256,4,19,0.5307832285761833,0.5307832285761833,repeat indices align samples but methods were timed sequentially; use independent-resample intervals
45,funnel,4,monolithic,monolithic,0,256,4,20,0.5328666269779205,0.5328666269779205,repeat indices align samples but methods were timed sequentially; use independent-resample intervals
45,funnel,4,monolithic,monolithic,0,256,4,21,0.5519302263855934,0.5519302263855934,repeat indices align samples but methods were timed sequentially; use independent-resample intervals
45,funnel,4,monolithic,monolithic,0,256,4,22,0.5928458049893379,0.5928458049893379,repeat indices align samples but methods were timed sequentially; use independent-resample intervals
45,funnel,4,monolithic,monolithic,0,256,4,23,0.53474011272192,0.53474011272192,repeat indices align samples but methods were timed sequentially; use independent-resample intervals
45,funnel,4,monolithic,monolithic,0,256,4,24,0.5653906911611557,0.5653906911611557,repeat indices align samples but methods were timed sequentially; use independent-resample intervals
45,funnel,4,monolithic,monolithic,0,256,4,25,0.5587775409221649,0.5587775409221649,repeat indices align samples but methods were timed sequentially; use independent-resample intervals
45,funnel,4,monolithic,monolithic,0,256,4,26,0.595597431063652,0.595597431063652,repeat indices align samples but methods were timed sequentially; use independent-resample intervals
45,funnel,4,monolithic,monolithic,0,256,4,27,0.5900521576404572,0.5900521576404572,repeat indices align samples but methods were timed sequentially; use independent-resample intervals
45,funnel,4,monolithic,monolithic,0,256,4,28,0.5799244567751884,0.5799244567751884,repeat indices align samples but methods were timed sequentially; use independent-resample intervals
45,funnel,4,monolithic,monolithic,0,256,4,29,0.6104167625308037,0.6104167625308037,repeat indices align samples but methods were timed sequentially; use independent-resample intervals
46,funnel,4,bucketed,history,64,256,4,0,0.669224925339222,0.5288394317030907,repeat indices align samples but methods were timed sequentially; use independent-resample intervals
46,funnel,4,bucketed,history,64,256,4,1,0.7250442653894424,0.5142458006739616,repeat indices align samples but methods were timed sequentially; use independent-resample intervals
46,funnel,4,bucketed,history,64,256,4,2,0.7519235238432884,0.5609100759029388,repeat indices align samples but methods were timed sequentially; use independent-resample intervals
46,funnel,4,bucketed,history,64,256,4,3,0.8802106082439423,0.543383426964283,repeat indices align samples but methods were timed sequentially; use independent-resample intervals
46,funnel,4,bucketed,history,64,256,4,4,1.1522543132305145,0.602161169052124,repeat indices align samples but methods were timed sequentially; use independent-resample intervals
46,funnel,4,bucketed,history,64,256,4,5,1.0091374441981316,0.5492864698171616,repeat indices align samples but methods were timed sequentially; use independent-resample intervals
46,funnel,4,bucketed,history,64,256,4,6,0.865391805768013,0.6093660518527031,repeat indices align samples but methods were timed sequentially; use independent-resample intervals
46,funnel,4,bucketed,history,64,256,4,7,0.6397366598248482,0.5713249519467354,repeat indices align samples but methods were timed sequentially; use independent-resample intervals
46,funnel,4,bucketed,history,64,256,4,8,0.6497700959444046,0.5452958717942238,repeat indices align samples but methods were timed sequentially; use independent-resample intervals
46,funnel,4,bucketed,history,64,256,4,9,0.6242578476667404,0.5776521861553192,repeat indices align samples but methods were timed sequentially; use independent-resample intervals
46,funnel,4,bucketed,history,64,256,4,10,0.569682888686657,0.5674916058778763,repeat indices align samples but methods were timed sequentially; use independent-resample intervals
46,funnel,4,bucketed,history,64,256,4,11,0.6052374392747879,0.5622807145118713,repeat indices align samples but methods were timed sequentially; use independent-resample intervals
46,funnel,4,bucketed,history,64,256,4,12,0.6719933897256851,0.5503852218389511,repeat indices align samples but methods were timed sequentially; use independent-resample intervals
46,funnel,4,bucketed,history,64,256,4,13,0.7051378563046455,0.5701412558555603,repeat indices align samples but methods were timed sequentially; use independent-resample intervals
46,funnel,4,bucketed,history,64,256,4,14,0.6425232961773872,0.5370159894227982,repeat indices align samples but methods were timed sequentially; use independent-resample intervals
46,funnel,4,bucketed,history,64,256,4,15,0.5770334824919701,0.5772425830364227,repeat indices align samples but methods were timed sequentially; use independent-resample intervals
46,funnel,4,bucketed,history,64,256,4,16,0.6481700986623764,0.568120613694191,repeat indices align samples but methods were timed sequentially; use independent-resample intervals
46,funnel,4,bucketed,history,64,256,4,17,0.6180147081613541,0.6045244559645653,repeat indices align samples but methods were timed sequentially; use independent-resample intervals
46,funnel,4,bucketed,history,64,256,4,18,0.5842192992568016,0.5160904377698898,repeat indices align samples but methods were timed sequentially; use independent-resample intervals
46,funnel,4,bucketed,history,64,256,4,19,0.5406305342912674,0.5307832285761833,repeat indices align samples but methods were timed sequentially; use independent-resample intervals
46,funnel,4,bucketed,history,64,256,4,20,0.5354772508144379,0.5328666269779205,repeat indices align samples but methods were timed sequentially; use independent-resample intervals
46,funnel,4,bucketed,history,64,256,4,21,0.5499261617660522,0.5519302263855934,repeat indices align samples but methods were timed sequentially; use independent-resample intervals
46,funnel,4,bucketed,history,64,256,4,22,0.6766298785805702,0.5928458049893379,repeat indices align samples but methods were timed sequentially; use independent-resample intervals
46,funnel,4,bucketed,history,64,256,4,23,0.6310905516147614,0.53474011272192,repeat indices align samples but methods were timed sequentially; use independent-resample intervals
46,funnel,4,bucketed,history,64,256,4,24,0.6638370081782341,0.5653906911611557,repeat indices align samples but methods were timed sequentially; use independent-resample intervals
46,funnel,4,bucketed,history,64,256,4,25,0.6374986693263054,0.5587775409221649,repeat indices align samples but methods were timed sequentially; use independent-resample intervals
46,funnel,4,bucketed,history,64,256,4,26,0.6392970010638237,0.595597431063652,repeat indices align samples but methods were timed sequentially; use independent-resample intervals
46,funnel,4,bucketed,history,64,256,4,27,0.6679337918758392,0.5900521576404572,repeat indices align samples but methods were timed sequentially; use independent-resample intervals
46,funnel,4,bucketed,history,64,256,4,28,0.6099759936332703,0.5799244567751884,repeat indices align samples but methods were timed sequentially; use independent-resample intervals
46,funnel,4,bucketed,history,64,256,4,29,0.6516894027590752,0.6104167625308037,repeat indices align samples but methods were timed sequentially; use independent-resample intervals
47,funnel,4,bucketed,history,128,256,4,0,0.6474230587482452,0.5288394317030907,repeat indices align samples but methods were timed sequentially; use independent-resample intervals
47,funnel,4,bucketed,history,128,256,4,1,0.6777640357613564,0.5142458006739616,repeat indices align samples but methods were timed sequentially; use independent-resample intervals
47,funnel,4,bucketed,history,128,256,4,2,0.5871423706412315,0.5609100759029388,repeat indices align samples but methods were timed sequentially; use independent-resample intervals
47,funnel,4,bucketed,history,128,256,4,3,0.5850972160696983,0.543383426964283,repeat indices align samples but methods were timed sequentially; use independent-resample intervals
47,funnel,4,bucketed,history,128,256,4,4,0.6859769523143768,0.602161169052124,repeat indices align samples but methods were timed sequentially; use independent-resample intervals
47,funnel,4,bucketed,history,128,256,4,5,0.6165009438991547,0.5492864698171616,repeat indices align samples but methods were timed sequentially; use independent-resample intervals
47,funnel,4,bucketed,history,128,256,4,6,0.613584004342556,0.6093660518527031,repeat indices align samples but methods were timed sequentially; use independent-resample intervals
47,funnel,4,bucketed,history,128,256,4,7,0.6543421819806099,0.5713249519467354,repeat indices align samples but methods were timed sequentially; use independent-resample intervals
47,funnel,4,bucketed,history,128,256,4,8,0.6430840045213699,0.5452958717942238,repeat indices align samples but methods were timed sequentially; use independent-resample intervals
47,funnel,4,bucketed,history,128,256,4,9,0.6489166095852852,0.5776521861553192,repeat indices align samples but methods were timed sequentially; use independent-resample intervals
47,funnel,4,bucketed,history,128,256,4,10,0.6039915308356285,0.5674916058778763,repeat indices align samples but methods were timed sequentially; use independent-resample intervals
47,funnel,4,bucketed,history,128,256,4,11,0.5899406000971794,0.5622807145118713,repeat indices align samples but methods were timed sequentially; use independent-resample intervals
47,funnel,4,bucketed,history,128,256,4,12,0.5828092470765114,0.5503852218389511,repeat indices align samples but methods were timed sequentially; use independent-resample intervals
47,funnel,4,bucketed,history,128,256,4,13,0.6078714281320572,0.5701412558555603,repeat indices align samples but methods were timed sequentially; use independent-resample intervals
47,funnel,4,bucketed,history,128,256,4,14,0.5705092251300812,0.5370159894227982,repeat indices align samples but methods were timed sequentially; use independent-resample intervals
47,funnel,4,bucketed,history,128,256,4,15,0.6702538132667542,0.5772425830364227,repeat indices align samples but methods were timed sequentially; use independent-resample intervals
47,funnel,4,bucketed,history,128,256,4,16,0.7088583037257195,0.568120613694191,repeat indices align samples but methods were timed sequentially; use independent-resample intervals
47,funnel,4,bucketed,history,128,256,4,17,0.6180886030197144,0.6045244559645653,repeat indices align samples but methods were timed sequentially; use independent-resample intervals
47,funnel,4,bucketed,history,128,256,4,18,0.5598489865660667,0.5160904377698898,repeat indices align samples but methods were timed sequentially; use independent-resample intervals
47,funnel,4,bucketed,history,128,256,4,19,0.6145743280649185,0.5307832285761833,repeat indices align samples but methods were timed sequentially; use independent-resample intervals
47,funnel,4,bucketed,history,128,256,4,20,0.5911613702774048,0.5328666269779205,repeat indices align samples but methods were timed sequentially; use independent-resample intervals
47,funnel,4,bucketed,history,128,256,4,21,0.6642637476325035,0.5519302263855934,repeat indices align samples but methods were timed sequentially; use independent-resample intervals
47,funnel,4,bucketed,history,128,256,4,22,0.6276424005627632,0.5928458049893379,repeat indices align samples but methods were timed sequentially; use independent-resample intervals
47,funnel,4,bucketed,history,128,256,4,23,0.5876511856913567,0.53474011272192,repeat indices align samples but methods were timed sequentially; use independent-resample intervals
47,funnel,4,bucketed,history,128,256,4,24,0.6097587496042252,0.5653906911611557,repeat indices align samples but methods were timed sequentially; use independent-resample intervals
47,funnel,4,bucketed,history,128,256,4,25,0.5806726962327957,0.5587775409221649,repeat indices align samples but methods were timed sequentially; use independent-resample intervals
47,funnel,4,bucketed,history,128,256,4,26,0.6267900541424751,0.595597431063652,repeat indices align samples but methods were timed sequentially; use independent-resample intervals
47,funnel,4,bucketed,history,128,256,4,27,0.7290552258491516,0.5900521576404572,repeat indices align samples but methods were timed sequentially; use independent-resample intervals
47,funnel,4,bucketed,history,128,256,4,28,0.6007691025733948,0.5799244567751884,repeat indices align samples but methods were timed sequentially; use independent-resample intervals
47,funnel,4,bucketed,history,128,256,4,29,0.6193001344799995,0.6104167625308037,repeat indices align samples but methods were timed sequentially; use independent-resample intervals
48,funnel,4,bucketed,last_depth,64,256,4,0,0.7632657662034035,0.5288394317030907,repeat indices align samples but methods were timed sequentially; use independent-resample intervals
48,funnel,4,bucketed,last_depth,64,256,4,1,0.798890694975853,0.5142458006739616,repeat indices align samples but methods were timed sequentially; use independent-resample intervals
48,funnel,4,bucketed,last_depth,64,256,4,2,0.8415565714240074,0.5609100759029388,repeat indices align samples but methods were timed sequentially; use independent-resample intervals
48,funnel,4,bucketed,last_depth,64,256,4,3,0.7380540817975998,0.543383426964283,repeat indices align samples but methods were timed sequentially; use independent-resample intervals
48,funnel,4,bucketed,last_depth,64,256,4,4,0.7787105813622475,0.602161169052124,repeat indices align samples but methods were timed sequentially; use independent-resample intervals
48,funnel,4,bucketed,last_depth,64,256,4,5,0.7593542411923409,0.5492864698171616,repeat indices align samples but methods were timed sequentially; use independent-resample intervals
48,funnel,4,bucketed,last_depth,64,256,4,6,0.7549577951431274,0.6093660518527031,repeat indices align samples but methods were timed sequentially; use independent-resample intervals
48,funnel,4,bucketed,last_depth,64,256,4,7,0.7823451831936836,0.5713249519467354,repeat indices align samples but methods were timed sequentially; use independent-resample intervals
48,funnel,4,bucketed,last_depth,64,256,4,8,0.7630512490868568,0.5452958717942238,repeat indices align samples but methods were timed sequentially; use independent-resample intervals
48,funnel,4,bucketed,last_depth,64,256,4,9,0.7941810712218285,0.5776521861553192,repeat indices align samples but methods were timed sequentially; use independent-resample intervals
48,funnel,4,bucketed,last_depth,64,256,4,10,0.7814961820840836,0.5674916058778763,repeat indices align samples but methods were timed sequentially; use independent-resample intervals
48,funnel,4,bucketed,last_depth,64,256,4,11,0.8409988209605217,0.5622807145118713,repeat indices align samples but methods were timed sequentially; use independent-resample intervals
48,funnel,4,bucketed,last_depth,64,256,4,12,0.7641920819878578,0.5503852218389511,repeat indices align samples but methods were timed sequentially; use independent-resample intervals
48,funnel,4,bucketed,last_depth,64,256,4,13,0.7739052698016167,0.5701412558555603,repeat indices align samples but methods were timed sequentially; use independent-resample intervals
48,funnel,4,bucketed,last_depth,64,256,4,14,0.7800835147500038,0.5370159894227982,repeat indices align samples but methods were timed sequentially; use independent-resample intervals
48,funnel,4,bucketed,last_depth,64,256,4,15,0.804559051990509,0.5772425830364227,repeat indices align samples but methods were timed sequentially; use independent-resample intervals
48,funnel,4,bucketed,last_depth,64,256,4,16,0.8118444383144379,0.568120613694191,repeat indices align samples but methods were timed sequentially; use independent-resample intervals
48,funnel,4,bucketed,last_depth,64,256,4,17,0.8056514859199524,0.6045244559645653,repeat indices align samples but methods were timed sequentially; use independent-resample intervals
48,funnel,4,bucketed,last_depth,64,256,4,18,0.8159156441688538,0.5160904377698898,repeat indices align samples but methods were timed sequentially; use independent-resample intervals
48,funnel,4,bucketed,last_depth,64,256,4,19,0.7501183748245239,0.5307832285761833,repeat indices align samples but methods were timed sequentially; use independent-resample intervals
48,funnel,4,bucketed,last_depth,64,256,4,20,0.7850342392921448,0.5328666269779205,repeat indices align samples but methods were timed sequentially; use independent-resample intervals
48,funnel,4,bucketed,last_depth,64,256,4,21,0.8545258715748787,0.5519302263855934,repeat indices align samples but methods were timed sequentially; use independent-resample intervals
48,funnel,4,bucketed,last_depth,64,256,4,22,1.0090465545654297,0.5928458049893379,repeat indices align samples but methods were timed sequentially; use independent-resample intervals
48,funnel,4,bucketed,last_depth,64,256,4,23,0.8690046668052673,0.53474011272192,repeat indices align samples but methods were timed sequentially; use independent-resample intervals
48,funnel,4,bucketed,last_depth,64,256,4,24,0.8834215924143791,0.5653906911611557,repeat indices align samples but methods were timed sequentially; use independent-resample intervals
48,funnel,4,bucketed,last_depth,64,256,4,25,0.7784964591264725,0.5587775409221649,repeat indices align samples but methods were timed sequentially; use independent-resample intervals
48,funnel,4,bucketed,last_depth,64,256,4,26,0.7816631123423576,0.595597431063652,repeat indices align samples but methods were timed sequentially; use independent-resample intervals
48,funnel,4,bucketed,last_depth,64,256,4,27,0.7473778054118156,0.5900521576404572,repeat indices align samples but methods were timed sequentially; use independent-resample intervals
48,funnel,4,bucketed,last_depth,64,256,4,28,0.7790078893303871,0.5799244567751884,repeat indices align samples but methods were timed sequentially; use independent-resample intervals
48,funnel,4,bucketed,last_depth,64,256,4,29,0.8075598850846291,0.6104167625308037,repeat indices align samples but methods were timed sequentially; use independent-resample intervals
49,funnel,4,bucketed,last_depth,128,256,4,0,0.8488470837473869,0.5288394317030907,repeat indices align samples but methods were timed sequentially; use independent-resample intervals
49,funnel,4,bucketed,last_depth,128,256,4,1,0.7003250196576118,0.5142458006739616,repeat indices align samples but methods were timed sequentially; use independent-resample intervals
49,funnel,4,bucketed,last_depth,128,256,4,2,0.6889929175376892,0.5609100759029388,repeat indices align samples but methods were timed sequentially; use independent-resample intervals
49,funnel,4,bucketed,last_depth,128,256,4,3,0.7302449643611908,0.543383426964283,repeat indices align samples but methods were timed sequentially; use independent-resample intervals
49,funnel,4,bucketed,last_depth,128,256,4,4,0.7092144638299942,0.602161169052124,repeat indices align samples but methods were timed sequentially; use independent-resample intervals
49,funnel,4,bucketed,last_depth,128,256,4,5,0.6833968535065651,0.5492864698171616,repeat indices align samples but methods were timed sequentially; use independent-resample intervals
49,funnel,4,bucketed,last_depth,128,256,4,6,0.7449622228741646,0.6093660518527031,repeat indices align samples but methods were timed sequentially; use independent-resample intervals
49,funnel,4,bucketed,last_depth,128,256,4,7,0.7137245312333107,0.5713249519467354,repeat indices align samples but methods were timed sequentially; use independent-resample intervals
49,funnel,4,bucketed,last_depth,128,256,4,8,0.7022375911474228,0.5452958717942238,repeat indices align samples but methods were timed sequentially; use independent-resample intervals
49,funnel,4,bucketed,last_depth,128,256,4,9,0.7221798524260521,0.5776521861553192,repeat indices align samples but methods were timed sequentially; use independent-resample intervals
49,funnel,4,bucketed,last_depth,128,256,4,10,0.7768667340278625,0.5674916058778763,repeat indices align samples but methods were timed sequentially; use independent-resample intervals
49,funnel,4,bucketed,last_depth,128,256,4,11,0.7230995520949364,0.5622807145118713,repeat indices align samples but methods were timed sequentially; use independent-resample intervals
49,funnel,4,bucketed,last_depth,128,256,4,12,0.6595810651779175,0.5503852218389511,repeat indices align samples but methods were timed sequentially; use independent-resample intervals
49,funnel,4,bucketed,last_depth,128,256,4,13,0.829505629837513,0.5701412558555603,repeat indices align samples but methods were timed sequentially; use independent-resample intervals
49,funnel,4,bucketed,last_depth,128,256,4,14,0.7284762263298035,0.5370159894227982,repeat indices align samples but methods were timed sequentially; use independent-resample intervals
49,funnel,4,bucketed,last_depth,128,256,4,15,0.6411644667387009,0.5772425830364227,repeat indices align samples but methods were timed sequentially; use independent-resample intervals
49,funnel,4,bucketed,last_depth,128,256,4,16,0.7073448449373245,0.568120613694191,repeat indices align samples but methods were timed sequentially; use independent-resample intervals
49,funnel,4,bucketed,last_depth,128,256,4,17,0.8342099711298943,0.6045244559645653,repeat indices align samples but methods were timed sequentially; use independent-resample intervals
49,funnel,4,bucketed,last_depth,128,256,4,18,0.8410774767398834,0.5160904377698898,repeat indices align samples but methods were timed sequentially; use independent-resample intervals
49,funnel,4,bucketed,last_depth,128,256,4,19,0.6714252904057503,0.5307832285761833,repeat indices align samples but methods were timed sequentially; use independent-resample intervals
49,funnel,4,bucketed,last_depth,128,256,4,20,0.6585735008120537,0.5328666269779205,repeat indices align samples but methods were timed sequentially; use independent-resample intervals
49,funnel,4,bucketed,last_depth,128,256,4,21,0.6549379527568817,0.5519302263855934,repeat indices align samples but methods were timed sequentially; use independent-resample intervals
49,funnel,4,bucketed,last_depth,128,256,4,22,0.6742543205618858,0.5928458049893379,repeat indices align samples but methods were timed sequentially; use independent-resample intervals
49,funnel,4,bucketed,last_depth,128,256,4,23,0.7805681377649307,0.53474011272192,repeat indices align samples but methods were timed sequentially; use independent-resample intervals
49,funnel,4,bucketed,last_depth,128,256,4,24,0.8834501802921295,0.5653906911611557,repeat indices align samples but methods were timed sequentially; use independent-resample intervals
49,funnel,4,bucketed,last_depth,128,256,4,25,0.7159080505371094,0.5587775409221649,repeat indices align samples but methods were timed sequentially; use independent-resample intervals
49,funnel,4,bucketed,last_depth,128,256,4,26,0.7826151996850967,0.595597431063652,repeat indices align samples but methods were timed sequentially; use independent-resample intervals
49,funnel,4,bucketed,last_depth,128,256,4,27,0.635429359972477,0.5900521576404572,repeat indices align samples but methods were timed sequentially; use independent-resample intervals
49,funnel,4,bucketed,last_depth,128,256,4,28,0.714534193277359,0.5799244567751884,repeat indices align samples but methods were timed sequentially; use independent-resample intervals
49,funnel,4,bucketed,last_depth,128,256,4,29,0.7795165628194809,0.6104167625308037,repeat indices align samples but methods were timed sequentially; use independent-resample intervals
50,funnel,0,monolithic,monolithic,0,512,4,0,4.151904232800007,4.151904232800007,repeat indices align samples but methods were timed sequentially; use independent-resample intervals
50,funnel,0,monolithic,monolithic,0,512,4,1,1.1047653034329414,1.1047653034329414,repeat indices align samples but methods were timed sequentially; use independent-resample intervals
50,funnel,0,monolithic,monolithic,0,512,4,2,1.2726991176605225,1.2726991176605225,repeat indices align samples but methods were timed sequentially; use independent-resample intervals
50,funnel,0,monolithic,monolithic,0,512,4,3,1.5138172656297684,1.5138172656297684,repeat indices align samples but methods were timed sequentially; use independent-resample intervals
50,funnel,0,monolithic,monolithic,0,512,4,4,1.73141610622406,1.73141610622406,repeat indices align samples but methods were timed sequentially; use independent-resample intervals
50,funnel,0,monolithic,monolithic,0,512,4,5,1.6298219934105873,1.6298219934105873,repeat indices align samples but methods were timed sequentially; use independent-resample intervals
50,funnel,0,monolithic,monolithic,0,512,4,6,1.7470936626195908,1.7470936626195908,repeat indices align samples but methods were timed sequentially; use independent-resample intervals
50,funnel,0,monolithic,monolithic,0,512,4,7,1.4918720722198486,1.4918720722198486,repeat indices align samples but methods were timed sequentially; use independent-resample intervals
50,funnel,0,monolithic,monolithic,0,512,4,8,1.6514922752976418,1.6514922752976418,repeat indices align samples but methods were timed sequentially; use independent-resample intervals
50,funnel,0,monolithic,monolithic,0,512,4,9,1.4041208922863007,1.4041208922863007,repeat indices align samples but methods were timed sequentially; use independent-resample intervals
50,funnel,0,monolithic,monolithic,0,512,4,10,1.2914666831493378,1.2914666831493378,repeat indices align samples but methods were timed sequentially; use independent-resample intervals
50,funnel,0,monolithic,monolithic,0,512,4,11,1.0058970674872398,1.0058970674872398,repeat indices align samples but methods were timed sequentially; use independent-resample intervals
50,funnel,0,monolithic,monolithic,0,512,4,12,1.1503944769501686,1.1503944769501686,repeat indices align samples but methods were timed sequentially; use independent-resample intervals
50,funnel,0,monolithic,monolithic,0,512,4,13,1.0337056666612625,1.0337056666612625,repeat indices align samples but methods were timed sequentially; use independent-resample intervals
50,funnel,0,monolithic,monolithic,0,512,4,14,1.0491023659706116,1.0491023659706116,repeat indices align samples but methods were timed sequentially; use independent-resample intervals
50,funnel,0,monolithic,monolithic,0,512,4,15,1.020586147904396,1.020586147904396,repeat indices align samples but methods were timed sequentially; use independent-resample intervals
50,funnel,0,monolithic,monolithic,0,512,4,16,1.0508812740445137,1.0508812740445137,repeat indices align samples but methods were timed sequentially; use independent-resample intervals
50,funnel,0,monolithic,monolithic,0,512,4,17,1.0318656340241432,1.0318656340241432,repeat indices align samples but methods were timed sequentially; use independent-resample intervals
50,funnel,0,monolithic,monolithic,0,512,4,18,1.0191675946116447,1.0191675946116447,repeat indices align samples but methods were timed sequentially; use independent-resample intervals
50,funnel,0,monolithic,monolithic,0,512,4,19,1.0531802773475647,1.0531802773475647,repeat indices align samples but methods were timed sequentially; use independent-resample intervals
50,funnel,0,monolithic,monolithic,0,512,4,20,1.1290881410241127,1.1290881410241127,repeat indices align samples but methods were timed sequentially; use independent-resample intervals
50,funnel,0,monolithic,monolithic,0,512,4,21,1.2681973725557327,1.2681973725557327,repeat indices align samples but methods were timed sequentially; use independent-resample intervals
50,funnel,0,monolithic,monolithic,0,512,4,22,1.1936468482017517,1.1936468482017517,repeat indices align samples but methods were timed sequentially; use independent-resample intervals
50,funnel,0,monolithic,monolithic,0,512,4,23,1.1604246273636818,1.1604246273636818,repeat indices align samples but methods were timed sequentially; use independent-resample intervals
50,funnel,0,monolithic,monolithic,0,512,4,24,1.1322477608919144,1.1322477608919144,repeat indices align samples but methods were timed sequentially; use independent-resample intervals
50,funnel,0,monolithic,monolithic,0,512,4,25,1.132329285144806,1.132329285144806,repeat indices align samples but methods were timed sequentially; use independent-resample intervals
50,funnel,0,monolithic,monolithic,0,512,4,26,1.1370268315076828,1.1370268315076828,repeat indices align samples but methods were timed sequentially; use independent-resample intervals
50,funnel,0,monolithic,monolithic,0,512,4,27,1.19944878667593,1.19944878667593,repeat indices align samples but methods were timed sequentially; use independent-resample intervals
50,funnel,0,monolithic,monolithic,0,512,4,28,1.139905832707882,1.139905832707882,repeat indices align samples but methods were timed sequentially; use independent-resample intervals
50,funnel,0,monolithic,monolithic,0,512,4,29,1.0543944463133812,1.0543944463133812,repeat indices align samples but methods were timed sequentially; use independent-resample intervals
51,funnel,0,bucketed,history,64,512,4,0,3.4166158884763718,4.151904232800007,repeat indices align samples but methods were timed sequentially; use independent-resample intervals
51,funnel,0,bucketed,history,64,512,4,1,1.0388142690062523,1.1047653034329414,repeat indices align samples but methods were timed sequentially; use independent-resample intervals
51,funnel,0,bucketed,history,64,512,4,2,1.05272077023983,1.2726991176605225,repeat indices align samples but methods were timed sequentially; use independent-resample intervals
51,funnel,0,bucketed,history,64,512,4,3,1.0683604702353477,1.5138172656297684,repeat indices align samples but methods were timed sequentially; use independent-resample intervals
51,funnel,0,bucketed,history,64,512,4,4,1.0340402498841286,1.73141610622406,repeat indices align samples but methods were timed sequentially; use independent-resample intervals
51,funnel,0,bucketed,history,64,512,4,5,1.10259447991848,1.6298219934105873,repeat indices align samples but methods were timed sequentially; use independent-resample intervals
51,funnel,0,bucketed,history,64,512,4,6,0.9197179302573204,1.7470936626195908,repeat indices align samples but methods were timed sequentially; use independent-resample intervals
51,funnel,0,bucketed,history,64,512,4,7,0.9719578921794891,1.4918720722198486,repeat indices align samples but methods were timed sequentially; use independent-resample intervals
51,funnel,0,bucketed,history,64,512,4,8,1.1954990476369858,1.6514922752976418,repeat indices align samples but methods were timed sequentially; use independent-resample intervals
51,funnel,0,bucketed,history,64,512,4,9,1.1135157942771912,1.4041208922863007,repeat indices align samples but methods were timed sequentially; use independent-resample intervals
51,funnel,0,bucketed,history,64,512,4,10,1.1127394959330559,1.2914666831493378,repeat indices align samples but methods were timed sequentially; use independent-resample intervals
51,funnel,0,bucketed,history,64,512,4,11,1.0136572197079659,1.0058970674872398,repeat indices align samples but methods were timed sequentially; use independent-resample intervals
51,funnel,0,bucketed,history,64,512,4,12,1.1014724299311638,1.1503944769501686,repeat indices align samples but methods were timed sequentially; use independent-resample intervals
51,funnel,0,bucketed,history,64,512,4,13,1.1091174259781837,1.0337056666612625,repeat indices align samples but methods were timed sequentially; use independent-resample intervals
51,funnel,0,bucketed,history,64,512,4,14,1.1342340558767319,1.0491023659706116,repeat indices align samples but methods were timed sequentially; use independent-resample intervals
51,funnel,0,bucketed,history,64,512,4,15,1.0393394082784653,1.020586147904396,repeat indices align samples but methods were timed sequentially; use independent-resample intervals
51,funnel,0,bucketed,history,64,512,4,16,1.155683971941471,1.0508812740445137,repeat indices align samples but methods were timed sequentially; use independent-resample intervals
51,funnel,0,bucketed,history,64,512,4,17,1.2051921784877777,1.0318656340241432,repeat indices align samples but methods were timed sequentially; use independent-resample intervals
51,funnel,0,bucketed,history,64,512,4,18,1.065069541335106,1.0191675946116447,repeat indices align samples but methods were timed sequentially; use independent-resample intervals
51,funnel,0,bucketed,history,64,512,4,19,1.0535982102155685,1.0531802773475647,repeat indices align samples but methods were timed sequentially; use independent-resample intervals
51,funnel,0,bucketed,history,64,512,4,20,1.0163224264979362,1.1290881410241127,repeat indices align samples but methods were timed sequentially; use independent-resample intervals
51,funnel,0,bucketed,history,64,512,4,21,1.1199327930808067,1.2681973725557327,repeat indices align samples but methods were timed sequentially; use independent-resample intervals
51,funnel,0,bucketed,history,64,512,4,22,1.127877838909626,1.1936468482017517,repeat indices align samples but methods were timed sequentially; use independent-resample intervals
51,funnel,0,bucketed,history,64,512,4,23,1.1954775974154472,1.1604246273636818,repeat indices align samples but methods were timed sequentially; use independent-resample intervals
51,funnel,0,bucketed,history,64,512,4,24,1.2616788521409035,1.1322477608919144,repeat indices align samples but methods were timed sequentially; use independent-resample intervals
51,funnel,0,bucketed,history,64,512,4,25,1.2011724933981895,1.132329285144806,repeat indices align samples but methods were timed sequentially; use independent-resample intervals
51,funnel,0,bucketed,history,64,512,4,26,1.1149760857224464,1.1370268315076828,repeat indices align samples but methods were timed sequentially; use independent-resample intervals
51,funnel,0,bucketed,history,64,512,4,27,1.074725978076458,1.19944878667593,repeat indices align samples but methods were timed sequentially; use independent-resample intervals
51,funnel,0,bucketed,history,64,512,4,28,1.1246378496289253,1.139905832707882,repeat indices align samples but methods were timed sequentially; use independent-resample intervals
51,funnel,0,bucketed,history,64,512,4,29,1.1620450839400291,1.0543944463133812,repeat indices align samples but methods were timed sequentially; use independent-resample intervals
52,funnel,0,bucketed,history,128,512,4,0,3.429189942777157,4.151904232800007,repeat indices align samples but methods were timed sequentially; use independent-resample intervals
52,funnel,0,bucketed,history,128,512,4,1,1.1618062853813171,1.1047653034329414,repeat indices align samples but methods were timed sequentially; use independent-resample intervals
52,funnel,0,bucketed,history,128,512,4,2,1.1887345537543297,1.2726991176605225,repeat indices align samples but methods were timed sequentially; use independent-resample intervals
52,funnel,0,bucketed,history,128,512,4,3,1.337075486779213,1.5138172656297684,repeat indices align samples but methods were timed sequentially; use independent-resample intervals
52,funnel,0,bucketed,history,128,512,4,4,1.416754998266697,1.73141610622406,repeat indices align samples but methods were timed sequentially; use independent-resample intervals
52,funnel,0,bucketed,history,128,512,4,5,1.1948919743299484,1.6298219934105873,repeat indices align samples but methods were timed sequentially; use independent-resample intervals
52,funnel,0,bucketed,history,128,512,4,6,1.3652818277478218,1.7470936626195908,repeat indices align samples but methods were timed sequentially; use independent-resample intervals
52,funnel,0,bucketed,history,128,512,4,7,1.4076623618602753,1.4918720722198486,repeat indices align samples but methods were timed sequentially; use independent-resample intervals
52,funnel,0,bucketed,history,128,512,4,8,1.3824774771928787,1.6514922752976418,repeat indices align samples but methods were timed sequentially; use independent-resample intervals
52,funnel,0,bucketed,history,128,512,4,9,1.1253477111458778,1.4041208922863007,repeat indices align samples but methods were timed sequentially; use independent-resample intervals
52,funnel,0,bucketed,history,128,512,4,10,1.0404376909136772,1.2914666831493378,repeat indices align samples but methods were timed sequentially; use independent-resample intervals
52,funnel,0,bucketed,history,128,512,4,11,1.2683094590902328,1.0058970674872398,repeat indices align samples but methods were timed sequentially; use independent-resample intervals
52,funnel,0,bucketed,history,128,512,4,12,1.1305778846144676,1.1503944769501686,repeat indices align samples but methods were timed sequentially; use independent-resample intervals
52,funnel,0,bucketed,history,128,512,4,13,1.0918432101607323,1.0337056666612625,repeat indices align samples but methods were timed sequentially; use independent-resample intervals
52,funnel,0,bucketed,history,128,512,4,14,1.1951090171933174,1.0491023659706116,repeat indices align samples but methods were timed sequentially; use independent-resample intervals
52,funnel,0,bucketed,history,128,512,4,15,1.156350091099739,1.020586147904396,repeat indices align samples but methods were timed sequentially; use independent-resample intervals
52,funnel,0,bucketed,history,128,512,4,16,1.0689453855156898,1.0508812740445137,repeat indices align samples but methods were timed sequentially; use independent-resample intervals
52,funnel,0,bucketed,history,128,512,4,17,1.0963763073086739,1.0318656340241432,repeat indices align samples but methods were timed sequentially; use independent-resample intervals
52,funnel,0,bucketed,history,128,512,4,18,1.1563227847218513,1.0191675946116447,repeat indices align samples but methods were timed sequentially; use independent-resample intervals
52,funnel,0,bucketed,history,128,512,4,19,1.1801676452159882,1.0531802773475647,repeat indices align samples but methods were timed sequentially; use independent-resample intervals
52,funnel,0,bucketed,history,128,512,4,20,1.1277455687522888,1.1290881410241127,repeat indices align samples but methods were timed sequentially; use independent-resample intervals
52,funnel,0,bucketed,history,128,512,4,21,1.1592876389622688,1.2681973725557327,repeat indices align samples but methods were timed sequentially; use independent-resample intervals
52,funnel,0,bucketed,history,128,512,4,22,1.1668984591960907,1.1936468482017517,repeat indices align samples but methods were timed sequentially; use independent-resample intervals
52,funnel,0,bucketed,history,128,512,4,23,1.109163410961628,1.1604246273636818,repeat indices align samples but methods were timed sequentially; use independent-resample intervals
52,funnel,0,bucketed,history,128,512,4,24,1.0558627918362617,1.1322477608919144,repeat indices align samples but methods were timed sequentially; use independent-resample intervals
52,funnel,0,bucketed,history,128,512,4,25,1.0643296539783478,1.132329285144806,repeat indices align samples but methods were timed sequentially; use independent-resample intervals
52,funnel,0,bucketed,history,128,512,4,26,1.2346332594752312,1.1370268315076828,repeat indices align samples but methods were timed sequentially; use independent-resample intervals
52,funnel,0,bucketed,history,128,512,4,27,1.180201306939125,1.19944878667593,repeat indices align samples but methods were timed sequentially; use independent-resample intervals
52,funnel,0,bucketed,history,128,512,4,28,1.1579857170581818,1.139905832707882,repeat indices align samples but methods were timed sequentially; use independent-resample intervals
52,funnel,0,bucketed,history,128,512,4,29,1.1555646061897278,1.0543944463133812,repeat indices align samples but methods were timed sequentially; use independent-resample intervals
53,funnel,0,bucketed,last_depth,64,512,4,0,1.3864593878388405,4.151904232800007,repeat indices align samples but methods were timed sequentially; use independent-resample intervals
53,funnel,0,bucketed,last_depth,64,512,4,1,1.2959344163537025,1.1047653034329414,repeat indices align samples but methods were timed sequentially; use independent-resample intervals
53,funnel,0,bucketed,last_depth,64,512,4,2,1.2138378471136093,1.2726991176605225,repeat indices align samples but methods were timed sequentially; use independent-resample intervals
53,funnel,0,bucketed,last_depth,64,512,4,3,1.2347033321857452,1.5138172656297684,repeat indices align samples but methods were timed sequentially; use independent-resample intervals
53,funnel,0,bucketed,last_depth,64,512,4,4,1.3895612210035324,1.73141610622406,repeat indices align samples but methods were timed sequentially; use independent-resample intervals
53,funnel,0,bucketed,last_depth,64,512,4,5,1.278620719909668,1.6298219934105873,repeat indices align samples but methods were timed sequentially; use independent-resample intervals
53,funnel,0,bucketed,last_depth,64,512,4,6,1.242760717868805,1.7470936626195908,repeat indices align samples but methods were timed sequentially; use independent-resample intervals
53,funnel,0,bucketed,last_depth,64,512,4,7,1.1880752369761467,1.4918720722198486,repeat indices align samples but methods were timed sequentially; use independent-resample intervals
53,funnel,0,bucketed,last_depth,64,512,4,8,1.361572578549385,1.6514922752976418,repeat indices align samples but methods were timed sequentially; use independent-resample intervals
53,funnel,0,bucketed,last_depth,64,512,4,9,1.2654194459319115,1.4041208922863007,repeat indices align samples but methods were timed sequentially; use independent-resample intervals
53,funnel,0,bucketed,last_depth,64,512,4,10,1.3529352024197578,1.2914666831493378,repeat indices align samples but methods were timed sequentially; use independent-resample intervals
53,funnel,0,bucketed,last_depth,64,512,4,11,1.2093410789966583,1.0058970674872398,repeat indices align samples but methods were timed sequentially; use independent-resample intervals
53,funnel,0,bucketed,last_depth,64,512,4,12,1.3992453590035439,1.1503944769501686,repeat indices align samples but methods were timed sequentially; use independent-resample intervals
53,funnel,0,bucketed,last_depth,64,512,4,13,1.4442817643284798,1.0337056666612625,repeat indices align samples but methods were timed sequentially; use independent-resample intervals
53,funnel,0,bucketed,last_depth,64,512,4,14,1.4133434444665909,1.0491023659706116,repeat indices align samples but methods were timed sequentially; use independent-resample intervals
53,funnel,0,bucketed,last_depth,64,512,4,15,1.4346983283758163,1.020586147904396,repeat indices align samples but methods were timed sequentially; use independent-resample intervals
53,funnel,0,bucketed,last_depth,64,512,4,16,1.4584881886839867,1.0508812740445137,repeat indices align samples but methods were timed sequentially; use independent-resample intervals
53,funnel,0,bucketed,last_depth,64,512,4,17,1.179515190422535,1.0318656340241432,repeat indices align samples but methods were timed sequentially; use independent-resample intervals
53,funnel,0,bucketed,last_depth,64,512,4,18,1.2929513081908226,1.0191675946116447,repeat indices align samples but methods were timed sequentially; use independent-resample intervals
53,funnel,0,bucketed,last_depth,64,512,4,19,1.287447765469551,1.0531802773475647,repeat indices align samples but methods were timed sequentially; use independent-resample intervals
53,funnel,0,bucketed,last_depth,64,512,4,20,1.2539849430322647,1.1290881410241127,repeat indices align samples but methods were timed sequentially; use independent-resample intervals
53,funnel,0,bucketed,last_depth,64,512,4,21,1.350318692624569,1.2681973725557327,repeat indices align samples but methods were timed sequentially; use independent-resample intervals
53,funnel,0,bucketed,last_depth,64,512,4,22,1.2857476249337196,1.1936468482017517,repeat indices align samples but methods were timed sequentially; use independent-resample intervals
53,funnel,0,bucketed,last_depth,64,512,4,23,1.1977088823914528,1.1604246273636818,repeat indices align samples but methods were timed sequentially; use independent-resample intervals
53,funnel,0,bucketed,last_depth,64,512,4,24,1.331460252404213,1.1322477608919144,repeat indices align samples but methods were timed sequentially; use independent-resample intervals
53,funnel,0,bucketed,last_depth,64,512,4,25,1.2937946021556854,1.132329285144806,repeat indices align samples but methods were timed sequentially; use independent-resample intervals
53,funnel,0,bucketed,last_depth,64,512,4,26,1.3576723709702492,1.1370268315076828,repeat indices align samples but methods were timed sequentially; use independent-resample intervals
53,funnel,0,bucketed,last_depth,64,512,4,27,1.4636340588331223,1.19944878667593,repeat indices align samples but methods were timed sequentially; use independent-resample intervals
53,funnel,0,bucketed,last_depth,64,512,4,28,1.4063944444060326,1.139905832707882,repeat indices align samples but methods were timed sequentially; use independent-resample intervals
53,funnel,0,bucketed,last_depth,64,512,4,29,1.5059133768081665,1.0543944463133812,repeat indices align samples but methods were timed sequentially; use independent-resample intervals
54,funnel,0,bucketed,last_depth,128,512,4,0,1.3495256155729294,4.151904232800007,repeat indices align samples but methods were timed sequentially; use independent-resample intervals
54,funnel,0,bucketed,last_depth,128,512,4,1,1.3085581064224243,1.1047653034329414,repeat indices align samples but methods were timed sequentially; use independent-resample intervals
54,funnel,0,bucketed,last_depth,128,512,4,2,1.4949109330773354,1.2726991176605225,repeat indices align samples but methods were timed sequentially; use independent-resample intervals
54,funnel,0,bucketed,last_depth,128,512,4,3,1.4697682932019234,1.5138172656297684,repeat indices align samples but methods were timed sequentially; use independent-resample intervals
54,funnel,0,bucketed,last_depth,128,512,4,4,1.269111417233944,1.73141610622406,repeat indices align samples but methods were timed sequentially; use independent-resample intervals
54,funnel,0,bucketed,last_depth,128,512,4,5,1.2989829555153847,1.6298219934105873,repeat indices align samples but methods were timed sequentially; use independent-resample intervals
54,funnel,0,bucketed,last_depth,128,512,4,6,1.3317586556077003,1.7470936626195908,repeat indices align samples but methods were timed sequentially; use independent-resample intervals
54,funnel,0,bucketed,last_depth,128,512,4,7,1.2800394594669342,1.4918720722198486,repeat indices align samples but methods were timed sequentially; use independent-resample intervals
54,funnel,0,bucketed,last_depth,128,512,4,8,1.3097043931484222,1.6514922752976418,repeat indices align samples but methods were timed sequentially; use independent-resample intervals
54,funnel,0,bucketed,last_depth,128,512,4,9,1.2704609483480453,1.4041208922863007,repeat indices align samples but methods were timed sequentially; use independent-resample intervals
54,funnel,0,bucketed,last_depth,128,512,4,10,1.2928795740008354,1.2914666831493378,repeat indices align samples but methods were timed sequentially; use independent-resample intervals
54,funnel,0,bucketed,last_depth,128,512,4,11,1.2954980581998825,1.0058970674872398,repeat indices align samples but methods were timed sequentially; use independent-resample intervals
54,funnel,0,bucketed,last_depth,128,512,4,12,1.2861665114760399,1.1503944769501686,repeat indices align samples but methods were timed sequentially; use independent-resample intervals
54,funnel,0,bucketed,last_depth,128,512,4,13,1.3410343080759048,1.0337056666612625,repeat indices align samples but methods were timed sequentially; use independent-resample intervals
54,funnel,0,bucketed,last_depth,128,512,4,14,1.2685824483633041,1.0491023659706116,repeat indices align samples but methods were timed sequentially; use independent-resample intervals
54,funnel,0,bucketed,last_depth,128,512,4,15,1.240050032734871,1.020586147904396,repeat indices align samples but methods were timed sequentially; use independent-resample intervals
54,funnel,0,bucketed,last_depth,128,512,4,16,1.2290541380643845,1.0508812740445137,repeat indices align samples but methods were timed sequentially; use independent-resample intervals
54,funnel,0,bucketed,last_depth,128,512,4,17,1.3086367845535278,1.0318656340241432,repeat indices align samples but methods were timed sequentially; use independent-resample intervals
54,funnel,0,bucketed,last_depth,128,512,4,18,1.2006723210215569,1.0191675946116447,repeat indices align samples but methods were timed sequentially; use independent-resample intervals
54,funnel,0,bucketed,last_depth,128,512,4,19,1.3037588149309158,1.0531802773475647,repeat indices align samples but methods were timed sequentially; use independent-resample intervals
54,funnel,0,bucketed,last_depth,128,512,4,20,1.282923735678196,1.1290881410241127,repeat indices align samples but methods were timed sequentially; use independent-resample intervals
54,funnel,0,bucketed,last_depth,128,512,4,21,1.402200996875763,1.2681973725557327,repeat indices align samples but methods were timed sequentially; use independent-resample intervals
54,funnel,0,bucketed,last_depth,128,512,4,22,1.3165469318628311,1.1936468482017517,repeat indices align samples but methods were timed sequentially; use independent-resample intervals
54,funnel,0,bucketed,last_depth,128,512,4,23,1.276325985789299,1.1604246273636818,repeat indices align samples but methods were timed sequentially; use independent-resample intervals
54,funnel,0,bucketed,last_depth,128,512,4,24,1.3374507054686546,1.1322477608919144,repeat indices align samples but methods were timed sequentially; use independent-resample intervals
54,funnel,0,bucketed,last_depth,128,512,4,25,1.2948047146201134,1.132329285144806,repeat indices align samples but methods were timed sequentially; use independent-resample intervals
54,funnel,0,bucketed,last_depth,128,512,4,26,1.3211561813950539,1.1370268315076828,repeat indices align samples but methods were timed sequentially; use independent-resample intervals
54,funnel,0,bucketed,last_depth,128,512,4,27,1.302817240357399,1.19944878667593,repeat indices align samples but methods were timed sequentially; use independent-resample intervals
54,funnel,0,bucketed,last_depth,128,512,4,28,1.314837984740734,1.139905832707882,repeat indices align samples but methods were timed sequentially; use independent-resample intervals
54,funnel,0,bucketed,last_depth,128,512,4,29,1.3470269590616226,1.0543944463133812,repeat indices align samples but methods were timed sequentially; use independent-resample intervals
55,funnel,1,monolithic,monolithic,0,512,4,0,0.9930862784385681,0.9930862784385681,repeat indices align samples but methods were timed sequentially; use independent-resample intervals
55,funnel,1,monolithic,monolithic,0,512,4,1,0.998510904610157,0.998510904610157,repeat indices align samples but methods were timed sequentially; use independent-resample intervals
55,funnel,1,monolithic,monolithic,0,512,4,2,1.0115381106734276,1.0115381106734276,repeat indices align samples but methods were timed sequentially; use independent-resample intervals
55,funnel,1,monolithic,monolithic,0,512,4,3,1.0156640335917473,1.0156640335917473,repeat indices align samples but methods were timed sequentially; use independent-resample intervals
55,funnel,1,monolithic,monolithic,0,512,4,4,1.0187966004014015,1.0187966004014015,repeat indices align samples but methods were timed sequentially; use independent-resample intervals
55,funnel,1,monolithic,monolithic,0,512,4,5,0.9691722467541695,0.9691722467541695,repeat indices align samples but methods were timed sequentially; use independent-resample intervals
55,funnel,1,monolithic,monolithic,0,512,4,6,1.0074724406003952,1.0074724406003952,repeat indices align samples but methods were timed sequentially; use independent-resample intervals
55,funnel,1,monolithic,monolithic,0,512,4,7,0.9977444410324097,0.9977444410324097,repeat indices align samples but methods were timed sequentially; use independent-resample intervals
55,funnel,1,monolithic,monolithic,0,512,4,8,1.0300173088908195,1.0300173088908195,repeat indices align samples but methods were timed sequentially; use independent-resample intervals
55,funnel,1,monolithic,monolithic,0,512,4,9,1.0197306275367737,1.0197306275367737,repeat indices align samples but methods were timed sequentially; use independent-resample intervals
55,funnel,1,monolithic,monolithic,0,512,4,10,1.0216866508126259,1.0216866508126259,repeat indices align samples but methods were timed sequentially; use independent-resample intervals
55,funnel,1,monolithic,monolithic,0,512,4,11,1.0186552628874779,1.0186552628874779,repeat indices align samples but methods were timed sequentially; use independent-resample intervals
55,funnel,1,monolithic,monolithic,0,512,4,12,1.6412919461727142,1.6412919461727142,repeat indices align samples but methods were timed sequentially; use independent-resample intervals
55,funnel,1,monolithic,monolithic,0,512,4,13,1.3882340714335442,1.3882340714335442,repeat indices align samples but methods were timed sequentially; use independent-resample intervals
55,funnel,1,monolithic,monolithic,0,512,4,14,0.9950406327843666,0.9950406327843666,repeat indices align samples but methods were timed sequentially; use independent-resample intervals
55,funnel,1,monolithic,monolithic,0,512,4,15,1.0073577165603638,1.0073577165603638,repeat indices align samples but methods were timed sequentially; use independent-resample intervals
55,funnel,1,monolithic,monolithic,0,512,4,16,1.0139219239354134,1.0139219239354134,repeat indices align samples but methods were timed sequentially; use independent-resample intervals
55,funnel,1,monolithic,monolithic,0,512,4,17,0.9592025056481361,0.9592025056481361,repeat indices align samples but methods were timed sequentially; use independent-resample intervals
55,funnel,1,monolithic,monolithic,0,512,4,18,1.1856975853443146,1.1856975853443146,repeat indices align samples but methods were timed sequentially; use independent-resample intervals
55,funnel,1,monolithic,monolithic,0,512,4,19,1.2149398550391197,1.2149398550391197,repeat indices align samples but methods were timed sequentially; use independent-resample intervals
55,funnel,1,monolithic,monolithic,0,512,4,20,1.158484824001789,1.158484824001789,repeat indices align samples but methods were timed sequentially; use independent-resample intervals
55,funnel,1,monolithic,monolithic,0,512,4,21,1.197580561041832,1.197580561041832,repeat indices align samples but methods were timed sequentially; use independent-resample intervals
55,funnel,1,monolithic,monolithic,0,512,4,22,1.0759496539831161,1.0759496539831161,repeat indices align samples but methods were timed sequentially; use independent-resample intervals
55,funnel,1,monolithic,monolithic,0,512,4,23,1.112091563642025,1.112091563642025,repeat indices align samples but methods were timed sequentially; use independent-resample intervals
55,funnel,1,monolithic,monolithic,0,512,4,24,1.1586581841111183,1.1586581841111183,repeat indices align samples but methods were timed sequentially; use independent-resample intervals
55,funnel,1,monolithic,monolithic,0,512,4,25,1.1925467997789383,1.1925467997789383,repeat indices align samples but methods were timed sequentially; use independent-resample intervals
55,funnel,1,monolithic,monolithic,0,512,4,26,1.1592180281877518,1.1592180281877518,repeat indices align samples but methods were timed sequentially; use independent-resample intervals
55,funnel,1,monolithic,monolithic,0,512,4,27,1.1554159447550774,1.1554159447550774,repeat indices align samples but methods were timed sequentially; use independent-resample intervals
55,funnel,1,monolithic,monolithic,0,512,4,28,1.0398167073726654,1.0398167073726654,repeat indices align samples but methods were timed sequentially; use independent-resample intervals
55,funnel,1,monolithic,monolithic,0,512,4,29,1.1071832701563835,1.1071832701563835,repeat indices align samples but methods were timed sequentially; use independent-resample intervals
56,funnel,1,bucketed,history,64,512,4,0,1.485898181796074,0.9930862784385681,repeat indices align samples but methods were timed sequentially; use independent-resample intervals
56,funnel,1,bucketed,history,64,512,4,1,1.549149475991726,0.998510904610157,repeat indices align samples but methods were timed sequentially; use independent-resample intervals
56,funnel,1,bucketed,history,64,512,4,2,1.762971006333828,1.0115381106734276,repeat indices align samples but methods were timed sequentially; use independent-resample intervals
56,funnel,1,bucketed,history,64,512,4,3,1.8236482366919518,1.0156640335917473,repeat indices align samples but methods were timed sequentially; use independent-resample intervals
56,funnel,1,bucketed,history,64,512,4,4,1.807537280023098,1.0187966004014015,repeat indices align samples but methods were timed sequentially; use independent-resample intervals
56,funnel,1,bucketed,history,64,512,4,5,1.6018668934702873,0.9691722467541695,repeat indices align samples but methods were timed sequentially; use independent-resample intervals
56,funnel,1,bucketed,history,64,512,4,6,1.5204470455646515,1.0074724406003952,repeat indices align samples but methods were timed sequentially; use independent-resample intervals
56,funnel,1,bucketed,history,64,512,4,7,1.5685259997844696,0.9977444410324097,repeat indices align samples but methods were timed sequentially; use independent-resample intervals
56,funnel,1,bucketed,history,64,512,4,8,1.1627661809325218,1.0300173088908195,repeat indices align samples but methods were timed sequentially; use independent-resample intervals
56,funnel,1,bucketed,history,64,512,4,9,1.0144454687833786,1.0197306275367737,repeat indices align samples but methods were timed sequentially; use independent-resample intervals
56,funnel,1,bucketed,history,64,512,4,10,1.057592399418354,1.0216866508126259,repeat indices align samples but methods were timed sequentially; use independent-resample intervals
56,funnel,1,bucketed,history,64,512,4,11,1.1119745001196861,1.0186552628874779,repeat indices align samples but methods were timed sequentially; use independent-resample intervals
56,funnel,1,bucketed,history,64,512,4,12,1.1711378693580627,1.6412919461727142,repeat indices align samples but methods were timed sequentially; use independent-resample intervals
56,funnel,1,bucketed,history,64,512,4,13,1.0699972957372665,1.3882340714335442,repeat indices align samples but methods were timed sequentially; use independent-resample intervals
56,funnel,1,bucketed,history,64,512,4,14,1.0428281053900719,0.9950406327843666,repeat indices align samples but methods were timed sequentially; use independent-resample intervals
56,funnel,1,bucketed,history,64,512,4,15,1.1244492009282112,1.0073577165603638,repeat indices align samples but methods were timed sequentially; use independent-resample intervals
56,funnel,1,bucketed,history,64,512,4,16,1.0006265118718147,1.0139219239354134,repeat indices align samples but methods were timed sequentially; use independent-resample intervals
56,funnel,1,bucketed,history,64,512,4,17,1.131611168384552,0.9592025056481361,repeat indices align samples but methods were timed sequentially; use independent-resample intervals
56,funnel,1,bucketed,history,64,512,4,18,1.1987513303756714,1.1856975853443146,repeat indices align samples but methods were timed sequentially; use independent-resample intervals
56,funnel,1,bucketed,history,64,512,4,19,1.361115738749504,1.2149398550391197,repeat indices align samples but methods were timed sequentially; use independent-resample intervals
56,funnel,1,bucketed,history,64,512,4,20,1.2155959829688072,1.158484824001789,repeat indices align samples but methods were timed sequentially; use independent-resample intervals
56,funnel,1,bucketed,history,64,512,4,21,1.1669980436563492,1.197580561041832,repeat indices align samples but methods were timed sequentially; use independent-resample intervals
56,funnel,1,bucketed,history,64,512,4,22,1.2133653685450554,1.0759496539831161,repeat indices align samples but methods were timed sequentially; use independent-resample intervals
56,funnel,1,bucketed,history,64,512,4,23,1.105146937072277,1.112091563642025,repeat indices align samples but methods were timed sequentially; use independent-resample intervals
56,funnel,1,bucketed,history,64,512,4,24,1.2015834525227547,1.1586581841111183,repeat indices align samples but methods were timed sequentially; use independent-resample intervals
56,funnel,1,bucketed,history,64,512,4,25,1.0703698992729187,1.1925467997789383,repeat indices align samples but methods were timed sequentially; use independent-resample intervals
56,funnel,1,bucketed,history,64,512,4,26,1.1784321293234825,1.1592180281877518,repeat indices align samples but methods were timed sequentially; use independent-resample intervals
56,funnel,1,bucketed,history,64,512,4,27,1.0971475541591644,1.1554159447550774,repeat indices align samples but methods were timed sequentially; use independent-resample intervals
56,funnel,1,bucketed,history,64,512,4,28,1.1737661436200142,1.0398167073726654,repeat indices align samples but methods were timed sequentially; use independent-resample intervals
56,funnel,1,bucketed,history,64,512,4,29,1.1192190870642662,1.1071832701563835,repeat indices align samples but methods were timed sequentially; use independent-resample intervals
57,funnel,1,bucketed,history,128,512,4,0,1.067898117005825,0.9930862784385681,repeat indices align samples but methods were timed sequentially; use independent-resample intervals
57,funnel,1,bucketed,history,128,512,4,1,1.1064922884106636,0.998510904610157,repeat indices align samples but methods were timed sequentially; use independent-resample intervals
57,funnel,1,bucketed,history,128,512,4,2,1.134946532547474,1.0115381106734276,repeat indices align samples but methods were timed sequentially; use independent-resample intervals
57,funnel,1,bucketed,history,128,512,4,3,1.1189610734581947,1.0156640335917473,repeat indices align samples but methods were timed sequentially; use independent-resample intervals
57,funnel,1,bucketed,history,128,512,4,4,1.0881593078374863,1.0187966004014015,repeat indices align samples but methods were timed sequentially; use independent-resample intervals
57,funnel,1,bucketed,history,128,512,4,5,1.1353500708937645,0.9691722467541695,repeat indices align samples but methods were timed sequentially; use independent-resample intervals
57,funnel,1,bucketed,history,128,512,4,6,1.0840556547045708,1.0074724406003952,repeat indices align samples but methods were timed sequentially; use independent-resample intervals
57,funnel,1,bucketed,history,128,512,4,7,1.1556303054094315,0.9977444410324097,repeat indices align samples but methods were timed sequentially; use independent-resample intervals
57,funnel,1,bucketed,history,128,512,4,8,1.1074676811695099,1.0300173088908195,repeat indices align samples but methods were timed sequentially; use independent-resample intervals
57,funnel,1,bucketed,history,128,512,4,9,1.1451351791620255,1.0197306275367737,repeat indices align samples but methods were timed sequentially; use independent-resample intervals
57,funnel,1,bucketed,history,128,512,4,10,1.1100048497319221,1.0216866508126259,repeat indices align samples but methods were timed sequentially; use independent-resample intervals
57,funnel,1,bucketed,history,128,512,4,11,1.0246868282556534,1.0186552628874779,repeat indices align samples but methods were timed sequentially; use independent-resample intervals
57,funnel,1,bucketed,history,128,512,4,12,0.9695198982954025,1.6412919461727142,repeat indices align samples but methods were timed sequentially; use independent-resample intervals
57,funnel,1,bucketed,history,128,512,4,13,1.159607745707035,1.3882340714335442,repeat indices align samples but methods were timed sequentially; use independent-resample intervals
57,funnel,1,bucketed,history,128,512,4,14,1.3140799403190613,0.9950406327843666,repeat indices align samples but methods were timed sequentially; use independent-resample intervals
57,funnel,1,bucketed,history,128,512,4,15,1.3655715882778168,1.0073577165603638,repeat indices align samples but methods were timed sequentially; use independent-resample intervals
57,funnel,1,bucketed,history,128,512,4,16,1.0891557931900024,1.0139219239354134,repeat indices align samples but methods were timed sequentially; use independent-resample intervals
57,funnel,1,bucketed,history,128,512,4,17,1.1524770930409431,0.9592025056481361,repeat indices align samples but methods were timed sequentially; use independent-resample intervals
57,funnel,1,bucketed,history,128,512,4,18,0.9897587895393372,1.1856975853443146,repeat indices align samples but methods were timed sequentially; use independent-resample intervals
57,funnel,1,bucketed,history,128,512,4,19,1.119196593761444,1.2149398550391197,repeat indices align samples but methods were timed sequentially; use independent-resample intervals
57,funnel,1,bucketed,history,128,512,4,20,1.1371691450476646,1.158484824001789,repeat indices align samples but methods were timed sequentially; use independent-resample intervals
57,funnel,1,bucketed,history,128,512,4,21,0.9783270806074142,1.197580561041832,repeat indices align samples but methods were timed sequentially; use independent-resample intervals
57,funnel,1,bucketed,history,128,512,4,22,0.9631130546331406,1.0759496539831161,repeat indices align samples but methods were timed sequentially; use independent-resample intervals
57,funnel,1,bucketed,history,128,512,4,23,1.0945464447140694,1.112091563642025,repeat indices align samples but methods were timed sequentially; use independent-resample intervals
57,funnel,1,bucketed,history,128,512,4,24,1.0504311099648476,1.1586581841111183,repeat indices align samples but methods were timed sequentially; use independent-resample intervals
57,funnel,1,bucketed,history,128,512,4,25,1.0908255353569984,1.1925467997789383,repeat indices align samples but methods were timed sequentially; use independent-resample intervals
57,funnel,1,bucketed,history,128,512,4,26,1.0310842245817184,1.1592180281877518,repeat indices align samples but methods were timed sequentially; use independent-resample intervals
57,funnel,1,bucketed,history,128,512,4,27,0.9961482733488083,1.1554159447550774,repeat indices align samples but methods were timed sequentially; use independent-resample intervals
57,funnel,1,bucketed,history,128,512,4,28,1.091214694082737,1.0398167073726654,repeat indices align samples but methods were timed sequentially; use independent-resample intervals
57,funnel,1,bucketed,history,128,512,4,29,1.0249196588993073,1.1071832701563835,repeat indices align samples but methods were timed sequentially; use independent-resample intervals
58,funnel,1,bucketed,last_depth,64,512,4,0,1.1428536996245384,0.9930862784385681,repeat indices align samples but methods were timed sequentially; use independent-resample intervals
58,funnel,1,bucketed,last_depth,64,512,4,1,1.199677124619484,0.998510904610157,repeat indices align samples but methods were timed sequentially; use independent-resample intervals
58,funnel,1,bucketed,last_depth,64,512,4,2,1.2179370746016502,1.0115381106734276,repeat indices align samples but methods were timed sequentially; use independent-resample intervals
58,funnel,1,bucketed,last_depth,64,512,4,3,1.1878262087702751,1.0156640335917473,repeat indices align samples but methods were timed sequentially; use independent-resample intervals
58,funnel,1,bucketed,last_depth,64,512,4,4,1.2298548221588135,1.0187966004014015,repeat indices align samples but methods were timed sequentially; use independent-resample intervals
58,funnel,1,bucketed,last_depth,64,512,4,5,1.1574311032891273,0.9691722467541695,repeat indices align samples but methods were timed sequentially; use independent-resample intervals
58,funnel,1,bucketed,last_depth,64,512,4,6,1.0571696311235428,1.0074724406003952,repeat indices align samples but methods were timed sequentially; use independent-resample intervals
58,funnel,1,bucketed,last_depth,64,512,4,7,1.2282877787947655,0.9977444410324097,repeat indices align samples but methods were timed sequentially; use independent-resample intervals
58,funnel,1,bucketed,last_depth,64,512,4,8,1.2933708727359772,1.0300173088908195,repeat indices align samples but methods were timed sequentially; use independent-resample intervals
58,funnel,1,bucketed,last_depth,64,512,4,9,1.1244278252124786,1.0197306275367737,repeat indices align samples but methods were timed sequentially; use independent-resample intervals
58,funnel,1,bucketed,last_depth,64,512,4,10,1.1736067980527878,1.0216866508126259,repeat indices align samples but methods were timed sequentially; use independent-resample intervals
58,funnel,1,bucketed,last_depth,64,512,4,11,1.1377948597073555,1.0186552628874779,repeat indices align samples but methods were timed sequentially; use independent-resample intervals
58,funnel,1,bucketed,last_depth,64,512,4,12,1.072805792093277,1.6412919461727142,repeat indices align samples but methods were timed sequentially; use independent-resample intervals
58,funnel,1,bucketed,last_depth,64,512,4,13,1.1625508069992065,1.3882340714335442,repeat indices align samples but methods were timed sequentially; use independent-resample intervals
58,funnel,1,bucketed,last_depth,64,512,4,14,1.1111805886030197,0.9950406327843666,repeat indices align samples but methods were timed sequentially; use independent-resample intervals
58,funnel,1,bucketed,last_depth,64,512,4,15,1.2058379277586937,1.0073577165603638,repeat indices align samples but methods were timed sequentially; use independent-resample intervals
58,funnel,1,bucketed,last_depth,64,512,4,16,1.3730819448828697,1.0139219239354134,repeat indices align samples but methods were timed sequentially; use independent-resample intervals
58,funnel,1,bucketed,last_depth,64,512,4,17,1.3127126023173332,0.9592025056481361,repeat indices align samples but methods were timed sequentially; use independent-resample intervals
58,funnel,1,bucketed,last_depth,64,512,4,18,1.0978805795311928,1.1856975853443146,repeat indices align samples but methods were timed sequentially; use independent-resample intervals
58,funnel,1,bucketed,last_depth,64,512,4,19,1.1979324370622635,1.2149398550391197,repeat indices align samples but methods were timed sequentially; use independent-resample intervals
58,funnel,1,bucketed,last_depth,64,512,4,20,1.2284755557775497,1.158484824001789,repeat indices align samples but methods were timed sequentially; use independent-resample intervals
58,funnel,1,bucketed,last_depth,64,512,4,21,1.188278153538704,1.197580561041832,repeat indices align samples but methods were timed sequentially; use independent-resample intervals
58,funnel,1,bucketed,last_depth,64,512,4,22,1.295816332101822,1.0759496539831161,repeat indices align samples but methods were timed sequentially; use independent-resample intervals
58,funnel,1,bucketed,last_depth,64,512,4,23,1.190900295972824,1.112091563642025,repeat indices align samples but methods were timed sequentially; use independent-resample intervals
58,funnel,1,bucketed,last_depth,64,512,4,24,1.2493749484419823,1.1586581841111183,repeat indices align samples but methods were timed sequentially; use independent-resample intervals
58,funnel,1,bucketed,last_depth,64,512,4,25,1.160376213490963,1.1925467997789383,repeat indices align samples but methods were timed sequentially; use independent-resample intervals
58,funnel,1,bucketed,last_depth,64,512,4,26,1.106383964419365,1.1592180281877518,repeat indices align samples but methods were timed sequentially; use independent-resample intervals
58,funnel,1,bucketed,last_depth,64,512,4,27,1.0377089455723763,1.1554159447550774,repeat indices align samples but methods were timed sequentially; use independent-resample intervals
58,funnel,1,bucketed,last_depth,64,512,4,28,1.2329961508512497,1.0398167073726654,repeat indices align samples but methods were timed sequentially; use independent-resample intervals
58,funnel,1,bucketed,last_depth,64,512,4,29,1.2196471691131592,1.1071832701563835,repeat indices align samples but methods were timed sequentially; use independent-resample intervals
59,funnel,1,bucketed,last_depth,128,512,4,0,1.3593245148658752,0.9930862784385681,repeat indices align samples but methods were timed sequentially; use independent-resample intervals
59,funnel,1,bucketed,last_depth,128,512,4,1,1.0831152349710464,0.998510904610157,repeat indices align samples but methods were timed sequentially; use independent-resample intervals
59,funnel,1,bucketed,last_depth,128,512,4,2,1.0841375663876534,1.0115381106734276,repeat indices align samples but methods were timed sequentially; use independent-resample intervals
59,funnel,1,bucketed,last_depth,128,512,4,3,1.1426258608698845,1.0156640335917473,repeat indices align samples but methods were timed sequentially; use independent-resample intervals
59,funnel,1,bucketed,last_depth,128,512,4,4,1.1473065838217735,1.0187966004014015,repeat indices align samples but methods were timed sequentially; use independent-resample intervals
59,funnel,1,bucketed,last_depth,128,512,4,5,1.1000319197773933,0.9691722467541695,repeat indices align samples but methods were timed sequentially; use independent-resample intervals
59,funnel,1,bucketed,last_depth,128,512,4,6,1.0657707452774048,1.0074724406003952,repeat indices align samples but methods were timed sequentially; use independent-resample intervals
59,funnel,1,bucketed,last_depth,128,512,4,7,1.0897936299443245,0.9977444410324097,repeat indices align samples but methods were timed sequentially; use independent-resample intervals
59,funnel,1,bucketed,last_depth,128,512,4,8,1.2522414922714233,1.0300173088908195,repeat indices align samples but methods were timed sequentially; use independent-resample intervals
59,funnel,1,bucketed,last_depth,128,512,4,9,1.148394986987114,1.0197306275367737,repeat indices align samples but methods were timed sequentially; use independent-resample intervals
59,funnel,1,bucketed,last_depth,128,512,4,10,1.0643525645136833,1.0216866508126259,repeat indices align samples but methods were timed sequentially; use independent-resample intervals
59,funnel,1,bucketed,last_depth,128,512,4,11,1.143925502896309,1.0186552628874779,repeat indices align samples but methods were timed sequentially; use independent-resample intervals
59,funnel,1,bucketed,last_depth,128,512,4,12,1.1949823424220085,1.6412919461727142,repeat indices align samples but methods were timed sequentially; use independent-resample intervals
59,funnel,1,bucketed,last_depth,128,512,4,13,1.0517156422138214,1.3882340714335442,repeat indices align samples but methods were timed sequentially; use independent-resample intervals
59,funnel,1,bucketed,last_depth,128,512,4,14,1.069968357682228,0.9950406327843666,repeat indices align samples but methods were timed sequentially; use independent-resample intervals
59,funnel,1,bucketed,last_depth,128,512,4,15,1.045447014272213,1.0073577165603638,repeat indices align samples but methods were timed sequentially; use independent-resample intervals
59,funnel,1,bucketed,last_depth,128,512,4,16,1.1251500844955444,1.0139219239354134,repeat indices align samples but methods were timed sequentially; use independent-resample intervals
59,funnel,1,bucketed,last_depth,128,512,4,17,1.0535567998886108,0.9592025056481361,repeat indices align samples but methods were timed sequentially; use independent-resample intervals
59,funnel,1,bucketed,last_depth,128,512,4,18,1.2529178261756897,1.1856975853443146,repeat indices align samples but methods were timed sequentially; use independent-resample intervals
59,funnel,1,bucketed,last_depth,128,512,4,19,1.134857527911663,1.2149398550391197,repeat indices align samples but methods were timed sequentially; use independent-resample intervals
59,funnel,1,bucketed,last_depth,128,512,4,20,1.1065116450190544,1.158484824001789,repeat indices align samples but methods were timed sequentially; use independent-resample intervals
59,funnel,1,bucketed,last_depth,128,512,4,21,1.1345984265208244,1.197580561041832,repeat indices align samples but methods were timed sequentially; use independent-resample intervals
59,funnel,1,bucketed,last_depth,128,512,4,22,1.148972012102604,1.0759496539831161,repeat indices align samples but methods were timed sequentially; use independent-resample intervals
59,funnel,1,bucketed,last_depth,128,512,4,23,1.1029686331748962,1.112091563642025,repeat indices align samples but methods were timed sequentially; use independent-resample intervals
59,funnel,1,bucketed,last_depth,128,512,4,24,1.0371000096201897,1.1586581841111183,repeat indices align samples but methods were timed sequentially; use independent-resample intervals
59,funnel,1,bucketed,last_depth,128,512,4,25,1.240526296198368,1.1925467997789383,repeat indices align samples but methods were timed sequentially; use independent-resample intervals
59,funnel,1,bucketed,last_depth,128,512,4,26,1.1878486350178719,1.1592180281877518,repeat indices align samples but methods were timed sequentially; use independent-resample intervals
59,funnel,1,bucketed,last_depth,128,512,4,27,1.1075298488140106,1.1554159447550774,repeat indices align samples but methods were timed sequentially; use independent-resample intervals
59,funnel,1,bucketed,last_depth,128,512,4,28,1.298771746456623,1.0398167073726654,repeat indices align samples but methods were timed sequentially; use independent-resample intervals
59,funnel,1,bucketed,last_depth,128,512,4,29,1.1769530177116394,1.1071832701563835,repeat indices align samples but methods were timed sequentially; use independent-resample intervals
60,funnel,2,monolithic,monolithic,0,512,4,0,1.1674297377467155,1.1674297377467155,repeat indices align samples but methods were timed sequentially; use independent-resample intervals
60,funnel,2,monolithic,monolithic,0,512,4,1,1.0819939374923706,1.0819939374923706,repeat indices align samples but methods were timed sequentially; use independent-resample intervals
60,funnel,2,monolithic,monolithic,0,512,4,2,1.1217717230319977,1.1217717230319977,repeat indices align samples but methods were timed sequentially; use independent-resample intervals
60,funnel,2,monolithic,monolithic,0,512,4,3,1.0829316601157188,1.0829316601157188,repeat indices align samples but methods were timed sequentially; use independent-resample intervals
60,funnel,2,monolithic,monolithic,0,512,4,4,1.2010986506938934,1.2010986506938934,repeat indices align samples but methods were timed sequentially; use independent-resample intervals
60,funnel,2,monolithic,monolithic,0,512,4,5,1.14981197565794,1.14981197565794,repeat indices align samples but methods were timed sequentially; use independent-resample intervals
60,funnel,2,monolithic,monolithic,0,512,4,6,1.05356914550066,1.05356914550066,repeat indices align samples but methods were timed sequentially; use independent-resample intervals
60,funnel,2,monolithic,monolithic,0,512,4,7,1.0148155093193054,1.0148155093193054,repeat indices align samples but methods were timed sequentially; use independent-resample intervals
60,funnel,2,monolithic,monolithic,0,512,4,8,1.1340906545519829,1.1340906545519829,repeat indices align samples but methods were timed sequentially; use independent-resample intervals
60,funnel,2,monolithic,monolithic,0,512,4,9,1.1537803336977959,1.1537803336977959,repeat indices align samples but methods were timed sequentially; use independent-resample intervals
60,funnel,2,monolithic,monolithic,0,512,4,10,1.0594502314925194,1.0594502314925194,repeat indices align samples but methods were timed sequentially; use independent-resample intervals
60,funnel,2,monolithic,monolithic,0,512,4,11,1.0565214157104492,1.0565214157104492,repeat indices align samples but methods were timed sequentially; use independent-resample intervals
60,funnel,2,monolithic,monolithic,0,512,4,12,1.1982768774032593,1.1982768774032593,repeat indices align samples but methods were timed sequentially; use independent-resample intervals
60,funnel,2,monolithic,monolithic,0,512,4,13,1.114005632698536,1.114005632698536,repeat indices align samples but methods were timed sequentially; use independent-resample intervals
60,funnel,2,monolithic,monolithic,0,512,4,14,1.0328770354390144,1.0328770354390144,repeat indices align samples but methods were timed sequentially; use independent-resample intervals
60,funnel,2,monolithic,monolithic,0,512,4,15,1.0417136028409004,1.0417136028409004,repeat indices align samples but methods were timed sequentially; use independent-resample intervals
60,funnel,2,monolithic,monolithic,0,512,4,16,1.0478253439068794,1.0478253439068794,repeat indices align samples but methods were timed sequentially; use independent-resample intervals
60,funnel,2,monolithic,monolithic,0,512,4,17,1.0858977437019348,1.0858977437019348,repeat indices align samples but methods were timed sequentially; use independent-resample intervals
60,funnel,2,monolithic,monolithic,0,512,4,18,1.1843565553426743,1.1843565553426743,repeat indices align samples but methods were timed sequentially; use independent-resample intervals
60,funnel,2,monolithic,monolithic,0,512,4,19,0.993253082036972,0.993253082036972,repeat indices align samples but methods were timed sequentially; use independent-resample intervals
60,funnel,2,monolithic,monolithic,0,512,4,20,1.0961170569062233,1.0961170569062233,repeat indices align samples but methods were timed sequentially; use independent-resample intervals
60,funnel,2,monolithic,monolithic,0,512,4,21,1.1454431489109993,1.1454431489109993,repeat indices align samples but methods were timed sequentially; use independent-resample intervals
60,funnel,2,monolithic,monolithic,0,512,4,22,1.1481182500720024,1.1481182500720024,repeat indices align samples but methods were timed sequentially; use independent-resample intervals
60,funnel,2,monolithic,monolithic,0,512,4,23,1.2539978995919228,1.2539978995919228,repeat indices align samples but methods were timed sequentially; use independent-resample intervals
60,funnel,2,monolithic,monolithic,0,512,4,24,1.2323360070586205,1.2323360070586205,repeat indices align samples but methods were timed sequentially; use independent-resample intervals
60,funnel,2,monolithic,monolithic,0,512,4,25,1.1954377740621567,1.1954377740621567,repeat indices align samples but methods were timed sequentially; use independent-resample intervals
60,funnel,2,monolithic,monolithic,0,512,4,26,1.1849593371152878,1.1849593371152878,repeat indices align samples but methods were timed sequentially; use independent-resample intervals
60,funnel,2,monolithic,monolithic,0,512,4,27,1.0833191573619843,1.0833191573619843,repeat indices align samples but methods were timed sequentially; use independent-resample intervals
60,funnel,2,monolithic,monolithic,0,512,4,28,1.044198453426361,1.044198453426361,repeat indices align samples but methods were timed sequentially; use independent-resample intervals
60,funnel,2,monolithic,monolithic,0,512,4,29,1.0939689427614212,1.0939689427614212,repeat indices align samples but methods were timed sequentially; use independent-resample intervals
61,funnel,2,bucketed,history,64,512,4,0,1.1022115647792816,1.1674297377467155,repeat indices align samples but methods were timed sequentially; use independent-resample intervals
61,funnel,2,bucketed,history,64,512,4,1,1.1085111945867538,1.0819939374923706,repeat indices align samples but methods were timed sequentially; use independent-resample intervals
61,funnel,2,bucketed,history,64,512,4,2,1.0728836357593536,1.1217717230319977,repeat indices align samples but methods were timed sequentially; use independent-resample intervals
61,funnel,2,bucketed,history,64,512,4,3,1.0443124622106552,1.0829316601157188,repeat indices align samples but methods were timed sequentially; use independent-resample intervals
61,funnel,2,bucketed,history,64,512,4,4,1.1375351920723915,1.2010986506938934,repeat indices align samples but methods were timed sequentially; use independent-resample intervals
61,funnel,2,bucketed,history,64,512,4,5,1.113739237189293,1.14981197565794,repeat indices align samples but methods were timed sequentially; use independent-resample intervals
61,funnel,2,bucketed,history,64,512,4,6,1.0946787148714066,1.05356914550066,repeat indices align samples but methods were timed sequentially; use independent-resample intervals
61,funnel,2,bucketed,history,64,512,4,7,1.0365469008684158,1.0148155093193054,repeat indices align samples but methods were timed sequentially; use independent-resample intervals
61,funnel,2,bucketed,history,64,512,4,8,1.0969626754522324,1.1340906545519829,repeat indices align samples but methods were timed sequentially; use independent-resample intervals
61,funnel,2,bucketed,history,64,512,4,9,1.1899563521146774,1.1537803336977959,repeat indices align samples but methods were timed sequentially; use independent-resample intervals
61,funnel,2,bucketed,history,64,512,4,10,1.1708154082298279,1.0594502314925194,repeat indices align samples but methods were timed sequentially; use independent-resample intervals
61,funnel,2,bucketed,history,64,512,4,11,1.220634214580059,1.0565214157104492,repeat indices align samples but methods were timed sequentially; use independent-resample intervals
61,funnel,2,bucketed,history,64,512,4,12,1.2067877501249313,1.1982768774032593,repeat indices align samples but methods were timed sequentially; use independent-resample intervals
61,funnel,2,bucketed,history,64,512,4,13,1.1079172790050507,1.114005632698536,repeat indices align samples but methods were timed sequentially; use independent-resample intervals
61,funnel,2,bucketed,history,64,512,4,14,1.163058564066887,1.0328770354390144,repeat indices align samples but methods were timed sequentially; use independent-resample intervals
61,funnel,2,bucketed,history,64,512,4,15,1.2575216740369797,1.0417136028409004,repeat indices align samples but methods were timed sequentially; use independent-resample intervals
61,funnel,2,bucketed,history,64,512,4,16,1.0812696814537048,1.0478253439068794,repeat indices align samples but methods were timed sequentially; use independent-resample intervals
61,funnel,2,bucketed,history,64,512,4,17,1.1936116367578506,1.0858977437019348,repeat indices align samples but methods were timed sequentially; use independent-resample intervals
61,funnel,2,bucketed,history,64,512,4,18,1.1005082577466965,1.1843565553426743,repeat indices align samples but methods were timed sequentially; use independent-resample intervals
61,funnel,2,bucketed,history,64,512,4,19,1.08390973508358,0.993253082036972,repeat indices align samples but methods were timed sequentially; use independent-resample intervals
61,funnel,2,bucketed,history,64,512,4,20,1.1143841296434402,1.0961170569062233,repeat indices align samples but methods were timed sequentially; use independent-resample intervals
61,funnel,2,bucketed,history,64,512,4,21,1.135885089635849,1.1454431489109993,repeat indices align samples but methods were timed sequentially; use independent-resample intervals
61,funnel,2,bucketed,history,64,512,4,22,1.0564169883728027,1.1481182500720024,repeat indices align samples but methods were timed sequentially; use independent-resample intervals
61,funnel,2,bucketed,history,64,512,4,23,1.2764181345701218,1.2539978995919228,repeat indices align samples but methods were timed sequentially; use independent-resample intervals
61,funnel,2,bucketed,history,64,512,4,24,1.220637395977974,1.2323360070586205,repeat indices align samples but methods were timed sequentially; use independent-resample intervals
61,funnel,2,bucketed,history,64,512,4,25,1.0403697937726974,1.1954377740621567,repeat indices align samples but methods were timed sequentially; use independent-resample intervals
61,funnel,2,bucketed,history,64,512,4,26,1.1676966547966003,1.1849593371152878,repeat indices align samples but methods were timed sequentially; use independent-resample intervals
61,funnel,2,bucketed,history,64,512,4,27,1.2064734622836113,1.0833191573619843,repeat indices align samples but methods were timed sequentially; use independent-resample intervals
61,funnel,2,bucketed,history,64,512,4,28,1.101626843214035,1.044198453426361,repeat indices align samples but methods were timed sequentially; use independent-resample intervals
61,funnel,2,bucketed,history,64,512,4,29,1.211320161819458,1.0939689427614212,repeat indices align samples but methods were timed sequentially; use independent-resample intervals
62,funnel,2,bucketed,history,128,512,4,0,1.1341418623924255,1.1674297377467155,repeat indices align samples but methods were timed sequentially; use independent-resample intervals
62,funnel,2,bucketed,history,128,512,4,1,1.3335308283567429,1.0819939374923706,repeat indices align samples but methods were timed sequentially; use independent-resample intervals
62,funnel,2,bucketed,history,128,512,4,2,1.2586328759789467,1.1217717230319977,repeat indices align samples but methods were timed sequentially; use independent-resample intervals
62,funnel,2,bucketed,history,128,512,4,3,1.1814983114600182,1.0829316601157188,repeat indices align samples but methods were timed sequentially; use independent-resample intervals
62,funnel,2,bucketed,history,128,512,4,4,1.2923360541462898,1.2010986506938934,repeat indices align samples but methods were timed sequentially; use independent-resample intervals
62,funnel,2,bucketed,history,128,512,4,5,1.1906456723809242,1.14981197565794,repeat indices align samples but methods were timed sequentially; use independent-resample intervals
62,funnel,2,bucketed,history,128,512,4,6,1.3012166172266006,1.05356914550066,repeat indices align samples but methods were timed sequentially; use independent-resample intervals
62,funnel,2,bucketed,history,128,512,4,7,1.2032126784324646,1.0148155093193054,repeat indices align samples but methods were timed sequentially; use independent-resample intervals
62,funnel,2,bucketed,history,128,512,4,8,1.116111695766449,1.1340906545519829,repeat indices align samples but methods were timed sequentially; use independent-resample intervals
62,funnel,2,bucketed,history,128,512,4,9,1.1262352168560028,1.1537803336977959,repeat indices align samples but methods were timed sequentially; use independent-resample intervals
62,funnel,2,bucketed,history,128,512,4,10,1.140829861164093,1.0594502314925194,repeat indices align samples but methods were timed sequentially; use independent-resample intervals
62,funnel,2,bucketed,history,128,512,4,11,1.034758061170578,1.0565214157104492,repeat indices align samples but methods were timed sequentially; use independent-resample intervals
62,funnel,2,bucketed,history,128,512,4,12,1.058827981352806,1.1982768774032593,repeat indices align samples but methods were timed sequentially; use independent-resample intervals
62,funnel,2,bucketed,history,128,512,4,13,1.0866173282265663,1.114005632698536,repeat indices align samples but methods were timed sequentially; use independent-resample intervals
62,funnel,2,bucketed,history,128,512,4,14,1.1009462624788284,1.0328770354390144,repeat indices align samples but methods were timed sequentially; use independent-resample intervals
62,funnel,2,bucketed,history,128,512,4,15,1.2686746343970299,1.0417136028409004,repeat indices align samples but methods were timed sequentially; use independent-resample intervals
62,funnel,2,bucketed,history,128,512,4,16,1.1698485687375069,1.0478253439068794,repeat indices align samples but methods were timed sequentially; use independent-resample intervals
62,funnel,2,bucketed,history,128,512,4,17,1.1555901244282722,1.0858977437019348,repeat indices align samples but methods were timed sequentially; use independent-resample intervals
62,funnel,2,bucketed,history,128,512,4,18,1.1180174797773361,1.1843565553426743,repeat indices align samples but methods were timed sequentially; use independent-resample intervals
62,funnel,2,bucketed,history,128,512,4,19,1.2179653868079185,0.993253082036972,repeat indices align samples but methods were timed sequentially; use independent-resample intervals
62,funnel,2,bucketed,history,128,512,4,20,1.2529315203428268,1.0961170569062233,repeat indices align samples but methods were timed sequentially; use independent-resample intervals
62,funnel,2,bucketed,history,128,512,4,21,1.1180850565433502,1.1454431489109993,repeat indices align samples but methods were timed sequentially; use independent-resample intervals
62,funnel,2,bucketed,history,128,512,4,22,1.0956525802612305,1.1481182500720024,repeat indices align samples but methods were timed sequentially; use independent-resample intervals
62,funnel,2,bucketed,history,128,512,4,23,1.1028515622019768,1.2539978995919228,repeat indices align samples but methods were timed sequentially; use independent-resample intervals
62,funnel,2,bucketed,history,128,512,4,24,1.217055045068264,1.2323360070586205,repeat indices align samples but methods were timed sequentially; use independent-resample intervals
62,funnel,2,bucketed,history,128,512,4,25,1.1587481200695038,1.1954377740621567,repeat indices align samples but methods were timed sequentially; use independent-resample intervals
62,funnel,2,bucketed,history,128,512,4,26,1.1097027957439423,1.1849593371152878,repeat indices align samples but methods were timed sequentially; use independent-resample intervals
62,funnel,2,bucketed,history,128,512,4,27,1.1140680462121964,1.0833191573619843,repeat indices align samples but methods were timed sequentially; use independent-resample intervals
62,funnel,2,bucketed,history,128,512,4,28,1.2084337174892426,1.044198453426361,repeat indices align samples but methods were timed sequentially; use independent-resample intervals
62,funnel,2,bucketed,history,128,512,4,29,1.072547696530819,1.0939689427614212,repeat indices align samples but methods were timed sequentially; use independent-resample intervals
63,funnel,2,bucketed,last_depth,64,512,4,0,1.2525108382105827,1.1674297377467155,repeat indices align samples but methods were timed sequentially; use independent-resample intervals
63,funnel,2,bucketed,last_depth,64,512,4,1,1.2412654981017113,1.0819939374923706,repeat indices align samples but methods were timed sequentially; use independent-resample intervals
63,funnel,2,bucketed,last_depth,64,512,4,2,1.2398199364542961,1.1217717230319977,repeat indices align samples but methods were timed sequentially; use independent-resample intervals
63,funnel,2,bucketed,last_depth,64,512,4,3,1.220399335026741,1.0829316601157188,repeat indices align samples but methods were timed sequentially; use independent-resample intervals
63,funnel,2,bucketed,last_depth,64,512,4,4,1.080981969833374,1.2010986506938934,repeat indices align samples but methods were timed sequentially; use independent-resample intervals
63,funnel,2,bucketed,last_depth,64,512,4,5,1.1597951650619507,1.14981197565794,repeat indices align samples but methods were timed sequentially; use independent-resample intervals
63,funnel,2,bucketed,last_depth,64,512,4,6,1.342808298766613,1.05356914550066,repeat indices align samples but methods were timed sequentially; use independent-resample intervals
63,funnel,2,bucketed,last_depth,64,512,4,7,1.2774711325764656,1.0148155093193054,repeat indices align samples but methods were timed sequentially; use independent-resample intervals
63,funnel,2,bucketed,last_depth,64,512,4,8,1.298921287059784,1.1340906545519829,repeat indices align samples but methods were timed sequentially; use independent-resample intervals
63,funnel,2,bucketed,last_depth,64,512,4,9,1.2590444460511208,1.1537803336977959,repeat indices align samples but methods were timed sequentially; use independent-resample intervals
63,funnel,2,bucketed,last_depth,64,512,4,10,1.2833966761827469,1.0594502314925194,repeat indices align samples but methods were timed sequentially; use independent-resample intervals
63,funnel,2,bucketed,last_depth,64,512,4,11,1.1387572959065437,1.0565214157104492,repeat indices align samples but methods were timed sequentially; use independent-resample intervals
63,funnel,2,bucketed,last_depth,64,512,4,12,1.1989058405160904,1.1982768774032593,repeat indices align samples but methods were timed sequentially; use independent-resample intervals
63,funnel,2,bucketed,last_depth,64,512,4,13,1.160417690873146,1.114005632698536,repeat indices align samples but methods were timed sequentially; use independent-resample intervals
63,funnel,2,bucketed,last_depth,64,512,4,14,1.219176821410656,1.0328770354390144,repeat indices align samples but methods were timed sequentially; use independent-resample intervals
63,funnel,2,bucketed,last_depth,64,512,4,15,1.1131034344434738,1.0417136028409004,repeat indices align samples but methods were timed sequentially; use independent-resample intervals
63,funnel,2,bucketed,last_depth,64,512,4,16,1.1462222039699554,1.0478253439068794,repeat indices align samples but methods were timed sequentially; use independent-resample intervals
63,funnel,2,bucketed,last_depth,64,512,4,17,1.2159007117152214,1.0858977437019348,repeat indices align samples but methods were timed sequentially; use independent-resample intervals
63,funnel,2,bucketed,last_depth,64,512,4,18,1.2222610265016556,1.1843565553426743,repeat indices align samples but methods were timed sequentially; use independent-resample intervals
63,funnel,2,bucketed,last_depth,64,512,4,19,1.197443537414074,0.993253082036972,repeat indices align samples but methods were timed sequentially; use independent-resample intervals
63,funnel,2,bucketed,last_depth,64,512,4,20,1.2391256839036942,1.0961170569062233,repeat indices align samples but methods were timed sequentially; use independent-resample intervals
63,funnel,2,bucketed,last_depth,64,512,4,21,1.17348313331604,1.1454431489109993,repeat indices align samples but methods were timed sequentially; use independent-resample intervals
63,funnel,2,bucketed,last_depth,64,512,4,22,1.2897135019302368,1.1481182500720024,repeat indices align samples but methods were timed sequentially; use independent-resample intervals
63,funnel,2,bucketed,last_depth,64,512,4,23,1.2585145756602287,1.2539978995919228,repeat indices align samples but methods were timed sequentially; use independent-resample intervals
63,funnel,2,bucketed,last_depth,64,512,4,24,1.30318021774292,1.2323360070586205,repeat indices align samples but methods were timed sequentially; use independent-resample intervals
63,funnel,2,bucketed,last_depth,64,512,4,25,1.344321258366108,1.1954377740621567,repeat indices align samples but methods were timed sequentially; use independent-resample intervals
63,funnel,2,bucketed,last_depth,64,512,4,26,1.2960202246904373,1.1849593371152878,repeat indices align samples but methods were timed sequentially; use independent-resample intervals
63,funnel,2,bucketed,last_depth,64,512,4,27,1.1857529282569885,1.0833191573619843,repeat indices align samples but methods were timed sequentially; use independent-resample intervals
63,funnel,2,bucketed,last_depth,64,512,4,28,1.2626954391598701,1.044198453426361,repeat indices align samples but methods were timed sequentially; use independent-resample intervals
63,funnel,2,bucketed,last_depth,64,512,4,29,1.5240134447813034,1.0939689427614212,repeat indices align samples but methods were timed sequentially; use independent-resample intervals
64,funnel,2,bucketed,last_depth,128,512,4,0,1.3804363533854485,1.1674297377467155,repeat indices align samples but methods were timed sequentially; use independent-resample intervals
64,funnel,2,bucketed,last_depth,128,512,4,1,1.3272170722484589,1.0819939374923706,repeat indices align samples but methods were timed sequentially; use independent-resample intervals
64,funnel,2,bucketed,last_depth,128,512,4,2,1.3014832139015198,1.1217717230319977,repeat indices align samples but methods were timed sequentially; use independent-resample intervals
64,funnel,2,bucketed,last_depth,128,512,4,3,1.2632791250944138,1.0829316601157188,repeat indices align samples but methods were timed sequentially; use independent-resample intervals
64,funnel,2,bucketed,last_depth,128,512,4,4,1.4472277760505676,1.2010986506938934,repeat indices align samples but methods were timed sequentially; use independent-resample intervals
64,funnel,2,bucketed,last_depth,128,512,4,5,1.3982791379094124,1.14981197565794,repeat indices align samples but methods were timed sequentially; use independent-resample intervals
64,funnel,2,bucketed,last_depth,128,512,4,6,1.36895003169775,1.05356914550066,repeat indices align samples but methods were timed sequentially; use independent-resample intervals
64,funnel,2,bucketed,last_depth,128,512,4,7,1.3896225914359093,1.0148155093193054,repeat indices align samples but methods were timed sequentially; use independent-resample intervals
64,funnel,2,bucketed,last_depth,128,512,4,8,1.2280265986919403,1.1340906545519829,repeat indices align samples but methods were timed sequentially; use independent-resample intervals
64,funnel,2,bucketed,last_depth,128,512,4,9,1.3114982694387436,1.1537803336977959,repeat indices align samples but methods were timed sequentially; use independent-resample intervals
64,funnel,2,bucketed,last_depth,128,512,4,10,1.2826199755072594,1.0594502314925194,repeat indices align samples but methods were timed sequentially; use independent-resample intervals
64,funnel,2,bucketed,last_depth,128,512,4,11,1.2503329738974571,1.0565214157104492,repeat indices align samples but methods were timed sequentially; use independent-resample intervals
64,funnel,2,bucketed,last_depth,128,512,4,12,1.2288451343774796,1.1982768774032593,repeat indices align samples but methods were timed sequentially; use independent-resample intervals
64,funnel,2,bucketed,last_depth,128,512,4,13,1.2616623491048813,1.114005632698536,repeat indices align samples but methods were timed sequentially; use independent-resample intervals
64,funnel,2,bucketed,last_depth,128,512,4,14,1.3094148859381676,1.0328770354390144,repeat indices align samples but methods were timed sequentially; use independent-resample intervals
64,funnel,2,bucketed,last_depth,128,512,4,15,1.1926292404532433,1.0417136028409004,repeat indices align samples but methods were timed sequentially; use independent-resample intervals
64,funnel,2,bucketed,last_depth,128,512,4,16,1.240961104631424,1.0478253439068794,repeat indices align samples but methods were timed sequentially; use independent-resample intervals
64,funnel,2,bucketed,last_depth,128,512,4,17,1.1576209962368011,1.0858977437019348,repeat indices align samples but methods were timed sequentially; use independent-resample intervals
64,funnel,2,bucketed,last_depth,128,512,4,18,1.2831914350390434,1.1843565553426743,repeat indices align samples but methods were timed sequentially; use independent-resample intervals
64,funnel,2,bucketed,last_depth,128,512,4,19,1.3132470399141312,0.993253082036972,repeat indices align samples but methods were timed sequentially; use independent-resample intervals
64,funnel,2,bucketed,last_depth,128,512,4,20,1.1946405246853828,1.0961170569062233,repeat indices align samples but methods were timed sequentially; use independent-resample intervals
64,funnel,2,bucketed,last_depth,128,512,4,21,1.3327835500240326,1.1454431489109993,repeat indices align samples but methods were timed sequentially; use independent-resample intervals
64,funnel,2,bucketed,last_depth,128,512,4,22,1.2448997423052788,1.1481182500720024,repeat indices align samples but methods were timed sequentially; use independent-resample intervals
64,funnel,2,bucketed,last_depth,128,512,4,23,1.2686060070991516,1.2539978995919228,repeat indices align samples but methods were timed sequentially; use independent-resample intervals
64,funnel,2,bucketed,last_depth,128,512,4,24,1.185513935983181,1.2323360070586205,repeat indices align samples but methods were timed sequentially; use independent-resample intervals
64,funnel,2,bucketed,last_depth,128,512,4,25,1.2351119071245193,1.1954377740621567,repeat indices align samples but methods were timed sequentially; use independent-resample intervals
64,funnel,2,bucketed,last_depth,128,512,4,26,1.3663272187113762,1.1849593371152878,repeat indices align samples but methods were timed sequentially; use independent-resample intervals
64,funnel,2,bucketed,last_depth,128,512,4,27,1.3742086961865425,1.0833191573619843,repeat indices align samples but methods were timed sequentially; use independent-resample intervals
64,funnel,2,bucketed,last_depth,128,512,4,28,1.3135751634836197,1.044198453426361,repeat indices align samples but methods were timed sequentially; use independent-resample intervals
64,funnel,2,bucketed,last_depth,128,512,4,29,1.1608686372637749,1.0939689427614212,repeat indices align samples but methods were timed sequentially; use independent-resample intervals
65,funnel,3,monolithic,monolithic,0,512,4,0,1.3132660314440727,1.3132660314440727,repeat indices align samples but methods were timed sequentially; use independent-resample intervals
65,funnel,3,monolithic,monolithic,0,512,4,1,1.2393569201231003,1.2393569201231003,repeat indices align samples but methods were timed sequentially; use independent-resample intervals
65,funnel,3,monolithic,monolithic,0,512,4,2,1.342671275138855,1.342671275138855,repeat indices align samples but methods were timed sequentially; use independent-resample intervals
65,funnel,3,monolithic,monolithic,0,512,4,3,1.4258703514933586,1.4258703514933586,repeat indices align samples but methods were timed sequentially; use independent-resample intervals
65,funnel,3,monolithic,monolithic,0,512,4,4,1.3517944812774658,1.3517944812774658,repeat indices align samples but methods were timed sequentially; use independent-resample intervals
65,funnel,3,monolithic,monolithic,0,512,4,5,1.3505353927612305,1.3505353927612305,repeat indices align samples but methods were timed sequentially; use independent-resample intervals
65,funnel,3,monolithic,monolithic,0,512,4,6,1.3043375611305237,1.3043375611305237,repeat indices align samples but methods were timed sequentially; use independent-resample intervals
65,funnel,3,monolithic,monolithic,0,512,4,7,1.3629571124911308,1.3629571124911308,repeat indices align samples but methods were timed sequentially; use independent-resample intervals
65,funnel,3,monolithic,monolithic,0,512,4,8,1.3197763487696648,1.3197763487696648,repeat indices align samples but methods were timed sequentially; use independent-resample intervals
65,funnel,3,monolithic,monolithic,0,512,4,9,1.4405344799160957,1.4405344799160957,repeat indices align samples but methods were timed sequentially; use independent-resample intervals
65,funnel,3,monolithic,monolithic,0,512,4,10,1.2453607320785522,1.2453607320785522,repeat indices align samples but methods were timed sequentially; use independent-resample intervals
65,funnel,3,monolithic,monolithic,0,512,4,11,1.3371431976556778,1.3371431976556778,repeat indices align samples but methods were timed sequentially; use independent-resample intervals
65,funnel,3,monolithic,monolithic,0,512,4,12,1.4196706712245941,1.4196706712245941,repeat indices align samples but methods were timed sequentially; use independent-resample intervals
65,funnel,3,monolithic,monolithic,0,512,4,13,1.415649190545082,1.415649190545082,repeat indices align samples but methods were timed sequentially; use independent-resample intervals
65,funnel,3,monolithic,monolithic,0,512,4,14,1.2364629730582237,1.2364629730582237,repeat indices align samples but methods were timed sequentially; use independent-resample intervals
65,funnel,3,monolithic,monolithic,0,512,4,15,1.3481090068817139,1.3481090068817139,repeat indices align samples but methods were timed sequentially; use independent-resample intervals
65,funnel,3,monolithic,monolithic,0,512,4,16,1.2675423547625542,1.2675423547625542,repeat indices align samples but methods were timed sequentially; use independent-resample intervals
65,funnel,3,monolithic,monolithic,0,512,4,17,1.3038758262991905,1.3038758262991905,repeat indices align samples but methods were timed sequentially; use independent-resample intervals
65,funnel,3,monolithic,monolithic,0,512,4,18,1.2685097977519035,1.2685097977519035,repeat indices align samples but methods were timed sequentially; use independent-resample intervals
65,funnel,3,monolithic,monolithic,0,512,4,19,1.3121413066983223,1.3121413066983223,repeat indices align samples but methods were timed sequentially; use independent-resample intervals
65,funnel,3,monolithic,monolithic,0,512,4,20,1.4536689966917038,1.4536689966917038,repeat indices align samples but methods were timed sequentially; use independent-resample intervals
65,funnel,3,monolithic,monolithic,0,512,4,21,1.3554279804229736,1.3554279804229736,repeat indices align samples but methods were timed sequentially; use independent-resample intervals
65,funnel,3,monolithic,monolithic,0,512,4,22,1.288291074335575,1.288291074335575,repeat indices align samples but methods were timed sequentially; use independent-resample intervals
65,funnel,3,monolithic,monolithic,0,512,4,23,1.3325162306427956,1.3325162306427956,repeat indices align samples but methods were timed sequentially; use independent-resample intervals
65,funnel,3,monolithic,monolithic,0,512,4,24,1.3239647820591927,1.3239647820591927,repeat indices align samples but methods were timed sequentially; use independent-resample intervals
65,funnel,3,monolithic,monolithic,0,512,4,25,1.2732156813144684,1.2732156813144684,repeat indices align samples but methods were timed sequentially; use independent-resample intervals
65,funnel,3,monolithic,monolithic,0,512,4,26,1.291748769581318,1.291748769581318,repeat indices align samples but methods were timed sequentially; use independent-resample intervals
65,funnel,3,monolithic,monolithic,0,512,4,27,1.3371630385518074,1.3371630385518074,repeat indices align samples but methods were timed sequentially; use independent-resample intervals
65,funnel,3,monolithic,monolithic,0,512,4,28,1.265329770743847,1.265329770743847,repeat indices align samples but methods were timed sequentially; use independent-resample intervals
65,funnel,3,monolithic,monolithic,0,512,4,29,1.4422520101070404,1.4422520101070404,repeat indices align samples but methods were timed sequentially; use independent-resample intervals
66,funnel,3,bucketed,history,64,512,4,0,1.3267613723874092,1.3132660314440727,repeat indices align samples but methods were timed sequentially; use independent-resample intervals
66,funnel,3,bucketed,history,64,512,4,1,1.3854737803339958,1.2393569201231003,repeat indices align samples but methods were timed sequentially; use independent-resample intervals
66,funnel,3,bucketed,history,64,512,4,2,1.2744280844926834,1.342671275138855,repeat indices align samples but methods were timed sequentially; use independent-resample intervals
66,funnel,3,bucketed,history,64,512,4,3,1.2906848266720772,1.4258703514933586,repeat indices align samples but methods were timed sequentially; use independent-resample intervals
66,funnel,3,bucketed,history,64,512,4,4,1.288194715976715,1.3517944812774658,repeat indices align samples but methods were timed sequentially; use independent-resample intervals
66,funnel,3,bucketed,history,64,512,4,5,1.4767307937145233,1.3505353927612305,repeat indices align samples but methods were timed sequentially; use independent-resample intervals
66,funnel,3,bucketed,history,64,512,4,6,1.356151469051838,1.3043375611305237,repeat indices align samples but methods were timed sequentially; use independent-resample intervals
66,funnel,3,bucketed,history,64,512,4,7,1.328175202012062,1.3629571124911308,repeat indices align samples but methods were timed sequentially; use independent-resample intervals
66,funnel,3,bucketed,history,64,512,4,8,1.2976877838373184,1.3197763487696648,repeat indices align samples but methods were timed sequentially; use independent-resample intervals
66,funnel,3,bucketed,history,64,512,4,9,1.3554252907633781,1.4405344799160957,repeat indices align samples but methods were timed sequentially; use independent-resample intervals
66,funnel,3,bucketed,history,64,512,4,10,1.361287660896778,1.2453607320785522,repeat indices align samples but methods were timed sequentially; use independent-resample intervals
66,funnel,3,bucketed,history,64,512,4,11,1.4293673112988472,1.3371431976556778,repeat indices align samples but methods were timed sequentially; use independent-resample intervals
66,funnel,3,bucketed,history,64,512,4,12,1.358444683253765,1.4196706712245941,repeat indices align samples but methods were timed sequentially; use independent-resample intervals
66,funnel,3,bucketed,history,64,512,4,13,1.403893031179905,1.415649190545082,repeat indices align samples but methods were timed sequentially; use independent-resample intervals
66,funnel,3,bucketed,history,64,512,4,14,1.318633496761322,1.2364629730582237,repeat indices align samples but methods were timed sequentially; use independent-resample intervals
66,funnel,3,bucketed,history,64,512,4,15,1.5537023171782494,1.3481090068817139,repeat indices align samples but methods were timed sequentially; use independent-resample intervals
66,funnel,3,bucketed,history,64,512,4,16,1.3638688921928406,1.2675423547625542,repeat indices align samples but methods were timed sequentially; use independent-resample intervals
66,funnel,3,bucketed,history,64,512,4,17,1.2200398743152618,1.3038758262991905,repeat indices align samples but methods were timed sequentially; use independent-resample intervals
66,funnel,3,bucketed,history,64,512,4,18,1.3165976405143738,1.2685097977519035,repeat indices align samples but methods were timed sequentially; use independent-resample intervals
66,funnel,3,bucketed,history,64,512,4,19,1.2545512989163399,1.3121413066983223,repeat indices align samples but methods were timed sequentially; use independent-resample intervals
66,funnel,3,bucketed,history,64,512,4,20,1.2892431169748306,1.4536689966917038,repeat indices align samples but methods were timed sequentially; use independent-resample intervals
66,funnel,3,bucketed,history,64,512,4,21,1.2800291925668716,1.3554279804229736,repeat indices align samples but methods were timed sequentially; use independent-resample intervals
66,funnel,3,bucketed,history,64,512,4,22,1.2725756838917732,1.288291074335575,repeat indices align samples but methods were timed sequentially; use independent-resample intervals
66,funnel,3,bucketed,history,64,512,4,23,1.1731103509664536,1.3325162306427956,repeat indices align samples but methods were timed sequentially; use independent-resample intervals
66,funnel,3,bucketed,history,64,512,4,24,1.3495478257536888,1.3239647820591927,repeat indices align samples but methods were timed sequentially; use independent-resample intervals
66,funnel,3,bucketed,history,64,512,4,25,1.3555737510323524,1.2732156813144684,repeat indices align samples but methods were timed sequentially; use independent-resample intervals
66,funnel,3,bucketed,history,64,512,4,26,1.2962383553385735,1.291748769581318,repeat indices align samples but methods were timed sequentially; use independent-resample intervals
66,funnel,3,bucketed,history,64,512,4,27,1.2289595529437065,1.3371630385518074,repeat indices align samples but methods were timed sequentially; use independent-resample intervals
66,funnel,3,bucketed,history,64,512,4,28,1.188318781554699,1.265329770743847,repeat indices align samples but methods were timed sequentially; use independent-resample intervals
66,funnel,3,bucketed,history,64,512,4,29,1.2951852455735207,1.4422520101070404,repeat indices align samples but methods were timed sequentially; use independent-resample intervals
67,funnel,3,bucketed,history,128,512,4,0,1.2876972183585167,1.3132660314440727,repeat indices align samples but methods were timed sequentially; use independent-resample intervals
67,funnel,3,bucketed,history,128,512,4,1,1.2831903398036957,1.2393569201231003,repeat indices align samples but methods were timed sequentially; use independent-resample intervals
67,funnel,3,bucketed,history,128,512,4,2,1.112189657986164,1.342671275138855,repeat indices align samples but methods were timed sequentially; use independent-resample intervals
67,funnel,3,bucketed,history,128,512,4,3,1.2419147491455078,1.4258703514933586,repeat indices align samples but methods were timed sequentially; use independent-resample intervals
67,funnel,3,bucketed,history,128,512,4,4,1.2176062986254692,1.3517944812774658,repeat indices align samples but methods were timed sequentially; use independent-resample intervals
67,funnel,3,bucketed,history,128,512,4,5,1.325992912054062,1.3505353927612305,repeat indices align samples but methods were timed sequentially; use independent-resample intervals
67,funnel,3,bucketed,history,128,512,4,6,1.4139540418982506,1.3043375611305237,repeat indices align samples but methods were timed sequentially; use independent-resample intervals
67,funnel,3,bucketed,history,128,512,4,7,1.2873296663165092,1.3629571124911308,repeat indices align samples but methods were timed sequentially; use independent-resample intervals
67,funnel,3,bucketed,history,128,512,4,8,1.3417898416519165,1.3197763487696648,repeat indices align samples but methods were timed sequentially; use independent-resample intervals
67,funnel,3,bucketed,history,128,512,4,9,1.3239756524562836,1.4405344799160957,repeat indices align samples but methods were timed sequentially; use independent-resample intervals
67,funnel,3,bucketed,history,128,512,4,10,1.4943722784519196,1.2453607320785522,repeat indices align samples but methods were timed sequentially; use independent-resample intervals
67,funnel,3,bucketed,history,128,512,4,11,1.2937185317277908,1.3371431976556778,repeat indices align samples but methods were timed sequentially; use independent-resample intervals
67,funnel,3,bucketed,history,128,512,4,12,1.2910110130906105,1.4196706712245941,repeat indices align samples but methods were timed sequentially; use independent-resample intervals
67,funnel,3,bucketed,history,128,512,4,13,1.3297901824116707,1.415649190545082,repeat indices align samples but methods were timed sequentially; use independent-resample intervals
67,funnel,3,bucketed,history,128,512,4,14,1.2171485051512718,1.2364629730582237,repeat indices align samples but methods were timed sequentially; use independent-resample intervals
67,funnel,3,bucketed,history,128,512,4,15,1.2780409529805183,1.3481090068817139,repeat indices align samples but methods were timed sequentially; use independent-resample intervals
67,funnel,3,bucketed,history,128,512,4,16,1.1370251551270485,1.2675423547625542,repeat indices align samples but methods were timed sequentially; use independent-resample intervals
67,funnel,3,bucketed,history,128,512,4,17,1.371579870581627,1.3038758262991905,repeat indices align samples but methods were timed sequentially; use independent-resample intervals
67,funnel,3,bucketed,history,128,512,4,18,1.2985432669520378,1.2685097977519035,repeat indices align samples but methods were timed sequentially; use independent-resample intervals
67,funnel,3,bucketed,history,128,512,4,19,1.2866595163941383,1.3121413066983223,repeat indices align samples but methods were timed sequentially; use independent-resample intervals
67,funnel,3,bucketed,history,128,512,4,20,1.3820149898529053,1.4536689966917038,repeat indices align samples but methods were timed sequentially; use independent-resample intervals
67,funnel,3,bucketed,history,128,512,4,21,1.3924352303147316,1.3554279804229736,repeat indices align samples but methods were timed sequentially; use independent-resample intervals
67,funnel,3,bucketed,history,128,512,4,22,1.324965812265873,1.288291074335575,repeat indices align samples but methods were timed sequentially; use independent-resample intervals
67,funnel,3,bucketed,history,128,512,4,23,1.2674775496125221,1.3325162306427956,repeat indices align samples but methods were timed sequentially; use independent-resample intervals
67,funnel,3,bucketed,history,128,512,4,24,1.3385512009263039,1.3239647820591927,repeat indices align samples but methods were timed sequentially; use independent-resample intervals
67,funnel,3,bucketed,history,128,512,4,25,1.2754484564065933,1.2732156813144684,repeat indices align samples but methods were timed sequentially; use independent-resample intervals
67,funnel,3,bucketed,history,128,512,4,26,1.2049446031451225,1.291748769581318,repeat indices align samples but methods were timed sequentially; use independent-resample intervals
67,funnel,3,bucketed,history,128,512,4,27,1.4427693486213684,1.3371630385518074,repeat indices align samples but methods were timed sequentially; use independent-resample intervals
67,funnel,3,bucketed,history,128,512,4,28,1.287119284272194,1.265329770743847,repeat indices align samples but methods were timed sequentially; use independent-resample intervals
67,funnel,3,bucketed,history,128,512,4,29,1.3312831968069077,1.4422520101070404,repeat indices align samples but methods were timed sequentially; use independent-resample intervals
68,funnel,3,bucketed,last_depth,64,512,4,0,1.3314874917268753,1.3132660314440727,repeat indices align samples but methods were timed sequentially; use independent-resample intervals
68,funnel,3,bucketed,last_depth,64,512,4,1,1.2727088555693626,1.2393569201231003,repeat indices align samples but methods were timed sequentially; use independent-resample intervals
68,funnel,3,bucketed,last_depth,64,512,4,2,1.1852831467986107,1.342671275138855,repeat indices align samples but methods were timed sequentially; use independent-resample intervals
68,funnel,3,bucketed,last_depth,64,512,4,3,1.1821489557623863,1.4258703514933586,repeat indices align samples but methods were timed sequentially; use independent-resample intervals
68,funnel,3,bucketed,last_depth,64,512,4,4,1.2577602341771126,1.3517944812774658,repeat indices align samples but methods were timed sequentially; use independent-resample intervals
68,funnel,3,bucketed,last_depth,64,512,4,5,1.27215064316988,1.3505353927612305,repeat indices align samples but methods were timed sequentially; use independent-resample intervals
68,funnel,3,bucketed,last_depth,64,512,4,6,1.3419557735323906,1.3043375611305237,repeat indices align samples but methods were timed sequentially; use independent-resample intervals
68,funnel,3,bucketed,last_depth,64,512,4,7,1.1761596351861954,1.3629571124911308,repeat indices align samples but methods were timed sequentially; use independent-resample intervals
68,funnel,3,bucketed,last_depth,64,512,4,8,1.1756841018795967,1.3197763487696648,repeat indices align samples but methods were timed sequentially; use independent-resample intervals
68,funnel,3,bucketed,last_depth,64,512,4,9,1.4228866696357727,1.4405344799160957,repeat indices align samples but methods were timed sequentially; use independent-resample intervals
68,funnel,3,bucketed,last_depth,64,512,4,10,1.3861671090126038,1.2453607320785522,repeat indices align samples but methods were timed sequentially; use independent-resample intervals
68,funnel,3,bucketed,last_depth,64,512,4,11,1.3744482696056366,1.3371431976556778,repeat indices align samples but methods were timed sequentially; use independent-resample intervals
68,funnel,3,bucketed,last_depth,64,512,4,12,1.2839894443750381,1.4196706712245941,repeat indices align samples but methods were timed sequentially; use independent-resample intervals
68,funnel,3,bucketed,last_depth,64,512,4,13,1.4217459857463837,1.415649190545082,repeat indices align samples but methods were timed sequentially; use independent-resample intervals
68,funnel,3,bucketed,last_depth,64,512,4,14,1.2509458437561989,1.2364629730582237,repeat indices align samples but methods were timed sequentially; use independent-resample intervals
68,funnel,3,bucketed,last_depth,64,512,4,15,1.3115894868969917,1.3481090068817139,repeat indices align samples but methods were timed sequentially; use independent-resample intervals
68,funnel,3,bucketed,last_depth,64,512,4,16,1.2371013015508652,1.2675423547625542,repeat indices align samples but methods were timed sequentially; use independent-resample intervals
68,funnel,3,bucketed,last_depth,64,512,4,17,1.256425380706787,1.3038758262991905,repeat indices align samples but methods were timed sequentially; use independent-resample intervals
68,funnel,3,bucketed,last_depth,64,512,4,18,1.2419632151722908,1.2685097977519035,repeat indices align samples but methods were timed sequentially; use independent-resample intervals
68,funnel,3,bucketed,last_depth,64,512,4,19,1.2123801931738853,1.3121413066983223,repeat indices align samples but methods were timed sequentially; use independent-resample intervals
68,funnel,3,bucketed,last_depth,64,512,4,20,1.2737171277403831,1.4536689966917038,repeat indices align samples but methods were timed sequentially; use independent-resample intervals
68,funnel,3,bucketed,last_depth,64,512,4,21,1.2152898907661438,1.3554279804229736,repeat indices align samples but methods were timed sequentially; use independent-resample intervals
68,funnel,3,bucketed,last_depth,64,512,4,22,1.5090053901076317,1.288291074335575,repeat indices align samples but methods were timed sequentially; use independent-resample intervals
68,funnel,3,bucketed,last_depth,64,512,4,23,1.4304129257798195,1.3325162306427956,repeat indices align samples but methods were timed sequentially; use independent-resample intervals
68,funnel,3,bucketed,last_depth,64,512,4,24,1.552068442106247,1.3239647820591927,repeat indices align samples but methods were timed sequentially; use independent-resample intervals
68,funnel,3,bucketed,last_depth,64,512,4,25,1.3900957852602005,1.2732156813144684,repeat indices align samples but methods were timed sequentially; use independent-resample intervals
68,funnel,3,bucketed,last_depth,64,512,4,26,1.5352001562714577,1.291748769581318,repeat indices align samples but methods were timed sequentially; use independent-resample intervals
68,funnel,3,bucketed,last_depth,64,512,4,27,1.6497312635183334,1.3371630385518074,repeat indices align samples but methods were timed sequentially; use independent-resample intervals
68,funnel,3,bucketed,last_depth,64,512,4,28,1.4439508467912674,1.265329770743847,repeat indices align samples but methods were timed sequentially; use independent-resample intervals
68,funnel,3,bucketed,last_depth,64,512,4,29,1.2343902289867401,1.4422520101070404,repeat indices align samples but methods were timed sequentially; use independent-resample intervals
69,funnel,3,bucketed,last_depth,128,512,4,0,1.3965308666229248,1.3132660314440727,repeat indices align samples but methods were timed sequentially; use independent-resample intervals
69,funnel,3,bucketed,last_depth,128,512,4,1,1.5012429505586624,1.2393569201231003,repeat indices align samples but methods were timed sequentially; use independent-resample intervals
69,funnel,3,bucketed,last_depth,128,512,4,2,1.3605817630887032,1.342671275138855,repeat indices align samples but methods were timed sequentially; use independent-resample intervals
69,funnel,3,bucketed,last_depth,128,512,4,3,1.3106601908802986,1.4258703514933586,repeat indices align samples but methods were timed sequentially; use independent-resample intervals
69,funnel,3,bucketed,last_depth,128,512,4,4,1.3201517164707184,1.3517944812774658,repeat indices align samples but methods were timed sequentially; use independent-resample intervals
69,funnel,3,bucketed,last_depth,128,512,4,5,1.2764592096209526,1.3505353927612305,repeat indices align samples but methods were timed sequentially; use independent-resample intervals
69,funnel,3,bucketed,last_depth,128,512,4,6,1.280383326113224,1.3043375611305237,repeat indices align samples but methods were timed sequentially; use independent-resample intervals
69,funnel,3,bucketed,last_depth,128,512,4,7,1.2017080709338188,1.3629571124911308,repeat indices align samples but methods were timed sequentially; use independent-resample intervals
69,funnel,3,bucketed,last_depth,128,512,4,8,1.2550433427095413,1.3197763487696648,repeat indices align samples but methods were timed sequentially; use independent-resample intervals
69,funnel,3,bucketed,last_depth,128,512,4,9,1.3912161886692047,1.4405344799160957,repeat indices align samples but methods were timed sequentially; use independent-resample intervals
69,funnel,3,bucketed,last_depth,128,512,4,10,1.2708010599017143,1.2453607320785522,repeat indices align samples but methods were timed sequentially; use independent-resample intervals
69,funnel,3,bucketed,last_depth,128,512,4,11,1.2987077310681343,1.3371431976556778,repeat indices align samples but methods were timed sequentially; use independent-resample intervals
69,funnel,3,bucketed,last_depth,128,512,4,12,1.3417247161269188,1.4196706712245941,repeat indices align samples but methods were timed sequentially; use independent-resample intervals
69,funnel,3,bucketed,last_depth,128,512,4,13,1.366298146545887,1.415649190545082,repeat indices align samples but methods were timed sequentially; use independent-resample intervals
69,funnel,3,bucketed,last_depth,128,512,4,14,1.3033966422080994,1.2364629730582237,repeat indices align samples but methods were timed sequentially; use independent-resample intervals
69,funnel,3,bucketed,last_depth,128,512,4,15,1.4440341964364052,1.3481090068817139,repeat indices align samples but methods were timed sequentially; use independent-resample intervals
69,funnel,3,bucketed,last_depth,128,512,4,16,1.3136582896113396,1.2675423547625542,repeat indices align samples but methods were timed sequentially; use independent-resample intervals
69,funnel,3,bucketed,last_depth,128,512,4,17,1.2860255688428879,1.3038758262991905,repeat indices align samples but methods were timed sequentially; use independent-resample intervals
69,funnel,3,bucketed,last_depth,128,512,4,18,1.3264742195606232,1.2685097977519035,repeat indices align samples but methods were timed sequentially; use independent-resample intervals
69,funnel,3,bucketed,last_depth,128,512,4,19,1.3739300668239594,1.3121413066983223,repeat indices align samples but methods were timed sequentially; use independent-resample intervals
69,funnel,3,bucketed,last_depth,128,512,4,20,1.397454284131527,1.4536689966917038,repeat indices align samples but methods were timed sequentially; use independent-resample intervals
69,funnel,3,bucketed,last_depth,128,512,4,21,1.3343745842576027,1.3554279804229736,repeat indices align samples but methods were timed sequentially; use independent-resample intervals
69,funnel,3,bucketed,last_depth,128,512,4,22,1.2129425406455994,1.288291074335575,repeat indices align samples but methods were timed sequentially; use independent-resample intervals
69,funnel,3,bucketed,last_depth,128,512,4,23,1.2814647853374481,1.3325162306427956,repeat indices align samples but methods were timed sequentially; use independent-resample intervals
69,funnel,3,bucketed,last_depth,128,512,4,24,1.3823393285274506,1.3239647820591927,repeat indices align samples but methods were timed sequentially; use independent-resample intervals
69,funnel,3,bucketed,last_depth,128,512,4,25,1.3643430471420288,1.2732156813144684,repeat indices align samples but methods were timed sequentially; use independent-resample intervals
69,funnel,3,bucketed,last_depth,128,512,4,26,1.2583533227443695,1.291748769581318,repeat indices align samples but methods were timed sequentially; use independent-resample intervals
69,funnel,3,bucketed,last_depth,128,512,4,27,1.3228412792086601,1.3371630385518074,repeat indices align samples but methods were timed sequentially; use independent-resample intervals
69,funnel,3,bucketed,last_depth,128,512,4,28,1.387286014854908,1.265329770743847,repeat indices align samples but methods were timed sequentially; use independent-resample intervals
69,funnel,3,bucketed,last_depth,128,512,4,29,1.3849778920412064,1.4422520101070404,repeat indices align samples but methods were timed sequentially; use independent-resample intervals
70,funnel,4,monolithic,monolithic,0,512,4,0,1.351901300251484,1.351901300251484,repeat indices align samples but methods were timed sequentially; use independent-resample intervals
70,funnel,4,monolithic,monolithic,0,512,4,1,1.4375673681497574,1.4375673681497574,repeat indices align samples but methods were timed sequentially; use independent-resample intervals
70,funnel,4,monolithic,monolithic,0,512,4,2,1.327181227505207,1.327181227505207,repeat indices align samples but methods were timed sequentially; use independent-resample intervals
70,funnel,4,monolithic,monolithic,0,512,4,3,1.3711737021803856,1.3711737021803856,repeat indices align samples but methods were timed sequentially; use independent-resample intervals
70,funnel,4,monolithic,monolithic,0,512,4,4,1.2384245917201042,1.2384245917201042,repeat indices align samples but methods were timed sequentially; use independent-resample intervals
70,funnel,4,monolithic,monolithic,0,512,4,5,1.3093160837888718,1.3093160837888718,repeat indices align samples but methods were timed sequentially; use independent-resample intervals
70,funnel,4,monolithic,monolithic,0,512,4,6,1.5682163760066032,1.5682163760066032,repeat indices align samples but methods were timed sequentially; use independent-resample intervals
70,funnel,4,monolithic,monolithic,0,512,4,7,1.3203900158405304,1.3203900158405304,repeat indices align samples but methods were timed sequentially; use independent-resample intervals
70,funnel,4,monolithic,monolithic,0,512,4,8,1.3615608140826225,1.3615608140826225,repeat indices align samples but methods were timed sequentially; use independent-resample intervals
70,funnel,4,monolithic,monolithic,0,512,4,9,1.41762213408947,1.41762213408947,repeat indices align samples but methods were timed sequentially; use independent-resample intervals
70,funnel,4,monolithic,monolithic,0,512,4,10,1.2675304561853409,1.2675304561853409,repeat indices align samples but methods were timed sequentially; use independent-resample intervals
70,funnel,4,monolithic,monolithic,0,512,4,11,1.2175063714385033,1.2175063714385033,repeat indices align samples but methods were timed sequentially; use independent-resample intervals
70,funnel,4,monolithic,monolithic,0,512,4,12,1.2014683485031128,1.2014683485031128,repeat indices align samples but methods were timed sequentially; use independent-resample intervals
70,funnel,4,monolithic,monolithic,0,512,4,13,1.191349945962429,1.191349945962429,repeat indices align samples but methods were timed sequentially; use independent-resample intervals
70,funnel,4,monolithic,monolithic,0,512,4,14,1.1881991848349571,1.1881991848349571,repeat indices align samples but methods were timed sequentially; use independent-resample intervals
70,funnel,4,monolithic,monolithic,0,512,4,15,1.1666927859187126,1.1666927859187126,repeat indices align samples but methods were timed sequentially; use independent-resample intervals
70,funnel,4,monolithic,monolithic,0,512,4,16,1.1475940346717834,1.1475940346717834,repeat indices align samples but methods were timed sequentially; use independent-resample intervals
70,funnel,4,monolithic,monolithic,0,512,4,17,1.253562182188034,1.253562182188034,repeat indices align samples but methods were timed sequentially; use independent-resample intervals
70,funnel,4,monolithic,monolithic,0,512,4,18,1.187593974173069,1.187593974173069,repeat indices align samples but methods were timed sequentially; use independent-resample intervals
70,funnel,4,monolithic,monolithic,0,512,4,19,1.1218383982777596,1.1218383982777596,repeat indices align samples but methods were timed sequentially; use independent-resample intervals
70,funnel,4,monolithic,monolithic,0,512,4,20,1.2051337584853172,1.2051337584853172,repeat indices align samples but methods were timed sequentially; use independent-resample intervals
70,funnel,4,monolithic,monolithic,0,512,4,21,1.221310555934906,1.221310555934906,repeat indices align samples but methods were timed sequentially; use independent-resample intervals
70,funnel,4,monolithic,monolithic,0,512,4,22,1.225340649485588,1.225340649485588,repeat indices align samples but methods were timed sequentially; use independent-resample intervals
70,funnel,4,monolithic,monolithic,0,512,4,23,1.2595080509781837,1.2595080509781837,repeat indices align samples but methods were timed sequentially; use independent-resample intervals
70,funnel,4,monolithic,monolithic,0,512,4,24,1.2007915750145912,1.2007915750145912,repeat indices align samples but methods were timed sequentially; use independent-resample intervals
70,funnel,4,monolithic,monolithic,0,512,4,25,1.2218958884477615,1.2218958884477615,repeat indices align samples but methods were timed sequentially; use independent-resample intervals
70,funnel,4,monolithic,monolithic,0,512,4,26,1.1541530787944794,1.1541530787944794,repeat indices align samples but methods were timed sequentially; use independent-resample intervals
70,funnel,4,monolithic,monolithic,0,512,4,27,1.1787521839141846,1.1787521839141846,repeat indices align samples but methods were timed sequentially; use independent-resample intervals
70,funnel,4,monolithic,monolithic,0,512,4,28,1.2398199960589409,1.2398199960589409,repeat indices align samples but methods were timed sequentially; use independent-resample intervals
70,funnel,4,monolithic,monolithic,0,512,4,29,1.2504724487662315,1.2504724487662315,repeat indices align samples but methods were timed sequentially; use independent-resample intervals
71,funnel,4,bucketed,history,64,512,4,0,1.128494217991829,1.351901300251484,repeat indices align samples but methods were timed sequentially; use independent-resample intervals
71,funnel,4,bucketed,history,64,512,4,1,1.236274927854538,1.4375673681497574,repeat indices align samples but methods were timed sequentially; use independent-resample intervals
71,funnel,4,bucketed,history,64,512,4,2,1.1067267581820488,1.327181227505207,repeat indices align samples but methods were timed sequentially; use independent-resample intervals
71,funnel,4,bucketed,history,64,512,4,3,1.1561480090022087,1.3711737021803856,repeat indices align samples but methods were timed sequentially; use independent-resample intervals
71,funnel,4,bucketed,history,64,512,4,4,1.0479008629918098,1.2384245917201042,repeat indices align samples but methods were timed sequentially; use independent-resample intervals
71,funnel,4,bucketed,history,64,512,4,5,1.3105589225888252,1.3093160837888718,repeat indices align samples but methods were timed sequentially; use independent-resample intervals
71,funnel,4,bucketed,history,64,512,4,6,1.08323635160923,1.5682163760066032,repeat indices align samples but methods were timed sequentially; use independent-resample intervals
71,funnel,4,bucketed,history,64,512,4,7,1.1950241848826408,1.3203900158405304,repeat indices align samples but methods were timed sequentially; use independent-resample intervals
71,funnel,4,bucketed,history,64,512,4,8,1.1753796711564064,1.3615608140826225,repeat indices align samples but methods were timed sequentially; use independent-resample intervals
71,funnel,4,bucketed,history,64,512,4,9,1.1919316351413727,1.41762213408947,repeat indices align samples but methods were timed sequentially; use independent-resample intervals
71,funnel,4,bucketed,history,64,512,4,10,1.0650465562939644,1.2675304561853409,repeat indices align samples but methods were timed sequentially; use independent-resample intervals
71,funnel,4,bucketed,history,64,512,4,11,1.3452031388878822,1.2175063714385033,repeat indices align samples but methods were timed sequentially; use independent-resample intervals
71,funnel,4,bucketed,history,64,512,4,12,1.1645089909434319,1.2014683485031128,repeat indices align samples but methods were timed sequentially; use independent-resample intervals
71,funnel,4,bucketed,history,64,512,4,13,1.1685911417007446,1.191349945962429,repeat indices align samples but methods were timed sequentially; use independent-resample intervals
71,funnel,4,bucketed,history,64,512,4,14,1.2522585317492485,1.1881991848349571,repeat indices align samples but methods were timed sequentially; use independent-resample intervals
71,funnel,4,bucketed,history,64,512,4,15,1.229562409222126,1.1666927859187126,repeat indices align samples but methods were timed sequentially; use independent-resample intervals
71,funnel,4,bucketed,history,64,512,4,16,1.2637261226773262,1.1475940346717834,repeat indices align samples but methods were timed sequentially; use independent-resample intervals
71,funnel,4,bucketed,history,64,512,4,17,1.4675910845398903,1.253562182188034,repeat indices align samples but methods were timed sequentially; use independent-resample intervals
71,funnel,4,bucketed,history,64,512,4,18,1.3023234754800797,1.187593974173069,repeat indices align samples but methods were timed sequentially; use independent-resample intervals
71,funnel,4,bucketed,history,64,512,4,19,1.2703743502497673,1.1218383982777596,repeat indices align samples but methods were timed sequentially; use independent-resample intervals
71,funnel,4,bucketed,history,64,512,4,20,1.1929828375577927,1.2051337584853172,repeat indices align samples but methods were timed sequentially; use independent-resample intervals
71,funnel,4,bucketed,history,64,512,4,21,1.1695761233568192,1.221310555934906,repeat indices align samples but methods were timed sequentially; use independent-resample intervals
71,funnel,4,bucketed,history,64,512,4,22,1.1466894447803497,1.225340649485588,repeat indices align samples but methods were timed sequentially; use independent-resample intervals
71,funnel,4,bucketed,history,64,512,4,23,1.2218625396490097,1.2595080509781837,repeat indices align samples but methods were timed sequentially; use independent-resample intervals
71,funnel,4,bucketed,history,64,512,4,24,1.2007576003670692,1.2007915750145912,repeat indices align samples but methods were timed sequentially; use independent-resample intervals
71,funnel,4,bucketed,history,64,512,4,25,1.2665001526474953,1.2218958884477615,repeat indices align samples but methods were timed sequentially; use independent-resample intervals
71,funnel,4,bucketed,history,64,512,4,26,1.1217310428619385,1.1541530787944794,repeat indices align samples but methods were timed sequentially; use independent-resample intervals
71,funnel,4,bucketed,history,64,512,4,27,1.2107275649905205,1.1787521839141846,repeat indices align samples but methods were timed sequentially; use independent-resample intervals
71,funnel,4,bucketed,history,64,512,4,28,1.2806119546294212,1.2398199960589409,repeat indices align samples but methods were timed sequentially; use independent-resample intervals
71,funnel,4,bucketed,history,64,512,4,29,1.2225140631198883,1.2504724487662315,repeat indices align samples but methods were timed sequentially; use independent-resample intervals
72,funnel,4,bucketed,history,128,512,4,0,1.2318465188145638,1.351901300251484,repeat indices align samples but methods were timed sequentially; use independent-resample intervals
72,funnel,4,bucketed,history,128,512,4,1,1.2196622639894485,1.4375673681497574,repeat indices align samples but methods were timed sequentially; use independent-resample intervals
72,funnel,4,bucketed,history,128,512,4,2,1.1479352563619614,1.327181227505207,repeat indices align samples but methods were timed sequentially; use independent-resample intervals
72,funnel,4,bucketed,history,128,512,4,3,1.191363848745823,1.3711737021803856,repeat indices align samples but methods were timed sequentially; use independent-resample intervals
72,funnel,4,bucketed,history,128,512,4,4,1.2122244089841843,1.2384245917201042,repeat indices align samples but methods were timed sequentially; use independent-resample intervals
72,funnel,4,bucketed,history,128,512,4,5,1.2206900715827942,1.3093160837888718,repeat indices align samples but methods were timed sequentially; use independent-resample intervals
72,funnel,4,bucketed,history,128,512,4,6,1.2500248476862907,1.5682163760066032,repeat indices align samples but methods were timed sequentially; use independent-resample intervals
72,funnel,4,bucketed,history,128,512,4,7,1.2509630173444748,1.3203900158405304,repeat indices align samples but methods were timed sequentially; use independent-resample intervals
72,funnel,4,bucketed,history,128,512,4,8,1.2178962901234627,1.3615608140826225,repeat indices align samples but methods were timed sequentially; use independent-resample intervals
72,funnel,4,bucketed,history,128,512,4,9,1.2998396083712578,1.41762213408947,repeat indices align samples but methods were timed sequentially; use independent-resample intervals
72,funnel,4,bucketed,history,128,512,4,10,1.336987942457199,1.2675304561853409,repeat indices align samples but methods were timed sequentially; use independent-resample intervals
72,funnel,4,bucketed,history,128,512,4,11,1.2572760581970215,1.2175063714385033,repeat indices align samples but methods were timed sequentially; use independent-resample intervals
72,funnel,4,bucketed,history,128,512,4,12,1.0961933434009552,1.2014683485031128,repeat indices align samples but methods were timed sequentially; use independent-resample intervals
72,funnel,4,bucketed,history,128,512,4,13,1.244030274450779,1.191349945962429,repeat indices align samples but methods were timed sequentially; use independent-resample intervals
72,funnel,4,bucketed,history,128,512,4,14,1.288310281932354,1.1881991848349571,repeat indices align samples but methods were timed sequentially; use independent-resample intervals
72,funnel,4,bucketed,history,128,512,4,15,1.279486633837223,1.1666927859187126,repeat indices align samples but methods were timed sequentially; use independent-resample intervals
72,funnel,4,bucketed,history,128,512,4,16,1.2969601303339005,1.1475940346717834,repeat indices align samples but methods were timed sequentially; use independent-resample intervals
72,funnel,4,bucketed,history,128,512,4,17,1.9434325471520424,1.253562182188034,repeat indices align samples but methods were timed sequentially; use independent-resample intervals
72,funnel,4,bucketed,history,128,512,4,18,1.8131010830402374,1.187593974173069,repeat indices align samples but methods were timed sequentially; use independent-resample intervals
72,funnel,4,bucketed,history,128,512,4,19,1.782162070274353,1.1218383982777596,repeat indices align samples but methods were timed sequentially; use independent-resample intervals
72,funnel,4,bucketed,history,128,512,4,20,1.9522089138627052,1.2051337584853172,repeat indices align samples but methods were timed sequentially; use independent-resample intervals
72,funnel,4,bucketed,history,128,512,4,21,1.7321136742830276,1.221310555934906,repeat indices align samples but methods were timed sequentially; use independent-resample intervals
72,funnel,4,bucketed,history,128,512,4,22,1.6415192410349846,1.225340649485588,repeat indices align samples but methods were timed sequentially; use independent-resample intervals
72,funnel,4,bucketed,history,128,512,4,23,1.3378903716802597,1.2595080509781837,repeat indices align samples but methods were timed sequentially; use independent-resample intervals
72,funnel,4,bucketed,history,128,512,4,24,1.2191305384039879,1.2007915750145912,repeat indices align samples but methods were timed sequentially; use independent-resample intervals
72,funnel,4,bucketed,history,128,512,4,25,1.1196132227778435,1.2218958884477615,repeat indices align samples but methods were timed sequentially; use independent-resample intervals
72,funnel,4,bucketed,history,128,512,4,26,1.071749024093151,1.1541530787944794,repeat indices align samples but methods were timed sequentially; use independent-resample intervals
72,funnel,4,bucketed,history,128,512,4,27,1.0603816881775856,1.1787521839141846,repeat indices align samples but methods were timed sequentially; use independent-resample intervals
72,funnel,4,bucketed,history,128,512,4,28,1.183501273393631,1.2398199960589409,repeat indices align samples but methods were timed sequentially; use independent-resample intervals
72,funnel,4,bucketed,history,128,512,4,29,1.2876979783177376,1.2504724487662315,repeat indices align samples but methods were timed sequentially; use independent-resample intervals
73,funnel,4,bucketed,last_depth,64,512,4,0,1.5195028856396675,1.351901300251484,repeat indices align samples but methods were timed sequentially; use independent-resample intervals
73,funnel,4,bucketed,last_depth,64,512,4,1,1.3439578115940094,1.4375673681497574,repeat indices align samples but methods were timed sequentially; use independent-resample intervals
73,funnel,4,bucketed,last_depth,64,512,4,2,1.5206041112542152,1.327181227505207,repeat indices align samples but methods were timed sequentially; use independent-resample intervals
73,funnel,4,bucketed,last_depth,64,512,4,3,1.3659915775060654,1.3711737021803856,repeat indices align samples but methods were timed sequentially; use independent-resample intervals
73,funnel,4,bucketed,last_depth,64,512,4,4,1.3151889741420746,1.2384245917201042,repeat indices align samples but methods were timed sequentially; use independent-resample intervals
73,funnel,4,bucketed,last_depth,64,512,4,5,1.4799847602844238,1.3093160837888718,repeat indices align samples but methods were timed sequentially; use independent-resample intervals
73,funnel,4,bucketed,last_depth,64,512,4,6,1.3729460313916206,1.5682163760066032,repeat indices align samples but methods were timed sequentially; use independent-resample intervals
73,funnel,4,bucketed,last_depth,64,512,4,7,1.3331638425588608,1.3203900158405304,repeat indices align samples but methods were timed sequentially; use independent-resample intervals
73,funnel,4,bucketed,last_depth,64,512,4,8,1.4127061069011688,1.3615608140826225,repeat indices align samples but methods were timed sequentially; use independent-resample intervals
73,funnel,4,bucketed,last_depth,64,512,4,9,1.7477139234542847,1.41762213408947,repeat indices align samples but methods were timed sequentially; use independent-resample intervals
73,funnel,4,bucketed,last_depth,64,512,4,10,2.220747157931328,1.2675304561853409,repeat indices align samples but methods were timed sequentially; use independent-resample intervals
73,funnel,4,bucketed,last_depth,64,512,4,11,1.3940818160772324,1.2175063714385033,repeat indices align samples but methods were timed sequentially; use independent-resample intervals
73,funnel,4,bucketed,last_depth,64,512,4,12,1.2889652773737907,1.2014683485031128,repeat indices align samples but methods were timed sequentially; use independent-resample intervals
73,funnel,4,bucketed,last_depth,64,512,4,13,1.1566632464528084,1.191349945962429,repeat indices align samples but methods were timed sequentially; use independent-resample intervals
73,funnel,4,bucketed,last_depth,64,512,4,14,1.1517007425427437,1.1881991848349571,repeat indices align samples but methods were timed sequentially; use independent-resample intervals
73,funnel,4,bucketed,last_depth,64,512,4,15,1.2469415441155434,1.1666927859187126,repeat indices align samples but methods were timed sequentially; use independent-resample intervals
73,funnel,4,bucketed,last_depth,64,512,4,16,1.1559573113918304,1.1475940346717834,repeat indices align samples but methods were timed sequentially; use independent-resample intervals
73,funnel,4,bucketed,last_depth,64,512,4,17,1.254906252026558,1.253562182188034,repeat indices align samples but methods were timed sequentially; use independent-resample intervals
73,funnel,4,bucketed,last_depth,64,512,4,18,1.1429837569594383,1.187593974173069,repeat indices align samples but methods were timed sequentially; use independent-resample intervals
73,funnel,4,bucketed,last_depth,64,512,4,19,1.2900955528020859,1.1218383982777596,repeat indices align samples but methods were timed sequentially; use independent-resample intervals
73,funnel,4,bucketed,last_depth,64,512,4,20,1.1447432041168213,1.2051337584853172,repeat indices align samples but methods were timed sequentially; use independent-resample intervals
73,funnel,4,bucketed,last_depth,64,512,4,21,1.1163601651787758,1.221310555934906,repeat indices align samples but methods were timed sequentially; use independent-resample intervals
73,funnel,4,bucketed,last_depth,64,512,4,22,1.1757591739296913,1.225340649485588,repeat indices align samples but methods were timed sequentially; use independent-resample intervals
73,funnel,4,bucketed,last_depth,64,512,4,23,1.2490908801555634,1.2595080509781837,repeat indices align samples but methods were timed sequentially; use independent-resample intervals
73,funnel,4,bucketed,last_depth,64,512,4,24,1.186680607497692,1.2007915750145912,repeat indices align samples but methods were timed sequentially; use independent-resample intervals
73,funnel,4,bucketed,last_depth,64,512,4,25,1.1157927438616753,1.2218958884477615,repeat indices align samples but methods were timed sequentially; use independent-resample intervals
73,funnel,4,bucketed,last_depth,64,512,4,26,1.0769109576940536,1.1541530787944794,repeat indices align samples but methods were timed sequentially; use independent-resample intervals
73,funnel,4,bucketed,last_depth,64,512,4,27,1.2148376926779747,1.1787521839141846,repeat indices align samples but methods were timed sequentially; use independent-resample intervals
73,funnel,4,bucketed,last_depth,64,512,4,28,1.1842520013451576,1.2398199960589409,repeat indices align samples but methods were timed sequentially; use independent-resample intervals
73,funnel,4,bucketed,last_depth,64,512,4,29,1.0620949417352676,1.2504724487662315,repeat indices align samples but methods were timed sequentially; use independent-resample intervals
74,funnel,4,bucketed,last_depth,128,512,4,0,1.3212581425905228,1.351901300251484,repeat indices align samples but methods were timed sequentially; use independent-resample intervals
74,funnel,4,bucketed,last_depth,128,512,4,1,1.2567579969763756,1.4375673681497574,repeat indices align samples but methods were timed sequentially; use independent-resample intervals
74,funnel,4,bucketed,last_depth,128,512,4,2,1.237085409462452,1.327181227505207,repeat indices align samples but methods were timed sequentially; use independent-resample intervals
74,funnel,4,bucketed,last_depth,128,512,4,3,1.2066822722554207,1.3711737021803856,repeat indices align samples but methods were timed sequentially; use independent-resample intervals
74,funnel,4,bucketed,last_depth,128,512,4,4,1.2839577868580818,1.2384245917201042,repeat indices align samples but methods were timed sequentially; use independent-resample intervals
74,funnel,4,bucketed,last_depth,128,512,4,5,1.0979853495955467,1.3093160837888718,repeat indices align samples but methods were timed sequentially; use independent-resample intervals
74,funnel,4,bucketed,last_depth,128,512,4,6,1.0798260793089867,1.5682163760066032,repeat indices align samples but methods were timed sequentially; use independent-resample intervals
74,funnel,4,bucketed,last_depth,128,512,4,7,1.2421811744570732,1.3203900158405304,repeat indices align samples but methods were timed sequentially; use independent-resample intervals
74,funnel,4,bucketed,last_depth,128,512,4,8,1.3191503509879112,1.3615608140826225,repeat indices align samples but methods were timed sequentially; use independent-resample intervals
74,funnel,4,bucketed,last_depth,128,512,4,9,1.2806304320693016,1.41762213408947,repeat indices align samples but methods were timed sequentially; use independent-resample intervals
74,funnel,4,bucketed,last_depth,128,512,4,10,1.3676012232899666,1.2675304561853409,repeat indices align samples but methods were timed sequentially; use independent-resample intervals
74,funnel,4,bucketed,last_depth,128,512,4,11,1.2719468623399734,1.2175063714385033,repeat indices align samples but methods were timed sequentially; use independent-resample intervals
74,funnel,4,bucketed,last_depth,128,512,4,12,1.3142824098467827,1.2014683485031128,repeat indices align samples but methods were timed sequentially; use independent-resample intervals
74,funnel,4,bucketed,last_depth,128,512,4,13,1.4072477146983147,1.191349945962429,repeat indices align samples but methods were timed sequentially; use independent-resample intervals
74,funnel,4,bucketed,last_depth,128,512,4,14,1.2936173677444458,1.1881991848349571,repeat indices align samples but methods were timed sequentially; use independent-resample intervals
74,funnel,4,bucketed,last_depth,128,512,4,15,1.3802154660224915,1.1666927859187126,repeat indices align samples but methods were timed sequentially; use independent-resample intervals
74,funnel,4,bucketed,last_depth,128,512,4,16,1.303094893693924,1.1475940346717834,repeat indices align samples but methods were timed sequentially; use independent-resample intervals
74,funnel,4,bucketed,last_depth,128,512,4,17,1.2670643478631973,1.253562182188034,repeat indices align samples but methods were timed sequentially; use independent-resample intervals
74,funnel,4,bucketed,last_depth,128,512,4,18,1.508509635925293,1.187593974173069,repeat indices align samples but methods were timed sequentially; use independent-resample intervals
74,funnel,4,bucketed,last_depth,128,512,4,19,1.3435476049780846,1.1218383982777596,repeat indices align samples but methods were timed sequentially; use independent-resample intervals
74,funnel,4,bucketed,last_depth,128,512,4,20,1.2441386878490448,1.2051337584853172,repeat indices align samples but methods were timed sequentially; use independent-resample intervals
74,funnel,4,bucketed,last_depth,128,512,4,21,1.2258171662688255,1.221310555934906,repeat indices align samples but methods were timed sequentially; use independent-resample intervals
74,funnel,4,bucketed,last_depth,128,512,4,22,1.3762055411934853,1.225340649485588,repeat indices align samples but methods were timed sequentially; use independent-resample intervals
74,funnel,4,bucketed,last_depth,128,512,4,23,1.2191749662160873,1.2595080509781837,repeat indices align samples but methods were timed sequentially; use independent-resample intervals
74,funnel,4,bucketed,last_depth,128,512,4,24,1.3404828161001205,1.2007915750145912,repeat indices align samples but methods were timed sequentially; use independent-resample intervals
74,funnel,4,bucketed,last_depth,128,512,4,25,1.4527546763420105,1.2218958884477615,repeat indices align samples but methods were timed sequentially; use independent-resample intervals
74,funnel,4,bucketed,last_depth,128,512,4,26,1.6566059961915016,1.1541530787944794,repeat indices align samples but methods were timed sequentially; use independent-resample intervals
74,funnel,4,bucketed,last_depth,128,512,4,27,1.6790423095226288,1.1787521839141846,repeat indices align samples but methods were timed sequentially; use independent-resample intervals
74,funnel,4,bucketed,last_depth,128,512,4,28,1.447679303586483,1.2398199960589409,repeat indices align samples but methods were timed sequentially; use independent-resample intervals
74,funnel,4,bucketed,last_depth,128,512,4,29,1.4241517558693886,1.2504724487662315,repeat indices align samples but methods were timed sequentially; use independent-resample intervals
75,funnel,0,monolithic,monolithic,0,1024,4,0,6.512793198227882,6.512793198227882,repeat indices align samples but methods were timed sequentially; use independent-resample intervals
75,funnel,0,monolithic,monolithic,0,1024,4,1,2.6916825100779533,2.6916825100779533,repeat indices align samples but methods were timed sequentially; use independent-resample intervals
75,funnel,0,monolithic,monolithic,0,1024,4,2,2.861832708120346,2.861832708120346,repeat indices align samples but methods were timed sequentially; use independent-resample intervals
75,funnel,0,monolithic,monolithic,0,1024,4,3,2.717409923672676,2.717409923672676,repeat indices align samples but methods were timed sequentially; use independent-resample intervals
75,funnel,0,monolithic,monolithic,0,1024,4,4,2.701634258031845,2.701634258031845,repeat indices align samples but methods were timed sequentially; use independent-resample intervals
75,funnel,0,monolithic,monolithic,0,1024,4,5,2.7351781129837036,2.7351781129837036,repeat indices align samples but methods were timed sequentially; use independent-resample intervals
75,funnel,0,monolithic,monolithic,0,1024,4,6,2.6040279790759087,2.6040279790759087,repeat indices align samples but methods were timed sequentially; use independent-resample intervals
75,funnel,0,monolithic,monolithic,0,1024,4,7,2.797713816165924,2.797713816165924,repeat indices align samples but methods were timed sequentially; use independent-resample intervals
75,funnel,0,monolithic,monolithic,0,1024,4,8,2.4764025136828423,2.4764025136828423,repeat indices align samples but methods were timed sequentially; use independent-resample intervals
75,funnel,0,monolithic,monolithic,0,1024,4,9,2.5502095744013786,2.5502095744013786,repeat indices align samples but methods were timed sequentially; use independent-resample intervals
75,funnel,0,monolithic,monolithic,0,1024,4,10,2.5227690786123276,2.5227690786123276,repeat indices align samples but methods were timed sequentially; use independent-resample intervals
75,funnel,0,monolithic,monolithic,0,1024,4,11,2.5149507597088814,2.5149507597088814,repeat indices align samples but methods were timed sequentially; use independent-resample intervals
75,funnel,0,monolithic,monolithic,0,1024,4,12,2.4847258552908897,2.4847258552908897,repeat indices align samples but methods were timed sequentially; use independent-resample intervals
75,funnel,0,monolithic,monolithic,0,1024,4,13,2.6431710943579674,2.6431710943579674,repeat indices align samples but methods were timed sequentially; use independent-resample intervals
75,funnel,0,monolithic,monolithic,0,1024,4,14,2.62106104940176,2.62106104940176,repeat indices align samples but methods were timed sequentially; use independent-resample intervals
75,funnel,0,monolithic,monolithic,0,1024,4,15,2.629964381456375,2.629964381456375,repeat indices align samples but methods were timed sequentially; use independent-resample intervals
75,funnel,0,monolithic,monolithic,0,1024,4,16,2.660351000726223,2.660351000726223,repeat indices align samples but methods were timed sequentially; use independent-resample intervals
75,funnel,0,monolithic,monolithic,0,1024,4,17,2.5840083360671997,2.5840083360671997,repeat indices align samples but methods were timed sequentially; use independent-resample intervals
75,funnel,0,monolithic,monolithic,0,1024,4,18,2.560215286910534,2.560215286910534,repeat indices align samples but methods were timed sequentially; use independent-resample intervals
75,funnel,0,monolithic,monolithic,0,1024,4,19,2.729204900562763,2.729204900562763,repeat indices align samples but methods were timed sequentially; use independent-resample intervals
75,funnel,0,monolithic,monolithic,0,1024,4,20,2.7247817143797874,2.7247817143797874,repeat indices align samples but methods were timed sequentially; use independent-resample intervals
75,funnel,0,monolithic,monolithic,0,1024,4,21,2.6719647124409676,2.6719647124409676,repeat indices align samples but methods were timed sequentially; use independent-resample intervals
75,funnel,0,monolithic,monolithic,0,1024,4,22,2.6390249505639076,2.6390249505639076,repeat indices align samples but methods were timed sequentially; use independent-resample intervals
75,funnel,0,monolithic,monolithic,0,1024,4,23,2.7263435646891594,2.7263435646891594,repeat indices align samples but methods were timed sequentially; use independent-resample intervals
75,funnel,0,monolithic,monolithic,0,1024,4,24,2.7956590950489044,2.7956590950489044,repeat indices align samples but methods were timed sequentially; use independent-resample intervals
75,funnel,0,monolithic,monolithic,0,1024,4,25,2.6198109090328217,2.6198109090328217,repeat indices align samples but methods were timed sequentially; use independent-resample intervals
75,funnel,0,monolithic,monolithic,0,1024,4,26,2.579601690173149,2.579601690173149,repeat indices align samples but methods were timed sequentially; use independent-resample intervals
75,funnel,0,monolithic,monolithic,0,1024,4,27,2.626853659749031,2.626853659749031,repeat indices align samples but methods were timed sequentially; use independent-resample intervals
75,funnel,0,monolithic,monolithic,0,1024,4,28,2.687090218067169,2.687090218067169,repeat indices align samples but methods were timed sequentially; use independent-resample intervals
75,funnel,0,monolithic,monolithic,0,1024,4,29,2.691093221306801,2.691093221306801,repeat indices align samples but methods were timed sequentially; use independent-resample intervals
76,funnel,0,bucketed,history,64,1024,4,0,4.4545260444283485,6.512793198227882,repeat indices align samples but methods were timed sequentially; use independent-resample intervals
76,funnel,0,bucketed,history,64,1024,4,1,2.205050952732563,2.6916825100779533,repeat indices align samples but methods were timed sequentially; use independent-resample intervals
76,funnel,0,bucketed,history,64,1024,4,2,2.054508537054062,2.861832708120346,repeat indices align samples but methods were timed sequentially; use independent-resample intervals
76,funnel,0,bucketed,history,64,1024,4,3,2.124241352081299,2.717409923672676,repeat indices align samples but methods were timed sequentially; use independent-resample intervals
76,funnel,0,bucketed,history,64,1024,4,4,1.9666948094964027,2.701634258031845,repeat indices align samples but methods were timed sequentially; use independent-resample intervals
76,funnel,0,bucketed,history,64,1024,4,5,2.3246078565716743,2.7351781129837036,repeat indices align samples but methods were timed sequentially; use independent-resample intervals
76,funnel,0,bucketed,history,64,1024,4,6,2.196343146264553,2.6040279790759087,repeat indices align samples but methods were timed sequentially; use independent-resample intervals
76,funnel,0,bucketed,history,64,1024,4,7,2.2962591499090195,2.797713816165924,repeat indices align samples but methods were timed sequentially; use independent-resample intervals
76,funnel,0,bucketed,history,64,1024,4,8,2.2006075754761696,2.4764025136828423,repeat indices align samples but methods were timed sequentially; use independent-resample intervals
76,funnel,0,bucketed,history,64,1024,4,9,2.4049611762166023,2.5502095744013786,repeat indices align samples but methods were timed sequentially; use independent-resample intervals
76,funnel,0,bucketed,history,64,1024,4,10,2.7703651264309883,2.5227690786123276,repeat indices align samples but methods were timed sequentially; use independent-resample intervals
76,funnel,0,bucketed,history,64,1024,4,11,2.299325115978718,2.5149507597088814,repeat indices align samples but methods were timed sequentially; use independent-resample intervals
76,funnel,0,bucketed,history,64,1024,4,12,2.4870399981737137,2.4847258552908897,repeat indices align samples but methods were timed sequentially; use independent-resample intervals
76,funnel,0,bucketed,history,64,1024,4,13,2.4815001487731934,2.6431710943579674,repeat indices align samples but methods were timed sequentially; use independent-resample intervals
76,funnel,0,bucketed,history,64,1024,4,14,2.558061182498932,2.62106104940176,repeat indices align samples but methods were timed sequentially; use independent-resample intervals
76,funnel,0,bucketed,history,64,1024,4,15,2.251022920012474,2.629964381456375,repeat indices align samples but methods were timed sequentially; use independent-resample intervals
76,funnel,0,bucketed,history,64,1024,4,16,2.141101688146591,2.660351000726223,repeat indices align samples but methods were timed sequentially; use independent-resample intervals
76,funnel,0,bucketed,history,64,1024,4,17,2.118657387793064,2.5840083360671997,repeat indices align samples but methods were timed sequentially; use independent-resample intervals
76,funnel,0,bucketed,history,64,1024,4,18,2.0736411213874817,2.560215286910534,repeat indices align samples but methods were timed sequentially; use independent-resample intervals
76,funnel,0,bucketed,history,64,1024,4,19,2.4734512716531754,2.729204900562763,repeat indices align samples but methods were timed sequentially; use independent-resample intervals
76,funnel,0,bucketed,history,64,1024,4,20,2.327689364552498,2.7247817143797874,repeat indices align samples but methods were timed sequentially; use independent-resample intervals
76,funnel,0,bucketed,history,64,1024,4,21,2.113981679081917,2.6719647124409676,repeat indices align samples but methods were timed sequentially; use independent-resample intervals
76,funnel,0,bucketed,history,64,1024,4,22,2.1951214149594307,2.6390249505639076,repeat indices align samples but methods were timed sequentially; use independent-resample intervals
76,funnel,0,bucketed,history,64,1024,4,23,2.66451233625412,2.7263435646891594,repeat indices align samples but methods were timed sequentially; use independent-resample intervals
76,funnel,0,bucketed,history,64,1024,4,24,3.4195803701877594,2.7956590950489044,repeat indices align samples but methods were timed sequentially; use independent-resample intervals
76,funnel,0,bucketed,history,64,1024,4,25,2.45612034201622,2.6198109090328217,repeat indices align samples but methods were timed sequentially; use independent-resample intervals
76,funnel,0,bucketed,history,64,1024,4,26,2.0921909287571907,2.579601690173149,repeat indices align samples but methods were timed sequentially; use independent-resample intervals
76,funnel,0,bucketed,history,64,1024,4,27,2.091856323182583,2.626853659749031,repeat indices align samples but methods were timed sequentially; use independent-resample intervals
76,funnel,0,bucketed,history,64,1024,4,28,2.279171861708164,2.687090218067169,repeat indices align samples but methods were timed sequentially; use independent-resample intervals
76,funnel,0,bucketed,history,64,1024,4,29,2.037395104765892,2.691093221306801,repeat indices align samples but methods were timed sequentially; use independent-resample intervals
77,funnel,0,bucketed,history,128,1024,4,0,3.6674837693572044,6.512793198227882,repeat indices align samples but methods were timed sequentially; use independent-resample intervals
77,funnel,0,bucketed,history,128,1024,4,1,1.7201368659734726,2.6916825100779533,repeat indices align samples but methods were timed sequentially; use independent-resample intervals
77,funnel,0,bucketed,history,128,1024,4,2,1.732933558523655,2.861832708120346,repeat indices align samples but methods were timed sequentially; use independent-resample intervals
77,funnel,0,bucketed,history,128,1024,4,3,1.7758539468050003,2.717409923672676,repeat indices align samples but methods were timed sequentially; use independent-resample intervals
77,funnel,0,bucketed,history,128,1024,4,4,1.6887880861759186,2.701634258031845,repeat indices align samples but methods were timed sequentially; use independent-resample intervals
77,funnel,0,bucketed,history,128,1024,4,5,1.8660381063818932,2.7351781129837036,repeat indices align samples but methods were timed sequentially; use independent-resample intervals
77,funnel,0,bucketed,history,128,1024,4,6,1.7367220222949982,2.6040279790759087,repeat indices align samples but methods were timed sequentially; use independent-resample intervals
77,funnel,0,bucketed,history,128,1024,4,7,1.9057488292455673,2.797713816165924,repeat indices align samples but methods were timed sequentially; use independent-resample intervals
77,funnel,0,bucketed,history,128,1024,4,8,1.7781800106167793,2.4764025136828423,repeat indices align samples but methods were timed sequentially; use independent-resample intervals
77,funnel,0,bucketed,history,128,1024,4,9,1.8158173486590385,2.5502095744013786,repeat indices align samples but methods were timed sequentially; use independent-resample intervals
77,funnel,0,bucketed,history,128,1024,4,10,2.8581992611289024,2.5227690786123276,repeat indices align samples but methods were timed sequentially; use independent-resample intervals
77,funnel,0,bucketed,history,128,1024,4,11,2.126065880060196,2.5149507597088814,repeat indices align samples but methods were timed sequentially; use independent-resample intervals
77,funnel,0,bucketed,history,128,1024,4,12,1.8109930381178856,2.4847258552908897,repeat indices align samples but methods were timed sequentially; use independent-resample intervals
77,funnel,0,bucketed,history,128,1024,4,13,1.7738906219601631,2.6431710943579674,repeat indices align samples but methods were timed sequentially; use independent-resample intervals
77,funnel,0,bucketed,history,128,1024,4,14,2.0857818573713303,2.62106104940176,repeat indices align samples but methods were timed sequentially; use independent-resample intervals
77,funnel,0,bucketed,history,128,1024,4,15,1.9325295612215996,2.629964381456375,repeat indices align samples but methods were timed sequentially; use independent-resample intervals
77,funnel,0,bucketed,history,128,1024,4,16,1.9734809771180153,2.660351000726223,repeat indices align samples but methods were timed sequentially; use independent-resample intervals
77,funnel,0,bucketed,history,128,1024,4,17,1.7466842159628868,2.5840083360671997,repeat indices align samples but methods were timed sequentially; use independent-resample intervals
77,funnel,0,bucketed,history,128,1024,4,18,1.8111948445439339,2.560215286910534,repeat indices align samples but methods were timed sequentially; use independent-resample intervals
77,funnel,0,bucketed,history,128,1024,4,19,1.859166331589222,2.729204900562763,repeat indices align samples but methods were timed sequentially; use independent-resample intervals
77,funnel,0,bucketed,history,128,1024,4,20,1.7807453870773315,2.7247817143797874,repeat indices align samples but methods were timed sequentially; use independent-resample intervals
77,funnel,0,bucketed,history,128,1024,4,21,1.7652419283986092,2.6719647124409676,repeat indices align samples but methods were timed sequentially; use independent-resample intervals
77,funnel,0,bucketed,history,128,1024,4,22,1.8002739325165749,2.6390249505639076,repeat indices align samples but methods were timed sequentially; use independent-resample intervals
77,funnel,0,bucketed,history,128,1024,4,23,1.650950089097023,2.7263435646891594,repeat indices align samples but methods were timed sequentially; use independent-resample intervals
77,funnel,0,bucketed,history,128,1024,4,24,1.5897498577833176,2.7956590950489044,repeat indices align samples but methods were timed sequentially; use independent-resample intervals
77,funnel,0,bucketed,history,128,1024,4,25,1.7229224368929863,2.6198109090328217,repeat indices align samples but methods were timed sequentially; use independent-resample intervals
77,funnel,0,bucketed,history,128,1024,4,26,1.6869727820158005,2.579601690173149,repeat indices align samples but methods were timed sequentially; use independent-resample intervals
77,funnel,0,bucketed,history,128,1024,4,27,1.7618182376027107,2.626853659749031,repeat indices align samples but methods were timed sequentially; use independent-resample intervals
77,funnel,0,bucketed,history,128,1024,4,28,1.6874482482671738,2.687090218067169,repeat indices align samples but methods were timed sequentially; use independent-resample intervals
77,funnel,0,bucketed,history,128,1024,4,29,1.7092248499393463,2.691093221306801,repeat indices align samples but methods were timed sequentially; use independent-resample intervals
78,funnel,0,bucketed,last_depth,64,1024,4,0,2.063015103340149,6.512793198227882,repeat indices align samples but methods were timed sequentially; use independent-resample intervals
78,funnel,0,bucketed,last_depth,64,1024,4,1,2.2422783374786377,2.6916825100779533,repeat indices align samples but methods were timed sequentially; use independent-resample intervals
78,funnel,0,bucketed,last_depth,64,1024,4,2,2.1131454408168793,2.861832708120346,repeat indices align samples but methods were timed sequentially; use independent-resample intervals
78,funnel,0,bucketed,last_depth,64,1024,4,3,2.3035272508859634,2.717409923672676,repeat indices align samples but methods were timed sequentially; use independent-resample intervals
78,funnel,0,bucketed,last_depth,64,1024,4,4,2.166084073483944,2.701634258031845,repeat indices align samples but methods were timed sequentially; use independent-resample intervals
78,funnel,0,bucketed,last_depth,64,1024,4,5,2.381734363734722,2.7351781129837036,repeat indices align samples but methods were timed sequentially; use independent-resample intervals
78,funnel,0,bucketed,last_depth,64,1024,4,6,2.2095111683011055,2.6040279790759087,repeat indices align samples but methods were timed sequentially; use independent-resample intervals
78,funnel,0,bucketed,last_depth,64,1024,4,7,2.1469455882906914,2.797713816165924,repeat indices align samples but methods were timed sequentially; use independent-resample intervals
78,funnel,0,bucketed,last_depth,64,1024,4,8,2.2230896949768066,2.4764025136828423,repeat indices align samples but methods were timed sequentially; use independent-resample intervals
78,funnel,0,bucketed,last_depth,64,1024,4,9,2.3620229437947273,2.5502095744013786,repeat indices align samples but methods were timed sequentially; use independent-resample intervals
78,funnel,0,bucketed,last_depth,64,1024,4,10,2.36068107932806,2.5227690786123276,repeat indices align samples but methods were timed sequentially; use independent-resample intervals
78,funnel,0,bucketed,last_depth,64,1024,4,11,2.2365600541234016,2.5149507597088814,repeat indices align samples but methods were timed sequentially; use independent-resample intervals
78,funnel,0,bucketed,last_depth,64,1024,4,12,2.601928800344467,2.4847258552908897,repeat indices align samples but methods were timed sequentially; use independent-resample intervals
78,funnel,0,bucketed,last_depth,64,1024,4,13,2.5702263563871384,2.6431710943579674,repeat indices align samples but methods were timed sequentially; use independent-resample intervals
78,funnel,0,bucketed,last_depth,64,1024,4,14,2.2140105962753296,2.62106104940176,repeat indices align samples but methods were timed sequentially; use independent-resample intervals
78,funnel,0,bucketed,last_depth,64,1024,4,15,2.374950274825096,2.629964381456375,repeat indices align samples but methods were timed sequentially; use independent-resample intervals
78,funnel,0,bucketed,last_depth,64,1024,4,16,2.5011204704642296,2.660351000726223,repeat indices align samples but methods were timed sequentially; use independent-resample intervals
78,funnel,0,bucketed,last_depth,64,1024,4,17,2.6923611611127853,2.5840083360671997,repeat indices align samples but methods were timed sequentially; use independent-resample intervals
78,funnel,0,bucketed,last_depth,64,1024,4,18,2.4966605082154274,2.560215286910534,repeat indices align samples but methods were timed sequentially; use independent-resample intervals
78,funnel,0,bucketed,last_depth,64,1024,4,19,2.180219404399395,2.729204900562763,repeat indices align samples but methods were timed sequentially; use independent-resample intervals
78,funnel,0,bucketed,last_depth,64,1024,4,20,2.122050903737545,2.7247817143797874,repeat indices align samples but methods were timed sequentially; use independent-resample intervals
78,funnel,0,bucketed,last_depth,64,1024,4,21,2.0493107959628105,2.6719647124409676,repeat indices align samples but methods were timed sequentially; use independent-resample intervals
78,funnel,0,bucketed,last_depth,64,1024,4,22,2.2049193382263184,2.6390249505639076,repeat indices align samples but methods were timed sequentially; use independent-resample intervals
78,funnel,0,bucketed,last_depth,64,1024,4,23,2.2655940800905228,2.7263435646891594,repeat indices align samples but methods were timed sequentially; use independent-resample intervals
78,funnel,0,bucketed,last_depth,64,1024,4,24,2.1229926124215126,2.7956590950489044,repeat indices align samples but methods were timed sequentially; use independent-resample intervals
78,funnel,0,bucketed,last_depth,64,1024,4,25,2.090875022113323,2.6198109090328217,repeat indices align samples but methods were timed sequentially; use independent-resample intervals
78,funnel,0,bucketed,last_depth,64,1024,4,26,2.0212078765034676,2.579601690173149,repeat indices align samples but methods were timed sequentially; use independent-resample intervals
78,funnel,0,bucketed,last_depth,64,1024,4,27,2.189293570816517,2.626853659749031,repeat indices align samples but methods were timed sequentially; use independent-resample intervals
78,funnel,0,bucketed,last_depth,64,1024,4,28,2.095989912748337,2.687090218067169,repeat indices align samples but methods were timed sequentially; use independent-resample intervals
78,funnel,0,bucketed,last_depth,64,1024,4,29,1.9530780017375946,2.691093221306801,repeat indices align samples but methods were timed sequentially; use independent-resample intervals
79,funnel,0,bucketed,last_depth,128,1024,4,0,1.9734092727303505,6.512793198227882,repeat indices align samples but methods were timed sequentially; use independent-resample intervals
79,funnel,0,bucketed,last_depth,128,1024,4,1,2.1449637338519096,2.6916825100779533,repeat indices align samples but methods were timed sequentially; use independent-resample intervals
79,funnel,0,bucketed,last_depth,128,1024,4,2,2.1075031980872154,2.861832708120346,repeat indices align samples but methods were timed sequentially; use independent-resample intervals
79,funnel,0,bucketed,last_depth,128,1024,4,3,2.0978425815701485,2.717409923672676,repeat indices align samples but methods were timed sequentially; use independent-resample intervals
79,funnel,0,bucketed,last_depth,128,1024,4,4,2.00791784375906,2.701634258031845,repeat indices align samples but methods were timed sequentially; use independent-resample intervals
79,funnel,0,bucketed,last_depth,128,1024,4,5,1.9874588772654533,2.7351781129837036,repeat indices align samples but methods were timed sequentially; use independent-resample intervals
79,funnel,0,bucketed,last_depth,128,1024,4,6,2.1500743478536606,2.6040279790759087,repeat indices align samples but methods were timed sequentially; use independent-resample intervals
79,funnel,0,bucketed,last_depth,128,1024,4,7,2.2595460265874863,2.797713816165924,repeat indices align samples but methods were timed sequentially; use independent-resample intervals
79,funnel,0,bucketed,last_depth,128,1024,4,8,2.2050492838025093,2.4764025136828423,repeat indices align samples but methods were timed sequentially; use independent-resample intervals
79,funnel,0,bucketed,last_depth,128,1024,4,9,2.3053176552057266,2.5502095744013786,repeat indices align samples but methods were timed sequentially; use independent-resample intervals
79,funnel,0,bucketed,last_depth,128,1024,4,10,2.4502584487199783,2.5227690786123276,repeat indices align samples but methods were timed sequentially; use independent-resample intervals
79,funnel,0,bucketed,last_depth,128,1024,4,11,2.0708928778767586,2.5149507597088814,repeat indices align samples but methods were timed sequentially; use independent-resample intervals
79,funnel,0,bucketed,last_depth,128,1024,4,12,2.0861935317516327,2.4847258552908897,repeat indices align samples but methods were timed sequentially; use independent-resample intervals
79,funnel,0,bucketed,last_depth,128,1024,4,13,2.187458574771881,2.6431710943579674,repeat indices align samples but methods were timed sequentially; use independent-resample intervals
79,funnel,0,bucketed,last_depth,128,1024,4,14,2.2182661667466164,2.62106104940176,repeat indices align samples but methods were timed sequentially; use independent-resample intervals
79,funnel,0,bucketed,last_depth,128,1024,4,15,2.316443756222725,2.629964381456375,repeat indices align samples but methods were timed sequentially; use independent-resample intervals
79,funnel,0,bucketed,last_depth,128,1024,4,16,2.2447395622730255,2.660351000726223,repeat indices align samples but methods were timed sequentially; use independent-resample intervals
79,funnel,0,bucketed,last_depth,128,1024,4,17,2.131667874753475,2.5840083360671997,repeat indices align samples but methods were timed sequentially; use independent-resample intervals
79,funnel,0,bucketed,last_depth,128,1024,4,18,2.400383323431015,2.560215286910534,repeat indices align samples but methods were timed sequentially; use independent-resample intervals
79,funnel,0,bucketed,last_depth,128,1024,4,19,2.251061365008354,2.729204900562763,repeat indices align samples but methods were timed sequentially; use independent-resample intervals
79,funnel,0,bucketed,last_depth,128,1024,4,20,2.487697623670101,2.7247817143797874,repeat indices align samples but methods were timed sequentially; use independent-resample intervals
79,funnel,0,bucketed,last_depth,128,1024,4,21,2.246477819979191,2.6719647124409676,repeat indices align samples but methods were timed sequentially; use independent-resample intervals
79,funnel,0,bucketed,last_depth,128,1024,4,22,2.114223949611187,2.6390249505639076,repeat indices align samples but methods were timed sequentially; use independent-resample intervals
79,funnel,0,bucketed,last_depth,128,1024,4,23,2.0374075174331665,2.7263435646891594,repeat indices align samples but methods were timed sequentially; use independent-resample intervals
79,funnel,0,bucketed,last_depth,128,1024,4,24,2.419136993587017,2.7956590950489044,repeat indices align samples but methods were timed sequentially; use independent-resample intervals
79,funnel,0,bucketed,last_depth,128,1024,4,25,2.254303976893425,2.6198109090328217,repeat indices align samples but methods were timed sequentially; use independent-resample intervals
79,funnel,0,bucketed,last_depth,128,1024,4,26,2.133069269359112,2.579601690173149,repeat indices align samples but methods were timed sequentially; use independent-resample intervals
79,funnel,0,bucketed,last_depth,128,1024,4,27,2.356846444308758,2.626853659749031,repeat indices align samples but methods were timed sequentially; use independent-resample intervals
79,funnel,0,bucketed,last_depth,128,1024,4,28,2.1941827908158302,2.687090218067169,repeat indices align samples but methods were timed sequentially; use independent-resample intervals
79,funnel,0,bucketed,last_depth,128,1024,4,29,2.3300958946347237,2.691093221306801,repeat indices align samples but methods were timed sequentially; use independent-resample intervals
80,funnel,1,monolithic,monolithic,0,1024,4,0,2.620023787021637,2.620023787021637,repeat indices align samples but methods were timed sequentially; use independent-resample intervals
80,funnel,1,monolithic,monolithic,0,1024,4,1,2.7290409207344055,2.7290409207344055,repeat indices align samples but methods were timed sequentially; use independent-resample intervals
80,funnel,1,monolithic,monolithic,0,1024,4,2,2.6323805153369904,2.6323805153369904,repeat indices align samples but methods were timed sequentially; use independent-resample intervals
80,funnel,1,monolithic,monolithic,0,1024,4,3,3.2827953100204468,3.2827953100204468,repeat indices align samples but methods were timed sequentially; use independent-resample intervals
80,funnel,1,monolithic,monolithic,0,1024,4,4,3.022305853664875,3.022305853664875,repeat indices align samples but methods were timed sequentially; use independent-resample intervals
80,funnel,1,monolithic,monolithic,0,1024,4,5,2.990292340517044,2.990292340517044,repeat indices align samples but methods were timed sequentially; use independent-resample intervals
80,funnel,1,monolithic,monolithic,0,1024,4,6,2.650607816874981,2.650607816874981,repeat indices align samples but methods were timed sequentially; use independent-resample intervals
80,funnel,1,monolithic,monolithic,0,1024,4,7,2.4692524895071983,2.4692524895071983,repeat indices align samples but methods were timed sequentially; use independent-resample intervals
80,funnel,1,monolithic,monolithic,0,1024,4,8,2.492407999932766,2.492407999932766,repeat indices align samples but methods were timed sequentially; use independent-resample intervals
80,funnel,1,monolithic,monolithic,0,1024,4,9,2.598767451941967,2.598767451941967,repeat indices align samples but methods were timed sequentially; use independent-resample intervals
80,funnel,1,monolithic,monolithic,0,1024,4,10,2.920317120850086,2.920317120850086,repeat indices align samples but methods were timed sequentially; use independent-resample intervals
80,funnel,1,monolithic,monolithic,0,1024,4,11,2.4947968795895576,2.4947968795895576,repeat indices align samples but methods were timed sequentially; use independent-resample intervals
80,funnel,1,monolithic,monolithic,0,1024,4,12,2.483932062983513,2.483932062983513,repeat indices align samples but methods were timed sequentially; use independent-resample intervals
80,funnel,1,monolithic,monolithic,0,1024,4,13,2.735758662223816,2.735758662223816,repeat indices align samples but methods were timed sequentially; use independent-resample intervals
80,funnel,1,monolithic,monolithic,0,1024,4,14,2.5937097370624542,2.5937097370624542,repeat indices align samples but methods were timed sequentially; use independent-resample intervals
80,funnel,1,monolithic,monolithic,0,1024,4,15,2.492357574403286,2.492357574403286,repeat indices align samples but methods were timed sequentially; use independent-resample intervals
80,funnel,1,monolithic,monolithic,0,1024,4,16,2.732739455997944,2.732739455997944,repeat indices align samples but methods were timed sequentially; use independent-resample intervals
80,funnel,1,monolithic,monolithic,0,1024,4,17,2.6551880314946175,2.6551880314946175,repeat indices align samples but methods were timed sequentially; use independent-resample intervals
80,funnel,1,monolithic,monolithic,0,1024,4,18,2.5473904088139534,2.5473904088139534,repeat indices align samples but methods were timed sequentially; use independent-resample intervals
80,funnel,1,monolithic,monolithic,0,1024,4,19,2.6093556955456734,2.6093556955456734,repeat indices align samples but methods were timed sequentially; use independent-resample intervals
80,funnel,1,monolithic,monolithic,0,1024,4,20,2.488011412322521,2.488011412322521,repeat indices align samples but methods were timed sequentially; use independent-resample intervals
80,funnel,1,monolithic,monolithic,0,1024,4,21,2.5413320139050484,2.5413320139050484,repeat indices align samples but methods were timed sequentially; use independent-resample intervals
80,funnel,1,monolithic,monolithic,0,1024,4,22,2.6543848514556885,2.6543848514556885,repeat indices align samples but methods were timed sequentially; use independent-resample intervals
80,funnel,1,monolithic,monolithic,0,1024,4,23,2.647222548723221,2.647222548723221,repeat indices align samples but methods were timed sequentially; use independent-resample intervals
80,funnel,1,monolithic,monolithic,0,1024,4,24,2.475050888955593,2.475050888955593,repeat indices align samples but methods were timed sequentially; use independent-resample intervals
80,funnel,1,monolithic,monolithic,0,1024,4,25,2.731704168021679,2.731704168021679,repeat indices align samples but methods were timed sequentially; use independent-resample intervals
80,funnel,1,monolithic,monolithic,0,1024,4,26,2.8695883080363274,2.8695883080363274,repeat indices align samples but methods were timed sequentially; use independent-resample intervals
80,funnel,1,monolithic,monolithic,0,1024,4,27,2.8748017624020576,2.8748017624020576,repeat indices align samples but methods were timed sequentially; use independent-resample intervals
80,funnel,1,monolithic,monolithic,0,1024,4,28,2.8398990482091904,2.8398990482091904,repeat indices align samples but methods were timed sequentially; use independent-resample intervals
80,funnel,1,monolithic,monolithic,0,1024,4,29,2.664948135614395,2.664948135614395,repeat indices align samples but methods were timed sequentially; use independent-resample intervals
81,funnel,1,bucketed,history,64,1024,4,0,2.0645117312669754,2.620023787021637,repeat indices align samples but methods were timed sequentially; use independent-resample intervals
81,funnel,1,bucketed,history,64,1024,4,1,2.2591173723340034,2.7290409207344055,repeat indices align samples but methods were timed sequentially; use independent-resample intervals
81,funnel,1,bucketed,history,64,1024,4,2,1.9513689875602722,2.6323805153369904,repeat indices align samples but methods were timed sequentially; use independent-resample intervals
81,funnel,1,bucketed,history,64,1024,4,3,2.2397218495607376,3.2827953100204468,repeat indices align samples but methods were timed sequentially; use independent-resample intervals
81,funnel,1,bucketed,history,64,1024,4,4,2.0977740734815598,3.022305853664875,repeat indices align samples but methods were timed sequentially; use independent-resample intervals
81,funnel,1,bucketed,history,64,1024,4,5,2.178908057510853,2.990292340517044,repeat indices align samples but methods were timed sequentially; use independent-resample intervals
81,funnel,1,bucketed,history,64,1024,4,6,2.2458406686782837,2.650607816874981,repeat indices align samples but methods were timed sequentially; use independent-resample intervals
81,funnel,1,bucketed,history,64,1024,4,7,2.230577379465103,2.4692524895071983,repeat indices align samples but methods were timed sequentially; use independent-resample intervals
81,funnel,1,bucketed,history,64,1024,4,8,2.264867216348648,2.492407999932766,repeat indices align samples but methods were timed sequentially; use independent-resample intervals
81,funnel,1,bucketed,history,64,1024,4,9,2.1996749192476273,2.598767451941967,repeat indices align samples but methods were timed sequentially; use independent-resample intervals
81,funnel,1,bucketed,history,64,1024,4,10,2.055509127676487,2.920317120850086,repeat indices align samples but methods were timed sequentially; use independent-resample intervals
81,funnel,1,bucketed,history,64,1024,4,11,1.9146376177668571,2.4947968795895576,repeat indices align samples but methods were timed sequentially; use independent-resample intervals
81,funnel,1,bucketed,history,64,1024,4,12,1.9584047049283981,2.483932062983513,repeat indices align samples but methods were timed sequentially; use independent-resample intervals
81,funnel,1,bucketed,history,64,1024,4,13,1.9140901267528534,2.735758662223816,repeat indices align samples but methods were timed sequentially; use independent-resample intervals
81,funnel,1,bucketed,history,64,1024,4,14,1.9797712564468384,2.5937097370624542,repeat indices align samples but methods were timed sequentially; use independent-resample intervals
81,funnel,1,bucketed,history,64,1024,4,15,2.1320578679442406,2.492357574403286,repeat indices align samples but methods were timed sequentially; use independent-resample intervals
81,funnel,1,bucketed,history,64,1024,4,16,2.131217300891876,2.732739455997944,repeat indices align samples but methods were timed sequentially; use independent-resample intervals
81,funnel,1,bucketed,history,64,1024,4,17,2.292765475809574,2.6551880314946175,repeat indices align samples but methods were timed sequentially; use independent-resample intervals
81,funnel,1,bucketed,history,64,1024,4,18,2.0030185282230377,2.5473904088139534,repeat indices align samples but methods were timed sequentially; use independent-resample intervals
81,funnel,1,bucketed,history,64,1024,4,19,2.3212018981575966,2.6093556955456734,repeat indices align samples but methods were timed sequentially; use independent-resample intervals
81,funnel,1,bucketed,history,64,1024,4,20,2.3105805069208145,2.488011412322521,repeat indices align samples but methods were timed sequentially; use independent-resample intervals
81,funnel,1,bucketed,history,64,1024,4,21,1.9943121746182442,2.5413320139050484,repeat indices align samples but methods were timed sequentially; use independent-resample intervals
81,funnel,1,bucketed,history,64,1024,4,22,2.1208263263106346,2.6543848514556885,repeat indices align samples but methods were timed sequentially; use independent-resample intervals
81,funnel,1,bucketed,history,64,1024,4,23,2.1097914949059486,2.647222548723221,repeat indices align samples but methods were timed sequentially; use independent-resample intervals
81,funnel,1,bucketed,history,64,1024,4,24,2.1577517688274384,2.475050888955593,repeat indices align samples but methods were timed sequentially; use independent-resample intervals
81,funnel,1,bucketed,history,64,1024,4,25,2.2654505744576454,2.731704168021679,repeat indices align samples but methods were timed sequentially; use independent-resample intervals
81,funnel,1,bucketed,history,64,1024,4,26,2.312259890139103,2.8695883080363274,repeat indices align samples but methods were timed sequentially; use independent-resample intervals
81,funnel,1,bucketed,history,64,1024,4,27,2.1651293635368347,2.8748017624020576,repeat indices align samples but methods were timed sequentially; use independent-resample intervals
81,funnel,1,bucketed,history,64,1024,4,28,2.0387096032500267,2.8398990482091904,repeat indices align samples but methods were timed sequentially; use independent-resample intervals
81,funnel,1,bucketed,history,64,1024,4,29,2.3332148045301437,2.664948135614395,repeat indices align samples but methods were timed sequentially; use independent-resample intervals
82,funnel,1,bucketed,history,128,1024,4,0,1.9260981231927872,2.620023787021637,repeat indices align samples but methods were timed sequentially; use independent-resample intervals
82,funnel,1,bucketed,history,128,1024,4,1,1.8834222629666328,2.7290409207344055,repeat indices align samples but methods were timed sequentially; use independent-resample intervals
82,funnel,1,bucketed,history,128,1024,4,2,1.8151042386889458,2.6323805153369904,repeat indices align samples but methods were timed sequentially; use independent-resample intervals
82,funnel,1,bucketed,history,128,1024,4,3,1.7821941077709198,3.2827953100204468,repeat indices align samples but methods were timed sequentially; use independent-resample intervals
82,funnel,1,bucketed,history,128,1024,4,4,1.8420156985521317,3.022305853664875,repeat indices align samples but methods were timed sequentially; use independent-resample intervals
82,funnel,1,bucketed,history,128,1024,4,5,1.925358884036541,2.990292340517044,repeat indices align samples but methods were timed sequentially; use independent-resample intervals
82,funnel,1,bucketed,history,128,1024,4,6,1.8467590436339378,2.650607816874981,repeat indices align samples but methods were timed sequentially; use independent-resample intervals
82,funnel,1,bucketed,history,128,1024,4,7,1.9569110125303268,2.4692524895071983,repeat indices align samples but methods were timed sequentially; use independent-resample intervals
82,funnel,1,bucketed,history,128,1024,4,8,1.861652985215187,2.492407999932766,repeat indices align samples but methods were timed sequentially; use independent-resample intervals
82,funnel,1,bucketed,history,128,1024,4,9,1.849414400756359,2.598767451941967,repeat indices align samples but methods were timed sequentially; use independent-resample intervals
82,funnel,1,bucketed,history,128,1024,4,10,1.795348972082138,2.920317120850086,repeat indices align samples but methods were timed sequentially; use independent-resample intervals
82,funnel,1,bucketed,history,128,1024,4,11,1.8191162198781967,2.4947968795895576,repeat indices align samples but methods were timed sequentially; use independent-resample intervals
82,funnel,1,bucketed,history,128,1024,4,12,1.9584795907139778,2.483932062983513,repeat indices align samples but methods were timed sequentially; use independent-resample intervals
82,funnel,1,bucketed,history,128,1024,4,13,1.811604879796505,2.735758662223816,repeat indices align samples but methods were timed sequentially; use independent-resample intervals
82,funnel,1,bucketed,history,128,1024,4,14,1.8716089576482773,2.5937097370624542,repeat indices align samples but methods were timed sequentially; use independent-resample intervals
82,funnel,1,bucketed,history,128,1024,4,15,1.9459229409694672,2.492357574403286,repeat indices align samples but methods were timed sequentially; use independent-resample intervals
82,funnel,1,bucketed,history,128,1024,4,16,1.78268913179636,2.732739455997944,repeat indices align samples but methods were timed sequentially; use independent-resample intervals
82,funnel,1,bucketed,history,128,1024,4,17,1.8425597250461578,2.6551880314946175,repeat indices align samples but methods were timed sequentially; use independent-resample intervals
82,funnel,1,bucketed,history,128,1024,4,18,1.7927531376481056,2.5473904088139534,repeat indices align samples but methods were timed sequentially; use independent-resample intervals
82,funnel,1,bucketed,history,128,1024,4,19,1.877759888768196,2.6093556955456734,repeat indices align samples but methods were timed sequentially; use independent-resample intervals
82,funnel,1,bucketed,history,128,1024,4,20,1.9236963242292404,2.488011412322521,repeat indices align samples but methods were timed sequentially; use independent-resample intervals
82,funnel,1,bucketed,history,128,1024,4,21,1.7623416408896446,2.5413320139050484,repeat indices align samples but methods were timed sequentially; use independent-resample intervals
82,funnel,1,bucketed,history,128,1024,4,22,1.8750097677111626,2.6543848514556885,repeat indices align samples but methods were timed sequentially; use independent-resample intervals
82,funnel,1,bucketed,history,128,1024,4,23,2.0801107585430145,2.647222548723221,repeat indices align samples but methods were timed sequentially; use independent-resample intervals
82,funnel,1,bucketed,history,128,1024,4,24,2.0098831728100777,2.475050888955593,repeat indices align samples but methods were timed sequentially; use independent-resample intervals
82,funnel,1,bucketed,history,128,1024,4,25,1.8787708431482315,2.731704168021679,repeat indices align samples but methods were timed sequentially; use independent-resample intervals
82,funnel,1,bucketed,history,128,1024,4,26,1.976279303431511,2.8695883080363274,repeat indices align samples but methods were timed sequentially; use independent-resample intervals
82,funnel,1,bucketed,history,128,1024,4,27,1.8438085615634918,2.8748017624020576,repeat indices align samples but methods were timed sequentially; use independent-resample intervals
82,funnel,1,bucketed,history,128,1024,4,28,1.9355027005076408,2.8398990482091904,repeat indices align samples but methods were timed sequentially; use independent-resample intervals
82,funnel,1,bucketed,history,128,1024,4,29,1.8680125549435616,2.664948135614395,repeat indices align samples but methods were timed sequentially; use independent-resample intervals
83,funnel,1,bucketed,last_depth,64,1024,4,0,1.9550724104046822,2.620023787021637,repeat indices align samples but methods were timed sequentially; use independent-resample intervals
83,funnel,1,bucketed,last_depth,64,1024,4,1,2.1199334636330605,2.7290409207344055,repeat indices align samples but methods were timed sequentially; use independent-resample intervals
83,funnel,1,bucketed,last_depth,64,1024,4,2,2.049350894987583,2.6323805153369904,repeat indices align samples but methods were timed sequentially; use independent-resample intervals
83,funnel,1,bucketed,last_depth,64,1024,4,3,2.243613727390766,3.2827953100204468,repeat indices align samples but methods were timed sequentially; use independent-resample intervals
83,funnel,1,bucketed,last_depth,64,1024,4,4,2.346757397055626,3.022305853664875,repeat indices align samples but methods were timed sequentially; use independent-resample intervals
83,funnel,1,bucketed,last_depth,64,1024,4,5,2.2676419243216515,2.990292340517044,repeat indices align samples but methods were timed sequentially; use independent-resample intervals
83,funnel,1,bucketed,last_depth,64,1024,4,6,2.1887874826788902,2.650607816874981,repeat indices align samples but methods were timed sequentially; use independent-resample intervals
83,funnel,1,bucketed,last_depth,64,1024,4,7,1.9544520527124405,2.4692524895071983,repeat indices align samples but methods were timed sequentially; use independent-resample intervals
83,funnel,1,bucketed,last_depth,64,1024,4,8,2.023319497704506,2.492407999932766,repeat indices align samples but methods were timed sequentially; use independent-resample intervals
83,funnel,1,bucketed,last_depth,64,1024,4,9,2.0602025166153908,2.598767451941967,repeat indices align samples but methods were timed sequentially; use independent-resample intervals
83,funnel,1,bucketed,last_depth,64,1024,4,10,1.9791334867477417,2.920317120850086,repeat indices align samples but methods were timed sequentially; use independent-resample intervals
83,funnel,1,bucketed,last_depth,64,1024,4,11,2.1600335612893105,2.4947968795895576,repeat indices align samples but methods were timed sequentially; use independent-resample intervals
83,funnel,1,bucketed,last_depth,64,1024,4,12,2.05004396289587,2.483932062983513,repeat indices align samples but methods were timed sequentially; use independent-resample intervals
83,funnel,1,bucketed,last_depth,64,1024,4,13,2.063151463866234,2.735758662223816,repeat indices align samples but methods were timed sequentially; use independent-resample intervals
83,funnel,1,bucketed,last_depth,64,1024,4,14,1.9631971567869186,2.5937097370624542,repeat indices align samples but methods were timed sequentially; use independent-resample intervals
83,funnel,1,bucketed,last_depth,64,1024,4,15,1.9798584580421448,2.492357574403286,repeat indices align samples but methods were timed sequentially; use independent-resample intervals
83,funnel,1,bucketed,last_depth,64,1024,4,16,2.2638776898384094,2.732739455997944,repeat indices align samples but methods were timed sequentially; use independent-resample intervals
83,funnel,1,bucketed,last_depth,64,1024,4,17,2.1480960324406624,2.6551880314946175,repeat indices align samples but methods were timed sequentially; use independent-resample intervals
83,funnel,1,bucketed,last_depth,64,1024,4,18,2.2844275534152985,2.5473904088139534,repeat indices align samples but methods were timed sequentially; use independent-resample intervals
83,funnel,1,bucketed,last_depth,64,1024,4,19,2.3410692363977432,2.6093556955456734,repeat indices align samples but methods were timed sequentially; use independent-resample intervals
83,funnel,1,bucketed,last_depth,64,1024,4,20,2.200763300061226,2.488011412322521,repeat indices align samples but methods were timed sequentially; use independent-resample intervals
83,funnel,1,bucketed,last_depth,64,1024,4,21,1.9023428931832314,2.5413320139050484,repeat indices align samples but methods were timed sequentially; use independent-resample intervals
83,funnel,1,bucketed,last_depth,64,1024,4,22,2.0723453983664513,2.6543848514556885,repeat indices align samples but methods were timed sequentially; use independent-resample intervals
83,funnel,1,bucketed,last_depth,64,1024,4,23,2.3227479159832,2.647222548723221,repeat indices align samples but methods were timed sequentially; use independent-resample intervals
83,funnel,1,bucketed,last_depth,64,1024,4,24,2.1744923070073128,2.475050888955593,repeat indices align samples but methods were timed sequentially; use independent-resample intervals
83,funnel,1,bucketed,last_depth,64,1024,4,25,2.139350526034832,2.731704168021679,repeat indices align samples but methods were timed sequentially; use independent-resample intervals
83,funnel,1,bucketed,last_depth,64,1024,4,26,2.052253097295761,2.8695883080363274,repeat indices align samples but methods were timed sequentially; use independent-resample intervals
83,funnel,1,bucketed,last_depth,64,1024,4,27,2.1299679428339005,2.8748017624020576,repeat indices align samples but methods were timed sequentially; use independent-resample intervals
83,funnel,1,bucketed,last_depth,64,1024,4,28,2.0715030133724213,2.8398990482091904,repeat indices align samples but methods were timed sequentially; use independent-resample intervals
83,funnel,1,bucketed,last_depth,64,1024,4,29,2.0459213703870773,2.664948135614395,repeat indices align samples but methods were timed sequentially; use independent-resample intervals
84,funnel,1,bucketed,last_depth,128,1024,4,0,1.9722121804952621,2.620023787021637,repeat indices align samples but methods were timed sequentially; use independent-resample intervals
84,funnel,1,bucketed,last_depth,128,1024,4,1,1.8578891605138779,2.7290409207344055,repeat indices align samples but methods were timed sequentially; use independent-resample intervals
84,funnel,1,bucketed,last_depth,128,1024,4,2,1.8758788332343102,2.6323805153369904,repeat indices align samples but methods were timed sequentially; use independent-resample intervals
84,funnel,1,bucketed,last_depth,128,1024,4,3,1.8991378620266914,3.2827953100204468,repeat indices align samples but methods were timed sequentially; use independent-resample intervals
84,funnel,1,bucketed,last_depth,128,1024,4,4,2.0152866542339325,3.022305853664875,repeat indices align samples but methods were timed sequentially; use independent-resample intervals
84,funnel,1,bucketed,last_depth,128,1024,4,5,2.0408338233828545,2.990292340517044,repeat indices align samples but methods were timed sequentially; use independent-resample intervals
84,funnel,1,bucketed,last_depth,128,1024,4,6,1.9307168647646904,2.650607816874981,repeat indices align samples but methods were timed sequentially; use independent-resample intervals
84,funnel,1,bucketed,last_depth,128,1024,4,7,1.9300181493163109,2.4692524895071983,repeat indices align samples but methods were timed sequentially; use independent-resample intervals
84,funnel,1,bucketed,last_depth,128,1024,4,8,1.8426807895302773,2.492407999932766,repeat indices align samples but methods were timed sequentially; use independent-resample intervals
84,funnel,1,bucketed,last_depth,128,1024,4,9,1.97792100161314,2.598767451941967,repeat indices align samples but methods were timed sequentially; use independent-resample intervals
84,funnel,1,bucketed,last_depth,128,1024,4,10,2.1182866618037224,2.920317120850086,repeat indices align samples but methods were timed sequentially; use independent-resample intervals
84,funnel,1,bucketed,last_depth,128,1024,4,11,1.9554984346032143,2.4947968795895576,repeat indices align samples but methods were timed sequentially; use independent-resample intervals
84,funnel,1,bucketed,last_depth,128,1024,4,12,1.9245730563998222,2.483932062983513,repeat indices align samples but methods were timed sequentially; use independent-resample intervals
84,funnel,1,bucketed,last_depth,128,1024,4,13,1.9349481165409088,2.735758662223816,repeat indices align samples but methods were timed sequentially; use independent-resample intervals
84,funnel,1,bucketed,last_depth,128,1024,4,14,2.229807488620281,2.5937097370624542,repeat indices align samples but methods were timed sequentially; use independent-resample intervals
84,funnel,1,bucketed,last_depth,128,1024,4,15,2.407572254538536,2.492357574403286,repeat indices align samples but methods were timed sequentially; use independent-resample intervals
84,funnel,1,bucketed,last_depth,128,1024,4,16,2.014824464917183,2.732739455997944,repeat indices align samples but methods were timed sequentially; use independent-resample intervals
84,funnel,1,bucketed,last_depth,128,1024,4,17,1.9421021342277527,2.6551880314946175,repeat indices align samples but methods were timed sequentially; use independent-resample intervals
84,funnel,1,bucketed,last_depth,128,1024,4,18,2.320053204894066,2.5473904088139534,repeat indices align samples but methods were timed sequentially; use independent-resample intervals
84,funnel,1,bucketed,last_depth,128,1024,4,19,2.2017177119851112,2.6093556955456734,repeat indices align samples but methods were timed sequentially; use independent-resample intervals
84,funnel,1,bucketed,last_depth,128,1024,4,20,1.7255636304616928,2.488011412322521,repeat indices align samples but methods were timed sequentially; use independent-resample intervals
84,funnel,1,bucketed,last_depth,128,1024,4,21,1.7912672609090805,2.5413320139050484,repeat indices align samples but methods were timed sequentially; use independent-resample intervals
84,funnel,1,bucketed,last_depth,128,1024,4,22,1.8880522847175598,2.6543848514556885,repeat indices align samples but methods were timed sequentially; use independent-resample intervals
84,funnel,1,bucketed,last_depth,128,1024,4,23,1.7980226576328278,2.647222548723221,repeat indices align samples but methods were timed sequentially; use independent-resample intervals
84,funnel,1,bucketed,last_depth,128,1024,4,24,1.8386950716376305,2.475050888955593,repeat indices align samples but methods were timed sequentially; use independent-resample intervals
84,funnel,1,bucketed,last_depth,128,1024,4,25,1.7848396003246307,2.731704168021679,repeat indices align samples but methods were timed sequentially; use independent-resample intervals
84,funnel,1,bucketed,last_depth,128,1024,4,26,1.6555852442979813,2.8695883080363274,repeat indices align samples but methods were timed sequentially; use independent-resample intervals
84,funnel,1,bucketed,last_depth,128,1024,4,27,1.9489505663514137,2.8748017624020576,repeat indices align samples but methods were timed sequentially; use independent-resample intervals
84,funnel,1,bucketed,last_depth,128,1024,4,28,1.764356829226017,2.8398990482091904,repeat indices align samples but methods were timed sequentially; use independent-resample intervals
84,funnel,1,bucketed,last_depth,128,1024,4,29,1.7694205790758133,2.664948135614395,repeat indices align samples but methods were timed sequentially; use independent-resample intervals
85,funnel,2,monolithic,monolithic,0,1024,4,0,2.11595568805933,2.11595568805933,repeat indices align samples but methods were timed sequentially; use independent-resample intervals
85,funnel,2,monolithic,monolithic,0,1024,4,1,2.152149498462677,2.152149498462677,repeat indices align samples but methods were timed sequentially; use independent-resample intervals
85,funnel,2,monolithic,monolithic,0,1024,4,2,2.34432939440012,2.34432939440012,repeat indices align samples but methods were timed sequentially; use independent-resample intervals
85,funnel,2,monolithic,monolithic,0,1024,4,3,2.563927009701729,2.563927009701729,repeat indices align samples but methods were timed sequentially; use independent-resample intervals
85,funnel,2,monolithic,monolithic,0,1024,4,4,2.6044640317559242,2.6044640317559242,repeat indices align samples but methods were timed sequentially; use independent-resample intervals
85,funnel,2,monolithic,monolithic,0,1024,4,5,2.584499955177307,2.584499955177307,repeat indices align samples but methods were timed sequentially; use independent-resample intervals
85,funnel,2,monolithic,monolithic,0,1024,4,6,2.3508280515670776,2.3508280515670776,repeat indices align samples but methods were timed sequentially; use independent-resample intervals
85,funnel,2,monolithic,monolithic,0,1024,4,7,2.4617672115564346,2.4617672115564346,repeat indices align samples but methods were timed sequentially; use independent-resample intervals
85,funnel,2,monolithic,monolithic,0,1024,4,8,2.2725889682769775,2.2725889682769775,repeat indices align samples but methods were timed sequentially; use independent-resample intervals
85,funnel,2,monolithic,monolithic,0,1024,4,9,2.2106859236955643,2.2106859236955643,repeat indices align samples but methods were timed sequentially; use independent-resample intervals
85,funnel,2,monolithic,monolithic,0,1024,4,10,2.253895752131939,2.253895752131939,repeat indices align samples but methods were timed sequentially; use independent-resample intervals
85,funnel,2,monolithic,monolithic,0,1024,4,11,2.170664496719837,2.170664496719837,repeat indices align samples but methods were timed sequentially; use independent-resample intervals
85,funnel,2,monolithic,monolithic,0,1024,4,12,2.31233648955822,2.31233648955822,repeat indices align samples but methods were timed sequentially; use independent-resample intervals
85,funnel,2,monolithic,monolithic,0,1024,4,13,2.1799820214509964,2.1799820214509964,repeat indices align samples but methods were timed sequentially; use independent-resample intervals
85,funnel,2,monolithic,monolithic,0,1024,4,14,2.238068103790283,2.238068103790283,repeat indices align samples but methods were timed sequentially; use independent-resample intervals
85,funnel,2,monolithic,monolithic,0,1024,4,15,2.232430912554264,2.232430912554264,repeat indices align samples but methods were timed sequentially; use independent-resample intervals
85,funnel,2,monolithic,monolithic,0,1024,4,16,2.267537586390972,2.267537586390972,repeat indices align samples but methods were timed sequentially; use independent-resample intervals
85,funnel,2,monolithic,monolithic,0,1024,4,17,2.2475170493125916,2.2475170493125916,repeat indices align samples but methods were timed sequentially; use independent-resample intervals
85,funnel,2,monolithic,monolithic,0,1024,4,18,2.1963698640465736,2.1963698640465736,repeat indices align samples but methods were timed sequentially; use independent-resample intervals
85,funnel,2,monolithic,monolithic,0,1024,4,19,2.2741570100188255,2.2741570100188255,repeat indices align samples but methods were timed sequentially; use independent-resample intervals
85,funnel,2,monolithic,monolithic,0,1024,4,20,2.493458665907383,2.493458665907383,repeat indices align samples but methods were timed sequentially; use independent-resample intervals
85,funnel,2,monolithic,monolithic,0,1024,4,21,2.4277697429060936,2.4277697429060936,repeat indices align samples but methods were timed sequentially; use independent-resample intervals
85,funnel,2,monolithic,monolithic,0,1024,4,22,2.3723517060279846,2.3723517060279846,repeat indices align samples but methods were timed sequentially; use independent-resample intervals
85,funnel,2,monolithic,monolithic,0,1024,4,23,2.7608402594923973,2.7608402594923973,repeat indices align samples but methods were timed sequentially; use independent-resample intervals
85,funnel,2,monolithic,monolithic,0,1024,4,24,2.6657951027154922,2.6657951027154922,repeat indices align samples but methods were timed sequentially; use independent-resample intervals
85,funnel,2,monolithic,monolithic,0,1024,4,25,2.715011365711689,2.715011365711689,repeat indices align samples but methods were timed sequentially; use independent-resample intervals
85,funnel,2,monolithic,monolithic,0,1024,4,26,2.711147390305996,2.711147390305996,repeat indices align samples but methods were timed sequentially; use independent-resample intervals
85,funnel,2,monolithic,monolithic,0,1024,4,27,2.591561608016491,2.591561608016491,repeat indices align samples but methods were timed sequentially; use independent-resample intervals
85,funnel,2,monolithic,monolithic,0,1024,4,28,2.643368899822235,2.643368899822235,repeat indices align samples but methods were timed sequentially; use independent-resample intervals
85,funnel,2,monolithic,monolithic,0,1024,4,29,2.6998747885227203,2.6998747885227203,repeat indices align samples but methods were timed sequentially; use independent-resample intervals
86,funnel,2,bucketed,history,64,1024,4,0,1.9844591841101646,2.11595568805933,repeat indices align samples but methods were timed sequentially; use independent-resample intervals
86,funnel,2,bucketed,history,64,1024,4,1,2.152624875307083,2.152149498462677,repeat indices align samples but methods were timed sequentially; use independent-resample intervals
86,funnel,2,bucketed,history,64,1024,4,2,2.143138147890568,2.34432939440012,repeat indices align samples but methods were timed sequentially; use independent-resample intervals
86,funnel,2,bucketed,history,64,1024,4,3,2.0506134033203125,2.563927009701729,repeat indices align samples but methods were timed sequentially; use independent-resample intervals
86,funnel,2,bucketed,history,64,1024,4,4,2.1023137345910072,2.6044640317559242,repeat indices align samples but methods were timed sequentially; use independent-resample intervals
86,funnel,2,bucketed,history,64,1024,4,5,2.125272959470749,2.584499955177307,repeat indices align samples but methods were timed sequentially; use independent-resample intervals
86,funnel,2,bucketed,history,64,1024,4,6,2.0397635772824287,2.3508280515670776,repeat indices align samples but methods were timed sequentially; use independent-resample intervals
86,funnel,2,bucketed,history,64,1024,4,7,2.042627364397049,2.4617672115564346,repeat indices align samples but methods were timed sequentially; use independent-resample intervals
86,funnel,2,bucketed,history,64,1024,4,8,2.1952055767178535,2.2725889682769775,repeat indices align samples but methods were timed sequentially; use independent-resample intervals
86,funnel,2,bucketed,history,64,1024,4,9,2.0662730410695076,2.2106859236955643,repeat indices align samples but methods were timed sequentially; use independent-resample intervals
86,funnel,2,bucketed,history,64,1024,4,10,2.154261901974678,2.253895752131939,repeat indices align samples but methods were timed sequentially; use independent-resample intervals
86,funnel,2,bucketed,history,64,1024,4,11,2.0926823765039444,2.170664496719837,repeat indices align samples but methods were timed sequentially; use independent-resample intervals
86,funnel,2,bucketed,history,64,1024,4,12,2.3214700147509575,2.31233648955822,repeat indices align samples but methods were timed sequentially; use independent-resample intervals
86,funnel,2,bucketed,history,64,1024,4,13,2.3266674801707268,2.1799820214509964,repeat indices align samples but methods were timed sequentially; use independent-resample intervals
86,funnel,2,bucketed,history,64,1024,4,14,2.341882087290287,2.238068103790283,repeat indices align samples but methods were timed sequentially; use independent-resample intervals
86,funnel,2,bucketed,history,64,1024,4,15,2.3327065855264664,2.232430912554264,repeat indices align samples but methods were timed sequentially; use independent-resample intervals
86,funnel,2,bucketed,history,64,1024,4,16,2.275213673710823,2.267537586390972,repeat indices align samples but methods were timed sequentially; use independent-resample intervals
86,funnel,2,bucketed,history,64,1024,4,17,2.2193149998784065,2.2475170493125916,repeat indices align samples but methods were timed sequentially; use independent-resample intervals
86,funnel,2,bucketed,history,64,1024,4,18,2.1956226602196693,2.1963698640465736,repeat indices align samples but methods were timed sequentially; use independent-resample intervals
86,funnel,2,bucketed,history,64,1024,4,19,1.9982140362262726,2.2741570100188255,repeat indices align samples but methods were timed sequentially; use independent-resample intervals
86,funnel,2,bucketed,history,64,1024,4,20,2.1772194281220436,2.493458665907383,repeat indices align samples but methods were timed sequentially; use independent-resample intervals
86,funnel,2,bucketed,history,64,1024,4,21,2.088025137782097,2.4277697429060936,repeat indices align samples but methods were timed sequentially; use independent-resample intervals
86,funnel,2,bucketed,history,64,1024,4,22,2.041811317205429,2.3723517060279846,repeat indices align samples but methods were timed sequentially; use independent-resample intervals
86,funnel,2,bucketed,history,64,1024,4,23,2.125162534415722,2.7608402594923973,repeat indices align samples but methods were timed sequentially; use independent-resample intervals
86,funnel,2,bucketed,history,64,1024,4,24,2.1181033551692963,2.6657951027154922,repeat indices align samples but methods were timed sequentially; use independent-resample intervals
86,funnel,2,bucketed,history,64,1024,4,25,1.9374208822846413,2.715011365711689,repeat indices align samples but methods were timed sequentially; use independent-resample intervals
86,funnel,2,bucketed,history,64,1024,4,26,2.1163062676787376,2.711147390305996,repeat indices align samples but methods were timed sequentially; use independent-resample intervals
86,funnel,2,bucketed,history,64,1024,4,27,2.0164853036403656,2.591561608016491,repeat indices align samples but methods were timed sequentially; use independent-resample intervals
86,funnel,2,bucketed,history,64,1024,4,28,1.905780091881752,2.643368899822235,repeat indices align samples but methods were timed sequentially; use independent-resample intervals
86,funnel,2,bucketed,history,64,1024,4,29,1.939452201128006,2.6998747885227203,repeat indices align samples but methods were timed sequentially; use independent-resample intervals
87,funnel,2,bucketed,history,128,1024,4,0,1.800301268696785,2.11595568805933,repeat indices align samples but methods were timed sequentially; use independent-resample intervals
87,funnel,2,bucketed,history,128,1024,4,1,1.789583757519722,2.152149498462677,repeat indices align samples but methods were timed sequentially; use independent-resample intervals
87,funnel,2,bucketed,history,128,1024,4,2,1.7568324357271194,2.34432939440012,repeat indices align samples but methods were timed sequentially; use independent-resample intervals
87,funnel,2,bucketed,history,128,1024,4,3,1.773341067135334,2.563927009701729,repeat indices align samples but methods were timed sequentially; use independent-resample intervals
87,funnel,2,bucketed,history,128,1024,4,4,1.8578543961048126,2.6044640317559242,repeat indices align samples but methods were timed sequentially; use independent-resample intervals
87,funnel,2,bucketed,history,128,1024,4,5,2.0252960696816444,2.584499955177307,repeat indices align samples but methods were timed sequentially; use independent-resample intervals
87,funnel,2,bucketed,history,128,1024,4,6,1.911393590271473,2.3508280515670776,repeat indices align samples but methods were timed sequentially; use independent-resample intervals
87,funnel,2,bucketed,history,128,1024,4,7,1.8707085624337196,2.4617672115564346,repeat indices align samples but methods were timed sequentially; use independent-resample intervals
87,funnel,2,bucketed,history,128,1024,4,8,2.0112424790859222,2.2725889682769775,repeat indices align samples but methods were timed sequentially; use independent-resample intervals
87,funnel,2,bucketed,history,128,1024,4,9,1.8666005432605743,2.2106859236955643,repeat indices align samples but methods were timed sequentially; use independent-resample intervals
87,funnel,2,bucketed,history,128,1024,4,10,1.9808587431907654,2.253895752131939,repeat indices align samples but methods were timed sequentially; use independent-resample intervals
87,funnel,2,bucketed,history,128,1024,4,11,1.8384607061743736,2.170664496719837,repeat indices align samples but methods were timed sequentially; use independent-resample intervals
87,funnel,2,bucketed,history,128,1024,4,12,1.9669595137238503,2.31233648955822,repeat indices align samples but methods were timed sequentially; use independent-resample intervals
87,funnel,2,bucketed,history,128,1024,4,13,1.9327008128166199,2.1799820214509964,repeat indices align samples but methods were timed sequentially; use independent-resample intervals
87,funnel,2,bucketed,history,128,1024,4,14,1.7178771495819092,2.238068103790283,repeat indices align samples but methods were timed sequentially; use independent-resample intervals
87,funnel,2,bucketed,history,128,1024,4,15,1.7139753475785255,2.232430912554264,repeat indices align samples but methods were timed sequentially; use independent-resample intervals
87,funnel,2,bucketed,history,128,1024,4,16,2.0723992213606834,2.267537586390972,repeat indices align samples but methods were timed sequentially; use independent-resample intervals
87,funnel,2,bucketed,history,128,1024,4,17,1.9098963886499405,2.2475170493125916,repeat indices align samples but methods were timed sequentially; use independent-resample intervals
87,funnel,2,bucketed,history,128,1024,4,18,2.12666105479002,2.1963698640465736,repeat indices align samples but methods were timed sequentially; use independent-resample intervals
87,funnel,2,bucketed,history,128,1024,4,19,1.8185985386371613,2.2741570100188255,repeat indices align samples but methods were timed sequentially; use independent-resample intervals
87,funnel,2,bucketed,history,128,1024,4,20,1.9392767921090126,2.493458665907383,repeat indices align samples but methods were timed sequentially; use independent-resample intervals
87,funnel,2,bucketed,history,128,1024,4,21,2.0956067889928818,2.4277697429060936,repeat indices align samples but methods were timed sequentially; use independent-resample intervals
87,funnel,2,bucketed,history,128,1024,4,22,1.7883844003081322,2.3723517060279846,repeat indices align samples but methods were timed sequentially; use independent-resample intervals
87,funnel,2,bucketed,history,128,1024,4,23,1.9815837666392326,2.7608402594923973,repeat indices align samples but methods were timed sequentially; use independent-resample intervals
87,funnel,2,bucketed,history,128,1024,4,24,1.9209224209189415,2.6657951027154922,repeat indices align samples but methods were timed sequentially; use independent-resample intervals
87,funnel,2,bucketed,history,128,1024,4,25,2.049293838441372,2.715011365711689,repeat indices align samples but methods were timed sequentially; use independent-resample intervals
87,funnel,2,bucketed,history,128,1024,4,26,2.0435669273138046,2.711147390305996,repeat indices align samples but methods were timed sequentially; use independent-resample intervals
87,funnel,2,bucketed,history,128,1024,4,27,2.0139940604567528,2.591561608016491,repeat indices align samples but methods were timed sequentially; use independent-resample intervals
87,funnel,2,bucketed,history,128,1024,4,28,2.0597549378871918,2.643368899822235,repeat indices align samples but methods were timed sequentially; use independent-resample intervals
87,funnel,2,bucketed,history,128,1024,4,29,1.941312849521637,2.6998747885227203,repeat indices align samples but methods were timed sequentially; use independent-resample intervals
88,funnel,2,bucketed,last_depth,64,1024,4,0,2.4052961245179176,2.11595568805933,repeat indices align samples but methods were timed sequentially; use independent-resample intervals
88,funnel,2,bucketed,last_depth,64,1024,4,1,2.029679350554943,2.152149498462677,repeat indices align samples but methods were timed sequentially; use independent-resample intervals
88,funnel,2,bucketed,last_depth,64,1024,4,2,2.1752060800790787,2.34432939440012,repeat indices align samples but methods were timed sequentially; use independent-resample intervals
88,funnel,2,bucketed,last_depth,64,1024,4,3,2.2277469784021378,2.563927009701729,repeat indices align samples but methods were timed sequentially; use independent-resample intervals
88,funnel,2,bucketed,last_depth,64,1024,4,4,2.134221464395523,2.6044640317559242,repeat indices align samples but methods were timed sequentially; use independent-resample intervals
88,funnel,2,bucketed,last_depth,64,1024,4,5,2.044202670454979,2.584499955177307,repeat indices align samples but methods were timed sequentially; use independent-resample intervals
88,funnel,2,bucketed,last_depth,64,1024,4,6,2.0036452412605286,2.3508280515670776,repeat indices align samples but methods were timed sequentially; use independent-resample intervals
88,funnel,2,bucketed,last_depth,64,1024,4,7,1.6827015951275826,2.4617672115564346,repeat indices align samples but methods were timed sequentially; use independent-resample intervals
88,funnel,2,bucketed,last_depth,64,1024,4,8,1.6415594145655632,2.2725889682769775,repeat indices align samples but methods were timed sequentially; use independent-resample intervals
88,funnel,2,bucketed,last_depth,64,1024,4,9,1.8656216859817505,2.2106859236955643,repeat indices align samples but methods were timed sequentially; use independent-resample intervals
88,funnel,2,bucketed,last_depth,64,1024,4,10,1.8857915699481964,2.253895752131939,repeat indices align samples but methods were timed sequentially; use independent-resample intervals
88,funnel,2,bucketed,last_depth,64,1024,4,11,1.726617880165577,2.170664496719837,repeat indices align samples but methods were timed sequentially; use independent-resample intervals
88,funnel,2,bucketed,last_depth,64,1024,4,12,1.785679779946804,2.31233648955822,repeat indices align samples but methods were timed sequentially; use independent-resample intervals
88,funnel,2,bucketed,last_depth,64,1024,4,13,1.9024330079555511,2.1799820214509964,repeat indices align samples but methods were timed sequentially; use independent-resample intervals
88,funnel,2,bucketed,last_depth,64,1024,4,14,1.9567265063524246,2.238068103790283,repeat indices align samples but methods were timed sequentially; use independent-resample intervals
88,funnel,2,bucketed,last_depth,64,1024,4,15,1.777897097170353,2.232430912554264,repeat indices align samples but methods were timed sequentially; use independent-resample intervals
88,funnel,2,bucketed,last_depth,64,1024,4,16,1.899329088628292,2.267537586390972,repeat indices align samples but methods were timed sequentially; use independent-resample intervals
88,funnel,2,bucketed,last_depth,64,1024,4,17,2.008805625140667,2.2475170493125916,repeat indices align samples but methods were timed sequentially; use independent-resample intervals
88,funnel,2,bucketed,last_depth,64,1024,4,18,1.9470838457345963,2.1963698640465736,repeat indices align samples but methods were timed sequentially; use independent-resample intervals
88,funnel,2,bucketed,last_depth,64,1024,4,19,1.9151025712490082,2.2741570100188255,repeat indices align samples but methods were timed sequentially; use independent-resample intervals
88,funnel,2,bucketed,last_depth,64,1024,4,20,1.884269893169403,2.493458665907383,repeat indices align samples but methods were timed sequentially; use independent-resample intervals
88,funnel,2,bucketed,last_depth,64,1024,4,21,1.9710206091403961,2.4277697429060936,repeat indices align samples but methods were timed sequentially; use independent-resample intervals
88,funnel,2,bucketed,last_depth,64,1024,4,22,1.912006787955761,2.3723517060279846,repeat indices align samples but methods were timed sequentially; use independent-resample intervals
88,funnel,2,bucketed,last_depth,64,1024,4,23,1.92490104585886,2.7608402594923973,repeat indices align samples but methods were timed sequentially; use independent-resample intervals
88,funnel,2,bucketed,last_depth,64,1024,4,24,1.7729059383273125,2.6657951027154922,repeat indices align samples but methods were timed sequentially; use independent-resample intervals
88,funnel,2,bucketed,last_depth,64,1024,4,25,1.986363023519516,2.715011365711689,repeat indices align samples but methods were timed sequentially; use independent-resample intervals
88,funnel,2,bucketed,last_depth,64,1024,4,26,2.054793007671833,2.711147390305996,repeat indices align samples but methods were timed sequentially; use independent-resample intervals
88,funnel,2,bucketed,last_depth,64,1024,4,27,2.0988773182034492,2.591561608016491,repeat indices align samples but methods were timed sequentially; use independent-resample intervals
88,funnel,2,bucketed,last_depth,64,1024,4,28,1.8880110457539558,2.643368899822235,repeat indices align samples but methods were timed sequentially; use independent-resample intervals
88,funnel,2,bucketed,last_depth,64,1024,4,29,2.0744637176394463,2.6998747885227203,repeat indices align samples but methods were timed sequentially; use independent-resample intervals
89,funnel,2,bucketed,last_depth,128,1024,4,0,1.9932949095964432,2.11595568805933,repeat indices align samples but methods were timed sequentially; use independent-resample intervals
89,funnel,2,bucketed,last_depth,128,1024,4,1,1.7896739766001701,2.152149498462677,repeat indices align samples but methods were timed sequentially; use independent-resample intervals
89,funnel,2,bucketed,last_depth,128,1024,4,2,1.9253699332475662,2.34432939440012,repeat indices align samples but methods were timed sequentially; use independent-resample intervals
89,funnel,2,bucketed,last_depth,128,1024,4,3,1.989991620182991,2.563927009701729,repeat indices align samples but methods were timed sequentially; use independent-resample intervals
89,funnel,2,bucketed,last_depth,128,1024,4,4,1.847536563873291,2.6044640317559242,repeat indices align samples but methods were timed sequentially; use independent-resample intervals
89,funnel,2,bucketed,last_depth,128,1024,4,5,1.8309722989797592,2.584499955177307,repeat indices align samples but methods were timed sequentially; use independent-resample intervals
89,funnel,2,bucketed,last_depth,128,1024,4,6,1.8381731063127518,2.3508280515670776,repeat indices align samples but methods were timed sequentially; use independent-resample intervals
89,funnel,2,bucketed,last_depth,128,1024,4,7,1.8526324778795242,2.4617672115564346,repeat indices align samples but methods were timed sequentially; use independent-resample intervals
89,funnel,2,bucketed,last_depth,128,1024,4,8,1.8270127922296524,2.2725889682769775,repeat indices align samples but methods were timed sequentially; use independent-resample intervals
89,funnel,2,bucketed,last_depth,128,1024,4,9,1.8767522424459457,2.2106859236955643,repeat indices align samples but methods were timed sequentially; use independent-resample intervals
89,funnel,2,bucketed,last_depth,128,1024,4,10,1.833923116326332,2.253895752131939,repeat indices align samples but methods were timed sequentially; use independent-resample intervals
89,funnel,2,bucketed,last_depth,128,1024,4,11,1.7573208659887314,2.170664496719837,repeat indices align samples but methods were timed sequentially; use independent-resample intervals
89,funnel,2,bucketed,last_depth,128,1024,4,12,1.9474594667553902,2.31233648955822,repeat indices align samples but methods were timed sequentially; use independent-resample intervals
89,funnel,2,bucketed,last_depth,128,1024,4,13,1.8224076554179192,2.1799820214509964,repeat indices align samples but methods were timed sequentially; use independent-resample intervals
89,funnel,2,bucketed,last_depth,128,1024,4,14,1.768149621784687,2.238068103790283,repeat indices align samples but methods were timed sequentially; use independent-resample intervals
89,funnel,2,bucketed,last_depth,128,1024,4,15,1.7725298702716827,2.232430912554264,repeat indices align samples but methods were timed sequentially; use independent-resample intervals
89,funnel,2,bucketed,last_depth,128,1024,4,16,1.8333782404661179,2.267537586390972,repeat indices align samples but methods were timed sequentially; use independent-resample intervals
89,funnel,2,bucketed,last_depth,128,1024,4,17,1.8750862702727318,2.2475170493125916,repeat indices align samples but methods were timed sequentially; use independent-resample intervals
89,funnel,2,bucketed,last_depth,128,1024,4,18,1.8509050086140633,2.1963698640465736,repeat indices align samples but methods were timed sequentially; use independent-resample intervals
89,funnel,2,bucketed,last_depth,128,1024,4,19,1.8843056187033653,2.2741570100188255,repeat indices align samples but methods were timed sequentially; use independent-resample intervals
89,funnel,2,bucketed,last_depth,128,1024,4,20,1.865112192928791,2.493458665907383,repeat indices align samples but methods were timed sequentially; use independent-resample intervals
89,funnel,2,bucketed,last_depth,128,1024,4,21,1.7705809026956558,2.4277697429060936,repeat indices align samples but methods were timed sequentially; use independent-resample intervals
89,funnel,2,bucketed,last_depth,128,1024,4,22,1.7592326328158379,2.3723517060279846,repeat indices align samples but methods were timed sequentially; use independent-resample intervals
89,funnel,2,bucketed,last_depth,128,1024,4,23,1.8238146528601646,2.7608402594923973,repeat indices align samples but methods were timed sequentially; use independent-resample intervals
89,funnel,2,bucketed,last_depth,128,1024,4,24,1.7379440665245056,2.6657951027154922,repeat indices align samples but methods were timed sequentially; use independent-resample intervals
89,funnel,2,bucketed,last_depth,128,1024,4,25,1.8264990970492363,2.715011365711689,repeat indices align samples but methods were timed sequentially; use independent-resample intervals
89,funnel,2,bucketed,last_depth,128,1024,4,26,1.8718869909644127,2.711147390305996,repeat indices align samples but methods were timed sequentially; use independent-resample intervals
89,funnel,2,bucketed,last_depth,128,1024,4,27,1.7779079899191856,2.591561608016491,repeat indices align samples but methods were timed sequentially; use independent-resample intervals
89,funnel,2,bucketed,last_depth,128,1024,4,28,1.7443470507860184,2.643368899822235,repeat indices align samples but methods were timed sequentially; use independent-resample intervals
89,funnel,2,bucketed,last_depth,128,1024,4,29,1.8670742809772491,2.6998747885227203,repeat indices align samples but methods were timed sequentially; use independent-resample intervals
90,funnel,3,monolithic,monolithic,0,1024,4,0,2.248825468122959,2.248825468122959,repeat indices align samples but methods were timed sequentially; use independent-resample intervals
90,funnel,3,monolithic,monolithic,0,1024,4,1,2.2197193279862404,2.2197193279862404,repeat indices align samples but methods were timed sequentially; use independent-resample intervals
90,funnel,3,monolithic,monolithic,0,1024,4,2,2.466029070317745,2.466029070317745,repeat indices align samples but methods were timed sequentially; use independent-resample intervals
90,funnel,3,monolithic,monolithic,0,1024,4,3,2.7744093984365463,2.7744093984365463,repeat indices align samples but methods were timed sequentially; use independent-resample intervals
90,funnel,3,monolithic,monolithic,0,1024,4,4,2.8380896747112274,2.8380896747112274,repeat indices align samples but methods were timed sequentially; use independent-resample intervals
90,funnel,3,monolithic,monolithic,0,1024,4,5,2.250027433037758,2.250027433037758,repeat indices align samples but methods were timed sequentially; use independent-resample intervals
90,funnel,3,monolithic,monolithic,0,1024,4,6,2.278784155845642,2.278784155845642,repeat indices align samples but methods were timed sequentially; use independent-resample intervals
90,funnel,3,monolithic,monolithic,0,1024,4,7,2.386285699903965,2.386285699903965,repeat indices align samples but methods were timed sequentially; use independent-resample intervals
90,funnel,3,monolithic,monolithic,0,1024,4,8,2.3561643809080124,2.3561643809080124,repeat indices align samples but methods were timed sequentially; use independent-resample intervals
90,funnel,3,monolithic,monolithic,0,1024,4,9,2.5244550108909607,2.5244550108909607,repeat indices align samples but methods were timed sequentially; use independent-resample intervals
90,funnel,3,monolithic,monolithic,0,1024,4,10,2.3552722558379173,2.3552722558379173,repeat indices align samples but methods were timed sequentially; use independent-resample intervals
90,funnel,3,monolithic,monolithic,0,1024,4,11,2.411146655678749,2.411146655678749,repeat indices align samples but methods were timed sequentially; use independent-resample intervals
90,funnel,3,monolithic,monolithic,0,1024,4,12,2.5223719775676727,2.5223719775676727,repeat indices align samples but methods were timed sequentially; use independent-resample intervals
90,funnel,3,monolithic,monolithic,0,1024,4,13,2.65693811327219,2.65693811327219,repeat indices align samples but methods were timed sequentially; use independent-resample intervals
90,funnel,3,monolithic,monolithic,0,1024,4,14,2.6430897414684296,2.6430897414684296,repeat indices align samples but methods were timed sequentially; use independent-resample intervals
90,funnel,3,monolithic,monolithic,0,1024,4,15,2.669976197183132,2.669976197183132,repeat indices align samples but methods were timed sequentially; use independent-resample intervals
90,funnel,3,monolithic,monolithic,0,1024,4,16,2.652601383626461,2.652601383626461,repeat indices align samples but methods were timed sequentially; use independent-resample intervals
90,funnel,3,monolithic,monolithic,0,1024,4,17,2.713564947247505,2.713564947247505,repeat indices align samples but methods were timed sequentially; use independent-resample intervals
90,funnel,3,monolithic,monolithic,0,1024,4,18,2.556950122117996,2.556950122117996,repeat indices align samples but methods were timed sequentially; use independent-resample intervals
90,funnel,3,monolithic,monolithic,0,1024,4,19,2.610239252448082,2.610239252448082,repeat indices align samples but methods were timed sequentially; use independent-resample intervals
90,funnel,3,monolithic,monolithic,0,1024,4,20,2.6935770735144615,2.6935770735144615,repeat indices align samples but methods were timed sequentially; use independent-resample intervals
90,funnel,3,monolithic,monolithic,0,1024,4,21,2.564006321132183,2.564006321132183,repeat indices align samples but methods were timed sequentially; use independent-resample intervals
90,funnel,3,monolithic,monolithic,0,1024,4,22,2.726338244974613,2.726338244974613,repeat indices align samples but methods were timed sequentially; use independent-resample intervals
90,funnel,3,monolithic,monolithic,0,1024,4,23,2.9207104220986366,2.9207104220986366,repeat indices align samples but methods were timed sequentially; use independent-resample intervals
90,funnel,3,monolithic,monolithic,0,1024,4,24,2.5778370574116707,2.5778370574116707,repeat indices align samples but methods were timed sequentially; use independent-resample intervals
90,funnel,3,monolithic,monolithic,0,1024,4,25,2.835125647485256,2.835125647485256,repeat indices align samples but methods were timed sequentially; use independent-resample intervals
90,funnel,3,monolithic,monolithic,0,1024,4,26,2.913085423409939,2.913085423409939,repeat indices align samples but methods were timed sequentially; use independent-resample intervals
90,funnel,3,monolithic,monolithic,0,1024,4,27,2.66501734405756,2.66501734405756,repeat indices align samples but methods were timed sequentially; use independent-resample intervals
90,funnel,3,monolithic,monolithic,0,1024,4,28,2.6701145991683006,2.6701145991683006,repeat indices align samples but methods were timed sequentially; use independent-resample intervals
90,funnel,3,monolithic,monolithic,0,1024,4,29,2.6800858601927757,2.6800858601927757,repeat indices align samples but methods were timed sequentially; use independent-resample intervals
91,funnel,3,bucketed,history,64,1024,4,0,2.2238219380378723,2.248825468122959,repeat indices align samples but methods were timed sequentially; use independent-resample intervals
91,funnel,3,bucketed,history,64,1024,4,1,2.162513792514801,2.2197193279862404,repeat indices align samples but methods were timed sequentially; use independent-resample intervals
91,funnel,3,bucketed,history,64,1024,4,2,2.309321768581867,2.466029070317745,repeat indices align samples but methods were timed sequentially; use independent-resample intervals
91,funnel,3,bucketed,history,64,1024,4,3,2.1020366102457047,2.7744093984365463,repeat indices align samples but methods were timed sequentially; use independent-resample intervals
91,funnel,3,bucketed,history,64,1024,4,4,2.618698999285698,2.8380896747112274,repeat indices align samples but methods were timed sequentially; use independent-resample intervals
91,funnel,3,bucketed,history,64,1024,4,5,2.4025699347257614,2.250027433037758,repeat indices align samples but methods were timed sequentially; use independent-resample intervals
91,funnel,3,bucketed,history,64,1024,4,6,2.2956526577472687,2.278784155845642,repeat indices align samples but methods were timed sequentially; use independent-resample intervals
91,funnel,3,bucketed,history,64,1024,4,7,2.0592982918024063,2.386285699903965,repeat indices align samples but methods were timed sequentially; use independent-resample intervals
91,funnel,3,bucketed,history,64,1024,4,8,2.051975667476654,2.3561643809080124,repeat indices align samples but methods were timed sequentially; use independent-resample intervals
91,funnel,3,bucketed,history,64,1024,4,9,2.312107279896736,2.5244550108909607,repeat indices align samples but methods were timed sequentially; use independent-resample intervals
91,funnel,3,bucketed,history,64,1024,4,10,2.1762024238705635,2.3552722558379173,repeat indices align samples but methods were timed sequentially; use independent-resample intervals
91,funnel,3,bucketed,history,64,1024,4,11,1.9125640466809273,2.411146655678749,repeat indices align samples but methods were timed sequentially; use independent-resample intervals
91,funnel,3,bucketed,history,64,1024,4,12,2.193800576031208,2.5223719775676727,repeat indices align samples but methods were timed sequentially; use independent-resample intervals
91,funnel,3,bucketed,history,64,1024,4,13,2.0508194118738174,2.65693811327219,repeat indices align samples but methods were timed sequentially; use independent-resample intervals
91,funnel,3,bucketed,history,64,1024,4,14,2.2468517869710922,2.6430897414684296,repeat indices align samples but methods were timed sequentially; use independent-resample intervals
91,funnel,3,bucketed,history,64,1024,4,15,2.1266036331653595,2.669976197183132,repeat indices align samples but methods were timed sequentially; use independent-resample intervals
91,funnel,3,bucketed,history,64,1024,4,16,2.222099006175995,2.652601383626461,repeat indices align samples but methods were timed sequentially; use independent-resample intervals
91,funnel,3,bucketed,history,64,1024,4,17,1.9195714816451073,2.713564947247505,repeat indices align samples but methods were timed sequentially; use independent-resample intervals
91,funnel,3,bucketed,history,64,1024,4,18,2.068183198571205,2.556950122117996,repeat indices align samples but methods were timed sequentially; use independent-resample intervals
91,funnel,3,bucketed,history,64,1024,4,19,1.9825894087553024,2.610239252448082,repeat indices align samples but methods were timed sequentially; use independent-resample intervals
91,funnel,3,bucketed,history,64,1024,4,20,1.9961422085762024,2.6935770735144615,repeat indices align samples but methods were timed sequentially; use independent-resample intervals
91,funnel,3,bucketed,history,64,1024,4,21,2.1324779763817787,2.564006321132183,repeat indices align samples but methods were timed sequentially; use independent-resample intervals
91,funnel,3,bucketed,history,64,1024,4,22,2.110237129032612,2.726338244974613,repeat indices align samples but methods were timed sequentially; use independent-resample intervals
91,funnel,3,bucketed,history,64,1024,4,23,2.0830784663558006,2.9207104220986366,repeat indices align samples but methods were timed sequentially; use independent-resample intervals
91,funnel,3,bucketed,history,64,1024,4,24,2.1047722473740578,2.5778370574116707,repeat indices align samples but methods were timed sequentially; use independent-resample intervals
91,funnel,3,bucketed,history,64,1024,4,25,2.105693034827709,2.835125647485256,repeat indices align samples but methods were timed sequentially; use independent-resample intervals
91,funnel,3,bucketed,history,64,1024,4,26,2.216224230825901,2.913085423409939,repeat indices align samples but methods were timed sequentially; use independent-resample intervals
91,funnel,3,bucketed,history,64,1024,4,27,2.3559648394584656,2.66501734405756,repeat indices align samples but methods were timed sequentially; use independent-resample intervals
91,funnel,3,bucketed,history,64,1024,4,28,2.1011004224419594,2.6701145991683006,repeat indices align samples but methods were timed sequentially; use independent-resample intervals
91,funnel,3,bucketed,history,64,1024,4,29,2.1550408750772476,2.6800858601927757,repeat indices align samples but methods were timed sequentially; use independent-resample intervals
92,funnel,3,bucketed,history,128,1024,4,0,1.8681382983922958,2.248825468122959,repeat indices align samples but methods were timed sequentially; use independent-resample intervals
92,funnel,3,bucketed,history,128,1024,4,1,1.8990680649876595,2.2197193279862404,repeat indices align samples but methods were timed sequentially; use independent-resample intervals
92,funnel,3,bucketed,history,128,1024,4,2,1.905971720814705,2.466029070317745,repeat indices align samples but methods were timed sequentially; use independent-resample intervals
92,funnel,3,bucketed,history,128,1024,4,3,1.7495852559804916,2.7744093984365463,repeat indices align samples but methods were timed sequentially; use independent-resample intervals
92,funnel,3,bucketed,history,128,1024,4,4,1.815138764679432,2.8380896747112274,repeat indices align samples but methods were timed sequentially; use independent-resample intervals
92,funnel,3,bucketed,history,128,1024,4,5,1.933966152369976,2.250027433037758,repeat indices align samples but methods were timed sequentially; use independent-resample intervals
92,funnel,3,bucketed,history,128,1024,4,6,1.8884497731924057,2.278784155845642,repeat indices align samples but methods were timed sequentially; use independent-resample intervals
92,funnel,3,bucketed,history,128,1024,4,7,1.9509623348712921,2.386285699903965,repeat indices align samples but methods were timed sequentially; use independent-resample intervals
92,funnel,3,bucketed,history,128,1024,4,8,2.1429058834910393,2.3561643809080124,repeat indices align samples but methods were timed sequentially; use independent-resample intervals
92,funnel,3,bucketed,history,128,1024,4,9,1.9253395572304726,2.5244550108909607,repeat indices align samples but methods were timed sequentially; use independent-resample intervals
92,funnel,3,bucketed,history,128,1024,4,10,1.9076768308877945,2.3552722558379173,repeat indices align samples but methods were timed sequentially; use independent-resample intervals
92,funnel,3,bucketed,history,128,1024,4,11,1.9239343628287315,2.411146655678749,repeat indices align samples but methods were timed sequentially; use independent-resample intervals
92,funnel,3,bucketed,history,128,1024,4,12,1.8989078998565674,2.5223719775676727,repeat indices align samples but methods were timed sequentially; use independent-resample intervals
92,funnel,3,bucketed,history,128,1024,4,13,2.011216416954994,2.65693811327219,repeat indices align samples but methods were timed sequentially; use independent-resample intervals
92,funnel,3,bucketed,history,128,1024,4,14,1.8281975165009499,2.6430897414684296,repeat indices align samples but methods were timed sequentially; use independent-resample intervals
92,funnel,3,bucketed,history,128,1024,4,15,1.8159117475152016,2.669976197183132,repeat indices align samples but methods were timed sequentially; use independent-resample intervals
92,funnel,3,bucketed,history,128,1024,4,16,1.7812850773334503,2.652601383626461,repeat indices align samples but methods were timed sequentially; use independent-resample intervals
92,funnel,3,bucketed,history,128,1024,4,17,1.747419759631157,2.713564947247505,repeat indices align samples but methods were timed sequentially; use independent-resample intervals
92,funnel,3,bucketed,history,128,1024,4,18,1.8444207906723022,2.556950122117996,repeat indices align samples but methods were timed sequentially; use independent-resample intervals
92,funnel,3,bucketed,history,128,1024,4,19,1.8770373314619064,2.610239252448082,repeat indices align samples but methods were timed sequentially; use independent-resample intervals
92,funnel,3,bucketed,history,128,1024,4,20,1.9190812855958939,2.6935770735144615,repeat indices align samples but methods were timed sequentially; use independent-resample intervals
92,funnel,3,bucketed,history,128,1024,4,21,1.877753458917141,2.564006321132183,repeat indices align samples but methods were timed sequentially; use independent-resample intervals
92,funnel,3,bucketed,history,128,1024,4,22,1.8582243919372559,2.726338244974613,repeat indices align samples but methods were timed sequentially; use independent-resample intervals
92,funnel,3,bucketed,history,128,1024,4,23,2.039443038403988,2.9207104220986366,repeat indices align samples but methods were timed sequentially; use independent-resample intervals
92,funnel,3,bucketed,history,128,1024,4,24,1.938391923904419,2.5778370574116707,repeat indices align samples but methods were timed sequentially; use independent-resample intervals
92,funnel,3,bucketed,history,128,1024,4,25,1.8741237819194794,2.835125647485256,repeat indices align samples but methods were timed sequentially; use independent-resample intervals
92,funnel,3,bucketed,history,128,1024,4,26,1.738819696009159,2.913085423409939,repeat indices align samples but methods were timed sequentially; use independent-resample intervals
92,funnel,3,bucketed,history,128,1024,4,27,1.7975725159049034,2.66501734405756,repeat indices align samples but methods were timed sequentially; use independent-resample intervals
92,funnel,3,bucketed,history,128,1024,4,28,1.7935964316129684,2.6701145991683006,repeat indices align samples but methods were timed sequentially; use independent-resample intervals
92,funnel,3,bucketed,history,128,1024,4,29,1.8674443885684013,2.6800858601927757,repeat indices align samples but methods were timed sequentially; use independent-resample intervals
93,funnel,3,bucketed,last_depth,64,1024,4,0,2.09620314091444,2.248825468122959,repeat indices align samples but methods were timed sequentially; use independent-resample intervals
93,funnel,3,bucketed,last_depth,64,1024,4,1,2.2621383741497993,2.2197193279862404,repeat indices align samples but methods were timed sequentially; use independent-resample intervals
93,funnel,3,bucketed,last_depth,64,1024,4,2,2.4001515582203865,2.466029070317745,repeat indices align samples but methods were timed sequentially; use independent-resample intervals
93,funnel,3,bucketed,last_depth,64,1024,4,3,2.355686232447624,2.7744093984365463,repeat indices align samples but methods were timed sequentially; use independent-resample intervals
93,funnel,3,bucketed,last_depth,64,1024,4,4,2.331903360784054,2.8380896747112274,repeat indices align samples but methods were timed sequentially; use independent-resample intervals
93,funnel,3,bucketed,last_depth,64,1024,4,5,2.202616035938263,2.250027433037758,repeat indices align samples but methods were timed sequentially; use independent-resample intervals
93,funnel,3,bucketed,last_depth,64,1024,4,6,2.153950296342373,2.278784155845642,repeat indices align samples but methods were timed sequentially; use independent-resample intervals
93,funnel,3,bucketed,last_depth,64,1024,4,7,2.1378919407725334,2.386285699903965,repeat indices align samples but methods were timed sequentially; use independent-resample intervals
93,funnel,3,bucketed,last_depth,64,1024,4,8,2.308714047074318,2.3561643809080124,repeat indices align samples but methods were timed sequentially; use independent-resample intervals
93,funnel,3,bucketed,last_depth,64,1024,4,9,2.385182410478592,2.5244550108909607,repeat indices align samples but methods were timed sequentially; use independent-resample intervals
93,funnel,3,bucketed,last_depth,64,1024,4,10,2.552243284881115,2.3552722558379173,repeat indices align samples but methods were timed sequentially; use independent-resample intervals
93,funnel,3,bucketed,last_depth,64,1024,4,11,2.251382067799568,2.411146655678749,repeat indices align samples but methods were timed sequentially; use independent-resample intervals
93,funnel,3,bucketed,last_depth,64,1024,4,12,2.22357577085495,2.5223719775676727,repeat indices align samples but methods were timed sequentially; use independent-resample intervals
93,funnel,3,bucketed,last_depth,64,1024,4,13,2.2910031750798225,2.65693811327219,repeat indices align samples but methods were timed sequentially; use independent-resample intervals
93,funnel,3,bucketed,last_depth,64,1024,4,14,2.260357476770878,2.6430897414684296,repeat indices align samples but methods were timed sequentially; use independent-resample intervals
93,funnel,3,bucketed,last_depth,64,1024,4,15,2.2189527601003647,2.669976197183132,repeat indices align samples but methods were timed sequentially; use independent-resample intervals
93,funnel,3,bucketed,last_depth,64,1024,4,16,2.260502375662327,2.652601383626461,repeat indices align samples but methods were timed sequentially; use independent-resample intervals
93,funnel,3,bucketed,last_depth,64,1024,4,17,2.2329474315047264,2.713564947247505,repeat indices align samples but methods were timed sequentially; use independent-resample intervals
93,funnel,3,bucketed,last_depth,64,1024,4,18,2.064089633524418,2.556950122117996,repeat indices align samples but methods were timed sequentially; use independent-resample intervals
93,funnel,3,bucketed,last_depth,64,1024,4,19,2.134809300303459,2.610239252448082,repeat indices align samples but methods were timed sequentially; use independent-resample intervals
93,funnel,3,bucketed,last_depth,64,1024,4,20,2.110725484788418,2.6935770735144615,repeat indices align samples but methods were timed sequentially; use independent-resample intervals
93,funnel,3,bucketed,last_depth,64,1024,4,21,2.267131470143795,2.564006321132183,repeat indices align samples but methods were timed sequentially; use independent-resample intervals
93,funnel,3,bucketed,last_depth,64,1024,4,22,2.197866842150688,2.726338244974613,repeat indices align samples but methods were timed sequentially; use independent-resample intervals
93,funnel,3,bucketed,last_depth,64,1024,4,23,2.124179609119892,2.9207104220986366,repeat indices align samples but methods were timed sequentially; use independent-resample intervals
93,funnel,3,bucketed,last_depth,64,1024,4,24,2.138716794550419,2.5778370574116707,repeat indices align samples but methods were timed sequentially; use independent-resample intervals
93,funnel,3,bucketed,last_depth,64,1024,4,25,2.2768604159355164,2.835125647485256,repeat indices align samples but methods were timed sequentially; use independent-resample intervals
93,funnel,3,bucketed,last_depth,64,1024,4,26,2.1932761520147324,2.913085423409939,repeat indices align samples but methods were timed sequentially; use independent-resample intervals
93,funnel,3,bucketed,last_depth,64,1024,4,27,2.322354592382908,2.66501734405756,repeat indices align samples but methods were timed sequentially; use independent-resample intervals
93,funnel,3,bucketed,last_depth,64,1024,4,28,2.4139959812164307,2.6701145991683006,repeat indices align samples but methods were timed sequentially; use independent-resample intervals
93,funnel,3,bucketed,last_depth,64,1024,4,29,2.1501291692256927,2.6800858601927757,repeat indices align samples but methods were timed sequentially; use independent-resample intervals
94,funnel,3,bucketed,last_depth,128,1024,4,0,2.2825452238321304,2.248825468122959,repeat indices align samples but methods were timed sequentially; use independent-resample intervals
94,funnel,3,bucketed,last_depth,128,1024,4,1,2.4123430773615837,2.2197193279862404,repeat indices align samples but methods were timed sequentially; use independent-resample intervals
94,funnel,3,bucketed,last_depth,128,1024,4,2,2.3666182830929756,2.466029070317745,repeat indices align samples but methods were timed sequentially; use independent-resample intervals
94,funnel,3,bucketed,last_depth,128,1024,4,3,2.3566789403557777,2.7744093984365463,repeat indices align samples but methods were timed sequentially; use independent-resample intervals
94,funnel,3,bucketed,last_depth,128,1024,4,4,2.3409668803215027,2.8380896747112274,repeat indices align samples but methods were timed sequentially; use independent-resample intervals
94,funnel,3,bucketed,last_depth,128,1024,4,5,2.3663631603121758,2.250027433037758,repeat indices align samples but methods were timed sequentially; use independent-resample intervals
94,funnel,3,bucketed,last_depth,128,1024,4,6,2.423779733479023,2.278784155845642,repeat indices align samples but methods were timed sequentially; use independent-resample intervals
94,funnel,3,bucketed,last_depth,128,1024,4,7,2.2645276710391045,2.386285699903965,repeat indices align samples but methods were timed sequentially; use independent-resample intervals
94,funnel,3,bucketed,last_depth,128,1024,4,8,2.133973576128483,2.3561643809080124,repeat indices align samples but methods were timed sequentially; use independent-resample intervals
94,funnel,3,bucketed,last_depth,128,1024,4,9,2.1126955449581146,2.5244550108909607,repeat indices align samples but methods were timed sequentially; use independent-resample intervals
94,funnel,3,bucketed,last_depth,128,1024,4,10,2.0772010162472725,2.3552722558379173,repeat indices align samples but methods were timed sequentially; use independent-resample intervals
94,funnel,3,bucketed,last_depth,128,1024,4,11,2.077259384095669,2.411146655678749,repeat indices align samples but methods were timed sequentially; use independent-resample intervals
94,funnel,3,bucketed,last_depth,128,1024,4,12,2.0477839782834053,2.5223719775676727,repeat indices align samples but methods were timed sequentially; use independent-resample intervals
94,funnel,3,bucketed,last_depth,128,1024,4,13,1.9756034314632416,2.65693811327219,repeat indices align samples but methods were timed sequentially; use independent-resample intervals
94,funnel,3,bucketed,last_depth,128,1024,4,14,2.154271401464939,2.6430897414684296,repeat indices align samples but methods were timed sequentially; use independent-resample intervals
94,funnel,3,bucketed,last_depth,128,1024,4,15,2.128125414252281,2.669976197183132,repeat indices align samples but methods were timed sequentially; use independent-resample intervals
94,funnel,3,bucketed,last_depth,128,1024,4,16,2.229443274438381,2.652601383626461,repeat indices align samples but methods were timed sequentially; use independent-resample intervals
94,funnel,3,bucketed,last_depth,128,1024,4,17,2.1864869073033333,2.713564947247505,repeat indices align samples but methods were timed sequentially; use independent-resample intervals
94,funnel,3,bucketed,last_depth,128,1024,4,18,2.210912987589836,2.556950122117996,repeat indices align samples but methods were timed sequentially; use independent-resample intervals
94,funnel,3,bucketed,last_depth,128,1024,4,19,2.1444267481565475,2.610239252448082,repeat indices align samples but methods were timed sequentially; use independent-resample intervals
94,funnel,3,bucketed,last_depth,128,1024,4,20,2.0373733937740326,2.6935770735144615,repeat indices align samples but methods were timed sequentially; use independent-resample intervals
94,funnel,3,bucketed,last_depth,128,1024,4,21,2.284429557621479,2.564006321132183,repeat indices align samples but methods were timed sequentially; use independent-resample intervals
94,funnel,3,bucketed,last_depth,128,1024,4,22,2.2263366132974625,2.726338244974613,repeat indices align samples but methods were timed sequentially; use independent-resample intervals
94,funnel,3,bucketed,last_depth,128,1024,4,23,2.350633665919304,2.9207104220986366,repeat indices align samples but methods were timed sequentially; use independent-resample intervals
94,funnel,3,bucketed,last_depth,128,1024,4,24,2.025373674929142,2.5778370574116707,repeat indices align samples but methods were timed sequentially; use independent-resample intervals
94,funnel,3,bucketed,last_depth,128,1024,4,25,2.299252063035965,2.835125647485256,repeat indices align samples but methods were timed sequentially; use independent-resample intervals
94,funnel,3,bucketed,last_depth,128,1024,4,26,2.297934666275978,2.913085423409939,repeat indices align samples but methods were timed sequentially; use independent-resample intervals
94,funnel,3,bucketed,last_depth,128,1024,4,27,2.210599832236767,2.66501734405756,repeat indices align samples but methods were timed sequentially; use independent-resample intervals
94,funnel,3,bucketed,last_depth,128,1024,4,28,2.3273246064782143,2.6701145991683006,repeat indices align samples but methods were timed sequentially; use independent-resample intervals
94,funnel,3,bucketed,last_depth,128,1024,4,29,2.1995892450213432,2.6800858601927757,repeat indices align samples but methods were timed sequentially; use independent-resample intervals
95,funnel,4,monolithic,monolithic,0,1024,4,0,2.6368335261940956,2.6368335261940956,repeat indices align samples but methods were timed sequentially; use independent-resample intervals
95,funnel,4,monolithic,monolithic,0,1024,4,1,2.4327419996261597,2.4327419996261597,repeat indices align samples but methods were timed sequentially; use independent-resample intervals
95,funnel,4,monolithic,monolithic,0,1024,4,2,2.799237735569477,2.799237735569477,repeat indices align samples but methods were timed sequentially; use independent-resample intervals
95,funnel,4,monolithic,monolithic,0,1024,4,3,2.8918681889772415,2.8918681889772415,repeat indices align samples but methods were timed sequentially; use independent-resample intervals
95,funnel,4,monolithic,monolithic,0,1024,4,4,2.550352953374386,2.550352953374386,repeat indices align samples but methods were timed sequentially; use independent-resample intervals
95,funnel,4,monolithic,monolithic,0,1024,4,5,2.519228793680668,2.519228793680668,repeat indices align samples but methods were timed sequentially; use independent-resample intervals
95,funnel,4,monolithic,monolithic,0,1024,4,6,2.479722812771797,2.479722812771797,repeat indices align samples but methods were timed sequentially; use independent-resample intervals
95,funnel,4,monolithic,monolithic,0,1024,4,7,2.504880167543888,2.504880167543888,repeat indices align samples but methods were timed sequentially; use independent-resample intervals
95,funnel,4,monolithic,monolithic,0,1024,4,8,2.5169393494725227,2.5169393494725227,repeat indices align samples but methods were timed sequentially; use independent-resample intervals
95,funnel,4,monolithic,monolithic,0,1024,4,9,2.46050763130188,2.46050763130188,repeat indices align samples but methods were timed sequentially; use independent-resample intervals
95,funnel,4,monolithic,monolithic,0,1024,4,10,2.5017162188887596,2.5017162188887596,repeat indices align samples but methods were timed sequentially; use independent-resample intervals
95,funnel,4,monolithic,monolithic,0,1024,4,11,2.52944216132164,2.52944216132164,repeat indices align samples but methods were timed sequentially; use independent-resample intervals
95,funnel,4,monolithic,monolithic,0,1024,4,12,2.609687864780426,2.609687864780426,repeat indices align samples but methods were timed sequentially; use independent-resample intervals
95,funnel,4,monolithic,monolithic,0,1024,4,13,2.961882397532463,2.961882397532463,repeat indices align samples but methods were timed sequentially; use independent-resample intervals
95,funnel,4,monolithic,monolithic,0,1024,4,14,2.5406262800097466,2.5406262800097466,repeat indices align samples but methods were timed sequentially; use independent-resample intervals
95,funnel,4,monolithic,monolithic,0,1024,4,15,2.655965358018875,2.655965358018875,repeat indices align samples but methods were timed sequentially; use independent-resample intervals
95,funnel,4,monolithic,monolithic,0,1024,4,16,2.555219016969204,2.555219016969204,repeat indices align samples but methods were timed sequentially; use independent-resample intervals
95,funnel,4,monolithic,monolithic,0,1024,4,17,2.584906481206417,2.584906481206417,repeat indices align samples but methods were timed sequentially; use independent-resample intervals
95,funnel,4,monolithic,monolithic,0,1024,4,18,2.4267995059490204,2.4267995059490204,repeat indices align samples but methods were timed sequentially; use independent-resample intervals
95,funnel,4,monolithic,monolithic,0,1024,4,19,2.454306371510029,2.454306371510029,repeat indices align samples but methods were timed sequentially; use independent-resample intervals
95,funnel,4,monolithic,monolithic,0,1024,4,20,2.4762759879231453,2.4762759879231453,repeat indices align samples but methods were timed sequentially; use independent-resample intervals
95,funnel,4,monolithic,monolithic,0,1024,4,21,2.5340463742613792,2.5340463742613792,repeat indices align samples but methods were timed sequentially; use independent-resample intervals
95,funnel,4,monolithic,monolithic,0,1024,4,22,2.5269653499126434,2.5269653499126434,repeat indices align samples but methods were timed sequentially; use independent-resample intervals
95,funnel,4,monolithic,monolithic,0,1024,4,23,2.5221841409802437,2.5221841409802437,repeat indices align samples but methods were timed sequentially; use independent-resample intervals
95,funnel,4,monolithic,monolithic,0,1024,4,24,2.4539009630680084,2.4539009630680084,repeat indices align samples but methods were timed sequentially; use independent-resample intervals
95,funnel,4,monolithic,monolithic,0,1024,4,25,2.702319972217083,2.702319972217083,repeat indices align samples but methods were timed sequentially; use independent-resample intervals
95,funnel,4,monolithic,monolithic,0,1024,4,26,2.5474099814891815,2.5474099814891815,repeat indices align samples but methods were timed sequentially; use independent-resample intervals
95,funnel,4,monolithic,monolithic,0,1024,4,27,2.5707967579364777,2.5707967579364777,repeat indices align samples but methods were timed sequentially; use independent-resample intervals
95,funnel,4,monolithic,monolithic,0,1024,4,28,2.4591800794005394,2.4591800794005394,repeat indices align samples but methods were timed sequentially; use independent-resample intervals
95,funnel,4,monolithic,monolithic,0,1024,4,29,2.527561165392399,2.527561165392399,repeat indices align samples but methods were timed sequentially; use independent-resample intervals
96,funnel,4,bucketed,history,64,1024,4,0,2.296578235924244,2.6368335261940956,repeat indices align samples but methods were timed sequentially; use independent-resample intervals
96,funnel,4,bucketed,history,64,1024,4,1,2.054323621094227,2.4327419996261597,repeat indices align samples but methods were timed sequentially; use independent-resample intervals
96,funnel,4,bucketed,history,64,1024,4,2,2.1752081885933876,2.799237735569477,repeat indices align samples but methods were timed sequentially; use independent-resample intervals
96,funnel,4,bucketed,history,64,1024,4,3,2.061700902879238,2.8918681889772415,repeat indices align samples but methods were timed sequentially; use independent-resample intervals
96,funnel,4,bucketed,history,64,1024,4,4,2.2729890048503876,2.550352953374386,repeat indices align samples but methods were timed sequentially; use independent-resample intervals
96,funnel,4,bucketed,history,64,1024,4,5,2.090477667748928,2.519228793680668,repeat indices align samples but methods were timed sequentially; use independent-resample intervals
96,funnel,4,bucketed,history,64,1024,4,6,2.119919314980507,2.479722812771797,repeat indices align samples but methods were timed sequentially; use independent-resample intervals
96,funnel,4,bucketed,history,64,1024,4,7,1.8267149403691292,2.504880167543888,repeat indices align samples but methods were timed sequentially; use independent-resample intervals
96,funnel,4,bucketed,history,64,1024,4,8,2.041366271674633,2.5169393494725227,repeat indices align samples but methods were timed sequentially; use independent-resample intervals
96,funnel,4,bucketed,history,64,1024,4,9,2.022468961775303,2.46050763130188,repeat indices align samples but methods were timed sequentially; use independent-resample intervals
96,funnel,4,bucketed,history,64,1024,4,10,1.9951422959566116,2.5017162188887596,repeat indices align samples but methods were timed sequentially; use independent-resample intervals
96,funnel,4,bucketed,history,64,1024,4,11,2.08807036280632,2.52944216132164,repeat indices align samples but methods were timed sequentially; use independent-resample intervals
96,funnel,4,bucketed,history,64,1024,4,12,1.947900839149952,2.609687864780426,repeat indices align samples but methods were timed sequentially; use independent-resample intervals
96,funnel,4,bucketed,history,64,1024,4,13,1.9534157365560532,2.961882397532463,repeat indices align samples but methods were timed sequentially; use independent-resample intervals
96,funnel,4,bucketed,history,64,1024,4,14,1.9901033341884613,2.5406262800097466,repeat indices align samples but methods were timed sequentially; use independent-resample intervals
96,funnel,4,bucketed,history,64,1024,4,15,2.1237470358610153,2.655965358018875,repeat indices align samples but methods were timed sequentially; use independent-resample intervals
96,funnel,4,bucketed,history,64,1024,4,16,2.150839075446129,2.555219016969204,repeat indices align samples but methods were timed sequentially; use independent-resample intervals
96,funnel,4,bucketed,history,64,1024,4,17,2.031102292239666,2.584906481206417,repeat indices align samples but methods were timed sequentially; use independent-resample intervals
96,funnel,4,bucketed,history,64,1024,4,18,2.0922254249453545,2.4267995059490204,repeat indices align samples but methods were timed sequentially; use independent-resample intervals
96,funnel,4,bucketed,history,64,1024,4,19,2.1518326103687286,2.454306371510029,repeat indices align samples but methods were timed sequentially; use independent-resample intervals
96,funnel,4,bucketed,history,64,1024,4,20,1.9660050943493843,2.4762759879231453,repeat indices align samples but methods were timed sequentially; use independent-resample intervals
96,funnel,4,bucketed,history,64,1024,4,21,1.9536401182413101,2.5340463742613792,repeat indices align samples but methods were timed sequentially; use independent-resample intervals
96,funnel,4,bucketed,history,64,1024,4,22,2.0653174743056297,2.5269653499126434,repeat indices align samples but methods were timed sequentially; use independent-resample intervals
96,funnel,4,bucketed,history,64,1024,4,23,2.1956561282277107,2.5221841409802437,repeat indices align samples but methods were timed sequentially; use independent-resample intervals
96,funnel,4,bucketed,history,64,1024,4,24,2.2642922028899193,2.4539009630680084,repeat indices align samples but methods were timed sequentially; use independent-resample intervals
96,funnel,4,bucketed,history,64,1024,4,25,2.477133296430111,2.702319972217083,repeat indices align samples but methods were timed sequentially; use independent-resample intervals
96,funnel,4,bucketed,history,64,1024,4,26,2.288969971239567,2.5474099814891815,repeat indices align samples but methods were timed sequentially; use independent-resample intervals
96,funnel,4,bucketed,history,64,1024,4,27,2.036601684987545,2.5707967579364777,repeat indices align samples but methods were timed sequentially; use independent-resample intervals
96,funnel,4,bucketed,history,64,1024,4,28,2.2079850882291794,2.4591800794005394,repeat indices align samples but methods were timed sequentially; use independent-resample intervals
96,funnel,4,bucketed,history,64,1024,4,29,2.124521218240261,2.527561165392399,repeat indices align samples but methods were timed sequentially; use independent-resample intervals
97,funnel,4,bucketed,history,128,1024,4,0,2.156318984925747,2.6368335261940956,repeat indices align samples but methods were timed sequentially; use independent-resample intervals
97,funnel,4,bucketed,history,128,1024,4,1,1.8912690058350563,2.4327419996261597,repeat indices align samples but methods were timed sequentially; use independent-resample intervals
97,funnel,4,bucketed,history,128,1024,4,2,1.954600267112255,2.799237735569477,repeat indices align samples but methods were timed sequentially; use independent-resample intervals
97,funnel,4,bucketed,history,128,1024,4,3,1.8830644115805626,2.8918681889772415,repeat indices align samples but methods were timed sequentially; use independent-resample intervals
97,funnel,4,bucketed,history,128,1024,4,4,1.859736017882824,2.550352953374386,repeat indices align samples but methods were timed sequentially; use independent-resample intervals
97,funnel,4,bucketed,history,128,1024,4,5,1.7518726140260696,2.519228793680668,repeat indices align samples but methods were timed sequentially; use independent-resample intervals
97,funnel,4,bucketed,history,128,1024,4,6,1.7946842685341835,2.479722812771797,repeat indices align samples but methods were timed sequentially; use independent-resample intervals
97,funnel,4,bucketed,history,128,1024,4,7,1.7019714564085007,2.504880167543888,repeat indices align samples but methods were timed sequentially; use independent-resample intervals
97,funnel,4,bucketed,history,128,1024,4,8,1.7539897933602333,2.5169393494725227,repeat indices align samples but methods were timed sequentially; use independent-resample intervals
97,funnel,4,bucketed,history,128,1024,4,9,1.7213827893137932,2.46050763130188,repeat indices align samples but methods were timed sequentially; use independent-resample intervals
97,funnel,4,bucketed,history,128,1024,4,10,1.745263196527958,2.5017162188887596,repeat indices align samples but methods were timed sequentially; use independent-resample intervals
97,funnel,4,bucketed,history,128,1024,4,11,1.9479665756225586,2.52944216132164,repeat indices align samples but methods were timed sequentially; use independent-resample intervals
97,funnel,4,bucketed,history,128,1024,4,12,1.673473797738552,2.609687864780426,repeat indices align samples but methods were timed sequentially; use independent-resample intervals
97,funnel,4,bucketed,history,128,1024,4,13,1.6642188504338264,2.961882397532463,repeat indices align samples but methods were timed sequentially; use independent-resample intervals
97,funnel,4,bucketed,history,128,1024,4,14,1.8587539196014404,2.5406262800097466,repeat indices align samples but methods were timed sequentially; use independent-resample intervals
97,funnel,4,bucketed,history,128,1024,4,15,1.7760883569717407,2.655965358018875,repeat indices align samples but methods were timed sequentially; use independent-resample intervals
97,funnel,4,bucketed,history,128,1024,4,16,1.9448927119374275,2.555219016969204,repeat indices align samples but methods were timed sequentially; use independent-resample intervals
97,funnel,4,bucketed,history,128,1024,4,17,1.7570624947547913,2.584906481206417,repeat indices align samples but methods were timed sequentially; use independent-resample intervals
97,funnel,4,bucketed,history,128,1024,4,18,1.7464977949857712,2.4267995059490204,repeat indices align samples but methods were timed sequentially; use independent-resample intervals
97,funnel,4,bucketed,history,128,1024,4,19,1.767047829926014,2.454306371510029,repeat indices align samples but methods were timed sequentially; use independent-resample intervals
97,funnel,4,bucketed,history,128,1024,4,20,1.775644913315773,2.4762759879231453,repeat indices align samples but methods were timed sequentially; use independent-resample intervals
97,funnel,4,bucketed,history,128,1024,4,21,1.9483585059642792,2.5340463742613792,repeat indices align samples but methods were timed sequentially; use independent-resample intervals
97,funnel,4,bucketed,history,128,1024,4,22,1.8470396623015404,2.5269653499126434,repeat indices align samples but methods were timed sequentially; use independent-resample intervals
97,funnel,4,bucketed,history,128,1024,4,23,1.8110193982720375,2.5221841409802437,repeat indices align samples but methods were timed sequentially; use independent-resample intervals
97,funnel,4,bucketed,history,128,1024,4,24,1.9201419353485107,2.4539009630680084,repeat indices align samples but methods were timed sequentially; use independent-resample intervals
97,funnel,4,bucketed,history,128,1024,4,25,2.069622777402401,2.702319972217083,repeat indices align samples but methods were timed sequentially; use independent-resample intervals
97,funnel,4,bucketed,history,128,1024,4,26,1.8334514200687408,2.5474099814891815,repeat indices align samples but methods were timed sequentially; use independent-resample intervals
97,funnel,4,bucketed,history,128,1024,4,27,1.745598465204239,2.5707967579364777,repeat indices align samples but methods were timed sequentially; use independent-resample intervals
97,funnel,4,bucketed,history,128,1024,4,28,1.8202755078673363,2.4591800794005394,repeat indices align samples but methods were timed sequentially; use independent-resample intervals
97,funnel,4,bucketed,history,128,1024,4,29,1.677379533648491,2.527561165392399,repeat indices align samples but methods were timed sequentially; use independent-resample intervals
98,funnel,4,bucketed,last_depth,64,1024,4,0,2.0506499484181404,2.6368335261940956,repeat indices align samples but methods were timed sequentially; use independent-resample intervals
98,funnel,4,bucketed,last_depth,64,1024,4,1,1.9877649769186974,2.4327419996261597,repeat indices align samples but methods were timed sequentially; use independent-resample intervals
98,funnel,4,bucketed,last_depth,64,1024,4,2,2.102483667433262,2.799237735569477,repeat indices align samples but methods were timed sequentially; use independent-resample intervals
98,funnel,4,bucketed,last_depth,64,1024,4,3,1.999064788222313,2.8918681889772415,repeat indices align samples but methods were timed sequentially; use independent-resample intervals
98,funnel,4,bucketed,last_depth,64,1024,4,4,1.9874350726604462,2.550352953374386,repeat indices align samples but methods were timed sequentially; use independent-resample intervals
98,funnel,4,bucketed,last_depth,64,1024,4,5,1.9036781713366508,2.519228793680668,repeat indices align samples but methods were timed sequentially; use independent-resample intervals
98,funnel,4,bucketed,last_depth,64,1024,4,6,1.8598013818264008,2.479722812771797,repeat indices align samples but methods were timed sequentially; use independent-resample intervals
98,funnel,4,bucketed,last_depth,64,1024,4,7,2.208409123122692,2.504880167543888,repeat indices align samples but methods were timed sequentially; use independent-resample intervals
98,funnel,4,bucketed,last_depth,64,1024,4,8,2.1047129333019257,2.5169393494725227,repeat indices align samples but methods were timed sequentially; use independent-resample intervals
98,funnel,4,bucketed,last_depth,64,1024,4,9,2.1362406238913536,2.46050763130188,repeat indices align samples but methods were timed sequentially; use independent-resample intervals
98,funnel,4,bucketed,last_depth,64,1024,4,10,2.040629804134369,2.5017162188887596,repeat indices align samples but methods were timed sequentially; use independent-resample intervals
98,funnel,4,bucketed,last_depth,64,1024,4,11,1.8176184743642807,2.52944216132164,repeat indices align samples but methods were timed sequentially; use independent-resample intervals
98,funnel,4,bucketed,last_depth,64,1024,4,12,2.0211003348231316,2.609687864780426,repeat indices align samples but methods were timed sequentially; use independent-resample intervals
98,funnel,4,bucketed,last_depth,64,1024,4,13,2.027322605252266,2.961882397532463,repeat indices align samples but methods were timed sequentially; use independent-resample intervals
98,funnel,4,bucketed,last_depth,64,1024,4,14,1.9971451088786125,2.5406262800097466,repeat indices align samples but methods were timed sequentially; use independent-resample intervals
98,funnel,4,bucketed,last_depth,64,1024,4,15,2.3938219025731087,2.655965358018875,repeat indices align samples but methods were timed sequentially; use independent-resample intervals
98,funnel,4,bucketed,last_depth,64,1024,4,16,2.1946839168667793,2.555219016969204,repeat indices align samples but methods were timed sequentially; use independent-resample intervals
98,funnel,4,bucketed,last_depth,64,1024,4,17,2.2867874056100845,2.584906481206417,repeat indices align samples but methods were timed sequentially; use independent-resample intervals
98,funnel,4,bucketed,last_depth,64,1024,4,18,2.1276298090815544,2.4267995059490204,repeat indices align samples but methods were timed sequentially; use independent-resample intervals
98,funnel,4,bucketed,last_depth,64,1024,4,19,2.341560550034046,2.454306371510029,repeat indices align samples but methods were timed sequentially; use independent-resample intervals
98,funnel,4,bucketed,last_depth,64,1024,4,20,2.3149128556251526,2.4762759879231453,repeat indices align samples but methods were timed sequentially; use independent-resample intervals
98,funnel,4,bucketed,last_depth,64,1024,4,21,2.342081166803837,2.5340463742613792,repeat indices align samples but methods were timed sequentially; use independent-resample intervals
98,funnel,4,bucketed,last_depth,64,1024,4,22,2.2199111953377724,2.5269653499126434,repeat indices align samples but methods were timed sequentially; use independent-resample intervals
98,funnel,4,bucketed,last_depth,64,1024,4,23,2.149507962167263,2.5221841409802437,repeat indices align samples but methods were timed sequentially; use independent-resample intervals
98,funnel,4,bucketed,last_depth,64,1024,4,24,2.476197727024555,2.4539009630680084,repeat indices align samples but methods were timed sequentially; use independent-resample intervals
98,funnel,4,bucketed,last_depth,64,1024,4,25,2.20170808583498,2.702319972217083,repeat indices align samples but methods were timed sequentially; use independent-resample intervals
98,funnel,4,bucketed,last_depth,64,1024,4,26,2.3182691782712936,2.5474099814891815,repeat indices align samples but methods were timed sequentially; use independent-resample intervals
98,funnel,4,bucketed,last_depth,64,1024,4,27,1.9994064792990685,2.5707967579364777,repeat indices align samples but methods were timed sequentially; use independent-resample intervals
98,funnel,4,bucketed,last_depth,64,1024,4,28,2.0722270160913467,2.4591800794005394,repeat indices align samples but methods were timed sequentially; use independent-resample intervals
98,funnel,4,bucketed,last_depth,64,1024,4,29,2.074138306081295,2.527561165392399,repeat indices align samples but methods were timed sequentially; use independent-resample intervals
99,funnel,4,bucketed,last_depth,128,1024,4,0,2.0078325793147087,2.6368335261940956,repeat indices align samples but methods were timed sequentially; use independent-resample intervals
99,funnel,4,bucketed,last_depth,128,1024,4,1,2.0558354780077934,2.4327419996261597,repeat indices align samples but methods were timed sequentially; use independent-resample intervals
99,funnel,4,bucketed,last_depth,128,1024,4,2,2.0060912892222404,2.799237735569477,repeat indices align samples but methods were timed sequentially; use independent-resample intervals
99,funnel,4,bucketed,last_depth,128,1024,4,3,2.0426770746707916,2.8918681889772415,repeat indices align samples but methods were timed sequentially; use independent-resample intervals
99,funnel,4,bucketed,last_depth,128,1024,4,4,1.8898645341396332,2.550352953374386,repeat indices align samples but methods were timed sequentially; use independent-resample intervals
99,funnel,4,bucketed,last_depth,128,1024,4,5,2.014736220240593,2.519228793680668,repeat indices align samples but methods were timed sequentially; use independent-resample intervals
99,funnel,4,bucketed,last_depth,128,1024,4,6,2.1839959770441055,2.479722812771797,repeat indices align samples but methods were timed sequentially; use independent-resample intervals
99,funnel,4,bucketed,last_depth,128,1024,4,7,2.1214201524853706,2.504880167543888,repeat indices align samples but methods were timed sequentially; use independent-resample intervals
99,funnel,4,bucketed,last_depth,128,1024,4,8,2.153239332139492,2.5169393494725227,repeat indices align samples but methods were timed sequentially; use independent-resample intervals
99,funnel,4,bucketed,last_depth,128,1024,4,9,2.106322132050991,2.46050763130188,repeat indices align samples but methods were timed sequentially; use independent-resample intervals
99,funnel,4,bucketed,last_depth,128,1024,4,10,2.1974447518587112,2.5017162188887596,repeat indices align samples but methods were timed sequentially; use independent-resample intervals
99,funnel,4,bucketed,last_depth,128,1024,4,11,2.1362848356366158,2.52944216132164,repeat indices align samples but methods were timed sequentially; use independent-resample intervals
99,funnel,4,bucketed,last_depth,128,1024,4,12,2.0944823250174522,2.609687864780426,repeat indices align samples but methods were timed sequentially; use independent-resample intervals
99,funnel,4,bucketed,last_depth,128,1024,4,13,2.419436030089855,2.961882397532463,repeat indices align samples but methods were timed sequentially; use independent-resample intervals
99,funnel,4,bucketed,last_depth,128,1024,4,14,2.047409310936928,2.5406262800097466,repeat indices align samples but methods were timed sequentially; use independent-resample intervals
99,funnel,4,bucketed,last_depth,128,1024,4,15,2.012660898268223,2.655965358018875,repeat indices align samples but methods were timed sequentially; use independent-resample intervals
99,funnel,4,bucketed,last_depth,128,1024,4,16,1.8701511695981026,2.555219016969204,repeat indices align samples but methods were timed sequentially; use independent-resample intervals
99,funnel,4,bucketed,last_depth,128,1024,4,17,2.030794844031334,2.584906481206417,repeat indices align samples but methods were timed sequentially; use independent-resample intervals
99,funnel,4,bucketed,last_depth,128,1024,4,18,1.939978800714016,2.4267995059490204,repeat indices align samples but methods were timed sequentially; use independent-resample intervals
99,funnel,4,bucketed,last_depth,128,1024,4,19,2.223538003861904,2.454306371510029,repeat indices align samples but methods were timed sequentially; use independent-resample intervals
99,funnel,4,bucketed,last_depth,128,1024,4,20,2.070889338850975,2.4762759879231453,repeat indices align samples but methods were timed sequentially; use independent-resample intervals
99,funnel,4,bucketed,last_depth,128,1024,4,21,2.09582981467247,2.5340463742613792,repeat indices align samples but methods were timed sequentially; use independent-resample intervals
99,funnel,4,bucketed,last_depth,128,1024,4,22,2.064313694834709,2.5269653499126434,repeat indices align samples but methods were timed sequentially; use independent-resample intervals
99,funnel,4,bucketed,last_depth,128,1024,4,23,2.2856641337275505,2.5221841409802437,repeat indices align samples but methods were timed sequentially; use independent-resample intervals
99,funnel,4,bucketed,last_depth,128,1024,4,24,1.98705193400383,2.4539009630680084,repeat indices align samples but methods were timed sequentially; use independent-resample intervals
99,funnel,4,bucketed,last_depth,128,1024,4,25,2.1322269216179848,2.702319972217083,repeat indices align samples but methods were timed sequentially; use independent-resample intervals
99,funnel,4,bucketed,last_depth,128,1024,4,26,2.0600717812776566,2.5474099814891815,repeat indices align samples but methods were timed sequentially; use independent-resample intervals
99,funnel,4,bucketed,last_depth,128,1024,4,27,1.8973195999860764,2.5707967579364777,repeat indices align samples but methods were timed sequentially; use independent-resample intervals
99,funnel,4,bucketed,last_depth,128,1024,4,28,2.0395461469888687,2.4591800794005394,repeat indices align samples but methods were timed sequentially; use independent-resample intervals
99,funnel,4,bucketed,last_depth,128,1024,4,29,2.1682450622320175,2.527561165392399,repeat indices align samples but methods were timed sequentially; use independent-resample intervals
