model,model_family,parameterization,seed,method,baseline_type,predictor,bucket_size,num_chains,dimension,num_groups,observations_per_group,num_observations,num_features,time_length,kernel,input_dimension,data_seed,jitter,num_steps,step_size,max_tree_depth,hmc_num_leapfrog_steps,independent_baseline_kind,predictor_beta,time_seconds,speedup_vs_monolithic,t_mono,t_bucket,speedup,timing_warm_repeat_count,timing_warm_min_seconds,timing_warm_q1_seconds,timing_warm_median_seconds,timing_warm_q3_seconds,timing_warm_max_seconds,timing_warm_repeat_seconds_json,mono_warm_repeat_seconds_json,mono_total_leapfrog_count,mono_divergence_count,mono_max_realized_tree_depth,method_total_leapfrog_count,method_divergence_count,method_max_realized_tree_depth,bucket_total_leapfrog_count,bucket_divergence_count,bucket_max_realized_tree_depth,bucket_num_buckets,bucket_padding_count,bucket_padding_ratio,bucket_hvp_overhead_seconds,bucket_hvp_call_count,timing_breakdown_enabled,timing_cold_run_seconds,timing_cold_compile_seconds,timing_warm_iteration_seconds,timing_planner_seconds,timing_executor_seconds,timing_gather_seconds,timing_scatter_seconds,timing_hvp_seconds,timing_total_profiled_seconds,timing_unattributed_seconds,timing_profiler_marker_count
gaussian_process,gaussian_process,log_hyperparameters,0,monolithic,nuts_reference,monolithic,0,128,3,,,8,,,squared_exponential,1,37,1e-05,16,0.2,8,,,0.9,1.0620561391115189,1.0,1.0620561391115189,1.0620561391115189,1.0,30,0.9786069095134735,1.024097902700305,1.0620561391115189,1.3218946028500795,8.343025624752045,"[8.343025624752045, 1.0349181070923805, 1.0342176631093025, 1.022750549018383, 1.0418507531285286, 1.1734895929694176, 1.0069474801421165, 1.0029423609375954, 1.0851334184408188, 1.104401983320713, 1.1787292584776878, 1.0013150796294212, 0.9786069095134735, 0.9891222342848778, 0.9829054549336433, 1.033159926533699, 0.9949937835335732, 1.0664179995656013, 1.0281399637460709, 1.0576942786574364, 1.0664658099412918, 1.0486339032649994, 1.2421237230300903, 1.5331960022449493, 1.5058633163571358, 1.5574325323104858, 1.6070866212248802, 1.3992551490664482, 1.3484848961234093, 1.5121919065713882]","[8.343025624752045, 1.0349181070923805, 1.0342176631093025, 1.022750549018383, 1.0418507531285286, 1.1734895929694176, 1.0069474801421165, 1.0029423609375954, 1.0851334184408188, 1.104401983320713, 1.1787292584776878, 1.0013150796294212, 0.9786069095134735, 0.9891222342848778, 0.9829054549336433, 1.033159926533699, 0.9949937835335732, 1.0664179995656013, 1.0281399637460709, 1.0576942786574364, 1.0664658099412918, 1.0486339032649994, 1.2421237230300903, 1.5331960022449493, 1.5058633163571358, 1.5574325323104858, 1.6070866212248802, 1.3992551490664482, 1.3484848961234093, 1.5121919065713882]",15905,19,6,15905,19,6,15905,19,6,,0,0.0,0.0,0,False,0.0,0.0,1.0620561391115189,0.0,0.0,0.0,0.0,0.0,0.0,0.0,0
gaussian_process,gaussian_process,log_hyperparameters,0,bucketed,bucketed_nuts,history,64,128,3,,,8,,,squared_exponential,1,37,1e-05,16,0.2,8,,,0.9,1.1285757943987846,0.9410587613012716,1.0620561391115189,1.1285757943987846,0.9410587613012716,30,1.0566249787807465,1.1048353407531977,1.1285757943987846,1.1499966848641634,5.785283863544464,"[5.785283863544464, 1.1402459666132927, 1.1341710463166237, 1.1215173602104187, 1.2907059863209724, 1.1496754959225655, 1.1211547255516052, 1.1142319589853287, 1.1275252476334572, 1.1378447785973549, 1.15036953240633, 1.1850740909576416, 1.163994699716568, 1.0844463780522346, 1.1401143074035645, 1.0800982415676117, 1.1572185903787613, 1.0961531326174736, 1.0861762762069702, 1.1045688018202782, 1.0566249787807465, 1.129626341164112, 1.1265989243984222, 1.229623794555664, 1.1202711015939713, 1.150103747844696, 1.1056349575519562, 1.075948841869831, 1.084589160978794, 1.1301135048270226]","[8.343025624752045, 1.0349181070923805, 1.0342176631093025, 1.022750549018383, 1.0418507531285286, 1.1734895929694176, 1.0069474801421165, 1.0029423609375954, 1.0851334184408188, 1.104401983320713, 1.1787292584776878, 1.0013150796294212, 0.9786069095134735, 0.9891222342848778, 0.9829054549336433, 1.033159926533699, 0.9949937835335732, 1.0664179995656013, 1.0281399637460709, 1.0576942786574364, 1.0664658099412918, 1.0486339032649994, 1.2421237230300903, 1.5331960022449493, 1.5058633163571358, 1.5574325323104858, 1.6070866212248802, 1.3992551490664482, 1.3484848961234093, 1.5121919065713882]",15905,19,6,15905,19,6,15905,19,6,2,0,0.0,0.0,0,False,0.0,0.0,1.1285757943987846,0.0,0.0,0.0,0.0,0.0,0.0,0.0,0
gaussian_process,gaussian_process,log_hyperparameters,0,bucketed,bucketed_nuts,history,128,128,3,,,8,,,squared_exponential,1,37,1e-05,16,0.2,8,,,0.9,1.103069018572569,0.9628192989101235,1.0620561391115189,1.103069018572569,0.9628192989101235,30,1.055099494755268,1.075798062607646,1.103069018572569,1.189461063593626,4.562394306063652,"[4.562394306063652, 1.0677392482757568, 1.0744555667042732, 1.0686727315187454, 1.0798255503177643, 1.0670782625675201, 1.0992450639605522, 1.059768207371235, 1.055099494755268, 1.1059082970023155, 1.0971532091498375, 1.1002297401428223, 1.0983058214187622, 1.1482739299535751, 1.2135579586029053, 1.1192800998687744, 1.1644041687250137, 1.3890544772148132, 1.2724849730730057, 1.2711126729846, 1.260783314704895, 1.2154642418026924, 1.1978133618831635, 1.095432110130787, 1.1393637359142303, 1.1252391263842583, 1.0615945905447006, 1.0873329117894173, 1.0592424497008324, 1.1115892305970192]","[8.343025624752045, 1.0349181070923805, 1.0342176631093025, 1.022750549018383, 1.0418507531285286, 1.1734895929694176, 1.0069474801421165, 1.0029423609375954, 1.0851334184408188, 1.104401983320713, 1.1787292584776878, 1.0013150796294212, 0.9786069095134735, 0.9891222342848778, 0.9829054549336433, 1.033159926533699, 0.9949937835335732, 1.0664179995656013, 1.0281399637460709, 1.0576942786574364, 1.0664658099412918, 1.0486339032649994, 1.2421237230300903, 1.5331960022449493, 1.5058633163571358, 1.5574325323104858, 1.6070866212248802, 1.3992551490664482, 1.3484848961234093, 1.5121919065713882]",15905,19,6,15905,19,6,15905,19,6,1,0,0.0,0.0,0,False,0.0,0.0,1.103069018572569,0.0,0.0,0.0,0.0,0.0,0.0,0.0,0
gaussian_process,gaussian_process,log_hyperparameters,0,bucketed,bucketed_nuts,last_depth,64,128,3,,,8,,,squared_exponential,1,37,1e-05,16,0.2,8,,,0.9,1.1343718580901623,0.9362504292900965,1.0620561391115189,1.1343718580901623,0.9362504292900965,30,1.0657644122838974,1.117785420268774,1.1343718580901623,1.1705311331897974,1.2772114649415016,"[1.195675253868103, 1.2548103481531143, 1.1718797609210014, 1.1828895285725594, 1.16621994972229, 1.2772114649415016, 1.1063901409506798, 1.1330039352178574, 1.123540848493576, 1.1144550815224648, 1.1030917093157768, 1.12665406614542, 1.1675146371126175, 1.179530344903469, 1.1171348243951797, 1.1715366318821907, 1.1573957279324532, 1.1257938370108604, 1.1063269972801208, 1.188898243010044, 1.1586526781320572, 1.1410368233919144, 1.1140181124210358, 1.0986901298165321, 1.1197372078895569, 1.0657644122838974, 1.120338998734951, 1.1274869740009308, 1.1590448468923569, 1.1357397809624672]","[8.343025624752045, 1.0349181070923805, 1.0342176631093025, 1.022750549018383, 1.0418507531285286, 1.1734895929694176, 1.0069474801421165, 1.0029423609375954, 1.0851334184408188, 1.104401983320713, 1.1787292584776878, 1.0013150796294212, 0.9786069095134735, 0.9891222342848778, 0.9829054549336433, 1.033159926533699, 0.9949937835335732, 1.0664179995656013, 1.0281399637460709, 1.0576942786574364, 1.0664658099412918, 1.0486339032649994, 1.2421237230300903, 1.5331960022449493, 1.5058633163571358, 1.5574325323104858, 1.6070866212248802, 1.3992551490664482, 1.3484848961234093, 1.5121919065713882]",15905,19,6,15905,19,6,15905,19,6,2,0,0.0,0.0,0,False,0.0,0.0,1.1343718580901623,0.0,0.0,0.0,0.0,0.0,0.0,0.0,0
gaussian_process,gaussian_process,log_hyperparameters,0,bucketed,bucketed_nuts,last_depth,128,128,3,,,8,,,squared_exponential,1,37,1e-05,16,0.2,8,,,0.9,1.0984963960945606,0.9668271492627593,1.0620561391115189,1.0984963960945606,0.9668271492627593,30,1.0626211538910866,1.0816789790987968,1.0984963960945606,1.1291504446417093,1.3370878770947456,"[1.1540368795394897, 1.3370878770947456, 1.0872993096709251, 1.143110103905201, 1.081455297768116, 1.1051803454756737, 1.065351702272892, 1.0878377929329872, 1.1180400475859642, 1.2497915774583817, 1.2099433615803719, 1.208122156560421, 1.1343157291412354, 1.132425308227539, 1.0917599946260452, 1.109478771686554, 1.1122851371765137, 1.1049034371972084, 1.0626211538910866, 1.0883931294083595, 1.0959303081035614, 1.0703387185931206, 1.068357765674591, 1.1010624840855598, 1.0823500230908394, 1.1193258538842201, 1.090166263282299, 1.0802014395594597, 1.066897727549076, 1.0811929181218147]","[8.343025624752045, 1.0349181070923805, 1.0342176631093025, 1.022750549018383, 1.0418507531285286, 1.1734895929694176, 1.0069474801421165, 1.0029423609375954, 1.0851334184408188, 1.104401983320713, 1.1787292584776878, 1.0013150796294212, 0.9786069095134735, 0.9891222342848778, 0.9829054549336433, 1.033159926533699, 0.9949937835335732, 1.0664179995656013, 1.0281399637460709, 1.0576942786574364, 1.0664658099412918, 1.0486339032649994, 1.2421237230300903, 1.5331960022449493, 1.5058633163571358, 1.5574325323104858, 1.6070866212248802, 1.3992551490664482, 1.3484848961234093, 1.5121919065713882]",15905,19,6,15905,19,6,15905,19,6,1,0,0.0,0.0,0,False,0.0,0.0,1.0984963960945606,0.0,0.0,0.0,0.0,0.0,0.0,0.0,0
gaussian_process,gaussian_process,log_hyperparameters,1,monolithic,nuts_reference,monolithic,0,128,3,,,8,,,squared_exponential,1,37,1e-05,16,0.2,8,,,0.9,1.0179572626948357,1.0,1.0179572626948357,1.0179572626948357,1.0,30,0.9743047505617142,0.999477244913578,1.0179572626948357,1.0426897052675486,1.197399154305458,"[1.0024716556072235, 1.0009523034095764, 1.0048627778887749, 1.0112194642424583, 0.9857633635401726, 0.9989855587482452, 1.0248140916228294, 1.0606659427285194, 1.0221139788627625, 0.9931100830435753, 1.0233694165945053, 1.0180814191699028, 1.046344354748726, 1.0056925863027573, 1.0566481724381447, 1.0177569836378098, 1.140255220234394, 1.197399154305458, 1.0575148090720177, 1.0317257568240166, 1.0217019468545914, 1.0466272979974747, 0.9958334118127823, 0.987501747906208, 1.018489733338356, 1.0642437785863876, 0.9766415134072304, 0.9864806309342384, 0.9743047505617142, 1.0178331062197685]","[1.0024716556072235, 1.0009523034095764, 1.0048627778887749, 1.0112194642424583, 0.9857633635401726, 0.9989855587482452, 1.0248140916228294, 1.0606659427285194, 1.0221139788627625, 0.9931100830435753, 1.0233694165945053, 1.0180814191699028, 1.046344354748726, 1.0056925863027573, 1.0566481724381447, 1.0177569836378098, 1.140255220234394, 1.197399154305458, 1.0575148090720177, 1.0317257568240166, 1.0217019468545914, 1.0466272979974747, 0.9958334118127823, 0.987501747906208, 1.018489733338356, 1.0642437785863876, 0.9766415134072304, 0.9864806309342384, 0.9743047505617142, 1.0178331062197685]",15774,15,6,15774,15,6,15774,15,6,,0,0.0,0.0,0,False,0.0,0.0,1.0179572626948357,0.0,0.0,0.0,0.0,0.0,0.0,0.0,0
gaussian_process,gaussian_process,log_hyperparameters,1,bucketed,bucketed_nuts,history,64,128,3,,,8,,,squared_exponential,1,37,1e-05,16,0.2,8,,,0.9,1.0957874916493893,0.9289732456816031,1.0179572626948357,1.0957874916493893,0.9289732456816031,30,1.0332407653331757,1.0704541988670826,1.0957874916493893,1.135816840454936,1.2355812415480614,"[1.096786506474018, 1.0488713905215263, 1.0349305123090744, 1.0730660557746887, 1.0695835798978806, 1.1646398454904556, 1.2355812415480614, 1.068954512476921, 1.1645232662558556, 1.13809385150671, 1.0947884768247604, 1.0858415812253952, 1.0930078253149986, 1.0655594170093536, 1.0990298241376877, 1.0392145588994026, 1.0332407653331757, 1.086478941142559, 1.1370225921273232, 1.1151534169912338, 1.092314325273037, 1.1177686527371407, 1.0898628905415535, 1.1109278947114944, 1.1321995854377747, 1.1434636414051056, 1.0693254321813583, 1.21521358191967, 1.1110723242163658, 1.1422160938382149]","[1.0024716556072235, 1.0009523034095764, 1.0048627778887749, 1.0112194642424583, 0.9857633635401726, 0.9989855587482452, 1.0248140916228294, 1.0606659427285194, 1.0221139788627625, 0.9931100830435753, 1.0233694165945053, 1.0180814191699028, 1.046344354748726, 1.0056925863027573, 1.0566481724381447, 1.0177569836378098, 1.140255220234394, 1.197399154305458, 1.0575148090720177, 1.0317257568240166, 1.0217019468545914, 1.0466272979974747, 0.9958334118127823, 0.987501747906208, 1.018489733338356, 1.0642437785863876, 0.9766415134072304, 0.9864806309342384, 0.9743047505617142, 1.0178331062197685]",15774,15,6,15774,15,6,15774,15,6,2,0,0.0,0.0,0,False,0.0,0.0,1.0957874916493893,0.0,0.0,0.0,0.0,0.0,0.0,0.0,0
gaussian_process,gaussian_process,log_hyperparameters,1,bucketed,bucketed_nuts,history,128,128,3,,,8,,,squared_exponential,1,37,1e-05,16,0.2,8,,,0.9,1.13221999630332,0.899080802333866,1.0179572626948357,1.13221999630332,0.899080802333866,30,1.0772416591644287,1.105612613260746,1.13221999630332,1.1645812317728996,1.3415071740746498,"[1.1087198182940483, 1.1488279700279236, 1.2066830918192863, 1.146631009876728, 1.16677825152874, 1.1160572096705437, 1.0889995098114014, 1.122252568602562, 1.0772416591644287, 1.1099263951182365, 1.1016737297177315, 1.0925253555178642, 1.1439444795250893, 1.1506280452013016, 1.081257663667202, 1.1278380528092384, 1.3415071740746498, 1.2264172285795212, 1.2139816731214523, 1.2106281593441963, 1.1579901725053787, 1.1366019397974014, 1.085808403789997, 1.1080729141831398, 1.0944369956851006, 1.1047925129532814, 1.1202835887670517, 1.142581194639206, 1.1787085235118866, 1.2549982145428658]","[1.0024716556072235, 1.0009523034095764, 1.0048627778887749, 1.0112194642424583, 0.9857633635401726, 0.9989855587482452, 1.0248140916228294, 1.0606659427285194, 1.0221139788627625, 0.9931100830435753, 1.0233694165945053, 1.0180814191699028, 1.046344354748726, 1.0056925863027573, 1.0566481724381447, 1.0177569836378098, 1.140255220234394, 1.197399154305458, 1.0575148090720177, 1.0317257568240166, 1.0217019468545914, 1.0466272979974747, 0.9958334118127823, 0.987501747906208, 1.018489733338356, 1.0642437785863876, 0.9766415134072304, 0.9864806309342384, 0.9743047505617142, 1.0178331062197685]",15774,15,6,15774,15,6,15774,15,6,1,0,0.0,0.0,0,False,0.0,0.0,1.13221999630332,0.0,0.0,0.0,0.0,0.0,0.0,0.0,0
gaussian_process,gaussian_process,log_hyperparameters,1,bucketed,bucketed_nuts,last_depth,64,128,3,,,8,,,squared_exponential,1,37,1e-05,16,0.2,8,,,0.9,1.1174133643507957,0.9109943510352206,1.0179572626948357,1.1174133643507957,0.9109943510352206,30,1.054306447505951,1.0950414054095745,1.1174133643507957,1.143632210791111,1.3455345258116722,"[1.1181181371212006, 1.148068368434906, 1.3455345258116722, 1.155926451086998, 1.0963151827454567, 1.0897981449961662, 1.1451170295476913, 1.1399015486240387, 1.1321974694728851, 1.1285613402724266, 1.1460698321461678, 1.1237767562270164, 1.095974363386631, 1.2323846146464348, 1.2140387818217278, 1.1119284331798553, 1.0949027463793755, 1.0623809546232224, 1.0580167695879936, 1.0812016874551773, 1.054306447505951, 1.0894465520977974, 1.1140633150935173, 1.1339490935206413, 1.1250866204500198, 1.116708591580391, 1.0986784026026726, 1.0655687674880028, 1.0954573825001717, 1.1448757648468018]","[1.0024716556072235, 1.0009523034095764, 1.0048627778887749, 1.0112194642424583, 0.9857633635401726, 0.9989855587482452, 1.0248140916228294, 1.0606659427285194, 1.0221139788627625, 0.9931100830435753, 1.0233694165945053, 1.0180814191699028, 1.046344354748726, 1.0056925863027573, 1.0566481724381447, 1.0177569836378098, 1.140255220234394, 1.197399154305458, 1.0575148090720177, 1.0317257568240166, 1.0217019468545914, 1.0466272979974747, 0.9958334118127823, 0.987501747906208, 1.018489733338356, 1.0642437785863876, 0.9766415134072304, 0.9864806309342384, 0.9743047505617142, 1.0178331062197685]",15774,15,6,15774,15,6,15774,15,6,2,0,0.0,0.0,0,False,0.0,0.0,1.1174133643507957,0.0,0.0,0.0,0.0,0.0,0.0,0.0,0
gaussian_process,gaussian_process,log_hyperparameters,1,bucketed,bucketed_nuts,last_depth,128,128,3,,,8,,,squared_exponential,1,37,1e-05,16,0.2,8,,,0.9,1.2232091464102268,0.8322021345918256,1.0179572626948357,1.2232091464102268,0.8322021345918256,30,1.0838246196508408,1.1619053035974503,1.2232091464102268,1.350239660590887,1.6469191312789917,"[1.213729314506054, 1.1647581681609154, 1.2707420587539673, 1.2238090932369232, 1.1410069167613983, 1.2006170004606247, 1.1605576872825623, 1.139030545949936, 1.3363938853144646, 1.3415401503443718, 1.6469191312789917, 1.4203312993049622, 1.528701663017273, 1.4412009716033936, 1.6187766939401627, 1.4400363564491272, 1.2479884028434753, 1.2273799180984497, 1.2765107452869415, 1.3616765215992928, 1.3531394973397255, 1.2226091995835304, 1.174628309905529, 1.190488301217556, 1.1734407469630241, 1.1609543487429619, 1.159210167825222, 1.0838246196508408, 1.0865191742777824, 1.093666099011898]","[1.0024716556072235, 1.0009523034095764, 1.0048627778887749, 1.0112194642424583, 0.9857633635401726, 0.9989855587482452, 1.0248140916228294, 1.0606659427285194, 1.0221139788627625, 0.9931100830435753, 1.0233694165945053, 1.0180814191699028, 1.046344354748726, 1.0056925863027573, 1.0566481724381447, 1.0177569836378098, 1.140255220234394, 1.197399154305458, 1.0575148090720177, 1.0317257568240166, 1.0217019468545914, 1.0466272979974747, 0.9958334118127823, 0.987501747906208, 1.018489733338356, 1.0642437785863876, 0.9766415134072304, 0.9864806309342384, 0.9743047505617142, 1.0178331062197685]",15774,15,6,15774,15,6,15774,15,6,1,0,0.0,0.0,0,False,0.0,0.0,1.2232091464102268,0.0,0.0,0.0,0.0,0.0,0.0,0.0,0
gaussian_process,gaussian_process,log_hyperparameters,2,monolithic,nuts_reference,monolithic,0,128,3,,,8,,,squared_exponential,1,37,1e-05,16,0.2,8,,,0.9,0.9886212646961212,1.0,0.9886212646961212,0.9886212646961212,1.0,30,0.9355316683650017,0.9686795882880688,0.9886212646961212,0.996187973767519,1.09120524674654,"[0.9944163635373116, 0.9875032678246498, 1.0008722022175789, 0.9355316683650017, 0.996945433318615, 0.9897392615675926, 1.02888423204422, 0.9685095399618149, 1.09120524674654, 0.9603529125452042, 0.9691897332668304, 0.9386114701628685, 0.965979129076004, 0.9448389634490013, 0.9901848956942558, 0.9824527874588966, 1.0268312320113182, 1.0112888291478157, 0.993781566619873, 0.996570996940136, 0.9931266084313393, 1.0036577433347702, 0.9806580170989037, 0.9524374157190323, 0.9864738434553146, 0.9722663015127182, 0.9943452253937721, 0.9518903344869614, 0.9776765927672386, 0.9950389042496681]","[0.9944163635373116, 0.9875032678246498, 1.0008722022175789, 0.9355316683650017, 0.996945433318615, 0.9897392615675926, 1.02888423204422, 0.9685095399618149, 1.09120524674654, 0.9603529125452042, 0.9691897332668304, 0.9386114701628685, 0.965979129076004, 0.9448389634490013, 0.9901848956942558, 0.9824527874588966, 1.0268312320113182, 1.0112888291478157, 0.993781566619873, 0.996570996940136, 0.9931266084313393, 1.0036577433347702, 0.9806580170989037, 0.9524374157190323, 0.9864738434553146, 0.9722663015127182, 0.9943452253937721, 0.9518903344869614, 0.9776765927672386, 0.9950389042496681]",15496,16,5,15496,16,5,15496,16,5,,0,0.0,0.0,0,False,0.0,0.0,0.9886212646961212,0.0,0.0,0.0,0.0,0.0,0.0,0.0,0
gaussian_process,gaussian_process,log_hyperparameters,2,bucketed,bucketed_nuts,history,64,128,3,,,8,,,squared_exponential,1,37,1e-05,16,0.2,8,,,0.9,1.097856093198061,0.9005016876267106,0.9886212646961212,1.097856093198061,0.9005016876267106,30,1.046501338481903,1.0759345162659883,1.097856093198061,1.120727512985468,1.2778017222881317,"[1.0628355890512466, 1.1061180904507637, 1.1304969489574432, 1.1225948333740234, 1.2680904865264893, 1.0940133109688759, 1.1099648550152779, 1.0635266825556755, 1.0762612596154213, 1.1317609548568726, 1.0897392556071281, 1.1151255518198013, 1.0546917170286179, 1.1271758079528809, 1.046501338481903, 1.21666768938303, 1.111126534640789, 1.0638405978679657, 1.1856746301054955, 1.2778017222881317, 1.1031015738844872, 1.0758256018161774, 1.0828941389918327, 1.0971725434064865, 1.0985396429896355, 1.1054422035813332, 1.0604694709181786, 1.0894083380699158, 1.0558875426650047, 1.0899429619312286]","[0.9944163635373116, 0.9875032678246498, 1.0008722022175789, 0.9355316683650017, 0.996945433318615, 0.9897392615675926, 1.02888423204422, 0.9685095399618149, 1.09120524674654, 0.9603529125452042, 0.9691897332668304, 0.9386114701628685, 0.965979129076004, 0.9448389634490013, 0.9901848956942558, 0.9824527874588966, 1.0268312320113182, 1.0112888291478157, 0.993781566619873, 0.996570996940136, 0.9931266084313393, 1.0036577433347702, 0.9806580170989037, 0.9524374157190323, 0.9864738434553146, 0.9722663015127182, 0.9943452253937721, 0.9518903344869614, 0.9776765927672386, 0.9950389042496681]",15496,16,5,15496,16,5,15496,16,5,2,0,0.0,0.0,0,False,0.0,0.0,1.097856093198061,0.0,0.0,0.0,0.0,0.0,0.0,0.0,0
gaussian_process,gaussian_process,log_hyperparameters,2,bucketed,bucketed_nuts,history,128,128,3,,,8,,,squared_exponential,1,37,1e-05,16,0.2,8,,,0.9,1.061069693416357,0.9317213287970072,0.9886212646961212,1.061069693416357,0.9317213287970072,30,1.0246008932590485,1.0507108587771654,1.061069693416357,1.087980305776,1.3116377741098404,"[1.1717433035373688, 1.1273884922266006, 1.093049556016922, 1.0420259833335876, 1.0246008932590485, 1.053114838898182, 1.0295821726322174, 1.0991830378770828, 1.0432435497641563, 1.046675980091095, 1.0550605729222298, 1.0670506209135056, 1.183862142264843, 1.0604872554540634, 1.0541216060519218, 1.0556049793958664, 1.0692608058452606, 1.3116377741098404, 1.1689361929893494, 1.0826108679175377, 1.0646736472845078, 1.0827720537781715, 1.04990953207016, 1.0658354312181473, 1.0597980618476868, 1.057892993092537, 1.0357362106442451, 1.0897163897752762, 1.0616521313786507, 1.0488413125276566]","[0.9944163635373116, 0.9875032678246498, 1.0008722022175789, 0.9355316683650017, 0.996945433318615, 0.9897392615675926, 1.02888423204422, 0.9685095399618149, 1.09120524674654, 0.9603529125452042, 0.9691897332668304, 0.9386114701628685, 0.965979129076004, 0.9448389634490013, 0.9901848956942558, 0.9824527874588966, 1.0268312320113182, 1.0112888291478157, 0.993781566619873, 0.996570996940136, 0.9931266084313393, 1.0036577433347702, 0.9806580170989037, 0.9524374157190323, 0.9864738434553146, 0.9722663015127182, 0.9943452253937721, 0.9518903344869614, 0.9776765927672386, 0.9950389042496681]",15496,16,5,15496,16,5,15496,16,5,1,0,0.0,0.0,0,False,0.0,0.0,1.061069693416357,0.0,0.0,0.0,0.0,0.0,0.0,0.0,0
gaussian_process,gaussian_process,log_hyperparameters,2,bucketed,bucketed_nuts,last_depth,64,128,3,,,8,,,squared_exponential,1,37,1e-05,16,0.2,8,,,0.9,1.0569001212716103,0.9353970586233453,0.9886212646961212,1.0569001212716103,0.9353970586233453,30,0.9925035759806633,1.0371918808668852,1.0569001212716103,1.0977871250361204,1.2156917303800583,"[1.0294398292899132, 1.0667397007346153, 1.083043910562992, 0.9925035759806633, 1.0536210462450981, 1.1041192263364792, 1.02620979398489, 1.0282490476965904, 1.00728540122509, 1.0392178371548653, 1.0718337148427963, 1.0601791962981224, 1.1398413702845573, 1.1647829338908195, 1.0941772684454918, 1.1512332409620285, 1.2156917303800583, 1.0371881052851677, 1.0372032076120377, 1.039278358221054, 1.0460262224078178, 1.0408192500472069, 1.064574919641018, 1.0201130956411362, 1.09899041056633, 1.08367021381855, 0.9980627968907356, 1.050462581217289, 1.2053068578243256, 1.1602804213762283]","[0.9944163635373116, 0.9875032678246498, 1.0008722022175789, 0.9355316683650017, 0.996945433318615, 0.9897392615675926, 1.02888423204422, 0.9685095399618149, 1.09120524674654, 0.9603529125452042, 0.9691897332668304, 0.9386114701628685, 0.965979129076004, 0.9448389634490013, 0.9901848956942558, 0.9824527874588966, 1.0268312320113182, 1.0112888291478157, 0.993781566619873, 0.996570996940136, 0.9931266084313393, 1.0036577433347702, 0.9806580170989037, 0.9524374157190323, 0.9864738434553146, 0.9722663015127182, 0.9943452253937721, 0.9518903344869614, 0.9776765927672386, 0.9950389042496681]",15496,16,5,15496,16,5,15496,16,5,2,0,0.0,0.0,0,False,0.0,0.0,1.0569001212716103,0.0,0.0,0.0,0.0,0.0,0.0,0.0,0
gaussian_process,gaussian_process,log_hyperparameters,2,bucketed,bucketed_nuts,last_depth,128,128,3,,,8,,,squared_exponential,1,37,1e-05,16,0.2,8,,,0.9,1.068706352263689,0.9250635243273936,0.9886212646961212,1.068706352263689,0.9250635243273936,30,1.0371040254831314,1.056374117732048,1.068706352263689,1.0881305988878012,1.1524833142757416,"[1.0976124554872513, 1.0875977501273155, 1.1120082587003708, 1.0656169727444649, 1.066711075603962, 1.0416812896728516, 1.0681962668895721, 1.0559849366545677, 1.0634745359420776, 1.052689254283905, 1.057541660964489, 1.074926070868969, 1.0374499931931496, 1.0630973130464554, 1.090342789888382, 1.069216437637806, 1.0703047141432762, 1.0807024016976357, 1.0821888968348503, 1.0371040254831314, 1.060347504913807, 1.0371876135468483, 1.0392603054642677, 1.0710188671946526, 1.090950459241867, 1.1524833142757416, 1.1338052079081535, 1.0883082151412964, 1.0464599877595901, 1.1002071499824524]","[0.9944163635373116, 0.9875032678246498, 1.0008722022175789, 0.9355316683650017, 0.996945433318615, 0.9897392615675926, 1.02888423204422, 0.9685095399618149, 1.09120524674654, 0.9603529125452042, 0.9691897332668304, 0.9386114701628685, 0.965979129076004, 0.9448389634490013, 0.9901848956942558, 0.9824527874588966, 1.0268312320113182, 1.0112888291478157, 0.993781566619873, 0.996570996940136, 0.9931266084313393, 1.0036577433347702, 0.9806580170989037, 0.9524374157190323, 0.9864738434553146, 0.9722663015127182, 0.9943452253937721, 0.9518903344869614, 0.9776765927672386, 0.9950389042496681]",15496,16,5,15496,16,5,15496,16,5,1,0,0.0,0.0,0,False,0.0,0.0,1.068706352263689,0.0,0.0,0.0,0.0,0.0,0.0,0.0,0
gaussian_process,gaussian_process,log_hyperparameters,3,monolithic,nuts_reference,monolithic,0,128,3,,,8,,,squared_exponential,1,37,1e-05,16,0.2,8,,,0.9,0.9888948053121567,1.0,0.9888948053121567,0.9888948053121567,1.0,30,0.9494200199842453,0.9706056714057922,0.9888948053121567,1.0076983235776424,1.0799382776021957,"[1.0799382776021957, 0.9663403481245041, 0.9834659621119499, 0.9631787985563278, 0.9628666937351227, 0.97714963555336, 1.0668164268136024, 1.0345672070980072, 0.9671496897935867, 1.0023108944296837, 1.024311438202858, 1.010884128510952, 1.004949115216732, 1.0086147263646126, 0.9850582033395767, 0.992967963218689, 0.9678468555212021, 0.9876273050904274, 0.990162305533886, 0.9494200199842453, 1.0018340647220612, 0.9823869243264198, 0.9677224159240723, 0.9814141765236855, 0.9688107073307037, 1.0024046897888184, 1.0105314329266548, 0.99136121571064, 1.0102181285619736, 0.9759905636310577]","[1.0799382776021957, 0.9663403481245041, 0.9834659621119499, 0.9631787985563278, 0.9628666937351227, 0.97714963555336, 1.0668164268136024, 1.0345672070980072, 0.9671496897935867, 1.0023108944296837, 1.024311438202858, 1.010884128510952, 1.004949115216732, 1.0086147263646126, 0.9850582033395767, 0.992967963218689, 0.9678468555212021, 0.9876273050904274, 0.990162305533886, 0.9494200199842453, 1.0018340647220612, 0.9823869243264198, 0.9677224159240723, 0.9814141765236855, 0.9688107073307037, 1.0024046897888184, 1.0105314329266548, 0.99136121571064, 1.0102181285619736, 0.9759905636310577]",15502,13,6,15502,13,6,15502,13,6,,0,0.0,0.0,0,False,0.0,0.0,0.9888948053121567,0.0,0.0,0.0,0.0,0.0,0.0,0.0,0
gaussian_process,gaussian_process,log_hyperparameters,3,bucketed,bucketed_nuts,history,64,128,3,,,8,,,squared_exponential,1,37,1e-05,16,0.2,8,,,0.9,1.0974693223834038,0.9010682896944646,0.9888948053121567,1.0974693223834038,0.9010682896944646,30,1.0316293016076088,1.0771784726530313,1.0974693223834038,1.1305223181843758,1.267999067902565,"[1.08912892639637, 1.0801752880215645, 1.097874440252781, 1.0970642045140266, 1.2445712238550186, 1.267999067902565, 1.0934500321745872, 1.1053552776575089, 1.040993832051754, 1.0928438603878021, 1.0996377915143967, 1.0857122838497162, 1.14020786434412, 1.109653003513813, 1.0936664566397667, 1.1264252215623856, 1.1318880170583725, 1.0316293016076088, 1.1145366802811623, 1.0743850842118263, 1.0743464156985283, 1.0761795341968536, 1.0680973678827286, 1.0610073804855347, 1.0661882683634758, 1.1708481684327126, 1.1387618482112885, 1.2065304666757584, 1.2044449001550674, 1.1089748814702034]","[1.0799382776021957, 0.9663403481245041, 0.9834659621119499, 0.9631787985563278, 0.9628666937351227, 0.97714963555336, 1.0668164268136024, 1.0345672070980072, 0.9671496897935867, 1.0023108944296837, 1.024311438202858, 1.010884128510952, 1.004949115216732, 1.0086147263646126, 0.9850582033395767, 0.992967963218689, 0.9678468555212021, 0.9876273050904274, 0.990162305533886, 0.9494200199842453, 1.0018340647220612, 0.9823869243264198, 0.9677224159240723, 0.9814141765236855, 0.9688107073307037, 1.0024046897888184, 1.0105314329266548, 0.99136121571064, 1.0102181285619736, 0.9759905636310577]",15502,13,6,15502,13,6,15502,13,6,2,0,0.0,0.0,0,False,0.0,0.0,1.0974693223834038,0.0,0.0,0.0,0.0,0.0,0.0,0.0,0
gaussian_process,gaussian_process,log_hyperparameters,3,bucketed,bucketed_nuts,history,128,128,3,,,8,,,squared_exponential,1,37,1e-05,16,0.2,8,,,0.9,1.1131711080670357,0.8883583109063274,0.9888948053121567,1.1131711080670357,0.8883583109063274,30,1.0541436076164246,1.09331638738513,1.1131711080670357,1.1357538923621178,1.2071690112352371,"[1.0851430296897888, 1.1299600526690483, 1.137408472597599, 1.1676674038171768, 1.1540613546967506, 1.1184301227331161, 1.2071690112352371, 1.0954651162028313, 1.0940683782100677, 1.0804759487509727, 1.1127715185284615, 1.1386844664812088, 1.0924559012055397, 1.11357069760561, 1.0541436076164246, 1.0930657237768173, 1.0945136472582817, 1.1065776199102402, 1.1196214333176613, 1.1494097113609314, 1.1830388605594635, 1.1584080681204796, 1.1120781525969505, 1.1057603359222412, 1.130790151655674, 1.085994303226471, 1.1218493431806564, 1.089747205376625, 1.1137098744511604, 1.0884336158633232]","[1.0799382776021957, 0.9663403481245041, 0.9834659621119499, 0.9631787985563278, 0.9628666937351227, 0.97714963555336, 1.0668164268136024, 1.0345672070980072, 0.9671496897935867, 1.0023108944296837, 1.024311438202858, 1.010884128510952, 1.004949115216732, 1.0086147263646126, 0.9850582033395767, 0.992967963218689, 0.9678468555212021, 0.9876273050904274, 0.990162305533886, 0.9494200199842453, 1.0018340647220612, 0.9823869243264198, 0.9677224159240723, 0.9814141765236855, 0.9688107073307037, 1.0024046897888184, 1.0105314329266548, 0.99136121571064, 1.0102181285619736, 0.9759905636310577]",15502,13,6,15502,13,6,15502,13,6,1,0,0.0,0.0,0,False,0.0,0.0,1.1131711080670357,0.0,0.0,0.0,0.0,0.0,0.0,0.0,0
gaussian_process,gaussian_process,log_hyperparameters,3,bucketed,bucketed_nuts,last_depth,64,128,3,,,8,,,squared_exponential,1,37,1e-05,16,0.2,8,,,0.9,1.129968922585249,0.8751522148500069,0.9888948053121567,1.129968922585249,0.8751522148500069,30,1.0572061836719513,1.1119674146175385,1.129968922585249,1.1756581701338291,1.2266900688409805,"[1.2266900688409805, 1.1276855319738388, 1.0697486251592636, 1.174987606704235, 1.1490537598729134, 1.1079487204551697, 1.1781842336058617, 1.1237286105751991, 1.125221498310566, 1.11032335460186, 1.0998220294713974, 1.2084181681275368, 1.1976817101240158, 1.1205364763736725, 1.1263834610581398, 1.1065733209252357, 1.2157317847013474, 1.1329814121127129, 1.1160577610135078, 1.1229534521698952, 1.17042475938797, 1.1376593634486198, 1.110603965818882, 1.0572061836719513, 1.0718403607606888, 1.132252313196659, 1.2047585025429726, 1.1552557349205017, 1.2064715027809143, 1.1758816912770271]","[1.0799382776021957, 0.9663403481245041, 0.9834659621119499, 0.9631787985563278, 0.9628666937351227, 0.97714963555336, 1.0668164268136024, 1.0345672070980072, 0.9671496897935867, 1.0023108944296837, 1.024311438202858, 1.010884128510952, 1.004949115216732, 1.0086147263646126, 0.9850582033395767, 0.992967963218689, 0.9678468555212021, 0.9876273050904274, 0.990162305533886, 0.9494200199842453, 1.0018340647220612, 0.9823869243264198, 0.9677224159240723, 0.9814141765236855, 0.9688107073307037, 1.0024046897888184, 1.0105314329266548, 0.99136121571064, 1.0102181285619736, 0.9759905636310577]",15502,13,6,15502,13,6,15502,13,6,2,0,0.0,0.0,0,False,0.0,0.0,1.129968922585249,0.0,0.0,0.0,0.0,0.0,0.0,0.0,0
gaussian_process,gaussian_process,log_hyperparameters,3,bucketed,bucketed_nuts,last_depth,128,128,3,,,8,,,squared_exponential,1,37,1e-05,16,0.2,8,,,0.9,1.1116691790521145,0.8895585340913709,0.9888948053121567,1.1116691790521145,0.8895585340913709,30,1.0570968389511108,1.0923586953431368,1.1116691790521145,1.136946054175496,1.1863606050610542,"[1.1834251284599304, 1.1245332285761833, 1.1369733437895775, 1.1605369448661804, 1.0855921059846878, 1.0790700316429138, 1.1863606050610542, 1.129947952926159, 1.149691879749298, 1.1634222567081451, 1.1167511492967606, 1.1556739136576653, 1.1238076612353325, 1.1128009408712387, 1.0687643811106682, 1.1384151354432106, 1.0849574506282806, 1.0844573676586151, 1.10785623639822, 1.1025243028998375, 1.113039679825306, 1.1040129885077477, 1.1004373356699944, 1.136864185333252, 1.0570968389511108, 1.1047281697392464, 1.1105374172329903, 1.1036349907517433, 1.0896658152341843, 1.0680184289813042]","[1.0799382776021957, 0.9663403481245041, 0.9834659621119499, 0.9631787985563278, 0.9628666937351227, 0.97714963555336, 1.0668164268136024, 1.0345672070980072, 0.9671496897935867, 1.0023108944296837, 1.024311438202858, 1.010884128510952, 1.004949115216732, 1.0086147263646126, 0.9850582033395767, 0.992967963218689, 0.9678468555212021, 0.9876273050904274, 0.990162305533886, 0.9494200199842453, 1.0018340647220612, 0.9823869243264198, 0.9677224159240723, 0.9814141765236855, 0.9688107073307037, 1.0024046897888184, 1.0105314329266548, 0.99136121571064, 1.0102181285619736, 0.9759905636310577]",15502,13,6,15502,13,6,15502,13,6,1,0,0.0,0.0,0,False,0.0,0.0,1.1116691790521145,0.0,0.0,0.0,0.0,0.0,0.0,0.0,0
gaussian_process,gaussian_process,log_hyperparameters,4,monolithic,nuts_reference,monolithic,0,128,3,,,8,,,squared_exponential,1,37,1e-05,16,0.2,8,,,0.9,1.0129176750779152,1.0,1.0129176750779152,1.0129176750779152,1.0,30,0.9547932967543602,0.9963842015713453,1.0129176750779152,1.0480143148452044,1.2142667174339294,"[0.9963644668459892, 1.0172536745667458, 0.9547932967543602, 1.0487087219953537, 1.1576965153217316, 0.9701367095112801, 0.9674769416451454, 1.0496658682823181, 1.0085816755890846, 0.9837857931852341, 0.9998708292841911, 1.0069010555744171, 1.0185328498482704, 0.9964434057474136, 0.9754552617669106, 0.9949191957712173, 0.987916000187397, 1.0459310933947563, 0.9980600997805595, 0.9985860884189606, 1.0348288714885712, 1.0910087674856186, 1.1913154572248459, 1.0416960269212723, 1.0532838925719261, 1.2142667174339294, 1.1621259078383446, 0.9989685788750648, 1.0395177230238914, 1.0209865868091583]","[0.9963644668459892, 1.0172536745667458, 0.9547932967543602, 1.0487087219953537, 1.1576965153217316, 0.9701367095112801, 0.9674769416451454, 1.0496658682823181, 1.0085816755890846, 0.9837857931852341, 0.9998708292841911, 1.0069010555744171, 1.0185328498482704, 0.9964434057474136, 0.9754552617669106, 0.9949191957712173, 0.987916000187397, 1.0459310933947563, 0.9980600997805595, 0.9985860884189606, 1.0348288714885712, 1.0910087674856186, 1.1913154572248459, 1.0416960269212723, 1.0532838925719261, 1.2142667174339294, 1.1621259078383446, 0.9989685788750648, 1.0395177230238914, 1.0209865868091583]",15633,6,6,15633,6,6,15633,6,6,,0,0.0,0.0,0,False,0.0,0.0,1.0129176750779152,0.0,0.0,0.0,0.0,0.0,0.0,0.0,0
gaussian_process,gaussian_process,log_hyperparameters,4,bucketed,bucketed_nuts,history,64,128,3,,,8,,,squared_exponential,1,37,1e-05,16,0.2,8,,,0.9,1.0835142582654953,0.9348448046262058,1.0129176750779152,1.0835142582654953,0.9348448046262058,30,1.0448022559285164,1.0688454322516918,1.0835142582654953,1.1106780990958214,1.1674073711037636,"[1.1133225187659264, 1.1173056215047836, 1.054476611316204, 1.0834949687123299, 1.1241620182991028, 1.1051158905029297, 1.0820931941270828, 1.0843621790409088, 1.0681555792689323, 1.0826371535658836, 1.06141646951437, 1.0953841730952263, 1.1125321686267853, 1.147823266685009, 1.0719031319022179, 1.1260972321033478, 1.0709149911999702, 1.085581585764885, 1.1335886791348457, 1.1674073711037636, 1.0936732068657875, 1.0680618062615395, 1.0677568465471268, 1.0577396973967552, 1.0775797069072723, 1.0448022559285164, 1.0546719655394554, 1.0835335478186607, 1.0925872474908829, 1.0743644312024117]","[0.9963644668459892, 1.0172536745667458, 0.9547932967543602, 1.0487087219953537, 1.1576965153217316, 0.9701367095112801, 0.9674769416451454, 1.0496658682823181, 1.0085816755890846, 0.9837857931852341, 0.9998708292841911, 1.0069010555744171, 1.0185328498482704, 0.9964434057474136, 0.9754552617669106, 0.9949191957712173, 0.987916000187397, 1.0459310933947563, 0.9980600997805595, 0.9985860884189606, 1.0348288714885712, 1.0910087674856186, 1.1913154572248459, 1.0416960269212723, 1.0532838925719261, 1.2142667174339294, 1.1621259078383446, 0.9989685788750648, 1.0395177230238914, 1.0209865868091583]",15633,6,6,15633,6,6,15633,6,6,2,0,0.0,0.0,0,False,0.0,0.0,1.0835142582654953,0.0,0.0,0.0,0.0,0.0,0.0,0.0,0
gaussian_process,gaussian_process,log_hyperparameters,4,bucketed,bucketed_nuts,history,128,128,3,,,8,,,squared_exponential,1,37,1e-05,16,0.2,8,,,0.9,1.083747074007988,0.9346439767831376,1.0129176750779152,1.083747074007988,0.9346439767831376,30,1.0495332181453705,1.0732385870069265,1.083747074007988,1.1276457756757736,1.265473410487175,"[1.0539786368608475, 1.0855312645435333, 1.067572444677353, 1.0547772347927094, 1.265473410487175, 1.0730874463915825, 1.067891776561737, 1.14772280305624, 1.081923596560955, 1.075817584991455, 1.1161580234766006, 1.0954389423131943, 1.126641534268856, 1.2011095583438873, 1.1160437017679214, 1.1569423601031303, 1.2122028544545174, 1.2609306648373604, 1.1843676939606667, 1.0771583020687103, 1.0743591710925102, 1.1184769496321678, 1.0736920088529587, 1.0833870768547058, 1.0841070711612701, 1.0495332181453705, 1.0660911574959755, 1.0781832411885262, 1.1279805228114128, 1.0682672187685966]","[0.9963644668459892, 1.0172536745667458, 0.9547932967543602, 1.0487087219953537, 1.1576965153217316, 0.9701367095112801, 0.9674769416451454, 1.0496658682823181, 1.0085816755890846, 0.9837857931852341, 0.9998708292841911, 1.0069010555744171, 1.0185328498482704, 0.9964434057474136, 0.9754552617669106, 0.9949191957712173, 0.987916000187397, 1.0459310933947563, 0.9980600997805595, 0.9985860884189606, 1.0348288714885712, 1.0910087674856186, 1.1913154572248459, 1.0416960269212723, 1.0532838925719261, 1.2142667174339294, 1.1621259078383446, 0.9989685788750648, 1.0395177230238914, 1.0209865868091583]",15633,6,6,15633,6,6,15633,6,6,1,0,0.0,0.0,0,False,0.0,0.0,1.083747074007988,0.0,0.0,0.0,0.0,0.0,0.0,0.0,0
gaussian_process,gaussian_process,log_hyperparameters,4,bucketed,bucketed_nuts,last_depth,64,128,3,,,8,,,squared_exponential,1,37,1e-05,16,0.2,8,,,0.9,1.072637390345335,0.9443244140051904,1.0129176750779152,1.072637390345335,0.9443244140051904,30,1.022286519408226,1.0541931223124266,1.072637390345335,1.088749561458826,1.22366551309824,"[1.0644824504852295, 1.0290616303682327, 1.0852694138884544, 1.0557280778884888, 1.0707898065447807, 1.022286519408226, 1.0533473491668701, 1.0536814704537392, 1.1181466057896614, 1.0842651650309563, 1.0562769398093224, 1.0355332717299461, 1.0744849741458893, 1.0889670178294182, 1.0824040845036507, 1.0605496913194656, 1.0880971923470497, 1.0646701008081436, 1.22366551309824, 1.083065927028656, 1.0300515443086624, 1.1075453162193298, 1.1502946615219116, 1.0445036813616753, 1.0770283117890358, 1.0524063929915428, 1.1305995658040047, 1.063683696091175, 1.097779057919979, 1.096302941441536]","[0.9963644668459892, 1.0172536745667458, 0.9547932967543602, 1.0487087219953537, 1.1576965153217316, 0.9701367095112801, 0.9674769416451454, 1.0496658682823181, 1.0085816755890846, 0.9837857931852341, 0.9998708292841911, 1.0069010555744171, 1.0185328498482704, 0.9964434057474136, 0.9754552617669106, 0.9949191957712173, 0.987916000187397, 1.0459310933947563, 0.9980600997805595, 0.9985860884189606, 1.0348288714885712, 1.0910087674856186, 1.1913154572248459, 1.0416960269212723, 1.0532838925719261, 1.2142667174339294, 1.1621259078383446, 0.9989685788750648, 1.0395177230238914, 1.0209865868091583]",15633,6,6,15633,6,6,15633,6,6,2,0,0.0,0.0,0,False,0.0,0.0,1.072637390345335,0.0,0.0,0.0,0.0,0.0,0.0,0.0,0
gaussian_process,gaussian_process,log_hyperparameters,4,bucketed,bucketed_nuts,last_depth,128,128,3,,,8,,,squared_exponential,1,37,1e-05,16,0.2,8,,,0.9,1.1169354245066643,0.9068721905076184,1.0129176750779152,1.1169354245066643,0.9068721905076184,30,1.046594925224781,1.087306434288621,1.1169354245066643,1.1457594856619835,1.3054548054933548,"[1.1329733058810234, 1.113280825316906, 1.0866727903485298, 1.0751482620835304, 1.0578133165836334, 1.1476280763745308, 1.0753454938530922, 1.2166416645050049, 1.046594925224781, 1.121905080974102, 1.188820205628872, 1.3054548054933548, 1.177332915365696, 1.1208435967564583, 1.1134112998843193, 1.1015751212835312, 1.1737256944179535, 1.0863985419273376, 1.1204595491290092, 1.1602224856615067, 1.1027190014719963, 1.1003936380147934, 1.0741331428289413, 1.1671753376722336, 1.0852845162153244, 1.1222841367125511, 1.1088402643799782, 1.1260919198393822, 1.1401537135243416, 1.0892073661088943]","[0.9963644668459892, 1.0172536745667458, 0.9547932967543602, 1.0487087219953537, 1.1576965153217316, 0.9701367095112801, 0.9674769416451454, 1.0496658682823181, 1.0085816755890846, 0.9837857931852341, 0.9998708292841911, 1.0069010555744171, 1.0185328498482704, 0.9964434057474136, 0.9754552617669106, 0.9949191957712173, 0.987916000187397, 1.0459310933947563, 0.9980600997805595, 0.9985860884189606, 1.0348288714885712, 1.0910087674856186, 1.1913154572248459, 1.0416960269212723, 1.0532838925719261, 1.2142667174339294, 1.1621259078383446, 0.9989685788750648, 1.0395177230238914, 1.0209865868091583]",15633,6,6,15633,6,6,15633,6,6,1,0,0.0,0.0,0,False,0.0,0.0,1.1169354245066643,0.0,0.0,0.0,0.0,0.0,0.0,0.0,0
gaussian_process,gaussian_process,log_hyperparameters,0,monolithic,nuts_reference,monolithic,0,256,3,,,8,,,squared_exponential,1,37,1e-05,16,0.2,8,,,0.9,1.90786711871624,1.0,1.90786711871624,1.90786711871624,1.0,30,1.7728436961770058,1.8665453419089317,1.90786711871624,1.939666798338294,9.126492939889431,"[9.126492939889431, 1.9902471229434013, 1.9054873883724213, 1.8828643411397934, 1.8847914040088654, 1.9240939691662788, 1.8391163721680641, 1.813846230506897, 1.8822108432650566, 1.9085171297192574, 1.8754641562700272, 1.9044562056660652, 1.9725330024957657, 1.8392161279916763, 1.8635724037885666, 1.922977477312088, 2.058614082634449, 1.9708775505423546, 1.9548619464039803, 1.941523291170597, 1.7921688929200172, 1.8493175581097603, 1.7728436961770058, 1.7979382649064064, 1.922782450914383, 1.9072171077132225, 1.9646812602877617, 1.9329685494303703, 1.9190692752599716, 1.9340973198413849]","[9.126492939889431, 1.9902471229434013, 1.9054873883724213, 1.8828643411397934, 1.8847914040088654, 1.9240939691662788, 1.8391163721680641, 1.813846230506897, 1.8822108432650566, 1.9085171297192574, 1.8754641562700272, 1.9044562056660652, 1.9725330024957657, 1.8392161279916763, 1.8635724037885666, 1.922977477312088, 2.058614082634449, 1.9708775505423546, 1.9548619464039803, 1.941523291170597, 1.7921688929200172, 1.8493175581097603, 1.7728436961770058, 1.7979382649064064, 1.922782450914383, 1.9072171077132225, 1.9646812602877617, 1.9329685494303703, 1.9190692752599716, 1.9340973198413849]",31621,19,6,31621,19,6,31621,19,6,,0,0.0,0.0,0,False,0.0,0.0,1.90786711871624,0.0,0.0,0.0,0.0,0.0,0.0,0.0,0
gaussian_process,gaussian_process,log_hyperparameters,0,bucketed,bucketed_nuts,history,64,256,3,,,8,,,squared_exponential,1,37,1e-05,16,0.2,8,,,0.9,2.057513926178217,0.9272681435794982,1.90786711871624,2.057513926178217,0.9272681435794982,30,1.970998652279377,2.0157200694084167,2.057513926178217,2.125182708725333,5.776445910334587,"[5.776445910334587, 1.970998652279377, 1.992076650261879, 1.9794332385063171, 1.9981748089194298, 2.0211522802710533, 2.013285703957081, 2.04322549700737, 2.0669207647442818, 2.258040636777878, 2.2047927901148796, 2.1110500544309616, 2.1298935934901237, 2.000319316983223, 2.1419687643647194, 2.1497106328606606, 2.020089477300644, 2.2110345140099525, 2.0798649191856384, 2.172742374241352, 2.0690116956830025, 2.0777134746313095, 2.0283891037106514, 2.01508379727602, 2.048107087612152, 2.091910697519779, 2.044862739741802, 1.9977296814322472, 2.017628885805607, 2.0736987590789795]","[9.126492939889431, 1.9902471229434013, 1.9054873883724213, 1.8828643411397934, 1.8847914040088654, 1.9240939691662788, 1.8391163721680641, 1.813846230506897, 1.8822108432650566, 1.9085171297192574, 1.8754641562700272, 1.9044562056660652, 1.9725330024957657, 1.8392161279916763, 1.8635724037885666, 1.922977477312088, 2.058614082634449, 1.9708775505423546, 1.9548619464039803, 1.941523291170597, 1.7921688929200172, 1.8493175581097603, 1.7728436961770058, 1.7979382649064064, 1.922782450914383, 1.9072171077132225, 1.9646812602877617, 1.9329685494303703, 1.9190692752599716, 1.9340973198413849]",31621,19,6,31621,19,6,31621,19,6,4,0,0.0,0.0,0,False,0.0,0.0,2.057513926178217,0.0,0.0,0.0,0.0,0.0,0.0,0.0,0
gaussian_process,gaussian_process,log_hyperparameters,0,bucketed,bucketed_nuts,history,128,256,3,,,8,,,squared_exponential,1,37,1e-05,16,0.2,8,,,0.9,2.042626228183508,0.9340265450389774,1.90786711871624,2.042626228183508,0.9340265450389774,30,1.9101543724536896,1.9838246311992407,2.042626228183508,2.104260379448533,5.383377403020859,"[5.383377403020859, 2.08880365639925, 2.0737718418240547, 2.0359500721096992, 2.0350335463881493, 2.10381880402565, 2.1474922224879265, 2.041327305138111, 2.0439251512289047, 2.1044075712561607, 2.083868660032749, 2.1485872641205788, 2.294505722820759, 2.0468794777989388, 2.151328928768635, 2.2818883061408997, 2.090449444949627, 1.980771355330944, 1.966685488820076, 1.979168064892292, 1.9101543724536896, 1.963287577033043, 1.975391797721386, 2.11544468998909, 2.0275344476103783, 2.032992295920849, 2.008707568049431, 1.9613976180553436, 1.982245683670044, 1.988561473786831]","[9.126492939889431, 1.9902471229434013, 1.9054873883724213, 1.8828643411397934, 1.8847914040088654, 1.9240939691662788, 1.8391163721680641, 1.813846230506897, 1.8822108432650566, 1.9085171297192574, 1.8754641562700272, 1.9044562056660652, 1.9725330024957657, 1.8392161279916763, 1.8635724037885666, 1.922977477312088, 2.058614082634449, 1.9708775505423546, 1.9548619464039803, 1.941523291170597, 1.7921688929200172, 1.8493175581097603, 1.7728436961770058, 1.7979382649064064, 1.922782450914383, 1.9072171077132225, 1.9646812602877617, 1.9329685494303703, 1.9190692752599716, 1.9340973198413849]",31621,19,6,31621,19,6,31621,19,6,2,0,0.0,0.0,0,False,0.0,0.0,2.042626228183508,0.0,0.0,0.0,0.0,0.0,0.0,0.0,0
gaussian_process,gaussian_process,log_hyperparameters,0,bucketed,bucketed_nuts,last_depth,64,256,3,,,8,,,squared_exponential,1,37,1e-05,16,0.2,8,,,0.9,2.014744780957699,0.9469522575506287,1.90786711871624,2.014744780957699,0.9469522575506287,30,1.9436408951878548,1.9870488941669464,2.014744780957699,2.0604668147861958,2.2558935657143593,"[2.0295316204428673, 1.9952536076307297, 2.0193634033203125, 1.9436408951878548, 1.9811914190649986, 2.031470999121666, 1.963166318833828, 1.9901786893606186, 2.2558935657143593, 2.0899697095155716, 2.009742595255375, 2.1586813405156136, 2.0740909576416016, 1.9896939098834991, 1.956563577055931, 1.9722822681069374, 1.9919663816690445, 2.088062420487404, 2.068471074104309, 2.030706077814102, 1.9746375158429146, 2.0262928158044815, 1.9861672222614288, 1.9704636111855507, 2.0272533744573593, 2.010126158595085, 1.9939888045191765, 2.08135949075222, 2.108693338930607, 2.0364540368318558]","[9.126492939889431, 1.9902471229434013, 1.9054873883724213, 1.8828643411397934, 1.8847914040088654, 1.9240939691662788, 1.8391163721680641, 1.813846230506897, 1.8822108432650566, 1.9085171297192574, 1.8754641562700272, 1.9044562056660652, 1.9725330024957657, 1.8392161279916763, 1.8635724037885666, 1.922977477312088, 2.058614082634449, 1.9708775505423546, 1.9548619464039803, 1.941523291170597, 1.7921688929200172, 1.8493175581097603, 1.7728436961770058, 1.7979382649064064, 1.922782450914383, 1.9072171077132225, 1.9646812602877617, 1.9329685494303703, 1.9190692752599716, 1.9340973198413849]",31621,19,6,31621,19,6,31621,19,6,4,0,0.0,0.0,0,False,0.0,0.0,2.014744780957699,0.0,0.0,0.0,0.0,0.0,0.0,0.0,0
gaussian_process,gaussian_process,log_hyperparameters,0,bucketed,bucketed_nuts,last_depth,128,256,3,,,8,,,squared_exponential,1,37,1e-05,16,0.2,8,,,0.9,2.013462245464325,0.9475554473465015,1.90786711871624,2.013462245464325,0.9475554473465015,30,1.8824382722377777,1.9264828525483608,2.013462245464325,2.1004495192319155,2.734328977763653,"[2.0599611550569534, 1.959794320166111, 2.0532832592725754, 2.0044496431946754, 2.026570573449135, 1.9563530832529068, 1.970867857336998, 2.368520863354206, 2.734328977763653, 2.47576867043972, 2.665547288954258, 2.6392461508512497, 2.0289361402392387, 1.8824382722377777, 1.9165212884545326, 1.9091413170099258, 1.9044890850782394, 1.9262128472328186, 1.8928805515170097, 1.9225331917405128, 2.0234669893980026, 1.9482252448797226, 1.950715072453022, 2.1139456406235695, 2.1686361730098724, 2.0474276542663574, 2.0224748477339745, 2.135459966957569, 1.9272928684949875, 1.9150319620966911]","[9.126492939889431, 1.9902471229434013, 1.9054873883724213, 1.8828643411397934, 1.8847914040088654, 1.9240939691662788, 1.8391163721680641, 1.813846230506897, 1.8822108432650566, 1.9085171297192574, 1.8754641562700272, 1.9044562056660652, 1.9725330024957657, 1.8392161279916763, 1.8635724037885666, 1.922977477312088, 2.058614082634449, 1.9708775505423546, 1.9548619464039803, 1.941523291170597, 1.7921688929200172, 1.8493175581097603, 1.7728436961770058, 1.7979382649064064, 1.922782450914383, 1.9072171077132225, 1.9646812602877617, 1.9329685494303703, 1.9190692752599716, 1.9340973198413849]",31621,19,6,31621,19,6,31621,19,6,2,0,0.0,0.0,0,False,0.0,0.0,2.013462245464325,0.0,0.0,0.0,0.0,0.0,0.0,0.0,0
gaussian_process,gaussian_process,log_hyperparameters,1,monolithic,nuts_reference,monolithic,0,256,3,,,8,,,squared_exponential,1,37,1e-05,16,0.2,8,,,0.9,2.0201174691319466,1.0,2.0201174691319466,2.0201174691319466,1.0,30,1.9520946070551872,1.9840582199394703,2.0201174691319466,2.0698418486863375,2.456777125597,"[1.9858658164739609, 1.9596087709069252, 1.9834556877613068, 2.0323225557804108, 2.0291160941123962, 1.9765225946903229, 1.9730518087744713, 2.1241530999541283, 2.0044229477643967, 1.958375871181488, 2.1659407317638397, 2.456777125597, 2.3533785566687584, 2.264726437628269, 2.0228026658296585, 2.068596102297306, 2.014870785176754, 2.1512745320796967, 2.072793833911419, 2.0702570974826813, 1.9825810492038727, 2.0194207280874252, 1.9895264953374863, 1.990860678255558, 2.0382877364754677, 1.9520946070551872, 2.019889585673809, 1.9793003425002098, 2.020345352590084, 2.0668560042977333]","[1.9858658164739609, 1.9596087709069252, 1.9834556877613068, 2.0323225557804108, 2.0291160941123962, 1.9765225946903229, 1.9730518087744713, 2.1241530999541283, 2.0044229477643967, 1.958375871181488, 2.1659407317638397, 2.456777125597, 2.3533785566687584, 2.264726437628269, 2.0228026658296585, 2.068596102297306, 2.014870785176754, 2.1512745320796967, 2.072793833911419, 2.0702570974826813, 1.9825810492038727, 2.0194207280874252, 1.9895264953374863, 1.990860678255558, 2.0382877364754677, 1.9520946070551872, 2.019889585673809, 1.9793003425002098, 2.020345352590084, 2.0668560042977333]",30968,35,6,30968,35,6,30968,35,6,,0,0.0,0.0,0,False,0.0,0.0,2.0201174691319466,0.0,0.0,0.0,0.0,0.0,0.0,0.0,0
gaussian_process,gaussian_process,log_hyperparameters,1,bucketed,bucketed_nuts,history,64,256,3,,,8,,,squared_exponential,1,37,1e-05,16,0.2,8,,,0.9,2.0500135719776154,0.9854166317460872,2.0201174691319466,2.0500135719776154,0.9854166317460872,30,1.9432821571826935,2.0080954004079103,2.0500135719776154,2.0983028318732977,2.1747826859354973,"[2.0538666397333145, 2.0586301162838936, 2.0256126448512077, 2.0371046140789986, 1.9789867252111435, 1.9432821571826935, 2.131519563496113, 2.1398904994130135, 2.1415020376443863, 2.1747826859354973, 2.1002179607748985, 2.0485378950834274, 2.1283064857125282, 2.0608021169900894, 2.0255532637238503, 2.0585102140903473, 1.9890104234218597, 2.0514892488718033, 2.092557445168495, 2.102444499731064, 2.0263638496398926, 2.0064021348953247, 1.997028537094593, 2.0554621666669846, 1.9719507917761803, 2.1213565543293953, 2.003862604498863, 2.0448848828673363, 2.0131751969456673, 1.991971805691719]","[1.9858658164739609, 1.9596087709069252, 1.9834556877613068, 2.0323225557804108, 2.0291160941123962, 1.9765225946903229, 1.9730518087744713, 2.1241530999541283, 2.0044229477643967, 1.958375871181488, 2.1659407317638397, 2.456777125597, 2.3533785566687584, 2.264726437628269, 2.0228026658296585, 2.068596102297306, 2.014870785176754, 2.1512745320796967, 2.072793833911419, 2.0702570974826813, 1.9825810492038727, 2.0194207280874252, 1.9895264953374863, 1.990860678255558, 2.0382877364754677, 1.9520946070551872, 2.019889585673809, 1.9793003425002098, 2.020345352590084, 2.0668560042977333]",30968,35,6,30968,35,6,30968,35,6,4,0,0.0,0.0,0,False,0.0,0.0,2.0500135719776154,0.0,0.0,0.0,0.0,0.0,0.0,0.0,0
gaussian_process,gaussian_process,log_hyperparameters,1,bucketed,bucketed_nuts,history,128,256,3,,,8,,,squared_exponential,1,37,1e-05,16,0.2,8,,,0.9,2.0787973776459694,0.9717721846558841,2.0201174691319466,2.0787973776459694,0.9717721846558841,30,1.9676299318671227,2.0285040345042944,2.0787973776459694,2.1159853506833315,2.3929302990436554,"[2.1112745478749275, 2.12151862680912, 2.136568859219551, 2.0884608030319214, 2.035147100687027, 2.064333751797676, 2.1227836832404137, 2.114081971347332, 2.1703456342220306, 2.1013198867440224, 2.0618415772914886, 2.0691339522600174, 2.016869142651558, 2.007609687745571, 2.0509438142180443, 2.107309341430664, 2.0240560472011566, 1.9676299318671227, 2.0260796919465065, 2.092042565345764, 2.1484059914946556, 1.9723621606826782, 2.02628967911005, 2.066841207444668, 2.116619810461998, 2.0046184808015823, 2.050881065428257, 2.091089867055416, 2.165164291858673, 2.3929302990436554]","[1.9858658164739609, 1.9596087709069252, 1.9834556877613068, 2.0323225557804108, 2.0291160941123962, 1.9765225946903229, 1.9730518087744713, 2.1241530999541283, 2.0044229477643967, 1.958375871181488, 2.1659407317638397, 2.456777125597, 2.3533785566687584, 2.264726437628269, 2.0228026658296585, 2.068596102297306, 2.014870785176754, 2.1512745320796967, 2.072793833911419, 2.0702570974826813, 1.9825810492038727, 2.0194207280874252, 1.9895264953374863, 1.990860678255558, 2.0382877364754677, 1.9520946070551872, 2.019889585673809, 1.9793003425002098, 2.020345352590084, 2.0668560042977333]",30968,35,6,30968,35,6,30968,35,6,2,0,0.0,0.0,0,False,0.0,0.0,2.0787973776459694,0.0,0.0,0.0,0.0,0.0,0.0,0.0,0
gaussian_process,gaussian_process,log_hyperparameters,1,bucketed,bucketed_nuts,last_depth,64,256,3,,,8,,,squared_exponential,1,37,1e-05,16,0.2,8,,,0.9,2.0833015218377113,0.9696711915949501,2.0201174691319466,2.0833015218377113,0.9696711915949501,30,1.9911449626088142,2.0437022857367992,2.0833015218377113,2.110740212723613,2.267868310213089,"[2.0848566740751266, 2.162329465150833, 2.110795594751835, 2.0447875633835793, 2.103007435798645, 2.0064615085721016, 2.0546279549598694, 2.1099420562386513, 2.0930543318390846, 2.0907774344086647, 2.147787354886532, 2.0079755783081055, 2.1105740666389465, 2.0444220453500748, 2.064555637538433, 2.0326089709997177, 2.0587373450398445, 1.9911449626088142, 2.0434623658657074, 2.1261763498187065, 2.105115033686161, 2.1438563242554665, 2.025772660970688, 2.171694003045559, 2.267868310213089, 2.1279079243540764, 2.042848624289036, 2.0241693407297134, 2.081746369600296, 2.0446450263261795]","[1.9858658164739609, 1.9596087709069252, 1.9834556877613068, 2.0323225557804108, 2.0291160941123962, 1.9765225946903229, 1.9730518087744713, 2.1241530999541283, 2.0044229477643967, 1.958375871181488, 2.1659407317638397, 2.456777125597, 2.3533785566687584, 2.264726437628269, 2.0228026658296585, 2.068596102297306, 2.014870785176754, 2.1512745320796967, 2.072793833911419, 2.0702570974826813, 1.9825810492038727, 2.0194207280874252, 1.9895264953374863, 1.990860678255558, 2.0382877364754677, 1.9520946070551872, 2.019889585673809, 1.9793003425002098, 2.020345352590084, 2.0668560042977333]",30968,35,6,30968,35,6,30968,35,6,4,0,0.0,0.0,0,False,0.0,0.0,2.0833015218377113,0.0,0.0,0.0,0.0,0.0,0.0,0.0,0
gaussian_process,gaussian_process,log_hyperparameters,1,bucketed,bucketed_nuts,last_depth,128,256,3,,,8,,,squared_exponential,1,37,1e-05,16,0.2,8,,,0.9,2.1117588728666306,0.9566042293406897,2.0201174691319466,2.1117588728666306,0.9566042293406897,30,2.0336023345589638,2.077490098774433,2.1117588728666306,2.148177707567811,2.2358623892068863,"[2.1734517961740494, 2.050117000937462, 2.0904513150453568, 2.041191980242729, 2.201749064028263, 2.11824369430542, 2.1862448900938034, 2.1238317042589188, 2.0398003980517387, 2.1137000620365143, 2.0391846373677254, 2.073487713932991, 2.151757039129734, 2.159083813428879, 2.163101799786091, 2.0830942168831825, 2.0767898857593536, 2.121407024562359, 2.0942822992801666, 2.0745209604501724, 2.1268577352166176, 2.109817683696747, 2.0795907378196716, 2.0336023345589638, 2.090560622513294, 2.137439712882042, 2.191158503293991, 2.091838851571083, 2.2358623892068863, 2.114130698144436]","[1.9858658164739609, 1.9596087709069252, 1.9834556877613068, 2.0323225557804108, 2.0291160941123962, 1.9765225946903229, 1.9730518087744713, 2.1241530999541283, 2.0044229477643967, 1.958375871181488, 2.1659407317638397, 2.456777125597, 2.3533785566687584, 2.264726437628269, 2.0228026658296585, 2.068596102297306, 2.014870785176754, 2.1512745320796967, 2.072793833911419, 2.0702570974826813, 1.9825810492038727, 2.0194207280874252, 1.9895264953374863, 1.990860678255558, 2.0382877364754677, 1.9520946070551872, 2.019889585673809, 1.9793003425002098, 2.020345352590084, 2.0668560042977333]",30968,35,6,30968,35,6,30968,35,6,2,0,0.0,0.0,0,False,0.0,0.0,2.1117588728666306,0.0,0.0,0.0,0.0,0.0,0.0,0.0,0
gaussian_process,gaussian_process,log_hyperparameters,2,monolithic,nuts_reference,monolithic,0,256,3,,,8,,,squared_exponential,1,37,1e-05,16,0.2,8,,,0.9,1.9813217334449291,1.0,1.9813217334449291,1.9813217334449291,1.0,30,1.8596775010228157,1.9327630586922169,1.9813217334449291,2.0469544660300016,2.305178627371788,"[1.9195547103881836, 1.9010653495788574, 1.9198370799422264, 2.0474114045500755, 2.130723848938942, 1.9812315627932549, 1.9814119040966034, 2.0089828446507454, 2.305178627371788, 2.1025552079081535, 2.1647388264536858, 1.9101088345050812, 1.8854558542370796, 1.9316626116633415, 1.9466298297047615, 1.8596775010228157, 1.936064399778843, 2.0718577802181244, 1.9754417836666107, 1.9949709326028824, 1.9616124406456947, 1.9557304754853249, 2.0455202385783195, 2.037118524312973, 1.97435761988163, 2.04558365046978, 2.05302944034338, 1.9307732060551643, 2.2534009739756584, 1.9828071594238281]","[1.9195547103881836, 1.9010653495788574, 1.9198370799422264, 2.0474114045500755, 2.130723848938942, 1.9812315627932549, 1.9814119040966034, 2.0089828446507454, 2.305178627371788, 2.1025552079081535, 2.1647388264536858, 1.9101088345050812, 1.8854558542370796, 1.9316626116633415, 1.9466298297047615, 1.8596775010228157, 1.936064399778843, 2.0718577802181244, 1.9754417836666107, 1.9949709326028824, 1.9616124406456947, 1.9557304754853249, 2.0455202385783195, 2.037118524312973, 1.97435761988163, 2.04558365046978, 2.05302944034338, 1.9307732060551643, 2.2534009739756584, 1.9828071594238281]",31418,40,6,31418,40,6,31418,40,6,,0,0.0,0.0,0,False,0.0,0.0,1.9813217334449291,0.0,0.0,0.0,0.0,0.0,0.0,0.0,0
gaussian_process,gaussian_process,log_hyperparameters,2,bucketed,bucketed_nuts,history,64,256,3,,,8,,,squared_exponential,1,37,1e-05,16,0.2,8,,,0.9,2.1036934703588486,0.9418300533617927,1.9813217334449291,2.1036934703588486,0.9418300533617927,30,2.0068620145320892,2.0683498084545135,2.1036934703588486,2.1681341100484133,2.3182724192738533,"[2.2473350912332535, 2.0977121889591217, 2.095703348517418, 2.192301906645298, 2.1694993674755096, 2.241729311645031, 2.080061301589012, 2.0658885836601257, 2.009501874446869, 2.0533565804362297, 2.041224867105484, 2.0379860401153564, 2.036041557788849, 2.091013252735138, 2.2616466507315636, 2.1638809517025948, 2.0939090996980667, 2.075733482837677, 2.0068620145320892, 2.148275911808014, 2.038009501993656, 2.164038337767124, 2.3182724192738533, 2.159341163933277, 2.1050480231642723, 2.211624912917614, 2.112335927784443, 2.2978295236825943, 2.140866480767727, 2.102338917553425]","[1.9195547103881836, 1.9010653495788574, 1.9198370799422264, 2.0474114045500755, 2.130723848938942, 1.9812315627932549, 1.9814119040966034, 2.0089828446507454, 2.305178627371788, 2.1025552079081535, 2.1647388264536858, 1.9101088345050812, 1.8854558542370796, 1.9316626116633415, 1.9466298297047615, 1.8596775010228157, 1.936064399778843, 2.0718577802181244, 1.9754417836666107, 1.9949709326028824, 1.9616124406456947, 1.9557304754853249, 2.0455202385783195, 2.037118524312973, 1.97435761988163, 2.04558365046978, 2.05302944034338, 1.9307732060551643, 2.2534009739756584, 1.9828071594238281]",31418,40,6,31418,40,6,31418,40,6,4,0,0.0,0.0,0,False,0.0,0.0,2.1036934703588486,0.0,0.0,0.0,0.0,0.0,0.0,0.0,0
gaussian_process,gaussian_process,log_hyperparameters,2,bucketed,bucketed_nuts,history,128,256,3,,,8,,,squared_exponential,1,37,1e-05,16,0.2,8,,,0.9,2.0753252282738686,0.9547042104301281,1.9813217334449291,2.0753252282738686,0.9547042104301281,30,2.0030117332935333,2.0474038869142532,2.0753252282738686,2.111503228545189,2.293545737862587,"[2.077920913696289, 2.293545737862587, 2.123774841427803, 2.133454129099846, 2.176627643406391, 2.1306458711624146, 2.059111461043358, 2.0559332817792892, 2.1065307930111885, 2.1842075660824776, 2.1040400117635727, 2.2118896320462227, 2.0030117332935333, 2.0747799053788185, 2.0758705511689186, 2.069817326962948, 2.1040861755609512, 2.0472088530659676, 2.011683911085129, 2.011713445186615, 2.013278543949127, 2.0479889884591103, 2.0418120101094246, 2.0375977605581284, 2.103154696524143, 2.0873400568962097, 2.072293847799301, 2.037825219333172, 2.062464915215969, 2.1131607070565224]","[1.9195547103881836, 1.9010653495788574, 1.9198370799422264, 2.0474114045500755, 2.130723848938942, 1.9812315627932549, 1.9814119040966034, 2.0089828446507454, 2.305178627371788, 2.1025552079081535, 2.1647388264536858, 1.9101088345050812, 1.8854558542370796, 1.9316626116633415, 1.9466298297047615, 1.8596775010228157, 1.936064399778843, 2.0718577802181244, 1.9754417836666107, 1.9949709326028824, 1.9616124406456947, 1.9557304754853249, 2.0455202385783195, 2.037118524312973, 1.97435761988163, 2.04558365046978, 2.05302944034338, 1.9307732060551643, 2.2534009739756584, 1.9828071594238281]",31418,40,6,31418,40,6,31418,40,6,2,0,0.0,0.0,0,False,0.0,0.0,2.0753252282738686,0.0,0.0,0.0,0.0,0.0,0.0,0.0,0
gaussian_process,gaussian_process,log_hyperparameters,2,bucketed,bucketed_nuts,last_depth,64,256,3,,,8,,,squared_exponential,1,37,1e-05,16,0.2,8,,,0.9,2.0293982811272144,0.9763099495405202,1.9813217334449291,2.0293982811272144,0.9763099495405202,30,1.9342413023114204,1.996164608746767,2.0293982811272144,2.065141713246703,2.175860047340393,"[2.1610624939203262, 2.037714660167694, 2.0698613077402115, 1.9724866971373558, 2.0556914806365967, 1.9931059405207634, 2.0503619760274887, 2.0578534975647926, 2.006586603820324, 2.0210819020867348, 2.0161685198545456, 2.005340613424778, 2.0530404821038246, 2.0378863736987114, 2.008273109793663, 1.9920945093035698, 1.961935855448246, 1.9342413023114204, 1.9930108413100243, 1.9620512127876282, 2.0072637423872948, 1.9868680983781815, 2.0995878353714943, 2.058204084634781, 2.175860047340393, 2.0206273049116135, 2.154050275683403, 2.0865094885230064, 2.067454256117344, 2.1666036397218704]","[1.9195547103881836, 1.9010653495788574, 1.9198370799422264, 2.0474114045500755, 2.130723848938942, 1.9812315627932549, 1.9814119040966034, 2.0089828446507454, 2.305178627371788, 2.1025552079081535, 2.1647388264536858, 1.9101088345050812, 1.8854558542370796, 1.9316626116633415, 1.9466298297047615, 1.8596775010228157, 1.936064399778843, 2.0718577802181244, 1.9754417836666107, 1.9949709326028824, 1.9616124406456947, 1.9557304754853249, 2.0455202385783195, 2.037118524312973, 1.97435761988163, 2.04558365046978, 2.05302944034338, 1.9307732060551643, 2.2534009739756584, 1.9828071594238281]",31418,40,6,31418,40,6,31418,40,6,4,0,0.0,0.0,0,False,0.0,0.0,2.0293982811272144,0.0,0.0,0.0,0.0,0.0,0.0,0.0,0
gaussian_process,gaussian_process,log_hyperparameters,2,bucketed,bucketed_nuts,last_depth,128,256,3,,,8,,,squared_exponential,1,37,1e-05,16,0.2,8,,,0.9,2.1046405509114265,0.9414062332814535,1.9813217334449291,2.1046405509114265,0.9414062332814535,30,1.993186391890049,2.0558836851269007,2.1046405509114265,2.171163819730282,2.356259122490883,"[2.208651512861252, 2.1911704018712044, 2.222214549779892, 2.1986822560429573, 2.0559935495257378, 1.993186391890049, 2.065509684383869, 2.0487602576613426, 2.043772630393505, 2.133709952235222, 2.0273154079914093, 2.094544507563114, 2.0533924773335457, 2.1098737120628357, 2.0737490877509117, 2.0690514221787453, 2.0558470636606216, 2.028724603354931, 2.0486513525247574, 2.0994073897600174, 2.1380556374788284, 2.11913675814867, 2.1658806949853897, 2.1114398688077927, 2.183553732931614, 2.296215169131756, 2.0811410322785378, 2.141001485288143, 2.356259122490883, 2.1729248613119125]","[1.9195547103881836, 1.9010653495788574, 1.9198370799422264, 2.0474114045500755, 2.130723848938942, 1.9812315627932549, 1.9814119040966034, 2.0089828446507454, 2.305178627371788, 2.1025552079081535, 2.1647388264536858, 1.9101088345050812, 1.8854558542370796, 1.9316626116633415, 1.9466298297047615, 1.8596775010228157, 1.936064399778843, 2.0718577802181244, 1.9754417836666107, 1.9949709326028824, 1.9616124406456947, 1.9557304754853249, 2.0455202385783195, 2.037118524312973, 1.97435761988163, 2.04558365046978, 2.05302944034338, 1.9307732060551643, 2.2534009739756584, 1.9828071594238281]",31418,40,6,31418,40,6,31418,40,6,2,0,0.0,0.0,0,False,0.0,0.0,2.1046405509114265,0.0,0.0,0.0,0.0,0.0,0.0,0.0,0
gaussian_process,gaussian_process,log_hyperparameters,3,monolithic,nuts_reference,monolithic,0,256,3,,,8,,,squared_exponential,1,37,1e-05,16,0.2,8,,,0.9,2.0107671208679676,1.0,2.0107671208679676,2.0107671208679676,1.0,30,1.767243579030037,1.9066665824502707,2.0107671208679676,2.5043852888047695,3.171637073159218,"[2.0001144409179688, 1.8072253912687302, 1.767243579030037, 1.880490742623806, 1.9339512065052986, 2.062023125588894, 1.972853608429432, 2.048070751130581, 2.068999469280243, 1.8983013331890106, 1.993104413151741, 1.7810996547341347, 1.9842322766780853, 2.912118338048458, 2.624463737010956, 2.6357340216636658, 3.0132560655474663, 2.1441499441862106, 1.96278578042984, 1.8147938773036003, 1.8108486607670784, 1.9317623302340508, 2.0422620698809624, 3.171637073159218, 2.8142286241054535, 3.0795746967196465, 2.96078160405159, 2.029270149767399, 2.0214198008179665, 1.8909152671694756]","[2.0001144409179688, 1.8072253912687302, 1.767243579030037, 1.880490742623806, 1.9339512065052986, 2.062023125588894, 1.972853608429432, 2.048070751130581, 2.068999469280243, 1.8983013331890106, 1.993104413151741, 1.7810996547341347, 1.9842322766780853, 2.912118338048458, 2.624463737010956, 2.6357340216636658, 3.0132560655474663, 2.1441499441862106, 1.96278578042984, 1.8147938773036003, 1.8108486607670784, 1.9317623302340508, 2.0422620698809624, 3.171637073159218, 2.8142286241054535, 3.0795746967196465, 2.96078160405159, 2.029270149767399, 2.0214198008179665, 1.8909152671694756]",31967,34,6,31967,34,6,31967,34,6,,0,0.0,0.0,0,False,0.0,0.0,2.0107671208679676,0.0,0.0,0.0,0.0,0.0,0.0,0.0,0
gaussian_process,gaussian_process,log_hyperparameters,3,bucketed,bucketed_nuts,history,64,256,3,,,8,,,squared_exponential,1,37,1e-05,16,0.2,8,,,0.9,2.0089921168982983,1.0008835295841827,2.0107671208679676,2.0089921168982983,1.0008835295841827,30,1.8780756741762161,1.9590410720556974,2.0089921168982983,2.0726344268769026,2.1620201617479324,"[2.0987962782382965, 1.8780756741762161, 1.924291506409645, 1.9381493628025055, 2.0321846157312393, 1.9607647433876991, 2.074840672314167, 2.090236410498619, 1.9945598766207695, 2.032681070268154, 2.1267556697130203, 2.0106376707553864, 1.953459843993187, 2.1238731369376183, 1.932374767959118, 1.9442088603973389, 1.9961659982800484, 1.9846403673291206, 1.944496937096119, 2.0252517834305763, 1.9584665149450302, 2.013979785144329, 2.0806900337338448, 2.1620201617479324, 1.9907811805605888, 2.0642930790781975, 2.0660156905651093, 2.00734656304121, 2.0900071561336517, 1.9874338433146477]","[2.0001144409179688, 1.8072253912687302, 1.767243579030037, 1.880490742623806, 1.9339512065052986, 2.062023125588894, 1.972853608429432, 2.048070751130581, 2.068999469280243, 1.8983013331890106, 1.993104413151741, 1.7810996547341347, 1.9842322766780853, 2.912118338048458, 2.624463737010956, 2.6357340216636658, 3.0132560655474663, 2.1441499441862106, 1.96278578042984, 1.8147938773036003, 1.8108486607670784, 1.9317623302340508, 2.0422620698809624, 3.171637073159218, 2.8142286241054535, 3.0795746967196465, 2.96078160405159, 2.029270149767399, 2.0214198008179665, 1.8909152671694756]",31967,34,6,31967,34,6,31967,34,6,4,0,0.0,0.0,0,False,0.0,0.0,2.0089921168982983,0.0,0.0,0.0,0.0,0.0,0.0,0.0,0
gaussian_process,gaussian_process,log_hyperparameters,3,bucketed,bucketed_nuts,history,128,256,3,,,8,,,squared_exponential,1,37,1e-05,16,0.2,8,,,0.9,2.021335579454899,0.9947715467464431,2.0107671208679676,2.021335579454899,0.9947715467464431,30,1.9367848709225655,1.9776402208954096,2.021335579454899,2.0897661074995995,2.22390428930521,"[2.026602268218994, 2.0899801328778267, 2.1575849652290344, 2.105237692594528, 2.0891240313649178, 1.9932029470801353, 2.0644456893205643, 2.0385584831237793, 1.954384982585907, 2.001935765147209, 1.9527199566364288, 1.9367848709225655, 2.0592109709978104, 2.0080253556370735, 2.0116250589489937, 1.9422416761517525, 1.9758724868297577, 1.9671781361103058, 2.0525699630379677, 1.9788214042782784, 2.0160688906908035, 2.09811007976532, 1.9604726731777191, 1.97724649310112, 2.22390428930521, 2.1789368465542793, 2.1071405336260796, 2.0287607312202454, 2.1081389412283897, 1.9885845929384232]","[2.0001144409179688, 1.8072253912687302, 1.767243579030037, 1.880490742623806, 1.9339512065052986, 2.062023125588894, 1.972853608429432, 2.048070751130581, 2.068999469280243, 1.8983013331890106, 1.993104413151741, 1.7810996547341347, 1.9842322766780853, 2.912118338048458, 2.624463737010956, 2.6357340216636658, 3.0132560655474663, 2.1441499441862106, 1.96278578042984, 1.8147938773036003, 1.8108486607670784, 1.9317623302340508, 2.0422620698809624, 3.171637073159218, 2.8142286241054535, 3.0795746967196465, 2.96078160405159, 2.029270149767399, 2.0214198008179665, 1.8909152671694756]",31967,34,6,31967,34,6,31967,34,6,2,0,0.0,0.0,0,False,0.0,0.0,2.021335579454899,0.0,0.0,0.0,0.0,0.0,0.0,0.0,0
gaussian_process,gaussian_process,log_hyperparameters,3,bucketed,bucketed_nuts,last_depth,64,256,3,,,8,,,squared_exponential,1,37,1e-05,16,0.2,8,,,0.9,2.055618081241846,0.9781812775519162,2.0107671208679676,2.055618081241846,0.9781812775519162,30,1.9283476248383522,2.0261472947895527,2.055618081241846,2.0769406799227,2.2272799611091614,"[1.9283476248383522, 1.9830475151538849, 2.0199688002467155, 2.2272799611091614, 2.0422419160604477, 2.028139181435108, 2.0767700746655464, 2.0425862669944763, 2.076997548341751, 2.06406419724226, 1.9832771196961403, 2.0660090148448944, 2.0691636949777603, 2.1424585580825806, 2.014991231262684, 2.0732177942991257, 2.140184849500656, 2.05578600615263, 2.173851564526558, 2.0515476018190384, 2.069879800081253, 2.0254833325743675, 2.0104393512010574, 2.1523732021450996, 2.146022506058216, 2.0441652461886406, 2.0554501563310623, 2.0965079069137573, 2.0205374658107758, 2.034854829311371]","[2.0001144409179688, 1.8072253912687302, 1.767243579030037, 1.880490742623806, 1.9339512065052986, 2.062023125588894, 1.972853608429432, 2.048070751130581, 2.068999469280243, 1.8983013331890106, 1.993104413151741, 1.7810996547341347, 1.9842322766780853, 2.912118338048458, 2.624463737010956, 2.6357340216636658, 3.0132560655474663, 2.1441499441862106, 1.96278578042984, 1.8147938773036003, 1.8108486607670784, 1.9317623302340508, 2.0422620698809624, 3.171637073159218, 2.8142286241054535, 3.0795746967196465, 2.96078160405159, 2.029270149767399, 2.0214198008179665, 1.8909152671694756]",31967,34,6,31967,34,6,31967,34,6,4,0,0.0,0.0,0,False,0.0,0.0,2.055618081241846,0.0,0.0,0.0,0.0,0.0,0.0,0.0,0
gaussian_process,gaussian_process,log_hyperparameters,3,bucketed,bucketed_nuts,last_depth,128,256,3,,,8,,,squared_exponential,1,37,1e-05,16,0.2,8,,,0.9,2.057442758232355,0.9773137613779891,2.0107671208679676,2.057442758232355,0.9773137613779891,30,1.9724412709474564,2.0317109413444996,2.057442758232355,2.1540048755705357,3.195382744073868,"[2.0313387662172318, 1.9724412709474564, 2.0044062957167625, 2.0248251482844353, 1.986950658261776, 2.049626775085926, 2.032827466726303, 2.0587333738803864, 2.1099689304828644, 2.056152142584324, 2.170655570924282, 2.9521228820085526, 3.0584971979260445, 3.1227904707193375, 3.195382744073868, 2.2722397595643997, 2.059849128127098, 2.1541587337851524, 2.1535433009266853, 2.038758158683777, 2.3715603724122047, 2.084813103079796, 2.068467877805233, 2.146439164876938, 2.0361713841557503, 2.022727891802788, 2.045822538435459, 2.025898516178131, 1.9934515953063965, 2.0444972813129425]","[2.0001144409179688, 1.8072253912687302, 1.767243579030037, 1.880490742623806, 1.9339512065052986, 2.062023125588894, 1.972853608429432, 2.048070751130581, 2.068999469280243, 1.8983013331890106, 1.993104413151741, 1.7810996547341347, 1.9842322766780853, 2.912118338048458, 2.624463737010956, 2.6357340216636658, 3.0132560655474663, 2.1441499441862106, 1.96278578042984, 1.8147938773036003, 1.8108486607670784, 1.9317623302340508, 2.0422620698809624, 3.171637073159218, 2.8142286241054535, 3.0795746967196465, 2.96078160405159, 2.029270149767399, 2.0214198008179665, 1.8909152671694756]",31967,34,6,31967,34,6,31967,34,6,2,0,0.0,0.0,0,False,0.0,0.0,2.057442758232355,0.0,0.0,0.0,0.0,0.0,0.0,0.0,0
gaussian_process,gaussian_process,log_hyperparameters,4,monolithic,nuts_reference,monolithic,0,256,3,,,8,,,squared_exponential,1,37,1e-05,16,0.2,8,,,0.9,1.9822088479995728,1.0,1.9822088479995728,1.9822088479995728,1.0,30,1.9132222533226013,1.9481991864740849,1.9822088479995728,2.0569403637200594,2.1350774988532066,"[2.1350774988532066, 2.0624696910381317, 2.1346581503748894, 1.9132222533226013, 1.9854777082800865, 2.0498623698949814, 1.9523417055606842, 1.9987835139036179, 1.9347372949123383, 1.978939987719059, 1.9522965177893639, 1.939467892050743, 2.045720651745796, 2.024714432656765, 1.965562529861927, 2.0458547323942184, 1.9468334093689919, 2.115272842347622, 2.0583967491984367, 2.0525712072849274, 2.130306787788868, 1.9530873000621796, 1.9655156806111336, 1.9445967599749565, 1.9351365491747856, 1.9148448258638382, 1.9181043952703476, 1.9714986607432365, 2.076616294682026, 2.0767278745770454]","[2.1350774988532066, 2.0624696910381317, 2.1346581503748894, 1.9132222533226013, 1.9854777082800865, 2.0498623698949814, 1.9523417055606842, 1.9987835139036179, 1.9347372949123383, 1.978939987719059, 1.9522965177893639, 1.939467892050743, 2.045720651745796, 2.024714432656765, 1.965562529861927, 2.0458547323942184, 1.9468334093689919, 2.115272842347622, 2.0583967491984367, 2.0525712072849274, 2.130306787788868, 1.9530873000621796, 1.9655156806111336, 1.9445967599749565, 1.9351365491747856, 1.9148448258638382, 1.9181043952703476, 1.9714986607432365, 2.076616294682026, 2.0767278745770454]",31826,34,6,31826,34,6,31826,34,6,,0,0.0,0.0,0,False,0.0,0.0,1.9822088479995728,0.0,0.0,0.0,0.0,0.0,0.0,0.0,0
gaussian_process,gaussian_process,log_hyperparameters,4,bucketed,bucketed_nuts,history,64,256,3,,,8,,,squared_exponential,1,37,1e-05,16,0.2,8,,,0.9,2.0314169749617577,0.975776451822201,1.9822088479995728,2.0314169749617577,0.975776451822201,30,1.9473260045051575,2.006033295765519,2.0314169749617577,2.0683455392718315,2.2244906798005104,"[2.086452156305313, 2.0447817891836166, 1.9984569996595383, 2.068631611764431, 2.0442199259996414, 2.033603109419346, 1.9900595396757126, 1.9473260045051575, 2.0311105847358704, 2.2244906798005104, 2.1977782174944878, 2.028794787824154, 2.037611708045006, 1.9936500191688538, 2.013240672647953, 2.1568072959780693, 2.011113293468952, 2.0159746408462524, 2.0309038013219833, 2.101977713406086, 2.004339963197708, 2.117736741900444, 2.0208418667316437, 1.9775760546326637, 2.0761493369936943, 2.031723365187645, 2.067487321794033, 2.057133339345455, 1.978179819881916, 1.9926492720842361]","[2.1350774988532066, 2.0624696910381317, 2.1346581503748894, 1.9132222533226013, 1.9854777082800865, 2.0498623698949814, 1.9523417055606842, 1.9987835139036179, 1.9347372949123383, 1.978939987719059, 1.9522965177893639, 1.939467892050743, 2.045720651745796, 2.024714432656765, 1.965562529861927, 2.0458547323942184, 1.9468334093689919, 2.115272842347622, 2.0583967491984367, 2.0525712072849274, 2.130306787788868, 1.9530873000621796, 1.9655156806111336, 1.9445967599749565, 1.9351365491747856, 1.9148448258638382, 1.9181043952703476, 1.9714986607432365, 2.076616294682026, 2.0767278745770454]",31826,34,6,31826,34,6,31826,34,6,4,0,0.0,0.0,0,False,0.0,0.0,2.0314169749617577,0.0,0.0,0.0,0.0,0.0,0.0,0.0,0
gaussian_process,gaussian_process,log_hyperparameters,4,bucketed,bucketed_nuts,history,128,256,3,,,8,,,squared_exponential,1,37,1e-05,16,0.2,8,,,0.9,2.0056914500892162,0.9882920166566004,1.9822088479995728,2.0056914500892162,0.9882920166566004,30,1.920993871986866,1.9793140888214111,2.0056914500892162,2.03277974948287,2.091521367430687,"[2.062600813806057, 1.9700066670775414, 2.004263460636139, 2.0341108962893486, 2.02081897854805, 2.0139377042651176, 2.011747218668461, 1.920993871986866, 1.9663608521223068, 2.034125544130802, 2.0071194395422935, 1.9533796459436417, 1.9671398848295212, 2.038819022476673, 1.9789262115955353, 1.9887003675103188, 2.020479694008827, 1.9865931421518326, 1.9986595213413239, 2.0287863090634346, 2.01246327906847, 2.091521367430687, 2.045780599117279, 2.0574343129992485, 2.0757025629281998, 1.9682034999132156, 2.0009670183062553, 1.9745453596115112, 1.9804777204990387, 1.9994289427995682]","[2.1350774988532066, 2.0624696910381317, 2.1346581503748894, 1.9132222533226013, 1.9854777082800865, 2.0498623698949814, 1.9523417055606842, 1.9987835139036179, 1.9347372949123383, 1.978939987719059, 1.9522965177893639, 1.939467892050743, 2.045720651745796, 2.024714432656765, 1.965562529861927, 2.0458547323942184, 1.9468334093689919, 2.115272842347622, 2.0583967491984367, 2.0525712072849274, 2.130306787788868, 1.9530873000621796, 1.9655156806111336, 1.9445967599749565, 1.9351365491747856, 1.9148448258638382, 1.9181043952703476, 1.9714986607432365, 2.076616294682026, 2.0767278745770454]",31826,34,6,31826,34,6,31826,34,6,2,0,0.0,0.0,0,False,0.0,0.0,2.0056914500892162,0.0,0.0,0.0,0.0,0.0,0.0,0.0,0
gaussian_process,gaussian_process,log_hyperparameters,4,bucketed,bucketed_nuts,last_depth,64,256,3,,,8,,,squared_exponential,1,37,1e-05,16,0.2,8,,,0.9,2.0007839426398277,0.9907160917056606,1.9822088479995728,2.0007839426398277,0.9907160917056606,30,1.9327147156000137,1.9748653247952461,2.0007839426398277,2.034761257469654,2.236017532646656,"[1.9692982882261276, 1.992409311234951, 1.9722345992922783, 1.9782399013638496, 1.9678974822163582, 1.9936599358916283, 2.0114684104919434, 1.9455450549721718, 2.0018733963370323, 1.9327147156000137, 2.034942589700222, 2.0789225548505783, 2.0169199109077454, 2.0469108149409294, 1.9867969751358032, 2.026577800512314, 2.0123677998781204, 2.161037005484104, 2.083416648209095, 2.236017532646656, 2.052109330892563, 2.0972426310181618, 2.000418171286583, 1.9505113512277603, 1.9912584200501442, 1.9368940368294716, 2.0011497139930725, 1.9907663464546204, 2.0342172607779503, 1.973740465939045]","[2.1350774988532066, 2.0624696910381317, 2.1346581503748894, 1.9132222533226013, 1.9854777082800865, 2.0498623698949814, 1.9523417055606842, 1.9987835139036179, 1.9347372949123383, 1.978939987719059, 1.9522965177893639, 1.939467892050743, 2.045720651745796, 2.024714432656765, 1.965562529861927, 2.0458547323942184, 1.9468334093689919, 2.115272842347622, 2.0583967491984367, 2.0525712072849274, 2.130306787788868, 1.9530873000621796, 1.9655156806111336, 1.9445967599749565, 1.9351365491747856, 1.9148448258638382, 1.9181043952703476, 1.9714986607432365, 2.076616294682026, 2.0767278745770454]",31826,34,6,31826,34,6,31826,34,6,4,0,0.0,0.0,0,False,0.0,0.0,2.0007839426398277,0.0,0.0,0.0,0.0,0.0,0.0,0.0,0
gaussian_process,gaussian_process,log_hyperparameters,4,bucketed,bucketed_nuts,last_depth,128,256,3,,,8,,,squared_exponential,1,37,1e-05,16,0.2,8,,,0.9,2.041798334568739,0.9708151948406049,1.9822088479995728,2.041798334568739,0.9708151948406049,30,1.9418761283159256,1.9984126146882772,2.041798334568739,2.089045701548457,2.299410827457905,"[2.0267663300037384, 2.0801864564418793, 2.103868529200554, 2.0920494496822357, 2.0565788447856903, 1.996602587401867, 2.004400499165058, 1.9846316576004028, 2.054030068218708, 2.0142644569277763, 2.044785253703594, 2.0289794951677322, 2.1043356880545616, 2.0900439620018005, 2.0981938168406487, 2.0837065279483795, 1.9990056902170181, 1.9982149228453636, 2.299410827457905, 2.0947563871741295, 2.086050920188427, 2.1145412623882294, 2.070337198674679, 1.986839585006237, 1.9418761283159256, 2.0388114154338837, 1.9979866445064545, 1.982574425637722, 2.013857379555702, 1.9692635089159012]","[2.1350774988532066, 2.0624696910381317, 2.1346581503748894, 1.9132222533226013, 1.9854777082800865, 2.0498623698949814, 1.9523417055606842, 1.9987835139036179, 1.9347372949123383, 1.978939987719059, 1.9522965177893639, 1.939467892050743, 2.045720651745796, 2.024714432656765, 1.965562529861927, 2.0458547323942184, 1.9468334093689919, 2.115272842347622, 2.0583967491984367, 2.0525712072849274, 2.130306787788868, 1.9530873000621796, 1.9655156806111336, 1.9445967599749565, 1.9351365491747856, 1.9148448258638382, 1.9181043952703476, 1.9714986607432365, 2.076616294682026, 2.0767278745770454]",31826,34,6,31826,34,6,31826,34,6,2,0,0.0,0.0,0,False,0.0,0.0,2.041798334568739,0.0,0.0,0.0,0.0,0.0,0.0,0.0,0
gaussian_process,gaussian_process,log_hyperparameters,0,monolithic,nuts_reference,monolithic,0,512,3,,,8,,,squared_exponential,1,37,1e-05,16,0.2,8,,,0.9,3.668749127537012,1.0,3.668749127537012,3.668749127537012,1.0,30,3.4649698436260223,3.5716132558882236,3.668749127537012,3.7182725686579943,11.057066462934017,"[11.057066462934017, 3.682529166340828, 3.6656400859355927, 3.569880850613117, 3.7177881002426147, 3.680725134909153, 3.5411269292235374, 3.6531605646014214, 3.6956467032432556, 3.7184340581297874, 3.775923676788807, 3.7162314504384995, 3.6017448380589485, 3.853482708334923, 3.800897553563118, 3.665816605091095, 3.557776056230068, 3.568305402994156, 3.6716816499829292, 3.5226231664419174, 3.4649698436260223, 3.5289041697978973, 3.576810471713543, 3.557357393205166, 3.7225550413131714, 3.876779831945896, 3.7578234151005745, 3.6512740701436996, 3.7026005908846855, 3.595072850584984]","[11.057066462934017, 3.682529166340828, 3.6656400859355927, 3.569880850613117, 3.7177881002426147, 3.680725134909153, 3.5411269292235374, 3.6531605646014214, 3.6956467032432556, 3.7184340581297874, 3.775923676788807, 3.7162314504384995, 3.6017448380589485, 3.853482708334923, 3.800897553563118, 3.665816605091095, 3.557776056230068, 3.568305402994156, 3.6716816499829292, 3.5226231664419174, 3.4649698436260223, 3.5289041697978973, 3.576810471713543, 3.557357393205166, 3.7225550413131714, 3.876779831945896, 3.7578234151005745, 3.6512740701436996, 3.7026005908846855, 3.595072850584984]",62759,75,6,62759,75,6,62759,75,6,,0,0.0,0.0,0,False,0.0,0.0,3.668749127537012,0.0,0.0,0.0,0.0,0.0,0.0,0.0,0
gaussian_process,gaussian_process,log_hyperparameters,0,bucketed,bucketed_nuts,history,64,512,3,,,8,,,squared_exponential,1,37,1e-05,16,0.2,8,,,0.9,3.718785595148802,0.9865449442212901,3.668749127537012,3.718785595148802,0.9865449442212901,30,3.2875882610678673,3.6328256726264954,3.718785595148802,3.847825516015291,7.3818535432219505,"[7.3818535432219505, 3.699828051030636, 3.546008348464966, 3.5781843662261963, 3.6605642586946487, 3.7377431392669678, 3.874894753098488, 3.8116228953003883, 3.7915699928998947, 3.8371288776397705, 3.958061061799526, 3.653556674718857, 3.7861571311950684, 3.6311987936496735, 3.681534059345722, 3.657398357987404, 3.637706309556961, 3.676247760653496, 3.52226822078228, 3.6152408197522163, 3.851391062140465, 3.91863314807415, 3.8209668397903442, 3.8224806040525436, 4.828050181269646, 6.378849186003208, 4.663479208946228, 3.383534051477909, 3.2875882610678673, 3.3162639439105988]","[11.057066462934017, 3.682529166340828, 3.6656400859355927, 3.569880850613117, 3.7177881002426147, 3.680725134909153, 3.5411269292235374, 3.6531605646014214, 3.6956467032432556, 3.7184340581297874, 3.775923676788807, 3.7162314504384995, 3.6017448380589485, 3.853482708334923, 3.800897553563118, 3.665816605091095, 3.557776056230068, 3.568305402994156, 3.6716816499829292, 3.5226231664419174, 3.4649698436260223, 3.5289041697978973, 3.576810471713543, 3.557357393205166, 3.7225550413131714, 3.876779831945896, 3.7578234151005745, 3.6512740701436996, 3.7026005908846855, 3.595072850584984]",62759,75,6,62759,75,6,62759,75,6,8,0,0.0,0.0,0,False,0.0,0.0,3.718785595148802,0.0,0.0,0.0,0.0,0.0,0.0,0.0,0
gaussian_process,gaussian_process,log_hyperparameters,0,bucketed,bucketed_nuts,history,128,512,3,,,8,,,squared_exponential,1,37,1e-05,16,0.2,8,,,0.9,3.769810315221548,0.9731919700902519,3.668749127537012,3.769810315221548,0.9731919700902519,30,3.332305319607258,3.6694999635219574,3.769810315221548,3.935104038566351,6.520092353224754,"[6.520092353224754, 3.332305319607258, 3.526174485683441, 3.8670961633324623, 3.88097233325243, 4.008761182427406, 4.010977417230606, 4.017788805067539, 3.877183184027672, 4.582903251051903, 3.810300186276436, 3.666596904397011, 3.7919120490550995, 3.967736877501011, 3.853890039026737, 3.6943977773189545, 3.7137749940156937, 3.7477085813879967, 3.629175655543804, 3.665458746254444, 3.701897382736206, 3.6243837028741837, 3.689810611307621, 3.6182064339518547, 3.678209140896797, 4.022851496934891, 3.580969162285328, 3.6976036801934242, 3.953147940337658, 3.79874187707901]","[11.057066462934017, 3.682529166340828, 3.6656400859355927, 3.569880850613117, 3.7177881002426147, 3.680725134909153, 3.5411269292235374, 3.6531605646014214, 3.6956467032432556, 3.7184340581297874, 3.775923676788807, 3.7162314504384995, 3.6017448380589485, 3.853482708334923, 3.800897553563118, 3.665816605091095, 3.557776056230068, 3.568305402994156, 3.6716816499829292, 3.5226231664419174, 3.4649698436260223, 3.5289041697978973, 3.576810471713543, 3.557357393205166, 3.7225550413131714, 3.876779831945896, 3.7578234151005745, 3.6512740701436996, 3.7026005908846855, 3.595072850584984]",62759,75,6,62759,75,6,62759,75,6,4,0,0.0,0.0,0,False,0.0,0.0,3.769810315221548,0.0,0.0,0.0,0.0,0.0,0.0,0.0,0
gaussian_process,gaussian_process,log_hyperparameters,0,bucketed,bucketed_nuts,last_depth,64,512,3,,,8,,,squared_exponential,1,37,1e-05,16,0.2,8,,,0.9,3.8253256492316723,0.9590684464403418,3.668749127537012,3.8253256492316723,0.9590684464403418,30,3.5544645860791206,3.7568525820970535,3.8253256492316723,3.9305532202124596,4.104797728359699,"[3.925301171839237, 3.608718305826187, 3.5544645860791206, 3.8261713460087776, 3.7616733387112617, 3.7442851290106773, 3.791130907833576, 3.9098151549696922, 3.8111020624637604, 3.992739960551262, 3.755245663225651, 3.9262118861079216, 3.8758723735809326, 3.822927787899971, 3.939529411494732, 3.932000331580639, 4.104797728359699, 3.9700179174542427, 3.8741086274385452, 3.884753294289112, 3.824479952454567, 3.961901232600212, 3.6982109993696213, 3.6645198836922646, 3.8068586960434914, 4.007036000490189, 3.7932128608226776, 3.949920669198036, 3.628477282822132, 3.611420877277851]","[11.057066462934017, 3.682529166340828, 3.6656400859355927, 3.569880850613117, 3.7177881002426147, 3.680725134909153, 3.5411269292235374, 3.6531605646014214, 3.6956467032432556, 3.7184340581297874, 3.775923676788807, 3.7162314504384995, 3.6017448380589485, 3.853482708334923, 3.800897553563118, 3.665816605091095, 3.557776056230068, 3.568305402994156, 3.6716816499829292, 3.5226231664419174, 3.4649698436260223, 3.5289041697978973, 3.576810471713543, 3.557357393205166, 3.7225550413131714, 3.876779831945896, 3.7578234151005745, 3.6512740701436996, 3.7026005908846855, 3.595072850584984]",62759,75,6,62759,75,6,62759,75,6,8,0,0.0,0.0,0,False,0.0,0.0,3.8253256492316723,0.0,0.0,0.0,0.0,0.0,0.0,0.0,0
gaussian_process,gaussian_process,log_hyperparameters,0,bucketed,bucketed_nuts,last_depth,128,512,3,,,8,,,squared_exponential,1,37,1e-05,16,0.2,8,,,0.9,3.4809702076017857,1.053944420301315,3.668749127537012,3.4809702076017857,1.053944420301315,30,3.311356693506241,3.375975025817752,3.4809702076017857,3.5684962924569845,6.242121770977974,"[3.519980199635029, 3.5160707756876945, 3.6864521726965904, 3.5867647379636765, 3.6067497357726097, 3.577677495777607, 3.5632983446121216, 3.456400416791439, 3.5136082842946053, 3.5702289417386055, 3.5313455536961555, 4.099398151040077, 6.242121770977974, 3.7718832045793533, 3.3490456491708755, 3.311356693506241, 3.364365227520466, 3.3403118923306465, 3.401458792388439, 3.367381736636162, 3.369077682495117, 3.396667055785656, 3.418598383665085, 3.319796435534954, 3.431162938475609, 3.4826240465044975, 3.479316368699074, 3.4459441527724266, 3.3625474721193314, 3.5400113984942436]","[11.057066462934017, 3.682529166340828, 3.6656400859355927, 3.569880850613117, 3.7177881002426147, 3.680725134909153, 3.5411269292235374, 3.6531605646014214, 3.6956467032432556, 3.7184340581297874, 3.775923676788807, 3.7162314504384995, 3.6017448380589485, 3.853482708334923, 3.800897553563118, 3.665816605091095, 3.557776056230068, 3.568305402994156, 3.6716816499829292, 3.5226231664419174, 3.4649698436260223, 3.5289041697978973, 3.576810471713543, 3.557357393205166, 3.7225550413131714, 3.876779831945896, 3.7578234151005745, 3.6512740701436996, 3.7026005908846855, 3.595072850584984]",62759,75,6,62759,75,6,62759,75,6,4,0,0.0,0.0,0,False,0.0,0.0,3.4809702076017857,0.0,0.0,0.0,0.0,0.0,0.0,0.0,0
gaussian_process,gaussian_process,log_hyperparameters,1,monolithic,nuts_reference,monolithic,0,512,3,,,8,,,squared_exponential,1,37,1e-05,16,0.2,8,,,0.9,3.945598527789116,1.0,3.945598527789116,3.945598527789116,1.0,30,3.646637685596943,3.881325839087367,3.945598527789116,4.030733613297343,4.651607468724251,"[3.919440895318985, 3.646637685596943, 3.6987049505114555, 3.8886399045586586, 3.9955589324235916, 3.8452196270227432, 3.8235388696193695, 3.9605179205536842, 3.9306791350245476, 4.209103122353554, 4.651607468724251, 4.073540188372135, 4.0407257452607155, 3.966319128870964, 3.991021804511547, 4.057406917214394, 4.007672034204006, 4.035634890198708, 3.8444924503564835, 3.878887817263603, 3.917338043451309, 4.01602978259325, 4.0014311000704765, 4.322614461183548, 4.15443180501461, 3.917632818222046, 3.788576692342758, 3.9052350744605064, 3.8913794085383415, 3.8783259466290474]","[3.919440895318985, 3.646637685596943, 3.6987049505114555, 3.8886399045586586, 3.9955589324235916, 3.8452196270227432, 3.8235388696193695, 3.9605179205536842, 3.9306791350245476, 4.209103122353554, 4.651607468724251, 4.073540188372135, 4.0407257452607155, 3.966319128870964, 3.991021804511547, 4.057406917214394, 4.007672034204006, 4.035634890198708, 3.8444924503564835, 3.878887817263603, 3.917338043451309, 4.01602978259325, 4.0014311000704765, 4.322614461183548, 4.15443180501461, 3.917632818222046, 3.788576692342758, 3.9052350744605064, 3.8913794085383415, 3.8783259466290474]",62943,62,6,62943,62,6,62943,62,6,,0,0.0,0.0,0,False,0.0,0.0,3.945598527789116,0.0,0.0,0.0,0.0,0.0,0.0,0.0,0
gaussian_process,gaussian_process,log_hyperparameters,1,bucketed,bucketed_nuts,history,64,512,3,,,8,,,squared_exponential,1,37,1e-05,16,0.2,8,,,0.9,3.772973358631134,1.0457530845700462,3.945598527789116,3.772973358631134,1.0457530845700462,30,3.644292823970318,3.749573113396764,3.772973358631134,3.8424961511045694,4.982423879206181,"[3.95853428542614, 3.9139066338539124, 3.766307309269905, 3.746246263384819, 3.7733155116438866, 4.0807003155350685, 4.896012492477894, 4.982423879206181, 4.169895440340042, 3.7679487839341164, 3.7726312056183815, 3.8105051144957542, 3.7671328261494637, 3.748883478343487, 3.8163870126008987, 3.8433004692196846, 3.7785579636693, 3.701271377503872, 3.840083196759224, 3.688476875424385, 3.644292823970318, 3.761943019926548, 3.9535331800580025, 3.7836949303746223, 3.6859489530324936, 3.751642018556595, 3.7680258601903915, 3.667524039745331, 3.7746238335967064, 3.7435703426599503]","[3.919440895318985, 3.646637685596943, 3.6987049505114555, 3.8886399045586586, 3.9955589324235916, 3.8452196270227432, 3.8235388696193695, 3.9605179205536842, 3.9306791350245476, 4.209103122353554, 4.651607468724251, 4.073540188372135, 4.0407257452607155, 3.966319128870964, 3.991021804511547, 4.057406917214394, 4.007672034204006, 4.035634890198708, 3.8444924503564835, 3.878887817263603, 3.917338043451309, 4.01602978259325, 4.0014311000704765, 4.322614461183548, 4.15443180501461, 3.917632818222046, 3.788576692342758, 3.9052350744605064, 3.8913794085383415, 3.8783259466290474]",62943,62,6,62943,62,6,62943,62,6,8,0,0.0,0.0,0,False,0.0,0.0,3.772973358631134,0.0,0.0,0.0,0.0,0.0,0.0,0.0,0
gaussian_process,gaussian_process,log_hyperparameters,1,bucketed,bucketed_nuts,history,128,512,3,,,8,,,squared_exponential,1,37,1e-05,16,0.2,8,,,0.9,3.7724455296993256,1.045899403113076,3.945598527789116,3.7724455296993256,1.045899403113076,30,3.495105542242527,3.7158805038779974,3.7724455296993256,3.923633672297001,4.024962157011032,"[3.495105542242527, 3.7708324939012527, 3.974511668086052, 3.9240550696849823, 3.5325924158096313, 3.6180562749505043, 3.6462564766407013, 3.6063504070043564, 3.8264262601733208, 3.7740585654973984, 3.7284772098064423, 3.7809807434678078, 3.8701287284493446, 3.729126125574112, 3.9577222913503647, 3.6687858775258064, 3.6739120557904243, 3.995742902159691, 4.024962157011032, 3.9223694801330566, 3.761811248958111, 3.7158710956573486, 3.7159087285399437, 3.722614496946335, 3.8856746777892113, 4.022378616034985, 3.9147882014513016, 3.723616875708103, 3.9346567019820213, 3.9675054624676704]","[3.919440895318985, 3.646637685596943, 3.6987049505114555, 3.8886399045586586, 3.9955589324235916, 3.8452196270227432, 3.8235388696193695, 3.9605179205536842, 3.9306791350245476, 4.209103122353554, 4.651607468724251, 4.073540188372135, 4.0407257452607155, 3.966319128870964, 3.991021804511547, 4.057406917214394, 4.007672034204006, 4.035634890198708, 3.8444924503564835, 3.878887817263603, 3.917338043451309, 4.01602978259325, 4.0014311000704765, 4.322614461183548, 4.15443180501461, 3.917632818222046, 3.788576692342758, 3.9052350744605064, 3.8913794085383415, 3.8783259466290474]",62943,62,6,62943,62,6,62943,62,6,4,0,0.0,0.0,0,False,0.0,0.0,3.7724455296993256,0.0,0.0,0.0,0.0,0.0,0.0,0.0,0
gaussian_process,gaussian_process,log_hyperparameters,1,bucketed,bucketed_nuts,last_depth,64,512,3,,,8,,,squared_exponential,1,37,1e-05,16,0.2,8,,,0.9,3.8899297565221786,1.0143109965349884,3.945598527789116,3.8899297565221786,1.0143109965349884,30,3.7172363325953484,3.8185119908303022,3.8899297565221786,3.982838438823819,5.348282225430012,"[3.8955631777644157, 3.8254263773560524, 3.916137143969536, 4.0959929302334785, 3.8284056559205055, 3.8182236552238464, 3.8193769976496696, 3.9262315556406975, 3.9829840287566185, 3.9011431857943535, 4.031348645687103, 3.8842963352799416, 3.9476831927895546, 4.250224314630032, 3.8633188158273697, 5.106694296002388, 5.348282225430012, 4.991668313741684, 4.208564147353172, 3.9790288880467415, 3.982401669025421, 3.8178546503186226, 3.8557467833161354, 3.7172363325953484, 3.8159901797771454, 3.848600171506405, 3.7553543150424957, 3.7763393223285675, 3.80748975276947, 3.8088724836707115]","[3.919440895318985, 3.646637685596943, 3.6987049505114555, 3.8886399045586586, 3.9955589324235916, 3.8452196270227432, 3.8235388696193695, 3.9605179205536842, 3.9306791350245476, 4.209103122353554, 4.651607468724251, 4.073540188372135, 4.0407257452607155, 3.966319128870964, 3.991021804511547, 4.057406917214394, 4.007672034204006, 4.035634890198708, 3.8444924503564835, 3.878887817263603, 3.917338043451309, 4.01602978259325, 4.0014311000704765, 4.322614461183548, 4.15443180501461, 3.917632818222046, 3.788576692342758, 3.9052350744605064, 3.8913794085383415, 3.8783259466290474]",62943,62,6,62943,62,6,62943,62,6,8,0,0.0,0.0,0,False,0.0,0.0,3.8899297565221786,0.0,0.0,0.0,0.0,0.0,0.0,0.0,0
gaussian_process,gaussian_process,log_hyperparameters,1,bucketed,bucketed_nuts,last_depth,128,512,3,,,8,,,squared_exponential,1,37,1e-05,16,0.2,8,,,0.9,3.7707030847668648,1.04638271406964,3.945598527789116,3.7707030847668648,1.04638271406964,30,3.5904906764626503,3.697579586878419,3.7707030847668648,3.906589560210705,5.4154234528541565,"[3.750995673239231, 3.812130868434906, 3.8634776771068573, 3.6582726687192917, 3.620667852461338, 5.4154234528541565, 3.7649182453751564, 3.697370171546936, 3.665582962334156, 3.6596783623099327, 3.7507814690470695, 3.6952998340129852, 3.9209601879119873, 3.948229342699051, 3.9779175594449043, 3.805046431720257, 3.754060961306095, 3.7175295054912567, 3.976448819041252, 4.49773646146059, 3.7346009984612465, 3.671878382563591, 3.5904906764626503, 3.8204947784543037, 3.6982078328728676, 4.047749184072018, 4.049294754862785, 3.8369028568267822, 3.7854850813746452, 3.776487924158573]","[3.919440895318985, 3.646637685596943, 3.6987049505114555, 3.8886399045586586, 3.9955589324235916, 3.8452196270227432, 3.8235388696193695, 3.9605179205536842, 3.9306791350245476, 4.209103122353554, 4.651607468724251, 4.073540188372135, 4.0407257452607155, 3.966319128870964, 3.991021804511547, 4.057406917214394, 4.007672034204006, 4.035634890198708, 3.8444924503564835, 3.878887817263603, 3.917338043451309, 4.01602978259325, 4.0014311000704765, 4.322614461183548, 4.15443180501461, 3.917632818222046, 3.788576692342758, 3.9052350744605064, 3.8913794085383415, 3.8783259466290474]",62943,62,6,62943,62,6,62943,62,6,4,0,0.0,0.0,0,False,0.0,0.0,3.7707030847668648,0.0,0.0,0.0,0.0,0.0,0.0,0.0,0
gaussian_process,gaussian_process,log_hyperparameters,2,monolithic,nuts_reference,monolithic,0,512,3,,,8,,,squared_exponential,1,37,1e-05,16,0.2,8,,,0.9,4.039076413959265,1.0,4.039076413959265,4.039076413959265,1.0,30,3.5354067906737328,3.8447584118694067,4.039076413959265,4.5511984415352345,5.465532667934895,"[3.9059178605675697, 3.8063302487134933, 3.868829905986786, 4.056559473276138, 4.326094850897789, 3.972597286105156, 4.652478128671646, 4.474711187183857, 4.747506231069565, 4.776283748447895, 4.677129954099655, 4.477485001087189, 3.8369558602571487, 4.164874613285065, 4.57576958835125, 5.459908537566662, 5.331496350467205, 5.465532667934895, 3.901856943964958, 3.5386577025055885, 3.586687870323658, 3.565071627497673, 3.5354067906737328, 4.381528303027153, 3.8681660667061806, 4.074649907648563, 3.808012142777443, 3.9523511081933975, 4.021593354642391, 3.795870266854763]","[3.9059178605675697, 3.8063302487134933, 3.868829905986786, 4.056559473276138, 4.326094850897789, 3.972597286105156, 4.652478128671646, 4.474711187183857, 4.747506231069565, 4.776283748447895, 4.677129954099655, 4.477485001087189, 3.8369558602571487, 4.164874613285065, 4.57576958835125, 5.459908537566662, 5.331496350467205, 5.465532667934895, 3.901856943964958, 3.5386577025055885, 3.586687870323658, 3.565071627497673, 3.5354067906737328, 4.381528303027153, 3.8681660667061806, 4.074649907648563, 3.808012142777443, 3.9523511081933975, 4.021593354642391, 3.795870266854763]",62883,52,6,62883,52,6,62883,52,6,,0,0.0,0.0,0,False,0.0,0.0,4.039076413959265,0.0,0.0,0.0,0.0,0.0,0.0,0.0,0
gaussian_process,gaussian_process,log_hyperparameters,2,bucketed,bucketed_nuts,history,64,512,3,,,8,,,squared_exponential,1,37,1e-05,16,0.2,8,,,0.9,3.930286657065153,1.0276798529945772,4.039076413959265,3.930286657065153,1.0276798529945772,30,3.7053786367177963,3.8648838568478823,3.930286657065153,4.001319436356425,4.224478401243687,"[3.9212765619158745, 4.114711321890354, 4.110941208899021, 4.084118641912937, 3.965025909245014, 3.8556841537356377, 3.927383989095688, 3.9817875176668167, 3.872674785554409, 4.007830075919628, 3.8913830518722534, 4.0176752135157585, 4.089454486966133, 4.224478401243687, 3.9379445239901543, 3.9331893250346184, 3.830566354095936, 3.9761047810316086, 3.879274658858776, 3.7053786367177963, 3.7915885597467422, 3.8521483540534973, 3.9136557206511497, 3.8499538972973824, 3.9562765061855316, 4.057189144194126, 3.7591952458024025, 3.8645313009619713, 3.8659415245056152, 3.950196087360382]","[3.9059178605675697, 3.8063302487134933, 3.868829905986786, 4.056559473276138, 4.326094850897789, 3.972597286105156, 4.652478128671646, 4.474711187183857, 4.747506231069565, 4.776283748447895, 4.677129954099655, 4.477485001087189, 3.8369558602571487, 4.164874613285065, 4.57576958835125, 5.459908537566662, 5.331496350467205, 5.465532667934895, 3.901856943964958, 3.5386577025055885, 3.586687870323658, 3.565071627497673, 3.5354067906737328, 4.381528303027153, 3.8681660667061806, 4.074649907648563, 3.808012142777443, 3.9523511081933975, 4.021593354642391, 3.795870266854763]",62883,52,6,62883,52,6,62883,52,6,8,0,0.0,0.0,0,False,0.0,0.0,3.930286657065153,0.0,0.0,0.0,0.0,0.0,0.0,0.0,0
gaussian_process,gaussian_process,log_hyperparameters,2,bucketed,bucketed_nuts,history,128,512,3,,,8,,,squared_exponential,1,37,1e-05,16,0.2,8,,,0.9,3.9184692539274693,1.0307791518105984,4.039076413959265,3.9184692539274693,1.0307791518105984,30,3.5655946880578995,3.836558196693659,3.9184692539274693,4.06642366014421,5.596111550927162,"[3.7952471300959587, 3.7729284688830376, 4.115215204656124, 3.8492003977298737, 4.0779096484184265, 3.7912910878658295, 3.9260642379522324, 3.9270606264472008, 3.924535594880581, 4.458472765982151, 5.503743849694729, 5.1863438338041306, 3.9058205485343933, 4.02222066372633, 3.9946814253926277, 3.958034172654152, 4.03196569532156, 5.596111550927162, 5.281198747456074, 4.169338874518871, 3.5655946880578995, 3.7012375369668007, 3.7915955632925034, 3.7951949760317802, 3.8603666350245476, 3.8341859951615334, 3.8436748012900352, 3.9124029129743576, 3.8715709894895554, 3.908959999680519]","[3.9059178605675697, 3.8063302487134933, 3.868829905986786, 4.056559473276138, 4.326094850897789, 3.972597286105156, 4.652478128671646, 4.474711187183857, 4.747506231069565, 4.776283748447895, 4.677129954099655, 4.477485001087189, 3.8369558602571487, 4.164874613285065, 4.57576958835125, 5.459908537566662, 5.331496350467205, 5.465532667934895, 3.901856943964958, 3.5386577025055885, 3.586687870323658, 3.565071627497673, 3.5354067906737328, 4.381528303027153, 3.8681660667061806, 4.074649907648563, 3.808012142777443, 3.9523511081933975, 4.021593354642391, 3.795870266854763]",62883,52,6,62883,52,6,62883,52,6,4,0,0.0,0.0,0,False,0.0,0.0,3.9184692539274693,0.0,0.0,0.0,0.0,0.0,0.0,0.0,0
gaussian_process,gaussian_process,log_hyperparameters,2,bucketed,bucketed_nuts,last_depth,64,512,3,,,8,,,squared_exponential,1,37,1e-05,16,0.2,8,,,0.9,3.708243142813444,1.0892156361933747,4.039076413959265,3.708243142813444,1.0892156361933747,30,3.562662109732628,3.6651824545115232,3.708243142813444,3.8357455991208553,5.033995293080807,"[4.428353779017925, 5.033995293080807, 4.486000739037991, 4.084443010389805, 3.958461306989193, 3.8393792286515236, 4.040168724954128, 4.055244982242584, 3.8248447105288506, 3.7023269534111023, 3.6453090012073517, 3.679091788828373, 3.708511933684349, 3.664947710931301, 3.710608996450901, 3.6969530433416367, 3.709979698061943, 3.642895460128784, 3.6658866852521896, 3.722724325954914, 3.707974351942539, 3.562662109732628, 3.66127597540617, 3.669859878718853, 3.6351855248212814, 3.6689282953739166, 3.7588442265987396, 3.7182139232754707, 3.6137018725275993, 3.5830609053373337]","[3.9059178605675697, 3.8063302487134933, 3.868829905986786, 4.056559473276138, 4.326094850897789, 3.972597286105156, 4.652478128671646, 4.474711187183857, 4.747506231069565, 4.776283748447895, 4.677129954099655, 4.477485001087189, 3.8369558602571487, 4.164874613285065, 4.57576958835125, 5.459908537566662, 5.331496350467205, 5.465532667934895, 3.901856943964958, 3.5386577025055885, 3.586687870323658, 3.565071627497673, 3.5354067906737328, 4.381528303027153, 3.8681660667061806, 4.074649907648563, 3.808012142777443, 3.9523511081933975, 4.021593354642391, 3.795870266854763]",62883,52,6,62883,52,6,62883,52,6,8,0,0.0,0.0,0,False,0.0,0.0,3.708243142813444,0.0,0.0,0.0,0.0,0.0,0.0,0.0,0
gaussian_process,gaussian_process,log_hyperparameters,2,bucketed,bucketed_nuts,last_depth,128,512,3,,,8,,,squared_exponential,1,37,1e-05,16,0.2,8,,,0.9,3.5998958237469196,1.1219981387559232,4.039076413959265,3.5998958237469196,1.1219981387559232,30,3.4407828599214554,3.5032118428498507,3.5998958237469196,3.790605805814266,5.713909938931465,"[3.4407828599214554, 3.748136982321739, 3.6100219041109085, 3.8099401965737343, 3.4949789866805077, 3.474434047937393, 3.5409562587738037, 3.904878795146942, 3.9614566415548325, 4.044662758708, 4.8940525352954865, 5.713909938931465, 4.403543919324875, 3.6527221128344536, 3.680567093193531, 3.594017803668976, 3.6057738438248634, 3.7369941100478172, 3.804762080311775, 3.564450815320015, 3.503004774451256, 3.5116526186466217, 3.5166050791740417, 3.488188073039055, 3.4820935279130936, 3.481535717844963, 3.63193167001009, 3.4455606639385223, 3.5038330480456352, 3.5237755551934242]","[3.9059178605675697, 3.8063302487134933, 3.868829905986786, 4.056559473276138, 4.326094850897789, 3.972597286105156, 4.652478128671646, 4.474711187183857, 4.747506231069565, 4.776283748447895, 4.677129954099655, 4.477485001087189, 3.8369558602571487, 4.164874613285065, 4.57576958835125, 5.459908537566662, 5.331496350467205, 5.465532667934895, 3.901856943964958, 3.5386577025055885, 3.586687870323658, 3.565071627497673, 3.5354067906737328, 4.381528303027153, 3.8681660667061806, 4.074649907648563, 3.808012142777443, 3.9523511081933975, 4.021593354642391, 3.795870266854763]",62883,52,6,62883,52,6,62883,52,6,4,0,0.0,0.0,0,False,0.0,0.0,3.5998958237469196,0.0,0.0,0.0,0.0,0.0,0.0,0.0,0
gaussian_process,gaussian_process,log_hyperparameters,3,monolithic,nuts_reference,monolithic,0,512,3,,,8,,,squared_exponential,1,37,1e-05,16,0.2,8,,,0.9,3.664290852844715,1.0,3.664290852844715,3.664290852844715,1.0,30,3.5792971029877663,3.631640525534749,3.664290852844715,3.7329678498208523,4.243078775703907,"[3.7433498054742813, 3.7688621804118156, 3.7414060533046722, 3.952871195971966, 4.243078775703907, 3.752895765006542, 3.631734162569046, 3.7349846437573433, 3.72254778444767, 3.651598781347275, 3.6614013016223907, 3.6316093131899834, 3.650083675980568, 3.6284505501389503, 3.5792971029877663, 3.5830494835972786, 3.587168164551258, 3.6236766800284386, 3.6904037222266197, 3.6713541448116302, 3.6653565242886543, 3.7612385526299477, 3.6008835658431053, 3.663225181400776, 3.7269174680113792, 3.678124777972698, 3.66000122576952, 3.642507143318653, 3.584043174982071, 3.7265526950359344]","[3.7433498054742813, 3.7688621804118156, 3.7414060533046722, 3.952871195971966, 4.243078775703907, 3.752895765006542, 3.631734162569046, 3.7349846437573433, 3.72254778444767, 3.651598781347275, 3.6614013016223907, 3.6316093131899834, 3.650083675980568, 3.6284505501389503, 3.5792971029877663, 3.5830494835972786, 3.587168164551258, 3.6236766800284386, 3.6904037222266197, 3.6713541448116302, 3.6653565242886543, 3.7612385526299477, 3.6008835658431053, 3.663225181400776, 3.7269174680113792, 3.678124777972698, 3.66000122576952, 3.642507143318653, 3.584043174982071, 3.7265526950359344]",61778,59,6,61778,59,6,61778,59,6,,0,0.0,0.0,0,False,0.0,0.0,3.664290852844715,0.0,0.0,0.0,0.0,0.0,0.0,0.0,0
gaussian_process,gaussian_process,log_hyperparameters,3,bucketed,bucketed_nuts,history,64,512,3,,,8,,,squared_exponential,1,37,1e-05,16,0.2,8,,,0.9,3.3735841996967793,1.086171453249652,3.664290852844715,3.3735841996967793,1.086171453249652,30,3.2867737486958504,3.3422358632087708,3.3735841996967793,3.4327327366918325,3.932226151227951,"[3.3596825301647186, 3.4489382207393646, 3.4353698268532753, 3.3421159237623215, 3.3882748261094093, 3.2867737486958504, 3.334127329289913, 3.4442928582429886, 3.932226151227951, 3.345451444387436, 3.331365540623665, 3.4116669818758965, 3.4364543110132217, 3.298643745481968, 3.3425956815481186, 3.311276391148567, 3.3505711928009987, 3.3210403248667717, 3.364482544362545, 3.3555025085806847, 3.386905536055565, 3.522035375237465, 3.496644042432308, 3.4248214662075043, 3.363509774208069, 3.416437529027462, 3.3826858550310135, 3.404719464480877, 3.4386358112096786, 3.3177756518125534]","[3.7433498054742813, 3.7688621804118156, 3.7414060533046722, 3.952871195971966, 4.243078775703907, 3.752895765006542, 3.631734162569046, 3.7349846437573433, 3.72254778444767, 3.651598781347275, 3.6614013016223907, 3.6316093131899834, 3.650083675980568, 3.6284505501389503, 3.5792971029877663, 3.5830494835972786, 3.587168164551258, 3.6236766800284386, 3.6904037222266197, 3.6713541448116302, 3.6653565242886543, 3.7612385526299477, 3.6008835658431053, 3.663225181400776, 3.7269174680113792, 3.678124777972698, 3.66000122576952, 3.642507143318653, 3.584043174982071, 3.7265526950359344]",61778,59,6,61778,59,6,61778,59,6,8,0,0.0,0.0,0,False,0.0,0.0,3.3735841996967793,0.0,0.0,0.0,0.0,0.0,0.0,0.0,0
gaussian_process,gaussian_process,log_hyperparameters,3,bucketed,bucketed_nuts,history,128,512,3,,,8,,,squared_exponential,1,37,1e-05,16,0.2,8,,,0.9,3.358655869960785,1.0909991957251335,3.664290852844715,3.358655869960785,1.0909991957251335,30,3.2838855758309364,3.3254824951291084,3.358655869960785,3.4140190817415714,3.6864303275942802,"[3.435078702867031, 3.324035882949829, 3.4021562710404396, 3.313735954463482, 3.313918851315975, 3.3153116106987, 3.3125842437148094, 3.317562982439995, 3.2838855758309364, 3.3431735187768936, 3.3445346355438232, 3.354592852294445, 3.366485081613064, 3.6864303275942802, 3.362718887627125, 3.3257250115275383, 3.4232856705784798, 3.512023016810417, 3.441735476255417, 3.4090316370129585, 3.325401656329632, 3.334554672241211, 3.4686025381088257, 3.3836083114147186, 3.376862220466137, 3.37827555090189, 3.4156815633177757, 3.3297752514481544, 3.345564380288124, 3.5507024973630905]","[3.7433498054742813, 3.7688621804118156, 3.7414060533046722, 3.952871195971966, 4.243078775703907, 3.752895765006542, 3.631734162569046, 3.7349846437573433, 3.72254778444767, 3.651598781347275, 3.6614013016223907, 3.6316093131899834, 3.650083675980568, 3.6284505501389503, 3.5792971029877663, 3.5830494835972786, 3.587168164551258, 3.6236766800284386, 3.6904037222266197, 3.6713541448116302, 3.6653565242886543, 3.7612385526299477, 3.6008835658431053, 3.663225181400776, 3.7269174680113792, 3.678124777972698, 3.66000122576952, 3.642507143318653, 3.584043174982071, 3.7265526950359344]",61778,59,6,61778,59,6,61778,59,6,4,0,0.0,0.0,0,False,0.0,0.0,3.358655869960785,0.0,0.0,0.0,0.0,0.0,0.0,0.0,0
gaussian_process,gaussian_process,log_hyperparameters,3,bucketed,bucketed_nuts,last_depth,64,512,3,,,8,,,squared_exponential,1,37,1e-05,16,0.2,8,,,0.9,3.3258415050804615,1.1017635227797982,3.664290852844715,3.3258415050804615,1.1017635227797982,30,3.25234791636467,3.287738924846053,3.3258415050804615,3.3754756208509207,3.5720313787460327,"[3.4598757177591324, 3.5720313787460327, 3.398596413433552, 3.333471566438675, 3.344618760049343, 3.4656862914562225, 3.40751101821661, 3.3623193353414536, 3.3245637267827988, 3.354334644973278, 3.2824302166700363, 3.274261675775051, 3.308265708386898, 3.2645848765969276, 3.305884599685669, 3.2979001104831696, 3.3271192833781242, 3.2802221179008484, 3.3798610493540764, 3.4928383827209473, 3.331739440560341, 3.4854827597737312, 3.3146989196538925, 3.3274788558483124, 3.281046986579895, 3.25234791636467, 3.3243718668818474, 3.298357605934143, 3.2843518629670143, 3.2547288686037064]","[3.7433498054742813, 3.7688621804118156, 3.7414060533046722, 3.952871195971966, 4.243078775703907, 3.752895765006542, 3.631734162569046, 3.7349846437573433, 3.72254778444767, 3.651598781347275, 3.6614013016223907, 3.6316093131899834, 3.650083675980568, 3.6284505501389503, 3.5792971029877663, 3.5830494835972786, 3.587168164551258, 3.6236766800284386, 3.6904037222266197, 3.6713541448116302, 3.6653565242886543, 3.7612385526299477, 3.6008835658431053, 3.663225181400776, 3.7269174680113792, 3.678124777972698, 3.66000122576952, 3.642507143318653, 3.584043174982071, 3.7265526950359344]",61778,59,6,61778,59,6,61778,59,6,8,0,0.0,0.0,0,False,0.0,0.0,3.3258415050804615,0.0,0.0,0.0,0.0,0.0,0.0,0.0,0
gaussian_process,gaussian_process,log_hyperparameters,3,bucketed,bucketed_nuts,last_depth,128,512,3,,,8,,,squared_exponential,1,37,1e-05,16,0.2,8,,,0.9,3.3535364866256714,1.0926646742799344,3.664290852844715,3.3535364866256714,1.0926646742799344,30,3.277334690093994,3.3134278934448957,3.3535364866256714,3.3842366319149733,3.650308296084404,"[3.346908986568451, 3.2962691634893417, 3.38054608553648, 3.314749389886856, 3.3058591708540916, 3.312987394630909, 3.27910328656435, 3.334707722067833, 3.2916468679904938, 3.3119084164500237, 3.277334690093994, 3.3314061984419823, 3.3679307103157043, 3.393715724349022, 3.384769521653652, 3.3270394280552864, 3.3970345556735992, 3.3797424361109734, 3.349795922636986, 3.3056372851133347, 3.3213944509625435, 3.3826379626989365, 3.368594914674759, 3.358693912625313, 3.5028053149580956, 3.650308296084404, 3.357277050614357, 3.442843608558178, 3.4197516590356827, 3.4390320256352425]","[3.7433498054742813, 3.7688621804118156, 3.7414060533046722, 3.952871195971966, 4.243078775703907, 3.752895765006542, 3.631734162569046, 3.7349846437573433, 3.72254778444767, 3.651598781347275, 3.6614013016223907, 3.6316093131899834, 3.650083675980568, 3.6284505501389503, 3.5792971029877663, 3.5830494835972786, 3.587168164551258, 3.6236766800284386, 3.6904037222266197, 3.6713541448116302, 3.6653565242886543, 3.7612385526299477, 3.6008835658431053, 3.663225181400776, 3.7269174680113792, 3.678124777972698, 3.66000122576952, 3.642507143318653, 3.584043174982071, 3.7265526950359344]",61778,59,6,61778,59,6,61778,59,6,4,0,0.0,0.0,0,False,0.0,0.0,3.3535364866256714,0.0,0.0,0.0,0.0,0.0,0.0,0.0,0
gaussian_process,gaussian_process,log_hyperparameters,4,monolithic,nuts_reference,monolithic,0,512,3,,,8,,,squared_exponential,1,37,1e-05,16,0.2,8,,,0.9,3.4108572266995907,1.0,3.4108572266995907,3.4108572266995907,1.0,30,3.2987625002861023,3.3821005299687386,3.4108572266995907,3.4326971862465143,3.5771644338965416,"[3.5414052605628967, 3.458046033978462, 3.434146210551262, 3.398724712431431, 3.35596814006567, 3.3736015260219574, 3.321054682135582, 3.3221117183566093, 3.383041448891163, 3.3817868903279305, 3.4231162145733833, 3.4162525981664658, 3.392199918627739, 3.2987625002861023, 3.3136470913887024, 3.427782326936722, 3.466572158038616, 3.3586214780807495, 3.4283501133322716, 3.399791941046715, 3.4280602037906647, 3.4578408524394035, 3.407793663442135, 3.42565905302763, 3.4352934509515762, 3.4139207899570465, 3.4608038142323494, 3.3908138051629066, 3.385701060295105, 3.5771644338965416]","[3.5414052605628967, 3.458046033978462, 3.434146210551262, 3.398724712431431, 3.35596814006567, 3.3736015260219574, 3.321054682135582, 3.3221117183566093, 3.383041448891163, 3.3817868903279305, 3.4231162145733833, 3.4162525981664658, 3.392199918627739, 3.2987625002861023, 3.3136470913887024, 3.427782326936722, 3.466572158038616, 3.3586214780807495, 3.4283501133322716, 3.399791941046715, 3.4280602037906647, 3.4578408524394035, 3.407793663442135, 3.42565905302763, 3.4352934509515762, 3.4139207899570465, 3.4608038142323494, 3.3908138051629066, 3.385701060295105, 3.5771644338965416]",62633,76,6,62633,76,6,62633,76,6,,0,0.0,0.0,0,False,0.0,0.0,3.4108572266995907,0.0,0.0,0.0,0.0,0.0,0.0,0.0,0
gaussian_process,gaussian_process,log_hyperparameters,4,bucketed,bucketed_nuts,history,64,512,3,,,8,,,squared_exponential,1,37,1e-05,16,0.2,8,,,0.9,3.527535516768694,0.9669235675971355,3.4108572266995907,3.527535516768694,0.9669235675971355,30,3.349550001323223,3.4624429251998663,3.527535516768694,3.568165587261319,4.1366875022649765,"[3.5912636443972588, 3.349550001323223, 3.417014755308628, 3.4572876021265984, 3.3780702352523804, 3.410809449851513, 3.373827263712883, 3.4419282749295235, 3.5684979185462, 3.5530176758766174, 3.522459864616394, 3.532611168920994, 3.5671685934066772, 3.541455991566181, 3.757452555000782, 3.5685467422008514, 3.8009940534830093, 4.1366875022649765, 3.4831770062446594, 3.4969598799943924, 3.5108655989170074, 3.47790889441967, 3.544904239475727, 3.5093203112483025, 3.5559105798602104, 3.583669863641262, 3.584267668426037, 3.54092738032341, 3.4548278227448463, 3.486174926161766]","[3.5414052605628967, 3.458046033978462, 3.434146210551262, 3.398724712431431, 3.35596814006567, 3.3736015260219574, 3.321054682135582, 3.3221117183566093, 3.383041448891163, 3.3817868903279305, 3.4231162145733833, 3.4162525981664658, 3.392199918627739, 3.2987625002861023, 3.3136470913887024, 3.427782326936722, 3.466572158038616, 3.3586214780807495, 3.4283501133322716, 3.399791941046715, 3.4280602037906647, 3.4578408524394035, 3.407793663442135, 3.42565905302763, 3.4352934509515762, 3.4139207899570465, 3.4608038142323494, 3.3908138051629066, 3.385701060295105, 3.5771644338965416]",62633,76,6,62633,76,6,62633,76,6,8,0,0.0,0.0,0,False,0.0,0.0,3.527535516768694,0.0,0.0,0.0,0.0,0.0,0.0,0.0,0
gaussian_process,gaussian_process,log_hyperparameters,4,bucketed,bucketed_nuts,history,128,512,3,,,8,,,squared_exponential,1,37,1e-05,16,0.2,8,,,0.9,3.333963882178068,1.023063640530889,3.4108572266995907,3.333963882178068,1.023063640530889,30,3.2510096579790115,3.2833007723093033,3.333963882178068,3.6855390407145023,4.208980195224285,"[3.6323125809431076, 3.5033702701330185, 3.9028978124260902, 4.208980195224285, 3.703281193971634, 3.885299913585186, 3.9371781796216965, 3.9528041929006577, 3.798305757343769, 3.784763142466545, 3.4550112038850784, 3.442730352282524, 3.3083747550845146, 3.315793551504612, 3.3412240371108055, 3.2828245162963867, 3.320153594017029, 3.3743119165301323, 3.374292992055416, 3.273360587656498, 3.31186144053936, 3.2932040616869926, 3.284729540348053, 3.2517576813697815, 3.2510096579790115, 3.2646191120147705, 3.2720342501997948, 3.264303795993328, 3.266019970178604, 3.326703727245331]","[3.5414052605628967, 3.458046033978462, 3.434146210551262, 3.398724712431431, 3.35596814006567, 3.3736015260219574, 3.321054682135582, 3.3221117183566093, 3.383041448891163, 3.3817868903279305, 3.4231162145733833, 3.4162525981664658, 3.392199918627739, 3.2987625002861023, 3.3136470913887024, 3.427782326936722, 3.466572158038616, 3.3586214780807495, 3.4283501133322716, 3.399791941046715, 3.4280602037906647, 3.4578408524394035, 3.407793663442135, 3.42565905302763, 3.4352934509515762, 3.4139207899570465, 3.4608038142323494, 3.3908138051629066, 3.385701060295105, 3.5771644338965416]",62633,76,6,62633,76,6,62633,76,6,4,0,0.0,0.0,0,False,0.0,0.0,3.333963882178068,0.0,0.0,0.0,0.0,0.0,0.0,0.0,0
gaussian_process,gaussian_process,log_hyperparameters,4,bucketed,bucketed_nuts,last_depth,64,512,3,,,8,,,squared_exponential,1,37,1e-05,16,0.2,8,,,0.9,3.3527547270059586,1.0173297793678806,3.4108572266995907,3.3527547270059586,1.0173297793678806,30,3.216979071497917,3.2715606912970543,3.3527547270059586,3.390307951718569,3.900536686182022,"[3.2681173905730247, 3.290800452232361, 3.337234266102314, 3.2574772387742996, 3.3569254502654076, 3.3823513984680176, 3.390520252287388, 3.3586667254567146, 3.599004603922367, 3.387929677963257, 3.3188286274671555, 3.680766098201275, 3.3693456798791885, 3.3896710500121117, 3.2648834884166718, 3.242984354496002, 3.3001959323883057, 3.311936154961586, 3.216979071497917, 3.229391001164913, 3.281890593469143, 3.3485840037465096, 3.248577281832695, 3.393072657287121, 3.2519852444529533, 3.4398575723171234, 3.900536686182022, 3.4349585995078087, 3.4165909737348557, 3.3761096149683]","[3.5414052605628967, 3.458046033978462, 3.434146210551262, 3.398724712431431, 3.35596814006567, 3.3736015260219574, 3.321054682135582, 3.3221117183566093, 3.383041448891163, 3.3817868903279305, 3.4231162145733833, 3.4162525981664658, 3.392199918627739, 3.2987625002861023, 3.3136470913887024, 3.427782326936722, 3.466572158038616, 3.3586214780807495, 3.4283501133322716, 3.399791941046715, 3.4280602037906647, 3.4578408524394035, 3.407793663442135, 3.42565905302763, 3.4352934509515762, 3.4139207899570465, 3.4608038142323494, 3.3908138051629066, 3.385701060295105, 3.5771644338965416]",62633,76,6,62633,76,6,62633,76,6,8,0,0.0,0.0,0,False,0.0,0.0,3.3527547270059586,0.0,0.0,0.0,0.0,0.0,0.0,0.0,0
gaussian_process,gaussian_process,log_hyperparameters,4,bucketed,bucketed_nuts,last_depth,128,512,3,,,8,,,squared_exponential,1,37,1e-05,16,0.2,8,,,0.9,3.322575632482767,1.0265702286364076,3.4108572266995907,3.322575632482767,1.0265702286364076,30,3.2698663845658302,3.2985108699649572,3.322575632482767,3.340437911450863,3.6712263226509094,"[3.6491967663168907, 3.3439177498221397, 3.3563182055950165, 3.3127721697092056, 3.3221004754304886, 3.309658169746399, 3.3230507895350456, 3.331011913716793, 3.340755209326744, 3.300393596291542, 3.3131892532110214, 3.2981446012854576, 3.2698663845658302, 3.2981772795319557, 3.6712263226509094, 3.3837396651506424, 3.4796579629182816, 3.3394860178232193, 3.3232406303286552, 3.279929094016552, 3.2785811722278595, 3.2903985157608986, 3.325451985001564, 3.3238195031881332, 3.4313032254576683, 3.332364782691002, 3.284426137804985, 3.320997193455696, 3.285558968782425, 3.299511641263962]","[3.5414052605628967, 3.458046033978462, 3.434146210551262, 3.398724712431431, 3.35596814006567, 3.3736015260219574, 3.321054682135582, 3.3221117183566093, 3.383041448891163, 3.3817868903279305, 3.4231162145733833, 3.4162525981664658, 3.392199918627739, 3.2987625002861023, 3.3136470913887024, 3.427782326936722, 3.466572158038616, 3.3586214780807495, 3.4283501133322716, 3.399791941046715, 3.4280602037906647, 3.4578408524394035, 3.407793663442135, 3.42565905302763, 3.4352934509515762, 3.4139207899570465, 3.4608038142323494, 3.3908138051629066, 3.385701060295105, 3.5771644338965416]",62633,76,6,62633,76,6,62633,76,6,4,0,0.0,0.0,0,False,0.0,0.0,3.322575632482767,0.0,0.0,0.0,0.0,0.0,0.0,0.0,0
gaussian_process,gaussian_process,log_hyperparameters,0,monolithic,nuts_reference,monolithic,0,1024,3,,,8,,,squared_exponential,1,37,1e-05,16,0.2,8,,,0.9,8.138016391545534,1.0,8.138016391545534,8.138016391545534,1.0,30,7.988279491662979,8.082408433780074,8.138016391545534,8.233905736356974,15.07473960518837,"[15.07473960518837, 8.062592171132565, 8.09681099653244, 7.988279491662979, 8.057743392884731, 8.257176920771599, 8.242985233664513, 8.40901805460453, 8.243155144155025, 8.136221259832382, 8.152241602540016, 8.064319550991058, 8.12804115563631, 8.139811523258686, 8.202624969184399, 8.100526139140129, 8.077607579529285, 8.109466843307018, 8.173912890255451, 8.206667244434357, 8.071457743644714, 8.072062090039253, 8.549700446426868, 8.324440315365791, 8.206326864659786, 8.11767666041851, 8.277755245566368, 8.134730264544487, 8.02720481902361, 8.175583191215992]","[15.07473960518837, 8.062592171132565, 8.09681099653244, 7.988279491662979, 8.057743392884731, 8.257176920771599, 8.242985233664513, 8.40901805460453, 8.243155144155025, 8.136221259832382, 8.152241602540016, 8.064319550991058, 8.12804115563631, 8.139811523258686, 8.202624969184399, 8.100526139140129, 8.077607579529285, 8.109466843307018, 8.173912890255451, 8.206667244434357, 8.071457743644714, 8.072062090039253, 8.549700446426868, 8.324440315365791, 8.206326864659786, 8.11767666041851, 8.277755245566368, 8.134730264544487, 8.02720481902361, 8.175583191215992]",125253,128,6,125253,128,6,125253,128,6,,0,0.0,0.0,0,False,0.0,0.0,8.138016391545534,0.0,0.0,0.0,0.0,0.0,0.0,0.0,0
gaussian_process,gaussian_process,log_hyperparameters,0,bucketed,bucketed_nuts,history,64,1024,3,,,8,,,squared_exponential,1,37,1e-05,16,0.2,8,,,0.9,6.862933222204447,1.185792740225952,8.138016391545534,6.862933222204447,1.185792740225952,30,6.5746680572628975,6.772053554654121,6.862933222204447,7.096377309411764,10.15849208086729,"[10.15849208086729, 6.5746680572628975, 6.5894269570708275, 6.776242457330227, 6.807668700814247, 6.7715062871575356, 6.793450929224491, 7.247547969222069, 6.869698330760002, 7.2567669451236725, 6.743378438055515, 6.773695357143879, 6.783179841935635, 7.100116580724716, 7.203394308686256, 7.220727689564228, 7.483977168798447, 6.906914249062538, 6.861771613359451, 6.873100392520428, 6.864094831049442, 6.733151271939278, 6.791455395519733, 6.68930296599865, 7.384013839066029, 7.054829470813274, 7.085159495472908, 6.738502375781536, 6.681188121438026, 7.042576313018799]","[15.07473960518837, 8.062592171132565, 8.09681099653244, 7.988279491662979, 8.057743392884731, 8.257176920771599, 8.242985233664513, 8.40901805460453, 8.243155144155025, 8.136221259832382, 8.152241602540016, 8.064319550991058, 8.12804115563631, 8.139811523258686, 8.202624969184399, 8.100526139140129, 8.077607579529285, 8.109466843307018, 8.173912890255451, 8.206667244434357, 8.071457743644714, 8.072062090039253, 8.549700446426868, 8.324440315365791, 8.206326864659786, 8.11767666041851, 8.277755245566368, 8.134730264544487, 8.02720481902361, 8.175583191215992]",125253,128,6,125253,128,6,125253,128,6,16,0,0.0,0.0,0,False,0.0,0.0,6.862933222204447,0.0,0.0,0.0,0.0,0.0,0.0,0.0,0
gaussian_process,gaussian_process,log_hyperparameters,0,bucketed,bucketed_nuts,history,128,1024,3,,,8,,,squared_exponential,1,37,1e-05,16,0.2,8,,,0.9,6.733453884720802,1.2085946574924782,8.138016391545534,6.733453884720802,1.2085946574924782,30,6.578827627003193,6.676679020747542,6.733453884720802,6.7946601044386625,9.944609262049198,"[9.944609262049198, 6.951499313116074, 6.766618050634861, 6.768767707049847, 6.8311478942632675, 6.835692808032036, 6.849367827177048, 6.605616234242916, 6.708191379904747, 6.681038796901703, 6.590719118714333, 6.787113763391972, 7.2452074736356735, 6.790475495159626, 6.770542114973068, 6.700040355324745, 6.604201786220074, 6.721902221441269, 6.678836539387703, 6.704915255308151, 6.796054974198341, 6.656375654041767, 6.578827627003193, 6.6982723623514175, 6.745005548000336, 6.788456492125988, 6.5901989713311195, 6.663471147418022, 6.675959847867489, 6.802296504378319]","[15.07473960518837, 8.062592171132565, 8.09681099653244, 7.988279491662979, 8.057743392884731, 8.257176920771599, 8.242985233664513, 8.40901805460453, 8.243155144155025, 8.136221259832382, 8.152241602540016, 8.064319550991058, 8.12804115563631, 8.139811523258686, 8.202624969184399, 8.100526139140129, 8.077607579529285, 8.109466843307018, 8.173912890255451, 8.206667244434357, 8.071457743644714, 8.072062090039253, 8.549700446426868, 8.324440315365791, 8.206326864659786, 8.11767666041851, 8.277755245566368, 8.134730264544487, 8.02720481902361, 8.175583191215992]",125253,128,6,125253,128,6,125253,128,6,8,0,0.0,0.0,0,False,0.0,0.0,6.733453884720802,0.0,0.0,0.0,0.0,0.0,0.0,0.0,0
gaussian_process,gaussian_process,log_hyperparameters,0,bucketed,bucketed_nuts,last_depth,64,1024,3,,,8,,,squared_exponential,1,37,1e-05,16,0.2,8,,,0.9,6.830089643597603,1.1914948142992468,8.138016391545534,6.830089643597603,1.1914948142992468,30,6.681949727237225,6.785523671656847,6.830089643597603,6.925242496654391,7.377835750579834,"[6.787144184112549, 6.910483732819557, 6.693138390779495, 6.78498350083828, 6.79947442561388, 6.824259482324123, 6.9176676869392395, 6.830494113266468, 7.187517300248146, 6.726545311510563, 6.719018816947937, 6.709458149969578, 6.7116439789533615, 6.681949727237225, 6.845887087285519, 6.939133182168007, 7.065894171595573, 7.377835750579834, 6.843553423881531, 7.047599263489246, 6.806268185377121, 6.829685173928738, 6.826009005308151, 6.9004696905612946, 6.9277674332261086, 6.995091840624809, 7.072234399616718, 6.819025255739689, 6.886900037527084, 6.752524480223656]","[15.07473960518837, 8.062592171132565, 8.09681099653244, 7.988279491662979, 8.057743392884731, 8.257176920771599, 8.242985233664513, 8.40901805460453, 8.243155144155025, 8.136221259832382, 8.152241602540016, 8.064319550991058, 8.12804115563631, 8.139811523258686, 8.202624969184399, 8.100526139140129, 8.077607579529285, 8.109466843307018, 8.173912890255451, 8.206667244434357, 8.071457743644714, 8.072062090039253, 8.549700446426868, 8.324440315365791, 8.206326864659786, 8.11767666041851, 8.277755245566368, 8.134730264544487, 8.02720481902361, 8.175583191215992]",125253,128,6,125253,128,6,125253,128,6,16,0,0.0,0.0,0,False,0.0,0.0,6.830089643597603,0.0,0.0,0.0,0.0,0.0,0.0,0.0,0
gaussian_process,gaussian_process,log_hyperparameters,0,bucketed,bucketed_nuts,last_depth,128,1024,3,,,8,,,squared_exponential,1,37,1e-05,16,0.2,8,,,0.9,6.76064932718873,1.20373295488313,8.138016391545534,6.76064932718873,1.20373295488313,30,6.604127235710621,6.69626254029572,6.76064932718873,6.912471020594239,7.481091290712357,"[6.81546787917614, 6.924514248967171, 6.716038309037685, 6.876341335475445, 7.059877268970013, 6.696218401193619, 6.772265315055847, 6.696394957602024, 6.6391477435827255, 6.6598415449261665, 6.604127235710621, 6.747805267572403, 6.792934387922287, 6.831499971449375, 6.71506667137146, 6.7671647146344185, 6.6707847863435745, 6.735940665006638, 6.65097576379776, 6.620202407240868, 6.73095215857029, 6.670827262103558, 7.481091290712357, 7.160663612186909, 6.942481338977814, 7.0169889107346535, 6.982936218380928, 6.776921816170216, 6.754133939743042, 7.035452023148537]","[15.07473960518837, 8.062592171132565, 8.09681099653244, 7.988279491662979, 8.057743392884731, 8.257176920771599, 8.242985233664513, 8.40901805460453, 8.243155144155025, 8.136221259832382, 8.152241602540016, 8.064319550991058, 8.12804115563631, 8.139811523258686, 8.202624969184399, 8.100526139140129, 8.077607579529285, 8.109466843307018, 8.173912890255451, 8.206667244434357, 8.071457743644714, 8.072062090039253, 8.549700446426868, 8.324440315365791, 8.206326864659786, 8.11767666041851, 8.277755245566368, 8.134730264544487, 8.02720481902361, 8.175583191215992]",125253,128,6,125253,128,6,125253,128,6,8,0,0.0,0.0,0,False,0.0,0.0,6.76064932718873,0.0,0.0,0.0,0.0,0.0,0.0,0.0,0
gaussian_process,gaussian_process,log_hyperparameters,1,monolithic,nuts_reference,monolithic,0,1024,3,,,8,,,squared_exponential,1,37,1e-05,16,0.2,8,,,0.9,7.749596506357193,1.0,7.749596506357193,7.749596506357193,1.0,30,7.63417711108923,7.719878572970629,7.749596506357193,7.887596810236573,8.047538869082928,"[7.911789581179619, 8.047538869082928, 7.916405700147152, 7.751946829259396, 7.804844483733177, 8.005058214068413, 7.747730694711208, 7.81154578179121, 7.915369175374508, 7.815018497407436, 7.751462318003178, 7.697678975760937, 7.707256644964218, 7.6840232238173485, 7.786441929638386, 7.7472555339336395, 7.732073836028576, 7.728676572442055, 7.694090612232685, 7.694346159696579, 7.720378167927265, 7.63417711108923, 7.724576622247696, 7.7549900859594345, 8.022011891007423, 7.980800285935402, 8.036527708172798, 7.7313994616270065, 7.719712041318417, 7.702326595783234]","[7.911789581179619, 8.047538869082928, 7.916405700147152, 7.751946829259396, 7.804844483733177, 8.005058214068413, 7.747730694711208, 7.81154578179121, 7.915369175374508, 7.815018497407436, 7.751462318003178, 7.697678975760937, 7.707256644964218, 7.6840232238173485, 7.786441929638386, 7.7472555339336395, 7.732073836028576, 7.728676572442055, 7.694090612232685, 7.694346159696579, 7.720378167927265, 7.63417711108923, 7.724576622247696, 7.7549900859594345, 8.022011891007423, 7.980800285935402, 8.036527708172798, 7.7313994616270065, 7.719712041318417, 7.702326595783234]",125227,128,6,125227,128,6,125227,128,6,,0,0.0,0.0,0,False,0.0,0.0,7.749596506357193,0.0,0.0,0.0,0.0,0.0,0.0,0.0,0
gaussian_process,gaussian_process,log_hyperparameters,1,bucketed,bucketed_nuts,history,64,1024,3,,,8,,,squared_exponential,1,37,1e-05,16,0.2,8,,,0.9,6.897625859826803,1.1235165060912398,7.749596506357193,6.897625859826803,1.1235165060912398,30,6.625698417425156,6.717988055199385,6.897625859826803,7.00528796762228,7.3351112231612206,"[6.6465534418821335, 6.751755446195602, 6.671806365251541, 6.707889594137669, 6.67447967082262, 7.108442880213261, 6.966176502406597, 6.796597510576248, 6.775370955467224, 6.748283438384533, 6.988978698849678, 6.750146277248859, 7.066341303288937, 7.193401992321014, 7.057802617549896, 6.9048100635409355, 6.921161837875843, 7.0019862949848175, 6.890441656112671, 7.040550194680691, 7.002264782786369, 6.961267806589603, 6.64541395008564, 7.006295695900917, 6.641544587910175, 6.625698417425156, 6.641462959349155, 6.786290630698204, 7.3351112231612206, 7.084462359547615]","[7.911789581179619, 8.047538869082928, 7.916405700147152, 7.751946829259396, 7.804844483733177, 8.005058214068413, 7.747730694711208, 7.81154578179121, 7.915369175374508, 7.815018497407436, 7.751462318003178, 7.697678975760937, 7.707256644964218, 7.6840232238173485, 7.786441929638386, 7.7472555339336395, 7.732073836028576, 7.728676572442055, 7.694090612232685, 7.694346159696579, 7.720378167927265, 7.63417711108923, 7.724576622247696, 7.7549900859594345, 8.022011891007423, 7.980800285935402, 8.036527708172798, 7.7313994616270065, 7.719712041318417, 7.702326595783234]",125227,128,6,125227,128,6,125227,128,6,16,0,0.0,0.0,0,False,0.0,0.0,6.897625859826803,0.0,0.0,0.0,0.0,0.0,0.0,0.0,0
gaussian_process,gaussian_process,log_hyperparameters,1,bucketed,bucketed_nuts,history,128,1024,3,,,8,,,squared_exponential,1,37,1e-05,16,0.2,8,,,0.9,6.817186251282692,1.1367734752588083,7.749596506357193,6.817186251282692,1.1367734752588083,30,6.64867901802063,6.745120905339718,6.817186251282692,6.891550859436393,7.153191834688187,"[6.821601614356041, 6.891725845634937, 6.821669831871986, 6.812770888209343, 6.947379842400551, 6.891025900840759, 6.979196645319462, 6.675664432346821, 6.7838911935687065, 6.666812114417553, 6.64867901802063, 6.683837756514549, 6.770256042480469, 6.654473878443241, 6.784741908311844, 7.132325239479542, 6.894812159240246, 6.746514283120632, 6.662327192723751, 6.745306245982647, 6.855830162763596, 6.741975761950016, 6.841713860630989, 6.8478162586688995, 7.058700248599052, 7.046760439872742, 7.153191834688187, 6.745059125125408, 6.778216950595379, 6.842123620212078]","[7.911789581179619, 8.047538869082928, 7.916405700147152, 7.751946829259396, 7.804844483733177, 8.005058214068413, 7.747730694711208, 7.81154578179121, 7.915369175374508, 7.815018497407436, 7.751462318003178, 7.697678975760937, 7.707256644964218, 7.6840232238173485, 7.786441929638386, 7.7472555339336395, 7.732073836028576, 7.728676572442055, 7.694090612232685, 7.694346159696579, 7.720378167927265, 7.63417711108923, 7.724576622247696, 7.7549900859594345, 8.022011891007423, 7.980800285935402, 8.036527708172798, 7.7313994616270065, 7.719712041318417, 7.702326595783234]",125227,128,6,125227,128,6,125227,128,6,8,0,0.0,0.0,0,False,0.0,0.0,6.817186251282692,0.0,0.0,0.0,0.0,0.0,0.0,0.0,0
gaussian_process,gaussian_process,log_hyperparameters,1,bucketed,bucketed_nuts,last_depth,64,1024,3,,,8,,,squared_exponential,1,37,1e-05,16,0.2,8,,,0.9,6.7990709990262985,1.1398022623189286,7.749596506357193,6.7990709990262985,1.1398022623189286,30,6.499650426208973,6.699759602546692,6.7990709990262985,6.9464868903160095,7.334530435502529,"[6.950755923986435, 6.687993213534355, 6.706547759473324, 7.243064805865288, 7.08771687746048, 6.851282276213169, 6.933679789304733, 7.248820453882217, 6.871913380920887, 6.7923643887043, 6.843088023364544, 7.03992123156786, 6.600739859044552, 6.684219188988209, 6.581034287810326, 6.499650426208973, 6.707121282815933, 6.787243038415909, 7.004635974764824, 6.73239079862833, 7.31657025963068, 6.723138935863972, 7.334530435502529, 6.75871255248785, 6.805777609348297, 6.697496883571148, 6.534946098923683, 6.589273028075695, 6.835173234343529, 6.855064824223518]","[7.911789581179619, 8.047538869082928, 7.916405700147152, 7.751946829259396, 7.804844483733177, 8.005058214068413, 7.747730694711208, 7.81154578179121, 7.915369175374508, 7.815018497407436, 7.751462318003178, 7.697678975760937, 7.707256644964218, 7.6840232238173485, 7.786441929638386, 7.7472555339336395, 7.732073836028576, 7.728676572442055, 7.694090612232685, 7.694346159696579, 7.720378167927265, 7.63417711108923, 7.724576622247696, 7.7549900859594345, 8.022011891007423, 7.980800285935402, 8.036527708172798, 7.7313994616270065, 7.719712041318417, 7.702326595783234]",125227,128,6,125227,128,6,125227,128,6,16,0,0.0,0.0,0,False,0.0,0.0,6.7990709990262985,0.0,0.0,0.0,0.0,0.0,0.0,0.0,0
gaussian_process,gaussian_process,log_hyperparameters,1,bucketed,bucketed_nuts,last_depth,128,1024,3,,,8,,,squared_exponential,1,37,1e-05,16,0.2,8,,,0.9,6.742549259215593,1.1493570470790682,7.749596506357193,6.742549259215593,1.1493570470790682,30,6.619598761200905,6.701923875138164,6.742549259215593,6.782923514023423,7.240027599036694,"[6.7021336406469345, 6.82059970498085, 6.636687822639942, 6.701853953301907, 6.697349809110165, 6.683023288846016, 6.758478216826916, 6.763734146952629, 7.240027599036694, 6.758397437632084, 6.96243242174387, 6.793052479624748, 6.789319969713688, 6.747712187469006, 6.757410407066345, 6.929972305893898, 6.649425372481346, 6.750588662922382, 6.705748163163662, 6.619598761200905, 6.737386330962181, 6.706454053521156, 6.7529560923576355, 6.80251406878233, 6.6809923350811005, 6.729497313499451, 6.9742641299963, 6.726439505815506, 6.704746171832085, 6.678108893334866]","[7.911789581179619, 8.047538869082928, 7.916405700147152, 7.751946829259396, 7.804844483733177, 8.005058214068413, 7.747730694711208, 7.81154578179121, 7.915369175374508, 7.815018497407436, 7.751462318003178, 7.697678975760937, 7.707256644964218, 7.6840232238173485, 7.786441929638386, 7.7472555339336395, 7.732073836028576, 7.728676572442055, 7.694090612232685, 7.694346159696579, 7.720378167927265, 7.63417711108923, 7.724576622247696, 7.7549900859594345, 8.022011891007423, 7.980800285935402, 8.036527708172798, 7.7313994616270065, 7.719712041318417, 7.702326595783234]",125227,128,6,125227,128,6,125227,128,6,8,0,0.0,0.0,0,False,0.0,0.0,6.742549259215593,0.0,0.0,0.0,0.0,0.0,0.0,0.0,0
gaussian_process,gaussian_process,log_hyperparameters,2,monolithic,nuts_reference,monolithic,0,1024,3,,,8,,,squared_exponential,1,37,1e-05,16,0.2,8,,,0.9,7.835829209536314,1.0,7.835829209536314,7.835829209536314,1.0,30,7.6904294937849045,7.76919674128294,7.835829209536314,7.919520461931825,8.291564293205738,"[7.6904294937849045, 7.809921994805336, 7.75249108672142, 7.8907269313931465, 8.086798414587975, 7.845843814313412, 7.978984467685223, 7.9765873700380325, 7.828151203691959, 7.83778028190136, 7.69487950950861, 7.751825861632824, 7.905553467571735, 7.903842002153397, 7.7653810530900955, 7.769618853926659, 7.733365640044212, 7.804181270301342, 7.84556257724762, 7.924176126718521, 7.9375617653131485, 8.120659373700619, 7.769056037068367, 7.8338781371712685, 7.788556449115276, 7.78166863322258, 7.704028308391571, 8.291564293205738, 7.975654870271683, 7.855818621814251]","[7.6904294937849045, 7.809921994805336, 7.75249108672142, 7.8907269313931465, 8.086798414587975, 7.845843814313412, 7.978984467685223, 7.9765873700380325, 7.828151203691959, 7.83778028190136, 7.69487950950861, 7.751825861632824, 7.905553467571735, 7.903842002153397, 7.7653810530900955, 7.769618853926659, 7.733365640044212, 7.804181270301342, 7.84556257724762, 7.924176126718521, 7.9375617653131485, 8.120659373700619, 7.769056037068367, 7.8338781371712685, 7.788556449115276, 7.78166863322258, 7.704028308391571, 8.291564293205738, 7.975654870271683, 7.855818621814251]",125379,126,6,125379,126,6,125379,126,6,,0,0.0,0.0,0,False,0.0,0.0,7.835829209536314,0.0,0.0,0.0,0.0,0.0,0.0,0.0,0
gaussian_process,gaussian_process,log_hyperparameters,2,bucketed,bucketed_nuts,history,64,1024,3,,,8,,,squared_exponential,1,37,1e-05,16,0.2,8,,,0.9,6.7101229429244995,1.167762390672561,7.835829209536314,6.7101229429244995,1.167762390672561,30,6.544932030141354,6.632224358618259,6.7101229429244995,6.795000724494457,7.2475976422429085,"[6.773244716227055, 6.5967327654361725, 6.620147578418255, 6.704415947198868, 6.79040364921093, 6.812714956700802, 6.597292982041836, 6.780076302587986, 6.629579961299896, 6.819286830723286, 6.65470415353775, 6.713806681334972, 6.688919961452484, 6.75619987398386, 7.240057796239853, 6.795379169285297, 6.59626504778862, 6.699673525989056, 6.706439204514027, 6.974152788519859, 6.896950788795948, 6.9604286924004555, 6.793865390121937, 7.2475976422429085, 6.68253268301487, 6.544932030141354, 6.562470577657223, 6.639405660331249, 6.756984114646912, 6.629830591380596]","[7.6904294937849045, 7.809921994805336, 7.75249108672142, 7.8907269313931465, 8.086798414587975, 7.845843814313412, 7.978984467685223, 7.9765873700380325, 7.828151203691959, 7.83778028190136, 7.69487950950861, 7.751825861632824, 7.905553467571735, 7.903842002153397, 7.7653810530900955, 7.769618853926659, 7.733365640044212, 7.804181270301342, 7.84556257724762, 7.924176126718521, 7.9375617653131485, 8.120659373700619, 7.769056037068367, 7.8338781371712685, 7.788556449115276, 7.78166863322258, 7.704028308391571, 8.291564293205738, 7.975654870271683, 7.855818621814251]",125379,126,6,125379,126,6,125379,126,6,16,0,0.0,0.0,0,False,0.0,0.0,6.7101229429244995,0.0,0.0,0.0,0.0,0.0,0.0,0.0,0
gaussian_process,gaussian_process,log_hyperparameters,2,bucketed,bucketed_nuts,history,128,1024,3,,,8,,,squared_exponential,1,37,1e-05,16,0.2,8,,,0.9,6.695697903633118,1.1702781879219126,7.835829209536314,6.695697903633118,1.1702781879219126,30,6.523906469345093,6.639416616410017,6.695697903633118,6.794547887519002,7.0982323959469795,"[6.7465528175234795, 6.698859982192516, 7.0982323959469795, 6.7972573563456535, 6.801772259175777, 6.7729760110378265, 6.684763230383396, 6.6867911368608475, 6.624280892312527, 6.717305243015289, 6.6464992091059685, 6.891050919890404, 6.595877893269062, 6.638511039316654, 6.523906469345093, 6.682021252810955, 6.794872261583805, 6.793574765324593, 6.627124980092049, 6.5938530415296555, 6.953383691608906, 6.666341036558151, 6.803986579179764, 6.642133347690105, 6.561585672199726, 6.594744943082333, 6.692535825073719, 6.74547915905714, 6.740678250789642, 6.863151848316193]","[7.6904294937849045, 7.809921994805336, 7.75249108672142, 7.8907269313931465, 8.086798414587975, 7.845843814313412, 7.978984467685223, 7.9765873700380325, 7.828151203691959, 7.83778028190136, 7.69487950950861, 7.751825861632824, 7.905553467571735, 7.903842002153397, 7.7653810530900955, 7.769618853926659, 7.733365640044212, 7.804181270301342, 7.84556257724762, 7.924176126718521, 7.9375617653131485, 8.120659373700619, 7.769056037068367, 7.8338781371712685, 7.788556449115276, 7.78166863322258, 7.704028308391571, 8.291564293205738, 7.975654870271683, 7.855818621814251]",125379,126,6,125379,126,6,125379,126,6,8,0,0.0,0.0,0,False,0.0,0.0,6.695697903633118,0.0,0.0,0.0,0.0,0.0,0.0,0.0,0
gaussian_process,gaussian_process,log_hyperparameters,2,bucketed,bucketed_nuts,last_depth,64,1024,3,,,8,,,squared_exponential,1,37,1e-05,16,0.2,8,,,0.9,6.8295065946877,1.1473492412513924,7.835829209536314,6.8295065946877,1.1473492412513924,30,6.5881025195121765,6.74044905975461,6.8295065946877,6.9321022760123014,7.423580951988697,"[6.772642537951469, 6.7973848059773445, 6.681097030639648, 6.725787974894047, 6.740223981440067, 6.6046779453754425, 6.934269770979881, 7.004887901246548, 7.423580951988697, 7.057689748704433, 6.887472487986088, 6.867617331445217, 6.6668641194701195, 6.932631380856037, 6.918130703270435, 7.0483192056417465, 7.035959988832474, 6.78227236866951, 6.812308460474014, 6.5881025195121765, 6.694027200341225, 6.777605690062046, 6.9111747816205025, 6.784185111522675, 6.6139078959822655, 7.184437990188599, 6.930514961481094, 6.864711008965969, 6.741124294698238, 6.846704728901386]","[7.6904294937849045, 7.809921994805336, 7.75249108672142, 7.8907269313931465, 8.086798414587975, 7.845843814313412, 7.978984467685223, 7.9765873700380325, 7.828151203691959, 7.83778028190136, 7.69487950950861, 7.751825861632824, 7.905553467571735, 7.903842002153397, 7.7653810530900955, 7.769618853926659, 7.733365640044212, 7.804181270301342, 7.84556257724762, 7.924176126718521, 7.9375617653131485, 8.120659373700619, 7.769056037068367, 7.8338781371712685, 7.788556449115276, 7.78166863322258, 7.704028308391571, 8.291564293205738, 7.975654870271683, 7.855818621814251]",125379,126,6,125379,126,6,125379,126,6,16,0,0.0,0.0,0,False,0.0,0.0,6.8295065946877,0.0,0.0,0.0,0.0,0.0,0.0,0.0,0
gaussian_process,gaussian_process,log_hyperparameters,2,bucketed,bucketed_nuts,last_depth,128,1024,3,,,8,,,squared_exponential,1,37,1e-05,16,0.2,8,,,0.9,6.785603038966656,1.154772709888669,7.835829209536314,6.785603038966656,1.154772709888669,30,6.62740046530962,6.724343374371529,6.785603038966656,6.853031339123845,7.059587754309177,"[6.864138372242451, 6.853833518922329, 6.680779837071896, 6.694660052657127, 6.814346134662628, 6.785415180027485, 7.031090132892132, 7.059587754309177, 6.785790897905827, 6.761469714343548, 6.714341469109058, 6.62740046530962, 6.821600340306759, 6.797857783734798, 6.8506247997283936, 6.769642658531666, 6.722830161452293, 6.880400903522968, 6.728883013129234, 6.716573171317577, 6.68630014359951, 6.816010303795338, 6.7680079489946365, 6.750233270227909, 6.713468350470066, 6.738654308021069, 7.045511066913605, 6.943885996937752, 6.792857840657234, 6.855266444385052]","[7.6904294937849045, 7.809921994805336, 7.75249108672142, 7.8907269313931465, 8.086798414587975, 7.845843814313412, 7.978984467685223, 7.9765873700380325, 7.828151203691959, 7.83778028190136, 7.69487950950861, 7.751825861632824, 7.905553467571735, 7.903842002153397, 7.7653810530900955, 7.769618853926659, 7.733365640044212, 7.804181270301342, 7.84556257724762, 7.924176126718521, 7.9375617653131485, 8.120659373700619, 7.769056037068367, 7.8338781371712685, 7.788556449115276, 7.78166863322258, 7.704028308391571, 8.291564293205738, 7.975654870271683, 7.855818621814251]",125379,126,6,125379,126,6,125379,126,6,8,0,0.0,0.0,0,False,0.0,0.0,6.785603038966656,0.0,0.0,0.0,0.0,0.0,0.0,0.0,0
gaussian_process,gaussian_process,log_hyperparameters,3,monolithic,nuts_reference,monolithic,0,1024,3,,,8,,,squared_exponential,1,37,1e-05,16,0.2,8,,,0.9,7.595647372305393,1.0,7.595647372305393,7.595647372305393,1.0,30,7.272331543266773,7.4393388740718365,7.595647372305393,7.790295608341694,8.325530529022217,"[7.763400390744209, 7.4690126702189445, 7.573403142392635, 7.440821833908558, 7.349730283021927, 7.414360873401165, 7.3948406502604485, 7.477482125163078, 7.871724970638752, 7.617891602218151, 7.666904799640179, 7.7891596257686615, 7.875597111880779, 7.722436159849167, 7.790674269199371, 7.811671197414398, 8.325530529022217, 7.983201615512371, 7.780358798801899, 7.842516653239727, 7.945577397942543, 7.734464175999165, 7.486952967941761, 7.438844554126263, 7.5458326786756516, 7.399125404655933, 7.536911688745022, 7.272331543266773, 7.329697713255882, 7.340395785868168]","[7.763400390744209, 7.4690126702189445, 7.573403142392635, 7.440821833908558, 7.349730283021927, 7.414360873401165, 7.3948406502604485, 7.477482125163078, 7.871724970638752, 7.617891602218151, 7.666904799640179, 7.7891596257686615, 7.875597111880779, 7.722436159849167, 7.790674269199371, 7.811671197414398, 8.325530529022217, 7.983201615512371, 7.780358798801899, 7.842516653239727, 7.945577397942543, 7.734464175999165, 7.486952967941761, 7.438844554126263, 7.5458326786756516, 7.399125404655933, 7.536911688745022, 7.272331543266773, 7.329697713255882, 7.340395785868168]",125834,147,6,125834,147,6,125834,147,6,,0,0.0,0.0,0,False,0.0,0.0,7.595647372305393,0.0,0.0,0.0,0.0,0.0,0.0,0.0,0
gaussian_process,gaussian_process,log_hyperparameters,3,bucketed,bucketed_nuts,history,64,1024,3,,,8,,,squared_exponential,1,37,1e-05,16,0.2,8,,,0.9,6.787741594016552,1.1190242390784317,7.595647372305393,6.787741594016552,1.1190242390784317,30,6.671000920236111,6.732885641977191,6.787741594016552,6.93408970721066,7.381823472678661,"[6.677927553653717, 6.6988812536001205, 7.381823472678661, 6.837811283767223, 6.851124994456768, 6.777939237654209, 6.671000920236111, 6.76014769077301, 6.756104849278927, 6.740462452173233, 6.746672488749027, 7.013206630945206, 7.080207385122776, 7.0342110469937325, 6.7682216465473175, 6.867202326655388, 6.730218753218651, 6.705977268517017, 6.73036003857851, 7.043367251753807, 7.335033163428307, 6.956385500729084, 6.727985046803951, 6.797543950378895, 6.841926455497742, 6.7592605873942375, 6.8333044201135635, 6.85418763756752, 7.110718779265881, 6.675403922796249]","[7.763400390744209, 7.4690126702189445, 7.573403142392635, 7.440821833908558, 7.349730283021927, 7.414360873401165, 7.3948406502604485, 7.477482125163078, 7.871724970638752, 7.617891602218151, 7.666904799640179, 7.7891596257686615, 7.875597111880779, 7.722436159849167, 7.790674269199371, 7.811671197414398, 8.325530529022217, 7.983201615512371, 7.780358798801899, 7.842516653239727, 7.945577397942543, 7.734464175999165, 7.486952967941761, 7.438844554126263, 7.5458326786756516, 7.399125404655933, 7.536911688745022, 7.272331543266773, 7.329697713255882, 7.340395785868168]",125834,147,6,125834,147,6,125834,147,6,16,0,0.0,0.0,0,False,0.0,0.0,6.787741594016552,0.0,0.0,0.0,0.0,0.0,0.0,0.0,0
gaussian_process,gaussian_process,log_hyperparameters,3,bucketed,bucketed_nuts,history,128,1024,3,,,8,,,squared_exponential,1,37,1e-05,16,0.2,8,,,0.9,6.674873225390911,1.1379463123601958,7.595647372305393,6.674873225390911,1.1379463123601958,30,6.53783942013979,6.595429280772805,6.674873225390911,6.792286155745387,7.154900297522545,"[6.611893057823181, 6.842000760138035, 6.847468942403793, 6.7956637814641, 7.154900297522545, 6.885921195149422, 6.8199973702430725, 7.054609566926956, 6.782153278589249, 6.730629578232765, 6.659055754542351, 6.53783942013979, 6.600478455424309, 6.584608845412731, 6.590441703796387, 6.578130207955837, 6.697099134325981, 6.672832138836384, 6.617580585181713, 6.570780776441097, 6.593746222555637, 6.676914311945438, 6.652500286698341, 6.615303263068199, 6.578571937978268, 7.150045156478882, 6.719396196305752, 6.732865788042545, 6.687577530741692, 6.548040300607681]","[7.763400390744209, 7.4690126702189445, 7.573403142392635, 7.440821833908558, 7.349730283021927, 7.414360873401165, 7.3948406502604485, 7.477482125163078, 7.871724970638752, 7.617891602218151, 7.666904799640179, 7.7891596257686615, 7.875597111880779, 7.722436159849167, 7.790674269199371, 7.811671197414398, 8.325530529022217, 7.983201615512371, 7.780358798801899, 7.842516653239727, 7.945577397942543, 7.734464175999165, 7.486952967941761, 7.438844554126263, 7.5458326786756516, 7.399125404655933, 7.536911688745022, 7.272331543266773, 7.329697713255882, 7.340395785868168]",125834,147,6,125834,147,6,125834,147,6,8,0,0.0,0.0,0,False,0.0,0.0,6.674873225390911,0.0,0.0,0.0,0.0,0.0,0.0,0.0,0
gaussian_process,gaussian_process,log_hyperparameters,3,bucketed,bucketed_nuts,last_depth,64,1024,3,,,8,,,squared_exponential,1,37,1e-05,16,0.2,8,,,0.9,6.797670893371105,1.1173896900058007,7.595647372305393,6.797670893371105,1.1173896900058007,30,6.611301437020302,6.726598706096411,6.797670893371105,6.855669898912311,7.37461081892252,"[6.8506409004330635, 6.724208690226078, 6.8918009996414185, 6.69368926435709, 6.905614599585533, 6.672649368643761, 6.84763216227293, 6.855673909187317, 6.706629566848278, 6.798416569828987, 6.840216413140297, 6.755714491009712, 6.992963470518589, 6.739825651049614, 6.813063859939575, 6.80256761610508, 6.6265274584293365, 6.775967665016651, 6.773234039545059, 6.855657868087292, 6.796925216913223, 7.37461081892252, 6.921154372394085, 6.86374669522047, 6.743196830153465, 6.880415543913841, 6.733768753707409, 6.677851416170597, 6.702719606459141, 6.611301437020302]","[7.763400390744209, 7.4690126702189445, 7.573403142392635, 7.440821833908558, 7.349730283021927, 7.414360873401165, 7.3948406502604485, 7.477482125163078, 7.871724970638752, 7.617891602218151, 7.666904799640179, 7.7891596257686615, 7.875597111880779, 7.722436159849167, 7.790674269199371, 7.811671197414398, 8.325530529022217, 7.983201615512371, 7.780358798801899, 7.842516653239727, 7.945577397942543, 7.734464175999165, 7.486952967941761, 7.438844554126263, 7.5458326786756516, 7.399125404655933, 7.536911688745022, 7.272331543266773, 7.329697713255882, 7.340395785868168]",125834,147,6,125834,147,6,125834,147,6,16,0,0.0,0.0,0,False,0.0,0.0,6.797670893371105,0.0,0.0,0.0,0.0,0.0,0.0,0.0,0
gaussian_process,gaussian_process,log_hyperparameters,3,bucketed,bucketed_nuts,last_depth,128,1024,3,,,8,,,squared_exponential,1,37,1e-05,16,0.2,8,,,0.9,6.585414860397577,1.1534045361337837,7.595647372305393,6.585414860397577,1.1534045361337837,30,6.461480751633644,6.54056366160512,6.585414860397577,6.685528382658958,7.033068388700485,"[6.790890380740166, 7.000402733683586, 6.577957831323147, 6.5482920333743095, 6.479182593524456, 6.461480751633644, 6.509166434407234, 6.68873580545187, 6.650373138487339, 6.731714308261871, 6.579062029719353, 6.66861117631197, 6.710668735206127, 6.591767691075802, 6.612748347222805, 6.705282308161259, 6.518691971898079, 6.604222908616066, 7.033068388700485, 6.643805511295795, 6.757303431630135, 6.513897471129894, 6.50700856000185, 6.675906114280224, 6.561931952834129, 6.54084488004446, 6.541181772947311, 6.571808636188507, 6.5404699221253395, 6.5071559473872185]","[7.763400390744209, 7.4690126702189445, 7.573403142392635, 7.440821833908558, 7.349730283021927, 7.414360873401165, 7.3948406502604485, 7.477482125163078, 7.871724970638752, 7.617891602218151, 7.666904799640179, 7.7891596257686615, 7.875597111880779, 7.722436159849167, 7.790674269199371, 7.811671197414398, 8.325530529022217, 7.983201615512371, 7.780358798801899, 7.842516653239727, 7.945577397942543, 7.734464175999165, 7.486952967941761, 7.438844554126263, 7.5458326786756516, 7.399125404655933, 7.536911688745022, 7.272331543266773, 7.329697713255882, 7.340395785868168]",125834,147,6,125834,147,6,125834,147,6,8,0,0.0,0.0,0,False,0.0,0.0,6.585414860397577,0.0,0.0,0.0,0.0,0.0,0.0,0.0,0
gaussian_process,gaussian_process,log_hyperparameters,4,monolithic,nuts_reference,monolithic,0,1024,3,,,8,,,squared_exponential,1,37,1e-05,16,0.2,8,,,0.9,7.4812389351427555,1.0,7.4812389351427555,7.4812389351427555,1.0,30,7.340050168335438,7.4070800226181746,7.4812389351427555,7.548000747337937,7.813977405428886,"[7.413125067949295, 7.418999627232552, 7.398843787610531, 7.340050168335438, 7.389922775328159, 7.399663195014, 7.625177092850208, 7.52501966804266, 7.602302618324757, 7.48656240850687, 7.5212395787239075, 7.541012100875378, 7.528428882360458, 7.4635771960020065, 7.550330296158791, 7.380547106266022, 7.4519286677241325, 7.374962866306305, 7.475915461778641, 7.529597781598568, 7.6482081562280655, 7.663244046270847, 7.813977405428886, 7.6800325736403465, 7.507751762866974, 7.405065007507801, 7.356123298406601, 7.418373674154282, 7.45750180631876, 7.614669561386108]","[7.413125067949295, 7.418999627232552, 7.398843787610531, 7.340050168335438, 7.389922775328159, 7.399663195014, 7.625177092850208, 7.52501966804266, 7.602302618324757, 7.48656240850687, 7.5212395787239075, 7.541012100875378, 7.528428882360458, 7.4635771960020065, 7.550330296158791, 7.380547106266022, 7.4519286677241325, 7.374962866306305, 7.475915461778641, 7.529597781598568, 7.6482081562280655, 7.663244046270847, 7.813977405428886, 7.6800325736403465, 7.507751762866974, 7.405065007507801, 7.356123298406601, 7.418373674154282, 7.45750180631876, 7.614669561386108]",124923,122,6,124923,122,6,124923,122,6,,0,0.0,0.0,0,False,0.0,0.0,7.4812389351427555,0.0,0.0,0.0,0.0,0.0,0.0,0.0,0
gaussian_process,gaussian_process,log_hyperparameters,4,bucketed,bucketed_nuts,history,64,1024,3,,,8,,,squared_exponential,1,37,1e-05,16,0.2,8,,,0.9,6.609110567718744,1.1319585076521186,7.4812389351427555,6.609110567718744,1.1319585076521186,30,6.42136337608099,6.498352328315377,6.609110567718744,6.736772444099188,6.966394655406475,"[6.8340445682406425, 6.58944246172905, 6.529831148684025, 6.442396067082882, 6.760782845318317, 6.70058449357748, 6.728852428495884, 6.717563405632973, 6.678002223372459, 6.781412437558174, 6.739412449300289, 6.493103429675102, 6.449785515666008, 6.611725717782974, 6.557799264788628, 6.748120151460171, 6.741355948150158, 6.549508012831211, 6.687106542289257, 6.6117589846253395, 6.455544479191303, 6.42136337608099, 6.432061769068241, 6.430230095982552, 6.502961039543152, 6.496816091239452, 6.606495417654514, 6.966394655406475, 6.822900503873825, 6.563126258552074]","[7.413125067949295, 7.418999627232552, 7.398843787610531, 7.340050168335438, 7.389922775328159, 7.399663195014, 7.625177092850208, 7.52501966804266, 7.602302618324757, 7.48656240850687, 7.5212395787239075, 7.541012100875378, 7.528428882360458, 7.4635771960020065, 7.550330296158791, 7.380547106266022, 7.4519286677241325, 7.374962866306305, 7.475915461778641, 7.529597781598568, 7.6482081562280655, 7.663244046270847, 7.813977405428886, 7.6800325736403465, 7.507751762866974, 7.405065007507801, 7.356123298406601, 7.418373674154282, 7.45750180631876, 7.614669561386108]",124923,122,6,124923,122,6,124923,122,6,16,0,0.0,0.0,0,False,0.0,0.0,6.609110567718744,0.0,0.0,0.0,0.0,0.0,0.0,0.0,0
gaussian_process,gaussian_process,log_hyperparameters,4,bucketed,bucketed_nuts,history,128,1024,3,,,8,,,squared_exponential,1,37,1e-05,16,0.2,8,,,0.9,6.530053071677685,1.1456628074878257,7.4812389351427555,6.530053071677685,1.1456628074878257,30,6.377196930348873,6.48132567666471,6.530053071677685,6.604963203892112,6.853575460612774,"[6.590714029967785, 6.736968398094177, 6.632383570075035, 6.609712928533554, 6.7851922661066055, 6.553406983613968, 6.853575460612774, 6.565746143460274, 6.471216090023518, 6.377196930348873, 6.482635349035263, 6.480889119207859, 6.4118306040763855, 6.420380011200905, 6.466160148382187, 6.738483056426048, 6.6221606731414795, 6.523111067712307, 6.455874644219875, 6.495872296392918, 6.558711923658848, 6.545085661113262, 6.487970471382141, 6.497535243630409, 6.48784064501524, 6.536995075643063, 6.67911746352911, 6.548707403242588, 6.4464860036969185, 6.515950962901115]","[7.413125067949295, 7.418999627232552, 7.398843787610531, 7.340050168335438, 7.389922775328159, 7.399663195014, 7.625177092850208, 7.52501966804266, 7.602302618324757, 7.48656240850687, 7.5212395787239075, 7.541012100875378, 7.528428882360458, 7.4635771960020065, 7.550330296158791, 7.380547106266022, 7.4519286677241325, 7.374962866306305, 7.475915461778641, 7.529597781598568, 7.6482081562280655, 7.663244046270847, 7.813977405428886, 7.6800325736403465, 7.507751762866974, 7.405065007507801, 7.356123298406601, 7.418373674154282, 7.45750180631876, 7.614669561386108]",124923,122,6,124923,122,6,124923,122,6,8,0,0.0,0.0,0,False,0.0,0.0,6.530053071677685,0.0,0.0,0.0,0.0,0.0,0.0,0.0,0
gaussian_process,gaussian_process,log_hyperparameters,4,bucketed,bucketed_nuts,last_depth,64,1024,3,,,8,,,squared_exponential,1,37,1e-05,16,0.2,8,,,0.9,6.793490059673786,1.1012364586431727,7.4812389351427555,6.793490059673786,1.1012364586431727,30,6.516810089349747,6.678498540073633,6.793490059673786,6.9636954087764025,7.578022763133049,"[6.622884087264538, 6.667411170899868, 6.6933643370866776, 7.0476329028606415, 6.893143877387047, 6.8483200296759605, 6.673543274402618, 6.83313424885273, 6.787871904671192, 6.711616367101669, 6.79910821467638, 6.730191096663475, 6.729692801833153, 6.576015986502171, 6.599928982555866, 6.613837651908398, 6.727031499147415, 6.516810089349747, 6.640992805361748, 6.762986816465855, 6.933051198720932, 6.907992914319038, 6.816431209445, 6.973910145461559, 7.331071525812149, 7.187118120491505, 7.205701172351837, 6.974808491766453, 7.230145685374737, 7.578022763133049]","[7.413125067949295, 7.418999627232552, 7.398843787610531, 7.340050168335438, 7.389922775328159, 7.399663195014, 7.625177092850208, 7.52501966804266, 7.602302618324757, 7.48656240850687, 7.5212395787239075, 7.541012100875378, 7.528428882360458, 7.4635771960020065, 7.550330296158791, 7.380547106266022, 7.4519286677241325, 7.374962866306305, 7.475915461778641, 7.529597781598568, 7.6482081562280655, 7.663244046270847, 7.813977405428886, 7.6800325736403465, 7.507751762866974, 7.405065007507801, 7.356123298406601, 7.418373674154282, 7.45750180631876, 7.614669561386108]",124923,122,6,124923,122,6,124923,122,6,16,0,0.0,0.0,0,False,0.0,0.0,6.793490059673786,0.0,0.0,0.0,0.0,0.0,0.0,0.0,0
gaussian_process,gaussian_process,log_hyperparameters,4,bucketed,bucketed_nuts,last_depth,128,1024,3,,,8,,,squared_exponential,1,37,1e-05,16,0.2,8,,,0.9,6.844514351338148,1.0930269922920277,7.4812389351427555,6.844514351338148,1.0930269922920277,30,6.48043368011713,6.603259302675724,6.844514351338148,6.972709564492106,7.564608298242092,"[6.973615787923336, 7.206320896744728, 7.004884317517281, 6.941758863627911, 6.952145904302597, 6.858360163867474, 7.066442385315895, 7.058699019253254, 7.564608298242092, 6.969990894198418, 7.164704501628876, 6.969501346349716, 6.862313240766525, 6.830668538808823, 6.859057284891605, 6.591106452047825, 6.826710015535355, 6.757950410246849, 6.606134250760078, 6.57295485585928, 6.48043368011713, 6.518175184726715, 6.602300986647606, 6.4896919801831245, 6.513601019978523, 6.633603915572166, 7.0610668286681175, 6.7749181762337685, 6.708409450948238, 6.559013433754444]","[7.413125067949295, 7.418999627232552, 7.398843787610531, 7.340050168335438, 7.389922775328159, 7.399663195014, 7.625177092850208, 7.52501966804266, 7.602302618324757, 7.48656240850687, 7.5212395787239075, 7.541012100875378, 7.528428882360458, 7.4635771960020065, 7.550330296158791, 7.380547106266022, 7.4519286677241325, 7.374962866306305, 7.475915461778641, 7.529597781598568, 7.6482081562280655, 7.663244046270847, 7.813977405428886, 7.6800325736403465, 7.507751762866974, 7.405065007507801, 7.356123298406601, 7.418373674154282, 7.45750180631876, 7.614669561386108]",124923,122,6,124923,122,6,124923,122,6,8,0,0.0,0.0,0,False,0.0,0.0,6.844514351338148,0.0,0.0,0.0,0.0,0.0,0.0,0.0,0
