row_number,model,seed,method,predictor,bucket_size,num_chains,dimension,repeat,method_seconds,monolithic_seconds_same_index,pairing_note
0,gaussian_process,0,monolithic,monolithic,0,128,3,0,8.343025624752045,8.343025624752045,repeat indices align samples but methods were timed sequentially; use independent-resample intervals
0,gaussian_process,0,monolithic,monolithic,0,128,3,1,1.0349181070923805,1.0349181070923805,repeat indices align samples but methods were timed sequentially; use independent-resample intervals
0,gaussian_process,0,monolithic,monolithic,0,128,3,2,1.0342176631093025,1.0342176631093025,repeat indices align samples but methods were timed sequentially; use independent-resample intervals
0,gaussian_process,0,monolithic,monolithic,0,128,3,3,1.022750549018383,1.022750549018383,repeat indices align samples but methods were timed sequentially; use independent-resample intervals
0,gaussian_process,0,monolithic,monolithic,0,128,3,4,1.0418507531285286,1.0418507531285286,repeat indices align samples but methods were timed sequentially; use independent-resample intervals
0,gaussian_process,0,monolithic,monolithic,0,128,3,5,1.1734895929694176,1.1734895929694176,repeat indices align samples but methods were timed sequentially; use independent-resample intervals
0,gaussian_process,0,monolithic,monolithic,0,128,3,6,1.0069474801421165,1.0069474801421165,repeat indices align samples but methods were timed sequentially; use independent-resample intervals
0,gaussian_process,0,monolithic,monolithic,0,128,3,7,1.0029423609375954,1.0029423609375954,repeat indices align samples but methods were timed sequentially; use independent-resample intervals
0,gaussian_process,0,monolithic,monolithic,0,128,3,8,1.0851334184408188,1.0851334184408188,repeat indices align samples but methods were timed sequentially; use independent-resample intervals
0,gaussian_process,0,monolithic,monolithic,0,128,3,9,1.104401983320713,1.104401983320713,repeat indices align samples but methods were timed sequentially; use independent-resample intervals
0,gaussian_process,0,monolithic,monolithic,0,128,3,10,1.1787292584776878,1.1787292584776878,repeat indices align samples but methods were timed sequentially; use independent-resample intervals
0,gaussian_process,0,monolithic,monolithic,0,128,3,11,1.0013150796294212,1.0013150796294212,repeat indices align samples but methods were timed sequentially; use independent-resample intervals
0,gaussian_process,0,monolithic,monolithic,0,128,3,12,0.9786069095134735,0.9786069095134735,repeat indices align samples but methods were timed sequentially; use independent-resample intervals
0,gaussian_process,0,monolithic,monolithic,0,128,3,13,0.9891222342848778,0.9891222342848778,repeat indices align samples but methods were timed sequentially; use independent-resample intervals
0,gaussian_process,0,monolithic,monolithic,0,128,3,14,0.9829054549336433,0.9829054549336433,repeat indices align samples but methods were timed sequentially; use independent-resample intervals
0,gaussian_process,0,monolithic,monolithic,0,128,3,15,1.033159926533699,1.033159926533699,repeat indices align samples but methods were timed sequentially; use independent-resample intervals
0,gaussian_process,0,monolithic,monolithic,0,128,3,16,0.9949937835335732,0.9949937835335732,repeat indices align samples but methods were timed sequentially; use independent-resample intervals
0,gaussian_process,0,monolithic,monolithic,0,128,3,17,1.0664179995656013,1.0664179995656013,repeat indices align samples but methods were timed sequentially; use independent-resample intervals
0,gaussian_process,0,monolithic,monolithic,0,128,3,18,1.0281399637460709,1.0281399637460709,repeat indices align samples but methods were timed sequentially; use independent-resample intervals
0,gaussian_process,0,monolithic,monolithic,0,128,3,19,1.0576942786574364,1.0576942786574364,repeat indices align samples but methods were timed sequentially; use independent-resample intervals
0,gaussian_process,0,monolithic,monolithic,0,128,3,20,1.0664658099412918,1.0664658099412918,repeat indices align samples but methods were timed sequentially; use independent-resample intervals
0,gaussian_process,0,monolithic,monolithic,0,128,3,21,1.0486339032649994,1.0486339032649994,repeat indices align samples but methods were timed sequentially; use independent-resample intervals
0,gaussian_process,0,monolithic,monolithic,0,128,3,22,1.2421237230300903,1.2421237230300903,repeat indices align samples but methods were timed sequentially; use independent-resample intervals
0,gaussian_process,0,monolithic,monolithic,0,128,3,23,1.5331960022449493,1.5331960022449493,repeat indices align samples but methods were timed sequentially; use independent-resample intervals
0,gaussian_process,0,monolithic,monolithic,0,128,3,24,1.5058633163571358,1.5058633163571358,repeat indices align samples but methods were timed sequentially; use independent-resample intervals
0,gaussian_process,0,monolithic,monolithic,0,128,3,25,1.5574325323104858,1.5574325323104858,repeat indices align samples but methods were timed sequentially; use independent-resample intervals
0,gaussian_process,0,monolithic,monolithic,0,128,3,26,1.6070866212248802,1.6070866212248802,repeat indices align samples but methods were timed sequentially; use independent-resample intervals
0,gaussian_process,0,monolithic,monolithic,0,128,3,27,1.3992551490664482,1.3992551490664482,repeat indices align samples but methods were timed sequentially; use independent-resample intervals
0,gaussian_process,0,monolithic,monolithic,0,128,3,28,1.3484848961234093,1.3484848961234093,repeat indices align samples but methods were timed sequentially; use independent-resample intervals
0,gaussian_process,0,monolithic,monolithic,0,128,3,29,1.5121919065713882,1.5121919065713882,repeat indices align samples but methods were timed sequentially; use independent-resample intervals
1,gaussian_process,0,bucketed,history,64,128,3,0,5.785283863544464,8.343025624752045,repeat indices align samples but methods were timed sequentially; use independent-resample intervals
1,gaussian_process,0,bucketed,history,64,128,3,1,1.1402459666132927,1.0349181070923805,repeat indices align samples but methods were timed sequentially; use independent-resample intervals
1,gaussian_process,0,bucketed,history,64,128,3,2,1.1341710463166237,1.0342176631093025,repeat indices align samples but methods were timed sequentially; use independent-resample intervals
1,gaussian_process,0,bucketed,history,64,128,3,3,1.1215173602104187,1.022750549018383,repeat indices align samples but methods were timed sequentially; use independent-resample intervals
1,gaussian_process,0,bucketed,history,64,128,3,4,1.2907059863209724,1.0418507531285286,repeat indices align samples but methods were timed sequentially; use independent-resample intervals
1,gaussian_process,0,bucketed,history,64,128,3,5,1.1496754959225655,1.1734895929694176,repeat indices align samples but methods were timed sequentially; use independent-resample intervals
1,gaussian_process,0,bucketed,history,64,128,3,6,1.1211547255516052,1.0069474801421165,repeat indices align samples but methods were timed sequentially; use independent-resample intervals
1,gaussian_process,0,bucketed,history,64,128,3,7,1.1142319589853287,1.0029423609375954,repeat indices align samples but methods were timed sequentially; use independent-resample intervals
1,gaussian_process,0,bucketed,history,64,128,3,8,1.1275252476334572,1.0851334184408188,repeat indices align samples but methods were timed sequentially; use independent-resample intervals
1,gaussian_process,0,bucketed,history,64,128,3,9,1.1378447785973549,1.104401983320713,repeat indices align samples but methods were timed sequentially; use independent-resample intervals
1,gaussian_process,0,bucketed,history,64,128,3,10,1.15036953240633,1.1787292584776878,repeat indices align samples but methods were timed sequentially; use independent-resample intervals
1,gaussian_process,0,bucketed,history,64,128,3,11,1.1850740909576416,1.0013150796294212,repeat indices align samples but methods were timed sequentially; use independent-resample intervals
1,gaussian_process,0,bucketed,history,64,128,3,12,1.163994699716568,0.9786069095134735,repeat indices align samples but methods were timed sequentially; use independent-resample intervals
1,gaussian_process,0,bucketed,history,64,128,3,13,1.0844463780522346,0.9891222342848778,repeat indices align samples but methods were timed sequentially; use independent-resample intervals
1,gaussian_process,0,bucketed,history,64,128,3,14,1.1401143074035645,0.9829054549336433,repeat indices align samples but methods were timed sequentially; use independent-resample intervals
1,gaussian_process,0,bucketed,history,64,128,3,15,1.0800982415676117,1.033159926533699,repeat indices align samples but methods were timed sequentially; use independent-resample intervals
1,gaussian_process,0,bucketed,history,64,128,3,16,1.1572185903787613,0.9949937835335732,repeat indices align samples but methods were timed sequentially; use independent-resample intervals
1,gaussian_process,0,bucketed,history,64,128,3,17,1.0961531326174736,1.0664179995656013,repeat indices align samples but methods were timed sequentially; use independent-resample intervals
1,gaussian_process,0,bucketed,history,64,128,3,18,1.0861762762069702,1.0281399637460709,repeat indices align samples but methods were timed sequentially; use independent-resample intervals
1,gaussian_process,0,bucketed,history,64,128,3,19,1.1045688018202782,1.0576942786574364,repeat indices align samples but methods were timed sequentially; use independent-resample intervals
1,gaussian_process,0,bucketed,history,64,128,3,20,1.0566249787807465,1.0664658099412918,repeat indices align samples but methods were timed sequentially; use independent-resample intervals
1,gaussian_process,0,bucketed,history,64,128,3,21,1.129626341164112,1.0486339032649994,repeat indices align samples but methods were timed sequentially; use independent-resample intervals
1,gaussian_process,0,bucketed,history,64,128,3,22,1.1265989243984222,1.2421237230300903,repeat indices align samples but methods were timed sequentially; use independent-resample intervals
1,gaussian_process,0,bucketed,history,64,128,3,23,1.229623794555664,1.5331960022449493,repeat indices align samples but methods were timed sequentially; use independent-resample intervals
1,gaussian_process,0,bucketed,history,64,128,3,24,1.1202711015939713,1.5058633163571358,repeat indices align samples but methods were timed sequentially; use independent-resample intervals
1,gaussian_process,0,bucketed,history,64,128,3,25,1.150103747844696,1.5574325323104858,repeat indices align samples but methods were timed sequentially; use independent-resample intervals
1,gaussian_process,0,bucketed,history,64,128,3,26,1.1056349575519562,1.6070866212248802,repeat indices align samples but methods were timed sequentially; use independent-resample intervals
1,gaussian_process,0,bucketed,history,64,128,3,27,1.075948841869831,1.3992551490664482,repeat indices align samples but methods were timed sequentially; use independent-resample intervals
1,gaussian_process,0,bucketed,history,64,128,3,28,1.084589160978794,1.3484848961234093,repeat indices align samples but methods were timed sequentially; use independent-resample intervals
1,gaussian_process,0,bucketed,history,64,128,3,29,1.1301135048270226,1.5121919065713882,repeat indices align samples but methods were timed sequentially; use independent-resample intervals
2,gaussian_process,0,bucketed,history,128,128,3,0,4.562394306063652,8.343025624752045,repeat indices align samples but methods were timed sequentially; use independent-resample intervals
2,gaussian_process,0,bucketed,history,128,128,3,1,1.0677392482757568,1.0349181070923805,repeat indices align samples but methods were timed sequentially; use independent-resample intervals
2,gaussian_process,0,bucketed,history,128,128,3,2,1.0744555667042732,1.0342176631093025,repeat indices align samples but methods were timed sequentially; use independent-resample intervals
2,gaussian_process,0,bucketed,history,128,128,3,3,1.0686727315187454,1.022750549018383,repeat indices align samples but methods were timed sequentially; use independent-resample intervals
2,gaussian_process,0,bucketed,history,128,128,3,4,1.0798255503177643,1.0418507531285286,repeat indices align samples but methods were timed sequentially; use independent-resample intervals
2,gaussian_process,0,bucketed,history,128,128,3,5,1.0670782625675201,1.1734895929694176,repeat indices align samples but methods were timed sequentially; use independent-resample intervals
2,gaussian_process,0,bucketed,history,128,128,3,6,1.0992450639605522,1.0069474801421165,repeat indices align samples but methods were timed sequentially; use independent-resample intervals
2,gaussian_process,0,bucketed,history,128,128,3,7,1.059768207371235,1.0029423609375954,repeat indices align samples but methods were timed sequentially; use independent-resample intervals
2,gaussian_process,0,bucketed,history,128,128,3,8,1.055099494755268,1.0851334184408188,repeat indices align samples but methods were timed sequentially; use independent-resample intervals
2,gaussian_process,0,bucketed,history,128,128,3,9,1.1059082970023155,1.104401983320713,repeat indices align samples but methods were timed sequentially; use independent-resample intervals
2,gaussian_process,0,bucketed,history,128,128,3,10,1.0971532091498375,1.1787292584776878,repeat indices align samples but methods were timed sequentially; use independent-resample intervals
2,gaussian_process,0,bucketed,history,128,128,3,11,1.1002297401428223,1.0013150796294212,repeat indices align samples but methods were timed sequentially; use independent-resample intervals
2,gaussian_process,0,bucketed,history,128,128,3,12,1.0983058214187622,0.9786069095134735,repeat indices align samples but methods were timed sequentially; use independent-resample intervals
2,gaussian_process,0,bucketed,history,128,128,3,13,1.1482739299535751,0.9891222342848778,repeat indices align samples but methods were timed sequentially; use independent-resample intervals
2,gaussian_process,0,bucketed,history,128,128,3,14,1.2135579586029053,0.9829054549336433,repeat indices align samples but methods were timed sequentially; use independent-resample intervals
2,gaussian_process,0,bucketed,history,128,128,3,15,1.1192800998687744,1.033159926533699,repeat indices align samples but methods were timed sequentially; use independent-resample intervals
2,gaussian_process,0,bucketed,history,128,128,3,16,1.1644041687250137,0.9949937835335732,repeat indices align samples but methods were timed sequentially; use independent-resample intervals
2,gaussian_process,0,bucketed,history,128,128,3,17,1.3890544772148132,1.0664179995656013,repeat indices align samples but methods were timed sequentially; use independent-resample intervals
2,gaussian_process,0,bucketed,history,128,128,3,18,1.2724849730730057,1.0281399637460709,repeat indices align samples but methods were timed sequentially; use independent-resample intervals
2,gaussian_process,0,bucketed,history,128,128,3,19,1.2711126729846,1.0576942786574364,repeat indices align samples but methods were timed sequentially; use independent-resample intervals
2,gaussian_process,0,bucketed,history,128,128,3,20,1.260783314704895,1.0664658099412918,repeat indices align samples but methods were timed sequentially; use independent-resample intervals
2,gaussian_process,0,bucketed,history,128,128,3,21,1.2154642418026924,1.0486339032649994,repeat indices align samples but methods were timed sequentially; use independent-resample intervals
2,gaussian_process,0,bucketed,history,128,128,3,22,1.1978133618831635,1.2421237230300903,repeat indices align samples but methods were timed sequentially; use independent-resample intervals
2,gaussian_process,0,bucketed,history,128,128,3,23,1.095432110130787,1.5331960022449493,repeat indices align samples but methods were timed sequentially; use independent-resample intervals
2,gaussian_process,0,bucketed,history,128,128,3,24,1.1393637359142303,1.5058633163571358,repeat indices align samples but methods were timed sequentially; use independent-resample intervals
2,gaussian_process,0,bucketed,history,128,128,3,25,1.1252391263842583,1.5574325323104858,repeat indices align samples but methods were timed sequentially; use independent-resample intervals
2,gaussian_process,0,bucketed,history,128,128,3,26,1.0615945905447006,1.6070866212248802,repeat indices align samples but methods were timed sequentially; use independent-resample intervals
2,gaussian_process,0,bucketed,history,128,128,3,27,1.0873329117894173,1.3992551490664482,repeat indices align samples but methods were timed sequentially; use independent-resample intervals
2,gaussian_process,0,bucketed,history,128,128,3,28,1.0592424497008324,1.3484848961234093,repeat indices align samples but methods were timed sequentially; use independent-resample intervals
2,gaussian_process,0,bucketed,history,128,128,3,29,1.1115892305970192,1.5121919065713882,repeat indices align samples but methods were timed sequentially; use independent-resample intervals
3,gaussian_process,0,bucketed,last_depth,64,128,3,0,1.195675253868103,8.343025624752045,repeat indices align samples but methods were timed sequentially; use independent-resample intervals
3,gaussian_process,0,bucketed,last_depth,64,128,3,1,1.2548103481531143,1.0349181070923805,repeat indices align samples but methods were timed sequentially; use independent-resample intervals
3,gaussian_process,0,bucketed,last_depth,64,128,3,2,1.1718797609210014,1.0342176631093025,repeat indices align samples but methods were timed sequentially; use independent-resample intervals
3,gaussian_process,0,bucketed,last_depth,64,128,3,3,1.1828895285725594,1.022750549018383,repeat indices align samples but methods were timed sequentially; use independent-resample intervals
3,gaussian_process,0,bucketed,last_depth,64,128,3,4,1.16621994972229,1.0418507531285286,repeat indices align samples but methods were timed sequentially; use independent-resample intervals
3,gaussian_process,0,bucketed,last_depth,64,128,3,5,1.2772114649415016,1.1734895929694176,repeat indices align samples but methods were timed sequentially; use independent-resample intervals
3,gaussian_process,0,bucketed,last_depth,64,128,3,6,1.1063901409506798,1.0069474801421165,repeat indices align samples but methods were timed sequentially; use independent-resample intervals
3,gaussian_process,0,bucketed,last_depth,64,128,3,7,1.1330039352178574,1.0029423609375954,repeat indices align samples but methods were timed sequentially; use independent-resample intervals
3,gaussian_process,0,bucketed,last_depth,64,128,3,8,1.123540848493576,1.0851334184408188,repeat indices align samples but methods were timed sequentially; use independent-resample intervals
3,gaussian_process,0,bucketed,last_depth,64,128,3,9,1.1144550815224648,1.104401983320713,repeat indices align samples but methods were timed sequentially; use independent-resample intervals
3,gaussian_process,0,bucketed,last_depth,64,128,3,10,1.1030917093157768,1.1787292584776878,repeat indices align samples but methods were timed sequentially; use independent-resample intervals
3,gaussian_process,0,bucketed,last_depth,64,128,3,11,1.12665406614542,1.0013150796294212,repeat indices align samples but methods were timed sequentially; use independent-resample intervals
3,gaussian_process,0,bucketed,last_depth,64,128,3,12,1.1675146371126175,0.9786069095134735,repeat indices align samples but methods were timed sequentially; use independent-resample intervals
3,gaussian_process,0,bucketed,last_depth,64,128,3,13,1.179530344903469,0.9891222342848778,repeat indices align samples but methods were timed sequentially; use independent-resample intervals
3,gaussian_process,0,bucketed,last_depth,64,128,3,14,1.1171348243951797,0.9829054549336433,repeat indices align samples but methods were timed sequentially; use independent-resample intervals
3,gaussian_process,0,bucketed,last_depth,64,128,3,15,1.1715366318821907,1.033159926533699,repeat indices align samples but methods were timed sequentially; use independent-resample intervals
3,gaussian_process,0,bucketed,last_depth,64,128,3,16,1.1573957279324532,0.9949937835335732,repeat indices align samples but methods were timed sequentially; use independent-resample intervals
3,gaussian_process,0,bucketed,last_depth,64,128,3,17,1.1257938370108604,1.0664179995656013,repeat indices align samples but methods were timed sequentially; use independent-resample intervals
3,gaussian_process,0,bucketed,last_depth,64,128,3,18,1.1063269972801208,1.0281399637460709,repeat indices align samples but methods were timed sequentially; use independent-resample intervals
3,gaussian_process,0,bucketed,last_depth,64,128,3,19,1.188898243010044,1.0576942786574364,repeat indices align samples but methods were timed sequentially; use independent-resample intervals
3,gaussian_process,0,bucketed,last_depth,64,128,3,20,1.1586526781320572,1.0664658099412918,repeat indices align samples but methods were timed sequentially; use independent-resample intervals
3,gaussian_process,0,bucketed,last_depth,64,128,3,21,1.1410368233919144,1.0486339032649994,repeat indices align samples but methods were timed sequentially; use independent-resample intervals
3,gaussian_process,0,bucketed,last_depth,64,128,3,22,1.1140181124210358,1.2421237230300903,repeat indices align samples but methods were timed sequentially; use independent-resample intervals
3,gaussian_process,0,bucketed,last_depth,64,128,3,23,1.0986901298165321,1.5331960022449493,repeat indices align samples but methods were timed sequentially; use independent-resample intervals
3,gaussian_process,0,bucketed,last_depth,64,128,3,24,1.1197372078895569,1.5058633163571358,repeat indices align samples but methods were timed sequentially; use independent-resample intervals
3,gaussian_process,0,bucketed,last_depth,64,128,3,25,1.0657644122838974,1.5574325323104858,repeat indices align samples but methods were timed sequentially; use independent-resample intervals
3,gaussian_process,0,bucketed,last_depth,64,128,3,26,1.120338998734951,1.6070866212248802,repeat indices align samples but methods were timed sequentially; use independent-resample intervals
3,gaussian_process,0,bucketed,last_depth,64,128,3,27,1.1274869740009308,1.3992551490664482,repeat indices align samples but methods were timed sequentially; use independent-resample intervals
3,gaussian_process,0,bucketed,last_depth,64,128,3,28,1.1590448468923569,1.3484848961234093,repeat indices align samples but methods were timed sequentially; use independent-resample intervals
3,gaussian_process,0,bucketed,last_depth,64,128,3,29,1.1357397809624672,1.5121919065713882,repeat indices align samples but methods were timed sequentially; use independent-resample intervals
4,gaussian_process,0,bucketed,last_depth,128,128,3,0,1.1540368795394897,8.343025624752045,repeat indices align samples but methods were timed sequentially; use independent-resample intervals
4,gaussian_process,0,bucketed,last_depth,128,128,3,1,1.3370878770947456,1.0349181070923805,repeat indices align samples but methods were timed sequentially; use independent-resample intervals
4,gaussian_process,0,bucketed,last_depth,128,128,3,2,1.0872993096709251,1.0342176631093025,repeat indices align samples but methods were timed sequentially; use independent-resample intervals
4,gaussian_process,0,bucketed,last_depth,128,128,3,3,1.143110103905201,1.022750549018383,repeat indices align samples but methods were timed sequentially; use independent-resample intervals
4,gaussian_process,0,bucketed,last_depth,128,128,3,4,1.081455297768116,1.0418507531285286,repeat indices align samples but methods were timed sequentially; use independent-resample intervals
4,gaussian_process,0,bucketed,last_depth,128,128,3,5,1.1051803454756737,1.1734895929694176,repeat indices align samples but methods were timed sequentially; use independent-resample intervals
4,gaussian_process,0,bucketed,last_depth,128,128,3,6,1.065351702272892,1.0069474801421165,repeat indices align samples but methods were timed sequentially; use independent-resample intervals
4,gaussian_process,0,bucketed,last_depth,128,128,3,7,1.0878377929329872,1.0029423609375954,repeat indices align samples but methods were timed sequentially; use independent-resample intervals
4,gaussian_process,0,bucketed,last_depth,128,128,3,8,1.1180400475859642,1.0851334184408188,repeat indices align samples but methods were timed sequentially; use independent-resample intervals
4,gaussian_process,0,bucketed,last_depth,128,128,3,9,1.2497915774583817,1.104401983320713,repeat indices align samples but methods were timed sequentially; use independent-resample intervals
4,gaussian_process,0,bucketed,last_depth,128,128,3,10,1.2099433615803719,1.1787292584776878,repeat indices align samples but methods were timed sequentially; use independent-resample intervals
4,gaussian_process,0,bucketed,last_depth,128,128,3,11,1.208122156560421,1.0013150796294212,repeat indices align samples but methods were timed sequentially; use independent-resample intervals
4,gaussian_process,0,bucketed,last_depth,128,128,3,12,1.1343157291412354,0.9786069095134735,repeat indices align samples but methods were timed sequentially; use independent-resample intervals
4,gaussian_process,0,bucketed,last_depth,128,128,3,13,1.132425308227539,0.9891222342848778,repeat indices align samples but methods were timed sequentially; use independent-resample intervals
4,gaussian_process,0,bucketed,last_depth,128,128,3,14,1.0917599946260452,0.9829054549336433,repeat indices align samples but methods were timed sequentially; use independent-resample intervals
4,gaussian_process,0,bucketed,last_depth,128,128,3,15,1.109478771686554,1.033159926533699,repeat indices align samples but methods were timed sequentially; use independent-resample intervals
4,gaussian_process,0,bucketed,last_depth,128,128,3,16,1.1122851371765137,0.9949937835335732,repeat indices align samples but methods were timed sequentially; use independent-resample intervals
4,gaussian_process,0,bucketed,last_depth,128,128,3,17,1.1049034371972084,1.0664179995656013,repeat indices align samples but methods were timed sequentially; use independent-resample intervals
4,gaussian_process,0,bucketed,last_depth,128,128,3,18,1.0626211538910866,1.0281399637460709,repeat indices align samples but methods were timed sequentially; use independent-resample intervals
4,gaussian_process,0,bucketed,last_depth,128,128,3,19,1.0883931294083595,1.0576942786574364,repeat indices align samples but methods were timed sequentially; use independent-resample intervals
4,gaussian_process,0,bucketed,last_depth,128,128,3,20,1.0959303081035614,1.0664658099412918,repeat indices align samples but methods were timed sequentially; use independent-resample intervals
4,gaussian_process,0,bucketed,last_depth,128,128,3,21,1.0703387185931206,1.0486339032649994,repeat indices align samples but methods were timed sequentially; use independent-resample intervals
4,gaussian_process,0,bucketed,last_depth,128,128,3,22,1.068357765674591,1.2421237230300903,repeat indices align samples but methods were timed sequentially; use independent-resample intervals
4,gaussian_process,0,bucketed,last_depth,128,128,3,23,1.1010624840855598,1.5331960022449493,repeat indices align samples but methods were timed sequentially; use independent-resample intervals
4,gaussian_process,0,bucketed,last_depth,128,128,3,24,1.0823500230908394,1.5058633163571358,repeat indices align samples but methods were timed sequentially; use independent-resample intervals
4,gaussian_process,0,bucketed,last_depth,128,128,3,25,1.1193258538842201,1.5574325323104858,repeat indices align samples but methods were timed sequentially; use independent-resample intervals
4,gaussian_process,0,bucketed,last_depth,128,128,3,26,1.090166263282299,1.6070866212248802,repeat indices align samples but methods were timed sequentially; use independent-resample intervals
4,gaussian_process,0,bucketed,last_depth,128,128,3,27,1.0802014395594597,1.3992551490664482,repeat indices align samples but methods were timed sequentially; use independent-resample intervals
4,gaussian_process,0,bucketed,last_depth,128,128,3,28,1.066897727549076,1.3484848961234093,repeat indices align samples but methods were timed sequentially; use independent-resample intervals
4,gaussian_process,0,bucketed,last_depth,128,128,3,29,1.0811929181218147,1.5121919065713882,repeat indices align samples but methods were timed sequentially; use independent-resample intervals
5,gaussian_process,1,monolithic,monolithic,0,128,3,0,1.0024716556072235,1.0024716556072235,repeat indices align samples but methods were timed sequentially; use independent-resample intervals
5,gaussian_process,1,monolithic,monolithic,0,128,3,1,1.0009523034095764,1.0009523034095764,repeat indices align samples but methods were timed sequentially; use independent-resample intervals
5,gaussian_process,1,monolithic,monolithic,0,128,3,2,1.0048627778887749,1.0048627778887749,repeat indices align samples but methods were timed sequentially; use independent-resample intervals
5,gaussian_process,1,monolithic,monolithic,0,128,3,3,1.0112194642424583,1.0112194642424583,repeat indices align samples but methods were timed sequentially; use independent-resample intervals
5,gaussian_process,1,monolithic,monolithic,0,128,3,4,0.9857633635401726,0.9857633635401726,repeat indices align samples but methods were timed sequentially; use independent-resample intervals
5,gaussian_process,1,monolithic,monolithic,0,128,3,5,0.9989855587482452,0.9989855587482452,repeat indices align samples but methods were timed sequentially; use independent-resample intervals
5,gaussian_process,1,monolithic,monolithic,0,128,3,6,1.0248140916228294,1.0248140916228294,repeat indices align samples but methods were timed sequentially; use independent-resample intervals
5,gaussian_process,1,monolithic,monolithic,0,128,3,7,1.0606659427285194,1.0606659427285194,repeat indices align samples but methods were timed sequentially; use independent-resample intervals
5,gaussian_process,1,monolithic,monolithic,0,128,3,8,1.0221139788627625,1.0221139788627625,repeat indices align samples but methods were timed sequentially; use independent-resample intervals
5,gaussian_process,1,monolithic,monolithic,0,128,3,9,0.9931100830435753,0.9931100830435753,repeat indices align samples but methods were timed sequentially; use independent-resample intervals
5,gaussian_process,1,monolithic,monolithic,0,128,3,10,1.0233694165945053,1.0233694165945053,repeat indices align samples but methods were timed sequentially; use independent-resample intervals
5,gaussian_process,1,monolithic,monolithic,0,128,3,11,1.0180814191699028,1.0180814191699028,repeat indices align samples but methods were timed sequentially; use independent-resample intervals
5,gaussian_process,1,monolithic,monolithic,0,128,3,12,1.046344354748726,1.046344354748726,repeat indices align samples but methods were timed sequentially; use independent-resample intervals
5,gaussian_process,1,monolithic,monolithic,0,128,3,13,1.0056925863027573,1.0056925863027573,repeat indices align samples but methods were timed sequentially; use independent-resample intervals
5,gaussian_process,1,monolithic,monolithic,0,128,3,14,1.0566481724381447,1.0566481724381447,repeat indices align samples but methods were timed sequentially; use independent-resample intervals
5,gaussian_process,1,monolithic,monolithic,0,128,3,15,1.0177569836378098,1.0177569836378098,repeat indices align samples but methods were timed sequentially; use independent-resample intervals
5,gaussian_process,1,monolithic,monolithic,0,128,3,16,1.140255220234394,1.140255220234394,repeat indices align samples but methods were timed sequentially; use independent-resample intervals
5,gaussian_process,1,monolithic,monolithic,0,128,3,17,1.197399154305458,1.197399154305458,repeat indices align samples but methods were timed sequentially; use independent-resample intervals
5,gaussian_process,1,monolithic,monolithic,0,128,3,18,1.0575148090720177,1.0575148090720177,repeat indices align samples but methods were timed sequentially; use independent-resample intervals
5,gaussian_process,1,monolithic,monolithic,0,128,3,19,1.0317257568240166,1.0317257568240166,repeat indices align samples but methods were timed sequentially; use independent-resample intervals
5,gaussian_process,1,monolithic,monolithic,0,128,3,20,1.0217019468545914,1.0217019468545914,repeat indices align samples but methods were timed sequentially; use independent-resample intervals
5,gaussian_process,1,monolithic,monolithic,0,128,3,21,1.0466272979974747,1.0466272979974747,repeat indices align samples but methods were timed sequentially; use independent-resample intervals
5,gaussian_process,1,monolithic,monolithic,0,128,3,22,0.9958334118127823,0.9958334118127823,repeat indices align samples but methods were timed sequentially; use independent-resample intervals
5,gaussian_process,1,monolithic,monolithic,0,128,3,23,0.987501747906208,0.987501747906208,repeat indices align samples but methods were timed sequentially; use independent-resample intervals
5,gaussian_process,1,monolithic,monolithic,0,128,3,24,1.018489733338356,1.018489733338356,repeat indices align samples but methods were timed sequentially; use independent-resample intervals
5,gaussian_process,1,monolithic,monolithic,0,128,3,25,1.0642437785863876,1.0642437785863876,repeat indices align samples but methods were timed sequentially; use independent-resample intervals
5,gaussian_process,1,monolithic,monolithic,0,128,3,26,0.9766415134072304,0.9766415134072304,repeat indices align samples but methods were timed sequentially; use independent-resample intervals
5,gaussian_process,1,monolithic,monolithic,0,128,3,27,0.9864806309342384,0.9864806309342384,repeat indices align samples but methods were timed sequentially; use independent-resample intervals
5,gaussian_process,1,monolithic,monolithic,0,128,3,28,0.9743047505617142,0.9743047505617142,repeat indices align samples but methods were timed sequentially; use independent-resample intervals
5,gaussian_process,1,monolithic,monolithic,0,128,3,29,1.0178331062197685,1.0178331062197685,repeat indices align samples but methods were timed sequentially; use independent-resample intervals
6,gaussian_process,1,bucketed,history,64,128,3,0,1.096786506474018,1.0024716556072235,repeat indices align samples but methods were timed sequentially; use independent-resample intervals
6,gaussian_process,1,bucketed,history,64,128,3,1,1.0488713905215263,1.0009523034095764,repeat indices align samples but methods were timed sequentially; use independent-resample intervals
6,gaussian_process,1,bucketed,history,64,128,3,2,1.0349305123090744,1.0048627778887749,repeat indices align samples but methods were timed sequentially; use independent-resample intervals
6,gaussian_process,1,bucketed,history,64,128,3,3,1.0730660557746887,1.0112194642424583,repeat indices align samples but methods were timed sequentially; use independent-resample intervals
6,gaussian_process,1,bucketed,history,64,128,3,4,1.0695835798978806,0.9857633635401726,repeat indices align samples but methods were timed sequentially; use independent-resample intervals
6,gaussian_process,1,bucketed,history,64,128,3,5,1.1646398454904556,0.9989855587482452,repeat indices align samples but methods were timed sequentially; use independent-resample intervals
6,gaussian_process,1,bucketed,history,64,128,3,6,1.2355812415480614,1.0248140916228294,repeat indices align samples but methods were timed sequentially; use independent-resample intervals
6,gaussian_process,1,bucketed,history,64,128,3,7,1.068954512476921,1.0606659427285194,repeat indices align samples but methods were timed sequentially; use independent-resample intervals
6,gaussian_process,1,bucketed,history,64,128,3,8,1.1645232662558556,1.0221139788627625,repeat indices align samples but methods were timed sequentially; use independent-resample intervals
6,gaussian_process,1,bucketed,history,64,128,3,9,1.13809385150671,0.9931100830435753,repeat indices align samples but methods were timed sequentially; use independent-resample intervals
6,gaussian_process,1,bucketed,history,64,128,3,10,1.0947884768247604,1.0233694165945053,repeat indices align samples but methods were timed sequentially; use independent-resample intervals
6,gaussian_process,1,bucketed,history,64,128,3,11,1.0858415812253952,1.0180814191699028,repeat indices align samples but methods were timed sequentially; use independent-resample intervals
6,gaussian_process,1,bucketed,history,64,128,3,12,1.0930078253149986,1.046344354748726,repeat indices align samples but methods were timed sequentially; use independent-resample intervals
6,gaussian_process,1,bucketed,history,64,128,3,13,1.0655594170093536,1.0056925863027573,repeat indices align samples but methods were timed sequentially; use independent-resample intervals
6,gaussian_process,1,bucketed,history,64,128,3,14,1.0990298241376877,1.0566481724381447,repeat indices align samples but methods were timed sequentially; use independent-resample intervals
6,gaussian_process,1,bucketed,history,64,128,3,15,1.0392145588994026,1.0177569836378098,repeat indices align samples but methods were timed sequentially; use independent-resample intervals
6,gaussian_process,1,bucketed,history,64,128,3,16,1.0332407653331757,1.140255220234394,repeat indices align samples but methods were timed sequentially; use independent-resample intervals
6,gaussian_process,1,bucketed,history,64,128,3,17,1.086478941142559,1.197399154305458,repeat indices align samples but methods were timed sequentially; use independent-resample intervals
6,gaussian_process,1,bucketed,history,64,128,3,18,1.1370225921273232,1.0575148090720177,repeat indices align samples but methods were timed sequentially; use independent-resample intervals
6,gaussian_process,1,bucketed,history,64,128,3,19,1.1151534169912338,1.0317257568240166,repeat indices align samples but methods were timed sequentially; use independent-resample intervals
6,gaussian_process,1,bucketed,history,64,128,3,20,1.092314325273037,1.0217019468545914,repeat indices align samples but methods were timed sequentially; use independent-resample intervals
6,gaussian_process,1,bucketed,history,64,128,3,21,1.1177686527371407,1.0466272979974747,repeat indices align samples but methods were timed sequentially; use independent-resample intervals
6,gaussian_process,1,bucketed,history,64,128,3,22,1.0898628905415535,0.9958334118127823,repeat indices align samples but methods were timed sequentially; use independent-resample intervals
6,gaussian_process,1,bucketed,history,64,128,3,23,1.1109278947114944,0.987501747906208,repeat indices align samples but methods were timed sequentially; use independent-resample intervals
6,gaussian_process,1,bucketed,history,64,128,3,24,1.1321995854377747,1.018489733338356,repeat indices align samples but methods were timed sequentially; use independent-resample intervals
6,gaussian_process,1,bucketed,history,64,128,3,25,1.1434636414051056,1.0642437785863876,repeat indices align samples but methods were timed sequentially; use independent-resample intervals
6,gaussian_process,1,bucketed,history,64,128,3,26,1.0693254321813583,0.9766415134072304,repeat indices align samples but methods were timed sequentially; use independent-resample intervals
6,gaussian_process,1,bucketed,history,64,128,3,27,1.21521358191967,0.9864806309342384,repeat indices align samples but methods were timed sequentially; use independent-resample intervals
6,gaussian_process,1,bucketed,history,64,128,3,28,1.1110723242163658,0.9743047505617142,repeat indices align samples but methods were timed sequentially; use independent-resample intervals
6,gaussian_process,1,bucketed,history,64,128,3,29,1.1422160938382149,1.0178331062197685,repeat indices align samples but methods were timed sequentially; use independent-resample intervals
7,gaussian_process,1,bucketed,history,128,128,3,0,1.1087198182940483,1.0024716556072235,repeat indices align samples but methods were timed sequentially; use independent-resample intervals
7,gaussian_process,1,bucketed,history,128,128,3,1,1.1488279700279236,1.0009523034095764,repeat indices align samples but methods were timed sequentially; use independent-resample intervals
7,gaussian_process,1,bucketed,history,128,128,3,2,1.2066830918192863,1.0048627778887749,repeat indices align samples but methods were timed sequentially; use independent-resample intervals
7,gaussian_process,1,bucketed,history,128,128,3,3,1.146631009876728,1.0112194642424583,repeat indices align samples but methods were timed sequentially; use independent-resample intervals
7,gaussian_process,1,bucketed,history,128,128,3,4,1.16677825152874,0.9857633635401726,repeat indices align samples but methods were timed sequentially; use independent-resample intervals
7,gaussian_process,1,bucketed,history,128,128,3,5,1.1160572096705437,0.9989855587482452,repeat indices align samples but methods were timed sequentially; use independent-resample intervals
7,gaussian_process,1,bucketed,history,128,128,3,6,1.0889995098114014,1.0248140916228294,repeat indices align samples but methods were timed sequentially; use independent-resample intervals
7,gaussian_process,1,bucketed,history,128,128,3,7,1.122252568602562,1.0606659427285194,repeat indices align samples but methods were timed sequentially; use independent-resample intervals
7,gaussian_process,1,bucketed,history,128,128,3,8,1.0772416591644287,1.0221139788627625,repeat indices align samples but methods were timed sequentially; use independent-resample intervals
7,gaussian_process,1,bucketed,history,128,128,3,9,1.1099263951182365,0.9931100830435753,repeat indices align samples but methods were timed sequentially; use independent-resample intervals
7,gaussian_process,1,bucketed,history,128,128,3,10,1.1016737297177315,1.0233694165945053,repeat indices align samples but methods were timed sequentially; use independent-resample intervals
7,gaussian_process,1,bucketed,history,128,128,3,11,1.0925253555178642,1.0180814191699028,repeat indices align samples but methods were timed sequentially; use independent-resample intervals
7,gaussian_process,1,bucketed,history,128,128,3,12,1.1439444795250893,1.046344354748726,repeat indices align samples but methods were timed sequentially; use independent-resample intervals
7,gaussian_process,1,bucketed,history,128,128,3,13,1.1506280452013016,1.0056925863027573,repeat indices align samples but methods were timed sequentially; use independent-resample intervals
7,gaussian_process,1,bucketed,history,128,128,3,14,1.081257663667202,1.0566481724381447,repeat indices align samples but methods were timed sequentially; use independent-resample intervals
7,gaussian_process,1,bucketed,history,128,128,3,15,1.1278380528092384,1.0177569836378098,repeat indices align samples but methods were timed sequentially; use independent-resample intervals
7,gaussian_process,1,bucketed,history,128,128,3,16,1.3415071740746498,1.140255220234394,repeat indices align samples but methods were timed sequentially; use independent-resample intervals
7,gaussian_process,1,bucketed,history,128,128,3,17,1.2264172285795212,1.197399154305458,repeat indices align samples but methods were timed sequentially; use independent-resample intervals
7,gaussian_process,1,bucketed,history,128,128,3,18,1.2139816731214523,1.0575148090720177,repeat indices align samples but methods were timed sequentially; use independent-resample intervals
7,gaussian_process,1,bucketed,history,128,128,3,19,1.2106281593441963,1.0317257568240166,repeat indices align samples but methods were timed sequentially; use independent-resample intervals
7,gaussian_process,1,bucketed,history,128,128,3,20,1.1579901725053787,1.0217019468545914,repeat indices align samples but methods were timed sequentially; use independent-resample intervals
7,gaussian_process,1,bucketed,history,128,128,3,21,1.1366019397974014,1.0466272979974747,repeat indices align samples but methods were timed sequentially; use independent-resample intervals
7,gaussian_process,1,bucketed,history,128,128,3,22,1.085808403789997,0.9958334118127823,repeat indices align samples but methods were timed sequentially; use independent-resample intervals
7,gaussian_process,1,bucketed,history,128,128,3,23,1.1080729141831398,0.987501747906208,repeat indices align samples but methods were timed sequentially; use independent-resample intervals
7,gaussian_process,1,bucketed,history,128,128,3,24,1.0944369956851006,1.018489733338356,repeat indices align samples but methods were timed sequentially; use independent-resample intervals
7,gaussian_process,1,bucketed,history,128,128,3,25,1.1047925129532814,1.0642437785863876,repeat indices align samples but methods were timed sequentially; use independent-resample intervals
7,gaussian_process,1,bucketed,history,128,128,3,26,1.1202835887670517,0.9766415134072304,repeat indices align samples but methods were timed sequentially; use independent-resample intervals
7,gaussian_process,1,bucketed,history,128,128,3,27,1.142581194639206,0.9864806309342384,repeat indices align samples but methods were timed sequentially; use independent-resample intervals
7,gaussian_process,1,bucketed,history,128,128,3,28,1.1787085235118866,0.9743047505617142,repeat indices align samples but methods were timed sequentially; use independent-resample intervals
7,gaussian_process,1,bucketed,history,128,128,3,29,1.2549982145428658,1.0178331062197685,repeat indices align samples but methods were timed sequentially; use independent-resample intervals
8,gaussian_process,1,bucketed,last_depth,64,128,3,0,1.1181181371212006,1.0024716556072235,repeat indices align samples but methods were timed sequentially; use independent-resample intervals
8,gaussian_process,1,bucketed,last_depth,64,128,3,1,1.148068368434906,1.0009523034095764,repeat indices align samples but methods were timed sequentially; use independent-resample intervals
8,gaussian_process,1,bucketed,last_depth,64,128,3,2,1.3455345258116722,1.0048627778887749,repeat indices align samples but methods were timed sequentially; use independent-resample intervals
8,gaussian_process,1,bucketed,last_depth,64,128,3,3,1.155926451086998,1.0112194642424583,repeat indices align samples but methods were timed sequentially; use independent-resample intervals
8,gaussian_process,1,bucketed,last_depth,64,128,3,4,1.0963151827454567,0.9857633635401726,repeat indices align samples but methods were timed sequentially; use independent-resample intervals
8,gaussian_process,1,bucketed,last_depth,64,128,3,5,1.0897981449961662,0.9989855587482452,repeat indices align samples but methods were timed sequentially; use independent-resample intervals
8,gaussian_process,1,bucketed,last_depth,64,128,3,6,1.1451170295476913,1.0248140916228294,repeat indices align samples but methods were timed sequentially; use independent-resample intervals
8,gaussian_process,1,bucketed,last_depth,64,128,3,7,1.1399015486240387,1.0606659427285194,repeat indices align samples but methods were timed sequentially; use independent-resample intervals
8,gaussian_process,1,bucketed,last_depth,64,128,3,8,1.1321974694728851,1.0221139788627625,repeat indices align samples but methods were timed sequentially; use independent-resample intervals
8,gaussian_process,1,bucketed,last_depth,64,128,3,9,1.1285613402724266,0.9931100830435753,repeat indices align samples but methods were timed sequentially; use independent-resample intervals
8,gaussian_process,1,bucketed,last_depth,64,128,3,10,1.1460698321461678,1.0233694165945053,repeat indices align samples but methods were timed sequentially; use independent-resample intervals
8,gaussian_process,1,bucketed,last_depth,64,128,3,11,1.1237767562270164,1.0180814191699028,repeat indices align samples but methods were timed sequentially; use independent-resample intervals
8,gaussian_process,1,bucketed,last_depth,64,128,3,12,1.095974363386631,1.046344354748726,repeat indices align samples but methods were timed sequentially; use independent-resample intervals
8,gaussian_process,1,bucketed,last_depth,64,128,3,13,1.2323846146464348,1.0056925863027573,repeat indices align samples but methods were timed sequentially; use independent-resample intervals
8,gaussian_process,1,bucketed,last_depth,64,128,3,14,1.2140387818217278,1.0566481724381447,repeat indices align samples but methods were timed sequentially; use independent-resample intervals
8,gaussian_process,1,bucketed,last_depth,64,128,3,15,1.1119284331798553,1.0177569836378098,repeat indices align samples but methods were timed sequentially; use independent-resample intervals
8,gaussian_process,1,bucketed,last_depth,64,128,3,16,1.0949027463793755,1.140255220234394,repeat indices align samples but methods were timed sequentially; use independent-resample intervals
8,gaussian_process,1,bucketed,last_depth,64,128,3,17,1.0623809546232224,1.197399154305458,repeat indices align samples but methods were timed sequentially; use independent-resample intervals
8,gaussian_process,1,bucketed,last_depth,64,128,3,18,1.0580167695879936,1.0575148090720177,repeat indices align samples but methods were timed sequentially; use independent-resample intervals
8,gaussian_process,1,bucketed,last_depth,64,128,3,19,1.0812016874551773,1.0317257568240166,repeat indices align samples but methods were timed sequentially; use independent-resample intervals
8,gaussian_process,1,bucketed,last_depth,64,128,3,20,1.054306447505951,1.0217019468545914,repeat indices align samples but methods were timed sequentially; use independent-resample intervals
8,gaussian_process,1,bucketed,last_depth,64,128,3,21,1.0894465520977974,1.0466272979974747,repeat indices align samples but methods were timed sequentially; use independent-resample intervals
8,gaussian_process,1,bucketed,last_depth,64,128,3,22,1.1140633150935173,0.9958334118127823,repeat indices align samples but methods were timed sequentially; use independent-resample intervals
8,gaussian_process,1,bucketed,last_depth,64,128,3,23,1.1339490935206413,0.987501747906208,repeat indices align samples but methods were timed sequentially; use independent-resample intervals
8,gaussian_process,1,bucketed,last_depth,64,128,3,24,1.1250866204500198,1.018489733338356,repeat indices align samples but methods were timed sequentially; use independent-resample intervals
8,gaussian_process,1,bucketed,last_depth,64,128,3,25,1.116708591580391,1.0642437785863876,repeat indices align samples but methods were timed sequentially; use independent-resample intervals
8,gaussian_process,1,bucketed,last_depth,64,128,3,26,1.0986784026026726,0.9766415134072304,repeat indices align samples but methods were timed sequentially; use independent-resample intervals
8,gaussian_process,1,bucketed,last_depth,64,128,3,27,1.0655687674880028,0.9864806309342384,repeat indices align samples but methods were timed sequentially; use independent-resample intervals
8,gaussian_process,1,bucketed,last_depth,64,128,3,28,1.0954573825001717,0.9743047505617142,repeat indices align samples but methods were timed sequentially; use independent-resample intervals
8,gaussian_process,1,bucketed,last_depth,64,128,3,29,1.1448757648468018,1.0178331062197685,repeat indices align samples but methods were timed sequentially; use independent-resample intervals
9,gaussian_process,1,bucketed,last_depth,128,128,3,0,1.213729314506054,1.0024716556072235,repeat indices align samples but methods were timed sequentially; use independent-resample intervals
9,gaussian_process,1,bucketed,last_depth,128,128,3,1,1.1647581681609154,1.0009523034095764,repeat indices align samples but methods were timed sequentially; use independent-resample intervals
9,gaussian_process,1,bucketed,last_depth,128,128,3,2,1.2707420587539673,1.0048627778887749,repeat indices align samples but methods were timed sequentially; use independent-resample intervals
9,gaussian_process,1,bucketed,last_depth,128,128,3,3,1.2238090932369232,1.0112194642424583,repeat indices align samples but methods were timed sequentially; use independent-resample intervals
9,gaussian_process,1,bucketed,last_depth,128,128,3,4,1.1410069167613983,0.9857633635401726,repeat indices align samples but methods were timed sequentially; use independent-resample intervals
9,gaussian_process,1,bucketed,last_depth,128,128,3,5,1.2006170004606247,0.9989855587482452,repeat indices align samples but methods were timed sequentially; use independent-resample intervals
9,gaussian_process,1,bucketed,last_depth,128,128,3,6,1.1605576872825623,1.0248140916228294,repeat indices align samples but methods were timed sequentially; use independent-resample intervals
9,gaussian_process,1,bucketed,last_depth,128,128,3,7,1.139030545949936,1.0606659427285194,repeat indices align samples but methods were timed sequentially; use independent-resample intervals
9,gaussian_process,1,bucketed,last_depth,128,128,3,8,1.3363938853144646,1.0221139788627625,repeat indices align samples but methods were timed sequentially; use independent-resample intervals
9,gaussian_process,1,bucketed,last_depth,128,128,3,9,1.3415401503443718,0.9931100830435753,repeat indices align samples but methods were timed sequentially; use independent-resample intervals
9,gaussian_process,1,bucketed,last_depth,128,128,3,10,1.6469191312789917,1.0233694165945053,repeat indices align samples but methods were timed sequentially; use independent-resample intervals
9,gaussian_process,1,bucketed,last_depth,128,128,3,11,1.4203312993049622,1.0180814191699028,repeat indices align samples but methods were timed sequentially; use independent-resample intervals
9,gaussian_process,1,bucketed,last_depth,128,128,3,12,1.528701663017273,1.046344354748726,repeat indices align samples but methods were timed sequentially; use independent-resample intervals
9,gaussian_process,1,bucketed,last_depth,128,128,3,13,1.4412009716033936,1.0056925863027573,repeat indices align samples but methods were timed sequentially; use independent-resample intervals
9,gaussian_process,1,bucketed,last_depth,128,128,3,14,1.6187766939401627,1.0566481724381447,repeat indices align samples but methods were timed sequentially; use independent-resample intervals
9,gaussian_process,1,bucketed,last_depth,128,128,3,15,1.4400363564491272,1.0177569836378098,repeat indices align samples but methods were timed sequentially; use independent-resample intervals
9,gaussian_process,1,bucketed,last_depth,128,128,3,16,1.2479884028434753,1.140255220234394,repeat indices align samples but methods were timed sequentially; use independent-resample intervals
9,gaussian_process,1,bucketed,last_depth,128,128,3,17,1.2273799180984497,1.197399154305458,repeat indices align samples but methods were timed sequentially; use independent-resample intervals
9,gaussian_process,1,bucketed,last_depth,128,128,3,18,1.2765107452869415,1.0575148090720177,repeat indices align samples but methods were timed sequentially; use independent-resample intervals
9,gaussian_process,1,bucketed,last_depth,128,128,3,19,1.3616765215992928,1.0317257568240166,repeat indices align samples but methods were timed sequentially; use independent-resample intervals
9,gaussian_process,1,bucketed,last_depth,128,128,3,20,1.3531394973397255,1.0217019468545914,repeat indices align samples but methods were timed sequentially; use independent-resample intervals
9,gaussian_process,1,bucketed,last_depth,128,128,3,21,1.2226091995835304,1.0466272979974747,repeat indices align samples but methods were timed sequentially; use independent-resample intervals
9,gaussian_process,1,bucketed,last_depth,128,128,3,22,1.174628309905529,0.9958334118127823,repeat indices align samples but methods were timed sequentially; use independent-resample intervals
9,gaussian_process,1,bucketed,last_depth,128,128,3,23,1.190488301217556,0.987501747906208,repeat indices align samples but methods were timed sequentially; use independent-resample intervals
9,gaussian_process,1,bucketed,last_depth,128,128,3,24,1.1734407469630241,1.018489733338356,repeat indices align samples but methods were timed sequentially; use independent-resample intervals
9,gaussian_process,1,bucketed,last_depth,128,128,3,25,1.1609543487429619,1.0642437785863876,repeat indices align samples but methods were timed sequentially; use independent-resample intervals
9,gaussian_process,1,bucketed,last_depth,128,128,3,26,1.159210167825222,0.9766415134072304,repeat indices align samples but methods were timed sequentially; use independent-resample intervals
9,gaussian_process,1,bucketed,last_depth,128,128,3,27,1.0838246196508408,0.9864806309342384,repeat indices align samples but methods were timed sequentially; use independent-resample intervals
9,gaussian_process,1,bucketed,last_depth,128,128,3,28,1.0865191742777824,0.9743047505617142,repeat indices align samples but methods were timed sequentially; use independent-resample intervals
9,gaussian_process,1,bucketed,last_depth,128,128,3,29,1.093666099011898,1.0178331062197685,repeat indices align samples but methods were timed sequentially; use independent-resample intervals
10,gaussian_process,2,monolithic,monolithic,0,128,3,0,0.9944163635373116,0.9944163635373116,repeat indices align samples but methods were timed sequentially; use independent-resample intervals
10,gaussian_process,2,monolithic,monolithic,0,128,3,1,0.9875032678246498,0.9875032678246498,repeat indices align samples but methods were timed sequentially; use independent-resample intervals
10,gaussian_process,2,monolithic,monolithic,0,128,3,2,1.0008722022175789,1.0008722022175789,repeat indices align samples but methods were timed sequentially; use independent-resample intervals
10,gaussian_process,2,monolithic,monolithic,0,128,3,3,0.9355316683650017,0.9355316683650017,repeat indices align samples but methods were timed sequentially; use independent-resample intervals
10,gaussian_process,2,monolithic,monolithic,0,128,3,4,0.996945433318615,0.996945433318615,repeat indices align samples but methods were timed sequentially; use independent-resample intervals
10,gaussian_process,2,monolithic,monolithic,0,128,3,5,0.9897392615675926,0.9897392615675926,repeat indices align samples but methods were timed sequentially; use independent-resample intervals
10,gaussian_process,2,monolithic,monolithic,0,128,3,6,1.02888423204422,1.02888423204422,repeat indices align samples but methods were timed sequentially; use independent-resample intervals
10,gaussian_process,2,monolithic,monolithic,0,128,3,7,0.9685095399618149,0.9685095399618149,repeat indices align samples but methods were timed sequentially; use independent-resample intervals
10,gaussian_process,2,monolithic,monolithic,0,128,3,8,1.09120524674654,1.09120524674654,repeat indices align samples but methods were timed sequentially; use independent-resample intervals
10,gaussian_process,2,monolithic,monolithic,0,128,3,9,0.9603529125452042,0.9603529125452042,repeat indices align samples but methods were timed sequentially; use independent-resample intervals
10,gaussian_process,2,monolithic,monolithic,0,128,3,10,0.9691897332668304,0.9691897332668304,repeat indices align samples but methods were timed sequentially; use independent-resample intervals
10,gaussian_process,2,monolithic,monolithic,0,128,3,11,0.9386114701628685,0.9386114701628685,repeat indices align samples but methods were timed sequentially; use independent-resample intervals
10,gaussian_process,2,monolithic,monolithic,0,128,3,12,0.965979129076004,0.965979129076004,repeat indices align samples but methods were timed sequentially; use independent-resample intervals
10,gaussian_process,2,monolithic,monolithic,0,128,3,13,0.9448389634490013,0.9448389634490013,repeat indices align samples but methods were timed sequentially; use independent-resample intervals
10,gaussian_process,2,monolithic,monolithic,0,128,3,14,0.9901848956942558,0.9901848956942558,repeat indices align samples but methods were timed sequentially; use independent-resample intervals
10,gaussian_process,2,monolithic,monolithic,0,128,3,15,0.9824527874588966,0.9824527874588966,repeat indices align samples but methods were timed sequentially; use independent-resample intervals
10,gaussian_process,2,monolithic,monolithic,0,128,3,16,1.0268312320113182,1.0268312320113182,repeat indices align samples but methods were timed sequentially; use independent-resample intervals
10,gaussian_process,2,monolithic,monolithic,0,128,3,17,1.0112888291478157,1.0112888291478157,repeat indices align samples but methods were timed sequentially; use independent-resample intervals
10,gaussian_process,2,monolithic,monolithic,0,128,3,18,0.993781566619873,0.993781566619873,repeat indices align samples but methods were timed sequentially; use independent-resample intervals
10,gaussian_process,2,monolithic,monolithic,0,128,3,19,0.996570996940136,0.996570996940136,repeat indices align samples but methods were timed sequentially; use independent-resample intervals
10,gaussian_process,2,monolithic,monolithic,0,128,3,20,0.9931266084313393,0.9931266084313393,repeat indices align samples but methods were timed sequentially; use independent-resample intervals
10,gaussian_process,2,monolithic,monolithic,0,128,3,21,1.0036577433347702,1.0036577433347702,repeat indices align samples but methods were timed sequentially; use independent-resample intervals
10,gaussian_process,2,monolithic,monolithic,0,128,3,22,0.9806580170989037,0.9806580170989037,repeat indices align samples but methods were timed sequentially; use independent-resample intervals
10,gaussian_process,2,monolithic,monolithic,0,128,3,23,0.9524374157190323,0.9524374157190323,repeat indices align samples but methods were timed sequentially; use independent-resample intervals
10,gaussian_process,2,monolithic,monolithic,0,128,3,24,0.9864738434553146,0.9864738434553146,repeat indices align samples but methods were timed sequentially; use independent-resample intervals
10,gaussian_process,2,monolithic,monolithic,0,128,3,25,0.9722663015127182,0.9722663015127182,repeat indices align samples but methods were timed sequentially; use independent-resample intervals
10,gaussian_process,2,monolithic,monolithic,0,128,3,26,0.9943452253937721,0.9943452253937721,repeat indices align samples but methods were timed sequentially; use independent-resample intervals
10,gaussian_process,2,monolithic,monolithic,0,128,3,27,0.9518903344869614,0.9518903344869614,repeat indices align samples but methods were timed sequentially; use independent-resample intervals
10,gaussian_process,2,monolithic,monolithic,0,128,3,28,0.9776765927672386,0.9776765927672386,repeat indices align samples but methods were timed sequentially; use independent-resample intervals
10,gaussian_process,2,monolithic,monolithic,0,128,3,29,0.9950389042496681,0.9950389042496681,repeat indices align samples but methods were timed sequentially; use independent-resample intervals
11,gaussian_process,2,bucketed,history,64,128,3,0,1.0628355890512466,0.9944163635373116,repeat indices align samples but methods were timed sequentially; use independent-resample intervals
11,gaussian_process,2,bucketed,history,64,128,3,1,1.1061180904507637,0.9875032678246498,repeat indices align samples but methods were timed sequentially; use independent-resample intervals
11,gaussian_process,2,bucketed,history,64,128,3,2,1.1304969489574432,1.0008722022175789,repeat indices align samples but methods were timed sequentially; use independent-resample intervals
11,gaussian_process,2,bucketed,history,64,128,3,3,1.1225948333740234,0.9355316683650017,repeat indices align samples but methods were timed sequentially; use independent-resample intervals
11,gaussian_process,2,bucketed,history,64,128,3,4,1.2680904865264893,0.996945433318615,repeat indices align samples but methods were timed sequentially; use independent-resample intervals
11,gaussian_process,2,bucketed,history,64,128,3,5,1.0940133109688759,0.9897392615675926,repeat indices align samples but methods were timed sequentially; use independent-resample intervals
11,gaussian_process,2,bucketed,history,64,128,3,6,1.1099648550152779,1.02888423204422,repeat indices align samples but methods were timed sequentially; use independent-resample intervals
11,gaussian_process,2,bucketed,history,64,128,3,7,1.0635266825556755,0.9685095399618149,repeat indices align samples but methods were timed sequentially; use independent-resample intervals
11,gaussian_process,2,bucketed,history,64,128,3,8,1.0762612596154213,1.09120524674654,repeat indices align samples but methods were timed sequentially; use independent-resample intervals
11,gaussian_process,2,bucketed,history,64,128,3,9,1.1317609548568726,0.9603529125452042,repeat indices align samples but methods were timed sequentially; use independent-resample intervals
11,gaussian_process,2,bucketed,history,64,128,3,10,1.0897392556071281,0.9691897332668304,repeat indices align samples but methods were timed sequentially; use independent-resample intervals
11,gaussian_process,2,bucketed,history,64,128,3,11,1.1151255518198013,0.9386114701628685,repeat indices align samples but methods were timed sequentially; use independent-resample intervals
11,gaussian_process,2,bucketed,history,64,128,3,12,1.0546917170286179,0.965979129076004,repeat indices align samples but methods were timed sequentially; use independent-resample intervals
11,gaussian_process,2,bucketed,history,64,128,3,13,1.1271758079528809,0.9448389634490013,repeat indices align samples but methods were timed sequentially; use independent-resample intervals
11,gaussian_process,2,bucketed,history,64,128,3,14,1.046501338481903,0.9901848956942558,repeat indices align samples but methods were timed sequentially; use independent-resample intervals
11,gaussian_process,2,bucketed,history,64,128,3,15,1.21666768938303,0.9824527874588966,repeat indices align samples but methods were timed sequentially; use independent-resample intervals
11,gaussian_process,2,bucketed,history,64,128,3,16,1.111126534640789,1.0268312320113182,repeat indices align samples but methods were timed sequentially; use independent-resample intervals
11,gaussian_process,2,bucketed,history,64,128,3,17,1.0638405978679657,1.0112888291478157,repeat indices align samples but methods were timed sequentially; use independent-resample intervals
11,gaussian_process,2,bucketed,history,64,128,3,18,1.1856746301054955,0.993781566619873,repeat indices align samples but methods were timed sequentially; use independent-resample intervals
11,gaussian_process,2,bucketed,history,64,128,3,19,1.2778017222881317,0.996570996940136,repeat indices align samples but methods were timed sequentially; use independent-resample intervals
11,gaussian_process,2,bucketed,history,64,128,3,20,1.1031015738844872,0.9931266084313393,repeat indices align samples but methods were timed sequentially; use independent-resample intervals
11,gaussian_process,2,bucketed,history,64,128,3,21,1.0758256018161774,1.0036577433347702,repeat indices align samples but methods were timed sequentially; use independent-resample intervals
11,gaussian_process,2,bucketed,history,64,128,3,22,1.0828941389918327,0.9806580170989037,repeat indices align samples but methods were timed sequentially; use independent-resample intervals
11,gaussian_process,2,bucketed,history,64,128,3,23,1.0971725434064865,0.9524374157190323,repeat indices align samples but methods were timed sequentially; use independent-resample intervals
11,gaussian_process,2,bucketed,history,64,128,3,24,1.0985396429896355,0.9864738434553146,repeat indices align samples but methods were timed sequentially; use independent-resample intervals
11,gaussian_process,2,bucketed,history,64,128,3,25,1.1054422035813332,0.9722663015127182,repeat indices align samples but methods were timed sequentially; use independent-resample intervals
11,gaussian_process,2,bucketed,history,64,128,3,26,1.0604694709181786,0.9943452253937721,repeat indices align samples but methods were timed sequentially; use independent-resample intervals
11,gaussian_process,2,bucketed,history,64,128,3,27,1.0894083380699158,0.9518903344869614,repeat indices align samples but methods were timed sequentially; use independent-resample intervals
11,gaussian_process,2,bucketed,history,64,128,3,28,1.0558875426650047,0.9776765927672386,repeat indices align samples but methods were timed sequentially; use independent-resample intervals
11,gaussian_process,2,bucketed,history,64,128,3,29,1.0899429619312286,0.9950389042496681,repeat indices align samples but methods were timed sequentially; use independent-resample intervals
12,gaussian_process,2,bucketed,history,128,128,3,0,1.1717433035373688,0.9944163635373116,repeat indices align samples but methods were timed sequentially; use independent-resample intervals
12,gaussian_process,2,bucketed,history,128,128,3,1,1.1273884922266006,0.9875032678246498,repeat indices align samples but methods were timed sequentially; use independent-resample intervals
12,gaussian_process,2,bucketed,history,128,128,3,2,1.093049556016922,1.0008722022175789,repeat indices align samples but methods were timed sequentially; use independent-resample intervals
12,gaussian_process,2,bucketed,history,128,128,3,3,1.0420259833335876,0.9355316683650017,repeat indices align samples but methods were timed sequentially; use independent-resample intervals
12,gaussian_process,2,bucketed,history,128,128,3,4,1.0246008932590485,0.996945433318615,repeat indices align samples but methods were timed sequentially; use independent-resample intervals
12,gaussian_process,2,bucketed,history,128,128,3,5,1.053114838898182,0.9897392615675926,repeat indices align samples but methods were timed sequentially; use independent-resample intervals
12,gaussian_process,2,bucketed,history,128,128,3,6,1.0295821726322174,1.02888423204422,repeat indices align samples but methods were timed sequentially; use independent-resample intervals
12,gaussian_process,2,bucketed,history,128,128,3,7,1.0991830378770828,0.9685095399618149,repeat indices align samples but methods were timed sequentially; use independent-resample intervals
12,gaussian_process,2,bucketed,history,128,128,3,8,1.0432435497641563,1.09120524674654,repeat indices align samples but methods were timed sequentially; use independent-resample intervals
12,gaussian_process,2,bucketed,history,128,128,3,9,1.046675980091095,0.9603529125452042,repeat indices align samples but methods were timed sequentially; use independent-resample intervals
12,gaussian_process,2,bucketed,history,128,128,3,10,1.0550605729222298,0.9691897332668304,repeat indices align samples but methods were timed sequentially; use independent-resample intervals
12,gaussian_process,2,bucketed,history,128,128,3,11,1.0670506209135056,0.9386114701628685,repeat indices align samples but methods were timed sequentially; use independent-resample intervals
12,gaussian_process,2,bucketed,history,128,128,3,12,1.183862142264843,0.965979129076004,repeat indices align samples but methods were timed sequentially; use independent-resample intervals
12,gaussian_process,2,bucketed,history,128,128,3,13,1.0604872554540634,0.9448389634490013,repeat indices align samples but methods were timed sequentially; use independent-resample intervals
12,gaussian_process,2,bucketed,history,128,128,3,14,1.0541216060519218,0.9901848956942558,repeat indices align samples but methods were timed sequentially; use independent-resample intervals
12,gaussian_process,2,bucketed,history,128,128,3,15,1.0556049793958664,0.9824527874588966,repeat indices align samples but methods were timed sequentially; use independent-resample intervals
12,gaussian_process,2,bucketed,history,128,128,3,16,1.0692608058452606,1.0268312320113182,repeat indices align samples but methods were timed sequentially; use independent-resample intervals
12,gaussian_process,2,bucketed,history,128,128,3,17,1.3116377741098404,1.0112888291478157,repeat indices align samples but methods were timed sequentially; use independent-resample intervals
12,gaussian_process,2,bucketed,history,128,128,3,18,1.1689361929893494,0.993781566619873,repeat indices align samples but methods were timed sequentially; use independent-resample intervals
12,gaussian_process,2,bucketed,history,128,128,3,19,1.0826108679175377,0.996570996940136,repeat indices align samples but methods were timed sequentially; use independent-resample intervals
12,gaussian_process,2,bucketed,history,128,128,3,20,1.0646736472845078,0.9931266084313393,repeat indices align samples but methods were timed sequentially; use independent-resample intervals
12,gaussian_process,2,bucketed,history,128,128,3,21,1.0827720537781715,1.0036577433347702,repeat indices align samples but methods were timed sequentially; use independent-resample intervals
12,gaussian_process,2,bucketed,history,128,128,3,22,1.04990953207016,0.9806580170989037,repeat indices align samples but methods were timed sequentially; use independent-resample intervals
12,gaussian_process,2,bucketed,history,128,128,3,23,1.0658354312181473,0.9524374157190323,repeat indices align samples but methods were timed sequentially; use independent-resample intervals
12,gaussian_process,2,bucketed,history,128,128,3,24,1.0597980618476868,0.9864738434553146,repeat indices align samples but methods were timed sequentially; use independent-resample intervals
12,gaussian_process,2,bucketed,history,128,128,3,25,1.057892993092537,0.9722663015127182,repeat indices align samples but methods were timed sequentially; use independent-resample intervals
12,gaussian_process,2,bucketed,history,128,128,3,26,1.0357362106442451,0.9943452253937721,repeat indices align samples but methods were timed sequentially; use independent-resample intervals
12,gaussian_process,2,bucketed,history,128,128,3,27,1.0897163897752762,0.9518903344869614,repeat indices align samples but methods were timed sequentially; use independent-resample intervals
12,gaussian_process,2,bucketed,history,128,128,3,28,1.0616521313786507,0.9776765927672386,repeat indices align samples but methods were timed sequentially; use independent-resample intervals
12,gaussian_process,2,bucketed,history,128,128,3,29,1.0488413125276566,0.9950389042496681,repeat indices align samples but methods were timed sequentially; use independent-resample intervals
13,gaussian_process,2,bucketed,last_depth,64,128,3,0,1.0294398292899132,0.9944163635373116,repeat indices align samples but methods were timed sequentially; use independent-resample intervals
13,gaussian_process,2,bucketed,last_depth,64,128,3,1,1.0667397007346153,0.9875032678246498,repeat indices align samples but methods were timed sequentially; use independent-resample intervals
13,gaussian_process,2,bucketed,last_depth,64,128,3,2,1.083043910562992,1.0008722022175789,repeat indices align samples but methods were timed sequentially; use independent-resample intervals
13,gaussian_process,2,bucketed,last_depth,64,128,3,3,0.9925035759806633,0.9355316683650017,repeat indices align samples but methods were timed sequentially; use independent-resample intervals
13,gaussian_process,2,bucketed,last_depth,64,128,3,4,1.0536210462450981,0.996945433318615,repeat indices align samples but methods were timed sequentially; use independent-resample intervals
13,gaussian_process,2,bucketed,last_depth,64,128,3,5,1.1041192263364792,0.9897392615675926,repeat indices align samples but methods were timed sequentially; use independent-resample intervals
13,gaussian_process,2,bucketed,last_depth,64,128,3,6,1.02620979398489,1.02888423204422,repeat indices align samples but methods were timed sequentially; use independent-resample intervals
13,gaussian_process,2,bucketed,last_depth,64,128,3,7,1.0282490476965904,0.9685095399618149,repeat indices align samples but methods were timed sequentially; use independent-resample intervals
13,gaussian_process,2,bucketed,last_depth,64,128,3,8,1.00728540122509,1.09120524674654,repeat indices align samples but methods were timed sequentially; use independent-resample intervals
13,gaussian_process,2,bucketed,last_depth,64,128,3,9,1.0392178371548653,0.9603529125452042,repeat indices align samples but methods were timed sequentially; use independent-resample intervals
13,gaussian_process,2,bucketed,last_depth,64,128,3,10,1.0718337148427963,0.9691897332668304,repeat indices align samples but methods were timed sequentially; use independent-resample intervals
13,gaussian_process,2,bucketed,last_depth,64,128,3,11,1.0601791962981224,0.9386114701628685,repeat indices align samples but methods were timed sequentially; use independent-resample intervals
13,gaussian_process,2,bucketed,last_depth,64,128,3,12,1.1398413702845573,0.965979129076004,repeat indices align samples but methods were timed sequentially; use independent-resample intervals
13,gaussian_process,2,bucketed,last_depth,64,128,3,13,1.1647829338908195,0.9448389634490013,repeat indices align samples but methods were timed sequentially; use independent-resample intervals
13,gaussian_process,2,bucketed,last_depth,64,128,3,14,1.0941772684454918,0.9901848956942558,repeat indices align samples but methods were timed sequentially; use independent-resample intervals
13,gaussian_process,2,bucketed,last_depth,64,128,3,15,1.1512332409620285,0.9824527874588966,repeat indices align samples but methods were timed sequentially; use independent-resample intervals
13,gaussian_process,2,bucketed,last_depth,64,128,3,16,1.2156917303800583,1.0268312320113182,repeat indices align samples but methods were timed sequentially; use independent-resample intervals
13,gaussian_process,2,bucketed,last_depth,64,128,3,17,1.0371881052851677,1.0112888291478157,repeat indices align samples but methods were timed sequentially; use independent-resample intervals
13,gaussian_process,2,bucketed,last_depth,64,128,3,18,1.0372032076120377,0.993781566619873,repeat indices align samples but methods were timed sequentially; use independent-resample intervals
13,gaussian_process,2,bucketed,last_depth,64,128,3,19,1.039278358221054,0.996570996940136,repeat indices align samples but methods were timed sequentially; use independent-resample intervals
13,gaussian_process,2,bucketed,last_depth,64,128,3,20,1.0460262224078178,0.9931266084313393,repeat indices align samples but methods were timed sequentially; use independent-resample intervals
13,gaussian_process,2,bucketed,last_depth,64,128,3,21,1.0408192500472069,1.0036577433347702,repeat indices align samples but methods were timed sequentially; use independent-resample intervals
13,gaussian_process,2,bucketed,last_depth,64,128,3,22,1.064574919641018,0.9806580170989037,repeat indices align samples but methods were timed sequentially; use independent-resample intervals
13,gaussian_process,2,bucketed,last_depth,64,128,3,23,1.0201130956411362,0.9524374157190323,repeat indices align samples but methods were timed sequentially; use independent-resample intervals
13,gaussian_process,2,bucketed,last_depth,64,128,3,24,1.09899041056633,0.9864738434553146,repeat indices align samples but methods were timed sequentially; use independent-resample intervals
13,gaussian_process,2,bucketed,last_depth,64,128,3,25,1.08367021381855,0.9722663015127182,repeat indices align samples but methods were timed sequentially; use independent-resample intervals
13,gaussian_process,2,bucketed,last_depth,64,128,3,26,0.9980627968907356,0.9943452253937721,repeat indices align samples but methods were timed sequentially; use independent-resample intervals
13,gaussian_process,2,bucketed,last_depth,64,128,3,27,1.050462581217289,0.9518903344869614,repeat indices align samples but methods were timed sequentially; use independent-resample intervals
13,gaussian_process,2,bucketed,last_depth,64,128,3,28,1.2053068578243256,0.9776765927672386,repeat indices align samples but methods were timed sequentially; use independent-resample intervals
13,gaussian_process,2,bucketed,last_depth,64,128,3,29,1.1602804213762283,0.9950389042496681,repeat indices align samples but methods were timed sequentially; use independent-resample intervals
14,gaussian_process,2,bucketed,last_depth,128,128,3,0,1.0976124554872513,0.9944163635373116,repeat indices align samples but methods were timed sequentially; use independent-resample intervals
14,gaussian_process,2,bucketed,last_depth,128,128,3,1,1.0875977501273155,0.9875032678246498,repeat indices align samples but methods were timed sequentially; use independent-resample intervals
14,gaussian_process,2,bucketed,last_depth,128,128,3,2,1.1120082587003708,1.0008722022175789,repeat indices align samples but methods were timed sequentially; use independent-resample intervals
14,gaussian_process,2,bucketed,last_depth,128,128,3,3,1.0656169727444649,0.9355316683650017,repeat indices align samples but methods were timed sequentially; use independent-resample intervals
14,gaussian_process,2,bucketed,last_depth,128,128,3,4,1.066711075603962,0.996945433318615,repeat indices align samples but methods were timed sequentially; use independent-resample intervals
14,gaussian_process,2,bucketed,last_depth,128,128,3,5,1.0416812896728516,0.9897392615675926,repeat indices align samples but methods were timed sequentially; use independent-resample intervals
14,gaussian_process,2,bucketed,last_depth,128,128,3,6,1.0681962668895721,1.02888423204422,repeat indices align samples but methods were timed sequentially; use independent-resample intervals
14,gaussian_process,2,bucketed,last_depth,128,128,3,7,1.0559849366545677,0.9685095399618149,repeat indices align samples but methods were timed sequentially; use independent-resample intervals
14,gaussian_process,2,bucketed,last_depth,128,128,3,8,1.0634745359420776,1.09120524674654,repeat indices align samples but methods were timed sequentially; use independent-resample intervals
14,gaussian_process,2,bucketed,last_depth,128,128,3,9,1.052689254283905,0.9603529125452042,repeat indices align samples but methods were timed sequentially; use independent-resample intervals
14,gaussian_process,2,bucketed,last_depth,128,128,3,10,1.057541660964489,0.9691897332668304,repeat indices align samples but methods were timed sequentially; use independent-resample intervals
14,gaussian_process,2,bucketed,last_depth,128,128,3,11,1.074926070868969,0.9386114701628685,repeat indices align samples but methods were timed sequentially; use independent-resample intervals
14,gaussian_process,2,bucketed,last_depth,128,128,3,12,1.0374499931931496,0.965979129076004,repeat indices align samples but methods were timed sequentially; use independent-resample intervals
14,gaussian_process,2,bucketed,last_depth,128,128,3,13,1.0630973130464554,0.9448389634490013,repeat indices align samples but methods were timed sequentially; use independent-resample intervals
14,gaussian_process,2,bucketed,last_depth,128,128,3,14,1.090342789888382,0.9901848956942558,repeat indices align samples but methods were timed sequentially; use independent-resample intervals
14,gaussian_process,2,bucketed,last_depth,128,128,3,15,1.069216437637806,0.9824527874588966,repeat indices align samples but methods were timed sequentially; use independent-resample intervals
14,gaussian_process,2,bucketed,last_depth,128,128,3,16,1.0703047141432762,1.0268312320113182,repeat indices align samples but methods were timed sequentially; use independent-resample intervals
14,gaussian_process,2,bucketed,last_depth,128,128,3,17,1.0807024016976357,1.0112888291478157,repeat indices align samples but methods were timed sequentially; use independent-resample intervals
14,gaussian_process,2,bucketed,last_depth,128,128,3,18,1.0821888968348503,0.993781566619873,repeat indices align samples but methods were timed sequentially; use independent-resample intervals
14,gaussian_process,2,bucketed,last_depth,128,128,3,19,1.0371040254831314,0.996570996940136,repeat indices align samples but methods were timed sequentially; use independent-resample intervals
14,gaussian_process,2,bucketed,last_depth,128,128,3,20,1.060347504913807,0.9931266084313393,repeat indices align samples but methods were timed sequentially; use independent-resample intervals
14,gaussian_process,2,bucketed,last_depth,128,128,3,21,1.0371876135468483,1.0036577433347702,repeat indices align samples but methods were timed sequentially; use independent-resample intervals
14,gaussian_process,2,bucketed,last_depth,128,128,3,22,1.0392603054642677,0.9806580170989037,repeat indices align samples but methods were timed sequentially; use independent-resample intervals
14,gaussian_process,2,bucketed,last_depth,128,128,3,23,1.0710188671946526,0.9524374157190323,repeat indices align samples but methods were timed sequentially; use independent-resample intervals
14,gaussian_process,2,bucketed,last_depth,128,128,3,24,1.090950459241867,0.9864738434553146,repeat indices align samples but methods were timed sequentially; use independent-resample intervals
14,gaussian_process,2,bucketed,last_depth,128,128,3,25,1.1524833142757416,0.9722663015127182,repeat indices align samples but methods were timed sequentially; use independent-resample intervals
14,gaussian_process,2,bucketed,last_depth,128,128,3,26,1.1338052079081535,0.9943452253937721,repeat indices align samples but methods were timed sequentially; use independent-resample intervals
14,gaussian_process,2,bucketed,last_depth,128,128,3,27,1.0883082151412964,0.9518903344869614,repeat indices align samples but methods were timed sequentially; use independent-resample intervals
14,gaussian_process,2,bucketed,last_depth,128,128,3,28,1.0464599877595901,0.9776765927672386,repeat indices align samples but methods were timed sequentially; use independent-resample intervals
14,gaussian_process,2,bucketed,last_depth,128,128,3,29,1.1002071499824524,0.9950389042496681,repeat indices align samples but methods were timed sequentially; use independent-resample intervals
15,gaussian_process,3,monolithic,monolithic,0,128,3,0,1.0799382776021957,1.0799382776021957,repeat indices align samples but methods were timed sequentially; use independent-resample intervals
15,gaussian_process,3,monolithic,monolithic,0,128,3,1,0.9663403481245041,0.9663403481245041,repeat indices align samples but methods were timed sequentially; use independent-resample intervals
15,gaussian_process,3,monolithic,monolithic,0,128,3,2,0.9834659621119499,0.9834659621119499,repeat indices align samples but methods were timed sequentially; use independent-resample intervals
15,gaussian_process,3,monolithic,monolithic,0,128,3,3,0.9631787985563278,0.9631787985563278,repeat indices align samples but methods were timed sequentially; use independent-resample intervals
15,gaussian_process,3,monolithic,monolithic,0,128,3,4,0.9628666937351227,0.9628666937351227,repeat indices align samples but methods were timed sequentially; use independent-resample intervals
15,gaussian_process,3,monolithic,monolithic,0,128,3,5,0.97714963555336,0.97714963555336,repeat indices align samples but methods were timed sequentially; use independent-resample intervals
15,gaussian_process,3,monolithic,monolithic,0,128,3,6,1.0668164268136024,1.0668164268136024,repeat indices align samples but methods were timed sequentially; use independent-resample intervals
15,gaussian_process,3,monolithic,monolithic,0,128,3,7,1.0345672070980072,1.0345672070980072,repeat indices align samples but methods were timed sequentially; use independent-resample intervals
15,gaussian_process,3,monolithic,monolithic,0,128,3,8,0.9671496897935867,0.9671496897935867,repeat indices align samples but methods were timed sequentially; use independent-resample intervals
15,gaussian_process,3,monolithic,monolithic,0,128,3,9,1.0023108944296837,1.0023108944296837,repeat indices align samples but methods were timed sequentially; use independent-resample intervals
15,gaussian_process,3,monolithic,monolithic,0,128,3,10,1.024311438202858,1.024311438202858,repeat indices align samples but methods were timed sequentially; use independent-resample intervals
15,gaussian_process,3,monolithic,monolithic,0,128,3,11,1.010884128510952,1.010884128510952,repeat indices align samples but methods were timed sequentially; use independent-resample intervals
15,gaussian_process,3,monolithic,monolithic,0,128,3,12,1.004949115216732,1.004949115216732,repeat indices align samples but methods were timed sequentially; use independent-resample intervals
15,gaussian_process,3,monolithic,monolithic,0,128,3,13,1.0086147263646126,1.0086147263646126,repeat indices align samples but methods were timed sequentially; use independent-resample intervals
15,gaussian_process,3,monolithic,monolithic,0,128,3,14,0.9850582033395767,0.9850582033395767,repeat indices align samples but methods were timed sequentially; use independent-resample intervals
15,gaussian_process,3,monolithic,monolithic,0,128,3,15,0.992967963218689,0.992967963218689,repeat indices align samples but methods were timed sequentially; use independent-resample intervals
15,gaussian_process,3,monolithic,monolithic,0,128,3,16,0.9678468555212021,0.9678468555212021,repeat indices align samples but methods were timed sequentially; use independent-resample intervals
15,gaussian_process,3,monolithic,monolithic,0,128,3,17,0.9876273050904274,0.9876273050904274,repeat indices align samples but methods were timed sequentially; use independent-resample intervals
15,gaussian_process,3,monolithic,monolithic,0,128,3,18,0.990162305533886,0.990162305533886,repeat indices align samples but methods were timed sequentially; use independent-resample intervals
15,gaussian_process,3,monolithic,monolithic,0,128,3,19,0.9494200199842453,0.9494200199842453,repeat indices align samples but methods were timed sequentially; use independent-resample intervals
15,gaussian_process,3,monolithic,monolithic,0,128,3,20,1.0018340647220612,1.0018340647220612,repeat indices align samples but methods were timed sequentially; use independent-resample intervals
15,gaussian_process,3,monolithic,monolithic,0,128,3,21,0.9823869243264198,0.9823869243264198,repeat indices align samples but methods were timed sequentially; use independent-resample intervals
15,gaussian_process,3,monolithic,monolithic,0,128,3,22,0.9677224159240723,0.9677224159240723,repeat indices align samples but methods were timed sequentially; use independent-resample intervals
15,gaussian_process,3,monolithic,monolithic,0,128,3,23,0.9814141765236855,0.9814141765236855,repeat indices align samples but methods were timed sequentially; use independent-resample intervals
15,gaussian_process,3,monolithic,monolithic,0,128,3,24,0.9688107073307037,0.9688107073307037,repeat indices align samples but methods were timed sequentially; use independent-resample intervals
15,gaussian_process,3,monolithic,monolithic,0,128,3,25,1.0024046897888184,1.0024046897888184,repeat indices align samples but methods were timed sequentially; use independent-resample intervals
15,gaussian_process,3,monolithic,monolithic,0,128,3,26,1.0105314329266548,1.0105314329266548,repeat indices align samples but methods were timed sequentially; use independent-resample intervals
15,gaussian_process,3,monolithic,monolithic,0,128,3,27,0.99136121571064,0.99136121571064,repeat indices align samples but methods were timed sequentially; use independent-resample intervals
15,gaussian_process,3,monolithic,monolithic,0,128,3,28,1.0102181285619736,1.0102181285619736,repeat indices align samples but methods were timed sequentially; use independent-resample intervals
15,gaussian_process,3,monolithic,monolithic,0,128,3,29,0.9759905636310577,0.9759905636310577,repeat indices align samples but methods were timed sequentially; use independent-resample intervals
16,gaussian_process,3,bucketed,history,64,128,3,0,1.08912892639637,1.0799382776021957,repeat indices align samples but methods were timed sequentially; use independent-resample intervals
16,gaussian_process,3,bucketed,history,64,128,3,1,1.0801752880215645,0.9663403481245041,repeat indices align samples but methods were timed sequentially; use independent-resample intervals
16,gaussian_process,3,bucketed,history,64,128,3,2,1.097874440252781,0.9834659621119499,repeat indices align samples but methods were timed sequentially; use independent-resample intervals
16,gaussian_process,3,bucketed,history,64,128,3,3,1.0970642045140266,0.9631787985563278,repeat indices align samples but methods were timed sequentially; use independent-resample intervals
16,gaussian_process,3,bucketed,history,64,128,3,4,1.2445712238550186,0.9628666937351227,repeat indices align samples but methods were timed sequentially; use independent-resample intervals
16,gaussian_process,3,bucketed,history,64,128,3,5,1.267999067902565,0.97714963555336,repeat indices align samples but methods were timed sequentially; use independent-resample intervals
16,gaussian_process,3,bucketed,history,64,128,3,6,1.0934500321745872,1.0668164268136024,repeat indices align samples but methods were timed sequentially; use independent-resample intervals
16,gaussian_process,3,bucketed,history,64,128,3,7,1.1053552776575089,1.0345672070980072,repeat indices align samples but methods were timed sequentially; use independent-resample intervals
16,gaussian_process,3,bucketed,history,64,128,3,8,1.040993832051754,0.9671496897935867,repeat indices align samples but methods were timed sequentially; use independent-resample intervals
16,gaussian_process,3,bucketed,history,64,128,3,9,1.0928438603878021,1.0023108944296837,repeat indices align samples but methods were timed sequentially; use independent-resample intervals
16,gaussian_process,3,bucketed,history,64,128,3,10,1.0996377915143967,1.024311438202858,repeat indices align samples but methods were timed sequentially; use independent-resample intervals
16,gaussian_process,3,bucketed,history,64,128,3,11,1.0857122838497162,1.010884128510952,repeat indices align samples but methods were timed sequentially; use independent-resample intervals
16,gaussian_process,3,bucketed,history,64,128,3,12,1.14020786434412,1.004949115216732,repeat indices align samples but methods were timed sequentially; use independent-resample intervals
16,gaussian_process,3,bucketed,history,64,128,3,13,1.109653003513813,1.0086147263646126,repeat indices align samples but methods were timed sequentially; use independent-resample intervals
16,gaussian_process,3,bucketed,history,64,128,3,14,1.0936664566397667,0.9850582033395767,repeat indices align samples but methods were timed sequentially; use independent-resample intervals
16,gaussian_process,3,bucketed,history,64,128,3,15,1.1264252215623856,0.992967963218689,repeat indices align samples but methods were timed sequentially; use independent-resample intervals
16,gaussian_process,3,bucketed,history,64,128,3,16,1.1318880170583725,0.9678468555212021,repeat indices align samples but methods were timed sequentially; use independent-resample intervals
16,gaussian_process,3,bucketed,history,64,128,3,17,1.0316293016076088,0.9876273050904274,repeat indices align samples but methods were timed sequentially; use independent-resample intervals
16,gaussian_process,3,bucketed,history,64,128,3,18,1.1145366802811623,0.990162305533886,repeat indices align samples but methods were timed sequentially; use independent-resample intervals
16,gaussian_process,3,bucketed,history,64,128,3,19,1.0743850842118263,0.9494200199842453,repeat indices align samples but methods were timed sequentially; use independent-resample intervals
16,gaussian_process,3,bucketed,history,64,128,3,20,1.0743464156985283,1.0018340647220612,repeat indices align samples but methods were timed sequentially; use independent-resample intervals
16,gaussian_process,3,bucketed,history,64,128,3,21,1.0761795341968536,0.9823869243264198,repeat indices align samples but methods were timed sequentially; use independent-resample intervals
16,gaussian_process,3,bucketed,history,64,128,3,22,1.0680973678827286,0.9677224159240723,repeat indices align samples but methods were timed sequentially; use independent-resample intervals
16,gaussian_process,3,bucketed,history,64,128,3,23,1.0610073804855347,0.9814141765236855,repeat indices align samples but methods were timed sequentially; use independent-resample intervals
16,gaussian_process,3,bucketed,history,64,128,3,24,1.0661882683634758,0.9688107073307037,repeat indices align samples but methods were timed sequentially; use independent-resample intervals
16,gaussian_process,3,bucketed,history,64,128,3,25,1.1708481684327126,1.0024046897888184,repeat indices align samples but methods were timed sequentially; use independent-resample intervals
16,gaussian_process,3,bucketed,history,64,128,3,26,1.1387618482112885,1.0105314329266548,repeat indices align samples but methods were timed sequentially; use independent-resample intervals
16,gaussian_process,3,bucketed,history,64,128,3,27,1.2065304666757584,0.99136121571064,repeat indices align samples but methods were timed sequentially; use independent-resample intervals
16,gaussian_process,3,bucketed,history,64,128,3,28,1.2044449001550674,1.0102181285619736,repeat indices align samples but methods were timed sequentially; use independent-resample intervals
16,gaussian_process,3,bucketed,history,64,128,3,29,1.1089748814702034,0.9759905636310577,repeat indices align samples but methods were timed sequentially; use independent-resample intervals
17,gaussian_process,3,bucketed,history,128,128,3,0,1.0851430296897888,1.0799382776021957,repeat indices align samples but methods were timed sequentially; use independent-resample intervals
17,gaussian_process,3,bucketed,history,128,128,3,1,1.1299600526690483,0.9663403481245041,repeat indices align samples but methods were timed sequentially; use independent-resample intervals
17,gaussian_process,3,bucketed,history,128,128,3,2,1.137408472597599,0.9834659621119499,repeat indices align samples but methods were timed sequentially; use independent-resample intervals
17,gaussian_process,3,bucketed,history,128,128,3,3,1.1676674038171768,0.9631787985563278,repeat indices align samples but methods were timed sequentially; use independent-resample intervals
17,gaussian_process,3,bucketed,history,128,128,3,4,1.1540613546967506,0.9628666937351227,repeat indices align samples but methods were timed sequentially; use independent-resample intervals
17,gaussian_process,3,bucketed,history,128,128,3,5,1.1184301227331161,0.97714963555336,repeat indices align samples but methods were timed sequentially; use independent-resample intervals
17,gaussian_process,3,bucketed,history,128,128,3,6,1.2071690112352371,1.0668164268136024,repeat indices align samples but methods were timed sequentially; use independent-resample intervals
17,gaussian_process,3,bucketed,history,128,128,3,7,1.0954651162028313,1.0345672070980072,repeat indices align samples but methods were timed sequentially; use independent-resample intervals
17,gaussian_process,3,bucketed,history,128,128,3,8,1.0940683782100677,0.9671496897935867,repeat indices align samples but methods were timed sequentially; use independent-resample intervals
17,gaussian_process,3,bucketed,history,128,128,3,9,1.0804759487509727,1.0023108944296837,repeat indices align samples but methods were timed sequentially; use independent-resample intervals
17,gaussian_process,3,bucketed,history,128,128,3,10,1.1127715185284615,1.024311438202858,repeat indices align samples but methods were timed sequentially; use independent-resample intervals
17,gaussian_process,3,bucketed,history,128,128,3,11,1.1386844664812088,1.010884128510952,repeat indices align samples but methods were timed sequentially; use independent-resample intervals
17,gaussian_process,3,bucketed,history,128,128,3,12,1.0924559012055397,1.004949115216732,repeat indices align samples but methods were timed sequentially; use independent-resample intervals
17,gaussian_process,3,bucketed,history,128,128,3,13,1.11357069760561,1.0086147263646126,repeat indices align samples but methods were timed sequentially; use independent-resample intervals
17,gaussian_process,3,bucketed,history,128,128,3,14,1.0541436076164246,0.9850582033395767,repeat indices align samples but methods were timed sequentially; use independent-resample intervals
17,gaussian_process,3,bucketed,history,128,128,3,15,1.0930657237768173,0.992967963218689,repeat indices align samples but methods were timed sequentially; use independent-resample intervals
17,gaussian_process,3,bucketed,history,128,128,3,16,1.0945136472582817,0.9678468555212021,repeat indices align samples but methods were timed sequentially; use independent-resample intervals
17,gaussian_process,3,bucketed,history,128,128,3,17,1.1065776199102402,0.9876273050904274,repeat indices align samples but methods were timed sequentially; use independent-resample intervals
17,gaussian_process,3,bucketed,history,128,128,3,18,1.1196214333176613,0.990162305533886,repeat indices align samples but methods were timed sequentially; use independent-resample intervals
17,gaussian_process,3,bucketed,history,128,128,3,19,1.1494097113609314,0.9494200199842453,repeat indices align samples but methods were timed sequentially; use independent-resample intervals
17,gaussian_process,3,bucketed,history,128,128,3,20,1.1830388605594635,1.0018340647220612,repeat indices align samples but methods were timed sequentially; use independent-resample intervals
17,gaussian_process,3,bucketed,history,128,128,3,21,1.1584080681204796,0.9823869243264198,repeat indices align samples but methods were timed sequentially; use independent-resample intervals
17,gaussian_process,3,bucketed,history,128,128,3,22,1.1120781525969505,0.9677224159240723,repeat indices align samples but methods were timed sequentially; use independent-resample intervals
17,gaussian_process,3,bucketed,history,128,128,3,23,1.1057603359222412,0.9814141765236855,repeat indices align samples but methods were timed sequentially; use independent-resample intervals
17,gaussian_process,3,bucketed,history,128,128,3,24,1.130790151655674,0.9688107073307037,repeat indices align samples but methods were timed sequentially; use independent-resample intervals
17,gaussian_process,3,bucketed,history,128,128,3,25,1.085994303226471,1.0024046897888184,repeat indices align samples but methods were timed sequentially; use independent-resample intervals
17,gaussian_process,3,bucketed,history,128,128,3,26,1.1218493431806564,1.0105314329266548,repeat indices align samples but methods were timed sequentially; use independent-resample intervals
17,gaussian_process,3,bucketed,history,128,128,3,27,1.089747205376625,0.99136121571064,repeat indices align samples but methods were timed sequentially; use independent-resample intervals
17,gaussian_process,3,bucketed,history,128,128,3,28,1.1137098744511604,1.0102181285619736,repeat indices align samples but methods were timed sequentially; use independent-resample intervals
17,gaussian_process,3,bucketed,history,128,128,3,29,1.0884336158633232,0.9759905636310577,repeat indices align samples but methods were timed sequentially; use independent-resample intervals
18,gaussian_process,3,bucketed,last_depth,64,128,3,0,1.2266900688409805,1.0799382776021957,repeat indices align samples but methods were timed sequentially; use independent-resample intervals
18,gaussian_process,3,bucketed,last_depth,64,128,3,1,1.1276855319738388,0.9663403481245041,repeat indices align samples but methods were timed sequentially; use independent-resample intervals
18,gaussian_process,3,bucketed,last_depth,64,128,3,2,1.0697486251592636,0.9834659621119499,repeat indices align samples but methods were timed sequentially; use independent-resample intervals
18,gaussian_process,3,bucketed,last_depth,64,128,3,3,1.174987606704235,0.9631787985563278,repeat indices align samples but methods were timed sequentially; use independent-resample intervals
18,gaussian_process,3,bucketed,last_depth,64,128,3,4,1.1490537598729134,0.9628666937351227,repeat indices align samples but methods were timed sequentially; use independent-resample intervals
18,gaussian_process,3,bucketed,last_depth,64,128,3,5,1.1079487204551697,0.97714963555336,repeat indices align samples but methods were timed sequentially; use independent-resample intervals
18,gaussian_process,3,bucketed,last_depth,64,128,3,6,1.1781842336058617,1.0668164268136024,repeat indices align samples but methods were timed sequentially; use independent-resample intervals
18,gaussian_process,3,bucketed,last_depth,64,128,3,7,1.1237286105751991,1.0345672070980072,repeat indices align samples but methods were timed sequentially; use independent-resample intervals
18,gaussian_process,3,bucketed,last_depth,64,128,3,8,1.125221498310566,0.9671496897935867,repeat indices align samples but methods were timed sequentially; use independent-resample intervals
18,gaussian_process,3,bucketed,last_depth,64,128,3,9,1.11032335460186,1.0023108944296837,repeat indices align samples but methods were timed sequentially; use independent-resample intervals
18,gaussian_process,3,bucketed,last_depth,64,128,3,10,1.0998220294713974,1.024311438202858,repeat indices align samples but methods were timed sequentially; use independent-resample intervals
18,gaussian_process,3,bucketed,last_depth,64,128,3,11,1.2084181681275368,1.010884128510952,repeat indices align samples but methods were timed sequentially; use independent-resample intervals
18,gaussian_process,3,bucketed,last_depth,64,128,3,12,1.1976817101240158,1.004949115216732,repeat indices align samples but methods were timed sequentially; use independent-resample intervals
18,gaussian_process,3,bucketed,last_depth,64,128,3,13,1.1205364763736725,1.0086147263646126,repeat indices align samples but methods were timed sequentially; use independent-resample intervals
18,gaussian_process,3,bucketed,last_depth,64,128,3,14,1.1263834610581398,0.9850582033395767,repeat indices align samples but methods were timed sequentially; use independent-resample intervals
18,gaussian_process,3,bucketed,last_depth,64,128,3,15,1.1065733209252357,0.992967963218689,repeat indices align samples but methods were timed sequentially; use independent-resample intervals
18,gaussian_process,3,bucketed,last_depth,64,128,3,16,1.2157317847013474,0.9678468555212021,repeat indices align samples but methods were timed sequentially; use independent-resample intervals
18,gaussian_process,3,bucketed,last_depth,64,128,3,17,1.1329814121127129,0.9876273050904274,repeat indices align samples but methods were timed sequentially; use independent-resample intervals
18,gaussian_process,3,bucketed,last_depth,64,128,3,18,1.1160577610135078,0.990162305533886,repeat indices align samples but methods were timed sequentially; use independent-resample intervals
18,gaussian_process,3,bucketed,last_depth,64,128,3,19,1.1229534521698952,0.9494200199842453,repeat indices align samples but methods were timed sequentially; use independent-resample intervals
18,gaussian_process,3,bucketed,last_depth,64,128,3,20,1.17042475938797,1.0018340647220612,repeat indices align samples but methods were timed sequentially; use independent-resample intervals
18,gaussian_process,3,bucketed,last_depth,64,128,3,21,1.1376593634486198,0.9823869243264198,repeat indices align samples but methods were timed sequentially; use independent-resample intervals
18,gaussian_process,3,bucketed,last_depth,64,128,3,22,1.110603965818882,0.9677224159240723,repeat indices align samples but methods were timed sequentially; use independent-resample intervals
18,gaussian_process,3,bucketed,last_depth,64,128,3,23,1.0572061836719513,0.9814141765236855,repeat indices align samples but methods were timed sequentially; use independent-resample intervals
18,gaussian_process,3,bucketed,last_depth,64,128,3,24,1.0718403607606888,0.9688107073307037,repeat indices align samples but methods were timed sequentially; use independent-resample intervals
18,gaussian_process,3,bucketed,last_depth,64,128,3,25,1.132252313196659,1.0024046897888184,repeat indices align samples but methods were timed sequentially; use independent-resample intervals
18,gaussian_process,3,bucketed,last_depth,64,128,3,26,1.2047585025429726,1.0105314329266548,repeat indices align samples but methods were timed sequentially; use independent-resample intervals
18,gaussian_process,3,bucketed,last_depth,64,128,3,27,1.1552557349205017,0.99136121571064,repeat indices align samples but methods were timed sequentially; use independent-resample intervals
18,gaussian_process,3,bucketed,last_depth,64,128,3,28,1.2064715027809143,1.0102181285619736,repeat indices align samples but methods were timed sequentially; use independent-resample intervals
18,gaussian_process,3,bucketed,last_depth,64,128,3,29,1.1758816912770271,0.9759905636310577,repeat indices align samples but methods were timed sequentially; use independent-resample intervals
19,gaussian_process,3,bucketed,last_depth,128,128,3,0,1.1834251284599304,1.0799382776021957,repeat indices align samples but methods were timed sequentially; use independent-resample intervals
19,gaussian_process,3,bucketed,last_depth,128,128,3,1,1.1245332285761833,0.9663403481245041,repeat indices align samples but methods were timed sequentially; use independent-resample intervals
19,gaussian_process,3,bucketed,last_depth,128,128,3,2,1.1369733437895775,0.9834659621119499,repeat indices align samples but methods were timed sequentially; use independent-resample intervals
19,gaussian_process,3,bucketed,last_depth,128,128,3,3,1.1605369448661804,0.9631787985563278,repeat indices align samples but methods were timed sequentially; use independent-resample intervals
19,gaussian_process,3,bucketed,last_depth,128,128,3,4,1.0855921059846878,0.9628666937351227,repeat indices align samples but methods were timed sequentially; use independent-resample intervals
19,gaussian_process,3,bucketed,last_depth,128,128,3,5,1.0790700316429138,0.97714963555336,repeat indices align samples but methods were timed sequentially; use independent-resample intervals
19,gaussian_process,3,bucketed,last_depth,128,128,3,6,1.1863606050610542,1.0668164268136024,repeat indices align samples but methods were timed sequentially; use independent-resample intervals
19,gaussian_process,3,bucketed,last_depth,128,128,3,7,1.129947952926159,1.0345672070980072,repeat indices align samples but methods were timed sequentially; use independent-resample intervals
19,gaussian_process,3,bucketed,last_depth,128,128,3,8,1.149691879749298,0.9671496897935867,repeat indices align samples but methods were timed sequentially; use independent-resample intervals
19,gaussian_process,3,bucketed,last_depth,128,128,3,9,1.1634222567081451,1.0023108944296837,repeat indices align samples but methods were timed sequentially; use independent-resample intervals
19,gaussian_process,3,bucketed,last_depth,128,128,3,10,1.1167511492967606,1.024311438202858,repeat indices align samples but methods were timed sequentially; use independent-resample intervals
19,gaussian_process,3,bucketed,last_depth,128,128,3,11,1.1556739136576653,1.010884128510952,repeat indices align samples but methods were timed sequentially; use independent-resample intervals
19,gaussian_process,3,bucketed,last_depth,128,128,3,12,1.1238076612353325,1.004949115216732,repeat indices align samples but methods were timed sequentially; use independent-resample intervals
19,gaussian_process,3,bucketed,last_depth,128,128,3,13,1.1128009408712387,1.0086147263646126,repeat indices align samples but methods were timed sequentially; use independent-resample intervals
19,gaussian_process,3,bucketed,last_depth,128,128,3,14,1.0687643811106682,0.9850582033395767,repeat indices align samples but methods were timed sequentially; use independent-resample intervals
19,gaussian_process,3,bucketed,last_depth,128,128,3,15,1.1384151354432106,0.992967963218689,repeat indices align samples but methods were timed sequentially; use independent-resample intervals
19,gaussian_process,3,bucketed,last_depth,128,128,3,16,1.0849574506282806,0.9678468555212021,repeat indices align samples but methods were timed sequentially; use independent-resample intervals
19,gaussian_process,3,bucketed,last_depth,128,128,3,17,1.0844573676586151,0.9876273050904274,repeat indices align samples but methods were timed sequentially; use independent-resample intervals
19,gaussian_process,3,bucketed,last_depth,128,128,3,18,1.10785623639822,0.990162305533886,repeat indices align samples but methods were timed sequentially; use independent-resample intervals
19,gaussian_process,3,bucketed,last_depth,128,128,3,19,1.1025243028998375,0.9494200199842453,repeat indices align samples but methods were timed sequentially; use independent-resample intervals
19,gaussian_process,3,bucketed,last_depth,128,128,3,20,1.113039679825306,1.0018340647220612,repeat indices align samples but methods were timed sequentially; use independent-resample intervals
19,gaussian_process,3,bucketed,last_depth,128,128,3,21,1.1040129885077477,0.9823869243264198,repeat indices align samples but methods were timed sequentially; use independent-resample intervals
19,gaussian_process,3,bucketed,last_depth,128,128,3,22,1.1004373356699944,0.9677224159240723,repeat indices align samples but methods were timed sequentially; use independent-resample intervals
19,gaussian_process,3,bucketed,last_depth,128,128,3,23,1.136864185333252,0.9814141765236855,repeat indices align samples but methods were timed sequentially; use independent-resample intervals
19,gaussian_process,3,bucketed,last_depth,128,128,3,24,1.0570968389511108,0.9688107073307037,repeat indices align samples but methods were timed sequentially; use independent-resample intervals
19,gaussian_process,3,bucketed,last_depth,128,128,3,25,1.1047281697392464,1.0024046897888184,repeat indices align samples but methods were timed sequentially; use independent-resample intervals
19,gaussian_process,3,bucketed,last_depth,128,128,3,26,1.1105374172329903,1.0105314329266548,repeat indices align samples but methods were timed sequentially; use independent-resample intervals
19,gaussian_process,3,bucketed,last_depth,128,128,3,27,1.1036349907517433,0.99136121571064,repeat indices align samples but methods were timed sequentially; use independent-resample intervals
19,gaussian_process,3,bucketed,last_depth,128,128,3,28,1.0896658152341843,1.0102181285619736,repeat indices align samples but methods were timed sequentially; use independent-resample intervals
19,gaussian_process,3,bucketed,last_depth,128,128,3,29,1.0680184289813042,0.9759905636310577,repeat indices align samples but methods were timed sequentially; use independent-resample intervals
20,gaussian_process,4,monolithic,monolithic,0,128,3,0,0.9963644668459892,0.9963644668459892,repeat indices align samples but methods were timed sequentially; use independent-resample intervals
20,gaussian_process,4,monolithic,monolithic,0,128,3,1,1.0172536745667458,1.0172536745667458,repeat indices align samples but methods were timed sequentially; use independent-resample intervals
20,gaussian_process,4,monolithic,monolithic,0,128,3,2,0.9547932967543602,0.9547932967543602,repeat indices align samples but methods were timed sequentially; use independent-resample intervals
20,gaussian_process,4,monolithic,monolithic,0,128,3,3,1.0487087219953537,1.0487087219953537,repeat indices align samples but methods were timed sequentially; use independent-resample intervals
20,gaussian_process,4,monolithic,monolithic,0,128,3,4,1.1576965153217316,1.1576965153217316,repeat indices align samples but methods were timed sequentially; use independent-resample intervals
20,gaussian_process,4,monolithic,monolithic,0,128,3,5,0.9701367095112801,0.9701367095112801,repeat indices align samples but methods were timed sequentially; use independent-resample intervals
20,gaussian_process,4,monolithic,monolithic,0,128,3,6,0.9674769416451454,0.9674769416451454,repeat indices align samples but methods were timed sequentially; use independent-resample intervals
20,gaussian_process,4,monolithic,monolithic,0,128,3,7,1.0496658682823181,1.0496658682823181,repeat indices align samples but methods were timed sequentially; use independent-resample intervals
20,gaussian_process,4,monolithic,monolithic,0,128,3,8,1.0085816755890846,1.0085816755890846,repeat indices align samples but methods were timed sequentially; use independent-resample intervals
20,gaussian_process,4,monolithic,monolithic,0,128,3,9,0.9837857931852341,0.9837857931852341,repeat indices align samples but methods were timed sequentially; use independent-resample intervals
20,gaussian_process,4,monolithic,monolithic,0,128,3,10,0.9998708292841911,0.9998708292841911,repeat indices align samples but methods were timed sequentially; use independent-resample intervals
20,gaussian_process,4,monolithic,monolithic,0,128,3,11,1.0069010555744171,1.0069010555744171,repeat indices align samples but methods were timed sequentially; use independent-resample intervals
20,gaussian_process,4,monolithic,monolithic,0,128,3,12,1.0185328498482704,1.0185328498482704,repeat indices align samples but methods were timed sequentially; use independent-resample intervals
20,gaussian_process,4,monolithic,monolithic,0,128,3,13,0.9964434057474136,0.9964434057474136,repeat indices align samples but methods were timed sequentially; use independent-resample intervals
20,gaussian_process,4,monolithic,monolithic,0,128,3,14,0.9754552617669106,0.9754552617669106,repeat indices align samples but methods were timed sequentially; use independent-resample intervals
20,gaussian_process,4,monolithic,monolithic,0,128,3,15,0.9949191957712173,0.9949191957712173,repeat indices align samples but methods were timed sequentially; use independent-resample intervals
20,gaussian_process,4,monolithic,monolithic,0,128,3,16,0.987916000187397,0.987916000187397,repeat indices align samples but methods were timed sequentially; use independent-resample intervals
20,gaussian_process,4,monolithic,monolithic,0,128,3,17,1.0459310933947563,1.0459310933947563,repeat indices align samples but methods were timed sequentially; use independent-resample intervals
20,gaussian_process,4,monolithic,monolithic,0,128,3,18,0.9980600997805595,0.9980600997805595,repeat indices align samples but methods were timed sequentially; use independent-resample intervals
20,gaussian_process,4,monolithic,monolithic,0,128,3,19,0.9985860884189606,0.9985860884189606,repeat indices align samples but methods were timed sequentially; use independent-resample intervals
20,gaussian_process,4,monolithic,monolithic,0,128,3,20,1.0348288714885712,1.0348288714885712,repeat indices align samples but methods were timed sequentially; use independent-resample intervals
20,gaussian_process,4,monolithic,monolithic,0,128,3,21,1.0910087674856186,1.0910087674856186,repeat indices align samples but methods were timed sequentially; use independent-resample intervals
20,gaussian_process,4,monolithic,monolithic,0,128,3,22,1.1913154572248459,1.1913154572248459,repeat indices align samples but methods were timed sequentially; use independent-resample intervals
20,gaussian_process,4,monolithic,monolithic,0,128,3,23,1.0416960269212723,1.0416960269212723,repeat indices align samples but methods were timed sequentially; use independent-resample intervals
20,gaussian_process,4,monolithic,monolithic,0,128,3,24,1.0532838925719261,1.0532838925719261,repeat indices align samples but methods were timed sequentially; use independent-resample intervals
20,gaussian_process,4,monolithic,monolithic,0,128,3,25,1.2142667174339294,1.2142667174339294,repeat indices align samples but methods were timed sequentially; use independent-resample intervals
20,gaussian_process,4,monolithic,monolithic,0,128,3,26,1.1621259078383446,1.1621259078383446,repeat indices align samples but methods were timed sequentially; use independent-resample intervals
20,gaussian_process,4,monolithic,monolithic,0,128,3,27,0.9989685788750648,0.9989685788750648,repeat indices align samples but methods were timed sequentially; use independent-resample intervals
20,gaussian_process,4,monolithic,monolithic,0,128,3,28,1.0395177230238914,1.0395177230238914,repeat indices align samples but methods were timed sequentially; use independent-resample intervals
20,gaussian_process,4,monolithic,monolithic,0,128,3,29,1.0209865868091583,1.0209865868091583,repeat indices align samples but methods were timed sequentially; use independent-resample intervals
21,gaussian_process,4,bucketed,history,64,128,3,0,1.1133225187659264,0.9963644668459892,repeat indices align samples but methods were timed sequentially; use independent-resample intervals
21,gaussian_process,4,bucketed,history,64,128,3,1,1.1173056215047836,1.0172536745667458,repeat indices align samples but methods were timed sequentially; use independent-resample intervals
21,gaussian_process,4,bucketed,history,64,128,3,2,1.054476611316204,0.9547932967543602,repeat indices align samples but methods were timed sequentially; use independent-resample intervals
21,gaussian_process,4,bucketed,history,64,128,3,3,1.0834949687123299,1.0487087219953537,repeat indices align samples but methods were timed sequentially; use independent-resample intervals
21,gaussian_process,4,bucketed,history,64,128,3,4,1.1241620182991028,1.1576965153217316,repeat indices align samples but methods were timed sequentially; use independent-resample intervals
21,gaussian_process,4,bucketed,history,64,128,3,5,1.1051158905029297,0.9701367095112801,repeat indices align samples but methods were timed sequentially; use independent-resample intervals
21,gaussian_process,4,bucketed,history,64,128,3,6,1.0820931941270828,0.9674769416451454,repeat indices align samples but methods were timed sequentially; use independent-resample intervals
21,gaussian_process,4,bucketed,history,64,128,3,7,1.0843621790409088,1.0496658682823181,repeat indices align samples but methods were timed sequentially; use independent-resample intervals
21,gaussian_process,4,bucketed,history,64,128,3,8,1.0681555792689323,1.0085816755890846,repeat indices align samples but methods were timed sequentially; use independent-resample intervals
21,gaussian_process,4,bucketed,history,64,128,3,9,1.0826371535658836,0.9837857931852341,repeat indices align samples but methods were timed sequentially; use independent-resample intervals
21,gaussian_process,4,bucketed,history,64,128,3,10,1.06141646951437,0.9998708292841911,repeat indices align samples but methods were timed sequentially; use independent-resample intervals
21,gaussian_process,4,bucketed,history,64,128,3,11,1.0953841730952263,1.0069010555744171,repeat indices align samples but methods were timed sequentially; use independent-resample intervals
21,gaussian_process,4,bucketed,history,64,128,3,12,1.1125321686267853,1.0185328498482704,repeat indices align samples but methods were timed sequentially; use independent-resample intervals
21,gaussian_process,4,bucketed,history,64,128,3,13,1.147823266685009,0.9964434057474136,repeat indices align samples but methods were timed sequentially; use independent-resample intervals
21,gaussian_process,4,bucketed,history,64,128,3,14,1.0719031319022179,0.9754552617669106,repeat indices align samples but methods were timed sequentially; use independent-resample intervals
21,gaussian_process,4,bucketed,history,64,128,3,15,1.1260972321033478,0.9949191957712173,repeat indices align samples but methods were timed sequentially; use independent-resample intervals
21,gaussian_process,4,bucketed,history,64,128,3,16,1.0709149911999702,0.987916000187397,repeat indices align samples but methods were timed sequentially; use independent-resample intervals
21,gaussian_process,4,bucketed,history,64,128,3,17,1.085581585764885,1.0459310933947563,repeat indices align samples but methods were timed sequentially; use independent-resample intervals
21,gaussian_process,4,bucketed,history,64,128,3,18,1.1335886791348457,0.9980600997805595,repeat indices align samples but methods were timed sequentially; use independent-resample intervals
21,gaussian_process,4,bucketed,history,64,128,3,19,1.1674073711037636,0.9985860884189606,repeat indices align samples but methods were timed sequentially; use independent-resample intervals
21,gaussian_process,4,bucketed,history,64,128,3,20,1.0936732068657875,1.0348288714885712,repeat indices align samples but methods were timed sequentially; use independent-resample intervals
21,gaussian_process,4,bucketed,history,64,128,3,21,1.0680618062615395,1.0910087674856186,repeat indices align samples but methods were timed sequentially; use independent-resample intervals
21,gaussian_process,4,bucketed,history,64,128,3,22,1.0677568465471268,1.1913154572248459,repeat indices align samples but methods were timed sequentially; use independent-resample intervals
21,gaussian_process,4,bucketed,history,64,128,3,23,1.0577396973967552,1.0416960269212723,repeat indices align samples but methods were timed sequentially; use independent-resample intervals
21,gaussian_process,4,bucketed,history,64,128,3,24,1.0775797069072723,1.0532838925719261,repeat indices align samples but methods were timed sequentially; use independent-resample intervals
21,gaussian_process,4,bucketed,history,64,128,3,25,1.0448022559285164,1.2142667174339294,repeat indices align samples but methods were timed sequentially; use independent-resample intervals
21,gaussian_process,4,bucketed,history,64,128,3,26,1.0546719655394554,1.1621259078383446,repeat indices align samples but methods were timed sequentially; use independent-resample intervals
21,gaussian_process,4,bucketed,history,64,128,3,27,1.0835335478186607,0.9989685788750648,repeat indices align samples but methods were timed sequentially; use independent-resample intervals
21,gaussian_process,4,bucketed,history,64,128,3,28,1.0925872474908829,1.0395177230238914,repeat indices align samples but methods were timed sequentially; use independent-resample intervals
21,gaussian_process,4,bucketed,history,64,128,3,29,1.0743644312024117,1.0209865868091583,repeat indices align samples but methods were timed sequentially; use independent-resample intervals
22,gaussian_process,4,bucketed,history,128,128,3,0,1.0539786368608475,0.9963644668459892,repeat indices align samples but methods were timed sequentially; use independent-resample intervals
22,gaussian_process,4,bucketed,history,128,128,3,1,1.0855312645435333,1.0172536745667458,repeat indices align samples but methods were timed sequentially; use independent-resample intervals
22,gaussian_process,4,bucketed,history,128,128,3,2,1.067572444677353,0.9547932967543602,repeat indices align samples but methods were timed sequentially; use independent-resample intervals
22,gaussian_process,4,bucketed,history,128,128,3,3,1.0547772347927094,1.0487087219953537,repeat indices align samples but methods were timed sequentially; use independent-resample intervals
22,gaussian_process,4,bucketed,history,128,128,3,4,1.265473410487175,1.1576965153217316,repeat indices align samples but methods were timed sequentially; use independent-resample intervals
22,gaussian_process,4,bucketed,history,128,128,3,5,1.0730874463915825,0.9701367095112801,repeat indices align samples but methods were timed sequentially; use independent-resample intervals
22,gaussian_process,4,bucketed,history,128,128,3,6,1.067891776561737,0.9674769416451454,repeat indices align samples but methods were timed sequentially; use independent-resample intervals
22,gaussian_process,4,bucketed,history,128,128,3,7,1.14772280305624,1.0496658682823181,repeat indices align samples but methods were timed sequentially; use independent-resample intervals
22,gaussian_process,4,bucketed,history,128,128,3,8,1.081923596560955,1.0085816755890846,repeat indices align samples but methods were timed sequentially; use independent-resample intervals
22,gaussian_process,4,bucketed,history,128,128,3,9,1.075817584991455,0.9837857931852341,repeat indices align samples but methods were timed sequentially; use independent-resample intervals
22,gaussian_process,4,bucketed,history,128,128,3,10,1.1161580234766006,0.9998708292841911,repeat indices align samples but methods were timed sequentially; use independent-resample intervals
22,gaussian_process,4,bucketed,history,128,128,3,11,1.0954389423131943,1.0069010555744171,repeat indices align samples but methods were timed sequentially; use independent-resample intervals
22,gaussian_process,4,bucketed,history,128,128,3,12,1.126641534268856,1.0185328498482704,repeat indices align samples but methods were timed sequentially; use independent-resample intervals
22,gaussian_process,4,bucketed,history,128,128,3,13,1.2011095583438873,0.9964434057474136,repeat indices align samples but methods were timed sequentially; use independent-resample intervals
22,gaussian_process,4,bucketed,history,128,128,3,14,1.1160437017679214,0.9754552617669106,repeat indices align samples but methods were timed sequentially; use independent-resample intervals
22,gaussian_process,4,bucketed,history,128,128,3,15,1.1569423601031303,0.9949191957712173,repeat indices align samples but methods were timed sequentially; use independent-resample intervals
22,gaussian_process,4,bucketed,history,128,128,3,16,1.2122028544545174,0.987916000187397,repeat indices align samples but methods were timed sequentially; use independent-resample intervals
22,gaussian_process,4,bucketed,history,128,128,3,17,1.2609306648373604,1.0459310933947563,repeat indices align samples but methods were timed sequentially; use independent-resample intervals
22,gaussian_process,4,bucketed,history,128,128,3,18,1.1843676939606667,0.9980600997805595,repeat indices align samples but methods were timed sequentially; use independent-resample intervals
22,gaussian_process,4,bucketed,history,128,128,3,19,1.0771583020687103,0.9985860884189606,repeat indices align samples but methods were timed sequentially; use independent-resample intervals
22,gaussian_process,4,bucketed,history,128,128,3,20,1.0743591710925102,1.0348288714885712,repeat indices align samples but methods were timed sequentially; use independent-resample intervals
22,gaussian_process,4,bucketed,history,128,128,3,21,1.1184769496321678,1.0910087674856186,repeat indices align samples but methods were timed sequentially; use independent-resample intervals
22,gaussian_process,4,bucketed,history,128,128,3,22,1.0736920088529587,1.1913154572248459,repeat indices align samples but methods were timed sequentially; use independent-resample intervals
22,gaussian_process,4,bucketed,history,128,128,3,23,1.0833870768547058,1.0416960269212723,repeat indices align samples but methods were timed sequentially; use independent-resample intervals
22,gaussian_process,4,bucketed,history,128,128,3,24,1.0841070711612701,1.0532838925719261,repeat indices align samples but methods were timed sequentially; use independent-resample intervals
22,gaussian_process,4,bucketed,history,128,128,3,25,1.0495332181453705,1.2142667174339294,repeat indices align samples but methods were timed sequentially; use independent-resample intervals
22,gaussian_process,4,bucketed,history,128,128,3,26,1.0660911574959755,1.1621259078383446,repeat indices align samples but methods were timed sequentially; use independent-resample intervals
22,gaussian_process,4,bucketed,history,128,128,3,27,1.0781832411885262,0.9989685788750648,repeat indices align samples but methods were timed sequentially; use independent-resample intervals
22,gaussian_process,4,bucketed,history,128,128,3,28,1.1279805228114128,1.0395177230238914,repeat indices align samples but methods were timed sequentially; use independent-resample intervals
22,gaussian_process,4,bucketed,history,128,128,3,29,1.0682672187685966,1.0209865868091583,repeat indices align samples but methods were timed sequentially; use independent-resample intervals
23,gaussian_process,4,bucketed,last_depth,64,128,3,0,1.0644824504852295,0.9963644668459892,repeat indices align samples but methods were timed sequentially; use independent-resample intervals
23,gaussian_process,4,bucketed,last_depth,64,128,3,1,1.0290616303682327,1.0172536745667458,repeat indices align samples but methods were timed sequentially; use independent-resample intervals
23,gaussian_process,4,bucketed,last_depth,64,128,3,2,1.0852694138884544,0.9547932967543602,repeat indices align samples but methods were timed sequentially; use independent-resample intervals
23,gaussian_process,4,bucketed,last_depth,64,128,3,3,1.0557280778884888,1.0487087219953537,repeat indices align samples but methods were timed sequentially; use independent-resample intervals
23,gaussian_process,4,bucketed,last_depth,64,128,3,4,1.0707898065447807,1.1576965153217316,repeat indices align samples but methods were timed sequentially; use independent-resample intervals
23,gaussian_process,4,bucketed,last_depth,64,128,3,5,1.022286519408226,0.9701367095112801,repeat indices align samples but methods were timed sequentially; use independent-resample intervals
23,gaussian_process,4,bucketed,last_depth,64,128,3,6,1.0533473491668701,0.9674769416451454,repeat indices align samples but methods were timed sequentially; use independent-resample intervals
23,gaussian_process,4,bucketed,last_depth,64,128,3,7,1.0536814704537392,1.0496658682823181,repeat indices align samples but methods were timed sequentially; use independent-resample intervals
23,gaussian_process,4,bucketed,last_depth,64,128,3,8,1.1181466057896614,1.0085816755890846,repeat indices align samples but methods were timed sequentially; use independent-resample intervals
23,gaussian_process,4,bucketed,last_depth,64,128,3,9,1.0842651650309563,0.9837857931852341,repeat indices align samples but methods were timed sequentially; use independent-resample intervals
23,gaussian_process,4,bucketed,last_depth,64,128,3,10,1.0562769398093224,0.9998708292841911,repeat indices align samples but methods were timed sequentially; use independent-resample intervals
23,gaussian_process,4,bucketed,last_depth,64,128,3,11,1.0355332717299461,1.0069010555744171,repeat indices align samples but methods were timed sequentially; use independent-resample intervals
23,gaussian_process,4,bucketed,last_depth,64,128,3,12,1.0744849741458893,1.0185328498482704,repeat indices align samples but methods were timed sequentially; use independent-resample intervals
23,gaussian_process,4,bucketed,last_depth,64,128,3,13,1.0889670178294182,0.9964434057474136,repeat indices align samples but methods were timed sequentially; use independent-resample intervals
23,gaussian_process,4,bucketed,last_depth,64,128,3,14,1.0824040845036507,0.9754552617669106,repeat indices align samples but methods were timed sequentially; use independent-resample intervals
23,gaussian_process,4,bucketed,last_depth,64,128,3,15,1.0605496913194656,0.9949191957712173,repeat indices align samples but methods were timed sequentially; use independent-resample intervals
23,gaussian_process,4,bucketed,last_depth,64,128,3,16,1.0880971923470497,0.987916000187397,repeat indices align samples but methods were timed sequentially; use independent-resample intervals
23,gaussian_process,4,bucketed,last_depth,64,128,3,17,1.0646701008081436,1.0459310933947563,repeat indices align samples but methods were timed sequentially; use independent-resample intervals
23,gaussian_process,4,bucketed,last_depth,64,128,3,18,1.22366551309824,0.9980600997805595,repeat indices align samples but methods were timed sequentially; use independent-resample intervals
23,gaussian_process,4,bucketed,last_depth,64,128,3,19,1.083065927028656,0.9985860884189606,repeat indices align samples but methods were timed sequentially; use independent-resample intervals
23,gaussian_process,4,bucketed,last_depth,64,128,3,20,1.0300515443086624,1.0348288714885712,repeat indices align samples but methods were timed sequentially; use independent-resample intervals
23,gaussian_process,4,bucketed,last_depth,64,128,3,21,1.1075453162193298,1.0910087674856186,repeat indices align samples but methods were timed sequentially; use independent-resample intervals
23,gaussian_process,4,bucketed,last_depth,64,128,3,22,1.1502946615219116,1.1913154572248459,repeat indices align samples but methods were timed sequentially; use independent-resample intervals
23,gaussian_process,4,bucketed,last_depth,64,128,3,23,1.0445036813616753,1.0416960269212723,repeat indices align samples but methods were timed sequentially; use independent-resample intervals
23,gaussian_process,4,bucketed,last_depth,64,128,3,24,1.0770283117890358,1.0532838925719261,repeat indices align samples but methods were timed sequentially; use independent-resample intervals
23,gaussian_process,4,bucketed,last_depth,64,128,3,25,1.0524063929915428,1.2142667174339294,repeat indices align samples but methods were timed sequentially; use independent-resample intervals
23,gaussian_process,4,bucketed,last_depth,64,128,3,26,1.1305995658040047,1.1621259078383446,repeat indices align samples but methods were timed sequentially; use independent-resample intervals
23,gaussian_process,4,bucketed,last_depth,64,128,3,27,1.063683696091175,0.9989685788750648,repeat indices align samples but methods were timed sequentially; use independent-resample intervals
23,gaussian_process,4,bucketed,last_depth,64,128,3,28,1.097779057919979,1.0395177230238914,repeat indices align samples but methods were timed sequentially; use independent-resample intervals
23,gaussian_process,4,bucketed,last_depth,64,128,3,29,1.096302941441536,1.0209865868091583,repeat indices align samples but methods were timed sequentially; use independent-resample intervals
24,gaussian_process,4,bucketed,last_depth,128,128,3,0,1.1329733058810234,0.9963644668459892,repeat indices align samples but methods were timed sequentially; use independent-resample intervals
24,gaussian_process,4,bucketed,last_depth,128,128,3,1,1.113280825316906,1.0172536745667458,repeat indices align samples but methods were timed sequentially; use independent-resample intervals
24,gaussian_process,4,bucketed,last_depth,128,128,3,2,1.0866727903485298,0.9547932967543602,repeat indices align samples but methods were timed sequentially; use independent-resample intervals
24,gaussian_process,4,bucketed,last_depth,128,128,3,3,1.0751482620835304,1.0487087219953537,repeat indices align samples but methods were timed sequentially; use independent-resample intervals
24,gaussian_process,4,bucketed,last_depth,128,128,3,4,1.0578133165836334,1.1576965153217316,repeat indices align samples but methods were timed sequentially; use independent-resample intervals
24,gaussian_process,4,bucketed,last_depth,128,128,3,5,1.1476280763745308,0.9701367095112801,repeat indices align samples but methods were timed sequentially; use independent-resample intervals
24,gaussian_process,4,bucketed,last_depth,128,128,3,6,1.0753454938530922,0.9674769416451454,repeat indices align samples but methods were timed sequentially; use independent-resample intervals
24,gaussian_process,4,bucketed,last_depth,128,128,3,7,1.2166416645050049,1.0496658682823181,repeat indices align samples but methods were timed sequentially; use independent-resample intervals
24,gaussian_process,4,bucketed,last_depth,128,128,3,8,1.046594925224781,1.0085816755890846,repeat indices align samples but methods were timed sequentially; use independent-resample intervals
24,gaussian_process,4,bucketed,last_depth,128,128,3,9,1.121905080974102,0.9837857931852341,repeat indices align samples but methods were timed sequentially; use independent-resample intervals
24,gaussian_process,4,bucketed,last_depth,128,128,3,10,1.188820205628872,0.9998708292841911,repeat indices align samples but methods were timed sequentially; use independent-resample intervals
24,gaussian_process,4,bucketed,last_depth,128,128,3,11,1.3054548054933548,1.0069010555744171,repeat indices align samples but methods were timed sequentially; use independent-resample intervals
24,gaussian_process,4,bucketed,last_depth,128,128,3,12,1.177332915365696,1.0185328498482704,repeat indices align samples but methods were timed sequentially; use independent-resample intervals
24,gaussian_process,4,bucketed,last_depth,128,128,3,13,1.1208435967564583,0.9964434057474136,repeat indices align samples but methods were timed sequentially; use independent-resample intervals
24,gaussian_process,4,bucketed,last_depth,128,128,3,14,1.1134112998843193,0.9754552617669106,repeat indices align samples but methods were timed sequentially; use independent-resample intervals
24,gaussian_process,4,bucketed,last_depth,128,128,3,15,1.1015751212835312,0.9949191957712173,repeat indices align samples but methods were timed sequentially; use independent-resample intervals
24,gaussian_process,4,bucketed,last_depth,128,128,3,16,1.1737256944179535,0.987916000187397,repeat indices align samples but methods were timed sequentially; use independent-resample intervals
24,gaussian_process,4,bucketed,last_depth,128,128,3,17,1.0863985419273376,1.0459310933947563,repeat indices align samples but methods were timed sequentially; use independent-resample intervals
24,gaussian_process,4,bucketed,last_depth,128,128,3,18,1.1204595491290092,0.9980600997805595,repeat indices align samples but methods were timed sequentially; use independent-resample intervals
24,gaussian_process,4,bucketed,last_depth,128,128,3,19,1.1602224856615067,0.9985860884189606,repeat indices align samples but methods were timed sequentially; use independent-resample intervals
24,gaussian_process,4,bucketed,last_depth,128,128,3,20,1.1027190014719963,1.0348288714885712,repeat indices align samples but methods were timed sequentially; use independent-resample intervals
24,gaussian_process,4,bucketed,last_depth,128,128,3,21,1.1003936380147934,1.0910087674856186,repeat indices align samples but methods were timed sequentially; use independent-resample intervals
24,gaussian_process,4,bucketed,last_depth,128,128,3,22,1.0741331428289413,1.1913154572248459,repeat indices align samples but methods were timed sequentially; use independent-resample intervals
24,gaussian_process,4,bucketed,last_depth,128,128,3,23,1.1671753376722336,1.0416960269212723,repeat indices align samples but methods were timed sequentially; use independent-resample intervals
24,gaussian_process,4,bucketed,last_depth,128,128,3,24,1.0852845162153244,1.0532838925719261,repeat indices align samples but methods were timed sequentially; use independent-resample intervals
24,gaussian_process,4,bucketed,last_depth,128,128,3,25,1.1222841367125511,1.2142667174339294,repeat indices align samples but methods were timed sequentially; use independent-resample intervals
24,gaussian_process,4,bucketed,last_depth,128,128,3,26,1.1088402643799782,1.1621259078383446,repeat indices align samples but methods were timed sequentially; use independent-resample intervals
24,gaussian_process,4,bucketed,last_depth,128,128,3,27,1.1260919198393822,0.9989685788750648,repeat indices align samples but methods were timed sequentially; use independent-resample intervals
24,gaussian_process,4,bucketed,last_depth,128,128,3,28,1.1401537135243416,1.0395177230238914,repeat indices align samples but methods were timed sequentially; use independent-resample intervals
24,gaussian_process,4,bucketed,last_depth,128,128,3,29,1.0892073661088943,1.0209865868091583,repeat indices align samples but methods were timed sequentially; use independent-resample intervals
25,gaussian_process,0,monolithic,monolithic,0,256,3,0,9.126492939889431,9.126492939889431,repeat indices align samples but methods were timed sequentially; use independent-resample intervals
25,gaussian_process,0,monolithic,monolithic,0,256,3,1,1.9902471229434013,1.9902471229434013,repeat indices align samples but methods were timed sequentially; use independent-resample intervals
25,gaussian_process,0,monolithic,monolithic,0,256,3,2,1.9054873883724213,1.9054873883724213,repeat indices align samples but methods were timed sequentially; use independent-resample intervals
25,gaussian_process,0,monolithic,monolithic,0,256,3,3,1.8828643411397934,1.8828643411397934,repeat indices align samples but methods were timed sequentially; use independent-resample intervals
25,gaussian_process,0,monolithic,monolithic,0,256,3,4,1.8847914040088654,1.8847914040088654,repeat indices align samples but methods were timed sequentially; use independent-resample intervals
25,gaussian_process,0,monolithic,monolithic,0,256,3,5,1.9240939691662788,1.9240939691662788,repeat indices align samples but methods were timed sequentially; use independent-resample intervals
25,gaussian_process,0,monolithic,monolithic,0,256,3,6,1.8391163721680641,1.8391163721680641,repeat indices align samples but methods were timed sequentially; use independent-resample intervals
25,gaussian_process,0,monolithic,monolithic,0,256,3,7,1.813846230506897,1.813846230506897,repeat indices align samples but methods were timed sequentially; use independent-resample intervals
25,gaussian_process,0,monolithic,monolithic,0,256,3,8,1.8822108432650566,1.8822108432650566,repeat indices align samples but methods were timed sequentially; use independent-resample intervals
25,gaussian_process,0,monolithic,monolithic,0,256,3,9,1.9085171297192574,1.9085171297192574,repeat indices align samples but methods were timed sequentially; use independent-resample intervals
25,gaussian_process,0,monolithic,monolithic,0,256,3,10,1.8754641562700272,1.8754641562700272,repeat indices align samples but methods were timed sequentially; use independent-resample intervals
25,gaussian_process,0,monolithic,monolithic,0,256,3,11,1.9044562056660652,1.9044562056660652,repeat indices align samples but methods were timed sequentially; use independent-resample intervals
25,gaussian_process,0,monolithic,monolithic,0,256,3,12,1.9725330024957657,1.9725330024957657,repeat indices align samples but methods were timed sequentially; use independent-resample intervals
25,gaussian_process,0,monolithic,monolithic,0,256,3,13,1.8392161279916763,1.8392161279916763,repeat indices align samples but methods were timed sequentially; use independent-resample intervals
25,gaussian_process,0,monolithic,monolithic,0,256,3,14,1.8635724037885666,1.8635724037885666,repeat indices align samples but methods were timed sequentially; use independent-resample intervals
25,gaussian_process,0,monolithic,monolithic,0,256,3,15,1.922977477312088,1.922977477312088,repeat indices align samples but methods were timed sequentially; use independent-resample intervals
25,gaussian_process,0,monolithic,monolithic,0,256,3,16,2.058614082634449,2.058614082634449,repeat indices align samples but methods were timed sequentially; use independent-resample intervals
25,gaussian_process,0,monolithic,monolithic,0,256,3,17,1.9708775505423546,1.9708775505423546,repeat indices align samples but methods were timed sequentially; use independent-resample intervals
25,gaussian_process,0,monolithic,monolithic,0,256,3,18,1.9548619464039803,1.9548619464039803,repeat indices align samples but methods were timed sequentially; use independent-resample intervals
25,gaussian_process,0,monolithic,monolithic,0,256,3,19,1.941523291170597,1.941523291170597,repeat indices align samples but methods were timed sequentially; use independent-resample intervals
25,gaussian_process,0,monolithic,monolithic,0,256,3,20,1.7921688929200172,1.7921688929200172,repeat indices align samples but methods were timed sequentially; use independent-resample intervals
25,gaussian_process,0,monolithic,monolithic,0,256,3,21,1.8493175581097603,1.8493175581097603,repeat indices align samples but methods were timed sequentially; use independent-resample intervals
25,gaussian_process,0,monolithic,monolithic,0,256,3,22,1.7728436961770058,1.7728436961770058,repeat indices align samples but methods were timed sequentially; use independent-resample intervals
25,gaussian_process,0,monolithic,monolithic,0,256,3,23,1.7979382649064064,1.7979382649064064,repeat indices align samples but methods were timed sequentially; use independent-resample intervals
25,gaussian_process,0,monolithic,monolithic,0,256,3,24,1.922782450914383,1.922782450914383,repeat indices align samples but methods were timed sequentially; use independent-resample intervals
25,gaussian_process,0,monolithic,monolithic,0,256,3,25,1.9072171077132225,1.9072171077132225,repeat indices align samples but methods were timed sequentially; use independent-resample intervals
25,gaussian_process,0,monolithic,monolithic,0,256,3,26,1.9646812602877617,1.9646812602877617,repeat indices align samples but methods were timed sequentially; use independent-resample intervals
25,gaussian_process,0,monolithic,monolithic,0,256,3,27,1.9329685494303703,1.9329685494303703,repeat indices align samples but methods were timed sequentially; use independent-resample intervals
25,gaussian_process,0,monolithic,monolithic,0,256,3,28,1.9190692752599716,1.9190692752599716,repeat indices align samples but methods were timed sequentially; use independent-resample intervals
25,gaussian_process,0,monolithic,monolithic,0,256,3,29,1.9340973198413849,1.9340973198413849,repeat indices align samples but methods were timed sequentially; use independent-resample intervals
26,gaussian_process,0,bucketed,history,64,256,3,0,5.776445910334587,9.126492939889431,repeat indices align samples but methods were timed sequentially; use independent-resample intervals
26,gaussian_process,0,bucketed,history,64,256,3,1,1.970998652279377,1.9902471229434013,repeat indices align samples but methods were timed sequentially; use independent-resample intervals
26,gaussian_process,0,bucketed,history,64,256,3,2,1.992076650261879,1.9054873883724213,repeat indices align samples but methods were timed sequentially; use independent-resample intervals
26,gaussian_process,0,bucketed,history,64,256,3,3,1.9794332385063171,1.8828643411397934,repeat indices align samples but methods were timed sequentially; use independent-resample intervals
26,gaussian_process,0,bucketed,history,64,256,3,4,1.9981748089194298,1.8847914040088654,repeat indices align samples but methods were timed sequentially; use independent-resample intervals
26,gaussian_process,0,bucketed,history,64,256,3,5,2.0211522802710533,1.9240939691662788,repeat indices align samples but methods were timed sequentially; use independent-resample intervals
26,gaussian_process,0,bucketed,history,64,256,3,6,2.013285703957081,1.8391163721680641,repeat indices align samples but methods were timed sequentially; use independent-resample intervals
26,gaussian_process,0,bucketed,history,64,256,3,7,2.04322549700737,1.813846230506897,repeat indices align samples but methods were timed sequentially; use independent-resample intervals
26,gaussian_process,0,bucketed,history,64,256,3,8,2.0669207647442818,1.8822108432650566,repeat indices align samples but methods were timed sequentially; use independent-resample intervals
26,gaussian_process,0,bucketed,history,64,256,3,9,2.258040636777878,1.9085171297192574,repeat indices align samples but methods were timed sequentially; use independent-resample intervals
26,gaussian_process,0,bucketed,history,64,256,3,10,2.2047927901148796,1.8754641562700272,repeat indices align samples but methods were timed sequentially; use independent-resample intervals
26,gaussian_process,0,bucketed,history,64,256,3,11,2.1110500544309616,1.9044562056660652,repeat indices align samples but methods were timed sequentially; use independent-resample intervals
26,gaussian_process,0,bucketed,history,64,256,3,12,2.1298935934901237,1.9725330024957657,repeat indices align samples but methods were timed sequentially; use independent-resample intervals
26,gaussian_process,0,bucketed,history,64,256,3,13,2.000319316983223,1.8392161279916763,repeat indices align samples but methods were timed sequentially; use independent-resample intervals
26,gaussian_process,0,bucketed,history,64,256,3,14,2.1419687643647194,1.8635724037885666,repeat indices align samples but methods were timed sequentially; use independent-resample intervals
26,gaussian_process,0,bucketed,history,64,256,3,15,2.1497106328606606,1.922977477312088,repeat indices align samples but methods were timed sequentially; use independent-resample intervals
26,gaussian_process,0,bucketed,history,64,256,3,16,2.020089477300644,2.058614082634449,repeat indices align samples but methods were timed sequentially; use independent-resample intervals
26,gaussian_process,0,bucketed,history,64,256,3,17,2.2110345140099525,1.9708775505423546,repeat indices align samples but methods were timed sequentially; use independent-resample intervals
26,gaussian_process,0,bucketed,history,64,256,3,18,2.0798649191856384,1.9548619464039803,repeat indices align samples but methods were timed sequentially; use independent-resample intervals
26,gaussian_process,0,bucketed,history,64,256,3,19,2.172742374241352,1.941523291170597,repeat indices align samples but methods were timed sequentially; use independent-resample intervals
26,gaussian_process,0,bucketed,history,64,256,3,20,2.0690116956830025,1.7921688929200172,repeat indices align samples but methods were timed sequentially; use independent-resample intervals
26,gaussian_process,0,bucketed,history,64,256,3,21,2.0777134746313095,1.8493175581097603,repeat indices align samples but methods were timed sequentially; use independent-resample intervals
26,gaussian_process,0,bucketed,history,64,256,3,22,2.0283891037106514,1.7728436961770058,repeat indices align samples but methods were timed sequentially; use independent-resample intervals
26,gaussian_process,0,bucketed,history,64,256,3,23,2.01508379727602,1.7979382649064064,repeat indices align samples but methods were timed sequentially; use independent-resample intervals
26,gaussian_process,0,bucketed,history,64,256,3,24,2.048107087612152,1.922782450914383,repeat indices align samples but methods were timed sequentially; use independent-resample intervals
26,gaussian_process,0,bucketed,history,64,256,3,25,2.091910697519779,1.9072171077132225,repeat indices align samples but methods were timed sequentially; use independent-resample intervals
26,gaussian_process,0,bucketed,history,64,256,3,26,2.044862739741802,1.9646812602877617,repeat indices align samples but methods were timed sequentially; use independent-resample intervals
26,gaussian_process,0,bucketed,history,64,256,3,27,1.9977296814322472,1.9329685494303703,repeat indices align samples but methods were timed sequentially; use independent-resample intervals
26,gaussian_process,0,bucketed,history,64,256,3,28,2.017628885805607,1.9190692752599716,repeat indices align samples but methods were timed sequentially; use independent-resample intervals
26,gaussian_process,0,bucketed,history,64,256,3,29,2.0736987590789795,1.9340973198413849,repeat indices align samples but methods were timed sequentially; use independent-resample intervals
27,gaussian_process,0,bucketed,history,128,256,3,0,5.383377403020859,9.126492939889431,repeat indices align samples but methods were timed sequentially; use independent-resample intervals
27,gaussian_process,0,bucketed,history,128,256,3,1,2.08880365639925,1.9902471229434013,repeat indices align samples but methods were timed sequentially; use independent-resample intervals
27,gaussian_process,0,bucketed,history,128,256,3,2,2.0737718418240547,1.9054873883724213,repeat indices align samples but methods were timed sequentially; use independent-resample intervals
27,gaussian_process,0,bucketed,history,128,256,3,3,2.0359500721096992,1.8828643411397934,repeat indices align samples but methods were timed sequentially; use independent-resample intervals
27,gaussian_process,0,bucketed,history,128,256,3,4,2.0350335463881493,1.8847914040088654,repeat indices align samples but methods were timed sequentially; use independent-resample intervals
27,gaussian_process,0,bucketed,history,128,256,3,5,2.10381880402565,1.9240939691662788,repeat indices align samples but methods were timed sequentially; use independent-resample intervals
27,gaussian_process,0,bucketed,history,128,256,3,6,2.1474922224879265,1.8391163721680641,repeat indices align samples but methods were timed sequentially; use independent-resample intervals
27,gaussian_process,0,bucketed,history,128,256,3,7,2.041327305138111,1.813846230506897,repeat indices align samples but methods were timed sequentially; use independent-resample intervals
27,gaussian_process,0,bucketed,history,128,256,3,8,2.0439251512289047,1.8822108432650566,repeat indices align samples but methods were timed sequentially; use independent-resample intervals
27,gaussian_process,0,bucketed,history,128,256,3,9,2.1044075712561607,1.9085171297192574,repeat indices align samples but methods were timed sequentially; use independent-resample intervals
27,gaussian_process,0,bucketed,history,128,256,3,10,2.083868660032749,1.8754641562700272,repeat indices align samples but methods were timed sequentially; use independent-resample intervals
27,gaussian_process,0,bucketed,history,128,256,3,11,2.1485872641205788,1.9044562056660652,repeat indices align samples but methods were timed sequentially; use independent-resample intervals
27,gaussian_process,0,bucketed,history,128,256,3,12,2.294505722820759,1.9725330024957657,repeat indices align samples but methods were timed sequentially; use independent-resample intervals
27,gaussian_process,0,bucketed,history,128,256,3,13,2.0468794777989388,1.8392161279916763,repeat indices align samples but methods were timed sequentially; use independent-resample intervals
27,gaussian_process,0,bucketed,history,128,256,3,14,2.151328928768635,1.8635724037885666,repeat indices align samples but methods were timed sequentially; use independent-resample intervals
27,gaussian_process,0,bucketed,history,128,256,3,15,2.2818883061408997,1.922977477312088,repeat indices align samples but methods were timed sequentially; use independent-resample intervals
27,gaussian_process,0,bucketed,history,128,256,3,16,2.090449444949627,2.058614082634449,repeat indices align samples but methods were timed sequentially; use independent-resample intervals
27,gaussian_process,0,bucketed,history,128,256,3,17,1.980771355330944,1.9708775505423546,repeat indices align samples but methods were timed sequentially; use independent-resample intervals
27,gaussian_process,0,bucketed,history,128,256,3,18,1.966685488820076,1.9548619464039803,repeat indices align samples but methods were timed sequentially; use independent-resample intervals
27,gaussian_process,0,bucketed,history,128,256,3,19,1.979168064892292,1.941523291170597,repeat indices align samples but methods were timed sequentially; use independent-resample intervals
27,gaussian_process,0,bucketed,history,128,256,3,20,1.9101543724536896,1.7921688929200172,repeat indices align samples but methods were timed sequentially; use independent-resample intervals
27,gaussian_process,0,bucketed,history,128,256,3,21,1.963287577033043,1.8493175581097603,repeat indices align samples but methods were timed sequentially; use independent-resample intervals
27,gaussian_process,0,bucketed,history,128,256,3,22,1.975391797721386,1.7728436961770058,repeat indices align samples but methods were timed sequentially; use independent-resample intervals
27,gaussian_process,0,bucketed,history,128,256,3,23,2.11544468998909,1.7979382649064064,repeat indices align samples but methods were timed sequentially; use independent-resample intervals
27,gaussian_process,0,bucketed,history,128,256,3,24,2.0275344476103783,1.922782450914383,repeat indices align samples but methods were timed sequentially; use independent-resample intervals
27,gaussian_process,0,bucketed,history,128,256,3,25,2.032992295920849,1.9072171077132225,repeat indices align samples but methods were timed sequentially; use independent-resample intervals
27,gaussian_process,0,bucketed,history,128,256,3,26,2.008707568049431,1.9646812602877617,repeat indices align samples but methods were timed sequentially; use independent-resample intervals
27,gaussian_process,0,bucketed,history,128,256,3,27,1.9613976180553436,1.9329685494303703,repeat indices align samples but methods were timed sequentially; use independent-resample intervals
27,gaussian_process,0,bucketed,history,128,256,3,28,1.982245683670044,1.9190692752599716,repeat indices align samples but methods were timed sequentially; use independent-resample intervals
27,gaussian_process,0,bucketed,history,128,256,3,29,1.988561473786831,1.9340973198413849,repeat indices align samples but methods were timed sequentially; use independent-resample intervals
28,gaussian_process,0,bucketed,last_depth,64,256,3,0,2.0295316204428673,9.126492939889431,repeat indices align samples but methods were timed sequentially; use independent-resample intervals
28,gaussian_process,0,bucketed,last_depth,64,256,3,1,1.9952536076307297,1.9902471229434013,repeat indices align samples but methods were timed sequentially; use independent-resample intervals
28,gaussian_process,0,bucketed,last_depth,64,256,3,2,2.0193634033203125,1.9054873883724213,repeat indices align samples but methods were timed sequentially; use independent-resample intervals
28,gaussian_process,0,bucketed,last_depth,64,256,3,3,1.9436408951878548,1.8828643411397934,repeat indices align samples but methods were timed sequentially; use independent-resample intervals
28,gaussian_process,0,bucketed,last_depth,64,256,3,4,1.9811914190649986,1.8847914040088654,repeat indices align samples but methods were timed sequentially; use independent-resample intervals
28,gaussian_process,0,bucketed,last_depth,64,256,3,5,2.031470999121666,1.9240939691662788,repeat indices align samples but methods were timed sequentially; use independent-resample intervals
28,gaussian_process,0,bucketed,last_depth,64,256,3,6,1.963166318833828,1.8391163721680641,repeat indices align samples but methods were timed sequentially; use independent-resample intervals
28,gaussian_process,0,bucketed,last_depth,64,256,3,7,1.9901786893606186,1.813846230506897,repeat indices align samples but methods were timed sequentially; use independent-resample intervals
28,gaussian_process,0,bucketed,last_depth,64,256,3,8,2.2558935657143593,1.8822108432650566,repeat indices align samples but methods were timed sequentially; use independent-resample intervals
28,gaussian_process,0,bucketed,last_depth,64,256,3,9,2.0899697095155716,1.9085171297192574,repeat indices align samples but methods were timed sequentially; use independent-resample intervals
28,gaussian_process,0,bucketed,last_depth,64,256,3,10,2.009742595255375,1.8754641562700272,repeat indices align samples but methods were timed sequentially; use independent-resample intervals
28,gaussian_process,0,bucketed,last_depth,64,256,3,11,2.1586813405156136,1.9044562056660652,repeat indices align samples but methods were timed sequentially; use independent-resample intervals
28,gaussian_process,0,bucketed,last_depth,64,256,3,12,2.0740909576416016,1.9725330024957657,repeat indices align samples but methods were timed sequentially; use independent-resample intervals
28,gaussian_process,0,bucketed,last_depth,64,256,3,13,1.9896939098834991,1.8392161279916763,repeat indices align samples but methods were timed sequentially; use independent-resample intervals
28,gaussian_process,0,bucketed,last_depth,64,256,3,14,1.956563577055931,1.8635724037885666,repeat indices align samples but methods were timed sequentially; use independent-resample intervals
28,gaussian_process,0,bucketed,last_depth,64,256,3,15,1.9722822681069374,1.922977477312088,repeat indices align samples but methods were timed sequentially; use independent-resample intervals
28,gaussian_process,0,bucketed,last_depth,64,256,3,16,1.9919663816690445,2.058614082634449,repeat indices align samples but methods were timed sequentially; use independent-resample intervals
28,gaussian_process,0,bucketed,last_depth,64,256,3,17,2.088062420487404,1.9708775505423546,repeat indices align samples but methods were timed sequentially; use independent-resample intervals
28,gaussian_process,0,bucketed,last_depth,64,256,3,18,2.068471074104309,1.9548619464039803,repeat indices align samples but methods were timed sequentially; use independent-resample intervals
28,gaussian_process,0,bucketed,last_depth,64,256,3,19,2.030706077814102,1.941523291170597,repeat indices align samples but methods were timed sequentially; use independent-resample intervals
28,gaussian_process,0,bucketed,last_depth,64,256,3,20,1.9746375158429146,1.7921688929200172,repeat indices align samples but methods were timed sequentially; use independent-resample intervals
28,gaussian_process,0,bucketed,last_depth,64,256,3,21,2.0262928158044815,1.8493175581097603,repeat indices align samples but methods were timed sequentially; use independent-resample intervals
28,gaussian_process,0,bucketed,last_depth,64,256,3,22,1.9861672222614288,1.7728436961770058,repeat indices align samples but methods were timed sequentially; use independent-resample intervals
28,gaussian_process,0,bucketed,last_depth,64,256,3,23,1.9704636111855507,1.7979382649064064,repeat indices align samples but methods were timed sequentially; use independent-resample intervals
28,gaussian_process,0,bucketed,last_depth,64,256,3,24,2.0272533744573593,1.922782450914383,repeat indices align samples but methods were timed sequentially; use independent-resample intervals
28,gaussian_process,0,bucketed,last_depth,64,256,3,25,2.010126158595085,1.9072171077132225,repeat indices align samples but methods were timed sequentially; use independent-resample intervals
28,gaussian_process,0,bucketed,last_depth,64,256,3,26,1.9939888045191765,1.9646812602877617,repeat indices align samples but methods were timed sequentially; use independent-resample intervals
28,gaussian_process,0,bucketed,last_depth,64,256,3,27,2.08135949075222,1.9329685494303703,repeat indices align samples but methods were timed sequentially; use independent-resample intervals
28,gaussian_process,0,bucketed,last_depth,64,256,3,28,2.108693338930607,1.9190692752599716,repeat indices align samples but methods were timed sequentially; use independent-resample intervals
28,gaussian_process,0,bucketed,last_depth,64,256,3,29,2.0364540368318558,1.9340973198413849,repeat indices align samples but methods were timed sequentially; use independent-resample intervals
29,gaussian_process,0,bucketed,last_depth,128,256,3,0,2.0599611550569534,9.126492939889431,repeat indices align samples but methods were timed sequentially; use independent-resample intervals
29,gaussian_process,0,bucketed,last_depth,128,256,3,1,1.959794320166111,1.9902471229434013,repeat indices align samples but methods were timed sequentially; use independent-resample intervals
29,gaussian_process,0,bucketed,last_depth,128,256,3,2,2.0532832592725754,1.9054873883724213,repeat indices align samples but methods were timed sequentially; use independent-resample intervals
29,gaussian_process,0,bucketed,last_depth,128,256,3,3,2.0044496431946754,1.8828643411397934,repeat indices align samples but methods were timed sequentially; use independent-resample intervals
29,gaussian_process,0,bucketed,last_depth,128,256,3,4,2.026570573449135,1.8847914040088654,repeat indices align samples but methods were timed sequentially; use independent-resample intervals
29,gaussian_process,0,bucketed,last_depth,128,256,3,5,1.9563530832529068,1.9240939691662788,repeat indices align samples but methods were timed sequentially; use independent-resample intervals
29,gaussian_process,0,bucketed,last_depth,128,256,3,6,1.970867857336998,1.8391163721680641,repeat indices align samples but methods were timed sequentially; use independent-resample intervals
29,gaussian_process,0,bucketed,last_depth,128,256,3,7,2.368520863354206,1.813846230506897,repeat indices align samples but methods were timed sequentially; use independent-resample intervals
29,gaussian_process,0,bucketed,last_depth,128,256,3,8,2.734328977763653,1.8822108432650566,repeat indices align samples but methods were timed sequentially; use independent-resample intervals
29,gaussian_process,0,bucketed,last_depth,128,256,3,9,2.47576867043972,1.9085171297192574,repeat indices align samples but methods were timed sequentially; use independent-resample intervals
29,gaussian_process,0,bucketed,last_depth,128,256,3,10,2.665547288954258,1.8754641562700272,repeat indices align samples but methods were timed sequentially; use independent-resample intervals
29,gaussian_process,0,bucketed,last_depth,128,256,3,11,2.6392461508512497,1.9044562056660652,repeat indices align samples but methods were timed sequentially; use independent-resample intervals
29,gaussian_process,0,bucketed,last_depth,128,256,3,12,2.0289361402392387,1.9725330024957657,repeat indices align samples but methods were timed sequentially; use independent-resample intervals
29,gaussian_process,0,bucketed,last_depth,128,256,3,13,1.8824382722377777,1.8392161279916763,repeat indices align samples but methods were timed sequentially; use independent-resample intervals
29,gaussian_process,0,bucketed,last_depth,128,256,3,14,1.9165212884545326,1.8635724037885666,repeat indices align samples but methods were timed sequentially; use independent-resample intervals
29,gaussian_process,0,bucketed,last_depth,128,256,3,15,1.9091413170099258,1.922977477312088,repeat indices align samples but methods were timed sequentially; use independent-resample intervals
29,gaussian_process,0,bucketed,last_depth,128,256,3,16,1.9044890850782394,2.058614082634449,repeat indices align samples but methods were timed sequentially; use independent-resample intervals
29,gaussian_process,0,bucketed,last_depth,128,256,3,17,1.9262128472328186,1.9708775505423546,repeat indices align samples but methods were timed sequentially; use independent-resample intervals
29,gaussian_process,0,bucketed,last_depth,128,256,3,18,1.8928805515170097,1.9548619464039803,repeat indices align samples but methods were timed sequentially; use independent-resample intervals
29,gaussian_process,0,bucketed,last_depth,128,256,3,19,1.9225331917405128,1.941523291170597,repeat indices align samples but methods were timed sequentially; use independent-resample intervals
29,gaussian_process,0,bucketed,last_depth,128,256,3,20,2.0234669893980026,1.7921688929200172,repeat indices align samples but methods were timed sequentially; use independent-resample intervals
29,gaussian_process,0,bucketed,last_depth,128,256,3,21,1.9482252448797226,1.8493175581097603,repeat indices align samples but methods were timed sequentially; use independent-resample intervals
29,gaussian_process,0,bucketed,last_depth,128,256,3,22,1.950715072453022,1.7728436961770058,repeat indices align samples but methods were timed sequentially; use independent-resample intervals
29,gaussian_process,0,bucketed,last_depth,128,256,3,23,2.1139456406235695,1.7979382649064064,repeat indices align samples but methods were timed sequentially; use independent-resample intervals
29,gaussian_process,0,bucketed,last_depth,128,256,3,24,2.1686361730098724,1.922782450914383,repeat indices align samples but methods were timed sequentially; use independent-resample intervals
29,gaussian_process,0,bucketed,last_depth,128,256,3,25,2.0474276542663574,1.9072171077132225,repeat indices align samples but methods were timed sequentially; use independent-resample intervals
29,gaussian_process,0,bucketed,last_depth,128,256,3,26,2.0224748477339745,1.9646812602877617,repeat indices align samples but methods were timed sequentially; use independent-resample intervals
29,gaussian_process,0,bucketed,last_depth,128,256,3,27,2.135459966957569,1.9329685494303703,repeat indices align samples but methods were timed sequentially; use independent-resample intervals
29,gaussian_process,0,bucketed,last_depth,128,256,3,28,1.9272928684949875,1.9190692752599716,repeat indices align samples but methods were timed sequentially; use independent-resample intervals
29,gaussian_process,0,bucketed,last_depth,128,256,3,29,1.9150319620966911,1.9340973198413849,repeat indices align samples but methods were timed sequentially; use independent-resample intervals
30,gaussian_process,1,monolithic,monolithic,0,256,3,0,1.9858658164739609,1.9858658164739609,repeat indices align samples but methods were timed sequentially; use independent-resample intervals
30,gaussian_process,1,monolithic,monolithic,0,256,3,1,1.9596087709069252,1.9596087709069252,repeat indices align samples but methods were timed sequentially; use independent-resample intervals
30,gaussian_process,1,monolithic,monolithic,0,256,3,2,1.9834556877613068,1.9834556877613068,repeat indices align samples but methods were timed sequentially; use independent-resample intervals
30,gaussian_process,1,monolithic,monolithic,0,256,3,3,2.0323225557804108,2.0323225557804108,repeat indices align samples but methods were timed sequentially; use independent-resample intervals
30,gaussian_process,1,monolithic,monolithic,0,256,3,4,2.0291160941123962,2.0291160941123962,repeat indices align samples but methods were timed sequentially; use independent-resample intervals
30,gaussian_process,1,monolithic,monolithic,0,256,3,5,1.9765225946903229,1.9765225946903229,repeat indices align samples but methods were timed sequentially; use independent-resample intervals
30,gaussian_process,1,monolithic,monolithic,0,256,3,6,1.9730518087744713,1.9730518087744713,repeat indices align samples but methods were timed sequentially; use independent-resample intervals
30,gaussian_process,1,monolithic,monolithic,0,256,3,7,2.1241530999541283,2.1241530999541283,repeat indices align samples but methods were timed sequentially; use independent-resample intervals
30,gaussian_process,1,monolithic,monolithic,0,256,3,8,2.0044229477643967,2.0044229477643967,repeat indices align samples but methods were timed sequentially; use independent-resample intervals
30,gaussian_process,1,monolithic,monolithic,0,256,3,9,1.958375871181488,1.958375871181488,repeat indices align samples but methods were timed sequentially; use independent-resample intervals
30,gaussian_process,1,monolithic,monolithic,0,256,3,10,2.1659407317638397,2.1659407317638397,repeat indices align samples but methods were timed sequentially; use independent-resample intervals
30,gaussian_process,1,monolithic,monolithic,0,256,3,11,2.456777125597,2.456777125597,repeat indices align samples but methods were timed sequentially; use independent-resample intervals
30,gaussian_process,1,monolithic,monolithic,0,256,3,12,2.3533785566687584,2.3533785566687584,repeat indices align samples but methods were timed sequentially; use independent-resample intervals
30,gaussian_process,1,monolithic,monolithic,0,256,3,13,2.264726437628269,2.264726437628269,repeat indices align samples but methods were timed sequentially; use independent-resample intervals
30,gaussian_process,1,monolithic,monolithic,0,256,3,14,2.0228026658296585,2.0228026658296585,repeat indices align samples but methods were timed sequentially; use independent-resample intervals
30,gaussian_process,1,monolithic,monolithic,0,256,3,15,2.068596102297306,2.068596102297306,repeat indices align samples but methods were timed sequentially; use independent-resample intervals
30,gaussian_process,1,monolithic,monolithic,0,256,3,16,2.014870785176754,2.014870785176754,repeat indices align samples but methods were timed sequentially; use independent-resample intervals
30,gaussian_process,1,monolithic,monolithic,0,256,3,17,2.1512745320796967,2.1512745320796967,repeat indices align samples but methods were timed sequentially; use independent-resample intervals
30,gaussian_process,1,monolithic,monolithic,0,256,3,18,2.072793833911419,2.072793833911419,repeat indices align samples but methods were timed sequentially; use independent-resample intervals
30,gaussian_process,1,monolithic,monolithic,0,256,3,19,2.0702570974826813,2.0702570974826813,repeat indices align samples but methods were timed sequentially; use independent-resample intervals
30,gaussian_process,1,monolithic,monolithic,0,256,3,20,1.9825810492038727,1.9825810492038727,repeat indices align samples but methods were timed sequentially; use independent-resample intervals
30,gaussian_process,1,monolithic,monolithic,0,256,3,21,2.0194207280874252,2.0194207280874252,repeat indices align samples but methods were timed sequentially; use independent-resample intervals
30,gaussian_process,1,monolithic,monolithic,0,256,3,22,1.9895264953374863,1.9895264953374863,repeat indices align samples but methods were timed sequentially; use independent-resample intervals
30,gaussian_process,1,monolithic,monolithic,0,256,3,23,1.990860678255558,1.990860678255558,repeat indices align samples but methods were timed sequentially; use independent-resample intervals
30,gaussian_process,1,monolithic,monolithic,0,256,3,24,2.0382877364754677,2.0382877364754677,repeat indices align samples but methods were timed sequentially; use independent-resample intervals
30,gaussian_process,1,monolithic,monolithic,0,256,3,25,1.9520946070551872,1.9520946070551872,repeat indices align samples but methods were timed sequentially; use independent-resample intervals
30,gaussian_process,1,monolithic,monolithic,0,256,3,26,2.019889585673809,2.019889585673809,repeat indices align samples but methods were timed sequentially; use independent-resample intervals
30,gaussian_process,1,monolithic,monolithic,0,256,3,27,1.9793003425002098,1.9793003425002098,repeat indices align samples but methods were timed sequentially; use independent-resample intervals
30,gaussian_process,1,monolithic,monolithic,0,256,3,28,2.020345352590084,2.020345352590084,repeat indices align samples but methods were timed sequentially; use independent-resample intervals
30,gaussian_process,1,monolithic,monolithic,0,256,3,29,2.0668560042977333,2.0668560042977333,repeat indices align samples but methods were timed sequentially; use independent-resample intervals
31,gaussian_process,1,bucketed,history,64,256,3,0,2.0538666397333145,1.9858658164739609,repeat indices align samples but methods were timed sequentially; use independent-resample intervals
31,gaussian_process,1,bucketed,history,64,256,3,1,2.0586301162838936,1.9596087709069252,repeat indices align samples but methods were timed sequentially; use independent-resample intervals
31,gaussian_process,1,bucketed,history,64,256,3,2,2.0256126448512077,1.9834556877613068,repeat indices align samples but methods were timed sequentially; use independent-resample intervals
31,gaussian_process,1,bucketed,history,64,256,3,3,2.0371046140789986,2.0323225557804108,repeat indices align samples but methods were timed sequentially; use independent-resample intervals
31,gaussian_process,1,bucketed,history,64,256,3,4,1.9789867252111435,2.0291160941123962,repeat indices align samples but methods were timed sequentially; use independent-resample intervals
31,gaussian_process,1,bucketed,history,64,256,3,5,1.9432821571826935,1.9765225946903229,repeat indices align samples but methods were timed sequentially; use independent-resample intervals
31,gaussian_process,1,bucketed,history,64,256,3,6,2.131519563496113,1.9730518087744713,repeat indices align samples but methods were timed sequentially; use independent-resample intervals
31,gaussian_process,1,bucketed,history,64,256,3,7,2.1398904994130135,2.1241530999541283,repeat indices align samples but methods were timed sequentially; use independent-resample intervals
31,gaussian_process,1,bucketed,history,64,256,3,8,2.1415020376443863,2.0044229477643967,repeat indices align samples but methods were timed sequentially; use independent-resample intervals
31,gaussian_process,1,bucketed,history,64,256,3,9,2.1747826859354973,1.958375871181488,repeat indices align samples but methods were timed sequentially; use independent-resample intervals
31,gaussian_process,1,bucketed,history,64,256,3,10,2.1002179607748985,2.1659407317638397,repeat indices align samples but methods were timed sequentially; use independent-resample intervals
31,gaussian_process,1,bucketed,history,64,256,3,11,2.0485378950834274,2.456777125597,repeat indices align samples but methods were timed sequentially; use independent-resample intervals
31,gaussian_process,1,bucketed,history,64,256,3,12,2.1283064857125282,2.3533785566687584,repeat indices align samples but methods were timed sequentially; use independent-resample intervals
31,gaussian_process,1,bucketed,history,64,256,3,13,2.0608021169900894,2.264726437628269,repeat indices align samples but methods were timed sequentially; use independent-resample intervals
31,gaussian_process,1,bucketed,history,64,256,3,14,2.0255532637238503,2.0228026658296585,repeat indices align samples but methods were timed sequentially; use independent-resample intervals
31,gaussian_process,1,bucketed,history,64,256,3,15,2.0585102140903473,2.068596102297306,repeat indices align samples but methods were timed sequentially; use independent-resample intervals
31,gaussian_process,1,bucketed,history,64,256,3,16,1.9890104234218597,2.014870785176754,repeat indices align samples but methods were timed sequentially; use independent-resample intervals
31,gaussian_process,1,bucketed,history,64,256,3,17,2.0514892488718033,2.1512745320796967,repeat indices align samples but methods were timed sequentially; use independent-resample intervals
31,gaussian_process,1,bucketed,history,64,256,3,18,2.092557445168495,2.072793833911419,repeat indices align samples but methods were timed sequentially; use independent-resample intervals
31,gaussian_process,1,bucketed,history,64,256,3,19,2.102444499731064,2.0702570974826813,repeat indices align samples but methods were timed sequentially; use independent-resample intervals
31,gaussian_process,1,bucketed,history,64,256,3,20,2.0263638496398926,1.9825810492038727,repeat indices align samples but methods were timed sequentially; use independent-resample intervals
31,gaussian_process,1,bucketed,history,64,256,3,21,2.0064021348953247,2.0194207280874252,repeat indices align samples but methods were timed sequentially; use independent-resample intervals
31,gaussian_process,1,bucketed,history,64,256,3,22,1.997028537094593,1.9895264953374863,repeat indices align samples but methods were timed sequentially; use independent-resample intervals
31,gaussian_process,1,bucketed,history,64,256,3,23,2.0554621666669846,1.990860678255558,repeat indices align samples but methods were timed sequentially; use independent-resample intervals
31,gaussian_process,1,bucketed,history,64,256,3,24,1.9719507917761803,2.0382877364754677,repeat indices align samples but methods were timed sequentially; use independent-resample intervals
31,gaussian_process,1,bucketed,history,64,256,3,25,2.1213565543293953,1.9520946070551872,repeat indices align samples but methods were timed sequentially; use independent-resample intervals
31,gaussian_process,1,bucketed,history,64,256,3,26,2.003862604498863,2.019889585673809,repeat indices align samples but methods were timed sequentially; use independent-resample intervals
31,gaussian_process,1,bucketed,history,64,256,3,27,2.0448848828673363,1.9793003425002098,repeat indices align samples but methods were timed sequentially; use independent-resample intervals
31,gaussian_process,1,bucketed,history,64,256,3,28,2.0131751969456673,2.020345352590084,repeat indices align samples but methods were timed sequentially; use independent-resample intervals
31,gaussian_process,1,bucketed,history,64,256,3,29,1.991971805691719,2.0668560042977333,repeat indices align samples but methods were timed sequentially; use independent-resample intervals
32,gaussian_process,1,bucketed,history,128,256,3,0,2.1112745478749275,1.9858658164739609,repeat indices align samples but methods were timed sequentially; use independent-resample intervals
32,gaussian_process,1,bucketed,history,128,256,3,1,2.12151862680912,1.9596087709069252,repeat indices align samples but methods were timed sequentially; use independent-resample intervals
32,gaussian_process,1,bucketed,history,128,256,3,2,2.136568859219551,1.9834556877613068,repeat indices align samples but methods were timed sequentially; use independent-resample intervals
32,gaussian_process,1,bucketed,history,128,256,3,3,2.0884608030319214,2.0323225557804108,repeat indices align samples but methods were timed sequentially; use independent-resample intervals
32,gaussian_process,1,bucketed,history,128,256,3,4,2.035147100687027,2.0291160941123962,repeat indices align samples but methods were timed sequentially; use independent-resample intervals
32,gaussian_process,1,bucketed,history,128,256,3,5,2.064333751797676,1.9765225946903229,repeat indices align samples but methods were timed sequentially; use independent-resample intervals
32,gaussian_process,1,bucketed,history,128,256,3,6,2.1227836832404137,1.9730518087744713,repeat indices align samples but methods were timed sequentially; use independent-resample intervals
32,gaussian_process,1,bucketed,history,128,256,3,7,2.114081971347332,2.1241530999541283,repeat indices align samples but methods were timed sequentially; use independent-resample intervals
32,gaussian_process,1,bucketed,history,128,256,3,8,2.1703456342220306,2.0044229477643967,repeat indices align samples but methods were timed sequentially; use independent-resample intervals
32,gaussian_process,1,bucketed,history,128,256,3,9,2.1013198867440224,1.958375871181488,repeat indices align samples but methods were timed sequentially; use independent-resample intervals
32,gaussian_process,1,bucketed,history,128,256,3,10,2.0618415772914886,2.1659407317638397,repeat indices align samples but methods were timed sequentially; use independent-resample intervals
32,gaussian_process,1,bucketed,history,128,256,3,11,2.0691339522600174,2.456777125597,repeat indices align samples but methods were timed sequentially; use independent-resample intervals
32,gaussian_process,1,bucketed,history,128,256,3,12,2.016869142651558,2.3533785566687584,repeat indices align samples but methods were timed sequentially; use independent-resample intervals
32,gaussian_process,1,bucketed,history,128,256,3,13,2.007609687745571,2.264726437628269,repeat indices align samples but methods were timed sequentially; use independent-resample intervals
32,gaussian_process,1,bucketed,history,128,256,3,14,2.0509438142180443,2.0228026658296585,repeat indices align samples but methods were timed sequentially; use independent-resample intervals
32,gaussian_process,1,bucketed,history,128,256,3,15,2.107309341430664,2.068596102297306,repeat indices align samples but methods were timed sequentially; use independent-resample intervals
32,gaussian_process,1,bucketed,history,128,256,3,16,2.0240560472011566,2.014870785176754,repeat indices align samples but methods were timed sequentially; use independent-resample intervals
32,gaussian_process,1,bucketed,history,128,256,3,17,1.9676299318671227,2.1512745320796967,repeat indices align samples but methods were timed sequentially; use independent-resample intervals
32,gaussian_process,1,bucketed,history,128,256,3,18,2.0260796919465065,2.072793833911419,repeat indices align samples but methods were timed sequentially; use independent-resample intervals
32,gaussian_process,1,bucketed,history,128,256,3,19,2.092042565345764,2.0702570974826813,repeat indices align samples but methods were timed sequentially; use independent-resample intervals
32,gaussian_process,1,bucketed,history,128,256,3,20,2.1484059914946556,1.9825810492038727,repeat indices align samples but methods were timed sequentially; use independent-resample intervals
32,gaussian_process,1,bucketed,history,128,256,3,21,1.9723621606826782,2.0194207280874252,repeat indices align samples but methods were timed sequentially; use independent-resample intervals
32,gaussian_process,1,bucketed,history,128,256,3,22,2.02628967911005,1.9895264953374863,repeat indices align samples but methods were timed sequentially; use independent-resample intervals
32,gaussian_process,1,bucketed,history,128,256,3,23,2.066841207444668,1.990860678255558,repeat indices align samples but methods were timed sequentially; use independent-resample intervals
32,gaussian_process,1,bucketed,history,128,256,3,24,2.116619810461998,2.0382877364754677,repeat indices align samples but methods were timed sequentially; use independent-resample intervals
32,gaussian_process,1,bucketed,history,128,256,3,25,2.0046184808015823,1.9520946070551872,repeat indices align samples but methods were timed sequentially; use independent-resample intervals
32,gaussian_process,1,bucketed,history,128,256,3,26,2.050881065428257,2.019889585673809,repeat indices align samples but methods were timed sequentially; use independent-resample intervals
32,gaussian_process,1,bucketed,history,128,256,3,27,2.091089867055416,1.9793003425002098,repeat indices align samples but methods were timed sequentially; use independent-resample intervals
32,gaussian_process,1,bucketed,history,128,256,3,28,2.165164291858673,2.020345352590084,repeat indices align samples but methods were timed sequentially; use independent-resample intervals
32,gaussian_process,1,bucketed,history,128,256,3,29,2.3929302990436554,2.0668560042977333,repeat indices align samples but methods were timed sequentially; use independent-resample intervals
33,gaussian_process,1,bucketed,last_depth,64,256,3,0,2.0848566740751266,1.9858658164739609,repeat indices align samples but methods were timed sequentially; use independent-resample intervals
33,gaussian_process,1,bucketed,last_depth,64,256,3,1,2.162329465150833,1.9596087709069252,repeat indices align samples but methods were timed sequentially; use independent-resample intervals
33,gaussian_process,1,bucketed,last_depth,64,256,3,2,2.110795594751835,1.9834556877613068,repeat indices align samples but methods were timed sequentially; use independent-resample intervals
33,gaussian_process,1,bucketed,last_depth,64,256,3,3,2.0447875633835793,2.0323225557804108,repeat indices align samples but methods were timed sequentially; use independent-resample intervals
33,gaussian_process,1,bucketed,last_depth,64,256,3,4,2.103007435798645,2.0291160941123962,repeat indices align samples but methods were timed sequentially; use independent-resample intervals
33,gaussian_process,1,bucketed,last_depth,64,256,3,5,2.0064615085721016,1.9765225946903229,repeat indices align samples but methods were timed sequentially; use independent-resample intervals
33,gaussian_process,1,bucketed,last_depth,64,256,3,6,2.0546279549598694,1.9730518087744713,repeat indices align samples but methods were timed sequentially; use independent-resample intervals
33,gaussian_process,1,bucketed,last_depth,64,256,3,7,2.1099420562386513,2.1241530999541283,repeat indices align samples but methods were timed sequentially; use independent-resample intervals
33,gaussian_process,1,bucketed,last_depth,64,256,3,8,2.0930543318390846,2.0044229477643967,repeat indices align samples but methods were timed sequentially; use independent-resample intervals
33,gaussian_process,1,bucketed,last_depth,64,256,3,9,2.0907774344086647,1.958375871181488,repeat indices align samples but methods were timed sequentially; use independent-resample intervals
33,gaussian_process,1,bucketed,last_depth,64,256,3,10,2.147787354886532,2.1659407317638397,repeat indices align samples but methods were timed sequentially; use independent-resample intervals
33,gaussian_process,1,bucketed,last_depth,64,256,3,11,2.0079755783081055,2.456777125597,repeat indices align samples but methods were timed sequentially; use independent-resample intervals
33,gaussian_process,1,bucketed,last_depth,64,256,3,12,2.1105740666389465,2.3533785566687584,repeat indices align samples but methods were timed sequentially; use independent-resample intervals
33,gaussian_process,1,bucketed,last_depth,64,256,3,13,2.0444220453500748,2.264726437628269,repeat indices align samples but methods were timed sequentially; use independent-resample intervals
33,gaussian_process,1,bucketed,last_depth,64,256,3,14,2.064555637538433,2.0228026658296585,repeat indices align samples but methods were timed sequentially; use independent-resample intervals
33,gaussian_process,1,bucketed,last_depth,64,256,3,15,2.0326089709997177,2.068596102297306,repeat indices align samples but methods were timed sequentially; use independent-resample intervals
33,gaussian_process,1,bucketed,last_depth,64,256,3,16,2.0587373450398445,2.014870785176754,repeat indices align samples but methods were timed sequentially; use independent-resample intervals
33,gaussian_process,1,bucketed,last_depth,64,256,3,17,1.9911449626088142,2.1512745320796967,repeat indices align samples but methods were timed sequentially; use independent-resample intervals
33,gaussian_process,1,bucketed,last_depth,64,256,3,18,2.0434623658657074,2.072793833911419,repeat indices align samples but methods were timed sequentially; use independent-resample intervals
33,gaussian_process,1,bucketed,last_depth,64,256,3,19,2.1261763498187065,2.0702570974826813,repeat indices align samples but methods were timed sequentially; use independent-resample intervals
33,gaussian_process,1,bucketed,last_depth,64,256,3,20,2.105115033686161,1.9825810492038727,repeat indices align samples but methods were timed sequentially; use independent-resample intervals
33,gaussian_process,1,bucketed,last_depth,64,256,3,21,2.1438563242554665,2.0194207280874252,repeat indices align samples but methods were timed sequentially; use independent-resample intervals
33,gaussian_process,1,bucketed,last_depth,64,256,3,22,2.025772660970688,1.9895264953374863,repeat indices align samples but methods were timed sequentially; use independent-resample intervals
33,gaussian_process,1,bucketed,last_depth,64,256,3,23,2.171694003045559,1.990860678255558,repeat indices align samples but methods were timed sequentially; use independent-resample intervals
33,gaussian_process,1,bucketed,last_depth,64,256,3,24,2.267868310213089,2.0382877364754677,repeat indices align samples but methods were timed sequentially; use independent-resample intervals
33,gaussian_process,1,bucketed,last_depth,64,256,3,25,2.1279079243540764,1.9520946070551872,repeat indices align samples but methods were timed sequentially; use independent-resample intervals
33,gaussian_process,1,bucketed,last_depth,64,256,3,26,2.042848624289036,2.019889585673809,repeat indices align samples but methods were timed sequentially; use independent-resample intervals
33,gaussian_process,1,bucketed,last_depth,64,256,3,27,2.0241693407297134,1.9793003425002098,repeat indices align samples but methods were timed sequentially; use independent-resample intervals
33,gaussian_process,1,bucketed,last_depth,64,256,3,28,2.081746369600296,2.020345352590084,repeat indices align samples but methods were timed sequentially; use independent-resample intervals
33,gaussian_process,1,bucketed,last_depth,64,256,3,29,2.0446450263261795,2.0668560042977333,repeat indices align samples but methods were timed sequentially; use independent-resample intervals
34,gaussian_process,1,bucketed,last_depth,128,256,3,0,2.1734517961740494,1.9858658164739609,repeat indices align samples but methods were timed sequentially; use independent-resample intervals
34,gaussian_process,1,bucketed,last_depth,128,256,3,1,2.050117000937462,1.9596087709069252,repeat indices align samples but methods were timed sequentially; use independent-resample intervals
34,gaussian_process,1,bucketed,last_depth,128,256,3,2,2.0904513150453568,1.9834556877613068,repeat indices align samples but methods were timed sequentially; use independent-resample intervals
34,gaussian_process,1,bucketed,last_depth,128,256,3,3,2.041191980242729,2.0323225557804108,repeat indices align samples but methods were timed sequentially; use independent-resample intervals
34,gaussian_process,1,bucketed,last_depth,128,256,3,4,2.201749064028263,2.0291160941123962,repeat indices align samples but methods were timed sequentially; use independent-resample intervals
34,gaussian_process,1,bucketed,last_depth,128,256,3,5,2.11824369430542,1.9765225946903229,repeat indices align samples but methods were timed sequentially; use independent-resample intervals
34,gaussian_process,1,bucketed,last_depth,128,256,3,6,2.1862448900938034,1.9730518087744713,repeat indices align samples but methods were timed sequentially; use independent-resample intervals
34,gaussian_process,1,bucketed,last_depth,128,256,3,7,2.1238317042589188,2.1241530999541283,repeat indices align samples but methods were timed sequentially; use independent-resample intervals
34,gaussian_process,1,bucketed,last_depth,128,256,3,8,2.0398003980517387,2.0044229477643967,repeat indices align samples but methods were timed sequentially; use independent-resample intervals
34,gaussian_process,1,bucketed,last_depth,128,256,3,9,2.1137000620365143,1.958375871181488,repeat indices align samples but methods were timed sequentially; use independent-resample intervals
34,gaussian_process,1,bucketed,last_depth,128,256,3,10,2.0391846373677254,2.1659407317638397,repeat indices align samples but methods were timed sequentially; use independent-resample intervals
34,gaussian_process,1,bucketed,last_depth,128,256,3,11,2.073487713932991,2.456777125597,repeat indices align samples but methods were timed sequentially; use independent-resample intervals
34,gaussian_process,1,bucketed,last_depth,128,256,3,12,2.151757039129734,2.3533785566687584,repeat indices align samples but methods were timed sequentially; use independent-resample intervals
34,gaussian_process,1,bucketed,last_depth,128,256,3,13,2.159083813428879,2.264726437628269,repeat indices align samples but methods were timed sequentially; use independent-resample intervals
34,gaussian_process,1,bucketed,last_depth,128,256,3,14,2.163101799786091,2.0228026658296585,repeat indices align samples but methods were timed sequentially; use independent-resample intervals
34,gaussian_process,1,bucketed,last_depth,128,256,3,15,2.0830942168831825,2.068596102297306,repeat indices align samples but methods were timed sequentially; use independent-resample intervals
34,gaussian_process,1,bucketed,last_depth,128,256,3,16,2.0767898857593536,2.014870785176754,repeat indices align samples but methods were timed sequentially; use independent-resample intervals
34,gaussian_process,1,bucketed,last_depth,128,256,3,17,2.121407024562359,2.1512745320796967,repeat indices align samples but methods were timed sequentially; use independent-resample intervals
34,gaussian_process,1,bucketed,last_depth,128,256,3,18,2.0942822992801666,2.072793833911419,repeat indices align samples but methods were timed sequentially; use independent-resample intervals
34,gaussian_process,1,bucketed,last_depth,128,256,3,19,2.0745209604501724,2.0702570974826813,repeat indices align samples but methods were timed sequentially; use independent-resample intervals
34,gaussian_process,1,bucketed,last_depth,128,256,3,20,2.1268577352166176,1.9825810492038727,repeat indices align samples but methods were timed sequentially; use independent-resample intervals
34,gaussian_process,1,bucketed,last_depth,128,256,3,21,2.109817683696747,2.0194207280874252,repeat indices align samples but methods were timed sequentially; use independent-resample intervals
34,gaussian_process,1,bucketed,last_depth,128,256,3,22,2.0795907378196716,1.9895264953374863,repeat indices align samples but methods were timed sequentially; use independent-resample intervals
34,gaussian_process,1,bucketed,last_depth,128,256,3,23,2.0336023345589638,1.990860678255558,repeat indices align samples but methods were timed sequentially; use independent-resample intervals
34,gaussian_process,1,bucketed,last_depth,128,256,3,24,2.090560622513294,2.0382877364754677,repeat indices align samples but methods were timed sequentially; use independent-resample intervals
34,gaussian_process,1,bucketed,last_depth,128,256,3,25,2.137439712882042,1.9520946070551872,repeat indices align samples but methods were timed sequentially; use independent-resample intervals
34,gaussian_process,1,bucketed,last_depth,128,256,3,26,2.191158503293991,2.019889585673809,repeat indices align samples but methods were timed sequentially; use independent-resample intervals
34,gaussian_process,1,bucketed,last_depth,128,256,3,27,2.091838851571083,1.9793003425002098,repeat indices align samples but methods were timed sequentially; use independent-resample intervals
34,gaussian_process,1,bucketed,last_depth,128,256,3,28,2.2358623892068863,2.020345352590084,repeat indices align samples but methods were timed sequentially; use independent-resample intervals
34,gaussian_process,1,bucketed,last_depth,128,256,3,29,2.114130698144436,2.0668560042977333,repeat indices align samples but methods were timed sequentially; use independent-resample intervals
35,gaussian_process,2,monolithic,monolithic,0,256,3,0,1.9195547103881836,1.9195547103881836,repeat indices align samples but methods were timed sequentially; use independent-resample intervals
35,gaussian_process,2,monolithic,monolithic,0,256,3,1,1.9010653495788574,1.9010653495788574,repeat indices align samples but methods were timed sequentially; use independent-resample intervals
35,gaussian_process,2,monolithic,monolithic,0,256,3,2,1.9198370799422264,1.9198370799422264,repeat indices align samples but methods were timed sequentially; use independent-resample intervals
35,gaussian_process,2,monolithic,monolithic,0,256,3,3,2.0474114045500755,2.0474114045500755,repeat indices align samples but methods were timed sequentially; use independent-resample intervals
35,gaussian_process,2,monolithic,monolithic,0,256,3,4,2.130723848938942,2.130723848938942,repeat indices align samples but methods were timed sequentially; use independent-resample intervals
35,gaussian_process,2,monolithic,monolithic,0,256,3,5,1.9812315627932549,1.9812315627932549,repeat indices align samples but methods were timed sequentially; use independent-resample intervals
35,gaussian_process,2,monolithic,monolithic,0,256,3,6,1.9814119040966034,1.9814119040966034,repeat indices align samples but methods were timed sequentially; use independent-resample intervals
35,gaussian_process,2,monolithic,monolithic,0,256,3,7,2.0089828446507454,2.0089828446507454,repeat indices align samples but methods were timed sequentially; use independent-resample intervals
35,gaussian_process,2,monolithic,monolithic,0,256,3,8,2.305178627371788,2.305178627371788,repeat indices align samples but methods were timed sequentially; use independent-resample intervals
35,gaussian_process,2,monolithic,monolithic,0,256,3,9,2.1025552079081535,2.1025552079081535,repeat indices align samples but methods were timed sequentially; use independent-resample intervals
35,gaussian_process,2,monolithic,monolithic,0,256,3,10,2.1647388264536858,2.1647388264536858,repeat indices align samples but methods were timed sequentially; use independent-resample intervals
35,gaussian_process,2,monolithic,monolithic,0,256,3,11,1.9101088345050812,1.9101088345050812,repeat indices align samples but methods were timed sequentially; use independent-resample intervals
35,gaussian_process,2,monolithic,monolithic,0,256,3,12,1.8854558542370796,1.8854558542370796,repeat indices align samples but methods were timed sequentially; use independent-resample intervals
35,gaussian_process,2,monolithic,monolithic,0,256,3,13,1.9316626116633415,1.9316626116633415,repeat indices align samples but methods were timed sequentially; use independent-resample intervals
35,gaussian_process,2,monolithic,monolithic,0,256,3,14,1.9466298297047615,1.9466298297047615,repeat indices align samples but methods were timed sequentially; use independent-resample intervals
35,gaussian_process,2,monolithic,monolithic,0,256,3,15,1.8596775010228157,1.8596775010228157,repeat indices align samples but methods were timed sequentially; use independent-resample intervals
35,gaussian_process,2,monolithic,monolithic,0,256,3,16,1.936064399778843,1.936064399778843,repeat indices align samples but methods were timed sequentially; use independent-resample intervals
35,gaussian_process,2,monolithic,monolithic,0,256,3,17,2.0718577802181244,2.0718577802181244,repeat indices align samples but methods were timed sequentially; use independent-resample intervals
35,gaussian_process,2,monolithic,monolithic,0,256,3,18,1.9754417836666107,1.9754417836666107,repeat indices align samples but methods were timed sequentially; use independent-resample intervals
35,gaussian_process,2,monolithic,monolithic,0,256,3,19,1.9949709326028824,1.9949709326028824,repeat indices align samples but methods were timed sequentially; use independent-resample intervals
35,gaussian_process,2,monolithic,monolithic,0,256,3,20,1.9616124406456947,1.9616124406456947,repeat indices align samples but methods were timed sequentially; use independent-resample intervals
35,gaussian_process,2,monolithic,monolithic,0,256,3,21,1.9557304754853249,1.9557304754853249,repeat indices align samples but methods were timed sequentially; use independent-resample intervals
35,gaussian_process,2,monolithic,monolithic,0,256,3,22,2.0455202385783195,2.0455202385783195,repeat indices align samples but methods were timed sequentially; use independent-resample intervals
35,gaussian_process,2,monolithic,monolithic,0,256,3,23,2.037118524312973,2.037118524312973,repeat indices align samples but methods were timed sequentially; use independent-resample intervals
35,gaussian_process,2,monolithic,monolithic,0,256,3,24,1.97435761988163,1.97435761988163,repeat indices align samples but methods were timed sequentially; use independent-resample intervals
35,gaussian_process,2,monolithic,monolithic,0,256,3,25,2.04558365046978,2.04558365046978,repeat indices align samples but methods were timed sequentially; use independent-resample intervals
35,gaussian_process,2,monolithic,monolithic,0,256,3,26,2.05302944034338,2.05302944034338,repeat indices align samples but methods were timed sequentially; use independent-resample intervals
35,gaussian_process,2,monolithic,monolithic,0,256,3,27,1.9307732060551643,1.9307732060551643,repeat indices align samples but methods were timed sequentially; use independent-resample intervals
35,gaussian_process,2,monolithic,monolithic,0,256,3,28,2.2534009739756584,2.2534009739756584,repeat indices align samples but methods were timed sequentially; use independent-resample intervals
35,gaussian_process,2,monolithic,monolithic,0,256,3,29,1.9828071594238281,1.9828071594238281,repeat indices align samples but methods were timed sequentially; use independent-resample intervals
36,gaussian_process,2,bucketed,history,64,256,3,0,2.2473350912332535,1.9195547103881836,repeat indices align samples but methods were timed sequentially; use independent-resample intervals
36,gaussian_process,2,bucketed,history,64,256,3,1,2.0977121889591217,1.9010653495788574,repeat indices align samples but methods were timed sequentially; use independent-resample intervals
36,gaussian_process,2,bucketed,history,64,256,3,2,2.095703348517418,1.9198370799422264,repeat indices align samples but methods were timed sequentially; use independent-resample intervals
36,gaussian_process,2,bucketed,history,64,256,3,3,2.192301906645298,2.0474114045500755,repeat indices align samples but methods were timed sequentially; use independent-resample intervals
36,gaussian_process,2,bucketed,history,64,256,3,4,2.1694993674755096,2.130723848938942,repeat indices align samples but methods were timed sequentially; use independent-resample intervals
36,gaussian_process,2,bucketed,history,64,256,3,5,2.241729311645031,1.9812315627932549,repeat indices align samples but methods were timed sequentially; use independent-resample intervals
36,gaussian_process,2,bucketed,history,64,256,3,6,2.080061301589012,1.9814119040966034,repeat indices align samples but methods were timed sequentially; use independent-resample intervals
36,gaussian_process,2,bucketed,history,64,256,3,7,2.0658885836601257,2.0089828446507454,repeat indices align samples but methods were timed sequentially; use independent-resample intervals
36,gaussian_process,2,bucketed,history,64,256,3,8,2.009501874446869,2.305178627371788,repeat indices align samples but methods were timed sequentially; use independent-resample intervals
36,gaussian_process,2,bucketed,history,64,256,3,9,2.0533565804362297,2.1025552079081535,repeat indices align samples but methods were timed sequentially; use independent-resample intervals
36,gaussian_process,2,bucketed,history,64,256,3,10,2.041224867105484,2.1647388264536858,repeat indices align samples but methods were timed sequentially; use independent-resample intervals
36,gaussian_process,2,bucketed,history,64,256,3,11,2.0379860401153564,1.9101088345050812,repeat indices align samples but methods were timed sequentially; use independent-resample intervals
36,gaussian_process,2,bucketed,history,64,256,3,12,2.036041557788849,1.8854558542370796,repeat indices align samples but methods were timed sequentially; use independent-resample intervals
36,gaussian_process,2,bucketed,history,64,256,3,13,2.091013252735138,1.9316626116633415,repeat indices align samples but methods were timed sequentially; use independent-resample intervals
36,gaussian_process,2,bucketed,history,64,256,3,14,2.2616466507315636,1.9466298297047615,repeat indices align samples but methods were timed sequentially; use independent-resample intervals
36,gaussian_process,2,bucketed,history,64,256,3,15,2.1638809517025948,1.8596775010228157,repeat indices align samples but methods were timed sequentially; use independent-resample intervals
36,gaussian_process,2,bucketed,history,64,256,3,16,2.0939090996980667,1.936064399778843,repeat indices align samples but methods were timed sequentially; use independent-resample intervals
36,gaussian_process,2,bucketed,history,64,256,3,17,2.075733482837677,2.0718577802181244,repeat indices align samples but methods were timed sequentially; use independent-resample intervals
36,gaussian_process,2,bucketed,history,64,256,3,18,2.0068620145320892,1.9754417836666107,repeat indices align samples but methods were timed sequentially; use independent-resample intervals
36,gaussian_process,2,bucketed,history,64,256,3,19,2.148275911808014,1.9949709326028824,repeat indices align samples but methods were timed sequentially; use independent-resample intervals
36,gaussian_process,2,bucketed,history,64,256,3,20,2.038009501993656,1.9616124406456947,repeat indices align samples but methods were timed sequentially; use independent-resample intervals
36,gaussian_process,2,bucketed,history,64,256,3,21,2.164038337767124,1.9557304754853249,repeat indices align samples but methods were timed sequentially; use independent-resample intervals
36,gaussian_process,2,bucketed,history,64,256,3,22,2.3182724192738533,2.0455202385783195,repeat indices align samples but methods were timed sequentially; use independent-resample intervals
36,gaussian_process,2,bucketed,history,64,256,3,23,2.159341163933277,2.037118524312973,repeat indices align samples but methods were timed sequentially; use independent-resample intervals
36,gaussian_process,2,bucketed,history,64,256,3,24,2.1050480231642723,1.97435761988163,repeat indices align samples but methods were timed sequentially; use independent-resample intervals
36,gaussian_process,2,bucketed,history,64,256,3,25,2.211624912917614,2.04558365046978,repeat indices align samples but methods were timed sequentially; use independent-resample intervals
36,gaussian_process,2,bucketed,history,64,256,3,26,2.112335927784443,2.05302944034338,repeat indices align samples but methods were timed sequentially; use independent-resample intervals
36,gaussian_process,2,bucketed,history,64,256,3,27,2.2978295236825943,1.9307732060551643,repeat indices align samples but methods were timed sequentially; use independent-resample intervals
36,gaussian_process,2,bucketed,history,64,256,3,28,2.140866480767727,2.2534009739756584,repeat indices align samples but methods were timed sequentially; use independent-resample intervals
36,gaussian_process,2,bucketed,history,64,256,3,29,2.102338917553425,1.9828071594238281,repeat indices align samples but methods were timed sequentially; use independent-resample intervals
37,gaussian_process,2,bucketed,history,128,256,3,0,2.077920913696289,1.9195547103881836,repeat indices align samples but methods were timed sequentially; use independent-resample intervals
37,gaussian_process,2,bucketed,history,128,256,3,1,2.293545737862587,1.9010653495788574,repeat indices align samples but methods were timed sequentially; use independent-resample intervals
37,gaussian_process,2,bucketed,history,128,256,3,2,2.123774841427803,1.9198370799422264,repeat indices align samples but methods were timed sequentially; use independent-resample intervals
37,gaussian_process,2,bucketed,history,128,256,3,3,2.133454129099846,2.0474114045500755,repeat indices align samples but methods were timed sequentially; use independent-resample intervals
37,gaussian_process,2,bucketed,history,128,256,3,4,2.176627643406391,2.130723848938942,repeat indices align samples but methods were timed sequentially; use independent-resample intervals
37,gaussian_process,2,bucketed,history,128,256,3,5,2.1306458711624146,1.9812315627932549,repeat indices align samples but methods were timed sequentially; use independent-resample intervals
37,gaussian_process,2,bucketed,history,128,256,3,6,2.059111461043358,1.9814119040966034,repeat indices align samples but methods were timed sequentially; use independent-resample intervals
37,gaussian_process,2,bucketed,history,128,256,3,7,2.0559332817792892,2.0089828446507454,repeat indices align samples but methods were timed sequentially; use independent-resample intervals
37,gaussian_process,2,bucketed,history,128,256,3,8,2.1065307930111885,2.305178627371788,repeat indices align samples but methods were timed sequentially; use independent-resample intervals
37,gaussian_process,2,bucketed,history,128,256,3,9,2.1842075660824776,2.1025552079081535,repeat indices align samples but methods were timed sequentially; use independent-resample intervals
37,gaussian_process,2,bucketed,history,128,256,3,10,2.1040400117635727,2.1647388264536858,repeat indices align samples but methods were timed sequentially; use independent-resample intervals
37,gaussian_process,2,bucketed,history,128,256,3,11,2.2118896320462227,1.9101088345050812,repeat indices align samples but methods were timed sequentially; use independent-resample intervals
37,gaussian_process,2,bucketed,history,128,256,3,12,2.0030117332935333,1.8854558542370796,repeat indices align samples but methods were timed sequentially; use independent-resample intervals
37,gaussian_process,2,bucketed,history,128,256,3,13,2.0747799053788185,1.9316626116633415,repeat indices align samples but methods were timed sequentially; use independent-resample intervals
37,gaussian_process,2,bucketed,history,128,256,3,14,2.0758705511689186,1.9466298297047615,repeat indices align samples but methods were timed sequentially; use independent-resample intervals
37,gaussian_process,2,bucketed,history,128,256,3,15,2.069817326962948,1.8596775010228157,repeat indices align samples but methods were timed sequentially; use independent-resample intervals
37,gaussian_process,2,bucketed,history,128,256,3,16,2.1040861755609512,1.936064399778843,repeat indices align samples but methods were timed sequentially; use independent-resample intervals
37,gaussian_process,2,bucketed,history,128,256,3,17,2.0472088530659676,2.0718577802181244,repeat indices align samples but methods were timed sequentially; use independent-resample intervals
37,gaussian_process,2,bucketed,history,128,256,3,18,2.011683911085129,1.9754417836666107,repeat indices align samples but methods were timed sequentially; use independent-resample intervals
37,gaussian_process,2,bucketed,history,128,256,3,19,2.011713445186615,1.9949709326028824,repeat indices align samples but methods were timed sequentially; use independent-resample intervals
37,gaussian_process,2,bucketed,history,128,256,3,20,2.013278543949127,1.9616124406456947,repeat indices align samples but methods were timed sequentially; use independent-resample intervals
37,gaussian_process,2,bucketed,history,128,256,3,21,2.0479889884591103,1.9557304754853249,repeat indices align samples but methods were timed sequentially; use independent-resample intervals
37,gaussian_process,2,bucketed,history,128,256,3,22,2.0418120101094246,2.0455202385783195,repeat indices align samples but methods were timed sequentially; use independent-resample intervals
37,gaussian_process,2,bucketed,history,128,256,3,23,2.0375977605581284,2.037118524312973,repeat indices align samples but methods were timed sequentially; use independent-resample intervals
37,gaussian_process,2,bucketed,history,128,256,3,24,2.103154696524143,1.97435761988163,repeat indices align samples but methods were timed sequentially; use independent-resample intervals
37,gaussian_process,2,bucketed,history,128,256,3,25,2.0873400568962097,2.04558365046978,repeat indices align samples but methods were timed sequentially; use independent-resample intervals
37,gaussian_process,2,bucketed,history,128,256,3,26,2.072293847799301,2.05302944034338,repeat indices align samples but methods were timed sequentially; use independent-resample intervals
37,gaussian_process,2,bucketed,history,128,256,3,27,2.037825219333172,1.9307732060551643,repeat indices align samples but methods were timed sequentially; use independent-resample intervals
37,gaussian_process,2,bucketed,history,128,256,3,28,2.062464915215969,2.2534009739756584,repeat indices align samples but methods were timed sequentially; use independent-resample intervals
37,gaussian_process,2,bucketed,history,128,256,3,29,2.1131607070565224,1.9828071594238281,repeat indices align samples but methods were timed sequentially; use independent-resample intervals
38,gaussian_process,2,bucketed,last_depth,64,256,3,0,2.1610624939203262,1.9195547103881836,repeat indices align samples but methods were timed sequentially; use independent-resample intervals
38,gaussian_process,2,bucketed,last_depth,64,256,3,1,2.037714660167694,1.9010653495788574,repeat indices align samples but methods were timed sequentially; use independent-resample intervals
38,gaussian_process,2,bucketed,last_depth,64,256,3,2,2.0698613077402115,1.9198370799422264,repeat indices align samples but methods were timed sequentially; use independent-resample intervals
38,gaussian_process,2,bucketed,last_depth,64,256,3,3,1.9724866971373558,2.0474114045500755,repeat indices align samples but methods were timed sequentially; use independent-resample intervals
38,gaussian_process,2,bucketed,last_depth,64,256,3,4,2.0556914806365967,2.130723848938942,repeat indices align samples but methods were timed sequentially; use independent-resample intervals
38,gaussian_process,2,bucketed,last_depth,64,256,3,5,1.9931059405207634,1.9812315627932549,repeat indices align samples but methods were timed sequentially; use independent-resample intervals
38,gaussian_process,2,bucketed,last_depth,64,256,3,6,2.0503619760274887,1.9814119040966034,repeat indices align samples but methods were timed sequentially; use independent-resample intervals
38,gaussian_process,2,bucketed,last_depth,64,256,3,7,2.0578534975647926,2.0089828446507454,repeat indices align samples but methods were timed sequentially; use independent-resample intervals
38,gaussian_process,2,bucketed,last_depth,64,256,3,8,2.006586603820324,2.305178627371788,repeat indices align samples but methods were timed sequentially; use independent-resample intervals
38,gaussian_process,2,bucketed,last_depth,64,256,3,9,2.0210819020867348,2.1025552079081535,repeat indices align samples but methods were timed sequentially; use independent-resample intervals
38,gaussian_process,2,bucketed,last_depth,64,256,3,10,2.0161685198545456,2.1647388264536858,repeat indices align samples but methods were timed sequentially; use independent-resample intervals
38,gaussian_process,2,bucketed,last_depth,64,256,3,11,2.005340613424778,1.9101088345050812,repeat indices align samples but methods were timed sequentially; use independent-resample intervals
38,gaussian_process,2,bucketed,last_depth,64,256,3,12,2.0530404821038246,1.8854558542370796,repeat indices align samples but methods were timed sequentially; use independent-resample intervals
38,gaussian_process,2,bucketed,last_depth,64,256,3,13,2.0378863736987114,1.9316626116633415,repeat indices align samples but methods were timed sequentially; use independent-resample intervals
38,gaussian_process,2,bucketed,last_depth,64,256,3,14,2.008273109793663,1.9466298297047615,repeat indices align samples but methods were timed sequentially; use independent-resample intervals
38,gaussian_process,2,bucketed,last_depth,64,256,3,15,1.9920945093035698,1.8596775010228157,repeat indices align samples but methods were timed sequentially; use independent-resample intervals
38,gaussian_process,2,bucketed,last_depth,64,256,3,16,1.961935855448246,1.936064399778843,repeat indices align samples but methods were timed sequentially; use independent-resample intervals
38,gaussian_process,2,bucketed,last_depth,64,256,3,17,1.9342413023114204,2.0718577802181244,repeat indices align samples but methods were timed sequentially; use independent-resample intervals
38,gaussian_process,2,bucketed,last_depth,64,256,3,18,1.9930108413100243,1.9754417836666107,repeat indices align samples but methods were timed sequentially; use independent-resample intervals
38,gaussian_process,2,bucketed,last_depth,64,256,3,19,1.9620512127876282,1.9949709326028824,repeat indices align samples but methods were timed sequentially; use independent-resample intervals
38,gaussian_process,2,bucketed,last_depth,64,256,3,20,2.0072637423872948,1.9616124406456947,repeat indices align samples but methods were timed sequentially; use independent-resample intervals
38,gaussian_process,2,bucketed,last_depth,64,256,3,21,1.9868680983781815,1.9557304754853249,repeat indices align samples but methods were timed sequentially; use independent-resample intervals
38,gaussian_process,2,bucketed,last_depth,64,256,3,22,2.0995878353714943,2.0455202385783195,repeat indices align samples but methods were timed sequentially; use independent-resample intervals
38,gaussian_process,2,bucketed,last_depth,64,256,3,23,2.058204084634781,2.037118524312973,repeat indices align samples but methods were timed sequentially; use independent-resample intervals
38,gaussian_process,2,bucketed,last_depth,64,256,3,24,2.175860047340393,1.97435761988163,repeat indices align samples but methods were timed sequentially; use independent-resample intervals
38,gaussian_process,2,bucketed,last_depth,64,256,3,25,2.0206273049116135,2.04558365046978,repeat indices align samples but methods were timed sequentially; use independent-resample intervals
38,gaussian_process,2,bucketed,last_depth,64,256,3,26,2.154050275683403,2.05302944034338,repeat indices align samples but methods were timed sequentially; use independent-resample intervals
38,gaussian_process,2,bucketed,last_depth,64,256,3,27,2.0865094885230064,1.9307732060551643,repeat indices align samples but methods were timed sequentially; use independent-resample intervals
38,gaussian_process,2,bucketed,last_depth,64,256,3,28,2.067454256117344,2.2534009739756584,repeat indices align samples but methods were timed sequentially; use independent-resample intervals
38,gaussian_process,2,bucketed,last_depth,64,256,3,29,2.1666036397218704,1.9828071594238281,repeat indices align samples but methods were timed sequentially; use independent-resample intervals
39,gaussian_process,2,bucketed,last_depth,128,256,3,0,2.208651512861252,1.9195547103881836,repeat indices align samples but methods were timed sequentially; use independent-resample intervals
39,gaussian_process,2,bucketed,last_depth,128,256,3,1,2.1911704018712044,1.9010653495788574,repeat indices align samples but methods were timed sequentially; use independent-resample intervals
39,gaussian_process,2,bucketed,last_depth,128,256,3,2,2.222214549779892,1.9198370799422264,repeat indices align samples but methods were timed sequentially; use independent-resample intervals
39,gaussian_process,2,bucketed,last_depth,128,256,3,3,2.1986822560429573,2.0474114045500755,repeat indices align samples but methods were timed sequentially; use independent-resample intervals
39,gaussian_process,2,bucketed,last_depth,128,256,3,4,2.0559935495257378,2.130723848938942,repeat indices align samples but methods were timed sequentially; use independent-resample intervals
39,gaussian_process,2,bucketed,last_depth,128,256,3,5,1.993186391890049,1.9812315627932549,repeat indices align samples but methods were timed sequentially; use independent-resample intervals
39,gaussian_process,2,bucketed,last_depth,128,256,3,6,2.065509684383869,1.9814119040966034,repeat indices align samples but methods were timed sequentially; use independent-resample intervals
39,gaussian_process,2,bucketed,last_depth,128,256,3,7,2.0487602576613426,2.0089828446507454,repeat indices align samples but methods were timed sequentially; use independent-resample intervals
39,gaussian_process,2,bucketed,last_depth,128,256,3,8,2.043772630393505,2.305178627371788,repeat indices align samples but methods were timed sequentially; use independent-resample intervals
39,gaussian_process,2,bucketed,last_depth,128,256,3,9,2.133709952235222,2.1025552079081535,repeat indices align samples but methods were timed sequentially; use independent-resample intervals
39,gaussian_process,2,bucketed,last_depth,128,256,3,10,2.0273154079914093,2.1647388264536858,repeat indices align samples but methods were timed sequentially; use independent-resample intervals
39,gaussian_process,2,bucketed,last_depth,128,256,3,11,2.094544507563114,1.9101088345050812,repeat indices align samples but methods were timed sequentially; use independent-resample intervals
39,gaussian_process,2,bucketed,last_depth,128,256,3,12,2.0533924773335457,1.8854558542370796,repeat indices align samples but methods were timed sequentially; use independent-resample intervals
39,gaussian_process,2,bucketed,last_depth,128,256,3,13,2.1098737120628357,1.9316626116633415,repeat indices align samples but methods were timed sequentially; use independent-resample intervals
39,gaussian_process,2,bucketed,last_depth,128,256,3,14,2.0737490877509117,1.9466298297047615,repeat indices align samples but methods were timed sequentially; use independent-resample intervals
39,gaussian_process,2,bucketed,last_depth,128,256,3,15,2.0690514221787453,1.8596775010228157,repeat indices align samples but methods were timed sequentially; use independent-resample intervals
39,gaussian_process,2,bucketed,last_depth,128,256,3,16,2.0558470636606216,1.936064399778843,repeat indices align samples but methods were timed sequentially; use independent-resample intervals
39,gaussian_process,2,bucketed,last_depth,128,256,3,17,2.028724603354931,2.0718577802181244,repeat indices align samples but methods were timed sequentially; use independent-resample intervals
39,gaussian_process,2,bucketed,last_depth,128,256,3,18,2.0486513525247574,1.9754417836666107,repeat indices align samples but methods were timed sequentially; use independent-resample intervals
39,gaussian_process,2,bucketed,last_depth,128,256,3,19,2.0994073897600174,1.9949709326028824,repeat indices align samples but methods were timed sequentially; use independent-resample intervals
39,gaussian_process,2,bucketed,last_depth,128,256,3,20,2.1380556374788284,1.9616124406456947,repeat indices align samples but methods were timed sequentially; use independent-resample intervals
39,gaussian_process,2,bucketed,last_depth,128,256,3,21,2.11913675814867,1.9557304754853249,repeat indices align samples but methods were timed sequentially; use independent-resample intervals
39,gaussian_process,2,bucketed,last_depth,128,256,3,22,2.1658806949853897,2.0455202385783195,repeat indices align samples but methods were timed sequentially; use independent-resample intervals
39,gaussian_process,2,bucketed,last_depth,128,256,3,23,2.1114398688077927,2.037118524312973,repeat indices align samples but methods were timed sequentially; use independent-resample intervals
39,gaussian_process,2,bucketed,last_depth,128,256,3,24,2.183553732931614,1.97435761988163,repeat indices align samples but methods were timed sequentially; use independent-resample intervals
39,gaussian_process,2,bucketed,last_depth,128,256,3,25,2.296215169131756,2.04558365046978,repeat indices align samples but methods were timed sequentially; use independent-resample intervals
39,gaussian_process,2,bucketed,last_depth,128,256,3,26,2.0811410322785378,2.05302944034338,repeat indices align samples but methods were timed sequentially; use independent-resample intervals
39,gaussian_process,2,bucketed,last_depth,128,256,3,27,2.141001485288143,1.9307732060551643,repeat indices align samples but methods were timed sequentially; use independent-resample intervals
39,gaussian_process,2,bucketed,last_depth,128,256,3,28,2.356259122490883,2.2534009739756584,repeat indices align samples but methods were timed sequentially; use independent-resample intervals
39,gaussian_process,2,bucketed,last_depth,128,256,3,29,2.1729248613119125,1.9828071594238281,repeat indices align samples but methods were timed sequentially; use independent-resample intervals
40,gaussian_process,3,monolithic,monolithic,0,256,3,0,2.0001144409179688,2.0001144409179688,repeat indices align samples but methods were timed sequentially; use independent-resample intervals
40,gaussian_process,3,monolithic,monolithic,0,256,3,1,1.8072253912687302,1.8072253912687302,repeat indices align samples but methods were timed sequentially; use independent-resample intervals
40,gaussian_process,3,monolithic,monolithic,0,256,3,2,1.767243579030037,1.767243579030037,repeat indices align samples but methods were timed sequentially; use independent-resample intervals
40,gaussian_process,3,monolithic,monolithic,0,256,3,3,1.880490742623806,1.880490742623806,repeat indices align samples but methods were timed sequentially; use independent-resample intervals
40,gaussian_process,3,monolithic,monolithic,0,256,3,4,1.9339512065052986,1.9339512065052986,repeat indices align samples but methods were timed sequentially; use independent-resample intervals
40,gaussian_process,3,monolithic,monolithic,0,256,3,5,2.062023125588894,2.062023125588894,repeat indices align samples but methods were timed sequentially; use independent-resample intervals
40,gaussian_process,3,monolithic,monolithic,0,256,3,6,1.972853608429432,1.972853608429432,repeat indices align samples but methods were timed sequentially; use independent-resample intervals
40,gaussian_process,3,monolithic,monolithic,0,256,3,7,2.048070751130581,2.048070751130581,repeat indices align samples but methods were timed sequentially; use independent-resample intervals
40,gaussian_process,3,monolithic,monolithic,0,256,3,8,2.068999469280243,2.068999469280243,repeat indices align samples but methods were timed sequentially; use independent-resample intervals
40,gaussian_process,3,monolithic,monolithic,0,256,3,9,1.8983013331890106,1.8983013331890106,repeat indices align samples but methods were timed sequentially; use independent-resample intervals
40,gaussian_process,3,monolithic,monolithic,0,256,3,10,1.993104413151741,1.993104413151741,repeat indices align samples but methods were timed sequentially; use independent-resample intervals
40,gaussian_process,3,monolithic,monolithic,0,256,3,11,1.7810996547341347,1.7810996547341347,repeat indices align samples but methods were timed sequentially; use independent-resample intervals
40,gaussian_process,3,monolithic,monolithic,0,256,3,12,1.9842322766780853,1.9842322766780853,repeat indices align samples but methods were timed sequentially; use independent-resample intervals
40,gaussian_process,3,monolithic,monolithic,0,256,3,13,2.912118338048458,2.912118338048458,repeat indices align samples but methods were timed sequentially; use independent-resample intervals
40,gaussian_process,3,monolithic,monolithic,0,256,3,14,2.624463737010956,2.624463737010956,repeat indices align samples but methods were timed sequentially; use independent-resample intervals
40,gaussian_process,3,monolithic,monolithic,0,256,3,15,2.6357340216636658,2.6357340216636658,repeat indices align samples but methods were timed sequentially; use independent-resample intervals
40,gaussian_process,3,monolithic,monolithic,0,256,3,16,3.0132560655474663,3.0132560655474663,repeat indices align samples but methods were timed sequentially; use independent-resample intervals
40,gaussian_process,3,monolithic,monolithic,0,256,3,17,2.1441499441862106,2.1441499441862106,repeat indices align samples but methods were timed sequentially; use independent-resample intervals
40,gaussian_process,3,monolithic,monolithic,0,256,3,18,1.96278578042984,1.96278578042984,repeat indices align samples but methods were timed sequentially; use independent-resample intervals
40,gaussian_process,3,monolithic,monolithic,0,256,3,19,1.8147938773036003,1.8147938773036003,repeat indices align samples but methods were timed sequentially; use independent-resample intervals
40,gaussian_process,3,monolithic,monolithic,0,256,3,20,1.8108486607670784,1.8108486607670784,repeat indices align samples but methods were timed sequentially; use independent-resample intervals
40,gaussian_process,3,monolithic,monolithic,0,256,3,21,1.9317623302340508,1.9317623302340508,repeat indices align samples but methods were timed sequentially; use independent-resample intervals
40,gaussian_process,3,monolithic,monolithic,0,256,3,22,2.0422620698809624,2.0422620698809624,repeat indices align samples but methods were timed sequentially; use independent-resample intervals
40,gaussian_process,3,monolithic,monolithic,0,256,3,23,3.171637073159218,3.171637073159218,repeat indices align samples but methods were timed sequentially; use independent-resample intervals
40,gaussian_process,3,monolithic,monolithic,0,256,3,24,2.8142286241054535,2.8142286241054535,repeat indices align samples but methods were timed sequentially; use independent-resample intervals
40,gaussian_process,3,monolithic,monolithic,0,256,3,25,3.0795746967196465,3.0795746967196465,repeat indices align samples but methods were timed sequentially; use independent-resample intervals
40,gaussian_process,3,monolithic,monolithic,0,256,3,26,2.96078160405159,2.96078160405159,repeat indices align samples but methods were timed sequentially; use independent-resample intervals
40,gaussian_process,3,monolithic,monolithic,0,256,3,27,2.029270149767399,2.029270149767399,repeat indices align samples but methods were timed sequentially; use independent-resample intervals
40,gaussian_process,3,monolithic,monolithic,0,256,3,28,2.0214198008179665,2.0214198008179665,repeat indices align samples but methods were timed sequentially; use independent-resample intervals
40,gaussian_process,3,monolithic,monolithic,0,256,3,29,1.8909152671694756,1.8909152671694756,repeat indices align samples but methods were timed sequentially; use independent-resample intervals
41,gaussian_process,3,bucketed,history,64,256,3,0,2.0987962782382965,2.0001144409179688,repeat indices align samples but methods were timed sequentially; use independent-resample intervals
41,gaussian_process,3,bucketed,history,64,256,3,1,1.8780756741762161,1.8072253912687302,repeat indices align samples but methods were timed sequentially; use independent-resample intervals
41,gaussian_process,3,bucketed,history,64,256,3,2,1.924291506409645,1.767243579030037,repeat indices align samples but methods were timed sequentially; use independent-resample intervals
41,gaussian_process,3,bucketed,history,64,256,3,3,1.9381493628025055,1.880490742623806,repeat indices align samples but methods were timed sequentially; use independent-resample intervals
41,gaussian_process,3,bucketed,history,64,256,3,4,2.0321846157312393,1.9339512065052986,repeat indices align samples but methods were timed sequentially; use independent-resample intervals
41,gaussian_process,3,bucketed,history,64,256,3,5,1.9607647433876991,2.062023125588894,repeat indices align samples but methods were timed sequentially; use independent-resample intervals
41,gaussian_process,3,bucketed,history,64,256,3,6,2.074840672314167,1.972853608429432,repeat indices align samples but methods were timed sequentially; use independent-resample intervals
41,gaussian_process,3,bucketed,history,64,256,3,7,2.090236410498619,2.048070751130581,repeat indices align samples but methods were timed sequentially; use independent-resample intervals
41,gaussian_process,3,bucketed,history,64,256,3,8,1.9945598766207695,2.068999469280243,repeat indices align samples but methods were timed sequentially; use independent-resample intervals
41,gaussian_process,3,bucketed,history,64,256,3,9,2.032681070268154,1.8983013331890106,repeat indices align samples but methods were timed sequentially; use independent-resample intervals
41,gaussian_process,3,bucketed,history,64,256,3,10,2.1267556697130203,1.993104413151741,repeat indices align samples but methods were timed sequentially; use independent-resample intervals
41,gaussian_process,3,bucketed,history,64,256,3,11,2.0106376707553864,1.7810996547341347,repeat indices align samples but methods were timed sequentially; use independent-resample intervals
41,gaussian_process,3,bucketed,history,64,256,3,12,1.953459843993187,1.9842322766780853,repeat indices align samples but methods were timed sequentially; use independent-resample intervals
41,gaussian_process,3,bucketed,history,64,256,3,13,2.1238731369376183,2.912118338048458,repeat indices align samples but methods were timed sequentially; use independent-resample intervals
41,gaussian_process,3,bucketed,history,64,256,3,14,1.932374767959118,2.624463737010956,repeat indices align samples but methods were timed sequentially; use independent-resample intervals
41,gaussian_process,3,bucketed,history,64,256,3,15,1.9442088603973389,2.6357340216636658,repeat indices align samples but methods were timed sequentially; use independent-resample intervals
41,gaussian_process,3,bucketed,history,64,256,3,16,1.9961659982800484,3.0132560655474663,repeat indices align samples but methods were timed sequentially; use independent-resample intervals
41,gaussian_process,3,bucketed,history,64,256,3,17,1.9846403673291206,2.1441499441862106,repeat indices align samples but methods were timed sequentially; use independent-resample intervals
41,gaussian_process,3,bucketed,history,64,256,3,18,1.944496937096119,1.96278578042984,repeat indices align samples but methods were timed sequentially; use independent-resample intervals
41,gaussian_process,3,bucketed,history,64,256,3,19,2.0252517834305763,1.8147938773036003,repeat indices align samples but methods were timed sequentially; use independent-resample intervals
41,gaussian_process,3,bucketed,history,64,256,3,20,1.9584665149450302,1.8108486607670784,repeat indices align samples but methods were timed sequentially; use independent-resample intervals
41,gaussian_process,3,bucketed,history,64,256,3,21,2.013979785144329,1.9317623302340508,repeat indices align samples but methods were timed sequentially; use independent-resample intervals
41,gaussian_process,3,bucketed,history,64,256,3,22,2.0806900337338448,2.0422620698809624,repeat indices align samples but methods were timed sequentially; use independent-resample intervals
41,gaussian_process,3,bucketed,history,64,256,3,23,2.1620201617479324,3.171637073159218,repeat indices align samples but methods were timed sequentially; use independent-resample intervals
41,gaussian_process,3,bucketed,history,64,256,3,24,1.9907811805605888,2.8142286241054535,repeat indices align samples but methods were timed sequentially; use independent-resample intervals
41,gaussian_process,3,bucketed,history,64,256,3,25,2.0642930790781975,3.0795746967196465,repeat indices align samples but methods were timed sequentially; use independent-resample intervals
41,gaussian_process,3,bucketed,history,64,256,3,26,2.0660156905651093,2.96078160405159,repeat indices align samples but methods were timed sequentially; use independent-resample intervals
41,gaussian_process,3,bucketed,history,64,256,3,27,2.00734656304121,2.029270149767399,repeat indices align samples but methods were timed sequentially; use independent-resample intervals
41,gaussian_process,3,bucketed,history,64,256,3,28,2.0900071561336517,2.0214198008179665,repeat indices align samples but methods were timed sequentially; use independent-resample intervals
41,gaussian_process,3,bucketed,history,64,256,3,29,1.9874338433146477,1.8909152671694756,repeat indices align samples but methods were timed sequentially; use independent-resample intervals
42,gaussian_process,3,bucketed,history,128,256,3,0,2.026602268218994,2.0001144409179688,repeat indices align samples but methods were timed sequentially; use independent-resample intervals
42,gaussian_process,3,bucketed,history,128,256,3,1,2.0899801328778267,1.8072253912687302,repeat indices align samples but methods were timed sequentially; use independent-resample intervals
42,gaussian_process,3,bucketed,history,128,256,3,2,2.1575849652290344,1.767243579030037,repeat indices align samples but methods were timed sequentially; use independent-resample intervals
42,gaussian_process,3,bucketed,history,128,256,3,3,2.105237692594528,1.880490742623806,repeat indices align samples but methods were timed sequentially; use independent-resample intervals
42,gaussian_process,3,bucketed,history,128,256,3,4,2.0891240313649178,1.9339512065052986,repeat indices align samples but methods were timed sequentially; use independent-resample intervals
42,gaussian_process,3,bucketed,history,128,256,3,5,1.9932029470801353,2.062023125588894,repeat indices align samples but methods were timed sequentially; use independent-resample intervals
42,gaussian_process,3,bucketed,history,128,256,3,6,2.0644456893205643,1.972853608429432,repeat indices align samples but methods were timed sequentially; use independent-resample intervals
42,gaussian_process,3,bucketed,history,128,256,3,7,2.0385584831237793,2.048070751130581,repeat indices align samples but methods were timed sequentially; use independent-resample intervals
42,gaussian_process,3,bucketed,history,128,256,3,8,1.954384982585907,2.068999469280243,repeat indices align samples but methods were timed sequentially; use independent-resample intervals
42,gaussian_process,3,bucketed,history,128,256,3,9,2.001935765147209,1.8983013331890106,repeat indices align samples but methods were timed sequentially; use independent-resample intervals
42,gaussian_process,3,bucketed,history,128,256,3,10,1.9527199566364288,1.993104413151741,repeat indices align samples but methods were timed sequentially; use independent-resample intervals
42,gaussian_process,3,bucketed,history,128,256,3,11,1.9367848709225655,1.7810996547341347,repeat indices align samples but methods were timed sequentially; use independent-resample intervals
42,gaussian_process,3,bucketed,history,128,256,3,12,2.0592109709978104,1.9842322766780853,repeat indices align samples but methods were timed sequentially; use independent-resample intervals
42,gaussian_process,3,bucketed,history,128,256,3,13,2.0080253556370735,2.912118338048458,repeat indices align samples but methods were timed sequentially; use independent-resample intervals
42,gaussian_process,3,bucketed,history,128,256,3,14,2.0116250589489937,2.624463737010956,repeat indices align samples but methods were timed sequentially; use independent-resample intervals
42,gaussian_process,3,bucketed,history,128,256,3,15,1.9422416761517525,2.6357340216636658,repeat indices align samples but methods were timed sequentially; use independent-resample intervals
42,gaussian_process,3,bucketed,history,128,256,3,16,1.9758724868297577,3.0132560655474663,repeat indices align samples but methods were timed sequentially; use independent-resample intervals
42,gaussian_process,3,bucketed,history,128,256,3,17,1.9671781361103058,2.1441499441862106,repeat indices align samples but methods were timed sequentially; use independent-resample intervals
42,gaussian_process,3,bucketed,history,128,256,3,18,2.0525699630379677,1.96278578042984,repeat indices align samples but methods were timed sequentially; use independent-resample intervals
42,gaussian_process,3,bucketed,history,128,256,3,19,1.9788214042782784,1.8147938773036003,repeat indices align samples but methods were timed sequentially; use independent-resample intervals
42,gaussian_process,3,bucketed,history,128,256,3,20,2.0160688906908035,1.8108486607670784,repeat indices align samples but methods were timed sequentially; use independent-resample intervals
42,gaussian_process,3,bucketed,history,128,256,3,21,2.09811007976532,1.9317623302340508,repeat indices align samples but methods were timed sequentially; use independent-resample intervals
42,gaussian_process,3,bucketed,history,128,256,3,22,1.9604726731777191,2.0422620698809624,repeat indices align samples but methods were timed sequentially; use independent-resample intervals
42,gaussian_process,3,bucketed,history,128,256,3,23,1.97724649310112,3.171637073159218,repeat indices align samples but methods were timed sequentially; use independent-resample intervals
42,gaussian_process,3,bucketed,history,128,256,3,24,2.22390428930521,2.8142286241054535,repeat indices align samples but methods were timed sequentially; use independent-resample intervals
42,gaussian_process,3,bucketed,history,128,256,3,25,2.1789368465542793,3.0795746967196465,repeat indices align samples but methods were timed sequentially; use independent-resample intervals
42,gaussian_process,3,bucketed,history,128,256,3,26,2.1071405336260796,2.96078160405159,repeat indices align samples but methods were timed sequentially; use independent-resample intervals
42,gaussian_process,3,bucketed,history,128,256,3,27,2.0287607312202454,2.029270149767399,repeat indices align samples but methods were timed sequentially; use independent-resample intervals
42,gaussian_process,3,bucketed,history,128,256,3,28,2.1081389412283897,2.0214198008179665,repeat indices align samples but methods were timed sequentially; use independent-resample intervals
42,gaussian_process,3,bucketed,history,128,256,3,29,1.9885845929384232,1.8909152671694756,repeat indices align samples but methods were timed sequentially; use independent-resample intervals
43,gaussian_process,3,bucketed,last_depth,64,256,3,0,1.9283476248383522,2.0001144409179688,repeat indices align samples but methods were timed sequentially; use independent-resample intervals
43,gaussian_process,3,bucketed,last_depth,64,256,3,1,1.9830475151538849,1.8072253912687302,repeat indices align samples but methods were timed sequentially; use independent-resample intervals
43,gaussian_process,3,bucketed,last_depth,64,256,3,2,2.0199688002467155,1.767243579030037,repeat indices align samples but methods were timed sequentially; use independent-resample intervals
43,gaussian_process,3,bucketed,last_depth,64,256,3,3,2.2272799611091614,1.880490742623806,repeat indices align samples but methods were timed sequentially; use independent-resample intervals
43,gaussian_process,3,bucketed,last_depth,64,256,3,4,2.0422419160604477,1.9339512065052986,repeat indices align samples but methods were timed sequentially; use independent-resample intervals
43,gaussian_process,3,bucketed,last_depth,64,256,3,5,2.028139181435108,2.062023125588894,repeat indices align samples but methods were timed sequentially; use independent-resample intervals
43,gaussian_process,3,bucketed,last_depth,64,256,3,6,2.0767700746655464,1.972853608429432,repeat indices align samples but methods were timed sequentially; use independent-resample intervals
43,gaussian_process,3,bucketed,last_depth,64,256,3,7,2.0425862669944763,2.048070751130581,repeat indices align samples but methods were timed sequentially; use independent-resample intervals
43,gaussian_process,3,bucketed,last_depth,64,256,3,8,2.076997548341751,2.068999469280243,repeat indices align samples but methods were timed sequentially; use independent-resample intervals
43,gaussian_process,3,bucketed,last_depth,64,256,3,9,2.06406419724226,1.8983013331890106,repeat indices align samples but methods were timed sequentially; use independent-resample intervals
43,gaussian_process,3,bucketed,last_depth,64,256,3,10,1.9832771196961403,1.993104413151741,repeat indices align samples but methods were timed sequentially; use independent-resample intervals
43,gaussian_process,3,bucketed,last_depth,64,256,3,11,2.0660090148448944,1.7810996547341347,repeat indices align samples but methods were timed sequentially; use independent-resample intervals
43,gaussian_process,3,bucketed,last_depth,64,256,3,12,2.0691636949777603,1.9842322766780853,repeat indices align samples but methods were timed sequentially; use independent-resample intervals
43,gaussian_process,3,bucketed,last_depth,64,256,3,13,2.1424585580825806,2.912118338048458,repeat indices align samples but methods were timed sequentially; use independent-resample intervals
43,gaussian_process,3,bucketed,last_depth,64,256,3,14,2.014991231262684,2.624463737010956,repeat indices align samples but methods were timed sequentially; use independent-resample intervals
43,gaussian_process,3,bucketed,last_depth,64,256,3,15,2.0732177942991257,2.6357340216636658,repeat indices align samples but methods were timed sequentially; use independent-resample intervals
43,gaussian_process,3,bucketed,last_depth,64,256,3,16,2.140184849500656,3.0132560655474663,repeat indices align samples but methods were timed sequentially; use independent-resample intervals
43,gaussian_process,3,bucketed,last_depth,64,256,3,17,2.05578600615263,2.1441499441862106,repeat indices align samples but methods were timed sequentially; use independent-resample intervals
43,gaussian_process,3,bucketed,last_depth,64,256,3,18,2.173851564526558,1.96278578042984,repeat indices align samples but methods were timed sequentially; use independent-resample intervals
43,gaussian_process,3,bucketed,last_depth,64,256,3,19,2.0515476018190384,1.8147938773036003,repeat indices align samples but methods were timed sequentially; use independent-resample intervals
43,gaussian_process,3,bucketed,last_depth,64,256,3,20,2.069879800081253,1.8108486607670784,repeat indices align samples but methods were timed sequentially; use independent-resample intervals
43,gaussian_process,3,bucketed,last_depth,64,256,3,21,2.0254833325743675,1.9317623302340508,repeat indices align samples but methods were timed sequentially; use independent-resample intervals
43,gaussian_process,3,bucketed,last_depth,64,256,3,22,2.0104393512010574,2.0422620698809624,repeat indices align samples but methods were timed sequentially; use independent-resample intervals
43,gaussian_process,3,bucketed,last_depth,64,256,3,23,2.1523732021450996,3.171637073159218,repeat indices align samples but methods were timed sequentially; use independent-resample intervals
43,gaussian_process,3,bucketed,last_depth,64,256,3,24,2.146022506058216,2.8142286241054535,repeat indices align samples but methods were timed sequentially; use independent-resample intervals
43,gaussian_process,3,bucketed,last_depth,64,256,3,25,2.0441652461886406,3.0795746967196465,repeat indices align samples but methods were timed sequentially; use independent-resample intervals
43,gaussian_process,3,bucketed,last_depth,64,256,3,26,2.0554501563310623,2.96078160405159,repeat indices align samples but methods were timed sequentially; use independent-resample intervals
43,gaussian_process,3,bucketed,last_depth,64,256,3,27,2.0965079069137573,2.029270149767399,repeat indices align samples but methods were timed sequentially; use independent-resample intervals
43,gaussian_process,3,bucketed,last_depth,64,256,3,28,2.0205374658107758,2.0214198008179665,repeat indices align samples but methods were timed sequentially; use independent-resample intervals
43,gaussian_process,3,bucketed,last_depth,64,256,3,29,2.034854829311371,1.8909152671694756,repeat indices align samples but methods were timed sequentially; use independent-resample intervals
44,gaussian_process,3,bucketed,last_depth,128,256,3,0,2.0313387662172318,2.0001144409179688,repeat indices align samples but methods were timed sequentially; use independent-resample intervals
44,gaussian_process,3,bucketed,last_depth,128,256,3,1,1.9724412709474564,1.8072253912687302,repeat indices align samples but methods were timed sequentially; use independent-resample intervals
44,gaussian_process,3,bucketed,last_depth,128,256,3,2,2.0044062957167625,1.767243579030037,repeat indices align samples but methods were timed sequentially; use independent-resample intervals
44,gaussian_process,3,bucketed,last_depth,128,256,3,3,2.0248251482844353,1.880490742623806,repeat indices align samples but methods were timed sequentially; use independent-resample intervals
44,gaussian_process,3,bucketed,last_depth,128,256,3,4,1.986950658261776,1.9339512065052986,repeat indices align samples but methods were timed sequentially; use independent-resample intervals
44,gaussian_process,3,bucketed,last_depth,128,256,3,5,2.049626775085926,2.062023125588894,repeat indices align samples but methods were timed sequentially; use independent-resample intervals
44,gaussian_process,3,bucketed,last_depth,128,256,3,6,2.032827466726303,1.972853608429432,repeat indices align samples but methods were timed sequentially; use independent-resample intervals
44,gaussian_process,3,bucketed,last_depth,128,256,3,7,2.0587333738803864,2.048070751130581,repeat indices align samples but methods were timed sequentially; use independent-resample intervals
44,gaussian_process,3,bucketed,last_depth,128,256,3,8,2.1099689304828644,2.068999469280243,repeat indices align samples but methods were timed sequentially; use independent-resample intervals
44,gaussian_process,3,bucketed,last_depth,128,256,3,9,2.056152142584324,1.8983013331890106,repeat indices align samples but methods were timed sequentially; use independent-resample intervals
44,gaussian_process,3,bucketed,last_depth,128,256,3,10,2.170655570924282,1.993104413151741,repeat indices align samples but methods were timed sequentially; use independent-resample intervals
44,gaussian_process,3,bucketed,last_depth,128,256,3,11,2.9521228820085526,1.7810996547341347,repeat indices align samples but methods were timed sequentially; use independent-resample intervals
44,gaussian_process,3,bucketed,last_depth,128,256,3,12,3.0584971979260445,1.9842322766780853,repeat indices align samples but methods were timed sequentially; use independent-resample intervals
44,gaussian_process,3,bucketed,last_depth,128,256,3,13,3.1227904707193375,2.912118338048458,repeat indices align samples but methods were timed sequentially; use independent-resample intervals
44,gaussian_process,3,bucketed,last_depth,128,256,3,14,3.195382744073868,2.624463737010956,repeat indices align samples but methods were timed sequentially; use independent-resample intervals
44,gaussian_process,3,bucketed,last_depth,128,256,3,15,2.2722397595643997,2.6357340216636658,repeat indices align samples but methods were timed sequentially; use independent-resample intervals
44,gaussian_process,3,bucketed,last_depth,128,256,3,16,2.059849128127098,3.0132560655474663,repeat indices align samples but methods were timed sequentially; use independent-resample intervals
44,gaussian_process,3,bucketed,last_depth,128,256,3,17,2.1541587337851524,2.1441499441862106,repeat indices align samples but methods were timed sequentially; use independent-resample intervals
44,gaussian_process,3,bucketed,last_depth,128,256,3,18,2.1535433009266853,1.96278578042984,repeat indices align samples but methods were timed sequentially; use independent-resample intervals
44,gaussian_process,3,bucketed,last_depth,128,256,3,19,2.038758158683777,1.8147938773036003,repeat indices align samples but methods were timed sequentially; use independent-resample intervals
44,gaussian_process,3,bucketed,last_depth,128,256,3,20,2.3715603724122047,1.8108486607670784,repeat indices align samples but methods were timed sequentially; use independent-resample intervals
44,gaussian_process,3,bucketed,last_depth,128,256,3,21,2.084813103079796,1.9317623302340508,repeat indices align samples but methods were timed sequentially; use independent-resample intervals
44,gaussian_process,3,bucketed,last_depth,128,256,3,22,2.068467877805233,2.0422620698809624,repeat indices align samples but methods were timed sequentially; use independent-resample intervals
44,gaussian_process,3,bucketed,last_depth,128,256,3,23,2.146439164876938,3.171637073159218,repeat indices align samples but methods were timed sequentially; use independent-resample intervals
44,gaussian_process,3,bucketed,last_depth,128,256,3,24,2.0361713841557503,2.8142286241054535,repeat indices align samples but methods were timed sequentially; use independent-resample intervals
44,gaussian_process,3,bucketed,last_depth,128,256,3,25,2.022727891802788,3.0795746967196465,repeat indices align samples but methods were timed sequentially; use independent-resample intervals
44,gaussian_process,3,bucketed,last_depth,128,256,3,26,2.045822538435459,2.96078160405159,repeat indices align samples but methods were timed sequentially; use independent-resample intervals
44,gaussian_process,3,bucketed,last_depth,128,256,3,27,2.025898516178131,2.029270149767399,repeat indices align samples but methods were timed sequentially; use independent-resample intervals
44,gaussian_process,3,bucketed,last_depth,128,256,3,28,1.9934515953063965,2.0214198008179665,repeat indices align samples but methods were timed sequentially; use independent-resample intervals
44,gaussian_process,3,bucketed,last_depth,128,256,3,29,2.0444972813129425,1.8909152671694756,repeat indices align samples but methods were timed sequentially; use independent-resample intervals
45,gaussian_process,4,monolithic,monolithic,0,256,3,0,2.1350774988532066,2.1350774988532066,repeat indices align samples but methods were timed sequentially; use independent-resample intervals
45,gaussian_process,4,monolithic,monolithic,0,256,3,1,2.0624696910381317,2.0624696910381317,repeat indices align samples but methods were timed sequentially; use independent-resample intervals
45,gaussian_process,4,monolithic,monolithic,0,256,3,2,2.1346581503748894,2.1346581503748894,repeat indices align samples but methods were timed sequentially; use independent-resample intervals
45,gaussian_process,4,monolithic,monolithic,0,256,3,3,1.9132222533226013,1.9132222533226013,repeat indices align samples but methods were timed sequentially; use independent-resample intervals
45,gaussian_process,4,monolithic,monolithic,0,256,3,4,1.9854777082800865,1.9854777082800865,repeat indices align samples but methods were timed sequentially; use independent-resample intervals
45,gaussian_process,4,monolithic,monolithic,0,256,3,5,2.0498623698949814,2.0498623698949814,repeat indices align samples but methods were timed sequentially; use independent-resample intervals
45,gaussian_process,4,monolithic,monolithic,0,256,3,6,1.9523417055606842,1.9523417055606842,repeat indices align samples but methods were timed sequentially; use independent-resample intervals
45,gaussian_process,4,monolithic,monolithic,0,256,3,7,1.9987835139036179,1.9987835139036179,repeat indices align samples but methods were timed sequentially; use independent-resample intervals
45,gaussian_process,4,monolithic,monolithic,0,256,3,8,1.9347372949123383,1.9347372949123383,repeat indices align samples but methods were timed sequentially; use independent-resample intervals
45,gaussian_process,4,monolithic,monolithic,0,256,3,9,1.978939987719059,1.978939987719059,repeat indices align samples but methods were timed sequentially; use independent-resample intervals
45,gaussian_process,4,monolithic,monolithic,0,256,3,10,1.9522965177893639,1.9522965177893639,repeat indices align samples but methods were timed sequentially; use independent-resample intervals
45,gaussian_process,4,monolithic,monolithic,0,256,3,11,1.939467892050743,1.939467892050743,repeat indices align samples but methods were timed sequentially; use independent-resample intervals
45,gaussian_process,4,monolithic,monolithic,0,256,3,12,2.045720651745796,2.045720651745796,repeat indices align samples but methods were timed sequentially; use independent-resample intervals
45,gaussian_process,4,monolithic,monolithic,0,256,3,13,2.024714432656765,2.024714432656765,repeat indices align samples but methods were timed sequentially; use independent-resample intervals
45,gaussian_process,4,monolithic,monolithic,0,256,3,14,1.965562529861927,1.965562529861927,repeat indices align samples but methods were timed sequentially; use independent-resample intervals
45,gaussian_process,4,monolithic,monolithic,0,256,3,15,2.0458547323942184,2.0458547323942184,repeat indices align samples but methods were timed sequentially; use independent-resample intervals
45,gaussian_process,4,monolithic,monolithic,0,256,3,16,1.9468334093689919,1.9468334093689919,repeat indices align samples but methods were timed sequentially; use independent-resample intervals
45,gaussian_process,4,monolithic,monolithic,0,256,3,17,2.115272842347622,2.115272842347622,repeat indices align samples but methods were timed sequentially; use independent-resample intervals
45,gaussian_process,4,monolithic,monolithic,0,256,3,18,2.0583967491984367,2.0583967491984367,repeat indices align samples but methods were timed sequentially; use independent-resample intervals
45,gaussian_process,4,monolithic,monolithic,0,256,3,19,2.0525712072849274,2.0525712072849274,repeat indices align samples but methods were timed sequentially; use independent-resample intervals
45,gaussian_process,4,monolithic,monolithic,0,256,3,20,2.130306787788868,2.130306787788868,repeat indices align samples but methods were timed sequentially; use independent-resample intervals
45,gaussian_process,4,monolithic,monolithic,0,256,3,21,1.9530873000621796,1.9530873000621796,repeat indices align samples but methods were timed sequentially; use independent-resample intervals
45,gaussian_process,4,monolithic,monolithic,0,256,3,22,1.9655156806111336,1.9655156806111336,repeat indices align samples but methods were timed sequentially; use independent-resample intervals
45,gaussian_process,4,monolithic,monolithic,0,256,3,23,1.9445967599749565,1.9445967599749565,repeat indices align samples but methods were timed sequentially; use independent-resample intervals
45,gaussian_process,4,monolithic,monolithic,0,256,3,24,1.9351365491747856,1.9351365491747856,repeat indices align samples but methods were timed sequentially; use independent-resample intervals
45,gaussian_process,4,monolithic,monolithic,0,256,3,25,1.9148448258638382,1.9148448258638382,repeat indices align samples but methods were timed sequentially; use independent-resample intervals
45,gaussian_process,4,monolithic,monolithic,0,256,3,26,1.9181043952703476,1.9181043952703476,repeat indices align samples but methods were timed sequentially; use independent-resample intervals
45,gaussian_process,4,monolithic,monolithic,0,256,3,27,1.9714986607432365,1.9714986607432365,repeat indices align samples but methods were timed sequentially; use independent-resample intervals
45,gaussian_process,4,monolithic,monolithic,0,256,3,28,2.076616294682026,2.076616294682026,repeat indices align samples but methods were timed sequentially; use independent-resample intervals
45,gaussian_process,4,monolithic,monolithic,0,256,3,29,2.0767278745770454,2.0767278745770454,repeat indices align samples but methods were timed sequentially; use independent-resample intervals
46,gaussian_process,4,bucketed,history,64,256,3,0,2.086452156305313,2.1350774988532066,repeat indices align samples but methods were timed sequentially; use independent-resample intervals
46,gaussian_process,4,bucketed,history,64,256,3,1,2.0447817891836166,2.0624696910381317,repeat indices align samples but methods were timed sequentially; use independent-resample intervals
46,gaussian_process,4,bucketed,history,64,256,3,2,1.9984569996595383,2.1346581503748894,repeat indices align samples but methods were timed sequentially; use independent-resample intervals
46,gaussian_process,4,bucketed,history,64,256,3,3,2.068631611764431,1.9132222533226013,repeat indices align samples but methods were timed sequentially; use independent-resample intervals
46,gaussian_process,4,bucketed,history,64,256,3,4,2.0442199259996414,1.9854777082800865,repeat indices align samples but methods were timed sequentially; use independent-resample intervals
46,gaussian_process,4,bucketed,history,64,256,3,5,2.033603109419346,2.0498623698949814,repeat indices align samples but methods were timed sequentially; use independent-resample intervals
46,gaussian_process,4,bucketed,history,64,256,3,6,1.9900595396757126,1.9523417055606842,repeat indices align samples but methods were timed sequentially; use independent-resample intervals
46,gaussian_process,4,bucketed,history,64,256,3,7,1.9473260045051575,1.9987835139036179,repeat indices align samples but methods were timed sequentially; use independent-resample intervals
46,gaussian_process,4,bucketed,history,64,256,3,8,2.0311105847358704,1.9347372949123383,repeat indices align samples but methods were timed sequentially; use independent-resample intervals
46,gaussian_process,4,bucketed,history,64,256,3,9,2.2244906798005104,1.978939987719059,repeat indices align samples but methods were timed sequentially; use independent-resample intervals
46,gaussian_process,4,bucketed,history,64,256,3,10,2.1977782174944878,1.9522965177893639,repeat indices align samples but methods were timed sequentially; use independent-resample intervals
46,gaussian_process,4,bucketed,history,64,256,3,11,2.028794787824154,1.939467892050743,repeat indices align samples but methods were timed sequentially; use independent-resample intervals
46,gaussian_process,4,bucketed,history,64,256,3,12,2.037611708045006,2.045720651745796,repeat indices align samples but methods were timed sequentially; use independent-resample intervals
46,gaussian_process,4,bucketed,history,64,256,3,13,1.9936500191688538,2.024714432656765,repeat indices align samples but methods were timed sequentially; use independent-resample intervals
46,gaussian_process,4,bucketed,history,64,256,3,14,2.013240672647953,1.965562529861927,repeat indices align samples but methods were timed sequentially; use independent-resample intervals
46,gaussian_process,4,bucketed,history,64,256,3,15,2.1568072959780693,2.0458547323942184,repeat indices align samples but methods were timed sequentially; use independent-resample intervals
46,gaussian_process,4,bucketed,history,64,256,3,16,2.011113293468952,1.9468334093689919,repeat indices align samples but methods were timed sequentially; use independent-resample intervals
46,gaussian_process,4,bucketed,history,64,256,3,17,2.0159746408462524,2.115272842347622,repeat indices align samples but methods were timed sequentially; use independent-resample intervals
46,gaussian_process,4,bucketed,history,64,256,3,18,2.0309038013219833,2.0583967491984367,repeat indices align samples but methods were timed sequentially; use independent-resample intervals
46,gaussian_process,4,bucketed,history,64,256,3,19,2.101977713406086,2.0525712072849274,repeat indices align samples but methods were timed sequentially; use independent-resample intervals
46,gaussian_process,4,bucketed,history,64,256,3,20,2.004339963197708,2.130306787788868,repeat indices align samples but methods were timed sequentially; use independent-resample intervals
46,gaussian_process,4,bucketed,history,64,256,3,21,2.117736741900444,1.9530873000621796,repeat indices align samples but methods were timed sequentially; use independent-resample intervals
46,gaussian_process,4,bucketed,history,64,256,3,22,2.0208418667316437,1.9655156806111336,repeat indices align samples but methods were timed sequentially; use independent-resample intervals
46,gaussian_process,4,bucketed,history,64,256,3,23,1.9775760546326637,1.9445967599749565,repeat indices align samples but methods were timed sequentially; use independent-resample intervals
46,gaussian_process,4,bucketed,history,64,256,3,24,2.0761493369936943,1.9351365491747856,repeat indices align samples but methods were timed sequentially; use independent-resample intervals
46,gaussian_process,4,bucketed,history,64,256,3,25,2.031723365187645,1.9148448258638382,repeat indices align samples but methods were timed sequentially; use independent-resample intervals
46,gaussian_process,4,bucketed,history,64,256,3,26,2.067487321794033,1.9181043952703476,repeat indices align samples but methods were timed sequentially; use independent-resample intervals
46,gaussian_process,4,bucketed,history,64,256,3,27,2.057133339345455,1.9714986607432365,repeat indices align samples but methods were timed sequentially; use independent-resample intervals
46,gaussian_process,4,bucketed,history,64,256,3,28,1.978179819881916,2.076616294682026,repeat indices align samples but methods were timed sequentially; use independent-resample intervals
46,gaussian_process,4,bucketed,history,64,256,3,29,1.9926492720842361,2.0767278745770454,repeat indices align samples but methods were timed sequentially; use independent-resample intervals
47,gaussian_process,4,bucketed,history,128,256,3,0,2.062600813806057,2.1350774988532066,repeat indices align samples but methods were timed sequentially; use independent-resample intervals
47,gaussian_process,4,bucketed,history,128,256,3,1,1.9700066670775414,2.0624696910381317,repeat indices align samples but methods were timed sequentially; use independent-resample intervals
47,gaussian_process,4,bucketed,history,128,256,3,2,2.004263460636139,2.1346581503748894,repeat indices align samples but methods were timed sequentially; use independent-resample intervals
47,gaussian_process,4,bucketed,history,128,256,3,3,2.0341108962893486,1.9132222533226013,repeat indices align samples but methods were timed sequentially; use independent-resample intervals
47,gaussian_process,4,bucketed,history,128,256,3,4,2.02081897854805,1.9854777082800865,repeat indices align samples but methods were timed sequentially; use independent-resample intervals
47,gaussian_process,4,bucketed,history,128,256,3,5,2.0139377042651176,2.0498623698949814,repeat indices align samples but methods were timed sequentially; use independent-resample intervals
47,gaussian_process,4,bucketed,history,128,256,3,6,2.011747218668461,1.9523417055606842,repeat indices align samples but methods were timed sequentially; use independent-resample intervals
47,gaussian_process,4,bucketed,history,128,256,3,7,1.920993871986866,1.9987835139036179,repeat indices align samples but methods were timed sequentially; use independent-resample intervals
47,gaussian_process,4,bucketed,history,128,256,3,8,1.9663608521223068,1.9347372949123383,repeat indices align samples but methods were timed sequentially; use independent-resample intervals
47,gaussian_process,4,bucketed,history,128,256,3,9,2.034125544130802,1.978939987719059,repeat indices align samples but methods were timed sequentially; use independent-resample intervals
47,gaussian_process,4,bucketed,history,128,256,3,10,2.0071194395422935,1.9522965177893639,repeat indices align samples but methods were timed sequentially; use independent-resample intervals
47,gaussian_process,4,bucketed,history,128,256,3,11,1.9533796459436417,1.939467892050743,repeat indices align samples but methods were timed sequentially; use independent-resample intervals
47,gaussian_process,4,bucketed,history,128,256,3,12,1.9671398848295212,2.045720651745796,repeat indices align samples but methods were timed sequentially; use independent-resample intervals
47,gaussian_process,4,bucketed,history,128,256,3,13,2.038819022476673,2.024714432656765,repeat indices align samples but methods were timed sequentially; use independent-resample intervals
47,gaussian_process,4,bucketed,history,128,256,3,14,1.9789262115955353,1.965562529861927,repeat indices align samples but methods were timed sequentially; use independent-resample intervals
47,gaussian_process,4,bucketed,history,128,256,3,15,1.9887003675103188,2.0458547323942184,repeat indices align samples but methods were timed sequentially; use independent-resample intervals
47,gaussian_process,4,bucketed,history,128,256,3,16,2.020479694008827,1.9468334093689919,repeat indices align samples but methods were timed sequentially; use independent-resample intervals
47,gaussian_process,4,bucketed,history,128,256,3,17,1.9865931421518326,2.115272842347622,repeat indices align samples but methods were timed sequentially; use independent-resample intervals
47,gaussian_process,4,bucketed,history,128,256,3,18,1.9986595213413239,2.0583967491984367,repeat indices align samples but methods were timed sequentially; use independent-resample intervals
47,gaussian_process,4,bucketed,history,128,256,3,19,2.0287863090634346,2.0525712072849274,repeat indices align samples but methods were timed sequentially; use independent-resample intervals
47,gaussian_process,4,bucketed,history,128,256,3,20,2.01246327906847,2.130306787788868,repeat indices align samples but methods were timed sequentially; use independent-resample intervals
47,gaussian_process,4,bucketed,history,128,256,3,21,2.091521367430687,1.9530873000621796,repeat indices align samples but methods were timed sequentially; use independent-resample intervals
47,gaussian_process,4,bucketed,history,128,256,3,22,2.045780599117279,1.9655156806111336,repeat indices align samples but methods were timed sequentially; use independent-resample intervals
47,gaussian_process,4,bucketed,history,128,256,3,23,2.0574343129992485,1.9445967599749565,repeat indices align samples but methods were timed sequentially; use independent-resample intervals
47,gaussian_process,4,bucketed,history,128,256,3,24,2.0757025629281998,1.9351365491747856,repeat indices align samples but methods were timed sequentially; use independent-resample intervals
47,gaussian_process,4,bucketed,history,128,256,3,25,1.9682034999132156,1.9148448258638382,repeat indices align samples but methods were timed sequentially; use independent-resample intervals
47,gaussian_process,4,bucketed,history,128,256,3,26,2.0009670183062553,1.9181043952703476,repeat indices align samples but methods were timed sequentially; use independent-resample intervals
47,gaussian_process,4,bucketed,history,128,256,3,27,1.9745453596115112,1.9714986607432365,repeat indices align samples but methods were timed sequentially; use independent-resample intervals
47,gaussian_process,4,bucketed,history,128,256,3,28,1.9804777204990387,2.076616294682026,repeat indices align samples but methods were timed sequentially; use independent-resample intervals
47,gaussian_process,4,bucketed,history,128,256,3,29,1.9994289427995682,2.0767278745770454,repeat indices align samples but methods were timed sequentially; use independent-resample intervals
48,gaussian_process,4,bucketed,last_depth,64,256,3,0,1.9692982882261276,2.1350774988532066,repeat indices align samples but methods were timed sequentially; use independent-resample intervals
48,gaussian_process,4,bucketed,last_depth,64,256,3,1,1.992409311234951,2.0624696910381317,repeat indices align samples but methods were timed sequentially; use independent-resample intervals
48,gaussian_process,4,bucketed,last_depth,64,256,3,2,1.9722345992922783,2.1346581503748894,repeat indices align samples but methods were timed sequentially; use independent-resample intervals
48,gaussian_process,4,bucketed,last_depth,64,256,3,3,1.9782399013638496,1.9132222533226013,repeat indices align samples but methods were timed sequentially; use independent-resample intervals
48,gaussian_process,4,bucketed,last_depth,64,256,3,4,1.9678974822163582,1.9854777082800865,repeat indices align samples but methods were timed sequentially; use independent-resample intervals
48,gaussian_process,4,bucketed,last_depth,64,256,3,5,1.9936599358916283,2.0498623698949814,repeat indices align samples but methods were timed sequentially; use independent-resample intervals
48,gaussian_process,4,bucketed,last_depth,64,256,3,6,2.0114684104919434,1.9523417055606842,repeat indices align samples but methods were timed sequentially; use independent-resample intervals
48,gaussian_process,4,bucketed,last_depth,64,256,3,7,1.9455450549721718,1.9987835139036179,repeat indices align samples but methods were timed sequentially; use independent-resample intervals
48,gaussian_process,4,bucketed,last_depth,64,256,3,8,2.0018733963370323,1.9347372949123383,repeat indices align samples but methods were timed sequentially; use independent-resample intervals
48,gaussian_process,4,bucketed,last_depth,64,256,3,9,1.9327147156000137,1.978939987719059,repeat indices align samples but methods were timed sequentially; use independent-resample intervals
48,gaussian_process,4,bucketed,last_depth,64,256,3,10,2.034942589700222,1.9522965177893639,repeat indices align samples but methods were timed sequentially; use independent-resample intervals
48,gaussian_process,4,bucketed,last_depth,64,256,3,11,2.0789225548505783,1.939467892050743,repeat indices align samples but methods were timed sequentially; use independent-resample intervals
48,gaussian_process,4,bucketed,last_depth,64,256,3,12,2.0169199109077454,2.045720651745796,repeat indices align samples but methods were timed sequentially; use independent-resample intervals
48,gaussian_process,4,bucketed,last_depth,64,256,3,13,2.0469108149409294,2.024714432656765,repeat indices align samples but methods were timed sequentially; use independent-resample intervals
48,gaussian_process,4,bucketed,last_depth,64,256,3,14,1.9867969751358032,1.965562529861927,repeat indices align samples but methods were timed sequentially; use independent-resample intervals
48,gaussian_process,4,bucketed,last_depth,64,256,3,15,2.026577800512314,2.0458547323942184,repeat indices align samples but methods were timed sequentially; use independent-resample intervals
48,gaussian_process,4,bucketed,last_depth,64,256,3,16,2.0123677998781204,1.9468334093689919,repeat indices align samples but methods were timed sequentially; use independent-resample intervals
48,gaussian_process,4,bucketed,last_depth,64,256,3,17,2.161037005484104,2.115272842347622,repeat indices align samples but methods were timed sequentially; use independent-resample intervals
48,gaussian_process,4,bucketed,last_depth,64,256,3,18,2.083416648209095,2.0583967491984367,repeat indices align samples but methods were timed sequentially; use independent-resample intervals
48,gaussian_process,4,bucketed,last_depth,64,256,3,19,2.236017532646656,2.0525712072849274,repeat indices align samples but methods were timed sequentially; use independent-resample intervals
48,gaussian_process,4,bucketed,last_depth,64,256,3,20,2.052109330892563,2.130306787788868,repeat indices align samples but methods were timed sequentially; use independent-resample intervals
48,gaussian_process,4,bucketed,last_depth,64,256,3,21,2.0972426310181618,1.9530873000621796,repeat indices align samples but methods were timed sequentially; use independent-resample intervals
48,gaussian_process,4,bucketed,last_depth,64,256,3,22,2.000418171286583,1.9655156806111336,repeat indices align samples but methods were timed sequentially; use independent-resample intervals
48,gaussian_process,4,bucketed,last_depth,64,256,3,23,1.9505113512277603,1.9445967599749565,repeat indices align samples but methods were timed sequentially; use independent-resample intervals
48,gaussian_process,4,bucketed,last_depth,64,256,3,24,1.9912584200501442,1.9351365491747856,repeat indices align samples but methods were timed sequentially; use independent-resample intervals
48,gaussian_process,4,bucketed,last_depth,64,256,3,25,1.9368940368294716,1.9148448258638382,repeat indices align samples but methods were timed sequentially; use independent-resample intervals
48,gaussian_process,4,bucketed,last_depth,64,256,3,26,2.0011497139930725,1.9181043952703476,repeat indices align samples but methods were timed sequentially; use independent-resample intervals
48,gaussian_process,4,bucketed,last_depth,64,256,3,27,1.9907663464546204,1.9714986607432365,repeat indices align samples but methods were timed sequentially; use independent-resample intervals
48,gaussian_process,4,bucketed,last_depth,64,256,3,28,2.0342172607779503,2.076616294682026,repeat indices align samples but methods were timed sequentially; use independent-resample intervals
48,gaussian_process,4,bucketed,last_depth,64,256,3,29,1.973740465939045,2.0767278745770454,repeat indices align samples but methods were timed sequentially; use independent-resample intervals
49,gaussian_process,4,bucketed,last_depth,128,256,3,0,2.0267663300037384,2.1350774988532066,repeat indices align samples but methods were timed sequentially; use independent-resample intervals
49,gaussian_process,4,bucketed,last_depth,128,256,3,1,2.0801864564418793,2.0624696910381317,repeat indices align samples but methods were timed sequentially; use independent-resample intervals
49,gaussian_process,4,bucketed,last_depth,128,256,3,2,2.103868529200554,2.1346581503748894,repeat indices align samples but methods were timed sequentially; use independent-resample intervals
49,gaussian_process,4,bucketed,last_depth,128,256,3,3,2.0920494496822357,1.9132222533226013,repeat indices align samples but methods were timed sequentially; use independent-resample intervals
49,gaussian_process,4,bucketed,last_depth,128,256,3,4,2.0565788447856903,1.9854777082800865,repeat indices align samples but methods were timed sequentially; use independent-resample intervals
49,gaussian_process,4,bucketed,last_depth,128,256,3,5,1.996602587401867,2.0498623698949814,repeat indices align samples but methods were timed sequentially; use independent-resample intervals
49,gaussian_process,4,bucketed,last_depth,128,256,3,6,2.004400499165058,1.9523417055606842,repeat indices align samples but methods were timed sequentially; use independent-resample intervals
49,gaussian_process,4,bucketed,last_depth,128,256,3,7,1.9846316576004028,1.9987835139036179,repeat indices align samples but methods were timed sequentially; use independent-resample intervals
49,gaussian_process,4,bucketed,last_depth,128,256,3,8,2.054030068218708,1.9347372949123383,repeat indices align samples but methods were timed sequentially; use independent-resample intervals
49,gaussian_process,4,bucketed,last_depth,128,256,3,9,2.0142644569277763,1.978939987719059,repeat indices align samples but methods were timed sequentially; use independent-resample intervals
49,gaussian_process,4,bucketed,last_depth,128,256,3,10,2.044785253703594,1.9522965177893639,repeat indices align samples but methods were timed sequentially; use independent-resample intervals
49,gaussian_process,4,bucketed,last_depth,128,256,3,11,2.0289794951677322,1.939467892050743,repeat indices align samples but methods were timed sequentially; use independent-resample intervals
49,gaussian_process,4,bucketed,last_depth,128,256,3,12,2.1043356880545616,2.045720651745796,repeat indices align samples but methods were timed sequentially; use independent-resample intervals
49,gaussian_process,4,bucketed,last_depth,128,256,3,13,2.0900439620018005,2.024714432656765,repeat indices align samples but methods were timed sequentially; use independent-resample intervals
49,gaussian_process,4,bucketed,last_depth,128,256,3,14,2.0981938168406487,1.965562529861927,repeat indices align samples but methods were timed sequentially; use independent-resample intervals
49,gaussian_process,4,bucketed,last_depth,128,256,3,15,2.0837065279483795,2.0458547323942184,repeat indices align samples but methods were timed sequentially; use independent-resample intervals
49,gaussian_process,4,bucketed,last_depth,128,256,3,16,1.9990056902170181,1.9468334093689919,repeat indices align samples but methods were timed sequentially; use independent-resample intervals
49,gaussian_process,4,bucketed,last_depth,128,256,3,17,1.9982149228453636,2.115272842347622,repeat indices align samples but methods were timed sequentially; use independent-resample intervals
49,gaussian_process,4,bucketed,last_depth,128,256,3,18,2.299410827457905,2.0583967491984367,repeat indices align samples but methods were timed sequentially; use independent-resample intervals
49,gaussian_process,4,bucketed,last_depth,128,256,3,19,2.0947563871741295,2.0525712072849274,repeat indices align samples but methods were timed sequentially; use independent-resample intervals
49,gaussian_process,4,bucketed,last_depth,128,256,3,20,2.086050920188427,2.130306787788868,repeat indices align samples but methods were timed sequentially; use independent-resample intervals
49,gaussian_process,4,bucketed,last_depth,128,256,3,21,2.1145412623882294,1.9530873000621796,repeat indices align samples but methods were timed sequentially; use independent-resample intervals
49,gaussian_process,4,bucketed,last_depth,128,256,3,22,2.070337198674679,1.9655156806111336,repeat indices align samples but methods were timed sequentially; use independent-resample intervals
49,gaussian_process,4,bucketed,last_depth,128,256,3,23,1.986839585006237,1.9445967599749565,repeat indices align samples but methods were timed sequentially; use independent-resample intervals
49,gaussian_process,4,bucketed,last_depth,128,256,3,24,1.9418761283159256,1.9351365491747856,repeat indices align samples but methods were timed sequentially; use independent-resample intervals
49,gaussian_process,4,bucketed,last_depth,128,256,3,25,2.0388114154338837,1.9148448258638382,repeat indices align samples but methods were timed sequentially; use independent-resample intervals
49,gaussian_process,4,bucketed,last_depth,128,256,3,26,1.9979866445064545,1.9181043952703476,repeat indices align samples but methods were timed sequentially; use independent-resample intervals
49,gaussian_process,4,bucketed,last_depth,128,256,3,27,1.982574425637722,1.9714986607432365,repeat indices align samples but methods were timed sequentially; use independent-resample intervals
49,gaussian_process,4,bucketed,last_depth,128,256,3,28,2.013857379555702,2.076616294682026,repeat indices align samples but methods were timed sequentially; use independent-resample intervals
49,gaussian_process,4,bucketed,last_depth,128,256,3,29,1.9692635089159012,2.0767278745770454,repeat indices align samples but methods were timed sequentially; use independent-resample intervals
50,gaussian_process,0,monolithic,monolithic,0,512,3,0,11.057066462934017,11.057066462934017,repeat indices align samples but methods were timed sequentially; use independent-resample intervals
50,gaussian_process,0,monolithic,monolithic,0,512,3,1,3.682529166340828,3.682529166340828,repeat indices align samples but methods were timed sequentially; use independent-resample intervals
50,gaussian_process,0,monolithic,monolithic,0,512,3,2,3.6656400859355927,3.6656400859355927,repeat indices align samples but methods were timed sequentially; use independent-resample intervals
50,gaussian_process,0,monolithic,monolithic,0,512,3,3,3.569880850613117,3.569880850613117,repeat indices align samples but methods were timed sequentially; use independent-resample intervals
50,gaussian_process,0,monolithic,monolithic,0,512,3,4,3.7177881002426147,3.7177881002426147,repeat indices align samples but methods were timed sequentially; use independent-resample intervals
50,gaussian_process,0,monolithic,monolithic,0,512,3,5,3.680725134909153,3.680725134909153,repeat indices align samples but methods were timed sequentially; use independent-resample intervals
50,gaussian_process,0,monolithic,monolithic,0,512,3,6,3.5411269292235374,3.5411269292235374,repeat indices align samples but methods were timed sequentially; use independent-resample intervals
50,gaussian_process,0,monolithic,monolithic,0,512,3,7,3.6531605646014214,3.6531605646014214,repeat indices align samples but methods were timed sequentially; use independent-resample intervals
50,gaussian_process,0,monolithic,monolithic,0,512,3,8,3.6956467032432556,3.6956467032432556,repeat indices align samples but methods were timed sequentially; use independent-resample intervals
50,gaussian_process,0,monolithic,monolithic,0,512,3,9,3.7184340581297874,3.7184340581297874,repeat indices align samples but methods were timed sequentially; use independent-resample intervals
50,gaussian_process,0,monolithic,monolithic,0,512,3,10,3.775923676788807,3.775923676788807,repeat indices align samples but methods were timed sequentially; use independent-resample intervals
50,gaussian_process,0,monolithic,monolithic,0,512,3,11,3.7162314504384995,3.7162314504384995,repeat indices align samples but methods were timed sequentially; use independent-resample intervals
50,gaussian_process,0,monolithic,monolithic,0,512,3,12,3.6017448380589485,3.6017448380589485,repeat indices align samples but methods were timed sequentially; use independent-resample intervals
50,gaussian_process,0,monolithic,monolithic,0,512,3,13,3.853482708334923,3.853482708334923,repeat indices align samples but methods were timed sequentially; use independent-resample intervals
50,gaussian_process,0,monolithic,monolithic,0,512,3,14,3.800897553563118,3.800897553563118,repeat indices align samples but methods were timed sequentially; use independent-resample intervals
50,gaussian_process,0,monolithic,monolithic,0,512,3,15,3.665816605091095,3.665816605091095,repeat indices align samples but methods were timed sequentially; use independent-resample intervals
50,gaussian_process,0,monolithic,monolithic,0,512,3,16,3.557776056230068,3.557776056230068,repeat indices align samples but methods were timed sequentially; use independent-resample intervals
50,gaussian_process,0,monolithic,monolithic,0,512,3,17,3.568305402994156,3.568305402994156,repeat indices align samples but methods were timed sequentially; use independent-resample intervals
50,gaussian_process,0,monolithic,monolithic,0,512,3,18,3.6716816499829292,3.6716816499829292,repeat indices align samples but methods were timed sequentially; use independent-resample intervals
50,gaussian_process,0,monolithic,monolithic,0,512,3,19,3.5226231664419174,3.5226231664419174,repeat indices align samples but methods were timed sequentially; use independent-resample intervals
50,gaussian_process,0,monolithic,monolithic,0,512,3,20,3.4649698436260223,3.4649698436260223,repeat indices align samples but methods were timed sequentially; use independent-resample intervals
50,gaussian_process,0,monolithic,monolithic,0,512,3,21,3.5289041697978973,3.5289041697978973,repeat indices align samples but methods were timed sequentially; use independent-resample intervals
50,gaussian_process,0,monolithic,monolithic,0,512,3,22,3.576810471713543,3.576810471713543,repeat indices align samples but methods were timed sequentially; use independent-resample intervals
50,gaussian_process,0,monolithic,monolithic,0,512,3,23,3.557357393205166,3.557357393205166,repeat indices align samples but methods were timed sequentially; use independent-resample intervals
50,gaussian_process,0,monolithic,monolithic,0,512,3,24,3.7225550413131714,3.7225550413131714,repeat indices align samples but methods were timed sequentially; use independent-resample intervals
50,gaussian_process,0,monolithic,monolithic,0,512,3,25,3.876779831945896,3.876779831945896,repeat indices align samples but methods were timed sequentially; use independent-resample intervals
50,gaussian_process,0,monolithic,monolithic,0,512,3,26,3.7578234151005745,3.7578234151005745,repeat indices align samples but methods were timed sequentially; use independent-resample intervals
50,gaussian_process,0,monolithic,monolithic,0,512,3,27,3.6512740701436996,3.6512740701436996,repeat indices align samples but methods were timed sequentially; use independent-resample intervals
50,gaussian_process,0,monolithic,monolithic,0,512,3,28,3.7026005908846855,3.7026005908846855,repeat indices align samples but methods were timed sequentially; use independent-resample intervals
50,gaussian_process,0,monolithic,monolithic,0,512,3,29,3.595072850584984,3.595072850584984,repeat indices align samples but methods were timed sequentially; use independent-resample intervals
51,gaussian_process,0,bucketed,history,64,512,3,0,7.3818535432219505,11.057066462934017,repeat indices align samples but methods were timed sequentially; use independent-resample intervals
51,gaussian_process,0,bucketed,history,64,512,3,1,3.699828051030636,3.682529166340828,repeat indices align samples but methods were timed sequentially; use independent-resample intervals
51,gaussian_process,0,bucketed,history,64,512,3,2,3.546008348464966,3.6656400859355927,repeat indices align samples but methods were timed sequentially; use independent-resample intervals
51,gaussian_process,0,bucketed,history,64,512,3,3,3.5781843662261963,3.569880850613117,repeat indices align samples but methods were timed sequentially; use independent-resample intervals
51,gaussian_process,0,bucketed,history,64,512,3,4,3.6605642586946487,3.7177881002426147,repeat indices align samples but methods were timed sequentially; use independent-resample intervals
51,gaussian_process,0,bucketed,history,64,512,3,5,3.7377431392669678,3.680725134909153,repeat indices align samples but methods were timed sequentially; use independent-resample intervals
51,gaussian_process,0,bucketed,history,64,512,3,6,3.874894753098488,3.5411269292235374,repeat indices align samples but methods were timed sequentially; use independent-resample intervals
51,gaussian_process,0,bucketed,history,64,512,3,7,3.8116228953003883,3.6531605646014214,repeat indices align samples but methods were timed sequentially; use independent-resample intervals
51,gaussian_process,0,bucketed,history,64,512,3,8,3.7915699928998947,3.6956467032432556,repeat indices align samples but methods were timed sequentially; use independent-resample intervals
51,gaussian_process,0,bucketed,history,64,512,3,9,3.8371288776397705,3.7184340581297874,repeat indices align samples but methods were timed sequentially; use independent-resample intervals
51,gaussian_process,0,bucketed,history,64,512,3,10,3.958061061799526,3.775923676788807,repeat indices align samples but methods were timed sequentially; use independent-resample intervals
51,gaussian_process,0,bucketed,history,64,512,3,11,3.653556674718857,3.7162314504384995,repeat indices align samples but methods were timed sequentially; use independent-resample intervals
51,gaussian_process,0,bucketed,history,64,512,3,12,3.7861571311950684,3.6017448380589485,repeat indices align samples but methods were timed sequentially; use independent-resample intervals
51,gaussian_process,0,bucketed,history,64,512,3,13,3.6311987936496735,3.853482708334923,repeat indices align samples but methods were timed sequentially; use independent-resample intervals
51,gaussian_process,0,bucketed,history,64,512,3,14,3.681534059345722,3.800897553563118,repeat indices align samples but methods were timed sequentially; use independent-resample intervals
51,gaussian_process,0,bucketed,history,64,512,3,15,3.657398357987404,3.665816605091095,repeat indices align samples but methods were timed sequentially; use independent-resample intervals
51,gaussian_process,0,bucketed,history,64,512,3,16,3.637706309556961,3.557776056230068,repeat indices align samples but methods were timed sequentially; use independent-resample intervals
51,gaussian_process,0,bucketed,history,64,512,3,17,3.676247760653496,3.568305402994156,repeat indices align samples but methods were timed sequentially; use independent-resample intervals
51,gaussian_process,0,bucketed,history,64,512,3,18,3.52226822078228,3.6716816499829292,repeat indices align samples but methods were timed sequentially; use independent-resample intervals
51,gaussian_process,0,bucketed,history,64,512,3,19,3.6152408197522163,3.5226231664419174,repeat indices align samples but methods were timed sequentially; use independent-resample intervals
51,gaussian_process,0,bucketed,history,64,512,3,20,3.851391062140465,3.4649698436260223,repeat indices align samples but methods were timed sequentially; use independent-resample intervals
51,gaussian_process,0,bucketed,history,64,512,3,21,3.91863314807415,3.5289041697978973,repeat indices align samples but methods were timed sequentially; use independent-resample intervals
51,gaussian_process,0,bucketed,history,64,512,3,22,3.8209668397903442,3.576810471713543,repeat indices align samples but methods were timed sequentially; use independent-resample intervals
51,gaussian_process,0,bucketed,history,64,512,3,23,3.8224806040525436,3.557357393205166,repeat indices align samples but methods were timed sequentially; use independent-resample intervals
51,gaussian_process,0,bucketed,history,64,512,3,24,4.828050181269646,3.7225550413131714,repeat indices align samples but methods were timed sequentially; use independent-resample intervals
51,gaussian_process,0,bucketed,history,64,512,3,25,6.378849186003208,3.876779831945896,repeat indices align samples but methods were timed sequentially; use independent-resample intervals
51,gaussian_process,0,bucketed,history,64,512,3,26,4.663479208946228,3.7578234151005745,repeat indices align samples but methods were timed sequentially; use independent-resample intervals
51,gaussian_process,0,bucketed,history,64,512,3,27,3.383534051477909,3.6512740701436996,repeat indices align samples but methods were timed sequentially; use independent-resample intervals
51,gaussian_process,0,bucketed,history,64,512,3,28,3.2875882610678673,3.7026005908846855,repeat indices align samples but methods were timed sequentially; use independent-resample intervals
51,gaussian_process,0,bucketed,history,64,512,3,29,3.3162639439105988,3.595072850584984,repeat indices align samples but methods were timed sequentially; use independent-resample intervals
52,gaussian_process,0,bucketed,history,128,512,3,0,6.520092353224754,11.057066462934017,repeat indices align samples but methods were timed sequentially; use independent-resample intervals
52,gaussian_process,0,bucketed,history,128,512,3,1,3.332305319607258,3.682529166340828,repeat indices align samples but methods were timed sequentially; use independent-resample intervals
52,gaussian_process,0,bucketed,history,128,512,3,2,3.526174485683441,3.6656400859355927,repeat indices align samples but methods were timed sequentially; use independent-resample intervals
52,gaussian_process,0,bucketed,history,128,512,3,3,3.8670961633324623,3.569880850613117,repeat indices align samples but methods were timed sequentially; use independent-resample intervals
52,gaussian_process,0,bucketed,history,128,512,3,4,3.88097233325243,3.7177881002426147,repeat indices align samples but methods were timed sequentially; use independent-resample intervals
52,gaussian_process,0,bucketed,history,128,512,3,5,4.008761182427406,3.680725134909153,repeat indices align samples but methods were timed sequentially; use independent-resample intervals
52,gaussian_process,0,bucketed,history,128,512,3,6,4.010977417230606,3.5411269292235374,repeat indices align samples but methods were timed sequentially; use independent-resample intervals
52,gaussian_process,0,bucketed,history,128,512,3,7,4.017788805067539,3.6531605646014214,repeat indices align samples but methods were timed sequentially; use independent-resample intervals
52,gaussian_process,0,bucketed,history,128,512,3,8,3.877183184027672,3.6956467032432556,repeat indices align samples but methods were timed sequentially; use independent-resample intervals
52,gaussian_process,0,bucketed,history,128,512,3,9,4.582903251051903,3.7184340581297874,repeat indices align samples but methods were timed sequentially; use independent-resample intervals
52,gaussian_process,0,bucketed,history,128,512,3,10,3.810300186276436,3.775923676788807,repeat indices align samples but methods were timed sequentially; use independent-resample intervals
52,gaussian_process,0,bucketed,history,128,512,3,11,3.666596904397011,3.7162314504384995,repeat indices align samples but methods were timed sequentially; use independent-resample intervals
52,gaussian_process,0,bucketed,history,128,512,3,12,3.7919120490550995,3.6017448380589485,repeat indices align samples but methods were timed sequentially; use independent-resample intervals
52,gaussian_process,0,bucketed,history,128,512,3,13,3.967736877501011,3.853482708334923,repeat indices align samples but methods were timed sequentially; use independent-resample intervals
52,gaussian_process,0,bucketed,history,128,512,3,14,3.853890039026737,3.800897553563118,repeat indices align samples but methods were timed sequentially; use independent-resample intervals
52,gaussian_process,0,bucketed,history,128,512,3,15,3.6943977773189545,3.665816605091095,repeat indices align samples but methods were timed sequentially; use independent-resample intervals
52,gaussian_process,0,bucketed,history,128,512,3,16,3.7137749940156937,3.557776056230068,repeat indices align samples but methods were timed sequentially; use independent-resample intervals
52,gaussian_process,0,bucketed,history,128,512,3,17,3.7477085813879967,3.568305402994156,repeat indices align samples but methods were timed sequentially; use independent-resample intervals
52,gaussian_process,0,bucketed,history,128,512,3,18,3.629175655543804,3.6716816499829292,repeat indices align samples but methods were timed sequentially; use independent-resample intervals
52,gaussian_process,0,bucketed,history,128,512,3,19,3.665458746254444,3.5226231664419174,repeat indices align samples but methods were timed sequentially; use independent-resample intervals
52,gaussian_process,0,bucketed,history,128,512,3,20,3.701897382736206,3.4649698436260223,repeat indices align samples but methods were timed sequentially; use independent-resample intervals
52,gaussian_process,0,bucketed,history,128,512,3,21,3.6243837028741837,3.5289041697978973,repeat indices align samples but methods were timed sequentially; use independent-resample intervals
52,gaussian_process,0,bucketed,history,128,512,3,22,3.689810611307621,3.576810471713543,repeat indices align samples but methods were timed sequentially; use independent-resample intervals
52,gaussian_process,0,bucketed,history,128,512,3,23,3.6182064339518547,3.557357393205166,repeat indices align samples but methods were timed sequentially; use independent-resample intervals
52,gaussian_process,0,bucketed,history,128,512,3,24,3.678209140896797,3.7225550413131714,repeat indices align samples but methods were timed sequentially; use independent-resample intervals
52,gaussian_process,0,bucketed,history,128,512,3,25,4.022851496934891,3.876779831945896,repeat indices align samples but methods were timed sequentially; use independent-resample intervals
52,gaussian_process,0,bucketed,history,128,512,3,26,3.580969162285328,3.7578234151005745,repeat indices align samples but methods were timed sequentially; use independent-resample intervals
52,gaussian_process,0,bucketed,history,128,512,3,27,3.6976036801934242,3.6512740701436996,repeat indices align samples but methods were timed sequentially; use independent-resample intervals
52,gaussian_process,0,bucketed,history,128,512,3,28,3.953147940337658,3.7026005908846855,repeat indices align samples but methods were timed sequentially; use independent-resample intervals
52,gaussian_process,0,bucketed,history,128,512,3,29,3.79874187707901,3.595072850584984,repeat indices align samples but methods were timed sequentially; use independent-resample intervals
53,gaussian_process,0,bucketed,last_depth,64,512,3,0,3.925301171839237,11.057066462934017,repeat indices align samples but methods were timed sequentially; use independent-resample intervals
53,gaussian_process,0,bucketed,last_depth,64,512,3,1,3.608718305826187,3.682529166340828,repeat indices align samples but methods were timed sequentially; use independent-resample intervals
53,gaussian_process,0,bucketed,last_depth,64,512,3,2,3.5544645860791206,3.6656400859355927,repeat indices align samples but methods were timed sequentially; use independent-resample intervals
53,gaussian_process,0,bucketed,last_depth,64,512,3,3,3.8261713460087776,3.569880850613117,repeat indices align samples but methods were timed sequentially; use independent-resample intervals
53,gaussian_process,0,bucketed,last_depth,64,512,3,4,3.7616733387112617,3.7177881002426147,repeat indices align samples but methods were timed sequentially; use independent-resample intervals
53,gaussian_process,0,bucketed,last_depth,64,512,3,5,3.7442851290106773,3.680725134909153,repeat indices align samples but methods were timed sequentially; use independent-resample intervals
53,gaussian_process,0,bucketed,last_depth,64,512,3,6,3.791130907833576,3.5411269292235374,repeat indices align samples but methods were timed sequentially; use independent-resample intervals
53,gaussian_process,0,bucketed,last_depth,64,512,3,7,3.9098151549696922,3.6531605646014214,repeat indices align samples but methods were timed sequentially; use independent-resample intervals
53,gaussian_process,0,bucketed,last_depth,64,512,3,8,3.8111020624637604,3.6956467032432556,repeat indices align samples but methods were timed sequentially; use independent-resample intervals
53,gaussian_process,0,bucketed,last_depth,64,512,3,9,3.992739960551262,3.7184340581297874,repeat indices align samples but methods were timed sequentially; use independent-resample intervals
53,gaussian_process,0,bucketed,last_depth,64,512,3,10,3.755245663225651,3.775923676788807,repeat indices align samples but methods were timed sequentially; use independent-resample intervals
53,gaussian_process,0,bucketed,last_depth,64,512,3,11,3.9262118861079216,3.7162314504384995,repeat indices align samples but methods were timed sequentially; use independent-resample intervals
53,gaussian_process,0,bucketed,last_depth,64,512,3,12,3.8758723735809326,3.6017448380589485,repeat indices align samples but methods were timed sequentially; use independent-resample intervals
53,gaussian_process,0,bucketed,last_depth,64,512,3,13,3.822927787899971,3.853482708334923,repeat indices align samples but methods were timed sequentially; use independent-resample intervals
53,gaussian_process,0,bucketed,last_depth,64,512,3,14,3.939529411494732,3.800897553563118,repeat indices align samples but methods were timed sequentially; use independent-resample intervals
53,gaussian_process,0,bucketed,last_depth,64,512,3,15,3.932000331580639,3.665816605091095,repeat indices align samples but methods were timed sequentially; use independent-resample intervals
53,gaussian_process,0,bucketed,last_depth,64,512,3,16,4.104797728359699,3.557776056230068,repeat indices align samples but methods were timed sequentially; use independent-resample intervals
53,gaussian_process,0,bucketed,last_depth,64,512,3,17,3.9700179174542427,3.568305402994156,repeat indices align samples but methods were timed sequentially; use independent-resample intervals
53,gaussian_process,0,bucketed,last_depth,64,512,3,18,3.8741086274385452,3.6716816499829292,repeat indices align samples but methods were timed sequentially; use independent-resample intervals
53,gaussian_process,0,bucketed,last_depth,64,512,3,19,3.884753294289112,3.5226231664419174,repeat indices align samples but methods were timed sequentially; use independent-resample intervals
53,gaussian_process,0,bucketed,last_depth,64,512,3,20,3.824479952454567,3.4649698436260223,repeat indices align samples but methods were timed sequentially; use independent-resample intervals
53,gaussian_process,0,bucketed,last_depth,64,512,3,21,3.961901232600212,3.5289041697978973,repeat indices align samples but methods were timed sequentially; use independent-resample intervals
53,gaussian_process,0,bucketed,last_depth,64,512,3,22,3.6982109993696213,3.576810471713543,repeat indices align samples but methods were timed sequentially; use independent-resample intervals
53,gaussian_process,0,bucketed,last_depth,64,512,3,23,3.6645198836922646,3.557357393205166,repeat indices align samples but methods were timed sequentially; use independent-resample intervals
53,gaussian_process,0,bucketed,last_depth,64,512,3,24,3.8068586960434914,3.7225550413131714,repeat indices align samples but methods were timed sequentially; use independent-resample intervals
53,gaussian_process,0,bucketed,last_depth,64,512,3,25,4.007036000490189,3.876779831945896,repeat indices align samples but methods were timed sequentially; use independent-resample intervals
53,gaussian_process,0,bucketed,last_depth,64,512,3,26,3.7932128608226776,3.7578234151005745,repeat indices align samples but methods were timed sequentially; use independent-resample intervals
53,gaussian_process,0,bucketed,last_depth,64,512,3,27,3.949920669198036,3.6512740701436996,repeat indices align samples but methods were timed sequentially; use independent-resample intervals
53,gaussian_process,0,bucketed,last_depth,64,512,3,28,3.628477282822132,3.7026005908846855,repeat indices align samples but methods were timed sequentially; use independent-resample intervals
53,gaussian_process,0,bucketed,last_depth,64,512,3,29,3.611420877277851,3.595072850584984,repeat indices align samples but methods were timed sequentially; use independent-resample intervals
54,gaussian_process,0,bucketed,last_depth,128,512,3,0,3.519980199635029,11.057066462934017,repeat indices align samples but methods were timed sequentially; use independent-resample intervals
54,gaussian_process,0,bucketed,last_depth,128,512,3,1,3.5160707756876945,3.682529166340828,repeat indices align samples but methods were timed sequentially; use independent-resample intervals
54,gaussian_process,0,bucketed,last_depth,128,512,3,2,3.6864521726965904,3.6656400859355927,repeat indices align samples but methods were timed sequentially; use independent-resample intervals
54,gaussian_process,0,bucketed,last_depth,128,512,3,3,3.5867647379636765,3.569880850613117,repeat indices align samples but methods were timed sequentially; use independent-resample intervals
54,gaussian_process,0,bucketed,last_depth,128,512,3,4,3.6067497357726097,3.7177881002426147,repeat indices align samples but methods were timed sequentially; use independent-resample intervals
54,gaussian_process,0,bucketed,last_depth,128,512,3,5,3.577677495777607,3.680725134909153,repeat indices align samples but methods were timed sequentially; use independent-resample intervals
54,gaussian_process,0,bucketed,last_depth,128,512,3,6,3.5632983446121216,3.5411269292235374,repeat indices align samples but methods were timed sequentially; use independent-resample intervals
54,gaussian_process,0,bucketed,last_depth,128,512,3,7,3.456400416791439,3.6531605646014214,repeat indices align samples but methods were timed sequentially; use independent-resample intervals
54,gaussian_process,0,bucketed,last_depth,128,512,3,8,3.5136082842946053,3.6956467032432556,repeat indices align samples but methods were timed sequentially; use independent-resample intervals
54,gaussian_process,0,bucketed,last_depth,128,512,3,9,3.5702289417386055,3.7184340581297874,repeat indices align samples but methods were timed sequentially; use independent-resample intervals
54,gaussian_process,0,bucketed,last_depth,128,512,3,10,3.5313455536961555,3.775923676788807,repeat indices align samples but methods were timed sequentially; use independent-resample intervals
54,gaussian_process,0,bucketed,last_depth,128,512,3,11,4.099398151040077,3.7162314504384995,repeat indices align samples but methods were timed sequentially; use independent-resample intervals
54,gaussian_process,0,bucketed,last_depth,128,512,3,12,6.242121770977974,3.6017448380589485,repeat indices align samples but methods were timed sequentially; use independent-resample intervals
54,gaussian_process,0,bucketed,last_depth,128,512,3,13,3.7718832045793533,3.853482708334923,repeat indices align samples but methods were timed sequentially; use independent-resample intervals
54,gaussian_process,0,bucketed,last_depth,128,512,3,14,3.3490456491708755,3.800897553563118,repeat indices align samples but methods were timed sequentially; use independent-resample intervals
54,gaussian_process,0,bucketed,last_depth,128,512,3,15,3.311356693506241,3.665816605091095,repeat indices align samples but methods were timed sequentially; use independent-resample intervals
54,gaussian_process,0,bucketed,last_depth,128,512,3,16,3.364365227520466,3.557776056230068,repeat indices align samples but methods were timed sequentially; use independent-resample intervals
54,gaussian_process,0,bucketed,last_depth,128,512,3,17,3.3403118923306465,3.568305402994156,repeat indices align samples but methods were timed sequentially; use independent-resample intervals
54,gaussian_process,0,bucketed,last_depth,128,512,3,18,3.401458792388439,3.6716816499829292,repeat indices align samples but methods were timed sequentially; use independent-resample intervals
54,gaussian_process,0,bucketed,last_depth,128,512,3,19,3.367381736636162,3.5226231664419174,repeat indices align samples but methods were timed sequentially; use independent-resample intervals
54,gaussian_process,0,bucketed,last_depth,128,512,3,20,3.369077682495117,3.4649698436260223,repeat indices align samples but methods were timed sequentially; use independent-resample intervals
54,gaussian_process,0,bucketed,last_depth,128,512,3,21,3.396667055785656,3.5289041697978973,repeat indices align samples but methods were timed sequentially; use independent-resample intervals
54,gaussian_process,0,bucketed,last_depth,128,512,3,22,3.418598383665085,3.576810471713543,repeat indices align samples but methods were timed sequentially; use independent-resample intervals
54,gaussian_process,0,bucketed,last_depth,128,512,3,23,3.319796435534954,3.557357393205166,repeat indices align samples but methods were timed sequentially; use independent-resample intervals
54,gaussian_process,0,bucketed,last_depth,128,512,3,24,3.431162938475609,3.7225550413131714,repeat indices align samples but methods were timed sequentially; use independent-resample intervals
54,gaussian_process,0,bucketed,last_depth,128,512,3,25,3.4826240465044975,3.876779831945896,repeat indices align samples but methods were timed sequentially; use independent-resample intervals
54,gaussian_process,0,bucketed,last_depth,128,512,3,26,3.479316368699074,3.7578234151005745,repeat indices align samples but methods were timed sequentially; use independent-resample intervals
54,gaussian_process,0,bucketed,last_depth,128,512,3,27,3.4459441527724266,3.6512740701436996,repeat indices align samples but methods were timed sequentially; use independent-resample intervals
54,gaussian_process,0,bucketed,last_depth,128,512,3,28,3.3625474721193314,3.7026005908846855,repeat indices align samples but methods were timed sequentially; use independent-resample intervals
54,gaussian_process,0,bucketed,last_depth,128,512,3,29,3.5400113984942436,3.595072850584984,repeat indices align samples but methods were timed sequentially; use independent-resample intervals
55,gaussian_process,1,monolithic,monolithic,0,512,3,0,3.919440895318985,3.919440895318985,repeat indices align samples but methods were timed sequentially; use independent-resample intervals
55,gaussian_process,1,monolithic,monolithic,0,512,3,1,3.646637685596943,3.646637685596943,repeat indices align samples but methods were timed sequentially; use independent-resample intervals
55,gaussian_process,1,monolithic,monolithic,0,512,3,2,3.6987049505114555,3.6987049505114555,repeat indices align samples but methods were timed sequentially; use independent-resample intervals
55,gaussian_process,1,monolithic,monolithic,0,512,3,3,3.8886399045586586,3.8886399045586586,repeat indices align samples but methods were timed sequentially; use independent-resample intervals
55,gaussian_process,1,monolithic,monolithic,0,512,3,4,3.9955589324235916,3.9955589324235916,repeat indices align samples but methods were timed sequentially; use independent-resample intervals
55,gaussian_process,1,monolithic,monolithic,0,512,3,5,3.8452196270227432,3.8452196270227432,repeat indices align samples but methods were timed sequentially; use independent-resample intervals
55,gaussian_process,1,monolithic,monolithic,0,512,3,6,3.8235388696193695,3.8235388696193695,repeat indices align samples but methods were timed sequentially; use independent-resample intervals
55,gaussian_process,1,monolithic,monolithic,0,512,3,7,3.9605179205536842,3.9605179205536842,repeat indices align samples but methods were timed sequentially; use independent-resample intervals
55,gaussian_process,1,monolithic,monolithic,0,512,3,8,3.9306791350245476,3.9306791350245476,repeat indices align samples but methods were timed sequentially; use independent-resample intervals
55,gaussian_process,1,monolithic,monolithic,0,512,3,9,4.209103122353554,4.209103122353554,repeat indices align samples but methods were timed sequentially; use independent-resample intervals
55,gaussian_process,1,monolithic,monolithic,0,512,3,10,4.651607468724251,4.651607468724251,repeat indices align samples but methods were timed sequentially; use independent-resample intervals
55,gaussian_process,1,monolithic,monolithic,0,512,3,11,4.073540188372135,4.073540188372135,repeat indices align samples but methods were timed sequentially; use independent-resample intervals
55,gaussian_process,1,monolithic,monolithic,0,512,3,12,4.0407257452607155,4.0407257452607155,repeat indices align samples but methods were timed sequentially; use independent-resample intervals
55,gaussian_process,1,monolithic,monolithic,0,512,3,13,3.966319128870964,3.966319128870964,repeat indices align samples but methods were timed sequentially; use independent-resample intervals
55,gaussian_process,1,monolithic,monolithic,0,512,3,14,3.991021804511547,3.991021804511547,repeat indices align samples but methods were timed sequentially; use independent-resample intervals
55,gaussian_process,1,monolithic,monolithic,0,512,3,15,4.057406917214394,4.057406917214394,repeat indices align samples but methods were timed sequentially; use independent-resample intervals
55,gaussian_process,1,monolithic,monolithic,0,512,3,16,4.007672034204006,4.007672034204006,repeat indices align samples but methods were timed sequentially; use independent-resample intervals
55,gaussian_process,1,monolithic,monolithic,0,512,3,17,4.035634890198708,4.035634890198708,repeat indices align samples but methods were timed sequentially; use independent-resample intervals
55,gaussian_process,1,monolithic,monolithic,0,512,3,18,3.8444924503564835,3.8444924503564835,repeat indices align samples but methods were timed sequentially; use independent-resample intervals
55,gaussian_process,1,monolithic,monolithic,0,512,3,19,3.878887817263603,3.878887817263603,repeat indices align samples but methods were timed sequentially; use independent-resample intervals
55,gaussian_process,1,monolithic,monolithic,0,512,3,20,3.917338043451309,3.917338043451309,repeat indices align samples but methods were timed sequentially; use independent-resample intervals
55,gaussian_process,1,monolithic,monolithic,0,512,3,21,4.01602978259325,4.01602978259325,repeat indices align samples but methods were timed sequentially; use independent-resample intervals
55,gaussian_process,1,monolithic,monolithic,0,512,3,22,4.0014311000704765,4.0014311000704765,repeat indices align samples but methods were timed sequentially; use independent-resample intervals
55,gaussian_process,1,monolithic,monolithic,0,512,3,23,4.322614461183548,4.322614461183548,repeat indices align samples but methods were timed sequentially; use independent-resample intervals
55,gaussian_process,1,monolithic,monolithic,0,512,3,24,4.15443180501461,4.15443180501461,repeat indices align samples but methods were timed sequentially; use independent-resample intervals
55,gaussian_process,1,monolithic,monolithic,0,512,3,25,3.917632818222046,3.917632818222046,repeat indices align samples but methods were timed sequentially; use independent-resample intervals
55,gaussian_process,1,monolithic,monolithic,0,512,3,26,3.788576692342758,3.788576692342758,repeat indices align samples but methods were timed sequentially; use independent-resample intervals
55,gaussian_process,1,monolithic,monolithic,0,512,3,27,3.9052350744605064,3.9052350744605064,repeat indices align samples but methods were timed sequentially; use independent-resample intervals
55,gaussian_process,1,monolithic,monolithic,0,512,3,28,3.8913794085383415,3.8913794085383415,repeat indices align samples but methods were timed sequentially; use independent-resample intervals
55,gaussian_process,1,monolithic,monolithic,0,512,3,29,3.8783259466290474,3.8783259466290474,repeat indices align samples but methods were timed sequentially; use independent-resample intervals
56,gaussian_process,1,bucketed,history,64,512,3,0,3.95853428542614,3.919440895318985,repeat indices align samples but methods were timed sequentially; use independent-resample intervals
56,gaussian_process,1,bucketed,history,64,512,3,1,3.9139066338539124,3.646637685596943,repeat indices align samples but methods were timed sequentially; use independent-resample intervals
56,gaussian_process,1,bucketed,history,64,512,3,2,3.766307309269905,3.6987049505114555,repeat indices align samples but methods were timed sequentially; use independent-resample intervals
56,gaussian_process,1,bucketed,history,64,512,3,3,3.746246263384819,3.8886399045586586,repeat indices align samples but methods were timed sequentially; use independent-resample intervals
56,gaussian_process,1,bucketed,history,64,512,3,4,3.7733155116438866,3.9955589324235916,repeat indices align samples but methods were timed sequentially; use independent-resample intervals
56,gaussian_process,1,bucketed,history,64,512,3,5,4.0807003155350685,3.8452196270227432,repeat indices align samples but methods were timed sequentially; use independent-resample intervals
56,gaussian_process,1,bucketed,history,64,512,3,6,4.896012492477894,3.8235388696193695,repeat indices align samples but methods were timed sequentially; use independent-resample intervals
56,gaussian_process,1,bucketed,history,64,512,3,7,4.982423879206181,3.9605179205536842,repeat indices align samples but methods were timed sequentially; use independent-resample intervals
56,gaussian_process,1,bucketed,history,64,512,3,8,4.169895440340042,3.9306791350245476,repeat indices align samples but methods were timed sequentially; use independent-resample intervals
56,gaussian_process,1,bucketed,history,64,512,3,9,3.7679487839341164,4.209103122353554,repeat indices align samples but methods were timed sequentially; use independent-resample intervals
56,gaussian_process,1,bucketed,history,64,512,3,10,3.7726312056183815,4.651607468724251,repeat indices align samples but methods were timed sequentially; use independent-resample intervals
56,gaussian_process,1,bucketed,history,64,512,3,11,3.8105051144957542,4.073540188372135,repeat indices align samples but methods were timed sequentially; use independent-resample intervals
56,gaussian_process,1,bucketed,history,64,512,3,12,3.7671328261494637,4.0407257452607155,repeat indices align samples but methods were timed sequentially; use independent-resample intervals
56,gaussian_process,1,bucketed,history,64,512,3,13,3.748883478343487,3.966319128870964,repeat indices align samples but methods were timed sequentially; use independent-resample intervals
56,gaussian_process,1,bucketed,history,64,512,3,14,3.8163870126008987,3.991021804511547,repeat indices align samples but methods were timed sequentially; use independent-resample intervals
56,gaussian_process,1,bucketed,history,64,512,3,15,3.8433004692196846,4.057406917214394,repeat indices align samples but methods were timed sequentially; use independent-resample intervals
56,gaussian_process,1,bucketed,history,64,512,3,16,3.7785579636693,4.007672034204006,repeat indices align samples but methods were timed sequentially; use independent-resample intervals
56,gaussian_process,1,bucketed,history,64,512,3,17,3.701271377503872,4.035634890198708,repeat indices align samples but methods were timed sequentially; use independent-resample intervals
56,gaussian_process,1,bucketed,history,64,512,3,18,3.840083196759224,3.8444924503564835,repeat indices align samples but methods were timed sequentially; use independent-resample intervals
56,gaussian_process,1,bucketed,history,64,512,3,19,3.688476875424385,3.878887817263603,repeat indices align samples but methods were timed sequentially; use independent-resample intervals
56,gaussian_process,1,bucketed,history,64,512,3,20,3.644292823970318,3.917338043451309,repeat indices align samples but methods were timed sequentially; use independent-resample intervals
56,gaussian_process,1,bucketed,history,64,512,3,21,3.761943019926548,4.01602978259325,repeat indices align samples but methods were timed sequentially; use independent-resample intervals
56,gaussian_process,1,bucketed,history,64,512,3,22,3.9535331800580025,4.0014311000704765,repeat indices align samples but methods were timed sequentially; use independent-resample intervals
56,gaussian_process,1,bucketed,history,64,512,3,23,3.7836949303746223,4.322614461183548,repeat indices align samples but methods were timed sequentially; use independent-resample intervals
56,gaussian_process,1,bucketed,history,64,512,3,24,3.6859489530324936,4.15443180501461,repeat indices align samples but methods were timed sequentially; use independent-resample intervals
56,gaussian_process,1,bucketed,history,64,512,3,25,3.751642018556595,3.917632818222046,repeat indices align samples but methods were timed sequentially; use independent-resample intervals
56,gaussian_process,1,bucketed,history,64,512,3,26,3.7680258601903915,3.788576692342758,repeat indices align samples but methods were timed sequentially; use independent-resample intervals
56,gaussian_process,1,bucketed,history,64,512,3,27,3.667524039745331,3.9052350744605064,repeat indices align samples but methods were timed sequentially; use independent-resample intervals
56,gaussian_process,1,bucketed,history,64,512,3,28,3.7746238335967064,3.8913794085383415,repeat indices align samples but methods were timed sequentially; use independent-resample intervals
56,gaussian_process,1,bucketed,history,64,512,3,29,3.7435703426599503,3.8783259466290474,repeat indices align samples but methods were timed sequentially; use independent-resample intervals
57,gaussian_process,1,bucketed,history,128,512,3,0,3.495105542242527,3.919440895318985,repeat indices align samples but methods were timed sequentially; use independent-resample intervals
57,gaussian_process,1,bucketed,history,128,512,3,1,3.7708324939012527,3.646637685596943,repeat indices align samples but methods were timed sequentially; use independent-resample intervals
57,gaussian_process,1,bucketed,history,128,512,3,2,3.974511668086052,3.6987049505114555,repeat indices align samples but methods were timed sequentially; use independent-resample intervals
57,gaussian_process,1,bucketed,history,128,512,3,3,3.9240550696849823,3.8886399045586586,repeat indices align samples but methods were timed sequentially; use independent-resample intervals
57,gaussian_process,1,bucketed,history,128,512,3,4,3.5325924158096313,3.9955589324235916,repeat indices align samples but methods were timed sequentially; use independent-resample intervals
57,gaussian_process,1,bucketed,history,128,512,3,5,3.6180562749505043,3.8452196270227432,repeat indices align samples but methods were timed sequentially; use independent-resample intervals
57,gaussian_process,1,bucketed,history,128,512,3,6,3.6462564766407013,3.8235388696193695,repeat indices align samples but methods were timed sequentially; use independent-resample intervals
57,gaussian_process,1,bucketed,history,128,512,3,7,3.6063504070043564,3.9605179205536842,repeat indices align samples but methods were timed sequentially; use independent-resample intervals
57,gaussian_process,1,bucketed,history,128,512,3,8,3.8264262601733208,3.9306791350245476,repeat indices align samples but methods were timed sequentially; use independent-resample intervals
57,gaussian_process,1,bucketed,history,128,512,3,9,3.7740585654973984,4.209103122353554,repeat indices align samples but methods were timed sequentially; use independent-resample intervals
57,gaussian_process,1,bucketed,history,128,512,3,10,3.7284772098064423,4.651607468724251,repeat indices align samples but methods were timed sequentially; use independent-resample intervals
57,gaussian_process,1,bucketed,history,128,512,3,11,3.7809807434678078,4.073540188372135,repeat indices align samples but methods were timed sequentially; use independent-resample intervals
57,gaussian_process,1,bucketed,history,128,512,3,12,3.8701287284493446,4.0407257452607155,repeat indices align samples but methods were timed sequentially; use independent-resample intervals
57,gaussian_process,1,bucketed,history,128,512,3,13,3.729126125574112,3.966319128870964,repeat indices align samples but methods were timed sequentially; use independent-resample intervals
57,gaussian_process,1,bucketed,history,128,512,3,14,3.9577222913503647,3.991021804511547,repeat indices align samples but methods were timed sequentially; use independent-resample intervals
57,gaussian_process,1,bucketed,history,128,512,3,15,3.6687858775258064,4.057406917214394,repeat indices align samples but methods were timed sequentially; use independent-resample intervals
57,gaussian_process,1,bucketed,history,128,512,3,16,3.6739120557904243,4.007672034204006,repeat indices align samples but methods were timed sequentially; use independent-resample intervals
57,gaussian_process,1,bucketed,history,128,512,3,17,3.995742902159691,4.035634890198708,repeat indices align samples but methods were timed sequentially; use independent-resample intervals
57,gaussian_process,1,bucketed,history,128,512,3,18,4.024962157011032,3.8444924503564835,repeat indices align samples but methods were timed sequentially; use independent-resample intervals
57,gaussian_process,1,bucketed,history,128,512,3,19,3.9223694801330566,3.878887817263603,repeat indices align samples but methods were timed sequentially; use independent-resample intervals
57,gaussian_process,1,bucketed,history,128,512,3,20,3.761811248958111,3.917338043451309,repeat indices align samples but methods were timed sequentially; use independent-resample intervals
57,gaussian_process,1,bucketed,history,128,512,3,21,3.7158710956573486,4.01602978259325,repeat indices align samples but methods were timed sequentially; use independent-resample intervals
57,gaussian_process,1,bucketed,history,128,512,3,22,3.7159087285399437,4.0014311000704765,repeat indices align samples but methods were timed sequentially; use independent-resample intervals
57,gaussian_process,1,bucketed,history,128,512,3,23,3.722614496946335,4.322614461183548,repeat indices align samples but methods were timed sequentially; use independent-resample intervals
57,gaussian_process,1,bucketed,history,128,512,3,24,3.8856746777892113,4.15443180501461,repeat indices align samples but methods were timed sequentially; use independent-resample intervals
57,gaussian_process,1,bucketed,history,128,512,3,25,4.022378616034985,3.917632818222046,repeat indices align samples but methods were timed sequentially; use independent-resample intervals
57,gaussian_process,1,bucketed,history,128,512,3,26,3.9147882014513016,3.788576692342758,repeat indices align samples but methods were timed sequentially; use independent-resample intervals
57,gaussian_process,1,bucketed,history,128,512,3,27,3.723616875708103,3.9052350744605064,repeat indices align samples but methods were timed sequentially; use independent-resample intervals
57,gaussian_process,1,bucketed,history,128,512,3,28,3.9346567019820213,3.8913794085383415,repeat indices align samples but methods were timed sequentially; use independent-resample intervals
57,gaussian_process,1,bucketed,history,128,512,3,29,3.9675054624676704,3.8783259466290474,repeat indices align samples but methods were timed sequentially; use independent-resample intervals
58,gaussian_process,1,bucketed,last_depth,64,512,3,0,3.8955631777644157,3.919440895318985,repeat indices align samples but methods were timed sequentially; use independent-resample intervals
58,gaussian_process,1,bucketed,last_depth,64,512,3,1,3.8254263773560524,3.646637685596943,repeat indices align samples but methods were timed sequentially; use independent-resample intervals
58,gaussian_process,1,bucketed,last_depth,64,512,3,2,3.916137143969536,3.6987049505114555,repeat indices align samples but methods were timed sequentially; use independent-resample intervals
58,gaussian_process,1,bucketed,last_depth,64,512,3,3,4.0959929302334785,3.8886399045586586,repeat indices align samples but methods were timed sequentially; use independent-resample intervals
58,gaussian_process,1,bucketed,last_depth,64,512,3,4,3.8284056559205055,3.9955589324235916,repeat indices align samples but methods were timed sequentially; use independent-resample intervals
58,gaussian_process,1,bucketed,last_depth,64,512,3,5,3.8182236552238464,3.8452196270227432,repeat indices align samples but methods were timed sequentially; use independent-resample intervals
58,gaussian_process,1,bucketed,last_depth,64,512,3,6,3.8193769976496696,3.8235388696193695,repeat indices align samples but methods were timed sequentially; use independent-resample intervals
58,gaussian_process,1,bucketed,last_depth,64,512,3,7,3.9262315556406975,3.9605179205536842,repeat indices align samples but methods were timed sequentially; use independent-resample intervals
58,gaussian_process,1,bucketed,last_depth,64,512,3,8,3.9829840287566185,3.9306791350245476,repeat indices align samples but methods were timed sequentially; use independent-resample intervals
58,gaussian_process,1,bucketed,last_depth,64,512,3,9,3.9011431857943535,4.209103122353554,repeat indices align samples but methods were timed sequentially; use independent-resample intervals
58,gaussian_process,1,bucketed,last_depth,64,512,3,10,4.031348645687103,4.651607468724251,repeat indices align samples but methods were timed sequentially; use independent-resample intervals
58,gaussian_process,1,bucketed,last_depth,64,512,3,11,3.8842963352799416,4.073540188372135,repeat indices align samples but methods were timed sequentially; use independent-resample intervals
58,gaussian_process,1,bucketed,last_depth,64,512,3,12,3.9476831927895546,4.0407257452607155,repeat indices align samples but methods were timed sequentially; use independent-resample intervals
58,gaussian_process,1,bucketed,last_depth,64,512,3,13,4.250224314630032,3.966319128870964,repeat indices align samples but methods were timed sequentially; use independent-resample intervals
58,gaussian_process,1,bucketed,last_depth,64,512,3,14,3.8633188158273697,3.991021804511547,repeat indices align samples but methods were timed sequentially; use independent-resample intervals
58,gaussian_process,1,bucketed,last_depth,64,512,3,15,5.106694296002388,4.057406917214394,repeat indices align samples but methods were timed sequentially; use independent-resample intervals
58,gaussian_process,1,bucketed,last_depth,64,512,3,16,5.348282225430012,4.007672034204006,repeat indices align samples but methods were timed sequentially; use independent-resample intervals
58,gaussian_process,1,bucketed,last_depth,64,512,3,17,4.991668313741684,4.035634890198708,repeat indices align samples but methods were timed sequentially; use independent-resample intervals
58,gaussian_process,1,bucketed,last_depth,64,512,3,18,4.208564147353172,3.8444924503564835,repeat indices align samples but methods were timed sequentially; use independent-resample intervals
58,gaussian_process,1,bucketed,last_depth,64,512,3,19,3.9790288880467415,3.878887817263603,repeat indices align samples but methods were timed sequentially; use independent-resample intervals
58,gaussian_process,1,bucketed,last_depth,64,512,3,20,3.982401669025421,3.917338043451309,repeat indices align samples but methods were timed sequentially; use independent-resample intervals
58,gaussian_process,1,bucketed,last_depth,64,512,3,21,3.8178546503186226,4.01602978259325,repeat indices align samples but methods were timed sequentially; use independent-resample intervals
58,gaussian_process,1,bucketed,last_depth,64,512,3,22,3.8557467833161354,4.0014311000704765,repeat indices align samples but methods were timed sequentially; use independent-resample intervals
58,gaussian_process,1,bucketed,last_depth,64,512,3,23,3.7172363325953484,4.322614461183548,repeat indices align samples but methods were timed sequentially; use independent-resample intervals
58,gaussian_process,1,bucketed,last_depth,64,512,3,24,3.8159901797771454,4.15443180501461,repeat indices align samples but methods were timed sequentially; use independent-resample intervals
58,gaussian_process,1,bucketed,last_depth,64,512,3,25,3.848600171506405,3.917632818222046,repeat indices align samples but methods were timed sequentially; use independent-resample intervals
58,gaussian_process,1,bucketed,last_depth,64,512,3,26,3.7553543150424957,3.788576692342758,repeat indices align samples but methods were timed sequentially; use independent-resample intervals
58,gaussian_process,1,bucketed,last_depth,64,512,3,27,3.7763393223285675,3.9052350744605064,repeat indices align samples but methods were timed sequentially; use independent-resample intervals
58,gaussian_process,1,bucketed,last_depth,64,512,3,28,3.80748975276947,3.8913794085383415,repeat indices align samples but methods were timed sequentially; use independent-resample intervals
58,gaussian_process,1,bucketed,last_depth,64,512,3,29,3.8088724836707115,3.8783259466290474,repeat indices align samples but methods were timed sequentially; use independent-resample intervals
59,gaussian_process,1,bucketed,last_depth,128,512,3,0,3.750995673239231,3.919440895318985,repeat indices align samples but methods were timed sequentially; use independent-resample intervals
59,gaussian_process,1,bucketed,last_depth,128,512,3,1,3.812130868434906,3.646637685596943,repeat indices align samples but methods were timed sequentially; use independent-resample intervals
59,gaussian_process,1,bucketed,last_depth,128,512,3,2,3.8634776771068573,3.6987049505114555,repeat indices align samples but methods were timed sequentially; use independent-resample intervals
59,gaussian_process,1,bucketed,last_depth,128,512,3,3,3.6582726687192917,3.8886399045586586,repeat indices align samples but methods were timed sequentially; use independent-resample intervals
59,gaussian_process,1,bucketed,last_depth,128,512,3,4,3.620667852461338,3.9955589324235916,repeat indices align samples but methods were timed sequentially; use independent-resample intervals
59,gaussian_process,1,bucketed,last_depth,128,512,3,5,5.4154234528541565,3.8452196270227432,repeat indices align samples but methods were timed sequentially; use independent-resample intervals
59,gaussian_process,1,bucketed,last_depth,128,512,3,6,3.7649182453751564,3.8235388696193695,repeat indices align samples but methods were timed sequentially; use independent-resample intervals
59,gaussian_process,1,bucketed,last_depth,128,512,3,7,3.697370171546936,3.9605179205536842,repeat indices align samples but methods were timed sequentially; use independent-resample intervals
59,gaussian_process,1,bucketed,last_depth,128,512,3,8,3.665582962334156,3.9306791350245476,repeat indices align samples but methods were timed sequentially; use independent-resample intervals
59,gaussian_process,1,bucketed,last_depth,128,512,3,9,3.6596783623099327,4.209103122353554,repeat indices align samples but methods were timed sequentially; use independent-resample intervals
59,gaussian_process,1,bucketed,last_depth,128,512,3,10,3.7507814690470695,4.651607468724251,repeat indices align samples but methods were timed sequentially; use independent-resample intervals
59,gaussian_process,1,bucketed,last_depth,128,512,3,11,3.6952998340129852,4.073540188372135,repeat indices align samples but methods were timed sequentially; use independent-resample intervals
59,gaussian_process,1,bucketed,last_depth,128,512,3,12,3.9209601879119873,4.0407257452607155,repeat indices align samples but methods were timed sequentially; use independent-resample intervals
59,gaussian_process,1,bucketed,last_depth,128,512,3,13,3.948229342699051,3.966319128870964,repeat indices align samples but methods were timed sequentially; use independent-resample intervals
59,gaussian_process,1,bucketed,last_depth,128,512,3,14,3.9779175594449043,3.991021804511547,repeat indices align samples but methods were timed sequentially; use independent-resample intervals
59,gaussian_process,1,bucketed,last_depth,128,512,3,15,3.805046431720257,4.057406917214394,repeat indices align samples but methods were timed sequentially; use independent-resample intervals
59,gaussian_process,1,bucketed,last_depth,128,512,3,16,3.754060961306095,4.007672034204006,repeat indices align samples but methods were timed sequentially; use independent-resample intervals
59,gaussian_process,1,bucketed,last_depth,128,512,3,17,3.7175295054912567,4.035634890198708,repeat indices align samples but methods were timed sequentially; use independent-resample intervals
59,gaussian_process,1,bucketed,last_depth,128,512,3,18,3.976448819041252,3.8444924503564835,repeat indices align samples but methods were timed sequentially; use independent-resample intervals
59,gaussian_process,1,bucketed,last_depth,128,512,3,19,4.49773646146059,3.878887817263603,repeat indices align samples but methods were timed sequentially; use independent-resample intervals
59,gaussian_process,1,bucketed,last_depth,128,512,3,20,3.7346009984612465,3.917338043451309,repeat indices align samples but methods were timed sequentially; use independent-resample intervals
59,gaussian_process,1,bucketed,last_depth,128,512,3,21,3.671878382563591,4.01602978259325,repeat indices align samples but methods were timed sequentially; use independent-resample intervals
59,gaussian_process,1,bucketed,last_depth,128,512,3,22,3.5904906764626503,4.0014311000704765,repeat indices align samples but methods were timed sequentially; use independent-resample intervals
59,gaussian_process,1,bucketed,last_depth,128,512,3,23,3.8204947784543037,4.322614461183548,repeat indices align samples but methods were timed sequentially; use independent-resample intervals
59,gaussian_process,1,bucketed,last_depth,128,512,3,24,3.6982078328728676,4.15443180501461,repeat indices align samples but methods were timed sequentially; use independent-resample intervals
59,gaussian_process,1,bucketed,last_depth,128,512,3,25,4.047749184072018,3.917632818222046,repeat indices align samples but methods were timed sequentially; use independent-resample intervals
59,gaussian_process,1,bucketed,last_depth,128,512,3,26,4.049294754862785,3.788576692342758,repeat indices align samples but methods were timed sequentially; use independent-resample intervals
59,gaussian_process,1,bucketed,last_depth,128,512,3,27,3.8369028568267822,3.9052350744605064,repeat indices align samples but methods were timed sequentially; use independent-resample intervals
59,gaussian_process,1,bucketed,last_depth,128,512,3,28,3.7854850813746452,3.8913794085383415,repeat indices align samples but methods were timed sequentially; use independent-resample intervals
59,gaussian_process,1,bucketed,last_depth,128,512,3,29,3.776487924158573,3.8783259466290474,repeat indices align samples but methods were timed sequentially; use independent-resample intervals
60,gaussian_process,2,monolithic,monolithic,0,512,3,0,3.9059178605675697,3.9059178605675697,repeat indices align samples but methods were timed sequentially; use independent-resample intervals
60,gaussian_process,2,monolithic,monolithic,0,512,3,1,3.8063302487134933,3.8063302487134933,repeat indices align samples but methods were timed sequentially; use independent-resample intervals
60,gaussian_process,2,monolithic,monolithic,0,512,3,2,3.868829905986786,3.868829905986786,repeat indices align samples but methods were timed sequentially; use independent-resample intervals
60,gaussian_process,2,monolithic,monolithic,0,512,3,3,4.056559473276138,4.056559473276138,repeat indices align samples but methods were timed sequentially; use independent-resample intervals
60,gaussian_process,2,monolithic,monolithic,0,512,3,4,4.326094850897789,4.326094850897789,repeat indices align samples but methods were timed sequentially; use independent-resample intervals
60,gaussian_process,2,monolithic,monolithic,0,512,3,5,3.972597286105156,3.972597286105156,repeat indices align samples but methods were timed sequentially; use independent-resample intervals
60,gaussian_process,2,monolithic,monolithic,0,512,3,6,4.652478128671646,4.652478128671646,repeat indices align samples but methods were timed sequentially; use independent-resample intervals
60,gaussian_process,2,monolithic,monolithic,0,512,3,7,4.474711187183857,4.474711187183857,repeat indices align samples but methods were timed sequentially; use independent-resample intervals
60,gaussian_process,2,monolithic,monolithic,0,512,3,8,4.747506231069565,4.747506231069565,repeat indices align samples but methods were timed sequentially; use independent-resample intervals
60,gaussian_process,2,monolithic,monolithic,0,512,3,9,4.776283748447895,4.776283748447895,repeat indices align samples but methods were timed sequentially; use independent-resample intervals
60,gaussian_process,2,monolithic,monolithic,0,512,3,10,4.677129954099655,4.677129954099655,repeat indices align samples but methods were timed sequentially; use independent-resample intervals
60,gaussian_process,2,monolithic,monolithic,0,512,3,11,4.477485001087189,4.477485001087189,repeat indices align samples but methods were timed sequentially; use independent-resample intervals
60,gaussian_process,2,monolithic,monolithic,0,512,3,12,3.8369558602571487,3.8369558602571487,repeat indices align samples but methods were timed sequentially; use independent-resample intervals
60,gaussian_process,2,monolithic,monolithic,0,512,3,13,4.164874613285065,4.164874613285065,repeat indices align samples but methods were timed sequentially; use independent-resample intervals
60,gaussian_process,2,monolithic,monolithic,0,512,3,14,4.57576958835125,4.57576958835125,repeat indices align samples but methods were timed sequentially; use independent-resample intervals
60,gaussian_process,2,monolithic,monolithic,0,512,3,15,5.459908537566662,5.459908537566662,repeat indices align samples but methods were timed sequentially; use independent-resample intervals
60,gaussian_process,2,monolithic,monolithic,0,512,3,16,5.331496350467205,5.331496350467205,repeat indices align samples but methods were timed sequentially; use independent-resample intervals
60,gaussian_process,2,monolithic,monolithic,0,512,3,17,5.465532667934895,5.465532667934895,repeat indices align samples but methods were timed sequentially; use independent-resample intervals
60,gaussian_process,2,monolithic,monolithic,0,512,3,18,3.901856943964958,3.901856943964958,repeat indices align samples but methods were timed sequentially; use independent-resample intervals
60,gaussian_process,2,monolithic,monolithic,0,512,3,19,3.5386577025055885,3.5386577025055885,repeat indices align samples but methods were timed sequentially; use independent-resample intervals
60,gaussian_process,2,monolithic,monolithic,0,512,3,20,3.586687870323658,3.586687870323658,repeat indices align samples but methods were timed sequentially; use independent-resample intervals
60,gaussian_process,2,monolithic,monolithic,0,512,3,21,3.565071627497673,3.565071627497673,repeat indices align samples but methods were timed sequentially; use independent-resample intervals
60,gaussian_process,2,monolithic,monolithic,0,512,3,22,3.5354067906737328,3.5354067906737328,repeat indices align samples but methods were timed sequentially; use independent-resample intervals
60,gaussian_process,2,monolithic,monolithic,0,512,3,23,4.381528303027153,4.381528303027153,repeat indices align samples but methods were timed sequentially; use independent-resample intervals
60,gaussian_process,2,monolithic,monolithic,0,512,3,24,3.8681660667061806,3.8681660667061806,repeat indices align samples but methods were timed sequentially; use independent-resample intervals
60,gaussian_process,2,monolithic,monolithic,0,512,3,25,4.074649907648563,4.074649907648563,repeat indices align samples but methods were timed sequentially; use independent-resample intervals
60,gaussian_process,2,monolithic,monolithic,0,512,3,26,3.808012142777443,3.808012142777443,repeat indices align samples but methods were timed sequentially; use independent-resample intervals
60,gaussian_process,2,monolithic,monolithic,0,512,3,27,3.9523511081933975,3.9523511081933975,repeat indices align samples but methods were timed sequentially; use independent-resample intervals
60,gaussian_process,2,monolithic,monolithic,0,512,3,28,4.021593354642391,4.021593354642391,repeat indices align samples but methods were timed sequentially; use independent-resample intervals
60,gaussian_process,2,monolithic,monolithic,0,512,3,29,3.795870266854763,3.795870266854763,repeat indices align samples but methods were timed sequentially; use independent-resample intervals
61,gaussian_process,2,bucketed,history,64,512,3,0,3.9212765619158745,3.9059178605675697,repeat indices align samples but methods were timed sequentially; use independent-resample intervals
61,gaussian_process,2,bucketed,history,64,512,3,1,4.114711321890354,3.8063302487134933,repeat indices align samples but methods were timed sequentially; use independent-resample intervals
61,gaussian_process,2,bucketed,history,64,512,3,2,4.110941208899021,3.868829905986786,repeat indices align samples but methods were timed sequentially; use independent-resample intervals
61,gaussian_process,2,bucketed,history,64,512,3,3,4.084118641912937,4.056559473276138,repeat indices align samples but methods were timed sequentially; use independent-resample intervals
61,gaussian_process,2,bucketed,history,64,512,3,4,3.965025909245014,4.326094850897789,repeat indices align samples but methods were timed sequentially; use independent-resample intervals
61,gaussian_process,2,bucketed,history,64,512,3,5,3.8556841537356377,3.972597286105156,repeat indices align samples but methods were timed sequentially; use independent-resample intervals
61,gaussian_process,2,bucketed,history,64,512,3,6,3.927383989095688,4.652478128671646,repeat indices align samples but methods were timed sequentially; use independent-resample intervals
61,gaussian_process,2,bucketed,history,64,512,3,7,3.9817875176668167,4.474711187183857,repeat indices align samples but methods were timed sequentially; use independent-resample intervals
61,gaussian_process,2,bucketed,history,64,512,3,8,3.872674785554409,4.747506231069565,repeat indices align samples but methods were timed sequentially; use independent-resample intervals
61,gaussian_process,2,bucketed,history,64,512,3,9,4.007830075919628,4.776283748447895,repeat indices align samples but methods were timed sequentially; use independent-resample intervals
61,gaussian_process,2,bucketed,history,64,512,3,10,3.8913830518722534,4.677129954099655,repeat indices align samples but methods were timed sequentially; use independent-resample intervals
61,gaussian_process,2,bucketed,history,64,512,3,11,4.0176752135157585,4.477485001087189,repeat indices align samples but methods were timed sequentially; use independent-resample intervals
61,gaussian_process,2,bucketed,history,64,512,3,12,4.089454486966133,3.8369558602571487,repeat indices align samples but methods were timed sequentially; use independent-resample intervals
61,gaussian_process,2,bucketed,history,64,512,3,13,4.224478401243687,4.164874613285065,repeat indices align samples but methods were timed sequentially; use independent-resample intervals
61,gaussian_process,2,bucketed,history,64,512,3,14,3.9379445239901543,4.57576958835125,repeat indices align samples but methods were timed sequentially; use independent-resample intervals
61,gaussian_process,2,bucketed,history,64,512,3,15,3.9331893250346184,5.459908537566662,repeat indices align samples but methods were timed sequentially; use independent-resample intervals
61,gaussian_process,2,bucketed,history,64,512,3,16,3.830566354095936,5.331496350467205,repeat indices align samples but methods were timed sequentially; use independent-resample intervals
61,gaussian_process,2,bucketed,history,64,512,3,17,3.9761047810316086,5.465532667934895,repeat indices align samples but methods were timed sequentially; use independent-resample intervals
61,gaussian_process,2,bucketed,history,64,512,3,18,3.879274658858776,3.901856943964958,repeat indices align samples but methods were timed sequentially; use independent-resample intervals
61,gaussian_process,2,bucketed,history,64,512,3,19,3.7053786367177963,3.5386577025055885,repeat indices align samples but methods were timed sequentially; use independent-resample intervals
61,gaussian_process,2,bucketed,history,64,512,3,20,3.7915885597467422,3.586687870323658,repeat indices align samples but methods were timed sequentially; use independent-resample intervals
61,gaussian_process,2,bucketed,history,64,512,3,21,3.8521483540534973,3.565071627497673,repeat indices align samples but methods were timed sequentially; use independent-resample intervals
61,gaussian_process,2,bucketed,history,64,512,3,22,3.9136557206511497,3.5354067906737328,repeat indices align samples but methods were timed sequentially; use independent-resample intervals
61,gaussian_process,2,bucketed,history,64,512,3,23,3.8499538972973824,4.381528303027153,repeat indices align samples but methods were timed sequentially; use independent-resample intervals
61,gaussian_process,2,bucketed,history,64,512,3,24,3.9562765061855316,3.8681660667061806,repeat indices align samples but methods were timed sequentially; use independent-resample intervals
61,gaussian_process,2,bucketed,history,64,512,3,25,4.057189144194126,4.074649907648563,repeat indices align samples but methods were timed sequentially; use independent-resample intervals
61,gaussian_process,2,bucketed,history,64,512,3,26,3.7591952458024025,3.808012142777443,repeat indices align samples but methods were timed sequentially; use independent-resample intervals
61,gaussian_process,2,bucketed,history,64,512,3,27,3.8645313009619713,3.9523511081933975,repeat indices align samples but methods were timed sequentially; use independent-resample intervals
61,gaussian_process,2,bucketed,history,64,512,3,28,3.8659415245056152,4.021593354642391,repeat indices align samples but methods were timed sequentially; use independent-resample intervals
61,gaussian_process,2,bucketed,history,64,512,3,29,3.950196087360382,3.795870266854763,repeat indices align samples but methods were timed sequentially; use independent-resample intervals
62,gaussian_process,2,bucketed,history,128,512,3,0,3.7952471300959587,3.9059178605675697,repeat indices align samples but methods were timed sequentially; use independent-resample intervals
62,gaussian_process,2,bucketed,history,128,512,3,1,3.7729284688830376,3.8063302487134933,repeat indices align samples but methods were timed sequentially; use independent-resample intervals
62,gaussian_process,2,bucketed,history,128,512,3,2,4.115215204656124,3.868829905986786,repeat indices align samples but methods were timed sequentially; use independent-resample intervals
62,gaussian_process,2,bucketed,history,128,512,3,3,3.8492003977298737,4.056559473276138,repeat indices align samples but methods were timed sequentially; use independent-resample intervals
62,gaussian_process,2,bucketed,history,128,512,3,4,4.0779096484184265,4.326094850897789,repeat indices align samples but methods were timed sequentially; use independent-resample intervals
62,gaussian_process,2,bucketed,history,128,512,3,5,3.7912910878658295,3.972597286105156,repeat indices align samples but methods were timed sequentially; use independent-resample intervals
62,gaussian_process,2,bucketed,history,128,512,3,6,3.9260642379522324,4.652478128671646,repeat indices align samples but methods were timed sequentially; use independent-resample intervals
62,gaussian_process,2,bucketed,history,128,512,3,7,3.9270606264472008,4.474711187183857,repeat indices align samples but methods were timed sequentially; use independent-resample intervals
62,gaussian_process,2,bucketed,history,128,512,3,8,3.924535594880581,4.747506231069565,repeat indices align samples but methods were timed sequentially; use independent-resample intervals
62,gaussian_process,2,bucketed,history,128,512,3,9,4.458472765982151,4.776283748447895,repeat indices align samples but methods were timed sequentially; use independent-resample intervals
62,gaussian_process,2,bucketed,history,128,512,3,10,5.503743849694729,4.677129954099655,repeat indices align samples but methods were timed sequentially; use independent-resample intervals
62,gaussian_process,2,bucketed,history,128,512,3,11,5.1863438338041306,4.477485001087189,repeat indices align samples but methods were timed sequentially; use independent-resample intervals
62,gaussian_process,2,bucketed,history,128,512,3,12,3.9058205485343933,3.8369558602571487,repeat indices align samples but methods were timed sequentially; use independent-resample intervals
62,gaussian_process,2,bucketed,history,128,512,3,13,4.02222066372633,4.164874613285065,repeat indices align samples but methods were timed sequentially; use independent-resample intervals
62,gaussian_process,2,bucketed,history,128,512,3,14,3.9946814253926277,4.57576958835125,repeat indices align samples but methods were timed sequentially; use independent-resample intervals
62,gaussian_process,2,bucketed,history,128,512,3,15,3.958034172654152,5.459908537566662,repeat indices align samples but methods were timed sequentially; use independent-resample intervals
62,gaussian_process,2,bucketed,history,128,512,3,16,4.03196569532156,5.331496350467205,repeat indices align samples but methods were timed sequentially; use independent-resample intervals
62,gaussian_process,2,bucketed,history,128,512,3,17,5.596111550927162,5.465532667934895,repeat indices align samples but methods were timed sequentially; use independent-resample intervals
62,gaussian_process,2,bucketed,history,128,512,3,18,5.281198747456074,3.901856943964958,repeat indices align samples but methods were timed sequentially; use independent-resample intervals
62,gaussian_process,2,bucketed,history,128,512,3,19,4.169338874518871,3.5386577025055885,repeat indices align samples but methods were timed sequentially; use independent-resample intervals
62,gaussian_process,2,bucketed,history,128,512,3,20,3.5655946880578995,3.586687870323658,repeat indices align samples but methods were timed sequentially; use independent-resample intervals
62,gaussian_process,2,bucketed,history,128,512,3,21,3.7012375369668007,3.565071627497673,repeat indices align samples but methods were timed sequentially; use independent-resample intervals
62,gaussian_process,2,bucketed,history,128,512,3,22,3.7915955632925034,3.5354067906737328,repeat indices align samples but methods were timed sequentially; use independent-resample intervals
62,gaussian_process,2,bucketed,history,128,512,3,23,3.7951949760317802,4.381528303027153,repeat indices align samples but methods were timed sequentially; use independent-resample intervals
62,gaussian_process,2,bucketed,history,128,512,3,24,3.8603666350245476,3.8681660667061806,repeat indices align samples but methods were timed sequentially; use independent-resample intervals
62,gaussian_process,2,bucketed,history,128,512,3,25,3.8341859951615334,4.074649907648563,repeat indices align samples but methods were timed sequentially; use independent-resample intervals
62,gaussian_process,2,bucketed,history,128,512,3,26,3.8436748012900352,3.808012142777443,repeat indices align samples but methods were timed sequentially; use independent-resample intervals
62,gaussian_process,2,bucketed,history,128,512,3,27,3.9124029129743576,3.9523511081933975,repeat indices align samples but methods were timed sequentially; use independent-resample intervals
62,gaussian_process,2,bucketed,history,128,512,3,28,3.8715709894895554,4.021593354642391,repeat indices align samples but methods were timed sequentially; use independent-resample intervals
62,gaussian_process,2,bucketed,history,128,512,3,29,3.908959999680519,3.795870266854763,repeat indices align samples but methods were timed sequentially; use independent-resample intervals
63,gaussian_process,2,bucketed,last_depth,64,512,3,0,4.428353779017925,3.9059178605675697,repeat indices align samples but methods were timed sequentially; use independent-resample intervals
63,gaussian_process,2,bucketed,last_depth,64,512,3,1,5.033995293080807,3.8063302487134933,repeat indices align samples but methods were timed sequentially; use independent-resample intervals
63,gaussian_process,2,bucketed,last_depth,64,512,3,2,4.486000739037991,3.868829905986786,repeat indices align samples but methods were timed sequentially; use independent-resample intervals
63,gaussian_process,2,bucketed,last_depth,64,512,3,3,4.084443010389805,4.056559473276138,repeat indices align samples but methods were timed sequentially; use independent-resample intervals
63,gaussian_process,2,bucketed,last_depth,64,512,3,4,3.958461306989193,4.326094850897789,repeat indices align samples but methods were timed sequentially; use independent-resample intervals
63,gaussian_process,2,bucketed,last_depth,64,512,3,5,3.8393792286515236,3.972597286105156,repeat indices align samples but methods were timed sequentially; use independent-resample intervals
63,gaussian_process,2,bucketed,last_depth,64,512,3,6,4.040168724954128,4.652478128671646,repeat indices align samples but methods were timed sequentially; use independent-resample intervals
63,gaussian_process,2,bucketed,last_depth,64,512,3,7,4.055244982242584,4.474711187183857,repeat indices align samples but methods were timed sequentially; use independent-resample intervals
63,gaussian_process,2,bucketed,last_depth,64,512,3,8,3.8248447105288506,4.747506231069565,repeat indices align samples but methods were timed sequentially; use independent-resample intervals
63,gaussian_process,2,bucketed,last_depth,64,512,3,9,3.7023269534111023,4.776283748447895,repeat indices align samples but methods were timed sequentially; use independent-resample intervals
63,gaussian_process,2,bucketed,last_depth,64,512,3,10,3.6453090012073517,4.677129954099655,repeat indices align samples but methods were timed sequentially; use independent-resample intervals
63,gaussian_process,2,bucketed,last_depth,64,512,3,11,3.679091788828373,4.477485001087189,repeat indices align samples but methods were timed sequentially; use independent-resample intervals
63,gaussian_process,2,bucketed,last_depth,64,512,3,12,3.708511933684349,3.8369558602571487,repeat indices align samples but methods were timed sequentially; use independent-resample intervals
63,gaussian_process,2,bucketed,last_depth,64,512,3,13,3.664947710931301,4.164874613285065,repeat indices align samples but methods were timed sequentially; use independent-resample intervals
63,gaussian_process,2,bucketed,last_depth,64,512,3,14,3.710608996450901,4.57576958835125,repeat indices align samples but methods were timed sequentially; use independent-resample intervals
63,gaussian_process,2,bucketed,last_depth,64,512,3,15,3.6969530433416367,5.459908537566662,repeat indices align samples but methods were timed sequentially; use independent-resample intervals
63,gaussian_process,2,bucketed,last_depth,64,512,3,16,3.709979698061943,5.331496350467205,repeat indices align samples but methods were timed sequentially; use independent-resample intervals
63,gaussian_process,2,bucketed,last_depth,64,512,3,17,3.642895460128784,5.465532667934895,repeat indices align samples but methods were timed sequentially; use independent-resample intervals
63,gaussian_process,2,bucketed,last_depth,64,512,3,18,3.6658866852521896,3.901856943964958,repeat indices align samples but methods were timed sequentially; use independent-resample intervals
63,gaussian_process,2,bucketed,last_depth,64,512,3,19,3.722724325954914,3.5386577025055885,repeat indices align samples but methods were timed sequentially; use independent-resample intervals
63,gaussian_process,2,bucketed,last_depth,64,512,3,20,3.707974351942539,3.586687870323658,repeat indices align samples but methods were timed sequentially; use independent-resample intervals
63,gaussian_process,2,bucketed,last_depth,64,512,3,21,3.562662109732628,3.565071627497673,repeat indices align samples but methods were timed sequentially; use independent-resample intervals
63,gaussian_process,2,bucketed,last_depth,64,512,3,22,3.66127597540617,3.5354067906737328,repeat indices align samples but methods were timed sequentially; use independent-resample intervals
63,gaussian_process,2,bucketed,last_depth,64,512,3,23,3.669859878718853,4.381528303027153,repeat indices align samples but methods were timed sequentially; use independent-resample intervals
63,gaussian_process,2,bucketed,last_depth,64,512,3,24,3.6351855248212814,3.8681660667061806,repeat indices align samples but methods were timed sequentially; use independent-resample intervals
63,gaussian_process,2,bucketed,last_depth,64,512,3,25,3.6689282953739166,4.074649907648563,repeat indices align samples but methods were timed sequentially; use independent-resample intervals
63,gaussian_process,2,bucketed,last_depth,64,512,3,26,3.7588442265987396,3.808012142777443,repeat indices align samples but methods were timed sequentially; use independent-resample intervals
63,gaussian_process,2,bucketed,last_depth,64,512,3,27,3.7182139232754707,3.9523511081933975,repeat indices align samples but methods were timed sequentially; use independent-resample intervals
63,gaussian_process,2,bucketed,last_depth,64,512,3,28,3.6137018725275993,4.021593354642391,repeat indices align samples but methods were timed sequentially; use independent-resample intervals
63,gaussian_process,2,bucketed,last_depth,64,512,3,29,3.5830609053373337,3.795870266854763,repeat indices align samples but methods were timed sequentially; use independent-resample intervals
64,gaussian_process,2,bucketed,last_depth,128,512,3,0,3.4407828599214554,3.9059178605675697,repeat indices align samples but methods were timed sequentially; use independent-resample intervals
64,gaussian_process,2,bucketed,last_depth,128,512,3,1,3.748136982321739,3.8063302487134933,repeat indices align samples but methods were timed sequentially; use independent-resample intervals
64,gaussian_process,2,bucketed,last_depth,128,512,3,2,3.6100219041109085,3.868829905986786,repeat indices align samples but methods were timed sequentially; use independent-resample intervals
64,gaussian_process,2,bucketed,last_depth,128,512,3,3,3.8099401965737343,4.056559473276138,repeat indices align samples but methods were timed sequentially; use independent-resample intervals
64,gaussian_process,2,bucketed,last_depth,128,512,3,4,3.4949789866805077,4.326094850897789,repeat indices align samples but methods were timed sequentially; use independent-resample intervals
64,gaussian_process,2,bucketed,last_depth,128,512,3,5,3.474434047937393,3.972597286105156,repeat indices align samples but methods were timed sequentially; use independent-resample intervals
64,gaussian_process,2,bucketed,last_depth,128,512,3,6,3.5409562587738037,4.652478128671646,repeat indices align samples but methods were timed sequentially; use independent-resample intervals
64,gaussian_process,2,bucketed,last_depth,128,512,3,7,3.904878795146942,4.474711187183857,repeat indices align samples but methods were timed sequentially; use independent-resample intervals
64,gaussian_process,2,bucketed,last_depth,128,512,3,8,3.9614566415548325,4.747506231069565,repeat indices align samples but methods were timed sequentially; use independent-resample intervals
64,gaussian_process,2,bucketed,last_depth,128,512,3,9,4.044662758708,4.776283748447895,repeat indices align samples but methods were timed sequentially; use independent-resample intervals
64,gaussian_process,2,bucketed,last_depth,128,512,3,10,4.8940525352954865,4.677129954099655,repeat indices align samples but methods were timed sequentially; use independent-resample intervals
64,gaussian_process,2,bucketed,last_depth,128,512,3,11,5.713909938931465,4.477485001087189,repeat indices align samples but methods were timed sequentially; use independent-resample intervals
64,gaussian_process,2,bucketed,last_depth,128,512,3,12,4.403543919324875,3.8369558602571487,repeat indices align samples but methods were timed sequentially; use independent-resample intervals
64,gaussian_process,2,bucketed,last_depth,128,512,3,13,3.6527221128344536,4.164874613285065,repeat indices align samples but methods were timed sequentially; use independent-resample intervals
64,gaussian_process,2,bucketed,last_depth,128,512,3,14,3.680567093193531,4.57576958835125,repeat indices align samples but methods were timed sequentially; use independent-resample intervals
64,gaussian_process,2,bucketed,last_depth,128,512,3,15,3.594017803668976,5.459908537566662,repeat indices align samples but methods were timed sequentially; use independent-resample intervals
64,gaussian_process,2,bucketed,last_depth,128,512,3,16,3.6057738438248634,5.331496350467205,repeat indices align samples but methods were timed sequentially; use independent-resample intervals
64,gaussian_process,2,bucketed,last_depth,128,512,3,17,3.7369941100478172,5.465532667934895,repeat indices align samples but methods were timed sequentially; use independent-resample intervals
64,gaussian_process,2,bucketed,last_depth,128,512,3,18,3.804762080311775,3.901856943964958,repeat indices align samples but methods were timed sequentially; use independent-resample intervals
64,gaussian_process,2,bucketed,last_depth,128,512,3,19,3.564450815320015,3.5386577025055885,repeat indices align samples but methods were timed sequentially; use independent-resample intervals
64,gaussian_process,2,bucketed,last_depth,128,512,3,20,3.503004774451256,3.586687870323658,repeat indices align samples but methods were timed sequentially; use independent-resample intervals
64,gaussian_process,2,bucketed,last_depth,128,512,3,21,3.5116526186466217,3.565071627497673,repeat indices align samples but methods were timed sequentially; use independent-resample intervals
64,gaussian_process,2,bucketed,last_depth,128,512,3,22,3.5166050791740417,3.5354067906737328,repeat indices align samples but methods were timed sequentially; use independent-resample intervals
64,gaussian_process,2,bucketed,last_depth,128,512,3,23,3.488188073039055,4.381528303027153,repeat indices align samples but methods were timed sequentially; use independent-resample intervals
64,gaussian_process,2,bucketed,last_depth,128,512,3,24,3.4820935279130936,3.8681660667061806,repeat indices align samples but methods were timed sequentially; use independent-resample intervals
64,gaussian_process,2,bucketed,last_depth,128,512,3,25,3.481535717844963,4.074649907648563,repeat indices align samples but methods were timed sequentially; use independent-resample intervals
64,gaussian_process,2,bucketed,last_depth,128,512,3,26,3.63193167001009,3.808012142777443,repeat indices align samples but methods were timed sequentially; use independent-resample intervals
64,gaussian_process,2,bucketed,last_depth,128,512,3,27,3.4455606639385223,3.9523511081933975,repeat indices align samples but methods were timed sequentially; use independent-resample intervals
64,gaussian_process,2,bucketed,last_depth,128,512,3,28,3.5038330480456352,4.021593354642391,repeat indices align samples but methods were timed sequentially; use independent-resample intervals
64,gaussian_process,2,bucketed,last_depth,128,512,3,29,3.5237755551934242,3.795870266854763,repeat indices align samples but methods were timed sequentially; use independent-resample intervals
65,gaussian_process,3,monolithic,monolithic,0,512,3,0,3.7433498054742813,3.7433498054742813,repeat indices align samples but methods were timed sequentially; use independent-resample intervals
65,gaussian_process,3,monolithic,monolithic,0,512,3,1,3.7688621804118156,3.7688621804118156,repeat indices align samples but methods were timed sequentially; use independent-resample intervals
65,gaussian_process,3,monolithic,monolithic,0,512,3,2,3.7414060533046722,3.7414060533046722,repeat indices align samples but methods were timed sequentially; use independent-resample intervals
65,gaussian_process,3,monolithic,monolithic,0,512,3,3,3.952871195971966,3.952871195971966,repeat indices align samples but methods were timed sequentially; use independent-resample intervals
65,gaussian_process,3,monolithic,monolithic,0,512,3,4,4.243078775703907,4.243078775703907,repeat indices align samples but methods were timed sequentially; use independent-resample intervals
65,gaussian_process,3,monolithic,monolithic,0,512,3,5,3.752895765006542,3.752895765006542,repeat indices align samples but methods were timed sequentially; use independent-resample intervals
65,gaussian_process,3,monolithic,monolithic,0,512,3,6,3.631734162569046,3.631734162569046,repeat indices align samples but methods were timed sequentially; use independent-resample intervals
65,gaussian_process,3,monolithic,monolithic,0,512,3,7,3.7349846437573433,3.7349846437573433,repeat indices align samples but methods were timed sequentially; use independent-resample intervals
65,gaussian_process,3,monolithic,monolithic,0,512,3,8,3.72254778444767,3.72254778444767,repeat indices align samples but methods were timed sequentially; use independent-resample intervals
65,gaussian_process,3,monolithic,monolithic,0,512,3,9,3.651598781347275,3.651598781347275,repeat indices align samples but methods were timed sequentially; use independent-resample intervals
65,gaussian_process,3,monolithic,monolithic,0,512,3,10,3.6614013016223907,3.6614013016223907,repeat indices align samples but methods were timed sequentially; use independent-resample intervals
65,gaussian_process,3,monolithic,monolithic,0,512,3,11,3.6316093131899834,3.6316093131899834,repeat indices align samples but methods were timed sequentially; use independent-resample intervals
65,gaussian_process,3,monolithic,monolithic,0,512,3,12,3.650083675980568,3.650083675980568,repeat indices align samples but methods were timed sequentially; use independent-resample intervals
65,gaussian_process,3,monolithic,monolithic,0,512,3,13,3.6284505501389503,3.6284505501389503,repeat indices align samples but methods were timed sequentially; use independent-resample intervals
65,gaussian_process,3,monolithic,monolithic,0,512,3,14,3.5792971029877663,3.5792971029877663,repeat indices align samples but methods were timed sequentially; use independent-resample intervals
65,gaussian_process,3,monolithic,monolithic,0,512,3,15,3.5830494835972786,3.5830494835972786,repeat indices align samples but methods were timed sequentially; use independent-resample intervals
65,gaussian_process,3,monolithic,monolithic,0,512,3,16,3.587168164551258,3.587168164551258,repeat indices align samples but methods were timed sequentially; use independent-resample intervals
65,gaussian_process,3,monolithic,monolithic,0,512,3,17,3.6236766800284386,3.6236766800284386,repeat indices align samples but methods were timed sequentially; use independent-resample intervals
65,gaussian_process,3,monolithic,monolithic,0,512,3,18,3.6904037222266197,3.6904037222266197,repeat indices align samples but methods were timed sequentially; use independent-resample intervals
65,gaussian_process,3,monolithic,monolithic,0,512,3,19,3.6713541448116302,3.6713541448116302,repeat indices align samples but methods were timed sequentially; use independent-resample intervals
65,gaussian_process,3,monolithic,monolithic,0,512,3,20,3.6653565242886543,3.6653565242886543,repeat indices align samples but methods were timed sequentially; use independent-resample intervals
65,gaussian_process,3,monolithic,monolithic,0,512,3,21,3.7612385526299477,3.7612385526299477,repeat indices align samples but methods were timed sequentially; use independent-resample intervals
65,gaussian_process,3,monolithic,monolithic,0,512,3,22,3.6008835658431053,3.6008835658431053,repeat indices align samples but methods were timed sequentially; use independent-resample intervals
65,gaussian_process,3,monolithic,monolithic,0,512,3,23,3.663225181400776,3.663225181400776,repeat indices align samples but methods were timed sequentially; use independent-resample intervals
65,gaussian_process,3,monolithic,monolithic,0,512,3,24,3.7269174680113792,3.7269174680113792,repeat indices align samples but methods were timed sequentially; use independent-resample intervals
65,gaussian_process,3,monolithic,monolithic,0,512,3,25,3.678124777972698,3.678124777972698,repeat indices align samples but methods were timed sequentially; use independent-resample intervals
65,gaussian_process,3,monolithic,monolithic,0,512,3,26,3.66000122576952,3.66000122576952,repeat indices align samples but methods were timed sequentially; use independent-resample intervals
65,gaussian_process,3,monolithic,monolithic,0,512,3,27,3.642507143318653,3.642507143318653,repeat indices align samples but methods were timed sequentially; use independent-resample intervals
65,gaussian_process,3,monolithic,monolithic,0,512,3,28,3.584043174982071,3.584043174982071,repeat indices align samples but methods were timed sequentially; use independent-resample intervals
65,gaussian_process,3,monolithic,monolithic,0,512,3,29,3.7265526950359344,3.7265526950359344,repeat indices align samples but methods were timed sequentially; use independent-resample intervals
66,gaussian_process,3,bucketed,history,64,512,3,0,3.3596825301647186,3.7433498054742813,repeat indices align samples but methods were timed sequentially; use independent-resample intervals
66,gaussian_process,3,bucketed,history,64,512,3,1,3.4489382207393646,3.7688621804118156,repeat indices align samples but methods were timed sequentially; use independent-resample intervals
66,gaussian_process,3,bucketed,history,64,512,3,2,3.4353698268532753,3.7414060533046722,repeat indices align samples but methods were timed sequentially; use independent-resample intervals
66,gaussian_process,3,bucketed,history,64,512,3,3,3.3421159237623215,3.952871195971966,repeat indices align samples but methods were timed sequentially; use independent-resample intervals
66,gaussian_process,3,bucketed,history,64,512,3,4,3.3882748261094093,4.243078775703907,repeat indices align samples but methods were timed sequentially; use independent-resample intervals
66,gaussian_process,3,bucketed,history,64,512,3,5,3.2867737486958504,3.752895765006542,repeat indices align samples but methods were timed sequentially; use independent-resample intervals
66,gaussian_process,3,bucketed,history,64,512,3,6,3.334127329289913,3.631734162569046,repeat indices align samples but methods were timed sequentially; use independent-resample intervals
66,gaussian_process,3,bucketed,history,64,512,3,7,3.4442928582429886,3.7349846437573433,repeat indices align samples but methods were timed sequentially; use independent-resample intervals
66,gaussian_process,3,bucketed,history,64,512,3,8,3.932226151227951,3.72254778444767,repeat indices align samples but methods were timed sequentially; use independent-resample intervals
66,gaussian_process,3,bucketed,history,64,512,3,9,3.345451444387436,3.651598781347275,repeat indices align samples but methods were timed sequentially; use independent-resample intervals
66,gaussian_process,3,bucketed,history,64,512,3,10,3.331365540623665,3.6614013016223907,repeat indices align samples but methods were timed sequentially; use independent-resample intervals
66,gaussian_process,3,bucketed,history,64,512,3,11,3.4116669818758965,3.6316093131899834,repeat indices align samples but methods were timed sequentially; use independent-resample intervals
66,gaussian_process,3,bucketed,history,64,512,3,12,3.4364543110132217,3.650083675980568,repeat indices align samples but methods were timed sequentially; use independent-resample intervals
66,gaussian_process,3,bucketed,history,64,512,3,13,3.298643745481968,3.6284505501389503,repeat indices align samples but methods were timed sequentially; use independent-resample intervals
66,gaussian_process,3,bucketed,history,64,512,3,14,3.3425956815481186,3.5792971029877663,repeat indices align samples but methods were timed sequentially; use independent-resample intervals
66,gaussian_process,3,bucketed,history,64,512,3,15,3.311276391148567,3.5830494835972786,repeat indices align samples but methods were timed sequentially; use independent-resample intervals
66,gaussian_process,3,bucketed,history,64,512,3,16,3.3505711928009987,3.587168164551258,repeat indices align samples but methods were timed sequentially; use independent-resample intervals
66,gaussian_process,3,bucketed,history,64,512,3,17,3.3210403248667717,3.6236766800284386,repeat indices align samples but methods were timed sequentially; use independent-resample intervals
66,gaussian_process,3,bucketed,history,64,512,3,18,3.364482544362545,3.6904037222266197,repeat indices align samples but methods were timed sequentially; use independent-resample intervals
66,gaussian_process,3,bucketed,history,64,512,3,19,3.3555025085806847,3.6713541448116302,repeat indices align samples but methods were timed sequentially; use independent-resample intervals
66,gaussian_process,3,bucketed,history,64,512,3,20,3.386905536055565,3.6653565242886543,repeat indices align samples but methods were timed sequentially; use independent-resample intervals
66,gaussian_process,3,bucketed,history,64,512,3,21,3.522035375237465,3.7612385526299477,repeat indices align samples but methods were timed sequentially; use independent-resample intervals
66,gaussian_process,3,bucketed,history,64,512,3,22,3.496644042432308,3.6008835658431053,repeat indices align samples but methods were timed sequentially; use independent-resample intervals
66,gaussian_process,3,bucketed,history,64,512,3,23,3.4248214662075043,3.663225181400776,repeat indices align samples but methods were timed sequentially; use independent-resample intervals
66,gaussian_process,3,bucketed,history,64,512,3,24,3.363509774208069,3.7269174680113792,repeat indices align samples but methods were timed sequentially; use independent-resample intervals
66,gaussian_process,3,bucketed,history,64,512,3,25,3.416437529027462,3.678124777972698,repeat indices align samples but methods were timed sequentially; use independent-resample intervals
66,gaussian_process,3,bucketed,history,64,512,3,26,3.3826858550310135,3.66000122576952,repeat indices align samples but methods were timed sequentially; use independent-resample intervals
66,gaussian_process,3,bucketed,history,64,512,3,27,3.404719464480877,3.642507143318653,repeat indices align samples but methods were timed sequentially; use independent-resample intervals
66,gaussian_process,3,bucketed,history,64,512,3,28,3.4386358112096786,3.584043174982071,repeat indices align samples but methods were timed sequentially; use independent-resample intervals
66,gaussian_process,3,bucketed,history,64,512,3,29,3.3177756518125534,3.7265526950359344,repeat indices align samples but methods were timed sequentially; use independent-resample intervals
67,gaussian_process,3,bucketed,history,128,512,3,0,3.435078702867031,3.7433498054742813,repeat indices align samples but methods were timed sequentially; use independent-resample intervals
67,gaussian_process,3,bucketed,history,128,512,3,1,3.324035882949829,3.7688621804118156,repeat indices align samples but methods were timed sequentially; use independent-resample intervals
67,gaussian_process,3,bucketed,history,128,512,3,2,3.4021562710404396,3.7414060533046722,repeat indices align samples but methods were timed sequentially; use independent-resample intervals
67,gaussian_process,3,bucketed,history,128,512,3,3,3.313735954463482,3.952871195971966,repeat indices align samples but methods were timed sequentially; use independent-resample intervals
67,gaussian_process,3,bucketed,history,128,512,3,4,3.313918851315975,4.243078775703907,repeat indices align samples but methods were timed sequentially; use independent-resample intervals
67,gaussian_process,3,bucketed,history,128,512,3,5,3.3153116106987,3.752895765006542,repeat indices align samples but methods were timed sequentially; use independent-resample intervals
67,gaussian_process,3,bucketed,history,128,512,3,6,3.3125842437148094,3.631734162569046,repeat indices align samples but methods were timed sequentially; use independent-resample intervals
67,gaussian_process,3,bucketed,history,128,512,3,7,3.317562982439995,3.7349846437573433,repeat indices align samples but methods were timed sequentially; use independent-resample intervals
67,gaussian_process,3,bucketed,history,128,512,3,8,3.2838855758309364,3.72254778444767,repeat indices align samples but methods were timed sequentially; use independent-resample intervals
67,gaussian_process,3,bucketed,history,128,512,3,9,3.3431735187768936,3.651598781347275,repeat indices align samples but methods were timed sequentially; use independent-resample intervals
67,gaussian_process,3,bucketed,history,128,512,3,10,3.3445346355438232,3.6614013016223907,repeat indices align samples but methods were timed sequentially; use independent-resample intervals
67,gaussian_process,3,bucketed,history,128,512,3,11,3.354592852294445,3.6316093131899834,repeat indices align samples but methods were timed sequentially; use independent-resample intervals
67,gaussian_process,3,bucketed,history,128,512,3,12,3.366485081613064,3.650083675980568,repeat indices align samples but methods were timed sequentially; use independent-resample intervals
67,gaussian_process,3,bucketed,history,128,512,3,13,3.6864303275942802,3.6284505501389503,repeat indices align samples but methods were timed sequentially; use independent-resample intervals
67,gaussian_process,3,bucketed,history,128,512,3,14,3.362718887627125,3.5792971029877663,repeat indices align samples but methods were timed sequentially; use independent-resample intervals
67,gaussian_process,3,bucketed,history,128,512,3,15,3.3257250115275383,3.5830494835972786,repeat indices align samples but methods were timed sequentially; use independent-resample intervals
67,gaussian_process,3,bucketed,history,128,512,3,16,3.4232856705784798,3.587168164551258,repeat indices align samples but methods were timed sequentially; use independent-resample intervals
67,gaussian_process,3,bucketed,history,128,512,3,17,3.512023016810417,3.6236766800284386,repeat indices align samples but methods were timed sequentially; use independent-resample intervals
67,gaussian_process,3,bucketed,history,128,512,3,18,3.441735476255417,3.6904037222266197,repeat indices align samples but methods were timed sequentially; use independent-resample intervals
67,gaussian_process,3,bucketed,history,128,512,3,19,3.4090316370129585,3.6713541448116302,repeat indices align samples but methods were timed sequentially; use independent-resample intervals
67,gaussian_process,3,bucketed,history,128,512,3,20,3.325401656329632,3.6653565242886543,repeat indices align samples but methods were timed sequentially; use independent-resample intervals
67,gaussian_process,3,bucketed,history,128,512,3,21,3.334554672241211,3.7612385526299477,repeat indices align samples but methods were timed sequentially; use independent-resample intervals
67,gaussian_process,3,bucketed,history,128,512,3,22,3.4686025381088257,3.6008835658431053,repeat indices align samples but methods were timed sequentially; use independent-resample intervals
67,gaussian_process,3,bucketed,history,128,512,3,23,3.3836083114147186,3.663225181400776,repeat indices align samples but methods were timed sequentially; use independent-resample intervals
67,gaussian_process,3,bucketed,history,128,512,3,24,3.376862220466137,3.7269174680113792,repeat indices align samples but methods were timed sequentially; use independent-resample intervals
67,gaussian_process,3,bucketed,history,128,512,3,25,3.37827555090189,3.678124777972698,repeat indices align samples but methods were timed sequentially; use independent-resample intervals
67,gaussian_process,3,bucketed,history,128,512,3,26,3.4156815633177757,3.66000122576952,repeat indices align samples but methods were timed sequentially; use independent-resample intervals
67,gaussian_process,3,bucketed,history,128,512,3,27,3.3297752514481544,3.642507143318653,repeat indices align samples but methods were timed sequentially; use independent-resample intervals
67,gaussian_process,3,bucketed,history,128,512,3,28,3.345564380288124,3.584043174982071,repeat indices align samples but methods were timed sequentially; use independent-resample intervals
67,gaussian_process,3,bucketed,history,128,512,3,29,3.5507024973630905,3.7265526950359344,repeat indices align samples but methods were timed sequentially; use independent-resample intervals
68,gaussian_process,3,bucketed,last_depth,64,512,3,0,3.4598757177591324,3.7433498054742813,repeat indices align samples but methods were timed sequentially; use independent-resample intervals
68,gaussian_process,3,bucketed,last_depth,64,512,3,1,3.5720313787460327,3.7688621804118156,repeat indices align samples but methods were timed sequentially; use independent-resample intervals
68,gaussian_process,3,bucketed,last_depth,64,512,3,2,3.398596413433552,3.7414060533046722,repeat indices align samples but methods were timed sequentially; use independent-resample intervals
68,gaussian_process,3,bucketed,last_depth,64,512,3,3,3.333471566438675,3.952871195971966,repeat indices align samples but methods were timed sequentially; use independent-resample intervals
68,gaussian_process,3,bucketed,last_depth,64,512,3,4,3.344618760049343,4.243078775703907,repeat indices align samples but methods were timed sequentially; use independent-resample intervals
68,gaussian_process,3,bucketed,last_depth,64,512,3,5,3.4656862914562225,3.752895765006542,repeat indices align samples but methods were timed sequentially; use independent-resample intervals
68,gaussian_process,3,bucketed,last_depth,64,512,3,6,3.40751101821661,3.631734162569046,repeat indices align samples but methods were timed sequentially; use independent-resample intervals
68,gaussian_process,3,bucketed,last_depth,64,512,3,7,3.3623193353414536,3.7349846437573433,repeat indices align samples but methods were timed sequentially; use independent-resample intervals
68,gaussian_process,3,bucketed,last_depth,64,512,3,8,3.3245637267827988,3.72254778444767,repeat indices align samples but methods were timed sequentially; use independent-resample intervals
68,gaussian_process,3,bucketed,last_depth,64,512,3,9,3.354334644973278,3.651598781347275,repeat indices align samples but methods were timed sequentially; use independent-resample intervals
68,gaussian_process,3,bucketed,last_depth,64,512,3,10,3.2824302166700363,3.6614013016223907,repeat indices align samples but methods were timed sequentially; use independent-resample intervals
68,gaussian_process,3,bucketed,last_depth,64,512,3,11,3.274261675775051,3.6316093131899834,repeat indices align samples but methods were timed sequentially; use independent-resample intervals
68,gaussian_process,3,bucketed,last_depth,64,512,3,12,3.308265708386898,3.650083675980568,repeat indices align samples but methods were timed sequentially; use independent-resample intervals
68,gaussian_process,3,bucketed,last_depth,64,512,3,13,3.2645848765969276,3.6284505501389503,repeat indices align samples but methods were timed sequentially; use independent-resample intervals
68,gaussian_process,3,bucketed,last_depth,64,512,3,14,3.305884599685669,3.5792971029877663,repeat indices align samples but methods were timed sequentially; use independent-resample intervals
68,gaussian_process,3,bucketed,last_depth,64,512,3,15,3.2979001104831696,3.5830494835972786,repeat indices align samples but methods were timed sequentially; use independent-resample intervals
68,gaussian_process,3,bucketed,last_depth,64,512,3,16,3.3271192833781242,3.587168164551258,repeat indices align samples but methods were timed sequentially; use independent-resample intervals
68,gaussian_process,3,bucketed,last_depth,64,512,3,17,3.2802221179008484,3.6236766800284386,repeat indices align samples but methods were timed sequentially; use independent-resample intervals
68,gaussian_process,3,bucketed,last_depth,64,512,3,18,3.3798610493540764,3.6904037222266197,repeat indices align samples but methods were timed sequentially; use independent-resample intervals
68,gaussian_process,3,bucketed,last_depth,64,512,3,19,3.4928383827209473,3.6713541448116302,repeat indices align samples but methods were timed sequentially; use independent-resample intervals
68,gaussian_process,3,bucketed,last_depth,64,512,3,20,3.331739440560341,3.6653565242886543,repeat indices align samples but methods were timed sequentially; use independent-resample intervals
68,gaussian_process,3,bucketed,last_depth,64,512,3,21,3.4854827597737312,3.7612385526299477,repeat indices align samples but methods were timed sequentially; use independent-resample intervals
68,gaussian_process,3,bucketed,last_depth,64,512,3,22,3.3146989196538925,3.6008835658431053,repeat indices align samples but methods were timed sequentially; use independent-resample intervals
68,gaussian_process,3,bucketed,last_depth,64,512,3,23,3.3274788558483124,3.663225181400776,repeat indices align samples but methods were timed sequentially; use independent-resample intervals
68,gaussian_process,3,bucketed,last_depth,64,512,3,24,3.281046986579895,3.7269174680113792,repeat indices align samples but methods were timed sequentially; use independent-resample intervals
68,gaussian_process,3,bucketed,last_depth,64,512,3,25,3.25234791636467,3.678124777972698,repeat indices align samples but methods were timed sequentially; use independent-resample intervals
68,gaussian_process,3,bucketed,last_depth,64,512,3,26,3.3243718668818474,3.66000122576952,repeat indices align samples but methods were timed sequentially; use independent-resample intervals
68,gaussian_process,3,bucketed,last_depth,64,512,3,27,3.298357605934143,3.642507143318653,repeat indices align samples but methods were timed sequentially; use independent-resample intervals
68,gaussian_process,3,bucketed,last_depth,64,512,3,28,3.2843518629670143,3.584043174982071,repeat indices align samples but methods were timed sequentially; use independent-resample intervals
68,gaussian_process,3,bucketed,last_depth,64,512,3,29,3.2547288686037064,3.7265526950359344,repeat indices align samples but methods were timed sequentially; use independent-resample intervals
69,gaussian_process,3,bucketed,last_depth,128,512,3,0,3.346908986568451,3.7433498054742813,repeat indices align samples but methods were timed sequentially; use independent-resample intervals
69,gaussian_process,3,bucketed,last_depth,128,512,3,1,3.2962691634893417,3.7688621804118156,repeat indices align samples but methods were timed sequentially; use independent-resample intervals
69,gaussian_process,3,bucketed,last_depth,128,512,3,2,3.38054608553648,3.7414060533046722,repeat indices align samples but methods were timed sequentially; use independent-resample intervals
69,gaussian_process,3,bucketed,last_depth,128,512,3,3,3.314749389886856,3.952871195971966,repeat indices align samples but methods were timed sequentially; use independent-resample intervals
69,gaussian_process,3,bucketed,last_depth,128,512,3,4,3.3058591708540916,4.243078775703907,repeat indices align samples but methods were timed sequentially; use independent-resample intervals
69,gaussian_process,3,bucketed,last_depth,128,512,3,5,3.312987394630909,3.752895765006542,repeat indices align samples but methods were timed sequentially; use independent-resample intervals
69,gaussian_process,3,bucketed,last_depth,128,512,3,6,3.27910328656435,3.631734162569046,repeat indices align samples but methods were timed sequentially; use independent-resample intervals
69,gaussian_process,3,bucketed,last_depth,128,512,3,7,3.334707722067833,3.7349846437573433,repeat indices align samples but methods were timed sequentially; use independent-resample intervals
69,gaussian_process,3,bucketed,last_depth,128,512,3,8,3.2916468679904938,3.72254778444767,repeat indices align samples but methods were timed sequentially; use independent-resample intervals
69,gaussian_process,3,bucketed,last_depth,128,512,3,9,3.3119084164500237,3.651598781347275,repeat indices align samples but methods were timed sequentially; use independent-resample intervals
69,gaussian_process,3,bucketed,last_depth,128,512,3,10,3.277334690093994,3.6614013016223907,repeat indices align samples but methods were timed sequentially; use independent-resample intervals
69,gaussian_process,3,bucketed,last_depth,128,512,3,11,3.3314061984419823,3.6316093131899834,repeat indices align samples but methods were timed sequentially; use independent-resample intervals
69,gaussian_process,3,bucketed,last_depth,128,512,3,12,3.3679307103157043,3.650083675980568,repeat indices align samples but methods were timed sequentially; use independent-resample intervals
69,gaussian_process,3,bucketed,last_depth,128,512,3,13,3.393715724349022,3.6284505501389503,repeat indices align samples but methods were timed sequentially; use independent-resample intervals
69,gaussian_process,3,bucketed,last_depth,128,512,3,14,3.384769521653652,3.5792971029877663,repeat indices align samples but methods were timed sequentially; use independent-resample intervals
69,gaussian_process,3,bucketed,last_depth,128,512,3,15,3.3270394280552864,3.5830494835972786,repeat indices align samples but methods were timed sequentially; use independent-resample intervals
69,gaussian_process,3,bucketed,last_depth,128,512,3,16,3.3970345556735992,3.587168164551258,repeat indices align samples but methods were timed sequentially; use independent-resample intervals
69,gaussian_process,3,bucketed,last_depth,128,512,3,17,3.3797424361109734,3.6236766800284386,repeat indices align samples but methods were timed sequentially; use independent-resample intervals
69,gaussian_process,3,bucketed,last_depth,128,512,3,18,3.349795922636986,3.6904037222266197,repeat indices align samples but methods were timed sequentially; use independent-resample intervals
69,gaussian_process,3,bucketed,last_depth,128,512,3,19,3.3056372851133347,3.6713541448116302,repeat indices align samples but methods were timed sequentially; use independent-resample intervals
69,gaussian_process,3,bucketed,last_depth,128,512,3,20,3.3213944509625435,3.6653565242886543,repeat indices align samples but methods were timed sequentially; use independent-resample intervals
69,gaussian_process,3,bucketed,last_depth,128,512,3,21,3.3826379626989365,3.7612385526299477,repeat indices align samples but methods were timed sequentially; use independent-resample intervals
69,gaussian_process,3,bucketed,last_depth,128,512,3,22,3.368594914674759,3.6008835658431053,repeat indices align samples but methods were timed sequentially; use independent-resample intervals
69,gaussian_process,3,bucketed,last_depth,128,512,3,23,3.358693912625313,3.663225181400776,repeat indices align samples but methods were timed sequentially; use independent-resample intervals
69,gaussian_process,3,bucketed,last_depth,128,512,3,24,3.5028053149580956,3.7269174680113792,repeat indices align samples but methods were timed sequentially; use independent-resample intervals
69,gaussian_process,3,bucketed,last_depth,128,512,3,25,3.650308296084404,3.678124777972698,repeat indices align samples but methods were timed sequentially; use independent-resample intervals
69,gaussian_process,3,bucketed,last_depth,128,512,3,26,3.357277050614357,3.66000122576952,repeat indices align samples but methods were timed sequentially; use independent-resample intervals
69,gaussian_process,3,bucketed,last_depth,128,512,3,27,3.442843608558178,3.642507143318653,repeat indices align samples but methods were timed sequentially; use independent-resample intervals
69,gaussian_process,3,bucketed,last_depth,128,512,3,28,3.4197516590356827,3.584043174982071,repeat indices align samples but methods were timed sequentially; use independent-resample intervals
69,gaussian_process,3,bucketed,last_depth,128,512,3,29,3.4390320256352425,3.7265526950359344,repeat indices align samples but methods were timed sequentially; use independent-resample intervals
70,gaussian_process,4,monolithic,monolithic,0,512,3,0,3.5414052605628967,3.5414052605628967,repeat indices align samples but methods were timed sequentially; use independent-resample intervals
70,gaussian_process,4,monolithic,monolithic,0,512,3,1,3.458046033978462,3.458046033978462,repeat indices align samples but methods were timed sequentially; use independent-resample intervals
70,gaussian_process,4,monolithic,monolithic,0,512,3,2,3.434146210551262,3.434146210551262,repeat indices align samples but methods were timed sequentially; use independent-resample intervals
70,gaussian_process,4,monolithic,monolithic,0,512,3,3,3.398724712431431,3.398724712431431,repeat indices align samples but methods were timed sequentially; use independent-resample intervals
70,gaussian_process,4,monolithic,monolithic,0,512,3,4,3.35596814006567,3.35596814006567,repeat indices align samples but methods were timed sequentially; use independent-resample intervals
70,gaussian_process,4,monolithic,monolithic,0,512,3,5,3.3736015260219574,3.3736015260219574,repeat indices align samples but methods were timed sequentially; use independent-resample intervals
70,gaussian_process,4,monolithic,monolithic,0,512,3,6,3.321054682135582,3.321054682135582,repeat indices align samples but methods were timed sequentially; use independent-resample intervals
70,gaussian_process,4,monolithic,monolithic,0,512,3,7,3.3221117183566093,3.3221117183566093,repeat indices align samples but methods were timed sequentially; use independent-resample intervals
70,gaussian_process,4,monolithic,monolithic,0,512,3,8,3.383041448891163,3.383041448891163,repeat indices align samples but methods were timed sequentially; use independent-resample intervals
70,gaussian_process,4,monolithic,monolithic,0,512,3,9,3.3817868903279305,3.3817868903279305,repeat indices align samples but methods were timed sequentially; use independent-resample intervals
70,gaussian_process,4,monolithic,monolithic,0,512,3,10,3.4231162145733833,3.4231162145733833,repeat indices align samples but methods were timed sequentially; use independent-resample intervals
70,gaussian_process,4,monolithic,monolithic,0,512,3,11,3.4162525981664658,3.4162525981664658,repeat indices align samples but methods were timed sequentially; use independent-resample intervals
70,gaussian_process,4,monolithic,monolithic,0,512,3,12,3.392199918627739,3.392199918627739,repeat indices align samples but methods were timed sequentially; use independent-resample intervals
70,gaussian_process,4,monolithic,monolithic,0,512,3,13,3.2987625002861023,3.2987625002861023,repeat indices align samples but methods were timed sequentially; use independent-resample intervals
70,gaussian_process,4,monolithic,monolithic,0,512,3,14,3.3136470913887024,3.3136470913887024,repeat indices align samples but methods were timed sequentially; use independent-resample intervals
70,gaussian_process,4,monolithic,monolithic,0,512,3,15,3.427782326936722,3.427782326936722,repeat indices align samples but methods were timed sequentially; use independent-resample intervals
70,gaussian_process,4,monolithic,monolithic,0,512,3,16,3.466572158038616,3.466572158038616,repeat indices align samples but methods were timed sequentially; use independent-resample intervals
70,gaussian_process,4,monolithic,monolithic,0,512,3,17,3.3586214780807495,3.3586214780807495,repeat indices align samples but methods were timed sequentially; use independent-resample intervals
70,gaussian_process,4,monolithic,monolithic,0,512,3,18,3.4283501133322716,3.4283501133322716,repeat indices align samples but methods were timed sequentially; use independent-resample intervals
70,gaussian_process,4,monolithic,monolithic,0,512,3,19,3.399791941046715,3.399791941046715,repeat indices align samples but methods were timed sequentially; use independent-resample intervals
70,gaussian_process,4,monolithic,monolithic,0,512,3,20,3.4280602037906647,3.4280602037906647,repeat indices align samples but methods were timed sequentially; use independent-resample intervals
70,gaussian_process,4,monolithic,monolithic,0,512,3,21,3.4578408524394035,3.4578408524394035,repeat indices align samples but methods were timed sequentially; use independent-resample intervals
70,gaussian_process,4,monolithic,monolithic,0,512,3,22,3.407793663442135,3.407793663442135,repeat indices align samples but methods were timed sequentially; use independent-resample intervals
70,gaussian_process,4,monolithic,monolithic,0,512,3,23,3.42565905302763,3.42565905302763,repeat indices align samples but methods were timed sequentially; use independent-resample intervals
70,gaussian_process,4,monolithic,monolithic,0,512,3,24,3.4352934509515762,3.4352934509515762,repeat indices align samples but methods were timed sequentially; use independent-resample intervals
70,gaussian_process,4,monolithic,monolithic,0,512,3,25,3.4139207899570465,3.4139207899570465,repeat indices align samples but methods were timed sequentially; use independent-resample intervals
70,gaussian_process,4,monolithic,monolithic,0,512,3,26,3.4608038142323494,3.4608038142323494,repeat indices align samples but methods were timed sequentially; use independent-resample intervals
70,gaussian_process,4,monolithic,monolithic,0,512,3,27,3.3908138051629066,3.3908138051629066,repeat indices align samples but methods were timed sequentially; use independent-resample intervals
70,gaussian_process,4,monolithic,monolithic,0,512,3,28,3.385701060295105,3.385701060295105,repeat indices align samples but methods were timed sequentially; use independent-resample intervals
70,gaussian_process,4,monolithic,monolithic,0,512,3,29,3.5771644338965416,3.5771644338965416,repeat indices align samples but methods were timed sequentially; use independent-resample intervals
71,gaussian_process,4,bucketed,history,64,512,3,0,3.5912636443972588,3.5414052605628967,repeat indices align samples but methods were timed sequentially; use independent-resample intervals
71,gaussian_process,4,bucketed,history,64,512,3,1,3.349550001323223,3.458046033978462,repeat indices align samples but methods were timed sequentially; use independent-resample intervals
71,gaussian_process,4,bucketed,history,64,512,3,2,3.417014755308628,3.434146210551262,repeat indices align samples but methods were timed sequentially; use independent-resample intervals
71,gaussian_process,4,bucketed,history,64,512,3,3,3.4572876021265984,3.398724712431431,repeat indices align samples but methods were timed sequentially; use independent-resample intervals
71,gaussian_process,4,bucketed,history,64,512,3,4,3.3780702352523804,3.35596814006567,repeat indices align samples but methods were timed sequentially; use independent-resample intervals
71,gaussian_process,4,bucketed,history,64,512,3,5,3.410809449851513,3.3736015260219574,repeat indices align samples but methods were timed sequentially; use independent-resample intervals
71,gaussian_process,4,bucketed,history,64,512,3,6,3.373827263712883,3.321054682135582,repeat indices align samples but methods were timed sequentially; use independent-resample intervals
71,gaussian_process,4,bucketed,history,64,512,3,7,3.4419282749295235,3.3221117183566093,repeat indices align samples but methods were timed sequentially; use independent-resample intervals
71,gaussian_process,4,bucketed,history,64,512,3,8,3.5684979185462,3.383041448891163,repeat indices align samples but methods were timed sequentially; use independent-resample intervals
71,gaussian_process,4,bucketed,history,64,512,3,9,3.5530176758766174,3.3817868903279305,repeat indices align samples but methods were timed sequentially; use independent-resample intervals
71,gaussian_process,4,bucketed,history,64,512,3,10,3.522459864616394,3.4231162145733833,repeat indices align samples but methods were timed sequentially; use independent-resample intervals
71,gaussian_process,4,bucketed,history,64,512,3,11,3.532611168920994,3.4162525981664658,repeat indices align samples but methods were timed sequentially; use independent-resample intervals
71,gaussian_process,4,bucketed,history,64,512,3,12,3.5671685934066772,3.392199918627739,repeat indices align samples but methods were timed sequentially; use independent-resample intervals
71,gaussian_process,4,bucketed,history,64,512,3,13,3.541455991566181,3.2987625002861023,repeat indices align samples but methods were timed sequentially; use independent-resample intervals
71,gaussian_process,4,bucketed,history,64,512,3,14,3.757452555000782,3.3136470913887024,repeat indices align samples but methods were timed sequentially; use independent-resample intervals
71,gaussian_process,4,bucketed,history,64,512,3,15,3.5685467422008514,3.427782326936722,repeat indices align samples but methods were timed sequentially; use independent-resample intervals
71,gaussian_process,4,bucketed,history,64,512,3,16,3.8009940534830093,3.466572158038616,repeat indices align samples but methods were timed sequentially; use independent-resample intervals
71,gaussian_process,4,bucketed,history,64,512,3,17,4.1366875022649765,3.3586214780807495,repeat indices align samples but methods were timed sequentially; use independent-resample intervals
71,gaussian_process,4,bucketed,history,64,512,3,18,3.4831770062446594,3.4283501133322716,repeat indices align samples but methods were timed sequentially; use independent-resample intervals
71,gaussian_process,4,bucketed,history,64,512,3,19,3.4969598799943924,3.399791941046715,repeat indices align samples but methods were timed sequentially; use independent-resample intervals
71,gaussian_process,4,bucketed,history,64,512,3,20,3.5108655989170074,3.4280602037906647,repeat indices align samples but methods were timed sequentially; use independent-resample intervals
71,gaussian_process,4,bucketed,history,64,512,3,21,3.47790889441967,3.4578408524394035,repeat indices align samples but methods were timed sequentially; use independent-resample intervals
71,gaussian_process,4,bucketed,history,64,512,3,22,3.544904239475727,3.407793663442135,repeat indices align samples but methods were timed sequentially; use independent-resample intervals
71,gaussian_process,4,bucketed,history,64,512,3,23,3.5093203112483025,3.42565905302763,repeat indices align samples but methods were timed sequentially; use independent-resample intervals
71,gaussian_process,4,bucketed,history,64,512,3,24,3.5559105798602104,3.4352934509515762,repeat indices align samples but methods were timed sequentially; use independent-resample intervals
71,gaussian_process,4,bucketed,history,64,512,3,25,3.583669863641262,3.4139207899570465,repeat indices align samples but methods were timed sequentially; use independent-resample intervals
71,gaussian_process,4,bucketed,history,64,512,3,26,3.584267668426037,3.4608038142323494,repeat indices align samples but methods were timed sequentially; use independent-resample intervals
71,gaussian_process,4,bucketed,history,64,512,3,27,3.54092738032341,3.3908138051629066,repeat indices align samples but methods were timed sequentially; use independent-resample intervals
71,gaussian_process,4,bucketed,history,64,512,3,28,3.4548278227448463,3.385701060295105,repeat indices align samples but methods were timed sequentially; use independent-resample intervals
71,gaussian_process,4,bucketed,history,64,512,3,29,3.486174926161766,3.5771644338965416,repeat indices align samples but methods were timed sequentially; use independent-resample intervals
72,gaussian_process,4,bucketed,history,128,512,3,0,3.6323125809431076,3.5414052605628967,repeat indices align samples but methods were timed sequentially; use independent-resample intervals
72,gaussian_process,4,bucketed,history,128,512,3,1,3.5033702701330185,3.458046033978462,repeat indices align samples but methods were timed sequentially; use independent-resample intervals
72,gaussian_process,4,bucketed,history,128,512,3,2,3.9028978124260902,3.434146210551262,repeat indices align samples but methods were timed sequentially; use independent-resample intervals
72,gaussian_process,4,bucketed,history,128,512,3,3,4.208980195224285,3.398724712431431,repeat indices align samples but methods were timed sequentially; use independent-resample intervals
72,gaussian_process,4,bucketed,history,128,512,3,4,3.703281193971634,3.35596814006567,repeat indices align samples but methods were timed sequentially; use independent-resample intervals
72,gaussian_process,4,bucketed,history,128,512,3,5,3.885299913585186,3.3736015260219574,repeat indices align samples but methods were timed sequentially; use independent-resample intervals
72,gaussian_process,4,bucketed,history,128,512,3,6,3.9371781796216965,3.321054682135582,repeat indices align samples but methods were timed sequentially; use independent-resample intervals
72,gaussian_process,4,bucketed,history,128,512,3,7,3.9528041929006577,3.3221117183566093,repeat indices align samples but methods were timed sequentially; use independent-resample intervals
72,gaussian_process,4,bucketed,history,128,512,3,8,3.798305757343769,3.383041448891163,repeat indices align samples but methods were timed sequentially; use independent-resample intervals
72,gaussian_process,4,bucketed,history,128,512,3,9,3.784763142466545,3.3817868903279305,repeat indices align samples but methods were timed sequentially; use independent-resample intervals
72,gaussian_process,4,bucketed,history,128,512,3,10,3.4550112038850784,3.4231162145733833,repeat indices align samples but methods were timed sequentially; use independent-resample intervals
72,gaussian_process,4,bucketed,history,128,512,3,11,3.442730352282524,3.4162525981664658,repeat indices align samples but methods were timed sequentially; use independent-resample intervals
72,gaussian_process,4,bucketed,history,128,512,3,12,3.3083747550845146,3.392199918627739,repeat indices align samples but methods were timed sequentially; use independent-resample intervals
72,gaussian_process,4,bucketed,history,128,512,3,13,3.315793551504612,3.2987625002861023,repeat indices align samples but methods were timed sequentially; use independent-resample intervals
72,gaussian_process,4,bucketed,history,128,512,3,14,3.3412240371108055,3.3136470913887024,repeat indices align samples but methods were timed sequentially; use independent-resample intervals
72,gaussian_process,4,bucketed,history,128,512,3,15,3.2828245162963867,3.427782326936722,repeat indices align samples but methods were timed sequentially; use independent-resample intervals
72,gaussian_process,4,bucketed,history,128,512,3,16,3.320153594017029,3.466572158038616,repeat indices align samples but methods were timed sequentially; use independent-resample intervals
72,gaussian_process,4,bucketed,history,128,512,3,17,3.3743119165301323,3.3586214780807495,repeat indices align samples but methods were timed sequentially; use independent-resample intervals
72,gaussian_process,4,bucketed,history,128,512,3,18,3.374292992055416,3.4283501133322716,repeat indices align samples but methods were timed sequentially; use independent-resample intervals
72,gaussian_process,4,bucketed,history,128,512,3,19,3.273360587656498,3.399791941046715,repeat indices align samples but methods were timed sequentially; use independent-resample intervals
72,gaussian_process,4,bucketed,history,128,512,3,20,3.31186144053936,3.4280602037906647,repeat indices align samples but methods were timed sequentially; use independent-resample intervals
72,gaussian_process,4,bucketed,history,128,512,3,21,3.2932040616869926,3.4578408524394035,repeat indices align samples but methods were timed sequentially; use independent-resample intervals
72,gaussian_process,4,bucketed,history,128,512,3,22,3.284729540348053,3.407793663442135,repeat indices align samples but methods were timed sequentially; use independent-resample intervals
72,gaussian_process,4,bucketed,history,128,512,3,23,3.2517576813697815,3.42565905302763,repeat indices align samples but methods were timed sequentially; use independent-resample intervals
72,gaussian_process,4,bucketed,history,128,512,3,24,3.2510096579790115,3.4352934509515762,repeat indices align samples but methods were timed sequentially; use independent-resample intervals
72,gaussian_process,4,bucketed,history,128,512,3,25,3.2646191120147705,3.4139207899570465,repeat indices align samples but methods were timed sequentially; use independent-resample intervals
72,gaussian_process,4,bucketed,history,128,512,3,26,3.2720342501997948,3.4608038142323494,repeat indices align samples but methods were timed sequentially; use independent-resample intervals
72,gaussian_process,4,bucketed,history,128,512,3,27,3.264303795993328,3.3908138051629066,repeat indices align samples but methods were timed sequentially; use independent-resample intervals
72,gaussian_process,4,bucketed,history,128,512,3,28,3.266019970178604,3.385701060295105,repeat indices align samples but methods were timed sequentially; use independent-resample intervals
72,gaussian_process,4,bucketed,history,128,512,3,29,3.326703727245331,3.5771644338965416,repeat indices align samples but methods were timed sequentially; use independent-resample intervals
73,gaussian_process,4,bucketed,last_depth,64,512,3,0,3.2681173905730247,3.5414052605628967,repeat indices align samples but methods were timed sequentially; use independent-resample intervals
73,gaussian_process,4,bucketed,last_depth,64,512,3,1,3.290800452232361,3.458046033978462,repeat indices align samples but methods were timed sequentially; use independent-resample intervals
73,gaussian_process,4,bucketed,last_depth,64,512,3,2,3.337234266102314,3.434146210551262,repeat indices align samples but methods were timed sequentially; use independent-resample intervals
73,gaussian_process,4,bucketed,last_depth,64,512,3,3,3.2574772387742996,3.398724712431431,repeat indices align samples but methods were timed sequentially; use independent-resample intervals
73,gaussian_process,4,bucketed,last_depth,64,512,3,4,3.3569254502654076,3.35596814006567,repeat indices align samples but methods were timed sequentially; use independent-resample intervals
73,gaussian_process,4,bucketed,last_depth,64,512,3,5,3.3823513984680176,3.3736015260219574,repeat indices align samples but methods were timed sequentially; use independent-resample intervals
73,gaussian_process,4,bucketed,last_depth,64,512,3,6,3.390520252287388,3.321054682135582,repeat indices align samples but methods were timed sequentially; use independent-resample intervals
73,gaussian_process,4,bucketed,last_depth,64,512,3,7,3.3586667254567146,3.3221117183566093,repeat indices align samples but methods were timed sequentially; use independent-resample intervals
73,gaussian_process,4,bucketed,last_depth,64,512,3,8,3.599004603922367,3.383041448891163,repeat indices align samples but methods were timed sequentially; use independent-resample intervals
73,gaussian_process,4,bucketed,last_depth,64,512,3,9,3.387929677963257,3.3817868903279305,repeat indices align samples but methods were timed sequentially; use independent-resample intervals
73,gaussian_process,4,bucketed,last_depth,64,512,3,10,3.3188286274671555,3.4231162145733833,repeat indices align samples but methods were timed sequentially; use independent-resample intervals
73,gaussian_process,4,bucketed,last_depth,64,512,3,11,3.680766098201275,3.4162525981664658,repeat indices align samples but methods were timed sequentially; use independent-resample intervals
73,gaussian_process,4,bucketed,last_depth,64,512,3,12,3.3693456798791885,3.392199918627739,repeat indices align samples but methods were timed sequentially; use independent-resample intervals
73,gaussian_process,4,bucketed,last_depth,64,512,3,13,3.3896710500121117,3.2987625002861023,repeat indices align samples but methods were timed sequentially; use independent-resample intervals
73,gaussian_process,4,bucketed,last_depth,64,512,3,14,3.2648834884166718,3.3136470913887024,repeat indices align samples but methods were timed sequentially; use independent-resample intervals
73,gaussian_process,4,bucketed,last_depth,64,512,3,15,3.242984354496002,3.427782326936722,repeat indices align samples but methods were timed sequentially; use independent-resample intervals
73,gaussian_process,4,bucketed,last_depth,64,512,3,16,3.3001959323883057,3.466572158038616,repeat indices align samples but methods were timed sequentially; use independent-resample intervals
73,gaussian_process,4,bucketed,last_depth,64,512,3,17,3.311936154961586,3.3586214780807495,repeat indices align samples but methods were timed sequentially; use independent-resample intervals
73,gaussian_process,4,bucketed,last_depth,64,512,3,18,3.216979071497917,3.4283501133322716,repeat indices align samples but methods were timed sequentially; use independent-resample intervals
73,gaussian_process,4,bucketed,last_depth,64,512,3,19,3.229391001164913,3.399791941046715,repeat indices align samples but methods were timed sequentially; use independent-resample intervals
73,gaussian_process,4,bucketed,last_depth,64,512,3,20,3.281890593469143,3.4280602037906647,repeat indices align samples but methods were timed sequentially; use independent-resample intervals
73,gaussian_process,4,bucketed,last_depth,64,512,3,21,3.3485840037465096,3.4578408524394035,repeat indices align samples but methods were timed sequentially; use independent-resample intervals
73,gaussian_process,4,bucketed,last_depth,64,512,3,22,3.248577281832695,3.407793663442135,repeat indices align samples but methods were timed sequentially; use independent-resample intervals
73,gaussian_process,4,bucketed,last_depth,64,512,3,23,3.393072657287121,3.42565905302763,repeat indices align samples but methods were timed sequentially; use independent-resample intervals
73,gaussian_process,4,bucketed,last_depth,64,512,3,24,3.2519852444529533,3.4352934509515762,repeat indices align samples but methods were timed sequentially; use independent-resample intervals
73,gaussian_process,4,bucketed,last_depth,64,512,3,25,3.4398575723171234,3.4139207899570465,repeat indices align samples but methods were timed sequentially; use independent-resample intervals
73,gaussian_process,4,bucketed,last_depth,64,512,3,26,3.900536686182022,3.4608038142323494,repeat indices align samples but methods were timed sequentially; use independent-resample intervals
73,gaussian_process,4,bucketed,last_depth,64,512,3,27,3.4349585995078087,3.3908138051629066,repeat indices align samples but methods were timed sequentially; use independent-resample intervals
73,gaussian_process,4,bucketed,last_depth,64,512,3,28,3.4165909737348557,3.385701060295105,repeat indices align samples but methods were timed sequentially; use independent-resample intervals
73,gaussian_process,4,bucketed,last_depth,64,512,3,29,3.3761096149683,3.5771644338965416,repeat indices align samples but methods were timed sequentially; use independent-resample intervals
74,gaussian_process,4,bucketed,last_depth,128,512,3,0,3.6491967663168907,3.5414052605628967,repeat indices align samples but methods were timed sequentially; use independent-resample intervals
74,gaussian_process,4,bucketed,last_depth,128,512,3,1,3.3439177498221397,3.458046033978462,repeat indices align samples but methods were timed sequentially; use independent-resample intervals
74,gaussian_process,4,bucketed,last_depth,128,512,3,2,3.3563182055950165,3.434146210551262,repeat indices align samples but methods were timed sequentially; use independent-resample intervals
74,gaussian_process,4,bucketed,last_depth,128,512,3,3,3.3127721697092056,3.398724712431431,repeat indices align samples but methods were timed sequentially; use independent-resample intervals
74,gaussian_process,4,bucketed,last_depth,128,512,3,4,3.3221004754304886,3.35596814006567,repeat indices align samples but methods were timed sequentially; use independent-resample intervals
74,gaussian_process,4,bucketed,last_depth,128,512,3,5,3.309658169746399,3.3736015260219574,repeat indices align samples but methods were timed sequentially; use independent-resample intervals
74,gaussian_process,4,bucketed,last_depth,128,512,3,6,3.3230507895350456,3.321054682135582,repeat indices align samples but methods were timed sequentially; use independent-resample intervals
74,gaussian_process,4,bucketed,last_depth,128,512,3,7,3.331011913716793,3.3221117183566093,repeat indices align samples but methods were timed sequentially; use independent-resample intervals
74,gaussian_process,4,bucketed,last_depth,128,512,3,8,3.340755209326744,3.383041448891163,repeat indices align samples but methods were timed sequentially; use independent-resample intervals
74,gaussian_process,4,bucketed,last_depth,128,512,3,9,3.300393596291542,3.3817868903279305,repeat indices align samples but methods were timed sequentially; use independent-resample intervals
74,gaussian_process,4,bucketed,last_depth,128,512,3,10,3.3131892532110214,3.4231162145733833,repeat indices align samples but methods were timed sequentially; use independent-resample intervals
74,gaussian_process,4,bucketed,last_depth,128,512,3,11,3.2981446012854576,3.4162525981664658,repeat indices align samples but methods were timed sequentially; use independent-resample intervals
74,gaussian_process,4,bucketed,last_depth,128,512,3,12,3.2698663845658302,3.392199918627739,repeat indices align samples but methods were timed sequentially; use independent-resample intervals
74,gaussian_process,4,bucketed,last_depth,128,512,3,13,3.2981772795319557,3.2987625002861023,repeat indices align samples but methods were timed sequentially; use independent-resample intervals
74,gaussian_process,4,bucketed,last_depth,128,512,3,14,3.6712263226509094,3.3136470913887024,repeat indices align samples but methods were timed sequentially; use independent-resample intervals
74,gaussian_process,4,bucketed,last_depth,128,512,3,15,3.3837396651506424,3.427782326936722,repeat indices align samples but methods were timed sequentially; use independent-resample intervals
74,gaussian_process,4,bucketed,last_depth,128,512,3,16,3.4796579629182816,3.466572158038616,repeat indices align samples but methods were timed sequentially; use independent-resample intervals
74,gaussian_process,4,bucketed,last_depth,128,512,3,17,3.3394860178232193,3.3586214780807495,repeat indices align samples but methods were timed sequentially; use independent-resample intervals
74,gaussian_process,4,bucketed,last_depth,128,512,3,18,3.3232406303286552,3.4283501133322716,repeat indices align samples but methods were timed sequentially; use independent-resample intervals
74,gaussian_process,4,bucketed,last_depth,128,512,3,19,3.279929094016552,3.399791941046715,repeat indices align samples but methods were timed sequentially; use independent-resample intervals
74,gaussian_process,4,bucketed,last_depth,128,512,3,20,3.2785811722278595,3.4280602037906647,repeat indices align samples but methods were timed sequentially; use independent-resample intervals
74,gaussian_process,4,bucketed,last_depth,128,512,3,21,3.2903985157608986,3.4578408524394035,repeat indices align samples but methods were timed sequentially; use independent-resample intervals
74,gaussian_process,4,bucketed,last_depth,128,512,3,22,3.325451985001564,3.407793663442135,repeat indices align samples but methods were timed sequentially; use independent-resample intervals
74,gaussian_process,4,bucketed,last_depth,128,512,3,23,3.3238195031881332,3.42565905302763,repeat indices align samples but methods were timed sequentially; use independent-resample intervals
74,gaussian_process,4,bucketed,last_depth,128,512,3,24,3.4313032254576683,3.4352934509515762,repeat indices align samples but methods were timed sequentially; use independent-resample intervals
74,gaussian_process,4,bucketed,last_depth,128,512,3,25,3.332364782691002,3.4139207899570465,repeat indices align samples but methods were timed sequentially; use independent-resample intervals
74,gaussian_process,4,bucketed,last_depth,128,512,3,26,3.284426137804985,3.4608038142323494,repeat indices align samples but methods were timed sequentially; use independent-resample intervals
74,gaussian_process,4,bucketed,last_depth,128,512,3,27,3.320997193455696,3.3908138051629066,repeat indices align samples but methods were timed sequentially; use independent-resample intervals
74,gaussian_process,4,bucketed,last_depth,128,512,3,28,3.285558968782425,3.385701060295105,repeat indices align samples but methods were timed sequentially; use independent-resample intervals
74,gaussian_process,4,bucketed,last_depth,128,512,3,29,3.299511641263962,3.5771644338965416,repeat indices align samples but methods were timed sequentially; use independent-resample intervals
75,gaussian_process,0,monolithic,monolithic,0,1024,3,0,15.07473960518837,15.07473960518837,repeat indices align samples but methods were timed sequentially; use independent-resample intervals
75,gaussian_process,0,monolithic,monolithic,0,1024,3,1,8.062592171132565,8.062592171132565,repeat indices align samples but methods were timed sequentially; use independent-resample intervals
75,gaussian_process,0,monolithic,monolithic,0,1024,3,2,8.09681099653244,8.09681099653244,repeat indices align samples but methods were timed sequentially; use independent-resample intervals
75,gaussian_process,0,monolithic,monolithic,0,1024,3,3,7.988279491662979,7.988279491662979,repeat indices align samples but methods were timed sequentially; use independent-resample intervals
75,gaussian_process,0,monolithic,monolithic,0,1024,3,4,8.057743392884731,8.057743392884731,repeat indices align samples but methods were timed sequentially; use independent-resample intervals
75,gaussian_process,0,monolithic,monolithic,0,1024,3,5,8.257176920771599,8.257176920771599,repeat indices align samples but methods were timed sequentially; use independent-resample intervals
75,gaussian_process,0,monolithic,monolithic,0,1024,3,6,8.242985233664513,8.242985233664513,repeat indices align samples but methods were timed sequentially; use independent-resample intervals
75,gaussian_process,0,monolithic,monolithic,0,1024,3,7,8.40901805460453,8.40901805460453,repeat indices align samples but methods were timed sequentially; use independent-resample intervals
75,gaussian_process,0,monolithic,monolithic,0,1024,3,8,8.243155144155025,8.243155144155025,repeat indices align samples but methods were timed sequentially; use independent-resample intervals
75,gaussian_process,0,monolithic,monolithic,0,1024,3,9,8.136221259832382,8.136221259832382,repeat indices align samples but methods were timed sequentially; use independent-resample intervals
75,gaussian_process,0,monolithic,monolithic,0,1024,3,10,8.152241602540016,8.152241602540016,repeat indices align samples but methods were timed sequentially; use independent-resample intervals
75,gaussian_process,0,monolithic,monolithic,0,1024,3,11,8.064319550991058,8.064319550991058,repeat indices align samples but methods were timed sequentially; use independent-resample intervals
75,gaussian_process,0,monolithic,monolithic,0,1024,3,12,8.12804115563631,8.12804115563631,repeat indices align samples but methods were timed sequentially; use independent-resample intervals
75,gaussian_process,0,monolithic,monolithic,0,1024,3,13,8.139811523258686,8.139811523258686,repeat indices align samples but methods were timed sequentially; use independent-resample intervals
75,gaussian_process,0,monolithic,monolithic,0,1024,3,14,8.202624969184399,8.202624969184399,repeat indices align samples but methods were timed sequentially; use independent-resample intervals
75,gaussian_process,0,monolithic,monolithic,0,1024,3,15,8.100526139140129,8.100526139140129,repeat indices align samples but methods were timed sequentially; use independent-resample intervals
75,gaussian_process,0,monolithic,monolithic,0,1024,3,16,8.077607579529285,8.077607579529285,repeat indices align samples but methods were timed sequentially; use independent-resample intervals
75,gaussian_process,0,monolithic,monolithic,0,1024,3,17,8.109466843307018,8.109466843307018,repeat indices align samples but methods were timed sequentially; use independent-resample intervals
75,gaussian_process,0,monolithic,monolithic,0,1024,3,18,8.173912890255451,8.173912890255451,repeat indices align samples but methods were timed sequentially; use independent-resample intervals
75,gaussian_process,0,monolithic,monolithic,0,1024,3,19,8.206667244434357,8.206667244434357,repeat indices align samples but methods were timed sequentially; use independent-resample intervals
75,gaussian_process,0,monolithic,monolithic,0,1024,3,20,8.071457743644714,8.071457743644714,repeat indices align samples but methods were timed sequentially; use independent-resample intervals
75,gaussian_process,0,monolithic,monolithic,0,1024,3,21,8.072062090039253,8.072062090039253,repeat indices align samples but methods were timed sequentially; use independent-resample intervals
75,gaussian_process,0,monolithic,monolithic,0,1024,3,22,8.549700446426868,8.549700446426868,repeat indices align samples but methods were timed sequentially; use independent-resample intervals
75,gaussian_process,0,monolithic,monolithic,0,1024,3,23,8.324440315365791,8.324440315365791,repeat indices align samples but methods were timed sequentially; use independent-resample intervals
75,gaussian_process,0,monolithic,monolithic,0,1024,3,24,8.206326864659786,8.206326864659786,repeat indices align samples but methods were timed sequentially; use independent-resample intervals
75,gaussian_process,0,monolithic,monolithic,0,1024,3,25,8.11767666041851,8.11767666041851,repeat indices align samples but methods were timed sequentially; use independent-resample intervals
75,gaussian_process,0,monolithic,monolithic,0,1024,3,26,8.277755245566368,8.277755245566368,repeat indices align samples but methods were timed sequentially; use independent-resample intervals
75,gaussian_process,0,monolithic,monolithic,0,1024,3,27,8.134730264544487,8.134730264544487,repeat indices align samples but methods were timed sequentially; use independent-resample intervals
75,gaussian_process,0,monolithic,monolithic,0,1024,3,28,8.02720481902361,8.02720481902361,repeat indices align samples but methods were timed sequentially; use independent-resample intervals
75,gaussian_process,0,monolithic,monolithic,0,1024,3,29,8.175583191215992,8.175583191215992,repeat indices align samples but methods were timed sequentially; use independent-resample intervals
76,gaussian_process,0,bucketed,history,64,1024,3,0,10.15849208086729,15.07473960518837,repeat indices align samples but methods were timed sequentially; use independent-resample intervals
76,gaussian_process,0,bucketed,history,64,1024,3,1,6.5746680572628975,8.062592171132565,repeat indices align samples but methods were timed sequentially; use independent-resample intervals
76,gaussian_process,0,bucketed,history,64,1024,3,2,6.5894269570708275,8.09681099653244,repeat indices align samples but methods were timed sequentially; use independent-resample intervals
76,gaussian_process,0,bucketed,history,64,1024,3,3,6.776242457330227,7.988279491662979,repeat indices align samples but methods were timed sequentially; use independent-resample intervals
76,gaussian_process,0,bucketed,history,64,1024,3,4,6.807668700814247,8.057743392884731,repeat indices align samples but methods were timed sequentially; use independent-resample intervals
76,gaussian_process,0,bucketed,history,64,1024,3,5,6.7715062871575356,8.257176920771599,repeat indices align samples but methods were timed sequentially; use independent-resample intervals
76,gaussian_process,0,bucketed,history,64,1024,3,6,6.793450929224491,8.242985233664513,repeat indices align samples but methods were timed sequentially; use independent-resample intervals
76,gaussian_process,0,bucketed,history,64,1024,3,7,7.247547969222069,8.40901805460453,repeat indices align samples but methods were timed sequentially; use independent-resample intervals
76,gaussian_process,0,bucketed,history,64,1024,3,8,6.869698330760002,8.243155144155025,repeat indices align samples but methods were timed sequentially; use independent-resample intervals
76,gaussian_process,0,bucketed,history,64,1024,3,9,7.2567669451236725,8.136221259832382,repeat indices align samples but methods were timed sequentially; use independent-resample intervals
76,gaussian_process,0,bucketed,history,64,1024,3,10,6.743378438055515,8.152241602540016,repeat indices align samples but methods were timed sequentially; use independent-resample intervals
76,gaussian_process,0,bucketed,history,64,1024,3,11,6.773695357143879,8.064319550991058,repeat indices align samples but methods were timed sequentially; use independent-resample intervals
76,gaussian_process,0,bucketed,history,64,1024,3,12,6.783179841935635,8.12804115563631,repeat indices align samples but methods were timed sequentially; use independent-resample intervals
76,gaussian_process,0,bucketed,history,64,1024,3,13,7.100116580724716,8.139811523258686,repeat indices align samples but methods were timed sequentially; use independent-resample intervals
76,gaussian_process,0,bucketed,history,64,1024,3,14,7.203394308686256,8.202624969184399,repeat indices align samples but methods were timed sequentially; use independent-resample intervals
76,gaussian_process,0,bucketed,history,64,1024,3,15,7.220727689564228,8.100526139140129,repeat indices align samples but methods were timed sequentially; use independent-resample intervals
76,gaussian_process,0,bucketed,history,64,1024,3,16,7.483977168798447,8.077607579529285,repeat indices align samples but methods were timed sequentially; use independent-resample intervals
76,gaussian_process,0,bucketed,history,64,1024,3,17,6.906914249062538,8.109466843307018,repeat indices align samples but methods were timed sequentially; use independent-resample intervals
76,gaussian_process,0,bucketed,history,64,1024,3,18,6.861771613359451,8.173912890255451,repeat indices align samples but methods were timed sequentially; use independent-resample intervals
76,gaussian_process,0,bucketed,history,64,1024,3,19,6.873100392520428,8.206667244434357,repeat indices align samples but methods were timed sequentially; use independent-resample intervals
76,gaussian_process,0,bucketed,history,64,1024,3,20,6.864094831049442,8.071457743644714,repeat indices align samples but methods were timed sequentially; use independent-resample intervals
76,gaussian_process,0,bucketed,history,64,1024,3,21,6.733151271939278,8.072062090039253,repeat indices align samples but methods were timed sequentially; use independent-resample intervals
76,gaussian_process,0,bucketed,history,64,1024,3,22,6.791455395519733,8.549700446426868,repeat indices align samples but methods were timed sequentially; use independent-resample intervals
76,gaussian_process,0,bucketed,history,64,1024,3,23,6.68930296599865,8.324440315365791,repeat indices align samples but methods were timed sequentially; use independent-resample intervals
76,gaussian_process,0,bucketed,history,64,1024,3,24,7.384013839066029,8.206326864659786,repeat indices align samples but methods were timed sequentially; use independent-resample intervals
76,gaussian_process,0,bucketed,history,64,1024,3,25,7.054829470813274,8.11767666041851,repeat indices align samples but methods were timed sequentially; use independent-resample intervals
76,gaussian_process,0,bucketed,history,64,1024,3,26,7.085159495472908,8.277755245566368,repeat indices align samples but methods were timed sequentially; use independent-resample intervals
76,gaussian_process,0,bucketed,history,64,1024,3,27,6.738502375781536,8.134730264544487,repeat indices align samples but methods were timed sequentially; use independent-resample intervals
76,gaussian_process,0,bucketed,history,64,1024,3,28,6.681188121438026,8.02720481902361,repeat indices align samples but methods were timed sequentially; use independent-resample intervals
76,gaussian_process,0,bucketed,history,64,1024,3,29,7.042576313018799,8.175583191215992,repeat indices align samples but methods were timed sequentially; use independent-resample intervals
77,gaussian_process,0,bucketed,history,128,1024,3,0,9.944609262049198,15.07473960518837,repeat indices align samples but methods were timed sequentially; use independent-resample intervals
77,gaussian_process,0,bucketed,history,128,1024,3,1,6.951499313116074,8.062592171132565,repeat indices align samples but methods were timed sequentially; use independent-resample intervals
77,gaussian_process,0,bucketed,history,128,1024,3,2,6.766618050634861,8.09681099653244,repeat indices align samples but methods were timed sequentially; use independent-resample intervals
77,gaussian_process,0,bucketed,history,128,1024,3,3,6.768767707049847,7.988279491662979,repeat indices align samples but methods were timed sequentially; use independent-resample intervals
77,gaussian_process,0,bucketed,history,128,1024,3,4,6.8311478942632675,8.057743392884731,repeat indices align samples but methods were timed sequentially; use independent-resample intervals
77,gaussian_process,0,bucketed,history,128,1024,3,5,6.835692808032036,8.257176920771599,repeat indices align samples but methods were timed sequentially; use independent-resample intervals
77,gaussian_process,0,bucketed,history,128,1024,3,6,6.849367827177048,8.242985233664513,repeat indices align samples but methods were timed sequentially; use independent-resample intervals
77,gaussian_process,0,bucketed,history,128,1024,3,7,6.605616234242916,8.40901805460453,repeat indices align samples but methods were timed sequentially; use independent-resample intervals
77,gaussian_process,0,bucketed,history,128,1024,3,8,6.708191379904747,8.243155144155025,repeat indices align samples but methods were timed sequentially; use independent-resample intervals
77,gaussian_process,0,bucketed,history,128,1024,3,9,6.681038796901703,8.136221259832382,repeat indices align samples but methods were timed sequentially; use independent-resample intervals
77,gaussian_process,0,bucketed,history,128,1024,3,10,6.590719118714333,8.152241602540016,repeat indices align samples but methods were timed sequentially; use independent-resample intervals
77,gaussian_process,0,bucketed,history,128,1024,3,11,6.787113763391972,8.064319550991058,repeat indices align samples but methods were timed sequentially; use independent-resample intervals
77,gaussian_process,0,bucketed,history,128,1024,3,12,7.2452074736356735,8.12804115563631,repeat indices align samples but methods were timed sequentially; use independent-resample intervals
77,gaussian_process,0,bucketed,history,128,1024,3,13,6.790475495159626,8.139811523258686,repeat indices align samples but methods were timed sequentially; use independent-resample intervals
77,gaussian_process,0,bucketed,history,128,1024,3,14,6.770542114973068,8.202624969184399,repeat indices align samples but methods were timed sequentially; use independent-resample intervals
77,gaussian_process,0,bucketed,history,128,1024,3,15,6.700040355324745,8.100526139140129,repeat indices align samples but methods were timed sequentially; use independent-resample intervals
77,gaussian_process,0,bucketed,history,128,1024,3,16,6.604201786220074,8.077607579529285,repeat indices align samples but methods were timed sequentially; use independent-resample intervals
77,gaussian_process,0,bucketed,history,128,1024,3,17,6.721902221441269,8.109466843307018,repeat indices align samples but methods were timed sequentially; use independent-resample intervals
77,gaussian_process,0,bucketed,history,128,1024,3,18,6.678836539387703,8.173912890255451,repeat indices align samples but methods were timed sequentially; use independent-resample intervals
77,gaussian_process,0,bucketed,history,128,1024,3,19,6.704915255308151,8.206667244434357,repeat indices align samples but methods were timed sequentially; use independent-resample intervals
77,gaussian_process,0,bucketed,history,128,1024,3,20,6.796054974198341,8.071457743644714,repeat indices align samples but methods were timed sequentially; use independent-resample intervals
77,gaussian_process,0,bucketed,history,128,1024,3,21,6.656375654041767,8.072062090039253,repeat indices align samples but methods were timed sequentially; use independent-resample intervals
77,gaussian_process,0,bucketed,history,128,1024,3,22,6.578827627003193,8.549700446426868,repeat indices align samples but methods were timed sequentially; use independent-resample intervals
77,gaussian_process,0,bucketed,history,128,1024,3,23,6.6982723623514175,8.324440315365791,repeat indices align samples but methods were timed sequentially; use independent-resample intervals
77,gaussian_process,0,bucketed,history,128,1024,3,24,6.745005548000336,8.206326864659786,repeat indices align samples but methods were timed sequentially; use independent-resample intervals
77,gaussian_process,0,bucketed,history,128,1024,3,25,6.788456492125988,8.11767666041851,repeat indices align samples but methods were timed sequentially; use independent-resample intervals
77,gaussian_process,0,bucketed,history,128,1024,3,26,6.5901989713311195,8.277755245566368,repeat indices align samples but methods were timed sequentially; use independent-resample intervals
77,gaussian_process,0,bucketed,history,128,1024,3,27,6.663471147418022,8.134730264544487,repeat indices align samples but methods were timed sequentially; use independent-resample intervals
77,gaussian_process,0,bucketed,history,128,1024,3,28,6.675959847867489,8.02720481902361,repeat indices align samples but methods were timed sequentially; use independent-resample intervals
77,gaussian_process,0,bucketed,history,128,1024,3,29,6.802296504378319,8.175583191215992,repeat indices align samples but methods were timed sequentially; use independent-resample intervals
78,gaussian_process,0,bucketed,last_depth,64,1024,3,0,6.787144184112549,15.07473960518837,repeat indices align samples but methods were timed sequentially; use independent-resample intervals
78,gaussian_process,0,bucketed,last_depth,64,1024,3,1,6.910483732819557,8.062592171132565,repeat indices align samples but methods were timed sequentially; use independent-resample intervals
78,gaussian_process,0,bucketed,last_depth,64,1024,3,2,6.693138390779495,8.09681099653244,repeat indices align samples but methods were timed sequentially; use independent-resample intervals
78,gaussian_process,0,bucketed,last_depth,64,1024,3,3,6.78498350083828,7.988279491662979,repeat indices align samples but methods were timed sequentially; use independent-resample intervals
78,gaussian_process,0,bucketed,last_depth,64,1024,3,4,6.79947442561388,8.057743392884731,repeat indices align samples but methods were timed sequentially; use independent-resample intervals
78,gaussian_process,0,bucketed,last_depth,64,1024,3,5,6.824259482324123,8.257176920771599,repeat indices align samples but methods were timed sequentially; use independent-resample intervals
78,gaussian_process,0,bucketed,last_depth,64,1024,3,6,6.9176676869392395,8.242985233664513,repeat indices align samples but methods were timed sequentially; use independent-resample intervals
78,gaussian_process,0,bucketed,last_depth,64,1024,3,7,6.830494113266468,8.40901805460453,repeat indices align samples but methods were timed sequentially; use independent-resample intervals
78,gaussian_process,0,bucketed,last_depth,64,1024,3,8,7.187517300248146,8.243155144155025,repeat indices align samples but methods were timed sequentially; use independent-resample intervals
78,gaussian_process,0,bucketed,last_depth,64,1024,3,9,6.726545311510563,8.136221259832382,repeat indices align samples but methods were timed sequentially; use independent-resample intervals
78,gaussian_process,0,bucketed,last_depth,64,1024,3,10,6.719018816947937,8.152241602540016,repeat indices align samples but methods were timed sequentially; use independent-resample intervals
78,gaussian_process,0,bucketed,last_depth,64,1024,3,11,6.709458149969578,8.064319550991058,repeat indices align samples but methods were timed sequentially; use independent-resample intervals
78,gaussian_process,0,bucketed,last_depth,64,1024,3,12,6.7116439789533615,8.12804115563631,repeat indices align samples but methods were timed sequentially; use independent-resample intervals
78,gaussian_process,0,bucketed,last_depth,64,1024,3,13,6.681949727237225,8.139811523258686,repeat indices align samples but methods were timed sequentially; use independent-resample intervals
78,gaussian_process,0,bucketed,last_depth,64,1024,3,14,6.845887087285519,8.202624969184399,repeat indices align samples but methods were timed sequentially; use independent-resample intervals
78,gaussian_process,0,bucketed,last_depth,64,1024,3,15,6.939133182168007,8.100526139140129,repeat indices align samples but methods were timed sequentially; use independent-resample intervals
78,gaussian_process,0,bucketed,last_depth,64,1024,3,16,7.065894171595573,8.077607579529285,repeat indices align samples but methods were timed sequentially; use independent-resample intervals
78,gaussian_process,0,bucketed,last_depth,64,1024,3,17,7.377835750579834,8.109466843307018,repeat indices align samples but methods were timed sequentially; use independent-resample intervals
78,gaussian_process,0,bucketed,last_depth,64,1024,3,18,6.843553423881531,8.173912890255451,repeat indices align samples but methods were timed sequentially; use independent-resample intervals
78,gaussian_process,0,bucketed,last_depth,64,1024,3,19,7.047599263489246,8.206667244434357,repeat indices align samples but methods were timed sequentially; use independent-resample intervals
78,gaussian_process,0,bucketed,last_depth,64,1024,3,20,6.806268185377121,8.071457743644714,repeat indices align samples but methods were timed sequentially; use independent-resample intervals
78,gaussian_process,0,bucketed,last_depth,64,1024,3,21,6.829685173928738,8.072062090039253,repeat indices align samples but methods were timed sequentially; use independent-resample intervals
78,gaussian_process,0,bucketed,last_depth,64,1024,3,22,6.826009005308151,8.549700446426868,repeat indices align samples but methods were timed sequentially; use independent-resample intervals
78,gaussian_process,0,bucketed,last_depth,64,1024,3,23,6.9004696905612946,8.324440315365791,repeat indices align samples but methods were timed sequentially; use independent-resample intervals
78,gaussian_process,0,bucketed,last_depth,64,1024,3,24,6.9277674332261086,8.206326864659786,repeat indices align samples but methods were timed sequentially; use independent-resample intervals
78,gaussian_process,0,bucketed,last_depth,64,1024,3,25,6.995091840624809,8.11767666041851,repeat indices align samples but methods were timed sequentially; use independent-resample intervals
78,gaussian_process,0,bucketed,last_depth,64,1024,3,26,7.072234399616718,8.277755245566368,repeat indices align samples but methods were timed sequentially; use independent-resample intervals
78,gaussian_process,0,bucketed,last_depth,64,1024,3,27,6.819025255739689,8.134730264544487,repeat indices align samples but methods were timed sequentially; use independent-resample intervals
78,gaussian_process,0,bucketed,last_depth,64,1024,3,28,6.886900037527084,8.02720481902361,repeat indices align samples but methods were timed sequentially; use independent-resample intervals
78,gaussian_process,0,bucketed,last_depth,64,1024,3,29,6.752524480223656,8.175583191215992,repeat indices align samples but methods were timed sequentially; use independent-resample intervals
79,gaussian_process,0,bucketed,last_depth,128,1024,3,0,6.81546787917614,15.07473960518837,repeat indices align samples but methods were timed sequentially; use independent-resample intervals
79,gaussian_process,0,bucketed,last_depth,128,1024,3,1,6.924514248967171,8.062592171132565,repeat indices align samples but methods were timed sequentially; use independent-resample intervals
79,gaussian_process,0,bucketed,last_depth,128,1024,3,2,6.716038309037685,8.09681099653244,repeat indices align samples but methods were timed sequentially; use independent-resample intervals
79,gaussian_process,0,bucketed,last_depth,128,1024,3,3,6.876341335475445,7.988279491662979,repeat indices align samples but methods were timed sequentially; use independent-resample intervals
79,gaussian_process,0,bucketed,last_depth,128,1024,3,4,7.059877268970013,8.057743392884731,repeat indices align samples but methods were timed sequentially; use independent-resample intervals
79,gaussian_process,0,bucketed,last_depth,128,1024,3,5,6.696218401193619,8.257176920771599,repeat indices align samples but methods were timed sequentially; use independent-resample intervals
79,gaussian_process,0,bucketed,last_depth,128,1024,3,6,6.772265315055847,8.242985233664513,repeat indices align samples but methods were timed sequentially; use independent-resample intervals
79,gaussian_process,0,bucketed,last_depth,128,1024,3,7,6.696394957602024,8.40901805460453,repeat indices align samples but methods were timed sequentially; use independent-resample intervals
79,gaussian_process,0,bucketed,last_depth,128,1024,3,8,6.6391477435827255,8.243155144155025,repeat indices align samples but methods were timed sequentially; use independent-resample intervals
79,gaussian_process,0,bucketed,last_depth,128,1024,3,9,6.6598415449261665,8.136221259832382,repeat indices align samples but methods were timed sequentially; use independent-resample intervals
79,gaussian_process,0,bucketed,last_depth,128,1024,3,10,6.604127235710621,8.152241602540016,repeat indices align samples but methods were timed sequentially; use independent-resample intervals
79,gaussian_process,0,bucketed,last_depth,128,1024,3,11,6.747805267572403,8.064319550991058,repeat indices align samples but methods were timed sequentially; use independent-resample intervals
79,gaussian_process,0,bucketed,last_depth,128,1024,3,12,6.792934387922287,8.12804115563631,repeat indices align samples but methods were timed sequentially; use independent-resample intervals
79,gaussian_process,0,bucketed,last_depth,128,1024,3,13,6.831499971449375,8.139811523258686,repeat indices align samples but methods were timed sequentially; use independent-resample intervals
79,gaussian_process,0,bucketed,last_depth,128,1024,3,14,6.71506667137146,8.202624969184399,repeat indices align samples but methods were timed sequentially; use independent-resample intervals
79,gaussian_process,0,bucketed,last_depth,128,1024,3,15,6.7671647146344185,8.100526139140129,repeat indices align samples but methods were timed sequentially; use independent-resample intervals
79,gaussian_process,0,bucketed,last_depth,128,1024,3,16,6.6707847863435745,8.077607579529285,repeat indices align samples but methods were timed sequentially; use independent-resample intervals
79,gaussian_process,0,bucketed,last_depth,128,1024,3,17,6.735940665006638,8.109466843307018,repeat indices align samples but methods were timed sequentially; use independent-resample intervals
79,gaussian_process,0,bucketed,last_depth,128,1024,3,18,6.65097576379776,8.173912890255451,repeat indices align samples but methods were timed sequentially; use independent-resample intervals
79,gaussian_process,0,bucketed,last_depth,128,1024,3,19,6.620202407240868,8.206667244434357,repeat indices align samples but methods were timed sequentially; use independent-resample intervals
79,gaussian_process,0,bucketed,last_depth,128,1024,3,20,6.73095215857029,8.071457743644714,repeat indices align samples but methods were timed sequentially; use independent-resample intervals
79,gaussian_process,0,bucketed,last_depth,128,1024,3,21,6.670827262103558,8.072062090039253,repeat indices align samples but methods were timed sequentially; use independent-resample intervals
79,gaussian_process,0,bucketed,last_depth,128,1024,3,22,7.481091290712357,8.549700446426868,repeat indices align samples but methods were timed sequentially; use independent-resample intervals
79,gaussian_process,0,bucketed,last_depth,128,1024,3,23,7.160663612186909,8.324440315365791,repeat indices align samples but methods were timed sequentially; use independent-resample intervals
79,gaussian_process,0,bucketed,last_depth,128,1024,3,24,6.942481338977814,8.206326864659786,repeat indices align samples but methods were timed sequentially; use independent-resample intervals
79,gaussian_process,0,bucketed,last_depth,128,1024,3,25,7.0169889107346535,8.11767666041851,repeat indices align samples but methods were timed sequentially; use independent-resample intervals
79,gaussian_process,0,bucketed,last_depth,128,1024,3,26,6.982936218380928,8.277755245566368,repeat indices align samples but methods were timed sequentially; use independent-resample intervals
79,gaussian_process,0,bucketed,last_depth,128,1024,3,27,6.776921816170216,8.134730264544487,repeat indices align samples but methods were timed sequentially; use independent-resample intervals
79,gaussian_process,0,bucketed,last_depth,128,1024,3,28,6.754133939743042,8.02720481902361,repeat indices align samples but methods were timed sequentially; use independent-resample intervals
79,gaussian_process,0,bucketed,last_depth,128,1024,3,29,7.035452023148537,8.175583191215992,repeat indices align samples but methods were timed sequentially; use independent-resample intervals
80,gaussian_process,1,monolithic,monolithic,0,1024,3,0,7.911789581179619,7.911789581179619,repeat indices align samples but methods were timed sequentially; use independent-resample intervals
80,gaussian_process,1,monolithic,monolithic,0,1024,3,1,8.047538869082928,8.047538869082928,repeat indices align samples but methods were timed sequentially; use independent-resample intervals
80,gaussian_process,1,monolithic,monolithic,0,1024,3,2,7.916405700147152,7.916405700147152,repeat indices align samples but methods were timed sequentially; use independent-resample intervals
80,gaussian_process,1,monolithic,monolithic,0,1024,3,3,7.751946829259396,7.751946829259396,repeat indices align samples but methods were timed sequentially; use independent-resample intervals
80,gaussian_process,1,monolithic,monolithic,0,1024,3,4,7.804844483733177,7.804844483733177,repeat indices align samples but methods were timed sequentially; use independent-resample intervals
80,gaussian_process,1,monolithic,monolithic,0,1024,3,5,8.005058214068413,8.005058214068413,repeat indices align samples but methods were timed sequentially; use independent-resample intervals
80,gaussian_process,1,monolithic,monolithic,0,1024,3,6,7.747730694711208,7.747730694711208,repeat indices align samples but methods were timed sequentially; use independent-resample intervals
80,gaussian_process,1,monolithic,monolithic,0,1024,3,7,7.81154578179121,7.81154578179121,repeat indices align samples but methods were timed sequentially; use independent-resample intervals
80,gaussian_process,1,monolithic,monolithic,0,1024,3,8,7.915369175374508,7.915369175374508,repeat indices align samples but methods were timed sequentially; use independent-resample intervals
80,gaussian_process,1,monolithic,monolithic,0,1024,3,9,7.815018497407436,7.815018497407436,repeat indices align samples but methods were timed sequentially; use independent-resample intervals
80,gaussian_process,1,monolithic,monolithic,0,1024,3,10,7.751462318003178,7.751462318003178,repeat indices align samples but methods were timed sequentially; use independent-resample intervals
80,gaussian_process,1,monolithic,monolithic,0,1024,3,11,7.697678975760937,7.697678975760937,repeat indices align samples but methods were timed sequentially; use independent-resample intervals
80,gaussian_process,1,monolithic,monolithic,0,1024,3,12,7.707256644964218,7.707256644964218,repeat indices align samples but methods were timed sequentially; use independent-resample intervals
80,gaussian_process,1,monolithic,monolithic,0,1024,3,13,7.6840232238173485,7.6840232238173485,repeat indices align samples but methods were timed sequentially; use independent-resample intervals
80,gaussian_process,1,monolithic,monolithic,0,1024,3,14,7.786441929638386,7.786441929638386,repeat indices align samples but methods were timed sequentially; use independent-resample intervals
80,gaussian_process,1,monolithic,monolithic,0,1024,3,15,7.7472555339336395,7.7472555339336395,repeat indices align samples but methods were timed sequentially; use independent-resample intervals
80,gaussian_process,1,monolithic,monolithic,0,1024,3,16,7.732073836028576,7.732073836028576,repeat indices align samples but methods were timed sequentially; use independent-resample intervals
80,gaussian_process,1,monolithic,monolithic,0,1024,3,17,7.728676572442055,7.728676572442055,repeat indices align samples but methods were timed sequentially; use independent-resample intervals
80,gaussian_process,1,monolithic,monolithic,0,1024,3,18,7.694090612232685,7.694090612232685,repeat indices align samples but methods were timed sequentially; use independent-resample intervals
80,gaussian_process,1,monolithic,monolithic,0,1024,3,19,7.694346159696579,7.694346159696579,repeat indices align samples but methods were timed sequentially; use independent-resample intervals
80,gaussian_process,1,monolithic,monolithic,0,1024,3,20,7.720378167927265,7.720378167927265,repeat indices align samples but methods were timed sequentially; use independent-resample intervals
80,gaussian_process,1,monolithic,monolithic,0,1024,3,21,7.63417711108923,7.63417711108923,repeat indices align samples but methods were timed sequentially; use independent-resample intervals
80,gaussian_process,1,monolithic,monolithic,0,1024,3,22,7.724576622247696,7.724576622247696,repeat indices align samples but methods were timed sequentially; use independent-resample intervals
80,gaussian_process,1,monolithic,monolithic,0,1024,3,23,7.7549900859594345,7.7549900859594345,repeat indices align samples but methods were timed sequentially; use independent-resample intervals
80,gaussian_process,1,monolithic,monolithic,0,1024,3,24,8.022011891007423,8.022011891007423,repeat indices align samples but methods were timed sequentially; use independent-resample intervals
80,gaussian_process,1,monolithic,monolithic,0,1024,3,25,7.980800285935402,7.980800285935402,repeat indices align samples but methods were timed sequentially; use independent-resample intervals
80,gaussian_process,1,monolithic,monolithic,0,1024,3,26,8.036527708172798,8.036527708172798,repeat indices align samples but methods were timed sequentially; use independent-resample intervals
80,gaussian_process,1,monolithic,monolithic,0,1024,3,27,7.7313994616270065,7.7313994616270065,repeat indices align samples but methods were timed sequentially; use independent-resample intervals
80,gaussian_process,1,monolithic,monolithic,0,1024,3,28,7.719712041318417,7.719712041318417,repeat indices align samples but methods were timed sequentially; use independent-resample intervals
80,gaussian_process,1,monolithic,monolithic,0,1024,3,29,7.702326595783234,7.702326595783234,repeat indices align samples but methods were timed sequentially; use independent-resample intervals
81,gaussian_process,1,bucketed,history,64,1024,3,0,6.6465534418821335,7.911789581179619,repeat indices align samples but methods were timed sequentially; use independent-resample intervals
81,gaussian_process,1,bucketed,history,64,1024,3,1,6.751755446195602,8.047538869082928,repeat indices align samples but methods were timed sequentially; use independent-resample intervals
81,gaussian_process,1,bucketed,history,64,1024,3,2,6.671806365251541,7.916405700147152,repeat indices align samples but methods were timed sequentially; use independent-resample intervals
81,gaussian_process,1,bucketed,history,64,1024,3,3,6.707889594137669,7.751946829259396,repeat indices align samples but methods were timed sequentially; use independent-resample intervals
81,gaussian_process,1,bucketed,history,64,1024,3,4,6.67447967082262,7.804844483733177,repeat indices align samples but methods were timed sequentially; use independent-resample intervals
81,gaussian_process,1,bucketed,history,64,1024,3,5,7.108442880213261,8.005058214068413,repeat indices align samples but methods were timed sequentially; use independent-resample intervals
81,gaussian_process,1,bucketed,history,64,1024,3,6,6.966176502406597,7.747730694711208,repeat indices align samples but methods were timed sequentially; use independent-resample intervals
81,gaussian_process,1,bucketed,history,64,1024,3,7,6.796597510576248,7.81154578179121,repeat indices align samples but methods were timed sequentially; use independent-resample intervals
81,gaussian_process,1,bucketed,history,64,1024,3,8,6.775370955467224,7.915369175374508,repeat indices align samples but methods were timed sequentially; use independent-resample intervals
81,gaussian_process,1,bucketed,history,64,1024,3,9,6.748283438384533,7.815018497407436,repeat indices align samples but methods were timed sequentially; use independent-resample intervals
81,gaussian_process,1,bucketed,history,64,1024,3,10,6.988978698849678,7.751462318003178,repeat indices align samples but methods were timed sequentially; use independent-resample intervals
81,gaussian_process,1,bucketed,history,64,1024,3,11,6.750146277248859,7.697678975760937,repeat indices align samples but methods were timed sequentially; use independent-resample intervals
81,gaussian_process,1,bucketed,history,64,1024,3,12,7.066341303288937,7.707256644964218,repeat indices align samples but methods were timed sequentially; use independent-resample intervals
81,gaussian_process,1,bucketed,history,64,1024,3,13,7.193401992321014,7.6840232238173485,repeat indices align samples but methods were timed sequentially; use independent-resample intervals
81,gaussian_process,1,bucketed,history,64,1024,3,14,7.057802617549896,7.786441929638386,repeat indices align samples but methods were timed sequentially; use independent-resample intervals
81,gaussian_process,1,bucketed,history,64,1024,3,15,6.9048100635409355,7.7472555339336395,repeat indices align samples but methods were timed sequentially; use independent-resample intervals
81,gaussian_process,1,bucketed,history,64,1024,3,16,6.921161837875843,7.732073836028576,repeat indices align samples but methods were timed sequentially; use independent-resample intervals
81,gaussian_process,1,bucketed,history,64,1024,3,17,7.0019862949848175,7.728676572442055,repeat indices align samples but methods were timed sequentially; use independent-resample intervals
81,gaussian_process,1,bucketed,history,64,1024,3,18,6.890441656112671,7.694090612232685,repeat indices align samples but methods were timed sequentially; use independent-resample intervals
81,gaussian_process,1,bucketed,history,64,1024,3,19,7.040550194680691,7.694346159696579,repeat indices align samples but methods were timed sequentially; use independent-resample intervals
81,gaussian_process,1,bucketed,history,64,1024,3,20,7.002264782786369,7.720378167927265,repeat indices align samples but methods were timed sequentially; use independent-resample intervals
81,gaussian_process,1,bucketed,history,64,1024,3,21,6.961267806589603,7.63417711108923,repeat indices align samples but methods were timed sequentially; use independent-resample intervals
81,gaussian_process,1,bucketed,history,64,1024,3,22,6.64541395008564,7.724576622247696,repeat indices align samples but methods were timed sequentially; use independent-resample intervals
81,gaussian_process,1,bucketed,history,64,1024,3,23,7.006295695900917,7.7549900859594345,repeat indices align samples but methods were timed sequentially; use independent-resample intervals
81,gaussian_process,1,bucketed,history,64,1024,3,24,6.641544587910175,8.022011891007423,repeat indices align samples but methods were timed sequentially; use independent-resample intervals
81,gaussian_process,1,bucketed,history,64,1024,3,25,6.625698417425156,7.980800285935402,repeat indices align samples but methods were timed sequentially; use independent-resample intervals
81,gaussian_process,1,bucketed,history,64,1024,3,26,6.641462959349155,8.036527708172798,repeat indices align samples but methods were timed sequentially; use independent-resample intervals
81,gaussian_process,1,bucketed,history,64,1024,3,27,6.786290630698204,7.7313994616270065,repeat indices align samples but methods were timed sequentially; use independent-resample intervals
81,gaussian_process,1,bucketed,history,64,1024,3,28,7.3351112231612206,7.719712041318417,repeat indices align samples but methods were timed sequentially; use independent-resample intervals
81,gaussian_process,1,bucketed,history,64,1024,3,29,7.084462359547615,7.702326595783234,repeat indices align samples but methods were timed sequentially; use independent-resample intervals
82,gaussian_process,1,bucketed,history,128,1024,3,0,6.821601614356041,7.911789581179619,repeat indices align samples but methods were timed sequentially; use independent-resample intervals
82,gaussian_process,1,bucketed,history,128,1024,3,1,6.891725845634937,8.047538869082928,repeat indices align samples but methods were timed sequentially; use independent-resample intervals
82,gaussian_process,1,bucketed,history,128,1024,3,2,6.821669831871986,7.916405700147152,repeat indices align samples but methods were timed sequentially; use independent-resample intervals
82,gaussian_process,1,bucketed,history,128,1024,3,3,6.812770888209343,7.751946829259396,repeat indices align samples but methods were timed sequentially; use independent-resample intervals
82,gaussian_process,1,bucketed,history,128,1024,3,4,6.947379842400551,7.804844483733177,repeat indices align samples but methods were timed sequentially; use independent-resample intervals
82,gaussian_process,1,bucketed,history,128,1024,3,5,6.891025900840759,8.005058214068413,repeat indices align samples but methods were timed sequentially; use independent-resample intervals
82,gaussian_process,1,bucketed,history,128,1024,3,6,6.979196645319462,7.747730694711208,repeat indices align samples but methods were timed sequentially; use independent-resample intervals
82,gaussian_process,1,bucketed,history,128,1024,3,7,6.675664432346821,7.81154578179121,repeat indices align samples but methods were timed sequentially; use independent-resample intervals
82,gaussian_process,1,bucketed,history,128,1024,3,8,6.7838911935687065,7.915369175374508,repeat indices align samples but methods were timed sequentially; use independent-resample intervals
82,gaussian_process,1,bucketed,history,128,1024,3,9,6.666812114417553,7.815018497407436,repeat indices align samples but methods were timed sequentially; use independent-resample intervals
82,gaussian_process,1,bucketed,history,128,1024,3,10,6.64867901802063,7.751462318003178,repeat indices align samples but methods were timed sequentially; use independent-resample intervals
82,gaussian_process,1,bucketed,history,128,1024,3,11,6.683837756514549,7.697678975760937,repeat indices align samples but methods were timed sequentially; use independent-resample intervals
82,gaussian_process,1,bucketed,history,128,1024,3,12,6.770256042480469,7.707256644964218,repeat indices align samples but methods were timed sequentially; use independent-resample intervals
82,gaussian_process,1,bucketed,history,128,1024,3,13,6.654473878443241,7.6840232238173485,repeat indices align samples but methods were timed sequentially; use independent-resample intervals
82,gaussian_process,1,bucketed,history,128,1024,3,14,6.784741908311844,7.786441929638386,repeat indices align samples but methods were timed sequentially; use independent-resample intervals
82,gaussian_process,1,bucketed,history,128,1024,3,15,7.132325239479542,7.7472555339336395,repeat indices align samples but methods were timed sequentially; use independent-resample intervals
82,gaussian_process,1,bucketed,history,128,1024,3,16,6.894812159240246,7.732073836028576,repeat indices align samples but methods were timed sequentially; use independent-resample intervals
82,gaussian_process,1,bucketed,history,128,1024,3,17,6.746514283120632,7.728676572442055,repeat indices align samples but methods were timed sequentially; use independent-resample intervals
82,gaussian_process,1,bucketed,history,128,1024,3,18,6.662327192723751,7.694090612232685,repeat indices align samples but methods were timed sequentially; use independent-resample intervals
82,gaussian_process,1,bucketed,history,128,1024,3,19,6.745306245982647,7.694346159696579,repeat indices align samples but methods were timed sequentially; use independent-resample intervals
82,gaussian_process,1,bucketed,history,128,1024,3,20,6.855830162763596,7.720378167927265,repeat indices align samples but methods were timed sequentially; use independent-resample intervals
82,gaussian_process,1,bucketed,history,128,1024,3,21,6.741975761950016,7.63417711108923,repeat indices align samples but methods were timed sequentially; use independent-resample intervals
82,gaussian_process,1,bucketed,history,128,1024,3,22,6.841713860630989,7.724576622247696,repeat indices align samples but methods were timed sequentially; use independent-resample intervals
82,gaussian_process,1,bucketed,history,128,1024,3,23,6.8478162586688995,7.7549900859594345,repeat indices align samples but methods were timed sequentially; use independent-resample intervals
82,gaussian_process,1,bucketed,history,128,1024,3,24,7.058700248599052,8.022011891007423,repeat indices align samples but methods were timed sequentially; use independent-resample intervals
82,gaussian_process,1,bucketed,history,128,1024,3,25,7.046760439872742,7.980800285935402,repeat indices align samples but methods were timed sequentially; use independent-resample intervals
82,gaussian_process,1,bucketed,history,128,1024,3,26,7.153191834688187,8.036527708172798,repeat indices align samples but methods were timed sequentially; use independent-resample intervals
82,gaussian_process,1,bucketed,history,128,1024,3,27,6.745059125125408,7.7313994616270065,repeat indices align samples but methods were timed sequentially; use independent-resample intervals
82,gaussian_process,1,bucketed,history,128,1024,3,28,6.778216950595379,7.719712041318417,repeat indices align samples but methods were timed sequentially; use independent-resample intervals
82,gaussian_process,1,bucketed,history,128,1024,3,29,6.842123620212078,7.702326595783234,repeat indices align samples but methods were timed sequentially; use independent-resample intervals
83,gaussian_process,1,bucketed,last_depth,64,1024,3,0,6.950755923986435,7.911789581179619,repeat indices align samples but methods were timed sequentially; use independent-resample intervals
83,gaussian_process,1,bucketed,last_depth,64,1024,3,1,6.687993213534355,8.047538869082928,repeat indices align samples but methods were timed sequentially; use independent-resample intervals
83,gaussian_process,1,bucketed,last_depth,64,1024,3,2,6.706547759473324,7.916405700147152,repeat indices align samples but methods were timed sequentially; use independent-resample intervals
83,gaussian_process,1,bucketed,last_depth,64,1024,3,3,7.243064805865288,7.751946829259396,repeat indices align samples but methods were timed sequentially; use independent-resample intervals
83,gaussian_process,1,bucketed,last_depth,64,1024,3,4,7.08771687746048,7.804844483733177,repeat indices align samples but methods were timed sequentially; use independent-resample intervals
83,gaussian_process,1,bucketed,last_depth,64,1024,3,5,6.851282276213169,8.005058214068413,repeat indices align samples but methods were timed sequentially; use independent-resample intervals
83,gaussian_process,1,bucketed,last_depth,64,1024,3,6,6.933679789304733,7.747730694711208,repeat indices align samples but methods were timed sequentially; use independent-resample intervals
83,gaussian_process,1,bucketed,last_depth,64,1024,3,7,7.248820453882217,7.81154578179121,repeat indices align samples but methods were timed sequentially; use independent-resample intervals
83,gaussian_process,1,bucketed,last_depth,64,1024,3,8,6.871913380920887,7.915369175374508,repeat indices align samples but methods were timed sequentially; use independent-resample intervals
83,gaussian_process,1,bucketed,last_depth,64,1024,3,9,6.7923643887043,7.815018497407436,repeat indices align samples but methods were timed sequentially; use independent-resample intervals
83,gaussian_process,1,bucketed,last_depth,64,1024,3,10,6.843088023364544,7.751462318003178,repeat indices align samples but methods were timed sequentially; use independent-resample intervals
83,gaussian_process,1,bucketed,last_depth,64,1024,3,11,7.03992123156786,7.697678975760937,repeat indices align samples but methods were timed sequentially; use independent-resample intervals
83,gaussian_process,1,bucketed,last_depth,64,1024,3,12,6.600739859044552,7.707256644964218,repeat indices align samples but methods were timed sequentially; use independent-resample intervals
83,gaussian_process,1,bucketed,last_depth,64,1024,3,13,6.684219188988209,7.6840232238173485,repeat indices align samples but methods were timed sequentially; use independent-resample intervals
83,gaussian_process,1,bucketed,last_depth,64,1024,3,14,6.581034287810326,7.786441929638386,repeat indices align samples but methods were timed sequentially; use independent-resample intervals
83,gaussian_process,1,bucketed,last_depth,64,1024,3,15,6.499650426208973,7.7472555339336395,repeat indices align samples but methods were timed sequentially; use independent-resample intervals
83,gaussian_process,1,bucketed,last_depth,64,1024,3,16,6.707121282815933,7.732073836028576,repeat indices align samples but methods were timed sequentially; use independent-resample intervals
83,gaussian_process,1,bucketed,last_depth,64,1024,3,17,6.787243038415909,7.728676572442055,repeat indices align samples but methods were timed sequentially; use independent-resample intervals
83,gaussian_process,1,bucketed,last_depth,64,1024,3,18,7.004635974764824,7.694090612232685,repeat indices align samples but methods were timed sequentially; use independent-resample intervals
83,gaussian_process,1,bucketed,last_depth,64,1024,3,19,6.73239079862833,7.694346159696579,repeat indices align samples but methods were timed sequentially; use independent-resample intervals
83,gaussian_process,1,bucketed,last_depth,64,1024,3,20,7.31657025963068,7.720378167927265,repeat indices align samples but methods were timed sequentially; use independent-resample intervals
83,gaussian_process,1,bucketed,last_depth,64,1024,3,21,6.723138935863972,7.63417711108923,repeat indices align samples but methods were timed sequentially; use independent-resample intervals
83,gaussian_process,1,bucketed,last_depth,64,1024,3,22,7.334530435502529,7.724576622247696,repeat indices align samples but methods were timed sequentially; use independent-resample intervals
83,gaussian_process,1,bucketed,last_depth,64,1024,3,23,6.75871255248785,7.7549900859594345,repeat indices align samples but methods were timed sequentially; use independent-resample intervals
83,gaussian_process,1,bucketed,last_depth,64,1024,3,24,6.805777609348297,8.022011891007423,repeat indices align samples but methods were timed sequentially; use independent-resample intervals
83,gaussian_process,1,bucketed,last_depth,64,1024,3,25,6.697496883571148,7.980800285935402,repeat indices align samples but methods were timed sequentially; use independent-resample intervals
83,gaussian_process,1,bucketed,last_depth,64,1024,3,26,6.534946098923683,8.036527708172798,repeat indices align samples but methods were timed sequentially; use independent-resample intervals
83,gaussian_process,1,bucketed,last_depth,64,1024,3,27,6.589273028075695,7.7313994616270065,repeat indices align samples but methods were timed sequentially; use independent-resample intervals
83,gaussian_process,1,bucketed,last_depth,64,1024,3,28,6.835173234343529,7.719712041318417,repeat indices align samples but methods were timed sequentially; use independent-resample intervals
83,gaussian_process,1,bucketed,last_depth,64,1024,3,29,6.855064824223518,7.702326595783234,repeat indices align samples but methods were timed sequentially; use independent-resample intervals
84,gaussian_process,1,bucketed,last_depth,128,1024,3,0,6.7021336406469345,7.911789581179619,repeat indices align samples but methods were timed sequentially; use independent-resample intervals
84,gaussian_process,1,bucketed,last_depth,128,1024,3,1,6.82059970498085,8.047538869082928,repeat indices align samples but methods were timed sequentially; use independent-resample intervals
84,gaussian_process,1,bucketed,last_depth,128,1024,3,2,6.636687822639942,7.916405700147152,repeat indices align samples but methods were timed sequentially; use independent-resample intervals
84,gaussian_process,1,bucketed,last_depth,128,1024,3,3,6.701853953301907,7.751946829259396,repeat indices align samples but methods were timed sequentially; use independent-resample intervals
84,gaussian_process,1,bucketed,last_depth,128,1024,3,4,6.697349809110165,7.804844483733177,repeat indices align samples but methods were timed sequentially; use independent-resample intervals
84,gaussian_process,1,bucketed,last_depth,128,1024,3,5,6.683023288846016,8.005058214068413,repeat indices align samples but methods were timed sequentially; use independent-resample intervals
84,gaussian_process,1,bucketed,last_depth,128,1024,3,6,6.758478216826916,7.747730694711208,repeat indices align samples but methods were timed sequentially; use independent-resample intervals
84,gaussian_process,1,bucketed,last_depth,128,1024,3,7,6.763734146952629,7.81154578179121,repeat indices align samples but methods were timed sequentially; use independent-resample intervals
84,gaussian_process,1,bucketed,last_depth,128,1024,3,8,7.240027599036694,7.915369175374508,repeat indices align samples but methods were timed sequentially; use independent-resample intervals
84,gaussian_process,1,bucketed,last_depth,128,1024,3,9,6.758397437632084,7.815018497407436,repeat indices align samples but methods were timed sequentially; use independent-resample intervals
84,gaussian_process,1,bucketed,last_depth,128,1024,3,10,6.96243242174387,7.751462318003178,repeat indices align samples but methods were timed sequentially; use independent-resample intervals
84,gaussian_process,1,bucketed,last_depth,128,1024,3,11,6.793052479624748,7.697678975760937,repeat indices align samples but methods were timed sequentially; use independent-resample intervals
84,gaussian_process,1,bucketed,last_depth,128,1024,3,12,6.789319969713688,7.707256644964218,repeat indices align samples but methods were timed sequentially; use independent-resample intervals
84,gaussian_process,1,bucketed,last_depth,128,1024,3,13,6.747712187469006,7.6840232238173485,repeat indices align samples but methods were timed sequentially; use independent-resample intervals
84,gaussian_process,1,bucketed,last_depth,128,1024,3,14,6.757410407066345,7.786441929638386,repeat indices align samples but methods were timed sequentially; use independent-resample intervals
84,gaussian_process,1,bucketed,last_depth,128,1024,3,15,6.929972305893898,7.7472555339336395,repeat indices align samples but methods were timed sequentially; use independent-resample intervals
84,gaussian_process,1,bucketed,last_depth,128,1024,3,16,6.649425372481346,7.732073836028576,repeat indices align samples but methods were timed sequentially; use independent-resample intervals
84,gaussian_process,1,bucketed,last_depth,128,1024,3,17,6.750588662922382,7.728676572442055,repeat indices align samples but methods were timed sequentially; use independent-resample intervals
84,gaussian_process,1,bucketed,last_depth,128,1024,3,18,6.705748163163662,7.694090612232685,repeat indices align samples but methods were timed sequentially; use independent-resample intervals
84,gaussian_process,1,bucketed,last_depth,128,1024,3,19,6.619598761200905,7.694346159696579,repeat indices align samples but methods were timed sequentially; use independent-resample intervals
84,gaussian_process,1,bucketed,last_depth,128,1024,3,20,6.737386330962181,7.720378167927265,repeat indices align samples but methods were timed sequentially; use independent-resample intervals
84,gaussian_process,1,bucketed,last_depth,128,1024,3,21,6.706454053521156,7.63417711108923,repeat indices align samples but methods were timed sequentially; use independent-resample intervals
84,gaussian_process,1,bucketed,last_depth,128,1024,3,22,6.7529560923576355,7.724576622247696,repeat indices align samples but methods were timed sequentially; use independent-resample intervals
84,gaussian_process,1,bucketed,last_depth,128,1024,3,23,6.80251406878233,7.7549900859594345,repeat indices align samples but methods were timed sequentially; use independent-resample intervals
84,gaussian_process,1,bucketed,last_depth,128,1024,3,24,6.6809923350811005,8.022011891007423,repeat indices align samples but methods were timed sequentially; use independent-resample intervals
84,gaussian_process,1,bucketed,last_depth,128,1024,3,25,6.729497313499451,7.980800285935402,repeat indices align samples but methods were timed sequentially; use independent-resample intervals
84,gaussian_process,1,bucketed,last_depth,128,1024,3,26,6.9742641299963,8.036527708172798,repeat indices align samples but methods were timed sequentially; use independent-resample intervals
84,gaussian_process,1,bucketed,last_depth,128,1024,3,27,6.726439505815506,7.7313994616270065,repeat indices align samples but methods were timed sequentially; use independent-resample intervals
84,gaussian_process,1,bucketed,last_depth,128,1024,3,28,6.704746171832085,7.719712041318417,repeat indices align samples but methods were timed sequentially; use independent-resample intervals
84,gaussian_process,1,bucketed,last_depth,128,1024,3,29,6.678108893334866,7.702326595783234,repeat indices align samples but methods were timed sequentially; use independent-resample intervals
85,gaussian_process,2,monolithic,monolithic,0,1024,3,0,7.6904294937849045,7.6904294937849045,repeat indices align samples but methods were timed sequentially; use independent-resample intervals
85,gaussian_process,2,monolithic,monolithic,0,1024,3,1,7.809921994805336,7.809921994805336,repeat indices align samples but methods were timed sequentially; use independent-resample intervals
85,gaussian_process,2,monolithic,monolithic,0,1024,3,2,7.75249108672142,7.75249108672142,repeat indices align samples but methods were timed sequentially; use independent-resample intervals
85,gaussian_process,2,monolithic,monolithic,0,1024,3,3,7.8907269313931465,7.8907269313931465,repeat indices align samples but methods were timed sequentially; use independent-resample intervals
85,gaussian_process,2,monolithic,monolithic,0,1024,3,4,8.086798414587975,8.086798414587975,repeat indices align samples but methods were timed sequentially; use independent-resample intervals
85,gaussian_process,2,monolithic,monolithic,0,1024,3,5,7.845843814313412,7.845843814313412,repeat indices align samples but methods were timed sequentially; use independent-resample intervals
85,gaussian_process,2,monolithic,monolithic,0,1024,3,6,7.978984467685223,7.978984467685223,repeat indices align samples but methods were timed sequentially; use independent-resample intervals
85,gaussian_process,2,monolithic,monolithic,0,1024,3,7,7.9765873700380325,7.9765873700380325,repeat indices align samples but methods were timed sequentially; use independent-resample intervals
85,gaussian_process,2,monolithic,monolithic,0,1024,3,8,7.828151203691959,7.828151203691959,repeat indices align samples but methods were timed sequentially; use independent-resample intervals
85,gaussian_process,2,monolithic,monolithic,0,1024,3,9,7.83778028190136,7.83778028190136,repeat indices align samples but methods were timed sequentially; use independent-resample intervals
85,gaussian_process,2,monolithic,monolithic,0,1024,3,10,7.69487950950861,7.69487950950861,repeat indices align samples but methods were timed sequentially; use independent-resample intervals
85,gaussian_process,2,monolithic,monolithic,0,1024,3,11,7.751825861632824,7.751825861632824,repeat indices align samples but methods were timed sequentially; use independent-resample intervals
85,gaussian_process,2,monolithic,monolithic,0,1024,3,12,7.905553467571735,7.905553467571735,repeat indices align samples but methods were timed sequentially; use independent-resample intervals
85,gaussian_process,2,monolithic,monolithic,0,1024,3,13,7.903842002153397,7.903842002153397,repeat indices align samples but methods were timed sequentially; use independent-resample intervals
85,gaussian_process,2,monolithic,monolithic,0,1024,3,14,7.7653810530900955,7.7653810530900955,repeat indices align samples but methods were timed sequentially; use independent-resample intervals
85,gaussian_process,2,monolithic,monolithic,0,1024,3,15,7.769618853926659,7.769618853926659,repeat indices align samples but methods were timed sequentially; use independent-resample intervals
85,gaussian_process,2,monolithic,monolithic,0,1024,3,16,7.733365640044212,7.733365640044212,repeat indices align samples but methods were timed sequentially; use independent-resample intervals
85,gaussian_process,2,monolithic,monolithic,0,1024,3,17,7.804181270301342,7.804181270301342,repeat indices align samples but methods were timed sequentially; use independent-resample intervals
85,gaussian_process,2,monolithic,monolithic,0,1024,3,18,7.84556257724762,7.84556257724762,repeat indices align samples but methods were timed sequentially; use independent-resample intervals
85,gaussian_process,2,monolithic,monolithic,0,1024,3,19,7.924176126718521,7.924176126718521,repeat indices align samples but methods were timed sequentially; use independent-resample intervals
85,gaussian_process,2,monolithic,monolithic,0,1024,3,20,7.9375617653131485,7.9375617653131485,repeat indices align samples but methods were timed sequentially; use independent-resample intervals
85,gaussian_process,2,monolithic,monolithic,0,1024,3,21,8.120659373700619,8.120659373700619,repeat indices align samples but methods were timed sequentially; use independent-resample intervals
85,gaussian_process,2,monolithic,monolithic,0,1024,3,22,7.769056037068367,7.769056037068367,repeat indices align samples but methods were timed sequentially; use independent-resample intervals
85,gaussian_process,2,monolithic,monolithic,0,1024,3,23,7.8338781371712685,7.8338781371712685,repeat indices align samples but methods were timed sequentially; use independent-resample intervals
85,gaussian_process,2,monolithic,monolithic,0,1024,3,24,7.788556449115276,7.788556449115276,repeat indices align samples but methods were timed sequentially; use independent-resample intervals
85,gaussian_process,2,monolithic,monolithic,0,1024,3,25,7.78166863322258,7.78166863322258,repeat indices align samples but methods were timed sequentially; use independent-resample intervals
85,gaussian_process,2,monolithic,monolithic,0,1024,3,26,7.704028308391571,7.704028308391571,repeat indices align samples but methods were timed sequentially; use independent-resample intervals
85,gaussian_process,2,monolithic,monolithic,0,1024,3,27,8.291564293205738,8.291564293205738,repeat indices align samples but methods were timed sequentially; use independent-resample intervals
85,gaussian_process,2,monolithic,monolithic,0,1024,3,28,7.975654870271683,7.975654870271683,repeat indices align samples but methods were timed sequentially; use independent-resample intervals
85,gaussian_process,2,monolithic,monolithic,0,1024,3,29,7.855818621814251,7.855818621814251,repeat indices align samples but methods were timed sequentially; use independent-resample intervals
86,gaussian_process,2,bucketed,history,64,1024,3,0,6.773244716227055,7.6904294937849045,repeat indices align samples but methods were timed sequentially; use independent-resample intervals
86,gaussian_process,2,bucketed,history,64,1024,3,1,6.5967327654361725,7.809921994805336,repeat indices align samples but methods were timed sequentially; use independent-resample intervals
86,gaussian_process,2,bucketed,history,64,1024,3,2,6.620147578418255,7.75249108672142,repeat indices align samples but methods were timed sequentially; use independent-resample intervals
86,gaussian_process,2,bucketed,history,64,1024,3,3,6.704415947198868,7.8907269313931465,repeat indices align samples but methods were timed sequentially; use independent-resample intervals
86,gaussian_process,2,bucketed,history,64,1024,3,4,6.79040364921093,8.086798414587975,repeat indices align samples but methods were timed sequentially; use independent-resample intervals
86,gaussian_process,2,bucketed,history,64,1024,3,5,6.812714956700802,7.845843814313412,repeat indices align samples but methods were timed sequentially; use independent-resample intervals
86,gaussian_process,2,bucketed,history,64,1024,3,6,6.597292982041836,7.978984467685223,repeat indices align samples but methods were timed sequentially; use independent-resample intervals
86,gaussian_process,2,bucketed,history,64,1024,3,7,6.780076302587986,7.9765873700380325,repeat indices align samples but methods were timed sequentially; use independent-resample intervals
86,gaussian_process,2,bucketed,history,64,1024,3,8,6.629579961299896,7.828151203691959,repeat indices align samples but methods were timed sequentially; use independent-resample intervals
86,gaussian_process,2,bucketed,history,64,1024,3,9,6.819286830723286,7.83778028190136,repeat indices align samples but methods were timed sequentially; use independent-resample intervals
86,gaussian_process,2,bucketed,history,64,1024,3,10,6.65470415353775,7.69487950950861,repeat indices align samples but methods were timed sequentially; use independent-resample intervals
86,gaussian_process,2,bucketed,history,64,1024,3,11,6.713806681334972,7.751825861632824,repeat indices align samples but methods were timed sequentially; use independent-resample intervals
86,gaussian_process,2,bucketed,history,64,1024,3,12,6.688919961452484,7.905553467571735,repeat indices align samples but methods were timed sequentially; use independent-resample intervals
86,gaussian_process,2,bucketed,history,64,1024,3,13,6.75619987398386,7.903842002153397,repeat indices align samples but methods were timed sequentially; use independent-resample intervals
86,gaussian_process,2,bucketed,history,64,1024,3,14,7.240057796239853,7.7653810530900955,repeat indices align samples but methods were timed sequentially; use independent-resample intervals
86,gaussian_process,2,bucketed,history,64,1024,3,15,6.795379169285297,7.769618853926659,repeat indices align samples but methods were timed sequentially; use independent-resample intervals
86,gaussian_process,2,bucketed,history,64,1024,3,16,6.59626504778862,7.733365640044212,repeat indices align samples but methods were timed sequentially; use independent-resample intervals
86,gaussian_process,2,bucketed,history,64,1024,3,17,6.699673525989056,7.804181270301342,repeat indices align samples but methods were timed sequentially; use independent-resample intervals
86,gaussian_process,2,bucketed,history,64,1024,3,18,6.706439204514027,7.84556257724762,repeat indices align samples but methods were timed sequentially; use independent-resample intervals
86,gaussian_process,2,bucketed,history,64,1024,3,19,6.974152788519859,7.924176126718521,repeat indices align samples but methods were timed sequentially; use independent-resample intervals
86,gaussian_process,2,bucketed,history,64,1024,3,20,6.896950788795948,7.9375617653131485,repeat indices align samples but methods were timed sequentially; use independent-resample intervals
86,gaussian_process,2,bucketed,history,64,1024,3,21,6.9604286924004555,8.120659373700619,repeat indices align samples but methods were timed sequentially; use independent-resample intervals
86,gaussian_process,2,bucketed,history,64,1024,3,22,6.793865390121937,7.769056037068367,repeat indices align samples but methods were timed sequentially; use independent-resample intervals
86,gaussian_process,2,bucketed,history,64,1024,3,23,7.2475976422429085,7.8338781371712685,repeat indices align samples but methods were timed sequentially; use independent-resample intervals
86,gaussian_process,2,bucketed,history,64,1024,3,24,6.68253268301487,7.788556449115276,repeat indices align samples but methods were timed sequentially; use independent-resample intervals
86,gaussian_process,2,bucketed,history,64,1024,3,25,6.544932030141354,7.78166863322258,repeat indices align samples but methods were timed sequentially; use independent-resample intervals
86,gaussian_process,2,bucketed,history,64,1024,3,26,6.562470577657223,7.704028308391571,repeat indices align samples but methods were timed sequentially; use independent-resample intervals
86,gaussian_process,2,bucketed,history,64,1024,3,27,6.639405660331249,8.291564293205738,repeat indices align samples but methods were timed sequentially; use independent-resample intervals
86,gaussian_process,2,bucketed,history,64,1024,3,28,6.756984114646912,7.975654870271683,repeat indices align samples but methods were timed sequentially; use independent-resample intervals
86,gaussian_process,2,bucketed,history,64,1024,3,29,6.629830591380596,7.855818621814251,repeat indices align samples but methods were timed sequentially; use independent-resample intervals
87,gaussian_process,2,bucketed,history,128,1024,3,0,6.7465528175234795,7.6904294937849045,repeat indices align samples but methods were timed sequentially; use independent-resample intervals
87,gaussian_process,2,bucketed,history,128,1024,3,1,6.698859982192516,7.809921994805336,repeat indices align samples but methods were timed sequentially; use independent-resample intervals
87,gaussian_process,2,bucketed,history,128,1024,3,2,7.0982323959469795,7.75249108672142,repeat indices align samples but methods were timed sequentially; use independent-resample intervals
87,gaussian_process,2,bucketed,history,128,1024,3,3,6.7972573563456535,7.8907269313931465,repeat indices align samples but methods were timed sequentially; use independent-resample intervals
87,gaussian_process,2,bucketed,history,128,1024,3,4,6.801772259175777,8.086798414587975,repeat indices align samples but methods were timed sequentially; use independent-resample intervals
87,gaussian_process,2,bucketed,history,128,1024,3,5,6.7729760110378265,7.845843814313412,repeat indices align samples but methods were timed sequentially; use independent-resample intervals
87,gaussian_process,2,bucketed,history,128,1024,3,6,6.684763230383396,7.978984467685223,repeat indices align samples but methods were timed sequentially; use independent-resample intervals
87,gaussian_process,2,bucketed,history,128,1024,3,7,6.6867911368608475,7.9765873700380325,repeat indices align samples but methods were timed sequentially; use independent-resample intervals
87,gaussian_process,2,bucketed,history,128,1024,3,8,6.624280892312527,7.828151203691959,repeat indices align samples but methods were timed sequentially; use independent-resample intervals
87,gaussian_process,2,bucketed,history,128,1024,3,9,6.717305243015289,7.83778028190136,repeat indices align samples but methods were timed sequentially; use independent-resample intervals
87,gaussian_process,2,bucketed,history,128,1024,3,10,6.6464992091059685,7.69487950950861,repeat indices align samples but methods were timed sequentially; use independent-resample intervals
87,gaussian_process,2,bucketed,history,128,1024,3,11,6.891050919890404,7.751825861632824,repeat indices align samples but methods were timed sequentially; use independent-resample intervals
87,gaussian_process,2,bucketed,history,128,1024,3,12,6.595877893269062,7.905553467571735,repeat indices align samples but methods were timed sequentially; use independent-resample intervals
87,gaussian_process,2,bucketed,history,128,1024,3,13,6.638511039316654,7.903842002153397,repeat indices align samples but methods were timed sequentially; use independent-resample intervals
87,gaussian_process,2,bucketed,history,128,1024,3,14,6.523906469345093,7.7653810530900955,repeat indices align samples but methods were timed sequentially; use independent-resample intervals
87,gaussian_process,2,bucketed,history,128,1024,3,15,6.682021252810955,7.769618853926659,repeat indices align samples but methods were timed sequentially; use independent-resample intervals
87,gaussian_process,2,bucketed,history,128,1024,3,16,6.794872261583805,7.733365640044212,repeat indices align samples but methods were timed sequentially; use independent-resample intervals
87,gaussian_process,2,bucketed,history,128,1024,3,17,6.793574765324593,7.804181270301342,repeat indices align samples but methods were timed sequentially; use independent-resample intervals
87,gaussian_process,2,bucketed,history,128,1024,3,18,6.627124980092049,7.84556257724762,repeat indices align samples but methods were timed sequentially; use independent-resample intervals
87,gaussian_process,2,bucketed,history,128,1024,3,19,6.5938530415296555,7.924176126718521,repeat indices align samples but methods were timed sequentially; use independent-resample intervals
87,gaussian_process,2,bucketed,history,128,1024,3,20,6.953383691608906,7.9375617653131485,repeat indices align samples but methods were timed sequentially; use independent-resample intervals
87,gaussian_process,2,bucketed,history,128,1024,3,21,6.666341036558151,8.120659373700619,repeat indices align samples but methods were timed sequentially; use independent-resample intervals
87,gaussian_process,2,bucketed,history,128,1024,3,22,6.803986579179764,7.769056037068367,repeat indices align samples but methods were timed sequentially; use independent-resample intervals
87,gaussian_process,2,bucketed,history,128,1024,3,23,6.642133347690105,7.8338781371712685,repeat indices align samples but methods were timed sequentially; use independent-resample intervals
87,gaussian_process,2,bucketed,history,128,1024,3,24,6.561585672199726,7.788556449115276,repeat indices align samples but methods were timed sequentially; use independent-resample intervals
87,gaussian_process,2,bucketed,history,128,1024,3,25,6.594744943082333,7.78166863322258,repeat indices align samples but methods were timed sequentially; use independent-resample intervals
87,gaussian_process,2,bucketed,history,128,1024,3,26,6.692535825073719,7.704028308391571,repeat indices align samples but methods were timed sequentially; use independent-resample intervals
87,gaussian_process,2,bucketed,history,128,1024,3,27,6.74547915905714,8.291564293205738,repeat indices align samples but methods were timed sequentially; use independent-resample intervals
87,gaussian_process,2,bucketed,history,128,1024,3,28,6.740678250789642,7.975654870271683,repeat indices align samples but methods were timed sequentially; use independent-resample intervals
87,gaussian_process,2,bucketed,history,128,1024,3,29,6.863151848316193,7.855818621814251,repeat indices align samples but methods were timed sequentially; use independent-resample intervals
88,gaussian_process,2,bucketed,last_depth,64,1024,3,0,6.772642537951469,7.6904294937849045,repeat indices align samples but methods were timed sequentially; use independent-resample intervals
88,gaussian_process,2,bucketed,last_depth,64,1024,3,1,6.7973848059773445,7.809921994805336,repeat indices align samples but methods were timed sequentially; use independent-resample intervals
88,gaussian_process,2,bucketed,last_depth,64,1024,3,2,6.681097030639648,7.75249108672142,repeat indices align samples but methods were timed sequentially; use independent-resample intervals
88,gaussian_process,2,bucketed,last_depth,64,1024,3,3,6.725787974894047,7.8907269313931465,repeat indices align samples but methods were timed sequentially; use independent-resample intervals
88,gaussian_process,2,bucketed,last_depth,64,1024,3,4,6.740223981440067,8.086798414587975,repeat indices align samples but methods were timed sequentially; use independent-resample intervals
88,gaussian_process,2,bucketed,last_depth,64,1024,3,5,6.6046779453754425,7.845843814313412,repeat indices align samples but methods were timed sequentially; use independent-resample intervals
88,gaussian_process,2,bucketed,last_depth,64,1024,3,6,6.934269770979881,7.978984467685223,repeat indices align samples but methods were timed sequentially; use independent-resample intervals
88,gaussian_process,2,bucketed,last_depth,64,1024,3,7,7.004887901246548,7.9765873700380325,repeat indices align samples but methods were timed sequentially; use independent-resample intervals
88,gaussian_process,2,bucketed,last_depth,64,1024,3,8,7.423580951988697,7.828151203691959,repeat indices align samples but methods were timed sequentially; use independent-resample intervals
88,gaussian_process,2,bucketed,last_depth,64,1024,3,9,7.057689748704433,7.83778028190136,repeat indices align samples but methods were timed sequentially; use independent-resample intervals
88,gaussian_process,2,bucketed,last_depth,64,1024,3,10,6.887472487986088,7.69487950950861,repeat indices align samples but methods were timed sequentially; use independent-resample intervals
88,gaussian_process,2,bucketed,last_depth,64,1024,3,11,6.867617331445217,7.751825861632824,repeat indices align samples but methods were timed sequentially; use independent-resample intervals
88,gaussian_process,2,bucketed,last_depth,64,1024,3,12,6.6668641194701195,7.905553467571735,repeat indices align samples but methods were timed sequentially; use independent-resample intervals
88,gaussian_process,2,bucketed,last_depth,64,1024,3,13,6.932631380856037,7.903842002153397,repeat indices align samples but methods were timed sequentially; use independent-resample intervals
88,gaussian_process,2,bucketed,last_depth,64,1024,3,14,6.918130703270435,7.7653810530900955,repeat indices align samples but methods were timed sequentially; use independent-resample intervals
88,gaussian_process,2,bucketed,last_depth,64,1024,3,15,7.0483192056417465,7.769618853926659,repeat indices align samples but methods were timed sequentially; use independent-resample intervals
88,gaussian_process,2,bucketed,last_depth,64,1024,3,16,7.035959988832474,7.733365640044212,repeat indices align samples but methods were timed sequentially; use independent-resample intervals
88,gaussian_process,2,bucketed,last_depth,64,1024,3,17,6.78227236866951,7.804181270301342,repeat indices align samples but methods were timed sequentially; use independent-resample intervals
88,gaussian_process,2,bucketed,last_depth,64,1024,3,18,6.812308460474014,7.84556257724762,repeat indices align samples but methods were timed sequentially; use independent-resample intervals
88,gaussian_process,2,bucketed,last_depth,64,1024,3,19,6.5881025195121765,7.924176126718521,repeat indices align samples but methods were timed sequentially; use independent-resample intervals
88,gaussian_process,2,bucketed,last_depth,64,1024,3,20,6.694027200341225,7.9375617653131485,repeat indices align samples but methods were timed sequentially; use independent-resample intervals
88,gaussian_process,2,bucketed,last_depth,64,1024,3,21,6.777605690062046,8.120659373700619,repeat indices align samples but methods were timed sequentially; use independent-resample intervals
88,gaussian_process,2,bucketed,last_depth,64,1024,3,22,6.9111747816205025,7.769056037068367,repeat indices align samples but methods were timed sequentially; use independent-resample intervals
88,gaussian_process,2,bucketed,last_depth,64,1024,3,23,6.784185111522675,7.8338781371712685,repeat indices align samples but methods were timed sequentially; use independent-resample intervals
88,gaussian_process,2,bucketed,last_depth,64,1024,3,24,6.6139078959822655,7.788556449115276,repeat indices align samples but methods were timed sequentially; use independent-resample intervals
88,gaussian_process,2,bucketed,last_depth,64,1024,3,25,7.184437990188599,7.78166863322258,repeat indices align samples but methods were timed sequentially; use independent-resample intervals
88,gaussian_process,2,bucketed,last_depth,64,1024,3,26,6.930514961481094,7.704028308391571,repeat indices align samples but methods were timed sequentially; use independent-resample intervals
88,gaussian_process,2,bucketed,last_depth,64,1024,3,27,6.864711008965969,8.291564293205738,repeat indices align samples but methods were timed sequentially; use independent-resample intervals
88,gaussian_process,2,bucketed,last_depth,64,1024,3,28,6.741124294698238,7.975654870271683,repeat indices align samples but methods were timed sequentially; use independent-resample intervals
88,gaussian_process,2,bucketed,last_depth,64,1024,3,29,6.846704728901386,7.855818621814251,repeat indices align samples but methods were timed sequentially; use independent-resample intervals
89,gaussian_process,2,bucketed,last_depth,128,1024,3,0,6.864138372242451,7.6904294937849045,repeat indices align samples but methods were timed sequentially; use independent-resample intervals
89,gaussian_process,2,bucketed,last_depth,128,1024,3,1,6.853833518922329,7.809921994805336,repeat indices align samples but methods were timed sequentially; use independent-resample intervals
89,gaussian_process,2,bucketed,last_depth,128,1024,3,2,6.680779837071896,7.75249108672142,repeat indices align samples but methods were timed sequentially; use independent-resample intervals
89,gaussian_process,2,bucketed,last_depth,128,1024,3,3,6.694660052657127,7.8907269313931465,repeat indices align samples but methods were timed sequentially; use independent-resample intervals
89,gaussian_process,2,bucketed,last_depth,128,1024,3,4,6.814346134662628,8.086798414587975,repeat indices align samples but methods were timed sequentially; use independent-resample intervals
89,gaussian_process,2,bucketed,last_depth,128,1024,3,5,6.785415180027485,7.845843814313412,repeat indices align samples but methods were timed sequentially; use independent-resample intervals
89,gaussian_process,2,bucketed,last_depth,128,1024,3,6,7.031090132892132,7.978984467685223,repeat indices align samples but methods were timed sequentially; use independent-resample intervals
89,gaussian_process,2,bucketed,last_depth,128,1024,3,7,7.059587754309177,7.9765873700380325,repeat indices align samples but methods were timed sequentially; use independent-resample intervals
89,gaussian_process,2,bucketed,last_depth,128,1024,3,8,6.785790897905827,7.828151203691959,repeat indices align samples but methods were timed sequentially; use independent-resample intervals
89,gaussian_process,2,bucketed,last_depth,128,1024,3,9,6.761469714343548,7.83778028190136,repeat indices align samples but methods were timed sequentially; use independent-resample intervals
89,gaussian_process,2,bucketed,last_depth,128,1024,3,10,6.714341469109058,7.69487950950861,repeat indices align samples but methods were timed sequentially; use independent-resample intervals
89,gaussian_process,2,bucketed,last_depth,128,1024,3,11,6.62740046530962,7.751825861632824,repeat indices align samples but methods were timed sequentially; use independent-resample intervals
89,gaussian_process,2,bucketed,last_depth,128,1024,3,12,6.821600340306759,7.905553467571735,repeat indices align samples but methods were timed sequentially; use independent-resample intervals
89,gaussian_process,2,bucketed,last_depth,128,1024,3,13,6.797857783734798,7.903842002153397,repeat indices align samples but methods were timed sequentially; use independent-resample intervals
89,gaussian_process,2,bucketed,last_depth,128,1024,3,14,6.8506247997283936,7.7653810530900955,repeat indices align samples but methods were timed sequentially; use independent-resample intervals
89,gaussian_process,2,bucketed,last_depth,128,1024,3,15,6.769642658531666,7.769618853926659,repeat indices align samples but methods were timed sequentially; use independent-resample intervals
89,gaussian_process,2,bucketed,last_depth,128,1024,3,16,6.722830161452293,7.733365640044212,repeat indices align samples but methods were timed sequentially; use independent-resample intervals
89,gaussian_process,2,bucketed,last_depth,128,1024,3,17,6.880400903522968,7.804181270301342,repeat indices align samples but methods were timed sequentially; use independent-resample intervals
89,gaussian_process,2,bucketed,last_depth,128,1024,3,18,6.728883013129234,7.84556257724762,repeat indices align samples but methods were timed sequentially; use independent-resample intervals
89,gaussian_process,2,bucketed,last_depth,128,1024,3,19,6.716573171317577,7.924176126718521,repeat indices align samples but methods were timed sequentially; use independent-resample intervals
89,gaussian_process,2,bucketed,last_depth,128,1024,3,20,6.68630014359951,7.9375617653131485,repeat indices align samples but methods were timed sequentially; use independent-resample intervals
89,gaussian_process,2,bucketed,last_depth,128,1024,3,21,6.816010303795338,8.120659373700619,repeat indices align samples but methods were timed sequentially; use independent-resample intervals
89,gaussian_process,2,bucketed,last_depth,128,1024,3,22,6.7680079489946365,7.769056037068367,repeat indices align samples but methods were timed sequentially; use independent-resample intervals
89,gaussian_process,2,bucketed,last_depth,128,1024,3,23,6.750233270227909,7.8338781371712685,repeat indices align samples but methods were timed sequentially; use independent-resample intervals
89,gaussian_process,2,bucketed,last_depth,128,1024,3,24,6.713468350470066,7.788556449115276,repeat indices align samples but methods were timed sequentially; use independent-resample intervals
89,gaussian_process,2,bucketed,last_depth,128,1024,3,25,6.738654308021069,7.78166863322258,repeat indices align samples but methods were timed sequentially; use independent-resample intervals
89,gaussian_process,2,bucketed,last_depth,128,1024,3,26,7.045511066913605,7.704028308391571,repeat indices align samples but methods were timed sequentially; use independent-resample intervals
89,gaussian_process,2,bucketed,last_depth,128,1024,3,27,6.943885996937752,8.291564293205738,repeat indices align samples but methods were timed sequentially; use independent-resample intervals
89,gaussian_process,2,bucketed,last_depth,128,1024,3,28,6.792857840657234,7.975654870271683,repeat indices align samples but methods were timed sequentially; use independent-resample intervals
89,gaussian_process,2,bucketed,last_depth,128,1024,3,29,6.855266444385052,7.855818621814251,repeat indices align samples but methods were timed sequentially; use independent-resample intervals
90,gaussian_process,3,monolithic,monolithic,0,1024,3,0,7.763400390744209,7.763400390744209,repeat indices align samples but methods were timed sequentially; use independent-resample intervals
90,gaussian_process,3,monolithic,monolithic,0,1024,3,1,7.4690126702189445,7.4690126702189445,repeat indices align samples but methods were timed sequentially; use independent-resample intervals
90,gaussian_process,3,monolithic,monolithic,0,1024,3,2,7.573403142392635,7.573403142392635,repeat indices align samples but methods were timed sequentially; use independent-resample intervals
90,gaussian_process,3,monolithic,monolithic,0,1024,3,3,7.440821833908558,7.440821833908558,repeat indices align samples but methods were timed sequentially; use independent-resample intervals
90,gaussian_process,3,monolithic,monolithic,0,1024,3,4,7.349730283021927,7.349730283021927,repeat indices align samples but methods were timed sequentially; use independent-resample intervals
90,gaussian_process,3,monolithic,monolithic,0,1024,3,5,7.414360873401165,7.414360873401165,repeat indices align samples but methods were timed sequentially; use independent-resample intervals
90,gaussian_process,3,monolithic,monolithic,0,1024,3,6,7.3948406502604485,7.3948406502604485,repeat indices align samples but methods were timed sequentially; use independent-resample intervals
90,gaussian_process,3,monolithic,monolithic,0,1024,3,7,7.477482125163078,7.477482125163078,repeat indices align samples but methods were timed sequentially; use independent-resample intervals
90,gaussian_process,3,monolithic,monolithic,0,1024,3,8,7.871724970638752,7.871724970638752,repeat indices align samples but methods were timed sequentially; use independent-resample intervals
90,gaussian_process,3,monolithic,monolithic,0,1024,3,9,7.617891602218151,7.617891602218151,repeat indices align samples but methods were timed sequentially; use independent-resample intervals
90,gaussian_process,3,monolithic,monolithic,0,1024,3,10,7.666904799640179,7.666904799640179,repeat indices align samples but methods were timed sequentially; use independent-resample intervals
90,gaussian_process,3,monolithic,monolithic,0,1024,3,11,7.7891596257686615,7.7891596257686615,repeat indices align samples but methods were timed sequentially; use independent-resample intervals
90,gaussian_process,3,monolithic,monolithic,0,1024,3,12,7.875597111880779,7.875597111880779,repeat indices align samples but methods were timed sequentially; use independent-resample intervals
90,gaussian_process,3,monolithic,monolithic,0,1024,3,13,7.722436159849167,7.722436159849167,repeat indices align samples but methods were timed sequentially; use independent-resample intervals
90,gaussian_process,3,monolithic,monolithic,0,1024,3,14,7.790674269199371,7.790674269199371,repeat indices align samples but methods were timed sequentially; use independent-resample intervals
90,gaussian_process,3,monolithic,monolithic,0,1024,3,15,7.811671197414398,7.811671197414398,repeat indices align samples but methods were timed sequentially; use independent-resample intervals
90,gaussian_process,3,monolithic,monolithic,0,1024,3,16,8.325530529022217,8.325530529022217,repeat indices align samples but methods were timed sequentially; use independent-resample intervals
90,gaussian_process,3,monolithic,monolithic,0,1024,3,17,7.983201615512371,7.983201615512371,repeat indices align samples but methods were timed sequentially; use independent-resample intervals
90,gaussian_process,3,monolithic,monolithic,0,1024,3,18,7.780358798801899,7.780358798801899,repeat indices align samples but methods were timed sequentially; use independent-resample intervals
90,gaussian_process,3,monolithic,monolithic,0,1024,3,19,7.842516653239727,7.842516653239727,repeat indices align samples but methods were timed sequentially; use independent-resample intervals
90,gaussian_process,3,monolithic,monolithic,0,1024,3,20,7.945577397942543,7.945577397942543,repeat indices align samples but methods were timed sequentially; use independent-resample intervals
90,gaussian_process,3,monolithic,monolithic,0,1024,3,21,7.734464175999165,7.734464175999165,repeat indices align samples but methods were timed sequentially; use independent-resample intervals
90,gaussian_process,3,monolithic,monolithic,0,1024,3,22,7.486952967941761,7.486952967941761,repeat indices align samples but methods were timed sequentially; use independent-resample intervals
90,gaussian_process,3,monolithic,monolithic,0,1024,3,23,7.438844554126263,7.438844554126263,repeat indices align samples but methods were timed sequentially; use independent-resample intervals
90,gaussian_process,3,monolithic,monolithic,0,1024,3,24,7.5458326786756516,7.5458326786756516,repeat indices align samples but methods were timed sequentially; use independent-resample intervals
90,gaussian_process,3,monolithic,monolithic,0,1024,3,25,7.399125404655933,7.399125404655933,repeat indices align samples but methods were timed sequentially; use independent-resample intervals
90,gaussian_process,3,monolithic,monolithic,0,1024,3,26,7.536911688745022,7.536911688745022,repeat indices align samples but methods were timed sequentially; use independent-resample intervals
90,gaussian_process,3,monolithic,monolithic,0,1024,3,27,7.272331543266773,7.272331543266773,repeat indices align samples but methods were timed sequentially; use independent-resample intervals
90,gaussian_process,3,monolithic,monolithic,0,1024,3,28,7.329697713255882,7.329697713255882,repeat indices align samples but methods were timed sequentially; use independent-resample intervals
90,gaussian_process,3,monolithic,monolithic,0,1024,3,29,7.340395785868168,7.340395785868168,repeat indices align samples but methods were timed sequentially; use independent-resample intervals
91,gaussian_process,3,bucketed,history,64,1024,3,0,6.677927553653717,7.763400390744209,repeat indices align samples but methods were timed sequentially; use independent-resample intervals
91,gaussian_process,3,bucketed,history,64,1024,3,1,6.6988812536001205,7.4690126702189445,repeat indices align samples but methods were timed sequentially; use independent-resample intervals
91,gaussian_process,3,bucketed,history,64,1024,3,2,7.381823472678661,7.573403142392635,repeat indices align samples but methods were timed sequentially; use independent-resample intervals
91,gaussian_process,3,bucketed,history,64,1024,3,3,6.837811283767223,7.440821833908558,repeat indices align samples but methods were timed sequentially; use independent-resample intervals
91,gaussian_process,3,bucketed,history,64,1024,3,4,6.851124994456768,7.349730283021927,repeat indices align samples but methods were timed sequentially; use independent-resample intervals
91,gaussian_process,3,bucketed,history,64,1024,3,5,6.777939237654209,7.414360873401165,repeat indices align samples but methods were timed sequentially; use independent-resample intervals
91,gaussian_process,3,bucketed,history,64,1024,3,6,6.671000920236111,7.3948406502604485,repeat indices align samples but methods were timed sequentially; use independent-resample intervals
91,gaussian_process,3,bucketed,history,64,1024,3,7,6.76014769077301,7.477482125163078,repeat indices align samples but methods were timed sequentially; use independent-resample intervals
91,gaussian_process,3,bucketed,history,64,1024,3,8,6.756104849278927,7.871724970638752,repeat indices align samples but methods were timed sequentially; use independent-resample intervals
91,gaussian_process,3,bucketed,history,64,1024,3,9,6.740462452173233,7.617891602218151,repeat indices align samples but methods were timed sequentially; use independent-resample intervals
91,gaussian_process,3,bucketed,history,64,1024,3,10,6.746672488749027,7.666904799640179,repeat indices align samples but methods were timed sequentially; use independent-resample intervals
91,gaussian_process,3,bucketed,history,64,1024,3,11,7.013206630945206,7.7891596257686615,repeat indices align samples but methods were timed sequentially; use independent-resample intervals
91,gaussian_process,3,bucketed,history,64,1024,3,12,7.080207385122776,7.875597111880779,repeat indices align samples but methods were timed sequentially; use independent-resample intervals
91,gaussian_process,3,bucketed,history,64,1024,3,13,7.0342110469937325,7.722436159849167,repeat indices align samples but methods were timed sequentially; use independent-resample intervals
91,gaussian_process,3,bucketed,history,64,1024,3,14,6.7682216465473175,7.790674269199371,repeat indices align samples but methods were timed sequentially; use independent-resample intervals
91,gaussian_process,3,bucketed,history,64,1024,3,15,6.867202326655388,7.811671197414398,repeat indices align samples but methods were timed sequentially; use independent-resample intervals
91,gaussian_process,3,bucketed,history,64,1024,3,16,6.730218753218651,8.325530529022217,repeat indices align samples but methods were timed sequentially; use independent-resample intervals
91,gaussian_process,3,bucketed,history,64,1024,3,17,6.705977268517017,7.983201615512371,repeat indices align samples but methods were timed sequentially; use independent-resample intervals
91,gaussian_process,3,bucketed,history,64,1024,3,18,6.73036003857851,7.780358798801899,repeat indices align samples but methods were timed sequentially; use independent-resample intervals
91,gaussian_process,3,bucketed,history,64,1024,3,19,7.043367251753807,7.842516653239727,repeat indices align samples but methods were timed sequentially; use independent-resample intervals
91,gaussian_process,3,bucketed,history,64,1024,3,20,7.335033163428307,7.945577397942543,repeat indices align samples but methods were timed sequentially; use independent-resample intervals
91,gaussian_process,3,bucketed,history,64,1024,3,21,6.956385500729084,7.734464175999165,repeat indices align samples but methods were timed sequentially; use independent-resample intervals
91,gaussian_process,3,bucketed,history,64,1024,3,22,6.727985046803951,7.486952967941761,repeat indices align samples but methods were timed sequentially; use independent-resample intervals
91,gaussian_process,3,bucketed,history,64,1024,3,23,6.797543950378895,7.438844554126263,repeat indices align samples but methods were timed sequentially; use independent-resample intervals
91,gaussian_process,3,bucketed,history,64,1024,3,24,6.841926455497742,7.5458326786756516,repeat indices align samples but methods were timed sequentially; use independent-resample intervals
91,gaussian_process,3,bucketed,history,64,1024,3,25,6.7592605873942375,7.399125404655933,repeat indices align samples but methods were timed sequentially; use independent-resample intervals
91,gaussian_process,3,bucketed,history,64,1024,3,26,6.8333044201135635,7.536911688745022,repeat indices align samples but methods were timed sequentially; use independent-resample intervals
91,gaussian_process,3,bucketed,history,64,1024,3,27,6.85418763756752,7.272331543266773,repeat indices align samples but methods were timed sequentially; use independent-resample intervals
91,gaussian_process,3,bucketed,history,64,1024,3,28,7.110718779265881,7.329697713255882,repeat indices align samples but methods were timed sequentially; use independent-resample intervals
91,gaussian_process,3,bucketed,history,64,1024,3,29,6.675403922796249,7.340395785868168,repeat indices align samples but methods were timed sequentially; use independent-resample intervals
92,gaussian_process,3,bucketed,history,128,1024,3,0,6.611893057823181,7.763400390744209,repeat indices align samples but methods were timed sequentially; use independent-resample intervals
92,gaussian_process,3,bucketed,history,128,1024,3,1,6.842000760138035,7.4690126702189445,repeat indices align samples but methods were timed sequentially; use independent-resample intervals
92,gaussian_process,3,bucketed,history,128,1024,3,2,6.847468942403793,7.573403142392635,repeat indices align samples but methods were timed sequentially; use independent-resample intervals
92,gaussian_process,3,bucketed,history,128,1024,3,3,6.7956637814641,7.440821833908558,repeat indices align samples but methods were timed sequentially; use independent-resample intervals
92,gaussian_process,3,bucketed,history,128,1024,3,4,7.154900297522545,7.349730283021927,repeat indices align samples but methods were timed sequentially; use independent-resample intervals
92,gaussian_process,3,bucketed,history,128,1024,3,5,6.885921195149422,7.414360873401165,repeat indices align samples but methods were timed sequentially; use independent-resample intervals
92,gaussian_process,3,bucketed,history,128,1024,3,6,6.8199973702430725,7.3948406502604485,repeat indices align samples but methods were timed sequentially; use independent-resample intervals
92,gaussian_process,3,bucketed,history,128,1024,3,7,7.054609566926956,7.477482125163078,repeat indices align samples but methods were timed sequentially; use independent-resample intervals
92,gaussian_process,3,bucketed,history,128,1024,3,8,6.782153278589249,7.871724970638752,repeat indices align samples but methods were timed sequentially; use independent-resample intervals
92,gaussian_process,3,bucketed,history,128,1024,3,9,6.730629578232765,7.617891602218151,repeat indices align samples but methods were timed sequentially; use independent-resample intervals
92,gaussian_process,3,bucketed,history,128,1024,3,10,6.659055754542351,7.666904799640179,repeat indices align samples but methods were timed sequentially; use independent-resample intervals
92,gaussian_process,3,bucketed,history,128,1024,3,11,6.53783942013979,7.7891596257686615,repeat indices align samples but methods were timed sequentially; use independent-resample intervals
92,gaussian_process,3,bucketed,history,128,1024,3,12,6.600478455424309,7.875597111880779,repeat indices align samples but methods were timed sequentially; use independent-resample intervals
92,gaussian_process,3,bucketed,history,128,1024,3,13,6.584608845412731,7.722436159849167,repeat indices align samples but methods were timed sequentially; use independent-resample intervals
92,gaussian_process,3,bucketed,history,128,1024,3,14,6.590441703796387,7.790674269199371,repeat indices align samples but methods were timed sequentially; use independent-resample intervals
92,gaussian_process,3,bucketed,history,128,1024,3,15,6.578130207955837,7.811671197414398,repeat indices align samples but methods were timed sequentially; use independent-resample intervals
92,gaussian_process,3,bucketed,history,128,1024,3,16,6.697099134325981,8.325530529022217,repeat indices align samples but methods were timed sequentially; use independent-resample intervals
92,gaussian_process,3,bucketed,history,128,1024,3,17,6.672832138836384,7.983201615512371,repeat indices align samples but methods were timed sequentially; use independent-resample intervals
92,gaussian_process,3,bucketed,history,128,1024,3,18,6.617580585181713,7.780358798801899,repeat indices align samples but methods were timed sequentially; use independent-resample intervals
92,gaussian_process,3,bucketed,history,128,1024,3,19,6.570780776441097,7.842516653239727,repeat indices align samples but methods were timed sequentially; use independent-resample intervals
92,gaussian_process,3,bucketed,history,128,1024,3,20,6.593746222555637,7.945577397942543,repeat indices align samples but methods were timed sequentially; use independent-resample intervals
92,gaussian_process,3,bucketed,history,128,1024,3,21,6.676914311945438,7.734464175999165,repeat indices align samples but methods were timed sequentially; use independent-resample intervals
92,gaussian_process,3,bucketed,history,128,1024,3,22,6.652500286698341,7.486952967941761,repeat indices align samples but methods were timed sequentially; use independent-resample intervals
92,gaussian_process,3,bucketed,history,128,1024,3,23,6.615303263068199,7.438844554126263,repeat indices align samples but methods were timed sequentially; use independent-resample intervals
92,gaussian_process,3,bucketed,history,128,1024,3,24,6.578571937978268,7.5458326786756516,repeat indices align samples but methods were timed sequentially; use independent-resample intervals
92,gaussian_process,3,bucketed,history,128,1024,3,25,7.150045156478882,7.399125404655933,repeat indices align samples but methods were timed sequentially; use independent-resample intervals
92,gaussian_process,3,bucketed,history,128,1024,3,26,6.719396196305752,7.536911688745022,repeat indices align samples but methods were timed sequentially; use independent-resample intervals
92,gaussian_process,3,bucketed,history,128,1024,3,27,6.732865788042545,7.272331543266773,repeat indices align samples but methods were timed sequentially; use independent-resample intervals
92,gaussian_process,3,bucketed,history,128,1024,3,28,6.687577530741692,7.329697713255882,repeat indices align samples but methods were timed sequentially; use independent-resample intervals
92,gaussian_process,3,bucketed,history,128,1024,3,29,6.548040300607681,7.340395785868168,repeat indices align samples but methods were timed sequentially; use independent-resample intervals
93,gaussian_process,3,bucketed,last_depth,64,1024,3,0,6.8506409004330635,7.763400390744209,repeat indices align samples but methods were timed sequentially; use independent-resample intervals
93,gaussian_process,3,bucketed,last_depth,64,1024,3,1,6.724208690226078,7.4690126702189445,repeat indices align samples but methods were timed sequentially; use independent-resample intervals
93,gaussian_process,3,bucketed,last_depth,64,1024,3,2,6.8918009996414185,7.573403142392635,repeat indices align samples but methods were timed sequentially; use independent-resample intervals
93,gaussian_process,3,bucketed,last_depth,64,1024,3,3,6.69368926435709,7.440821833908558,repeat indices align samples but methods were timed sequentially; use independent-resample intervals
93,gaussian_process,3,bucketed,last_depth,64,1024,3,4,6.905614599585533,7.349730283021927,repeat indices align samples but methods were timed sequentially; use independent-resample intervals
93,gaussian_process,3,bucketed,last_depth,64,1024,3,5,6.672649368643761,7.414360873401165,repeat indices align samples but methods were timed sequentially; use independent-resample intervals
93,gaussian_process,3,bucketed,last_depth,64,1024,3,6,6.84763216227293,7.3948406502604485,repeat indices align samples but methods were timed sequentially; use independent-resample intervals
93,gaussian_process,3,bucketed,last_depth,64,1024,3,7,6.855673909187317,7.477482125163078,repeat indices align samples but methods were timed sequentially; use independent-resample intervals
93,gaussian_process,3,bucketed,last_depth,64,1024,3,8,6.706629566848278,7.871724970638752,repeat indices align samples but methods were timed sequentially; use independent-resample intervals
93,gaussian_process,3,bucketed,last_depth,64,1024,3,9,6.798416569828987,7.617891602218151,repeat indices align samples but methods were timed sequentially; use independent-resample intervals
93,gaussian_process,3,bucketed,last_depth,64,1024,3,10,6.840216413140297,7.666904799640179,repeat indices align samples but methods were timed sequentially; use independent-resample intervals
93,gaussian_process,3,bucketed,last_depth,64,1024,3,11,6.755714491009712,7.7891596257686615,repeat indices align samples but methods were timed sequentially; use independent-resample intervals
93,gaussian_process,3,bucketed,last_depth,64,1024,3,12,6.992963470518589,7.875597111880779,repeat indices align samples but methods were timed sequentially; use independent-resample intervals
93,gaussian_process,3,bucketed,last_depth,64,1024,3,13,6.739825651049614,7.722436159849167,repeat indices align samples but methods were timed sequentially; use independent-resample intervals
93,gaussian_process,3,bucketed,last_depth,64,1024,3,14,6.813063859939575,7.790674269199371,repeat indices align samples but methods were timed sequentially; use independent-resample intervals
93,gaussian_process,3,bucketed,last_depth,64,1024,3,15,6.80256761610508,7.811671197414398,repeat indices align samples but methods were timed sequentially; use independent-resample intervals
93,gaussian_process,3,bucketed,last_depth,64,1024,3,16,6.6265274584293365,8.325530529022217,repeat indices align samples but methods were timed sequentially; use independent-resample intervals
93,gaussian_process,3,bucketed,last_depth,64,1024,3,17,6.775967665016651,7.983201615512371,repeat indices align samples but methods were timed sequentially; use independent-resample intervals
93,gaussian_process,3,bucketed,last_depth,64,1024,3,18,6.773234039545059,7.780358798801899,repeat indices align samples but methods were timed sequentially; use independent-resample intervals
93,gaussian_process,3,bucketed,last_depth,64,1024,3,19,6.855657868087292,7.842516653239727,repeat indices align samples but methods were timed sequentially; use independent-resample intervals
93,gaussian_process,3,bucketed,last_depth,64,1024,3,20,6.796925216913223,7.945577397942543,repeat indices align samples but methods were timed sequentially; use independent-resample intervals
93,gaussian_process,3,bucketed,last_depth,64,1024,3,21,7.37461081892252,7.734464175999165,repeat indices align samples but methods were timed sequentially; use independent-resample intervals
93,gaussian_process,3,bucketed,last_depth,64,1024,3,22,6.921154372394085,7.486952967941761,repeat indices align samples but methods were timed sequentially; use independent-resample intervals
93,gaussian_process,3,bucketed,last_depth,64,1024,3,23,6.86374669522047,7.438844554126263,repeat indices align samples but methods were timed sequentially; use independent-resample intervals
93,gaussian_process,3,bucketed,last_depth,64,1024,3,24,6.743196830153465,7.5458326786756516,repeat indices align samples but methods were timed sequentially; use independent-resample intervals
93,gaussian_process,3,bucketed,last_depth,64,1024,3,25,6.880415543913841,7.399125404655933,repeat indices align samples but methods were timed sequentially; use independent-resample intervals
93,gaussian_process,3,bucketed,last_depth,64,1024,3,26,6.733768753707409,7.536911688745022,repeat indices align samples but methods were timed sequentially; use independent-resample intervals
93,gaussian_process,3,bucketed,last_depth,64,1024,3,27,6.677851416170597,7.272331543266773,repeat indices align samples but methods were timed sequentially; use independent-resample intervals
93,gaussian_process,3,bucketed,last_depth,64,1024,3,28,6.702719606459141,7.329697713255882,repeat indices align samples but methods were timed sequentially; use independent-resample intervals
93,gaussian_process,3,bucketed,last_depth,64,1024,3,29,6.611301437020302,7.340395785868168,repeat indices align samples but methods were timed sequentially; use independent-resample intervals
94,gaussian_process,3,bucketed,last_depth,128,1024,3,0,6.790890380740166,7.763400390744209,repeat indices align samples but methods were timed sequentially; use independent-resample intervals
94,gaussian_process,3,bucketed,last_depth,128,1024,3,1,7.000402733683586,7.4690126702189445,repeat indices align samples but methods were timed sequentially; use independent-resample intervals
94,gaussian_process,3,bucketed,last_depth,128,1024,3,2,6.577957831323147,7.573403142392635,repeat indices align samples but methods were timed sequentially; use independent-resample intervals
94,gaussian_process,3,bucketed,last_depth,128,1024,3,3,6.5482920333743095,7.440821833908558,repeat indices align samples but methods were timed sequentially; use independent-resample intervals
94,gaussian_process,3,bucketed,last_depth,128,1024,3,4,6.479182593524456,7.349730283021927,repeat indices align samples but methods were timed sequentially; use independent-resample intervals
94,gaussian_process,3,bucketed,last_depth,128,1024,3,5,6.461480751633644,7.414360873401165,repeat indices align samples but methods were timed sequentially; use independent-resample intervals
94,gaussian_process,3,bucketed,last_depth,128,1024,3,6,6.509166434407234,7.3948406502604485,repeat indices align samples but methods were timed sequentially; use independent-resample intervals
94,gaussian_process,3,bucketed,last_depth,128,1024,3,7,6.68873580545187,7.477482125163078,repeat indices align samples but methods were timed sequentially; use independent-resample intervals
94,gaussian_process,3,bucketed,last_depth,128,1024,3,8,6.650373138487339,7.871724970638752,repeat indices align samples but methods were timed sequentially; use independent-resample intervals
94,gaussian_process,3,bucketed,last_depth,128,1024,3,9,6.731714308261871,7.617891602218151,repeat indices align samples but methods were timed sequentially; use independent-resample intervals
94,gaussian_process,3,bucketed,last_depth,128,1024,3,10,6.579062029719353,7.666904799640179,repeat indices align samples but methods were timed sequentially; use independent-resample intervals
94,gaussian_process,3,bucketed,last_depth,128,1024,3,11,6.66861117631197,7.7891596257686615,repeat indices align samples but methods were timed sequentially; use independent-resample intervals
94,gaussian_process,3,bucketed,last_depth,128,1024,3,12,6.710668735206127,7.875597111880779,repeat indices align samples but methods were timed sequentially; use independent-resample intervals
94,gaussian_process,3,bucketed,last_depth,128,1024,3,13,6.591767691075802,7.722436159849167,repeat indices align samples but methods were timed sequentially; use independent-resample intervals
94,gaussian_process,3,bucketed,last_depth,128,1024,3,14,6.612748347222805,7.790674269199371,repeat indices align samples but methods were timed sequentially; use independent-resample intervals
94,gaussian_process,3,bucketed,last_depth,128,1024,3,15,6.705282308161259,7.811671197414398,repeat indices align samples but methods were timed sequentially; use independent-resample intervals
94,gaussian_process,3,bucketed,last_depth,128,1024,3,16,6.518691971898079,8.325530529022217,repeat indices align samples but methods were timed sequentially; use independent-resample intervals
94,gaussian_process,3,bucketed,last_depth,128,1024,3,17,6.604222908616066,7.983201615512371,repeat indices align samples but methods were timed sequentially; use independent-resample intervals
94,gaussian_process,3,bucketed,last_depth,128,1024,3,18,7.033068388700485,7.780358798801899,repeat indices align samples but methods were timed sequentially; use independent-resample intervals
94,gaussian_process,3,bucketed,last_depth,128,1024,3,19,6.643805511295795,7.842516653239727,repeat indices align samples but methods were timed sequentially; use independent-resample intervals
94,gaussian_process,3,bucketed,last_depth,128,1024,3,20,6.757303431630135,7.945577397942543,repeat indices align samples but methods were timed sequentially; use independent-resample intervals
94,gaussian_process,3,bucketed,last_depth,128,1024,3,21,6.513897471129894,7.734464175999165,repeat indices align samples but methods were timed sequentially; use independent-resample intervals
94,gaussian_process,3,bucketed,last_depth,128,1024,3,22,6.50700856000185,7.486952967941761,repeat indices align samples but methods were timed sequentially; use independent-resample intervals
94,gaussian_process,3,bucketed,last_depth,128,1024,3,23,6.675906114280224,7.438844554126263,repeat indices align samples but methods were timed sequentially; use independent-resample intervals
94,gaussian_process,3,bucketed,last_depth,128,1024,3,24,6.561931952834129,7.5458326786756516,repeat indices align samples but methods were timed sequentially; use independent-resample intervals
94,gaussian_process,3,bucketed,last_depth,128,1024,3,25,6.54084488004446,7.399125404655933,repeat indices align samples but methods were timed sequentially; use independent-resample intervals
94,gaussian_process,3,bucketed,last_depth,128,1024,3,26,6.541181772947311,7.536911688745022,repeat indices align samples but methods were timed sequentially; use independent-resample intervals
94,gaussian_process,3,bucketed,last_depth,128,1024,3,27,6.571808636188507,7.272331543266773,repeat indices align samples but methods were timed sequentially; use independent-resample intervals
94,gaussian_process,3,bucketed,last_depth,128,1024,3,28,6.5404699221253395,7.329697713255882,repeat indices align samples but methods were timed sequentially; use independent-resample intervals
94,gaussian_process,3,bucketed,last_depth,128,1024,3,29,6.5071559473872185,7.340395785868168,repeat indices align samples but methods were timed sequentially; use independent-resample intervals
95,gaussian_process,4,monolithic,monolithic,0,1024,3,0,7.413125067949295,7.413125067949295,repeat indices align samples but methods were timed sequentially; use independent-resample intervals
95,gaussian_process,4,monolithic,monolithic,0,1024,3,1,7.418999627232552,7.418999627232552,repeat indices align samples but methods were timed sequentially; use independent-resample intervals
95,gaussian_process,4,monolithic,monolithic,0,1024,3,2,7.398843787610531,7.398843787610531,repeat indices align samples but methods were timed sequentially; use independent-resample intervals
95,gaussian_process,4,monolithic,monolithic,0,1024,3,3,7.340050168335438,7.340050168335438,repeat indices align samples but methods were timed sequentially; use independent-resample intervals
95,gaussian_process,4,monolithic,monolithic,0,1024,3,4,7.389922775328159,7.389922775328159,repeat indices align samples but methods were timed sequentially; use independent-resample intervals
95,gaussian_process,4,monolithic,monolithic,0,1024,3,5,7.399663195014,7.399663195014,repeat indices align samples but methods were timed sequentially; use independent-resample intervals
95,gaussian_process,4,monolithic,monolithic,0,1024,3,6,7.625177092850208,7.625177092850208,repeat indices align samples but methods were timed sequentially; use independent-resample intervals
95,gaussian_process,4,monolithic,monolithic,0,1024,3,7,7.52501966804266,7.52501966804266,repeat indices align samples but methods were timed sequentially; use independent-resample intervals
95,gaussian_process,4,monolithic,monolithic,0,1024,3,8,7.602302618324757,7.602302618324757,repeat indices align samples but methods were timed sequentially; use independent-resample intervals
95,gaussian_process,4,monolithic,monolithic,0,1024,3,9,7.48656240850687,7.48656240850687,repeat indices align samples but methods were timed sequentially; use independent-resample intervals
95,gaussian_process,4,monolithic,monolithic,0,1024,3,10,7.5212395787239075,7.5212395787239075,repeat indices align samples but methods were timed sequentially; use independent-resample intervals
95,gaussian_process,4,monolithic,monolithic,0,1024,3,11,7.541012100875378,7.541012100875378,repeat indices align samples but methods were timed sequentially; use independent-resample intervals
95,gaussian_process,4,monolithic,monolithic,0,1024,3,12,7.528428882360458,7.528428882360458,repeat indices align samples but methods were timed sequentially; use independent-resample intervals
95,gaussian_process,4,monolithic,monolithic,0,1024,3,13,7.4635771960020065,7.4635771960020065,repeat indices align samples but methods were timed sequentially; use independent-resample intervals
95,gaussian_process,4,monolithic,monolithic,0,1024,3,14,7.550330296158791,7.550330296158791,repeat indices align samples but methods were timed sequentially; use independent-resample intervals
95,gaussian_process,4,monolithic,monolithic,0,1024,3,15,7.380547106266022,7.380547106266022,repeat indices align samples but methods were timed sequentially; use independent-resample intervals
95,gaussian_process,4,monolithic,monolithic,0,1024,3,16,7.4519286677241325,7.4519286677241325,repeat indices align samples but methods were timed sequentially; use independent-resample intervals
95,gaussian_process,4,monolithic,monolithic,0,1024,3,17,7.374962866306305,7.374962866306305,repeat indices align samples but methods were timed sequentially; use independent-resample intervals
95,gaussian_process,4,monolithic,monolithic,0,1024,3,18,7.475915461778641,7.475915461778641,repeat indices align samples but methods were timed sequentially; use independent-resample intervals
95,gaussian_process,4,monolithic,monolithic,0,1024,3,19,7.529597781598568,7.529597781598568,repeat indices align samples but methods were timed sequentially; use independent-resample intervals
95,gaussian_process,4,monolithic,monolithic,0,1024,3,20,7.6482081562280655,7.6482081562280655,repeat indices align samples but methods were timed sequentially; use independent-resample intervals
95,gaussian_process,4,monolithic,monolithic,0,1024,3,21,7.663244046270847,7.663244046270847,repeat indices align samples but methods were timed sequentially; use independent-resample intervals
95,gaussian_process,4,monolithic,monolithic,0,1024,3,22,7.813977405428886,7.813977405428886,repeat indices align samples but methods were timed sequentially; use independent-resample intervals
95,gaussian_process,4,monolithic,monolithic,0,1024,3,23,7.6800325736403465,7.6800325736403465,repeat indices align samples but methods were timed sequentially; use independent-resample intervals
95,gaussian_process,4,monolithic,monolithic,0,1024,3,24,7.507751762866974,7.507751762866974,repeat indices align samples but methods were timed sequentially; use independent-resample intervals
95,gaussian_process,4,monolithic,monolithic,0,1024,3,25,7.405065007507801,7.405065007507801,repeat indices align samples but methods were timed sequentially; use independent-resample intervals
95,gaussian_process,4,monolithic,monolithic,0,1024,3,26,7.356123298406601,7.356123298406601,repeat indices align samples but methods were timed sequentially; use independent-resample intervals
95,gaussian_process,4,monolithic,monolithic,0,1024,3,27,7.418373674154282,7.418373674154282,repeat indices align samples but methods were timed sequentially; use independent-resample intervals
95,gaussian_process,4,monolithic,monolithic,0,1024,3,28,7.45750180631876,7.45750180631876,repeat indices align samples but methods were timed sequentially; use independent-resample intervals
95,gaussian_process,4,monolithic,monolithic,0,1024,3,29,7.614669561386108,7.614669561386108,repeat indices align samples but methods were timed sequentially; use independent-resample intervals
96,gaussian_process,4,bucketed,history,64,1024,3,0,6.8340445682406425,7.413125067949295,repeat indices align samples but methods were timed sequentially; use independent-resample intervals
96,gaussian_process,4,bucketed,history,64,1024,3,1,6.58944246172905,7.418999627232552,repeat indices align samples but methods were timed sequentially; use independent-resample intervals
96,gaussian_process,4,bucketed,history,64,1024,3,2,6.529831148684025,7.398843787610531,repeat indices align samples but methods were timed sequentially; use independent-resample intervals
96,gaussian_process,4,bucketed,history,64,1024,3,3,6.442396067082882,7.340050168335438,repeat indices align samples but methods were timed sequentially; use independent-resample intervals
96,gaussian_process,4,bucketed,history,64,1024,3,4,6.760782845318317,7.389922775328159,repeat indices align samples but methods were timed sequentially; use independent-resample intervals
96,gaussian_process,4,bucketed,history,64,1024,3,5,6.70058449357748,7.399663195014,repeat indices align samples but methods were timed sequentially; use independent-resample intervals
96,gaussian_process,4,bucketed,history,64,1024,3,6,6.728852428495884,7.625177092850208,repeat indices align samples but methods were timed sequentially; use independent-resample intervals
96,gaussian_process,4,bucketed,history,64,1024,3,7,6.717563405632973,7.52501966804266,repeat indices align samples but methods were timed sequentially; use independent-resample intervals
96,gaussian_process,4,bucketed,history,64,1024,3,8,6.678002223372459,7.602302618324757,repeat indices align samples but methods were timed sequentially; use independent-resample intervals
96,gaussian_process,4,bucketed,history,64,1024,3,9,6.781412437558174,7.48656240850687,repeat indices align samples but methods were timed sequentially; use independent-resample intervals
96,gaussian_process,4,bucketed,history,64,1024,3,10,6.739412449300289,7.5212395787239075,repeat indices align samples but methods were timed sequentially; use independent-resample intervals
96,gaussian_process,4,bucketed,history,64,1024,3,11,6.493103429675102,7.541012100875378,repeat indices align samples but methods were timed sequentially; use independent-resample intervals
96,gaussian_process,4,bucketed,history,64,1024,3,12,6.449785515666008,7.528428882360458,repeat indices align samples but methods were timed sequentially; use independent-resample intervals
96,gaussian_process,4,bucketed,history,64,1024,3,13,6.611725717782974,7.4635771960020065,repeat indices align samples but methods were timed sequentially; use independent-resample intervals
96,gaussian_process,4,bucketed,history,64,1024,3,14,6.557799264788628,7.550330296158791,repeat indices align samples but methods were timed sequentially; use independent-resample intervals
96,gaussian_process,4,bucketed,history,64,1024,3,15,6.748120151460171,7.380547106266022,repeat indices align samples but methods were timed sequentially; use independent-resample intervals
96,gaussian_process,4,bucketed,history,64,1024,3,16,6.741355948150158,7.4519286677241325,repeat indices align samples but methods were timed sequentially; use independent-resample intervals
96,gaussian_process,4,bucketed,history,64,1024,3,17,6.549508012831211,7.374962866306305,repeat indices align samples but methods were timed sequentially; use independent-resample intervals
96,gaussian_process,4,bucketed,history,64,1024,3,18,6.687106542289257,7.475915461778641,repeat indices align samples but methods were timed sequentially; use independent-resample intervals
96,gaussian_process,4,bucketed,history,64,1024,3,19,6.6117589846253395,7.529597781598568,repeat indices align samples but methods were timed sequentially; use independent-resample intervals
96,gaussian_process,4,bucketed,history,64,1024,3,20,6.455544479191303,7.6482081562280655,repeat indices align samples but methods were timed sequentially; use independent-resample intervals
96,gaussian_process,4,bucketed,history,64,1024,3,21,6.42136337608099,7.663244046270847,repeat indices align samples but methods were timed sequentially; use independent-resample intervals
96,gaussian_process,4,bucketed,history,64,1024,3,22,6.432061769068241,7.813977405428886,repeat indices align samples but methods were timed sequentially; use independent-resample intervals
96,gaussian_process,4,bucketed,history,64,1024,3,23,6.430230095982552,7.6800325736403465,repeat indices align samples but methods were timed sequentially; use independent-resample intervals
96,gaussian_process,4,bucketed,history,64,1024,3,24,6.502961039543152,7.507751762866974,repeat indices align samples but methods were timed sequentially; use independent-resample intervals
96,gaussian_process,4,bucketed,history,64,1024,3,25,6.496816091239452,7.405065007507801,repeat indices align samples but methods were timed sequentially; use independent-resample intervals
96,gaussian_process,4,bucketed,history,64,1024,3,26,6.606495417654514,7.356123298406601,repeat indices align samples but methods were timed sequentially; use independent-resample intervals
96,gaussian_process,4,bucketed,history,64,1024,3,27,6.966394655406475,7.418373674154282,repeat indices align samples but methods were timed sequentially; use independent-resample intervals
96,gaussian_process,4,bucketed,history,64,1024,3,28,6.822900503873825,7.45750180631876,repeat indices align samples but methods were timed sequentially; use independent-resample intervals
96,gaussian_process,4,bucketed,history,64,1024,3,29,6.563126258552074,7.614669561386108,repeat indices align samples but methods were timed sequentially; use independent-resample intervals
97,gaussian_process,4,bucketed,history,128,1024,3,0,6.590714029967785,7.413125067949295,repeat indices align samples but methods were timed sequentially; use independent-resample intervals
97,gaussian_process,4,bucketed,history,128,1024,3,1,6.736968398094177,7.418999627232552,repeat indices align samples but methods were timed sequentially; use independent-resample intervals
97,gaussian_process,4,bucketed,history,128,1024,3,2,6.632383570075035,7.398843787610531,repeat indices align samples but methods were timed sequentially; use independent-resample intervals
97,gaussian_process,4,bucketed,history,128,1024,3,3,6.609712928533554,7.340050168335438,repeat indices align samples but methods were timed sequentially; use independent-resample intervals
97,gaussian_process,4,bucketed,history,128,1024,3,4,6.7851922661066055,7.389922775328159,repeat indices align samples but methods were timed sequentially; use independent-resample intervals
97,gaussian_process,4,bucketed,history,128,1024,3,5,6.553406983613968,7.399663195014,repeat indices align samples but methods were timed sequentially; use independent-resample intervals
97,gaussian_process,4,bucketed,history,128,1024,3,6,6.853575460612774,7.625177092850208,repeat indices align samples but methods were timed sequentially; use independent-resample intervals
97,gaussian_process,4,bucketed,history,128,1024,3,7,6.565746143460274,7.52501966804266,repeat indices align samples but methods were timed sequentially; use independent-resample intervals
97,gaussian_process,4,bucketed,history,128,1024,3,8,6.471216090023518,7.602302618324757,repeat indices align samples but methods were timed sequentially; use independent-resample intervals
97,gaussian_process,4,bucketed,history,128,1024,3,9,6.377196930348873,7.48656240850687,repeat indices align samples but methods were timed sequentially; use independent-resample intervals
97,gaussian_process,4,bucketed,history,128,1024,3,10,6.482635349035263,7.5212395787239075,repeat indices align samples but methods were timed sequentially; use independent-resample intervals
97,gaussian_process,4,bucketed,history,128,1024,3,11,6.480889119207859,7.541012100875378,repeat indices align samples but methods were timed sequentially; use independent-resample intervals
97,gaussian_process,4,bucketed,history,128,1024,3,12,6.4118306040763855,7.528428882360458,repeat indices align samples but methods were timed sequentially; use independent-resample intervals
97,gaussian_process,4,bucketed,history,128,1024,3,13,6.420380011200905,7.4635771960020065,repeat indices align samples but methods were timed sequentially; use independent-resample intervals
97,gaussian_process,4,bucketed,history,128,1024,3,14,6.466160148382187,7.550330296158791,repeat indices align samples but methods were timed sequentially; use independent-resample intervals
97,gaussian_process,4,bucketed,history,128,1024,3,15,6.738483056426048,7.380547106266022,repeat indices align samples but methods were timed sequentially; use independent-resample intervals
97,gaussian_process,4,bucketed,history,128,1024,3,16,6.6221606731414795,7.4519286677241325,repeat indices align samples but methods were timed sequentially; use independent-resample intervals
97,gaussian_process,4,bucketed,history,128,1024,3,17,6.523111067712307,7.374962866306305,repeat indices align samples but methods were timed sequentially; use independent-resample intervals
97,gaussian_process,4,bucketed,history,128,1024,3,18,6.455874644219875,7.475915461778641,repeat indices align samples but methods were timed sequentially; use independent-resample intervals
97,gaussian_process,4,bucketed,history,128,1024,3,19,6.495872296392918,7.529597781598568,repeat indices align samples but methods were timed sequentially; use independent-resample intervals
97,gaussian_process,4,bucketed,history,128,1024,3,20,6.558711923658848,7.6482081562280655,repeat indices align samples but methods were timed sequentially; use independent-resample intervals
97,gaussian_process,4,bucketed,history,128,1024,3,21,6.545085661113262,7.663244046270847,repeat indices align samples but methods were timed sequentially; use independent-resample intervals
97,gaussian_process,4,bucketed,history,128,1024,3,22,6.487970471382141,7.813977405428886,repeat indices align samples but methods were timed sequentially; use independent-resample intervals
97,gaussian_process,4,bucketed,history,128,1024,3,23,6.497535243630409,7.6800325736403465,repeat indices align samples but methods were timed sequentially; use independent-resample intervals
97,gaussian_process,4,bucketed,history,128,1024,3,24,6.48784064501524,7.507751762866974,repeat indices align samples but methods were timed sequentially; use independent-resample intervals
97,gaussian_process,4,bucketed,history,128,1024,3,25,6.536995075643063,7.405065007507801,repeat indices align samples but methods were timed sequentially; use independent-resample intervals
97,gaussian_process,4,bucketed,history,128,1024,3,26,6.67911746352911,7.356123298406601,repeat indices align samples but methods were timed sequentially; use independent-resample intervals
97,gaussian_process,4,bucketed,history,128,1024,3,27,6.548707403242588,7.418373674154282,repeat indices align samples but methods were timed sequentially; use independent-resample intervals
97,gaussian_process,4,bucketed,history,128,1024,3,28,6.4464860036969185,7.45750180631876,repeat indices align samples but methods were timed sequentially; use independent-resample intervals
97,gaussian_process,4,bucketed,history,128,1024,3,29,6.515950962901115,7.614669561386108,repeat indices align samples but methods were timed sequentially; use independent-resample intervals
98,gaussian_process,4,bucketed,last_depth,64,1024,3,0,6.622884087264538,7.413125067949295,repeat indices align samples but methods were timed sequentially; use independent-resample intervals
98,gaussian_process,4,bucketed,last_depth,64,1024,3,1,6.667411170899868,7.418999627232552,repeat indices align samples but methods were timed sequentially; use independent-resample intervals
98,gaussian_process,4,bucketed,last_depth,64,1024,3,2,6.6933643370866776,7.398843787610531,repeat indices align samples but methods were timed sequentially; use independent-resample intervals
98,gaussian_process,4,bucketed,last_depth,64,1024,3,3,7.0476329028606415,7.340050168335438,repeat indices align samples but methods were timed sequentially; use independent-resample intervals
98,gaussian_process,4,bucketed,last_depth,64,1024,3,4,6.893143877387047,7.389922775328159,repeat indices align samples but methods were timed sequentially; use independent-resample intervals
98,gaussian_process,4,bucketed,last_depth,64,1024,3,5,6.8483200296759605,7.399663195014,repeat indices align samples but methods were timed sequentially; use independent-resample intervals
98,gaussian_process,4,bucketed,last_depth,64,1024,3,6,6.673543274402618,7.625177092850208,repeat indices align samples but methods were timed sequentially; use independent-resample intervals
98,gaussian_process,4,bucketed,last_depth,64,1024,3,7,6.83313424885273,7.52501966804266,repeat indices align samples but methods were timed sequentially; use independent-resample intervals
98,gaussian_process,4,bucketed,last_depth,64,1024,3,8,6.787871904671192,7.602302618324757,repeat indices align samples but methods were timed sequentially; use independent-resample intervals
98,gaussian_process,4,bucketed,last_depth,64,1024,3,9,6.711616367101669,7.48656240850687,repeat indices align samples but methods were timed sequentially; use independent-resample intervals
98,gaussian_process,4,bucketed,last_depth,64,1024,3,10,6.79910821467638,7.5212395787239075,repeat indices align samples but methods were timed sequentially; use independent-resample intervals
98,gaussian_process,4,bucketed,last_depth,64,1024,3,11,6.730191096663475,7.541012100875378,repeat indices align samples but methods were timed sequentially; use independent-resample intervals
98,gaussian_process,4,bucketed,last_depth,64,1024,3,12,6.729692801833153,7.528428882360458,repeat indices align samples but methods were timed sequentially; use independent-resample intervals
98,gaussian_process,4,bucketed,last_depth,64,1024,3,13,6.576015986502171,7.4635771960020065,repeat indices align samples but methods were timed sequentially; use independent-resample intervals
98,gaussian_process,4,bucketed,last_depth,64,1024,3,14,6.599928982555866,7.550330296158791,repeat indices align samples but methods were timed sequentially; use independent-resample intervals
98,gaussian_process,4,bucketed,last_depth,64,1024,3,15,6.613837651908398,7.380547106266022,repeat indices align samples but methods were timed sequentially; use independent-resample intervals
98,gaussian_process,4,bucketed,last_depth,64,1024,3,16,6.727031499147415,7.4519286677241325,repeat indices align samples but methods were timed sequentially; use independent-resample intervals
98,gaussian_process,4,bucketed,last_depth,64,1024,3,17,6.516810089349747,7.374962866306305,repeat indices align samples but methods were timed sequentially; use independent-resample intervals
98,gaussian_process,4,bucketed,last_depth,64,1024,3,18,6.640992805361748,7.475915461778641,repeat indices align samples but methods were timed sequentially; use independent-resample intervals
98,gaussian_process,4,bucketed,last_depth,64,1024,3,19,6.762986816465855,7.529597781598568,repeat indices align samples but methods were timed sequentially; use independent-resample intervals
98,gaussian_process,4,bucketed,last_depth,64,1024,3,20,6.933051198720932,7.6482081562280655,repeat indices align samples but methods were timed sequentially; use independent-resample intervals
98,gaussian_process,4,bucketed,last_depth,64,1024,3,21,6.907992914319038,7.663244046270847,repeat indices align samples but methods were timed sequentially; use independent-resample intervals
98,gaussian_process,4,bucketed,last_depth,64,1024,3,22,6.816431209445,7.813977405428886,repeat indices align samples but methods were timed sequentially; use independent-resample intervals
98,gaussian_process,4,bucketed,last_depth,64,1024,3,23,6.973910145461559,7.6800325736403465,repeat indices align samples but methods were timed sequentially; use independent-resample intervals
98,gaussian_process,4,bucketed,last_depth,64,1024,3,24,7.331071525812149,7.507751762866974,repeat indices align samples but methods were timed sequentially; use independent-resample intervals
98,gaussian_process,4,bucketed,last_depth,64,1024,3,25,7.187118120491505,7.405065007507801,repeat indices align samples but methods were timed sequentially; use independent-resample intervals
98,gaussian_process,4,bucketed,last_depth,64,1024,3,26,7.205701172351837,7.356123298406601,repeat indices align samples but methods were timed sequentially; use independent-resample intervals
98,gaussian_process,4,bucketed,last_depth,64,1024,3,27,6.974808491766453,7.418373674154282,repeat indices align samples but methods were timed sequentially; use independent-resample intervals
98,gaussian_process,4,bucketed,last_depth,64,1024,3,28,7.230145685374737,7.45750180631876,repeat indices align samples but methods were timed sequentially; use independent-resample intervals
98,gaussian_process,4,bucketed,last_depth,64,1024,3,29,7.578022763133049,7.614669561386108,repeat indices align samples but methods were timed sequentially; use independent-resample intervals
99,gaussian_process,4,bucketed,last_depth,128,1024,3,0,6.973615787923336,7.413125067949295,repeat indices align samples but methods were timed sequentially; use independent-resample intervals
99,gaussian_process,4,bucketed,last_depth,128,1024,3,1,7.206320896744728,7.418999627232552,repeat indices align samples but methods were timed sequentially; use independent-resample intervals
99,gaussian_process,4,bucketed,last_depth,128,1024,3,2,7.004884317517281,7.398843787610531,repeat indices align samples but methods were timed sequentially; use independent-resample intervals
99,gaussian_process,4,bucketed,last_depth,128,1024,3,3,6.941758863627911,7.340050168335438,repeat indices align samples but methods were timed sequentially; use independent-resample intervals
99,gaussian_process,4,bucketed,last_depth,128,1024,3,4,6.952145904302597,7.389922775328159,repeat indices align samples but methods were timed sequentially; use independent-resample intervals
99,gaussian_process,4,bucketed,last_depth,128,1024,3,5,6.858360163867474,7.399663195014,repeat indices align samples but methods were timed sequentially; use independent-resample intervals
99,gaussian_process,4,bucketed,last_depth,128,1024,3,6,7.066442385315895,7.625177092850208,repeat indices align samples but methods were timed sequentially; use independent-resample intervals
99,gaussian_process,4,bucketed,last_depth,128,1024,3,7,7.058699019253254,7.52501966804266,repeat indices align samples but methods were timed sequentially; use independent-resample intervals
99,gaussian_process,4,bucketed,last_depth,128,1024,3,8,7.564608298242092,7.602302618324757,repeat indices align samples but methods were timed sequentially; use independent-resample intervals
99,gaussian_process,4,bucketed,last_depth,128,1024,3,9,6.969990894198418,7.48656240850687,repeat indices align samples but methods were timed sequentially; use independent-resample intervals
99,gaussian_process,4,bucketed,last_depth,128,1024,3,10,7.164704501628876,7.5212395787239075,repeat indices align samples but methods were timed sequentially; use independent-resample intervals
99,gaussian_process,4,bucketed,last_depth,128,1024,3,11,6.969501346349716,7.541012100875378,repeat indices align samples but methods were timed sequentially; use independent-resample intervals
99,gaussian_process,4,bucketed,last_depth,128,1024,3,12,6.862313240766525,7.528428882360458,repeat indices align samples but methods were timed sequentially; use independent-resample intervals
99,gaussian_process,4,bucketed,last_depth,128,1024,3,13,6.830668538808823,7.4635771960020065,repeat indices align samples but methods were timed sequentially; use independent-resample intervals
99,gaussian_process,4,bucketed,last_depth,128,1024,3,14,6.859057284891605,7.550330296158791,repeat indices align samples but methods were timed sequentially; use independent-resample intervals
99,gaussian_process,4,bucketed,last_depth,128,1024,3,15,6.591106452047825,7.380547106266022,repeat indices align samples but methods were timed sequentially; use independent-resample intervals
99,gaussian_process,4,bucketed,last_depth,128,1024,3,16,6.826710015535355,7.4519286677241325,repeat indices align samples but methods were timed sequentially; use independent-resample intervals
99,gaussian_process,4,bucketed,last_depth,128,1024,3,17,6.757950410246849,7.374962866306305,repeat indices align samples but methods were timed sequentially; use independent-resample intervals
99,gaussian_process,4,bucketed,last_depth,128,1024,3,18,6.606134250760078,7.475915461778641,repeat indices align samples but methods were timed sequentially; use independent-resample intervals
99,gaussian_process,4,bucketed,last_depth,128,1024,3,19,6.57295485585928,7.529597781598568,repeat indices align samples but methods were timed sequentially; use independent-resample intervals
99,gaussian_process,4,bucketed,last_depth,128,1024,3,20,6.48043368011713,7.6482081562280655,repeat indices align samples but methods were timed sequentially; use independent-resample intervals
99,gaussian_process,4,bucketed,last_depth,128,1024,3,21,6.518175184726715,7.663244046270847,repeat indices align samples but methods were timed sequentially; use independent-resample intervals
99,gaussian_process,4,bucketed,last_depth,128,1024,3,22,6.602300986647606,7.813977405428886,repeat indices align samples but methods were timed sequentially; use independent-resample intervals
99,gaussian_process,4,bucketed,last_depth,128,1024,3,23,6.4896919801831245,7.6800325736403465,repeat indices align samples but methods were timed sequentially; use independent-resample intervals
99,gaussian_process,4,bucketed,last_depth,128,1024,3,24,6.513601019978523,7.507751762866974,repeat indices align samples but methods were timed sequentially; use independent-resample intervals
99,gaussian_process,4,bucketed,last_depth,128,1024,3,25,6.633603915572166,7.405065007507801,repeat indices align samples but methods were timed sequentially; use independent-resample intervals
99,gaussian_process,4,bucketed,last_depth,128,1024,3,26,7.0610668286681175,7.356123298406601,repeat indices align samples but methods were timed sequentially; use independent-resample intervals
99,gaussian_process,4,bucketed,last_depth,128,1024,3,27,6.7749181762337685,7.418373674154282,repeat indices align samples but methods were timed sequentially; use independent-resample intervals
99,gaussian_process,4,bucketed,last_depth,128,1024,3,28,6.708409450948238,7.45750180631876,repeat indices align samples but methods were timed sequentially; use independent-resample intervals
99,gaussian_process,4,bucketed,last_depth,128,1024,3,29,6.559013433754444,7.614669561386108,repeat indices align samples but methods were timed sequentially; use independent-resample intervals
