_family,model,method,predictor,bucket_size,num_chains,dimension,seed,num_steps,speedup_vs_monolithic,t_mono,t_bucket,bucket_num_buckets,bucket_padding_count,bucket_padding_ratio,mono_total_leapfrog_count,bucket_total_leapfrog_count,mono_divergence_count,bucket_divergence_count,mono_max_realized_tree_depth,bucket_max_realized_tree_depth
chain_scaling,funnel,monolithic,monolithic,0,128,128,0,16,1.0,20.413111563771963,20.413111563771963,,0,0.0,6535,6535,0,0,5,5
chain_scaling,funnel,bucketed,none,128,128,128,0,16,1.1701500697907201,20.413111563771963,17.44486633874476,1,0,0.0,6535,6535,0,0,5,5
chain_scaling,funnel,bucketed,none,256,128,128,0,16,1.0360074275911453,20.413111563771963,19.703634375706315,1,128,0.5,6535,6535,0,0,5,5
chain_scaling,funnel,bucketed,none,512,128,128,0,16,1.0562952602024591,20.413111563771963,19.325194699689746,1,384,0.75,6535,6535,0,0,5,5
chain_scaling,funnel,bucketed,random,128,128,128,0,16,1.2202851923431461,20.413111563771963,16.72814821638167,1,0,0.0,6535,6535,0,0,5,5
chain_scaling,funnel,bucketed,random,256,128,128,0,16,1.227759025847025,20.413111563771963,16.626317651942372,1,128,0.5,6535,6535,0,0,5,5
chain_scaling,funnel,bucketed,random,512,128,128,0,16,1.2419154887633763,20.413111563771963,16.43679602071643,1,384,0.75,6535,6535,0,0,5,5
chain_scaling,funnel,bucketed,history,128,128,128,0,16,1.2591222736111944,20.413111563771963,16.21217572875321,1,0,0.0,6535,6535,0,0,5,5
chain_scaling,funnel,bucketed,history,256,128,128,0,16,1.2554355491582436,20.413111563771963,16.259784564375877,1,128,0.5,6535,6535,0,0,5,5
chain_scaling,funnel,bucketed,history,512,128,128,0,16,1.264470656049768,20.413111563771963,16.1436024364084,1,384,0.75,6535,6535,0,0,5,5
chain_scaling,funnel,bucketed,hvp,128,128,128,0,16,1.1661369694754096,20.413111563771963,17.504900451749563,1,0,0.0,6535,6535,0,0,5,5
chain_scaling,funnel,bucketed,hvp,256,128,128,0,16,1.2149487286210638,20.413111563771963,16.80162387341261,1,128,0.5,6535,6535,0,0,5,5
chain_scaling,funnel,bucketed,hvp,512,128,128,0,16,1.2339657471760563,20.413111563771963,16.542688976973295,1,384,0.75,6535,6535,0,0,5,5
chain_scaling,funnel,bucketed,hybrid,128,128,128,0,16,1.1971915838294362,20.413111563771963,17.05083116143942,1,0,0.0,6535,6535,0,0,5,5
chain_scaling,funnel,bucketed,hybrid,256,128,128,0,16,1.1724739869617848,20.413111563771963,17.410289516672492,1,128,0.5,6535,6535,0,0,5,5
chain_scaling,funnel,bucketed,hybrid,512,128,128,0,16,1.1848367560868232,20.413111563771963,17.228627875447273,1,384,0.75,6535,6535,0,0,5,5
chain_scaling,funnel,monolithic,monolithic,0,128,128,1,16,1.0,15.710996732115746,15.710996732115746,,0,0.0,6203,6203,0,0,5,5
chain_scaling,funnel,bucketed,none,128,128,128,1,16,0.9727237474050638,15.710996732115746,16.151550503447652,1,0,0.0,6203,6203,0,0,5,5
chain_scaling,funnel,bucketed,none,256,128,128,1,16,0.9336105580373304,15.710996732115746,16.828212359920144,1,128,0.5,6203,6203,0,0,5,5
chain_scaling,funnel,bucketed,none,512,128,128,1,16,0.9436203612105006,15.710996732115746,16.649700852110982,1,384,0.75,6203,6203,0,0,5,5
chain_scaling,funnel,bucketed,random,128,128,128,1,16,0.9189490441479935,15.710996732115746,17.096700662747025,1,0,0.0,6203,6203,0,0,5,5
chain_scaling,funnel,bucketed,random,256,128,128,1,16,0.9166590568279681,15.710996732115746,17.139411447569728,1,128,0.5,6203,6203,0,0,5,5
chain_scaling,funnel,bucketed,random,512,128,128,1,16,0.9554925655810428,15.710996732115746,16.44282467290759,1,384,0.75,6203,6203,0,0,5,5
chain_scaling,funnel,bucketed,history,128,128,128,1,16,0.9452314149460072,15.710996732115746,16.621323078870773,1,0,0.0,6203,6203,0,0,5,5
chain_scaling,funnel,bucketed,history,256,128,128,1,16,0.9292891343291207,15.710996732115746,16.90646769851446,1,128,0.5,6203,6203,0,0,5,5
chain_scaling,funnel,bucketed,history,512,128,128,1,16,0.9441490571731328,15.710996732115746,16.640377504751086,1,384,0.75,6203,6203,0,0,5,5
chain_scaling,funnel,bucketed,hvp,128,128,128,1,16,0.9411508048697845,15.710996732115746,16.69338925369084,1,0,0.0,6203,6203,0,0,5,5
chain_scaling,funnel,bucketed,hvp,256,128,128,1,16,0.9571614914547342,15.710996732115746,16.414154635742307,1,128,0.5,6203,6203,0,0,5,5
chain_scaling,funnel,bucketed,hvp,512,128,128,1,16,0.9545258963090212,15.710996732115746,16.459476681426167,1,384,0.75,6203,6203,0,0,5,5
chain_scaling,funnel,bucketed,hybrid,128,128,128,1,16,0.9481538304352012,15.710996732115746,16.570092560723424,1,0,0.0,6203,6203,0,0,5,5
chain_scaling,funnel,bucketed,hybrid,256,128,128,1,16,0.950077649414209,15.710996732115746,16.536539662629366,1,128,0.5,6203,6203,0,0,5,5
chain_scaling,funnel,bucketed,hybrid,512,128,128,1,16,0.9197397270880517,15.710996732115746,17.082002950832248,1,384,0.75,6203,6203,0,0,5,5
chain_scaling,funnel,monolithic,monolithic,0,128,128,2,16,1.0,16.253905031830072,16.253905031830072,,0,0.0,6341,6341,0,0,5,5
chain_scaling,funnel,bucketed,none,128,128,128,2,16,0.9686845287150714,16.253905031830072,16.779358552768826,1,0,0.0,6341,6341,0,0,5,5
chain_scaling,funnel,bucketed,none,256,128,128,2,16,0.9651151324350425,16.253905031830072,16.841415584087372,1,128,0.5,6341,6341,0,0,5,5
chain_scaling,funnel,bucketed,none,512,128,128,2,16,0.960503558023985,16.253905031830072,16.92227467149496,1,384,0.75,6341,6341,0,0,5,5
chain_scaling,funnel,bucketed,random,128,128,128,2,16,0.964979461686754,16.253905031830072,16.843783393502235,1,0,0.0,6341,6341,0,0,5,5
chain_scaling,funnel,bucketed,random,256,128,128,2,16,0.9583115968987863,16.253905031830072,16.9609812553972,1,128,0.5,6341,6341,0,0,5,5
chain_scaling,funnel,bucketed,random,512,128,128,2,16,0.9564912262156374,16.253905031830072,16.993260979652405,1,384,0.75,6341,6341,0,0,5,5
chain_scaling,funnel,bucketed,history,128,128,128,2,16,0.9355421895694992,16.253905031830072,17.373780908063054,1,0,0.0,6341,6341,0,0,5,5
chain_scaling,funnel,bucketed,history,256,128,128,2,16,0.9366427130071348,16.253905031830072,17.353367304429412,1,128,0.5,6341,6341,0,0,5,5
chain_scaling,funnel,bucketed,history,512,128,128,2,16,0.9330473002246114,16.253905031830072,17.420236924663186,1,384,0.75,6341,6341,0,0,5,5
chain_scaling,funnel,bucketed,hvp,128,128,128,2,16,0.9726362654137745,16.253905031830072,16.711185475811362,1,0,0.0,6341,6341,0,0,5,5
chain_scaling,funnel,bucketed,hvp,256,128,128,2,16,0.9853277371615325,16.253905031830072,16.495937766507268,1,128,0.5,6341,6341,0,0,5,5
chain_scaling,funnel,bucketed,hvp,512,128,128,2,16,0.9877298210244052,16.253905031830072,16.45582089945674,1,384,0.75,6341,6341,0,0,5,5
chain_scaling,funnel,bucketed,hybrid,128,128,128,2,16,0.9894507732602636,16.253905031830072,16.42719928175211,1,0,0.0,6341,6341,0,0,5,5
chain_scaling,funnel,bucketed,hybrid,256,128,128,2,16,0.9870836586229016,16.253905031830072,16.466593170538545,1,128,0.5,6341,6341,0,0,5,5
chain_scaling,funnel,bucketed,hybrid,512,128,128,2,16,0.9867119079743397,16.253905031830072,16.472797075286508,1,384,0.75,6341,6341,0,0,5,5
chain_scaling,funnel,monolithic,monolithic,0,256,128,0,16,1.0,16.10157729499042,16.10157729499042,,0,0.0,12416,12416,0,0,5,5
chain_scaling,funnel,bucketed,none,128,256,128,0,16,0.4942829584280564,16.10157729499042,32.57562701776624,2,0,0.0,12416,12416,0,0,5,5
chain_scaling,funnel,bucketed,none,256,256,128,0,16,0.9830903661225672,16.10157729499042,16.37853227928281,1,0,0.0,12416,12416,0,0,5,5
chain_scaling,funnel,bucketed,none,512,256,128,0,16,0.9929997779479217,16.10157729499042,16.21508650109172,1,256,0.5,12416,12416,0,0,5,5
chain_scaling,funnel,bucketed,random,128,256,128,0,16,0.48870167170500517,16.10157729499042,32.94766158424318,2,0,0.0,12416,12416,0,0,5,5
chain_scaling,funnel,bucketed,random,256,256,128,0,16,0.9771809010027466,16.10157729499042,16.477580843493342,1,0,0.0,12416,12416,0,0,5,5
chain_scaling,funnel,bucketed,random,512,256,128,0,16,0.9735291808618333,16.10157729499042,16.539388455450535,1,256,0.5,12416,12416,0,0,5,5
chain_scaling,funnel,bucketed,history,128,256,128,0,16,0.49210859297945586,16.10157729499042,32.71956134214997,2,0,0.0,12416,12416,0,0,5,5
chain_scaling,funnel,bucketed,history,256,256,128,0,16,0.9874799867280104,16.10157729499042,16.305725190788507,1,0,0.0,12416,12416,0,0,5,5
chain_scaling,funnel,bucketed,history,512,256,128,0,16,0.978689460016424,16.10157729499042,16.452182181179523,1,256,0.5,12416,12416,0,0,5,5
chain_scaling,funnel,bucketed,hvp,128,256,128,0,16,0.4872927459373288,16.10157729499042,33.04292425699532,2,0,0.0,12416,12416,0,0,5,5
chain_scaling,funnel,bucketed,hvp,256,256,128,0,16,0.9740953631503191,16.10157729499042,16.529775116592646,1,0,0.0,12416,12416,0,0,5,5
chain_scaling,funnel,bucketed,hvp,512,256,128,0,16,0.9662439177126829,16.10157729499042,16.664091747254133,1,256,0.5,12416,12416,0,0,5,5
chain_scaling,funnel,bucketed,hybrid,128,256,128,0,16,0.4894345869367124,16.10157729499042,32.89832334034145,2,0,0.0,12416,12416,0,0,5,5
chain_scaling,funnel,bucketed,hybrid,256,256,128,0,16,0.9778577091905863,16.10157729499042,16.4661761559546,1,0,0.0,12416,12416,0,0,5,5
chain_scaling,funnel,bucketed,hybrid,512,256,128,0,16,0.9780485532187201,16.10157729499042,16.462963154539466,1,256,0.5,12416,12416,0,0,5,5
chain_scaling,funnel,monolithic,monolithic,0,256,128,1,16,1.0,16.052433986216784,16.052433986216784,,0,0.0,12498,12498,0,0,5,5
chain_scaling,funnel,bucketed,none,128,256,128,1,16,0.48892123638146795,16.052433986216784,32.832351699471474,2,0,0.0,12498,12498,0,0,5,5
chain_scaling,funnel,bucketed,none,256,256,128,1,16,0.9929811760359077,16.052433986216784,16.165899589657784,1,0,0.0,12498,12498,0,0,5,5
chain_scaling,funnel,bucketed,none,512,256,128,1,16,0.975571579900147,16.052433986216784,16.45438870601356,1,256,0.5,12498,12498,0,0,5,5
chain_scaling,funnel,bucketed,random,128,256,128,1,16,0.49015025073422697,16.052433986216784,32.75002708286047,2,0,0.0,12498,12498,0,0,5,5
chain_scaling,funnel,bucketed,random,256,256,128,1,16,0.9910990343633663,16.052433986216784,16.19659936055541,1,0,0.0,12498,12498,0,0,5,5
chain_scaling,funnel,bucketed,random,512,256,128,1,16,0.9956996166322026,16.052433986216784,16.12176375091076,1,256,0.5,12498,12498,0,0,5,5
chain_scaling,funnel,bucketed,history,128,256,128,1,16,0.4998689947795252,16.052433986216784,32.11328198760748,2,0,0.0,12498,12498,0,0,5,5
chain_scaling,funnel,bucketed,history,256,256,128,1,16,0.9902434971633783,16.052433986216784,16.210592679679394,1,0,0.0,12498,12498,0,0,5,5
chain_scaling,funnel,bucketed,history,512,256,128,1,16,0.9933969892465979,16.052433986216784,16.159132914617658,1,256,0.5,12498,12498,0,0,5,5
chain_scaling,funnel,bucketed,hvp,128,256,128,1,16,0.49318085696528713,16.052433986216784,32.54877751134336,2,0,0.0,12498,12498,0,0,5,5
chain_scaling,funnel,bucketed,hvp,256,256,128,1,16,0.9657836245801861,16.052433986216784,16.621149476617575,1,0,0.0,12498,12498,0,0,5,5
chain_scaling,funnel,bucketed,hvp,512,256,128,1,16,0.9713712526903433,16.052433986216784,16.525539480149746,1,256,0.5,12498,12498,0,0,5,5
chain_scaling,funnel,bucketed,hybrid,128,256,128,1,16,0.49632777431741404,16.052433986216784,32.34240519441664,2,0,0.0,12498,12498,0,0,5,5
chain_scaling,funnel,bucketed,hybrid,256,256,128,1,16,0.9801922559136897,16.052433986216784,16.376821883022785,1,0,0.0,12498,12498,0,0,5,5
chain_scaling,funnel,bucketed,hybrid,512,256,128,1,16,0.9733002914743764,16.052433986216784,16.492786580696702,1,256,0.5,12498,12498,0,0,5,5
chain_scaling,funnel,monolithic,monolithic,0,256,128,2,16,1.0,15.675768312066793,15.675768312066793,,0,0.0,12010,12010,0,0,5,5
chain_scaling,funnel,bucketed,none,128,256,128,2,16,0.48907986556139554,15.675768312066793,32.05155111849308,2,0,0.0,12010,12010,0,0,5,5
chain_scaling,funnel,bucketed,none,256,256,128,2,16,0.9749681652487943,15.675768312066793,16.078236060217023,1,0,0.0,12010,12010,0,0,5,5
chain_scaling,funnel,bucketed,none,512,256,128,2,16,0.9688898235347363,15.675768312066793,16.17910306341946,1,256,0.5,12010,12010,0,0,5,5
chain_scaling,funnel,bucketed,random,128,256,128,2,16,0.4848648927224062,15.675768312066793,32.33017805032432,2,0,0.0,12010,12010,0,0,5,5
chain_scaling,funnel,bucketed,random,256,256,128,2,16,0.9696500986009691,15.675768312066793,16.1664174888283,1,0,0.0,12010,12010,0,0,5,5
chain_scaling,funnel,bucketed,random,512,256,128,2,16,0.9695675198893968,15.675768312066793,16.167794393375516,1,256,0.5,12010,12010,0,0,5,5
chain_scaling,funnel,bucketed,history,128,256,128,2,16,0.48355480782790566,15.675768312066793,32.41776952333748,2,0,0.0,12010,12010,0,0,5,5
chain_scaling,funnel,bucketed,history,256,256,128,2,16,0.9744626539926203,15.675768312066793,16.08657678961754,1,0,0.0,12010,12010,0,0,5,5
chain_scaling,funnel,bucketed,history,512,256,128,2,16,0.9635934334126766,15.675768312066793,16.268031483516097,1,256,0.5,12010,12010,0,0,5,5
chain_scaling,funnel,bucketed,hvp,128,256,128,2,16,0.48101974153277516,15.675768312066793,32.58861738629639,2,0,0.0,12010,12010,0,0,5,5
chain_scaling,funnel,bucketed,hvp,256,256,128,2,16,0.9388488615928144,15.675768312066793,16.69679642096162,1,0,0.0,12010,12010,0,0,5,5
chain_scaling,funnel,bucketed,hvp,512,256,128,2,16,0.937529077963104,15.675768312066793,16.720300927758217,1,256,0.5,12010,12010,0,0,5,5
chain_scaling,funnel,bucketed,hybrid,128,256,128,2,16,0.4653308456289855,15.675768312066793,33.687361281365156,2,0,0.0,12010,12010,0,0,5,5
chain_scaling,funnel,bucketed,hybrid,256,256,128,2,16,0.9118054880855964,15.675768312066793,17.192009169608355,1,0,0.0,12010,12010,0,0,5,5
chain_scaling,funnel,bucketed,hybrid,512,256,128,2,16,0.9134034697488764,15.675768312066793,17.16193208284676,1,256,0.5,12010,12010,0,0,5,5
chain_scaling,funnel,monolithic,monolithic,0,512,128,0,16,1.0,16.777472853660583,16.777472853660583,,0,0.0,24177,24177,0,0,5,5
chain_scaling,funnel,bucketed,none,128,512,128,0,16,0.2520717585986327,16.777472853660583,66.55832032486796,4,0,0.0,24177,24177,0,0,5,5
chain_scaling,funnel,bucketed,none,256,512,128,0,16,0.5087385130317527,16.777472853660583,32.978578235954046,2,0,0.0,24177,24177,0,0,5,5
chain_scaling,funnel,bucketed,none,512,512,128,0,16,1.0313602396929706,16.777472853660583,16.267325622960925,1,0,0.0,24177,24177,0,0,5,5
chain_scaling,funnel,bucketed,random,128,512,128,0,16,0.2614891432595851,16.777472853660583,64.16125979274511,4,0,0.0,24177,24177,0,0,5,5
chain_scaling,funnel,bucketed,random,256,512,128,0,16,0.5219257467083092,16.777472853660583,32.14532519131899,2,0,0.0,24177,24177,0,0,5,5
chain_scaling,funnel,bucketed,random,512,512,128,0,16,1.0298300702843919,16.777472853660583,16.29149637185037,1,0,0.0,24177,24177,0,0,5,5
chain_scaling,funnel,bucketed,history,128,512,128,0,16,0.26366689170027224,16.777472853660583,63.63132187537849,4,0,0.0,24177,24177,0,0,5,5
chain_scaling,funnel,bucketed,history,256,512,128,0,16,0.5236289355541007,16.777472853660583,32.040767258033156,2,0,0.0,24177,24177,0,0,5,5
chain_scaling,funnel,bucketed,history,512,512,128,0,16,1.0411998663742645,16.777472853660583,16.11359489709139,1,0,0.0,24177,24177,0,0,5,5
chain_scaling,funnel,bucketed,hvp,128,512,128,0,16,0.25600507090688307,16.777472853660583,65.53570518828928,4,0,0.0,24177,24177,0,0,5,5
chain_scaling,funnel,bucketed,hvp,256,512,128,0,16,0.5184375866122448,16.777472853660583,32.3616058845073,2,0,0.0,24177,24177,0,0,5,5
chain_scaling,funnel,bucketed,hvp,512,512,128,0,16,1.01311364857618,16.777472853660583,16.560306809842587,1,0,0.0,24177,24177,0,0,5,5
chain_scaling,funnel,bucketed,hybrid,128,512,128,0,16,0.258671352517195,16.777472853660583,64.8601891566068,4,0,0.0,24177,24177,0,0,5,5
chain_scaling,funnel,bucketed,hybrid,256,512,128,0,16,0.5026115205327109,16.777472853660583,33.38059747591615,2,0,0.0,24177,24177,0,0,5,5
chain_scaling,funnel,bucketed,hybrid,512,512,128,0,16,0.9967155503705196,16.777472853660583,16.832759203389287,1,0,0.0,24177,24177,0,0,5,5
chain_scaling,funnel,monolithic,monolithic,0,512,128,1,16,1.0,16.389424307271838,16.389424307271838,,0,0.0,24680,24680,0,0,5,5
chain_scaling,funnel,bucketed,none,128,512,128,1,16,0.24655079711845532,16.389424307271838,66.4748380407691,4,0,0.0,24680,24680,0,0,5,5
chain_scaling,funnel,bucketed,none,256,512,128,1,16,0.5107185131307473,16.389424307271838,32.09091483056545,2,0,0.0,24680,24680,0,0,5,5
chain_scaling,funnel,bucketed,none,512,512,128,1,16,1.0148859690868566,16.389424307271838,16.149030340835452,1,0,0.0,24680,24680,0,0,5,5
chain_scaling,funnel,bucketed,random,128,512,128,1,16,0.25503862971810737,16.389424307271838,64.26251711510122,4,0,0.0,24680,24680,0,0,5,5
chain_scaling,funnel,bucketed,random,256,512,128,1,16,0.5097640169021622,16.389424307271838,32.15100274607539,2,0,0.0,24680,24680,0,0,5,5
chain_scaling,funnel,bucketed,random,512,512,128,1,16,1.0165512962803227,16.389424307271838,16.122574795037508,1,0,0.0,24680,24680,0,0,5,5
chain_scaling,funnel,bucketed,history,128,512,128,1,16,0.24942131715296556,16.389424307271838,65.7097977604717,4,0,0.0,24680,24680,0,0,5,5
chain_scaling,funnel,bucketed,history,256,512,128,1,16,0.4995573065020839,16.389424307271838,32.80789629928768,2,0,0.0,24680,24680,0,0,5,5
chain_scaling,funnel,bucketed,history,512,512,128,1,16,0.9978996502000529,16.389424307271838,16.423920284956694,1,0,0.0,24680,24680,0,0,5,5
chain_scaling,funnel,bucketed,hvp,128,512,128,1,16,0.25314134033888863,16.389424307271838,64.74416342005134,4,0,0.0,24680,24680,0,0,5,5
chain_scaling,funnel,bucketed,hvp,256,512,128,1,16,0.5019615540986189,16.389424307271838,32.650756165385246,2,0,0.0,24680,24680,0,0,5,5
chain_scaling,funnel,bucketed,hvp,512,512,128,1,16,0.9861281338374369,16.389424307271838,16.619974367320538,1,0,0.0,24680,24680,0,0,5,5
chain_scaling,funnel,bucketed,hybrid,128,512,128,1,16,0.2521349955682693,16.389424307271838,65.00257637910545,4,0,0.0,24680,24680,0,0,5,5
chain_scaling,funnel,bucketed,hybrid,256,512,128,1,16,0.5002394955865922,16.389424307271838,32.76315535232425,2,0,0.0,24680,24680,0,0,5,5
chain_scaling,funnel,bucketed,hybrid,512,512,128,1,16,0.9867140581101821,16.389424307271838,16.610105199739337,1,0,0.0,24680,24680,0,0,5,5
chain_scaling,funnel,monolithic,monolithic,0,512,128,2,16,1.0,15.750920906662941,15.750920906662941,,0,0.0,24027,24027,0,0,5,5
chain_scaling,funnel,bucketed,none,128,512,128,2,16,0.24440302769047514,15.750920906662941,64.44650483876467,4,0,0.0,24027,24027,0,0,5,5
chain_scaling,funnel,bucketed,none,256,512,128,2,16,0.4897769625159712,15.750920906662941,32.15937480144203,2,0,0.0,24027,24027,0,0,5,5
chain_scaling,funnel,bucketed,none,512,512,128,2,16,0.9648508603304544,15.750920906662941,16.324720798060298,1,0,0.0,24027,24027,0,0,5,5
chain_scaling,funnel,bucketed,random,128,512,128,2,16,0.2417605845664268,15.750920906662941,65.15090511925519,4,0,0.0,24027,24027,0,0,5,5
chain_scaling,funnel,bucketed,random,256,512,128,2,16,0.48845284193211014,15.750920906662941,32.2465539239347,2,0,0.0,24027,24027,0,0,5,5
chain_scaling,funnel,bucketed,random,512,512,128,2,16,0.9718515641659133,15.750920906662941,16.20712615735829,1,0,0.0,24027,24027,0,0,5,5
chain_scaling,funnel,bucketed,history,128,512,128,2,16,0.2444570547393658,15.750920906662941,64.43226162344217,4,0,0.0,24027,24027,0,0,5,5
chain_scaling,funnel,bucketed,history,256,512,128,2,16,0.4877502147053978,15.750920906662941,32.29300660826266,2,0,0.0,24027,24027,0,0,5,5
chain_scaling,funnel,bucketed,history,512,512,128,2,16,0.9705038625516772,15.750920906662941,16.22963237389922,1,0,0.0,24027,24027,0,0,5,5
chain_scaling,funnel,bucketed,hvp,128,512,128,2,16,0.24031367970879997,15.750920906662941,65.54317226447165,4,0,0.0,24027,24027,0,0,5,5
chain_scaling,funnel,bucketed,hvp,256,512,128,2,16,0.47645962276678505,15.750920906662941,33.05824912339449,2,0,0.0,24027,24027,0,0,5,5
chain_scaling,funnel,bucketed,hvp,512,512,128,2,16,0.9339292180499651,15.750920906662941,16.865219121798873,1,0,0.0,24027,24027,0,0,5,5
chain_scaling,funnel,bucketed,hybrid,128,512,128,2,16,0.24206677539162985,15.750920906662941,65.06849558837712,4,0,0.0,24027,24027,0,0,5,5
chain_scaling,funnel,bucketed,hybrid,256,512,128,2,16,0.4832026988294728,15.750920906662941,32.59692246094346,2,0,0.0,24027,24027,0,0,5,5
chain_scaling,funnel,bucketed,hybrid,512,512,128,2,16,0.9500813858862857,15.750920906662941,16.57849647477269,1,0,0.0,24027,24027,0,0,5,5
chain_scaling,funnel,monolithic,monolithic,0,1024,128,0,16,1.0,19.11710579879582,19.11710579879582,,0,0.0,49123,49123,0,0,5,5
chain_scaling,funnel,bucketed,none,128,1024,128,0,16,0.14763155093688052,19.11710579879582,129.49200680665672,8,0,0.0,49123,49123,0,0,5,5
chain_scaling,funnel,bucketed,none,256,1024,128,0,16,0.29491907469500345,19.11710579879582,64.82153051160276,4,0,0.0,49123,49123,0,0,5,5
chain_scaling,funnel,bucketed,none,512,1024,128,0,16,0.5939639563017863,19.11710579879582,32.18563280813396,2,0,0.0,49123,49123,0,0,5,5
chain_scaling,funnel,bucketed,random,128,1024,128,0,16,0.14782496549925347,19.11710579879582,129.32257913425565,8,0,0.0,49123,49123,0,0,5,5
chain_scaling,funnel,bucketed,random,256,1024,128,0,16,0.29396018911608823,19.11710579879582,65.03297557495534,4,0,0.0,49123,49123,0,0,5,5
chain_scaling,funnel,bucketed,random,512,1024,128,0,16,0.5916353426012241,19.11710579879582,32.312312031164765,2,0,0.0,49123,49123,0,0,5,5
chain_scaling,funnel,bucketed,history,128,1024,128,0,16,0.14852977031199696,19.11710579879582,128.70891645923257,8,0,0.0,49123,49123,0,0,5,5
chain_scaling,funnel,bucketed,history,256,1024,128,0,16,0.29368269712785416,19.11710579879582,65.0944232866168,4,0,0.0,49123,49123,0,0,5,5
chain_scaling,funnel,bucketed,history,512,1024,128,0,16,0.5920168107601784,19.11710579879582,32.29149147681892,2,0,0.0,49123,49123,0,0,5,5
chain_scaling,funnel,bucketed,hvp,128,1024,128,0,16,0.1424950312333734,19.11710579879582,134.15980636887252,8,0,0.0,49123,49123,0,0,5,5
chain_scaling,funnel,bucketed,hvp,256,1024,128,0,16,0.2727745969518541,19.11710579879582,70.08389348722994,4,0,0.0,49123,49123,0,0,5,5
chain_scaling,funnel,bucketed,hvp,512,1024,128,0,16,0.5759847074962766,19.11710579879582,33.1903009749949,2,0,0.0,49123,49123,0,0,5,5
chain_scaling,funnel,bucketed,hybrid,128,1024,128,0,16,0.14737897254598314,19.11710579879582,129.71393047831953,8,0,0.0,49123,49123,0,0,5,5
chain_scaling,funnel,bucketed,hybrid,256,1024,128,0,16,0.29193995879256884,19.11710579879582,65.483005059883,4,0,0.0,49123,49123,0,0,5,5
chain_scaling,funnel,bucketed,hybrid,512,1024,128,0,16,0.5807234910169295,19.11710579879582,32.91946355625987,2,0,0.0,49123,49123,0,0,5,5
chain_scaling,funnel,monolithic,monolithic,0,1024,128,1,16,1.0,15.9668476190418,15.9668476190418,,0,0.0,49006,49006,0,0,5,5
chain_scaling,funnel,bucketed,none,128,1024,128,1,16,0.12383879309284156,15.9668476190418,128.9325196109712,8,0,0.0,49006,49006,0,0,5,5
chain_scaling,funnel,bucketed,none,256,1024,128,1,16,0.24763096963946116,15.9668476190418,64.47839558310807,4,0,0.0,49006,49006,0,0,5,5
chain_scaling,funnel,bucketed,none,512,1024,128,1,16,0.4711019569617872,15.9668476190418,33.892552096396685,2,0,0.0,49006,49006,0,0,5,5
chain_scaling,funnel,bucketed,random,128,1024,128,1,16,0.12018454331896115,15.9668476190418,132.8527544233948,8,0,0.0,49006,49006,0,0,5,5
chain_scaling,funnel,bucketed,random,256,1024,128,1,16,0.246861041781224,15.9668476190418,64.6794954109937,4,0,0.0,49006,49006,0,0,5,5
chain_scaling,funnel,bucketed,random,512,1024,128,1,16,0.4911482979534798,15.9668476190418,32.50921908020973,2,0,0.0,49006,49006,0,0,5,5
chain_scaling,funnel,bucketed,history,128,1024,128,1,16,0.12270509490555422,15.9668476190418,130.12375428527594,8,0,0.0,49006,49006,0,0,5,5
chain_scaling,funnel,bucketed,history,256,1024,128,1,16,0.24797125632566,15.9668476190418,64.38991299085319,4,0,0.0,49006,49006,0,0,5,5
chain_scaling,funnel,bucketed,history,512,1024,128,1,16,0.4922027961406335,15.9668476190418,32.43957113660872,2,0,0.0,49006,49006,0,0,5,5
chain_scaling,funnel,bucketed,hvp,128,1024,128,1,16,0.12320124546914538,15.9668476190418,129.5997257027775,8,0,0.0,49006,49006,0,0,5,5
chain_scaling,funnel,bucketed,hvp,256,1024,128,1,16,0.2426358474113366,15.9668476190418,65.80580647662282,4,0,0.0,49006,49006,0,0,5,5
chain_scaling,funnel,bucketed,hvp,512,1024,128,1,16,0.45594064146103014,15.9668476190418,35.01957528479397,2,0,0.0,49006,49006,0,0,5,5
chain_scaling,funnel,bucketed,hybrid,128,1024,128,1,16,0.1174198653205999,15.9668476190418,135.980803379789,8,0,0.0,49006,49006,0,0,5,5
chain_scaling,funnel,bucketed,hybrid,256,1024,128,1,16,0.239448238918135,15.9668476190418,66.68183358199894,4,0,0.0,49006,49006,0,0,5,5
chain_scaling,funnel,bucketed,hybrid,512,1024,128,1,16,0.48729932330268305,15.9668476190418,32.765995878726244,2,0,0.0,49006,49006,0,0,5,5
chain_scaling,funnel,monolithic,monolithic,0,1024,128,2,16,1.0,15.845470303669572,15.845470303669572,,0,0.0,48375,48375,0,0,5,5
chain_scaling,funnel,bucketed,none,128,1024,128,2,16,0.1215137967514823,15.845470303669572,130.400586001575,8,0,0.0,48375,48375,0,0,5,5
chain_scaling,funnel,bucketed,none,256,1024,128,2,16,0.24454567347349368,15.845470303669572,64.79554546438158,4,0,0.0,48375,48375,0,0,5,5
chain_scaling,funnel,bucketed,none,512,1024,128,2,16,0.48618476600317434,15.845470303669572,32.59145784005523,2,0,0.0,48375,48375,0,0,5,5
chain_scaling,funnel,bucketed,random,128,1024,128,2,16,0.12087646762557411,15.845470303669572,131.08813166804612,8,0,0.0,48375,48375,0,0,5,5
chain_scaling,funnel,bucketed,random,256,1024,128,2,16,0.24499869313749048,15.845470303669572,64.6757339835167,4,0,0.0,48375,48375,0,0,5,5
chain_scaling,funnel,bucketed,random,512,1024,128,2,16,0.49303394204852535,15.845470303669572,32.138700710609555,2,0,0.0,48375,48375,0,0,5,5
chain_scaling,funnel,bucketed,history,128,1024,128,2,16,0.12046239677666978,15.845470303669572,131.53872683644295,8,0,0.0,48375,48375,0,0,5,5
chain_scaling,funnel,bucketed,history,256,1024,128,2,16,0.23037002702225098,15.845470303669572,68.78269064985216,4,0,0.0,48375,48375,0,0,5,5
chain_scaling,funnel,bucketed,history,512,1024,128,2,16,0.45984675780583806,15.845470303669572,34.45815379731357,2,0,0.0,48375,48375,0,0,5,5
chain_scaling,funnel,bucketed,hvp,128,1024,128,2,16,0.11841170679251205,15.845470303669572,133.81675454974174,8,0,0.0,48375,48375,0,0,5,5
chain_scaling,funnel,bucketed,hvp,256,1024,128,2,16,0.24378775609131506,15.845470303669572,64.99698983132839,4,0,0.0,48375,48375,0,0,5,5
chain_scaling,funnel,bucketed,hvp,512,1024,128,2,16,0.4873114993713511,15.845470303669572,32.5161017626524,2,0,0.0,48375,48375,0,0,5,5
chain_scaling,funnel,bucketed,hybrid,128,1024,128,2,16,0.1219910774034552,15.845470303669572,129.89040379785,8,0,0.0,48375,48375,0,0,5,5
chain_scaling,funnel,bucketed,hybrid,256,1024,128,2,16,0.24192762867892634,15.845470303669572,65.49673714488745,4,0,0.0,48375,48375,0,0,5,5
chain_scaling,funnel,bucketed,hybrid,512,1024,128,2,16,0.456622986660536,15.845470303669572,34.70142933353782,2,0,0.0,48375,48375,0,0,5,5
chain_scaling,funnel,monolithic,monolithic,0,2048,128,0,16,1.0,19.916066268458962,19.916066268458962,,0,0.0,97469,97469,0,0,5,5
chain_scaling,funnel,bucketed,none,128,2048,128,0,16,0.07729223669898787,19.916066268458962,257.6722723916173,16,0,0.0,97469,97469,0,0,5,5
chain_scaling,funnel,bucketed,none,256,2048,128,0,16,0.15078874775437526,19.916066268458962,132.07926032319665,8,0,0.0,97469,97469,0,0,5,5
chain_scaling,funnel,bucketed,none,512,2048,128,0,16,0.2969001523356306,19.916066268458962,67.08001364022493,4,0,0.0,97469,97469,0,0,5,5
chain_scaling,funnel,bucketed,random,128,2048,128,0,16,0.07526974685953419,19.916066268458962,264.59589807875454,16,0,0.0,97469,97469,0,0,5,5
chain_scaling,funnel,bucketed,random,256,2048,128,0,16,0.1476178358304607,19.916066268458962,134.91639513894916,8,0,0.0,97469,97469,0,0,5,5
chain_scaling,funnel,bucketed,random,512,2048,128,0,16,0.3082817650042828,19.916066268458962,64.60345219634473,4,0,0.0,97469,97469,0,0,5,5
chain_scaling,funnel,bucketed,history,128,2048,128,0,16,0.07729946008873889,19.916066268458962,257.6481937337667,16,0,0.0,97469,97469,0,0,5,5
chain_scaling,funnel,bucketed,history,256,2048,128,0,16,0.1508259043061186,19.916066268458962,132.04672208055854,8,0,0.0,97469,97469,0,0,5,5
chain_scaling,funnel,bucketed,history,512,2048,128,0,16,0.2966449503072461,19.916066268458962,67.13772220909595,4,0,0.0,97469,97469,0,0,5,5
chain_scaling,funnel,bucketed,hvp,128,2048,128,0,16,0.07555697025887845,19.916066268458962,263.59005926549435,16,0,0.0,97469,97469,0,0,5,5
chain_scaling,funnel,bucketed,hvp,256,2048,128,0,16,0.1477860395744853,19.916066268458962,134.76283907331526,8,0,0.0,97469,97469,0,0,5,5
chain_scaling,funnel,bucketed,hvp,512,2048,128,0,16,0.2944708280282865,19.916066268458962,67.63341007940471,4,0,0.0,97469,97469,0,0,5,5
chain_scaling,funnel,bucketed,hybrid,128,2048,128,0,16,0.07604212369070527,19.916066268458962,261.9083384554833,16,0,0.0,97469,97469,0,0,5,5
chain_scaling,funnel,bucketed,hybrid,256,2048,128,0,16,0.15345230807691368,19.916066268458962,129.78668433241546,8,0,0.0,97469,97469,0,0,5,5
chain_scaling,funnel,bucketed,hybrid,512,2048,128,0,16,0.30566526122390164,19.916066268458962,65.1564596798271,4,0,0.0,97469,97469,0,0,5,5
chain_scaling,funnel,monolithic,monolithic,0,2048,128,1,16,1.0,16.330060459673405,16.330060459673405,,0,0.0,97738,97738,0,0,5,5
chain_scaling,funnel,bucketed,none,128,2048,128,1,16,0.06193968977637871,16.330060459673405,263.6445309724659,16,0,0.0,97738,97738,0,0,5,5
chain_scaling,funnel,bucketed,none,256,2048,128,1,16,0.12511873853065517,16.330060459673405,130.51650497317314,8,0,0.0,97738,97738,0,0,5,5
chain_scaling,funnel,bucketed,none,512,2048,128,1,16,0.2536080084026643,16.330060459673405,64.39094949141145,4,0,0.0,97738,97738,0,0,5,5
chain_scaling,funnel,bucketed,random,128,2048,128,1,16,0.06358594358450963,16.330060459673405,256.81871714256704,16,0,0.0,97738,97738,0,0,5,5
chain_scaling,funnel,bucketed,random,256,2048,128,1,16,0.12299667971750335,16.330060459673405,132.7683031540364,8,0,0.0,97738,97738,0,0,5,5
chain_scaling,funnel,bucketed,random,512,2048,128,1,16,0.24877066856793756,16.330060459673405,65.64302999898791,4,0,0.0,97738,97738,0,0,5,5
chain_scaling,funnel,bucketed,history,128,2048,128,1,16,0.06330062834652311,16.330060459673405,257.97627742774785,16,0,0.0,97738,97738,0,0,5,5
chain_scaling,funnel,bucketed,history,256,2048,128,1,16,0.12164141038350686,16.330060459673405,134.24754290655255,8,0,0.0,97738,97738,0,0,5,5
chain_scaling,funnel,bucketed,history,512,2048,128,1,16,0.24920334080984316,16.330060459673405,65.52905914746225,4,0,0.0,97738,97738,0,0,5,5
chain_scaling,funnel,bucketed,hvp,128,2048,128,1,16,0.06294813553640374,16.330060459673405,259.4208759404719,16,0,0.0,97738,97738,0,0,5,5
chain_scaling,funnel,bucketed,hvp,256,2048,128,1,16,0.1259646629527256,16.330060459673405,129.64001234062016,8,0,0.0,97738,97738,0,0,5,5
chain_scaling,funnel,bucketed,hvp,512,2048,128,1,16,0.2519690900259254,16.330060459673405,64.80977669917047,4,0,0.0,97738,97738,0,0,5,5
chain_scaling,funnel,bucketed,hybrid,128,2048,128,1,16,0.06272138161246937,16.330060459673405,260.3587491195649,16,0,0.0,97738,97738,0,0,5,5
chain_scaling,funnel,bucketed,hybrid,256,2048,128,1,16,0.12334824419759609,16.330060459673405,132.38988982699811,8,0,0.0,97738,97738,0,0,5,5
chain_scaling,funnel,bucketed,hybrid,512,2048,128,1,16,0.24347512227667514,16.330060459673405,67.0707557592541,4,0,0.0,97738,97738,0,0,5,5
chain_scaling,funnel,monolithic,monolithic,0,2048,128,2,16,1.0,16.092994721606374,16.092994721606374,,0,0.0,97150,97150,0,0,5,5
chain_scaling,funnel,bucketed,none,128,2048,128,2,16,0.061354223238123576,16.092994721606374,262.2964463122189,16,0,0.0,97150,97150,0,0,5,5
chain_scaling,funnel,bucketed,none,256,2048,128,2,16,0.11996698171582779,16.092994721606374,134.14519971609116,8,0,0.0,97150,97150,0,0,5,5
chain_scaling,funnel,bucketed,none,512,2048,128,2,16,0.23480535760463278,16.092994721606374,68.53759592957795,4,0,0.0,97150,97150,0,0,5,5
chain_scaling,funnel,bucketed,random,128,2048,128,2,16,0.06198086032499872,16.092994721606374,259.644584428519,16,0,0.0,97150,97150,0,0,5,5
chain_scaling,funnel,bucketed,random,256,2048,128,2,16,0.12370261495753165,16.092994721606374,130.09421609342098,8,0,0.0,97150,97150,0,0,5,5
chain_scaling,funnel,bucketed,random,512,2048,128,2,16,0.23861009020964113,16.092994721606374,67.44473675638437,4,0,0.0,97150,97150,0,0,5,5
chain_scaling,funnel,bucketed,history,128,2048,128,2,16,0.06216886371038252,16.092994721606374,258.8593994025141,16,0,0.0,97150,97150,0,0,5,5
chain_scaling,funnel,bucketed,history,256,2048,128,2,16,0.12382415038019778,16.092994721606374,129.96652649901807,8,0,0.0,97150,97150,0,0,5,5
chain_scaling,funnel,bucketed,history,512,2048,128,2,16,0.24803562858506548,16.092994721606374,64.88178659416735,4,0,0.0,97150,97150,0,0,5,5
chain_scaling,funnel,bucketed,hvp,128,2048,128,2,16,0.061871377152215315,16.092994721606374,260.10403295233846,16,0,0.0,97150,97150,0,0,5,5
chain_scaling,funnel,bucketed,hvp,256,2048,128,2,16,0.12279761111295269,16.092994721606374,131.05299505218863,8,0,0.0,97150,97150,0,0,5,5
chain_scaling,funnel,bucketed,hvp,512,2048,128,2,16,0.24527006106083152,16.092994721606374,65.61336777918041,4,0,0.0,97150,97150,0,0,5,5
chain_scaling,funnel,bucketed,hybrid,128,2048,128,2,16,0.06211596511046525,16.092994721606374,259.07984675094485,16,0,0.0,97150,97150,0,0,5,5
chain_scaling,funnel,bucketed,hybrid,256,2048,128,2,16,0.12292801628658105,16.092994721606374,130.91397069394588,8,0,0.0,97150,97150,0,0,5,5
chain_scaling,funnel,bucketed,hybrid,512,2048,128,2,16,0.23661725189405658,16.092994721606374,68.012769959867,4,0,0.0,97150,97150,0,0,5,5
dimension_scaling,funnel,monolithic,monolithic,0,2048,16,0,16,1.0,20.038979724049568,20.038979724049568,,0,0.0,114473,114473,0,0,5,5
dimension_scaling,funnel,bucketed,none,128,2048,16,0,16,0.07718812241929039,20.038979724049568,259.61221877112985,16,0,0.0,114473,114473,0,0,5,5
dimension_scaling,funnel,bucketed,none,256,2048,16,0,16,0.1466449926457769,20.038979724049568,136.64960093423724,8,0,0.0,114473,114473,0,0,5,5
dimension_scaling,funnel,bucketed,none,512,2048,16,0,16,0.2868344305994862,20.038979724049568,69.86253247968853,4,0,0.0,114473,114473,0,0,5,5
dimension_scaling,funnel,bucketed,random,128,2048,16,0,16,0.07687245859014644,20.038979724049568,260.6782727073878,16,0,0.0,114473,114473,0,0,5,5
dimension_scaling,funnel,bucketed,random,256,2048,16,0,16,0.1503153831756426,20.038979724049568,133.31290052086115,8,0,0.0,114473,114473,0,0,5,5
dimension_scaling,funnel,bucketed,random,512,2048,16,0,16,0.3018651409695788,20.038979724049568,66.38388142362237,4,0,0.0,114473,114473,0,0,5,5
dimension_scaling,funnel,bucketed,history,128,2048,16,0,16,0.07443851869534458,20.038979724049568,269.20175300724804,16,0,0.0,114473,114473,0,0,5,5
dimension_scaling,funnel,bucketed,history,256,2048,16,0,16,0.15027439254598626,20.038979724049568,133.34926453232765,8,0,0.0,114473,114473,0,0,5,5
dimension_scaling,funnel,bucketed,history,512,2048,16,0,16,0.30003595667151245,20.038979724049568,66.78859409503639,4,0,0.0,114473,114473,0,0,5,5
dimension_scaling,funnel,bucketed,hvp,128,2048,16,0,16,0.07673024000521676,20.038979724049568,261.1614367775619,16,0,0.0,114473,114473,0,0,5,5
dimension_scaling,funnel,bucketed,hvp,256,2048,16,0,16,0.15451098011952774,20.038979724049568,129.69291702471673,8,0,0.0,114473,114473,0,0,5,5
dimension_scaling,funnel,bucketed,hvp,512,2048,16,0,16,0.3092048853358347,20.038979724049568,64.80809545516968,4,0,0.0,114473,114473,0,0,5,5
dimension_scaling,funnel,bucketed,hybrid,128,2048,16,0,16,0.07730548932197871,20.038979724049568,259.2180697619915,16,0,0.0,114473,114473,0,0,5,5
dimension_scaling,funnel,bucketed,hybrid,256,2048,16,0,16,0.15433398183896718,20.038979724049568,129.84165564365685,8,0,0.0,114473,114473,0,0,5,5
dimension_scaling,funnel,bucketed,hybrid,512,2048,16,0,16,0.306391882276628,20.038979724049568,65.40310263819993,4,0,0.0,114473,114473,0,0,5,5
dimension_scaling,funnel,monolithic,monolithic,0,2048,16,1,16,1.0,16.17757253162563,16.17757253162563,,0,0.0,114280,114280,0,0,5,5
dimension_scaling,funnel,bucketed,none,128,2048,16,1,16,0.06204049110023477,16.17757253162563,260.7582926042378,16,0,0.0,114280,114280,0,0,5,5
dimension_scaling,funnel,bucketed,none,256,2048,16,1,16,0.12290168974850894,16.17757253162563,131.63018803671002,8,0,0.0,114280,114280,0,0,5,5
dimension_scaling,funnel,bucketed,none,512,2048,16,1,16,0.24572781168865054,16.17757253162563,65.83533390238881,4,0,0.0,114280,114280,0,0,5,5
dimension_scaling,funnel,bucketed,random,128,2048,16,1,16,0.061635073955227826,16.17757253162563,262.47348292917013,16,0,0.0,114280,114280,0,0,5,5
dimension_scaling,funnel,bucketed,random,256,2048,16,1,16,0.12029864834509267,16.17757253162563,134.47842310927808,8,0,0.0,114280,114280,0,0,5,5
dimension_scaling,funnel,bucketed,random,512,2048,16,1,16,0.24755521802447863,16.17757253162563,65.3493497762829,4,0,0.0,114280,114280,0,0,5,5
dimension_scaling,funnel,bucketed,history,128,2048,16,1,16,0.060302413347214825,16.17757253162563,268.274047980085,16,0,0.0,114280,114280,0,0,5,5
dimension_scaling,funnel,bucketed,history,256,2048,16,1,16,0.11906879046262685,16.17757253162563,135.86744661442935,8,0,0.0,114280,114280,0,0,5,5
dimension_scaling,funnel,bucketed,history,512,2048,16,1,16,0.24889455546787911,16.17757253162563,64.99769551493227,4,0,0.0,114280,114280,0,0,5,5
dimension_scaling,funnel,bucketed,hvp,128,2048,16,1,16,0.06239657774311724,16.17757253162563,259.2701894361526,16,0,0.0,114280,114280,0,0,5,5
dimension_scaling,funnel,bucketed,hvp,256,2048,16,1,16,0.12442470633626838,16.17757253162563,130.0189729835838,8,0,0.0,114280,114280,0,0,5,5
dimension_scaling,funnel,bucketed,hvp,512,2048,16,1,16,0.24784428369640918,16.17757253162563,65.27313154190779,4,0,0.0,114280,114280,0,0,5,5
dimension_scaling,funnel,bucketed,hybrid,128,2048,16,1,16,0.06165990929444746,16.17757253162563,262.3677640259266,16,0,0.0,114280,114280,0,0,5,5
dimension_scaling,funnel,bucketed,hybrid,256,2048,16,1,16,0.1265982734042815,16.17757253162563,127.786675889045,8,0,0.0,114280,114280,0,0,5,5
dimension_scaling,funnel,bucketed,hybrid,512,2048,16,1,16,0.25130419921977165,16.17757253162563,64.37446163594723,4,0,0.0,114280,114280,0,0,5,5
dimension_scaling,funnel,monolithic,monolithic,0,2048,16,2,16,1.0,15.822982609272003,15.822982609272003,,0,0.0,113885,113885,0,0,5,5
dimension_scaling,funnel,bucketed,none,128,2048,16,2,16,0.061669534044510345,15.822982609272003,256.5769768562168,16,0,0.0,113885,113885,0,0,5,5
dimension_scaling,funnel,bucketed,none,256,2048,16,2,16,0.12171358127021054,15.822982609272003,130.00178323686123,8,0,0.0,113885,113885,0,0,5,5
dimension_scaling,funnel,bucketed,none,512,2048,16,2,16,0.24132845230000127,15.822982609272003,65.56617115996778,4,0,0.0,113885,113885,0,0,5,5
dimension_scaling,funnel,bucketed,random,128,2048,16,2,16,0.059238743790736355,15.822982609272003,267.1053029950708,16,0,0.0,113885,113885,0,0,5,5
dimension_scaling,funnel,bucketed,random,256,2048,16,2,16,0.11934270465074044,15.822982609272003,132.58441440202296,8,0,0.0,113885,113885,0,0,5,5
dimension_scaling,funnel,bucketed,random,512,2048,16,2,16,0.2393606270434189,15.822982609272003,66.10520203225315,4,0,0.0,113885,113885,0,0,5,5
dimension_scaling,funnel,bucketed,history,128,2048,16,2,16,0.06105057117933502,15.822982609272003,259.17828946746886,16,0,0.0,113885,113885,0,0,5,5
dimension_scaling,funnel,bucketed,history,256,2048,16,2,16,0.12255353209609643,15.822982609272003,129.11078398674726,8,0,0.0,113885,113885,0,0,5,5
dimension_scaling,funnel,bucketed,history,512,2048,16,2,16,0.2445392391051329,15.822982609272003,64.70529092662036,4,0,0.0,113885,113885,0,0,5,5
dimension_scaling,funnel,bucketed,hvp,128,2048,16,2,16,0.06039875419782607,15.822982609272003,261.9753142166883,16,0,0.0,113885,113885,0,0,5,5
dimension_scaling,funnel,bucketed,hvp,256,2048,16,2,16,0.11936542751468225,15.822982609272003,132.55917512066662,8,0,0.0,113885,113885,0,0,5,5
dimension_scaling,funnel,bucketed,hvp,512,2048,16,2,16,0.24393547225147214,15.822982609272003,64.86544356681406,4,0,0.0,113885,113885,0,0,5,5
dimension_scaling,funnel,bucketed,hybrid,128,2048,16,2,16,0.06084370062285248,15.822982609272003,260.05950406193733,16,0,0.0,113885,113885,0,0,5,5
dimension_scaling,funnel,bucketed,hybrid,256,2048,16,2,16,0.12281575939299257,15.822982609272003,128.83511601015925,8,0,0.0,113885,113885,0,0,5,5
dimension_scaling,funnel,bucketed,hybrid,512,2048,16,2,16,0.24260621478083838,15.822982609272003,65.22084615007043,4,0,0.0,113885,113885,0,0,5,5
dimension_scaling,funnel,monolithic,monolithic,0,2048,32,0,16,1.0,17.219918997958302,17.219918997958302,,0,0.0,111348,111348,0,0,5,5
dimension_scaling,funnel,bucketed,none,128,2048,32,0,16,0.0648453456666411,17.219918997958302,265.55366188474,16,0,0.0,111348,111348,0,0,5,5
dimension_scaling,funnel,bucketed,none,256,2048,32,0,16,0.12186106015563616,17.219918997958302,141.30780559405684,8,0,0.0,111348,111348,0,0,5,5
dimension_scaling,funnel,bucketed,none,512,2048,32,0,16,0.24192264882257214,17.219918997958302,71.17944137006998,4,0,0.0,111348,111348,0,0,5,5
dimension_scaling,funnel,bucketed,random,128,2048,32,0,16,0.06474830765704143,17.219918997958302,265.9516460131854,16,0,0.0,111348,111348,0,0,5,5
dimension_scaling,funnel,bucketed,random,256,2048,32,0,16,0.1316471956492231,17.219918997958302,130.80353829823434,8,0,0.0,111348,111348,0,0,5,5
dimension_scaling,funnel,bucketed,random,512,2048,32,0,16,0.267652644322747,17.219918997958302,64.33681625500321,4,0,0.0,111348,111348,0,0,5,5
dimension_scaling,funnel,bucketed,history,128,2048,32,0,16,0.06662419239587992,17.219918997958302,258.46345567144454,16,0,0.0,111348,111348,0,0,5,5
dimension_scaling,funnel,bucketed,history,256,2048,32,0,16,0.13321841041613497,17.219918997958302,129.2608052007854,8,0,0.0,111348,111348,0,0,5,5
dimension_scaling,funnel,bucketed,history,512,2048,32,0,16,0.26502043711654116,17.219918997958302,64.97581539489329,4,0,0.0,111348,111348,0,0,5,5
dimension_scaling,funnel,bucketed,hvp,128,2048,32,0,16,0.06477714390314206,17.219918997958302,265.8332547619939,16,0,0.0,111348,111348,0,0,5,5
dimension_scaling,funnel,bucketed,hvp,256,2048,32,0,16,0.13390323290385964,17.219918997958302,128.59972552210093,8,0,0.0,111348,111348,0,0,5,5
dimension_scaling,funnel,bucketed,hvp,512,2048,32,0,16,0.2640067688329169,17.219918997958302,65.22529355622828,4,0,0.0,111348,111348,0,0,5,5
dimension_scaling,funnel,bucketed,hybrid,128,2048,32,0,16,0.06219958276726176,17.219918997958302,276.8494293987751,16,0,0.0,111348,111348,0,0,5,5
dimension_scaling,funnel,bucketed,hybrid,256,2048,32,0,16,0.1312757365395795,17.219918997958302,131.17366127111018,8,0,0.0,111348,111348,0,0,5,5
dimension_scaling,funnel,bucketed,hybrid,512,2048,32,0,16,0.2663586455505846,17.219918997958302,64.64937138557434,4,0,0.0,111348,111348,0,0,5,5
dimension_scaling,funnel,monolithic,monolithic,0,2048,32,1,16,1.0,15.880667781457305,15.880667781457305,,0,0.0,111442,111442,0,0,5,5
dimension_scaling,funnel,bucketed,none,128,2048,32,1,16,0.06023841981429857,15.880667781457305,263.63021856173873,16,0,0.0,111442,111442,0,0,5,5
dimension_scaling,funnel,bucketed,none,256,2048,32,1,16,0.1186340058767849,15.880667781457305,133.8626953046769,8,0,0.0,111442,111442,0,0,5,5
dimension_scaling,funnel,bucketed,none,512,2048,32,1,16,0.24244448743174618,15.880667781457305,65.50228445976973,4,0,0.0,111442,111442,0,0,5,5
dimension_scaling,funnel,bucketed,random,128,2048,32,1,16,0.06024652621787181,15.880667781457305,263.59474609419703,16,0,0.0,111442,111442,0,0,5,5
dimension_scaling,funnel,bucketed,random,256,2048,32,1,16,0.12180919823485985,15.880667781457305,130.37330523133278,8,0,0.0,111442,111442,0,0,5,5
dimension_scaling,funnel,bucketed,random,512,2048,32,1,16,0.24225531837680397,15.880667781457305,65.55343299731612,4,0,0.0,111442,111442,0,0,5,5
dimension_scaling,funnel,bucketed,history,128,2048,32,1,16,0.06032156611203473,15.880667781457305,263.2668348159641,16,0,0.0,111442,111442,0,0,5,5
dimension_scaling,funnel,bucketed,history,256,2048,32,1,16,0.1221948615919971,15.880667781457305,129.96182961016893,8,0,0.0,111442,111442,0,0,5,5
dimension_scaling,funnel,bucketed,history,512,2048,32,1,16,0.24036513723475314,15.880667781457305,66.06893147714436,4,0,0.0,111442,111442,0,0,5,5
dimension_scaling,funnel,bucketed,hvp,128,2048,32,1,16,0.05982895100049377,15.880667781457305,265.43450145609677,16,0,0.0,111442,111442,0,0,5,5
dimension_scaling,funnel,bucketed,hvp,256,2048,32,1,16,0.12287883186563336,15.880667781457305,129.2384338323027,8,0,0.0,111442,111442,0,0,5,5
dimension_scaling,funnel,bucketed,hvp,512,2048,32,1,16,0.24572774824191487,15.880667781457305,64.62708381563425,4,0,0.0,111442,111442,0,0,5,5
dimension_scaling,funnel,bucketed,hybrid,128,2048,32,1,16,0.06137197606445534,15.880667781457305,258.76090032979846,16,0,0.0,111442,111442,0,0,5,5
dimension_scaling,funnel,bucketed,hybrid,256,2048,32,1,16,0.12317451022668843,15.880667781457305,128.92819912359118,8,0,0.0,111442,111442,0,0,5,5
dimension_scaling,funnel,bucketed,hybrid,512,2048,32,1,16,0.24463788466328204,15.880667781457305,64.91499795019627,4,0,0.0,111442,111442,0,0,5,5
dimension_scaling,funnel,monolithic,monolithic,0,2048,32,2,16,1.0,15.862370911985636,15.862370911985636,,0,0.0,110760,110760,0,0,5,5
dimension_scaling,funnel,bucketed,none,128,2048,32,2,16,0.061760289034233015,15.862370911985636,256.837705263868,16,0,0.0,110760,110760,0,0,5,5
dimension_scaling,funnel,bucketed,none,256,2048,32,2,16,0.12365796137392498,15.862370911985636,128.27618000283837,8,0,0.0,110760,110760,0,0,5,5
dimension_scaling,funnel,bucketed,none,512,2048,32,2,16,0.2459297455487358,15.862370911985636,64.49960283003747,4,0,0.0,110760,110760,0,0,5,5
dimension_scaling,funnel,bucketed,random,128,2048,32,2,16,0.06168491607515134,15.862370911985636,257.1515359226614,16,0,0.0,110760,110760,0,0,5,5
dimension_scaling,funnel,bucketed,random,256,2048,32,2,16,0.12151381703175068,15.862370911985636,130.53964807838202,8,0,0.0,110760,110760,0,0,5,5
dimension_scaling,funnel,bucketed,random,512,2048,32,2,16,0.24667996466598022,15.862370911985636,64.3034424521029,4,0,0.0,110760,110760,0,0,5,5
dimension_scaling,funnel,bucketed,history,128,2048,32,2,16,0.06157211276461153,15.862370911985636,257.62265090085566,16,0,0.0,110760,110760,0,0,5,5
dimension_scaling,funnel,bucketed,history,256,2048,32,2,16,0.12329117865070338,15.862370911985636,128.65779276005924,8,0,0.0,110760,110760,0,0,5,5
dimension_scaling,funnel,bucketed,history,512,2048,32,2,16,0.2447649688711132,15.862370911985636,64.80654067918658,4,0,0.0,110760,110760,0,0,5,5
dimension_scaling,funnel,bucketed,hvp,128,2048,32,2,16,0.060988155976067535,15.862370911985636,260.0893674865365,16,0,0.0,110760,110760,0,0,5,5
dimension_scaling,funnel,bucketed,hvp,256,2048,32,2,16,0.12292927715018437,15.862370911985636,129.03655890375376,8,0,0.0,110760,110760,0,0,5,5
dimension_scaling,funnel,bucketed,hvp,512,2048,32,2,16,0.24372425830224173,15.862370911985636,65.08326673135161,4,0,0.0,110760,110760,0,0,5,5
dimension_scaling,funnel,bucketed,hybrid,128,2048,32,2,16,0.06087374277023823,15.862370911985636,260.57820975221694,16,0,0.0,110760,110760,0,0,5,5
dimension_scaling,funnel,bucketed,hybrid,256,2048,32,2,16,0.1197178431779611,15.862370911985636,132.49796764552593,8,0,0.0,110760,110760,0,0,5,5
dimension_scaling,funnel,bucketed,hybrid,512,2048,32,2,16,0.24558313292325082,15.862370911985636,64.59063667431474,4,0,0.0,110760,110760,0,0,5,5
dimension_scaling,funnel,monolithic,monolithic,0,2048,64,0,16,1.0,17.18288636393845,17.18288636393845,,0,0.0,108058,108058,0,0,5,5
dimension_scaling,funnel,bucketed,none,128,2048,64,0,16,0.06615970561151614,17.18288636393845,259.71830142103136,16,0,0.0,108058,108058,0,0,5,5
dimension_scaling,funnel,bucketed,none,256,2048,64,0,16,0.13072459591251892,17.18288636393845,131.44340775348246,8,0,0.0,108058,108058,0,0,5,5
dimension_scaling,funnel,bucketed,none,512,2048,64,0,16,0.26088379074626766,17.18288636393845,65.86413941159844,4,0,0.0,108058,108058,0,0,5,5
dimension_scaling,funnel,bucketed,random,128,2048,64,0,16,0.06541832286060263,17.18288636393845,262.6616766154766,16,0,0.0,108058,108058,0,0,5,5
dimension_scaling,funnel,bucketed,random,256,2048,64,0,16,0.13135766117836203,17.18288636393845,130.80992924049497,8,0,0.0,108058,108058,0,0,5,5
dimension_scaling,funnel,bucketed,random,512,2048,64,0,16,0.2597488111547667,17.18288636393845,66.15193458460271,4,0,0.0,108058,108058,0,0,5,5
dimension_scaling,funnel,bucketed,history,128,2048,64,0,16,0.0647675791000541,17.18288636393845,265.3007353786379,16,0,0.0,108058,108058,0,0,5,5
dimension_scaling,funnel,bucketed,history,256,2048,64,0,16,0.13202784749939472,17.18288636393845,130.1459251921624,8,0,0.0,108058,108058,0,0,5,5
dimension_scaling,funnel,bucketed,history,512,2048,64,0,16,0.2651215994502985,17.18288636393845,64.8113409075886,4,0,0.0,108058,108058,0,0,5,5
dimension_scaling,funnel,bucketed,hvp,128,2048,64,0,16,0.06535945263489824,17.18288636393845,262.89825987257063,16,0,0.0,108058,108058,0,0,5,5
dimension_scaling,funnel,bucketed,hvp,256,2048,64,0,16,0.13156516958712994,17.18288636393845,130.60361201874912,8,0,0.0,108058,108058,0,0,5,5
dimension_scaling,funnel,bucketed,hvp,512,2048,64,0,16,0.2654440115980166,17.18288636393845,64.73262011259794,4,0,0.0,108058,108058,0,0,5,5
dimension_scaling,funnel,bucketed,hybrid,128,2048,64,0,16,0.06651235250481488,17.18288636393845,258.3412812333554,16,0,0.0,108058,108058,0,0,5,5
dimension_scaling,funnel,bucketed,hybrid,256,2048,64,0,16,0.13304641681020082,17.18288636393845,129.1495613027364,8,0,0.0,108058,108058,0,0,5,5
dimension_scaling,funnel,bucketed,hybrid,512,2048,64,0,16,0.2597227065617012,17.18288636393845,66.15858348086476,4,0,0.0,108058,108058,0,0,5,5
dimension_scaling,funnel,monolithic,monolithic,0,2048,64,1,16,1.0,16.586512440815568,16.586512440815568,,0,0.0,107772,107772,0,0,5,5
dimension_scaling,funnel,bucketed,none,128,2048,64,1,16,0.06221855802805885,16.586512440815568,266.5846488010138,16,0,0.0,107772,107772,0,0,5,5
dimension_scaling,funnel,bucketed,none,256,2048,64,1,16,0.12318055505817238,16.586512440815568,134.65203524194658,8,0,0.0,107772,107772,0,0,5,5
dimension_scaling,funnel,bucketed,none,512,2048,64,1,16,0.24303055521416858,16.586512440815568,68.24867114424706,4,0,0.0,107772,107772,0,0,5,5
dimension_scaling,funnel,bucketed,random,128,2048,64,1,16,0.06182518884944681,16.586512440815568,268.2808212880045,16,0,0.0,107772,107772,0,0,5,5
dimension_scaling,funnel,bucketed,random,256,2048,64,1,16,0.12692026259749095,16.586512440815568,130.68451089970767,8,0,0.0,107772,107772,0,0,5,5
dimension_scaling,funnel,bucketed,random,512,2048,64,1,16,0.2522631188023944,16.586512440815568,65.750841896981,4,0,0.0,107772,107772,0,0,5,5
dimension_scaling,funnel,bucketed,history,128,2048,64,1,16,0.06312148262173779,16.586512440815568,262.7712745629251,16,0,0.0,107772,107772,0,0,5,5
dimension_scaling,funnel,bucketed,history,256,2048,64,1,16,0.11965281572959786,16.586512440815568,138.62199848517776,8,0,0.0,107772,107772,0,0,5,5
dimension_scaling,funnel,bucketed,history,512,2048,64,1,16,0.23579912399461553,16.586512440815568,70.34170509129763,4,0,0.0,107772,107772,0,0,5,5
dimension_scaling,funnel,bucketed,hvp,128,2048,64,1,16,0.05882370927416326,16.586512440815568,281.9698493257165,16,0,0.0,107772,107772,0,0,5,5
dimension_scaling,funnel,bucketed,hvp,256,2048,64,1,16,0.1175634617996595,16.586512440815568,141.0856076106429,8,0,0.0,107772,107772,0,0,5,5
dimension_scaling,funnel,bucketed,hvp,512,2048,64,1,16,0.23531336641688874,16.586512440815568,70.48691153153777,4,0,0.0,107772,107772,0,0,5,5
dimension_scaling,funnel,bucketed,hybrid,128,2048,64,1,16,0.0606006129183989,16.586512440815568,273.70205748826265,16,0,0.0,107772,107772,0,0,5,5
dimension_scaling,funnel,bucketed,hybrid,256,2048,64,1,16,0.12574151425807376,16.586512440815568,131.90959675237536,8,0,0.0,107772,107772,0,0,5,5
dimension_scaling,funnel,bucketed,hybrid,512,2048,64,1,16,0.2539909303085699,16.586512440815568,65.30356190539896,4,0,0.0,107772,107772,0,0,5,5
dimension_scaling,funnel,monolithic,monolithic,0,2048,64,2,16,1.0,16.122430628165603,16.122430628165603,,0,0.0,107400,107400,0,0,5,5
dimension_scaling,funnel,bucketed,none,128,2048,64,2,16,0.06122498341855456,16.122430628165603,263.3309104871005,16,0,0.0,107400,107400,0,0,5,5
dimension_scaling,funnel,bucketed,none,256,2048,64,2,16,0.12495551600804167,16.122430628165603,129.02536153048277,8,0,0.0,107400,107400,0,0,5,5
dimension_scaling,funnel,bucketed,none,512,2048,64,2,16,0.24874820639999515,16.122430628165603,64.81425881013274,4,0,0.0,107400,107400,0,0,5,5
dimension_scaling,funnel,bucketed,random,128,2048,64,2,16,0.06067977218330818,16.122430628165603,265.6969538293779,16,0,0.0,107400,107400,0,0,5,5
dimension_scaling,funnel,bucketed,random,256,2048,64,2,16,0.11887164375724855,16.122430628165603,135.6289028953761,8,0,0.0,107400,107400,0,0,5,5
dimension_scaling,funnel,bucketed,random,512,2048,64,2,16,0.23853921454512428,16.122430628165603,67.5881768912077,4,0,0.0,107400,107400,0,0,5,5
dimension_scaling,funnel,bucketed,history,128,2048,64,2,16,0.0604987823110167,16.122430628165603,266.4918203689158,16,0,0.0,107400,107400,0,0,5,5
dimension_scaling,funnel,bucketed,history,256,2048,64,2,16,0.12394937221170832,16.122430628165603,130.07270904630423,8,0,0.0,107400,107400,0,0,5,5
dimension_scaling,funnel,bucketed,history,512,2048,64,2,16,0.24777602924950168,16.122430628165603,65.06856485269964,4,0,0.0,107400,107400,0,0,5,5
dimension_scaling,funnel,bucketed,hvp,128,2048,64,2,16,0.061877317993851114,16.122430628165603,260.55477436445653,16,0,0.0,107400,107400,0,0,5,5
dimension_scaling,funnel,bucketed,hvp,256,2048,64,2,16,0.11806319299507126,16.122430628165603,136.55763679742813,8,0,0.0,107400,107400,0,0,5,5
dimension_scaling,funnel,bucketed,hvp,512,2048,64,2,16,0.22829043473654614,16.122430628165603,70.62245357222855,4,0,0.0,107400,107400,0,0,5,5
dimension_scaling,funnel,bucketed,hybrid,128,2048,64,2,16,0.060681027550255784,16.122430628165603,265.6914571002126,16,0,0.0,107400,107400,0,0,5,5
dimension_scaling,funnel,bucketed,hybrid,256,2048,64,2,16,0.11694306202908261,16.122430628165603,137.86564460024238,8,0,0.0,107400,107400,0,0,5,5
dimension_scaling,funnel,bucketed,hybrid,512,2048,64,2,16,0.23252862853874584,16.122430628165603,69.33525015600026,4,0,0.0,107400,107400,0,0,5,5
dimension_scaling,funnel,monolithic,monolithic,0,2048,128,0,16,1.0,17.495712308213115,17.495712308213115,,0,0.0,97469,97469,0,0,5,5
dimension_scaling,funnel,bucketed,none,128,2048,128,0,16,0.06446742761229148,17.495712308213115,271.38840428739786,16,0,0.0,97469,97469,0,0,5,5
dimension_scaling,funnel,bucketed,none,256,2048,128,0,16,0.1296979145479903,17.495712308213115,134.89586451090872,8,0,0.0,97469,97469,0,0,5,5
dimension_scaling,funnel,bucketed,none,512,2048,128,0,16,0.2567734108729976,17.495712308213115,68.13677572272718,4,0,0.0,97469,97469,0,0,5,5
dimension_scaling,funnel,bucketed,random,128,2048,128,0,16,0.06601247543226099,17.495712308213115,265.0364524833858,16,0,0.0,97469,97469,0,0,5,5
dimension_scaling,funnel,bucketed,random,256,2048,128,0,16,0.1281964088882882,17.495712308213115,136.4758378174156,8,0,0.0,97469,97469,0,0,5,5
dimension_scaling,funnel,bucketed,random,512,2048,128,0,16,0.26502101915225285,17.495712308213115,66.01631962694228,4,0,0.0,97469,97469,0,0,5,5
dimension_scaling,funnel,bucketed,history,128,2048,128,0,16,0.06717719134812726,17.495712308213115,260.44125925935805,16,0,0.0,97469,97469,0,0,5,5
dimension_scaling,funnel,bucketed,history,256,2048,128,0,16,0.13268300925725857,17.495712308213115,131.8609851114452,8,0,0.0,97469,97469,0,0,5,5
dimension_scaling,funnel,bucketed,history,512,2048,128,0,16,0.2547012020968038,17.495712308213115,68.69112577475607,4,0,0.0,97469,97469,0,0,5,5
dimension_scaling,funnel,bucketed,hvp,128,2048,128,0,16,0.06510620292754056,17.495712308213115,268.7257361281663,16,0,0.0,97469,97469,0,0,5,5
dimension_scaling,funnel,bucketed,hvp,256,2048,128,0,16,0.13381266896387464,17.495712308213115,130.7478017117828,8,0,0.0,97469,97469,0,0,5,5
dimension_scaling,funnel,bucketed,hvp,512,2048,128,0,16,0.26836880038633865,17.495712308213115,65.1927954480052,4,0,0.0,97469,97469,0,0,5,5
dimension_scaling,funnel,bucketed,hybrid,128,2048,128,0,16,0.06675583079059741,17.495712308213115,262.0851557236165,16,0,0.0,97469,97469,0,0,5,5
dimension_scaling,funnel,bucketed,hybrid,256,2048,128,0,16,0.1338265079801226,17.495712308213115,130.73428106494248,8,0,0.0,97469,97469,0,0,5,5
dimension_scaling,funnel,bucketed,hybrid,512,2048,128,0,16,0.26494651445339884,17.495712308213115,66.0348838493228,4,0,0.0,97469,97469,0,0,5,5
dimension_scaling,funnel,monolithic,monolithic,0,2048,128,1,16,1.0,16.250025123357773,16.250025123357773,,0,0.0,97738,97738,0,0,5,5
dimension_scaling,funnel,bucketed,none,128,2048,128,1,16,0.05942846318663632,16.250025123357773,273.43842078372836,16,0,0.0,97738,97738,0,0,5,5
dimension_scaling,funnel,bucketed,none,256,2048,128,1,16,0.12146372743355341,16.250025123357773,133.7850028704852,8,0,0.0,97738,97738,0,0,5,5
dimension_scaling,funnel,bucketed,none,512,2048,128,1,16,0.24841362305324524,16.250025123357773,65.41519311070442,4,0,0.0,97738,97738,0,0,5,5
dimension_scaling,funnel,bucketed,random,128,2048,128,1,16,0.06246960942186945,16.250025123357773,260.1268884781748,16,0,0.0,97738,97738,0,0,5,5
dimension_scaling,funnel,bucketed,random,256,2048,128,1,16,0.1241083772230269,16.250025123357773,130.93415196426213,8,0,0.0,97738,97738,0,0,5,5
dimension_scaling,funnel,bucketed,random,512,2048,128,1,16,0.24668201183373237,16.250025123357773,65.87438217550516,4,0,0.0,97738,97738,0,0,5,5
dimension_scaling,funnel,bucketed,history,128,2048,128,1,16,0.06243382377783216,16.250025123357773,260.2759872786701,16,0,0.0,97738,97738,0,0,5,5
dimension_scaling,funnel,bucketed,history,256,2048,128,1,16,0.1237009170830749,16.250025123357773,131.3654377553612,8,0,0.0,97738,97738,0,0,5,5
dimension_scaling,funnel,bucketed,history,512,2048,128,1,16,0.24232491926917993,16.250025123357773,67.05882817320526,4,0,0.0,97738,97738,0,0,5,5
dimension_scaling,funnel,bucketed,hvp,128,2048,128,1,16,0.05978523929342906,16.250025123357773,271.8066418301314,16,0,0.0,97738,97738,0,0,5,5
dimension_scaling,funnel,bucketed,hvp,256,2048,128,1,16,0.12088656748119346,16.250025123357773,134.42374501936138,8,0,0.0,97738,97738,0,0,5,5
dimension_scaling,funnel,bucketed,hvp,512,2048,128,1,16,0.23795296636923402,16.250025123357773,68.29091215506196,4,0,0.0,97738,97738,0,0,5,5
dimension_scaling,funnel,bucketed,hybrid,128,2048,128,1,16,0.06176029172443841,16.250025123357773,263.11444893851876,16,0,0.0,97738,97738,0,0,5,5
dimension_scaling,funnel,bucketed,hybrid,256,2048,128,1,16,0.12518682473587192,16.250025123357773,129.80619292519987,8,0,0.0,97738,97738,0,0,5,5
dimension_scaling,funnel,bucketed,hybrid,512,2048,128,1,16,0.24641106220246045,16.250025123357773,65.94681658409536,4,0,0.0,97738,97738,0,0,5,5
dimension_scaling,funnel,monolithic,monolithic,0,2048,128,2,16,1.0,16.549775823950768,16.549775823950768,,0,0.0,97150,97150,0,0,5,5
dimension_scaling,funnel,bucketed,none,128,2048,128,2,16,0.06279462256759555,16.549775823950768,263.55402974411845,16,0,0.0,97150,97150,0,0,5,5
dimension_scaling,funnel,bucketed,none,256,2048,128,2,16,0.1273869047044209,16.549775823950768,129.91740291006863,8,0,0.0,97150,97150,0,0,5,5
dimension_scaling,funnel,bucketed,none,512,2048,128,2,16,0.25459995238556904,16.549775823950768,65.00305938348174,4,0,0.0,97150,97150,0,0,5,5
dimension_scaling,funnel,bucketed,random,128,2048,128,2,16,0.06357909283911288,16.549775823950768,260.3021698631346,16,0,0.0,97150,97150,0,0,5,5
dimension_scaling,funnel,bucketed,random,256,2048,128,2,16,0.12536392215658465,16.549775823950768,132.0138644296676,8,0,0.0,97150,97150,0,0,5,5
dimension_scaling,funnel,bucketed,random,512,2048,128,2,16,0.25521076724838476,16.549775823950768,64.84748273901641,4,0,0.0,97150,97150,0,0,5,5
dimension_scaling,funnel,bucketed,history,128,2048,128,2,16,0.0616934599967159,16.549775823950768,268.25818854756653,16,0,0.0,97150,97150,0,0,5,5
dimension_scaling,funnel,bucketed,history,256,2048,128,2,16,0.12124758962612982,16.549775823950768,136.4957099352032,8,0,0.0,97150,97150,0,0,5,5
dimension_scaling,funnel,bucketed,history,512,2048,128,2,16,0.24463156004724967,16.549775823950768,67.65184271708131,4,0,0.0,97150,97150,0,0,5,5
dimension_scaling,funnel,bucketed,hvp,128,2048,128,2,16,0.062001298009643886,16.549775823950768,266.92627985589206,16,0,0.0,97150,97150,0,0,5,5
dimension_scaling,funnel,bucketed,hvp,256,2048,128,2,16,0.1265036757036411,16.549775823950768,130.82446602359414,8,0,0.0,97150,97150,0,0,5,5
dimension_scaling,funnel,bucketed,hvp,512,2048,128,2,16,0.2507401145001948,16.549775823950768,66.00370210781693,4,0,0.0,97150,97150,0,0,5,5
dimension_scaling,funnel,bucketed,hybrid,128,2048,128,2,16,0.061573429263221964,16.549775823950768,268.781128840521,16,0,0.0,97150,97150,0,0,5,5
dimension_scaling,funnel,bucketed,hybrid,256,2048,128,2,16,0.12561565338580732,16.549775823950768,131.74931131489575,8,0,0.0,97150,97150,0,0,5,5
dimension_scaling,funnel,bucketed,hybrid,512,2048,128,2,16,0.2502834075692313,16.549775823950768,66.12414296530187,4,0,0.0,97150,97150,0,0,5,5
dimension_scaling,funnel,monolithic,monolithic,0,2048,256,0,16,1.0,17.41449453867972,17.41449453867972,,0,0.0,96300,96300,0,0,5,5
dimension_scaling,funnel,bucketed,none,128,2048,256,0,16,0.06650432812391699,17.41449453867972,261.8550556022674,16,0,0.0,96300,96300,0,0,5,5
dimension_scaling,funnel,bucketed,none,256,2048,256,0,16,0.1301543746492292,17.41449453867972,133.79876462556422,8,0,0.0,96300,96300,0,0,5,5
dimension_scaling,funnel,bucketed,none,512,2048,256,0,16,0.26485786027995717,17.41449453867972,65.75034065544605,4,0,0.0,96300,96300,0,0,5,5
dimension_scaling,funnel,bucketed,random,128,2048,256,0,16,0.06674957553214625,17.41449453867972,260.8929629866034,16,0,0.0,96300,96300,0,0,5,5
dimension_scaling,funnel,bucketed,random,256,2048,256,0,16,0.13533704825359916,17.41449453867972,128.6749989259988,8,0,0.0,96300,96300,0,0,5,5
dimension_scaling,funnel,bucketed,random,512,2048,256,0,16,0.269317144006461,17.41449453867972,64.66166349314153,4,0,0.0,96300,96300,0,0,5,5
dimension_scaling,funnel,bucketed,history,128,2048,256,0,16,0.06610912928728005,17.41449453867972,263.42041903175414,16,0,0.0,96300,96300,0,0,5,5
dimension_scaling,funnel,bucketed,history,256,2048,256,0,16,0.1319910010703216,17.41449453867972,131.93698356300592,8,0,0.0,96300,96300,0,0,5,5
dimension_scaling,funnel,bucketed,history,512,2048,256,0,16,0.266239778301017,17.41449453867972,65.40906340070069,4,0,0.0,96300,96300,0,0,5,5
dimension_scaling,funnel,bucketed,hvp,128,2048,256,0,16,0.06706990584565427,17.41449453867972,259.64692091196775,16,0,0.0,96300,96300,0,0,5,5
dimension_scaling,funnel,bucketed,hvp,256,2048,256,0,16,0.13186596858790656,17.41449453867972,132.06208338029683,8,0,0.0,96300,96300,0,0,5,5
dimension_scaling,funnel,bucketed,hvp,512,2048,256,0,16,0.26239432355270154,17.41449453867972,66.36764966137707,4,0,0.0,96300,96300,0,0,5,5
dimension_scaling,funnel,bucketed,hybrid,128,2048,256,0,16,0.06309452717537407,17.41449453867972,276.0064195469022,16,0,0.0,96300,96300,0,0,5,5
dimension_scaling,funnel,bucketed,hybrid,256,2048,256,0,16,0.1264562199856082,17.41449453867972,137.71164866909385,8,0,0.0,96300,96300,0,0,5,5
dimension_scaling,funnel,bucketed,hybrid,512,2048,256,0,16,0.2647050148107416,17.41449453867972,65.78830609284341,4,0,0.0,96300,96300,0,0,5,5
dimension_scaling,funnel,monolithic,monolithic,0,2048,256,1,16,1.0,16.16278914362192,16.16278914362192,,0,0.0,95859,95859,0,0,5,5
dimension_scaling,funnel,bucketed,none,128,2048,256,1,16,0.06165577481536069,16.16278914362192,262.1455847732723,16,0,0.0,95859,95859,0,0,5,5
dimension_scaling,funnel,bucketed,none,256,2048,256,1,16,0.11998656866964066,16.16278914362192,134.7049867566675,8,0,0.0,95859,95859,0,0,5,5
dimension_scaling,funnel,bucketed,none,512,2048,256,1,16,0.23620820389421027,16.16278914362192,68.42602787353098,4,0,0.0,95859,95859,0,0,5,5
dimension_scaling,funnel,bucketed,random,128,2048,256,1,16,0.05947233355395807,16.16278914362192,271.76988320052624,16,0,0.0,95859,95859,0,0,5,5
dimension_scaling,funnel,bucketed,random,256,2048,256,1,16,0.11535274753275629,16.16278914362192,140.1162043325603,8,0,0.0,95859,95859,0,0,5,5
dimension_scaling,funnel,bucketed,random,512,2048,256,1,16,0.24370779221685016,16.16278914362192,66.32036258094013,4,0,0.0,95859,95859,0,0,5,5
dimension_scaling,funnel,bucketed,history,128,2048,256,1,16,0.05817361055981503,16.16278914362192,277.83713247440755,16,0,0.0,95859,95859,0,0,5,5
dimension_scaling,funnel,bucketed,history,256,2048,256,1,16,0.11489494391337861,16.16278914362192,140.6745030991733,8,0,0.0,95859,95859,0,0,5,5
dimension_scaling,funnel,bucketed,history,512,2048,256,1,16,0.23861745357778477,16.16278914362192,67.73515055701137,4,0,0.0,95859,95859,0,0,5,5
dimension_scaling,funnel,bucketed,hvp,128,2048,256,1,16,0.061313478629745406,16.16278914362192,263.60907103680074,16,0,0.0,95859,95859,0,0,5,5
dimension_scaling,funnel,bucketed,hvp,256,2048,256,1,16,0.12325705967070996,16.16278914362192,131.1307375561446,8,0,0.0,95859,95859,0,0,5,5
dimension_scaling,funnel,bucketed,hvp,512,2048,256,1,16,0.23713635691348775,16.16278914362192,68.15820802003145,4,0,0.0,95859,95859,0,0,5,5
dimension_scaling,funnel,bucketed,hybrid,128,2048,256,1,16,0.05918976515712841,16.16278914362192,273.06729635968804,16,0,0.0,95859,95859,0,0,5,5
dimension_scaling,funnel,bucketed,hybrid,256,2048,256,1,16,0.12380194303144894,16.16278914362192,130.5535983350128,8,0,0.0,95859,95859,0,0,5,5
dimension_scaling,funnel,bucketed,hybrid,512,2048,256,1,16,0.24844693217941982,16.16278914362192,65.05529773235321,4,0,0.0,95859,95859,0,0,5,5
dimension_scaling,funnel,monolithic,monolithic,0,2048,256,2,16,1.0,16.094278216362,16.094278216362,,0,0.0,96004,96004,0,0,5,5
dimension_scaling,funnel,bucketed,none,128,2048,256,2,16,0.06129054942346201,16.094278216362,262.5898832324892,16,0,0.0,96004,96004,0,0,5,5
dimension_scaling,funnel,bucketed,none,256,2048,256,2,16,0.12140910809166253,16.094278216362,132.56236265413463,8,0,0.0,96004,96004,0,0,5,5
dimension_scaling,funnel,bucketed,none,512,2048,256,2,16,0.2458392502974726,16.094278216362,65.46667465381324,4,0,0.0,96004,96004,0,0,5,5
dimension_scaling,funnel,bucketed,random,128,2048,256,2,16,0.06144354586646058,16.094278216362,261.9360258169472,16,0,0.0,96004,96004,0,0,5,5
dimension_scaling,funnel,bucketed,random,256,2048,256,2,16,0.12039771415904854,16.094278216362,133.67594500258565,8,0,0.0,96004,96004,0,0,5,5
dimension_scaling,funnel,bucketed,random,512,2048,256,2,16,0.24565483536041477,16.094278216362,65.51582098007202,4,0,0.0,96004,96004,0,0,5,5
dimension_scaling,funnel,bucketed,history,128,2048,256,2,16,0.06103539413197211,16.094278216362,263.68762658536434,16,0,0.0,96004,96004,0,0,5,5
dimension_scaling,funnel,bucketed,history,256,2048,256,2,16,0.12047701216809871,16.094278216362,133.5879594516009,8,0,0.0,96004,96004,0,0,5,5
dimension_scaling,funnel,bucketed,history,512,2048,256,2,16,0.22868954616285433,16.094278216362,70.37609932944179,4,0,0.0,96004,96004,0,0,5,5
dimension_scaling,funnel,bucketed,hvp,128,2048,256,2,16,0.05727838012878493,16.094278216362,280.98347369767725,16,0,0.0,96004,96004,0,0,5,5
dimension_scaling,funnel,bucketed,hvp,256,2048,256,2,16,0.114734178106835,16.094278216362,140.27448910102248,8,0,0.0,96004,96004,0,0,5,5
dimension_scaling,funnel,bucketed,hvp,512,2048,256,2,16,0.244409286415092,16.094278216362,65.84970011748374,4,0,0.0,96004,96004,0,0,5,5
dimension_scaling,funnel,bucketed,hybrid,128,2048,256,2,16,0.05956429601033761,16.094278216362,270.20009123533964,16,0,0.0,96004,96004,0,0,5,5
dimension_scaling,funnel,bucketed,hybrid,256,2048,256,2,16,0.12189068936579484,16.094278216362,132.03861837275326,8,0,0.0,96004,96004,0,0,5,5
dimension_scaling,funnel,bucketed,hybrid,512,2048,256,2,16,0.24386048700903906,16.094278216362,65.99789253994823,4,0,0.0,96004,96004,0,0,5,5
eight_schools_centered,eight_schools_centered,monolithic,monolithic,0,512,10,0,64,1.0,101.00132980383933,101.00132980383933,,0,0.0,113171,113171,0,0,5,5
eight_schools_centered,eight_schools_centered,bucketed,none,64,512,10,0,64,0.12241000774658774,101.00132980383933,825.1068001966923,8,0,0.0,113171,113171,0,0,5,5
eight_schools_centered,eight_schools_centered,bucketed,none,128,512,10,0,64,0.2443089011949572,101.00132980383933,413.41649571433663,4,0,0.0,113171,113171,0,0,5,5
eight_schools_centered,eight_schools_centered,bucketed,none,256,512,10,0,64,0.46790002256916235,101.00132980383933,215.86092099174857,2,0,0.0,113171,113171,0,0,5,5
eight_schools_centered,eight_schools_centered,bucketed,random,64,512,10,0,64,0.12025189712521682,101.00132980383933,839.9146476555616,8,0,0.0,113171,113171,0,0,5,5
eight_schools_centered,eight_schools_centered,bucketed,random,128,512,10,0,64,0.24298724223962018,101.00132980383933,415.66515539214015,4,0,0.0,113171,113171,0,0,5,5
eight_schools_centered,eight_schools_centered,bucketed,random,256,512,10,0,64,0.48300394521072365,101.00132980383933,209.11077602021396,2,0,0.0,113171,113171,0,0,5,5
eight_schools_centered,eight_schools_centered,bucketed,history,64,512,10,0,64,0.12072226038981482,101.00132980383933,836.6421360708773,8,0,0.0,113171,113171,0,0,5,5
eight_schools_centered,eight_schools_centered,bucketed,history,128,512,10,0,64,0.24378414359781284,101.00132980383933,414.3063954580575,4,0,0.0,113171,113171,0,0,5,5
eight_schools_centered,eight_schools_centered,bucketed,history,256,512,10,0,64,0.48346325625330216,101.00132980383933,208.9121117219329,2,0,0.0,113171,113171,0,0,5,5
eight_schools_centered,eight_schools_centered,bucketed,hvp,64,512,10,0,64,0.11999102206500847,101.00132980383933,841.7407241445035,8,0,0.0,113171,113171,0,0,5,5
eight_schools_centered,eight_schools_centered,bucketed,hvp,128,512,10,0,64,0.2425206156181379,101.00132980383933,416.4649242144078,4,0,0.0,113171,113171,0,0,5,5
eight_schools_centered,eight_schools_centered,bucketed,hvp,256,512,10,0,64,0.4726370657675861,101.00132980383933,213.6974374614656,2,0,0.0,113171,113171,0,0,5,5
eight_schools_centered,eight_schools_centered,bucketed,hybrid,64,512,10,0,64,0.12056470744490819,101.00132980383933,837.7354529723525,8,0,0.0,113171,113171,0,0,5,5
eight_schools_centered,eight_schools_centered,bucketed,hybrid,128,512,10,0,64,0.24104806179890262,101.00132980383933,419.0090932492167,4,0,0.0,113171,113171,0,0,5,5
eight_schools_centered,eight_schools_centered,bucketed,hybrid,256,512,10,0,64,0.4791790124001446,101.00132980383933,210.77995319105685,2,0,0.0,113171,113171,0,0,5,5
eight_schools_centered,eight_schools_centered,monolithic,monolithic,0,512,10,1,64,1.0,105.99301380477846,105.99301380477846,,0,0.0,114933,114933,0,0,5,5
eight_schools_centered,eight_schools_centered,bucketed,none,64,512,10,1,64,0.12768501349634412,105.99301380477846,830.1131894998252,8,0,0.0,114933,114933,0,0,5,5
eight_schools_centered,eight_schools_centered,bucketed,none,128,512,10,1,64,0.2536069938990119,105.99301380477846,417.9419982675463,4,0,0.0,114933,114933,0,0,5,5
eight_schools_centered,eight_schools_centered,bucketed,none,256,512,10,1,64,0.36225617419026335,105.99301380477846,292.5913244727999,2,0,0.0,114933,114933,0,0,5,5
eight_schools_centered,eight_schools_centered,bucketed,random,64,512,10,1,64,0.08042546967020747,105.99301380477846,1317.9035725798458,8,0,0.0,114933,114933,0,0,5,5
eight_schools_centered,eight_schools_centered,bucketed,random,128,512,10,1,64,0.16738072953923194,105.99301380477846,633.2450222708285,4,0,0.0,114933,114933,0,0,5,5
eight_schools_centered,eight_schools_centered,bucketed,random,256,512,10,1,64,0.3528345513530132,105.99301380477846,300.404292602092,2,0,0.0,114933,114933,0,0,5,5
eight_schools_centered,eight_schools_centered,bucketed,history,64,512,10,1,64,0.08505604209843094,105.99301380477846,1246.1550195589662,8,0,0.0,114933,114933,0,0,5,5
eight_schools_centered,eight_schools_centered,bucketed,history,128,512,10,1,64,0.16569575421703242,105.99301380477846,639.6845489833504,4,0,0.0,114933,114933,0,0,5,5
eight_schools_centered,eight_schools_centered,bucketed,history,256,512,10,1,64,0.24674942842794328,105.99301380477846,429.5572819765657,2,0,0.0,114933,114933,0,0,5,5
eight_schools_centered,eight_schools_centered,bucketed,hvp,64,512,10,1,64,0.07204033702105973,105.99301380477846,1471.3009153995663,8,0,0.0,114933,114933,0,0,5,5
eight_schools_centered,eight_schools_centered,bucketed,hvp,128,512,10,1,64,0.15038534989940233,105.99301380477846,704.8094370607287,4,0,0.0,114933,114933,0,0,5,5
eight_schools_centered,eight_schools_centered,bucketed,hvp,256,512,10,1,64,0.29714183751425355,105.99301380477846,356.7084820214659,2,0,0.0,114933,114933,0,0,5,5
eight_schools_centered,eight_schools_centered,bucketed,hybrid,64,512,10,1,64,0.07893396043709497,105.99301380477846,1342.806229636073,8,0,0.0,114933,114933,0,0,5,5
eight_schools_centered,eight_schools_centered,bucketed,hybrid,128,512,10,1,64,0.1735760537186286,105.99301380477846,610.6430670246482,4,0,0.0,114933,114933,0,0,5,5
eight_schools_centered,eight_schools_centered,bucketed,hybrid,256,512,10,1,64,0.348855680143438,105.99301380477846,303.8305518236011,2,0,0.0,114933,114933,0,0,5,5
eight_schools_centered,eight_schools_centered,monolithic,monolithic,0,512,10,2,64,1.0,149.8228546604514,149.8228546604514,,0,0.0,113800,113800,0,0,5,5
eight_schools_centered,eight_schools_centered,bucketed,none,64,512,10,2,64,0.12476146312108378,149.8228546604514,1200.8744600489736,8,0,0.0,113800,113800,0,0,5,5
eight_schools_centered,eight_schools_centered,bucketed,none,128,512,10,2,64,0.2813971102454062,149.8228546604514,532.4249937385321,4,0,0.0,113800,113800,0,0,5,5
eight_schools_centered,eight_schools_centered,bucketed,none,256,512,10,2,64,0.72095765275924,149.8228546604514,207.8108944222331,2,0,0.0,113800,113800,0,0,5,5
eight_schools_centered,eight_schools_centered,bucketed,random,64,512,10,2,64,0.18414049565848944,149.8228546604514,813.6333842519671,8,0,0.0,113800,113800,0,0,5,5
eight_schools_centered,eight_schools_centered,bucketed,random,128,512,10,2,64,0.3633878764195455,149.8228546604514,412.2945876363665,4,0,0.0,113800,113800,0,0,5,5
eight_schools_centered,eight_schools_centered,bucketed,random,256,512,10,2,64,0.7238403015184335,149.8228546604514,206.98330052383244,2,0,0.0,113800,113800,0,0,5,5
eight_schools_centered,eight_schools_centered,bucketed,history,64,512,10,2,64,0.18066696634408647,149.8228546604514,829.2764177769423,8,0,0.0,113800,113800,0,0,5,5
eight_schools_centered,eight_schools_centered,bucketed,history,128,512,10,2,64,0.3631033491484254,149.8228546604514,412.61766109243035,4,0,0.0,113800,113800,0,0,5,5
eight_schools_centered,eight_schools_centered,bucketed,history,256,512,10,2,64,0.7246189035511055,149.8228546604514,206.76089724712074,2,0,0.0,113800,113800,0,0,5,5
eight_schools_centered,eight_schools_centered,bucketed,hvp,64,512,10,2,64,0.1810138336508949,149.8228546604514,827.687318911776,8,0,0.0,113800,113800,0,0,5,5
eight_schools_centered,eight_schools_centered,bucketed,hvp,128,512,10,2,64,0.362942383330245,149.8228546604514,412.8006580155343,4,0,0.0,113800,113800,0,0,5,5
eight_schools_centered,eight_schools_centered,bucketed,hvp,256,512,10,2,64,0.7165342985340286,149.8228546604514,209.09376559779048,2,0,0.0,113800,113800,0,0,5,5
eight_schools_centered,eight_schools_centered,bucketed,hybrid,64,512,10,2,64,0.1811131651376885,149.8228546604514,827.2333739325404,8,0,0.0,113800,113800,0,0,5,5
eight_schools_centered,eight_schools_centered,bucketed,hybrid,128,512,10,2,64,0.3630247577739273,149.8228546604514,412.70698885433376,4,0,0.0,113800,113800,0,0,5,5
eight_schools_centered,eight_schools_centered,bucketed,hybrid,256,512,10,2,64,0.715575783121954,149.8228546604514,209.37384717911482,2,0,0.0,113800,113800,0,0,5,5
eight_schools_noncentered,eight_schools_noncentered,monolithic,monolithic,0,512,10,0,64,1.0,96.72244628146291,96.72244628146291,,0,0.0,113171,113171,0,0,5,5
eight_schools_noncentered,eight_schools_noncentered,bucketed,none,64,512,10,0,64,0.12414849529788786,96.72244628146291,779.0867384206504,8,0,0.0,113171,113171,0,0,5,5
eight_schools_noncentered,eight_schools_noncentered,bucketed,none,128,512,10,0,64,0.2387369489314451,96.72244628146291,405.14234061539173,4,0,0.0,113171,113171,0,0,5,5
eight_schools_noncentered,eight_schools_noncentered,bucketed,none,256,512,10,0,64,0.47547601586819493,96.72244628146291,203.42234529927373,2,0,0.0,113171,113171,0,0,5,5
eight_schools_noncentered,eight_schools_noncentered,bucketed,random,64,512,10,0,64,0.12106727290545512,96.72244628146291,798.9148839339614,8,0,0.0,113171,113171,0,0,5,5
eight_schools_noncentered,eight_schools_noncentered,bucketed,random,128,512,10,0,64,0.2424906117807396,96.72244628146291,398.8708905931562,4,0,0.0,113171,113171,0,0,5,5
eight_schools_noncentered,eight_schools_noncentered,bucketed,random,256,512,10,0,64,0.46779655171646334,96.72244628146291,206.7617769446224,2,0,0.0,113171,113171,0,0,5,5
eight_schools_noncentered,eight_schools_noncentered,bucketed,history,64,512,10,0,64,0.12230534575527774,96.72244628146291,790.827626414597,8,0,0.0,113171,113171,0,0,5,5
eight_schools_noncentered,eight_schools_noncentered,bucketed,history,128,512,10,0,64,0.2384551179582518,96.72244628146291,405.621179824695,4,0,0.0,113171,113171,0,0,5,5
eight_schools_noncentered,eight_schools_noncentered,bucketed,history,256,512,10,0,64,0.486983723943462,96.72244628146291,198.61535719968379,2,0,0.0,113171,113171,0,0,5,5
eight_schools_noncentered,eight_schools_noncentered,bucketed,hvp,64,512,10,0,64,0.12059323763478089,96.72244628146291,802.0553073994815,8,0,0.0,113171,113171,0,0,5,5
eight_schools_noncentered,eight_schools_noncentered,bucketed,hvp,128,512,10,0,64,0.24119532215600362,96.72244628146291,401.0129442680627,4,0,0.0,113171,113171,0,0,5,5
eight_schools_noncentered,eight_schools_noncentered,bucketed,hvp,256,512,10,0,64,0.4701616260209679,96.72244628146291,205.72169426083565,2,0,0.0,113171,113171,0,0,5,5
eight_schools_noncentered,eight_schools_noncentered,bucketed,hybrid,64,512,10,0,64,0.12213339998334093,96.72244628146291,791.9409948028624,8,0,0.0,113171,113171,0,0,5,5
eight_schools_noncentered,eight_schools_noncentered,bucketed,hybrid,128,512,10,0,64,0.24195554595134822,96.72244628146291,399.75296247564256,4,0,0.0,113171,113171,0,0,5,5
eight_schools_noncentered,eight_schools_noncentered,bucketed,hybrid,256,512,10,0,64,0.48259547623471294,96.72244628146291,200.42136954143643,2,0,0.0,113171,113171,0,0,5,5
eight_schools_noncentered,eight_schools_noncentered,monolithic,monolithic,0,512,10,1,64,1.0,96.14310507103801,96.14310507103801,,0,0.0,114951,114951,0,0,5,5
eight_schools_noncentered,eight_schools_noncentered,bucketed,none,64,512,10,1,64,0.1215891697507134,96.14310507103801,790.7209603302181,8,0,0.0,114951,114951,0,0,5,5
eight_schools_noncentered,eight_schools_noncentered,bucketed,none,128,512,10,1,64,0.24127908653698024,96.14310507103801,398.4726005513221,4,0,0.0,114951,114951,0,0,5,5
eight_schools_noncentered,eight_schools_noncentered,bucketed,none,256,512,10,1,64,0.47783275446182,96.14310507103801,201.2066024634987,2,0,0.0,114951,114951,0,0,5,5
eight_schools_noncentered,eight_schools_noncentered,bucketed,random,64,512,10,1,64,0.11976153578325527,96.14310507103801,802.7878437116742,8,0,0.0,114951,114951,0,0,5,5
eight_schools_noncentered,eight_schools_noncentered,bucketed,random,128,512,10,1,64,0.24428700805347808,96.14310507103801,393.56618199683726,4,0,0.0,114951,114951,0,0,5,5
eight_schools_noncentered,eight_schools_noncentered,bucketed,random,256,512,10,1,64,0.4882378600651331,96.14310507103801,196.91857787966728,2,0,0.0,114951,114951,0,0,5,5
eight_schools_noncentered,eight_schools_noncentered,bucketed,history,64,512,10,1,64,0.12117228072036669,96.14310507103801,793.4414083771408,8,0,0.0,114951,114951,0,0,5,5
eight_schools_noncentered,eight_schools_noncentered,bucketed,history,128,512,10,1,64,0.24207129324571253,96.14310507103801,397.16855221427977,4,0,0.0,114951,114951,0,0,5,5
eight_schools_noncentered,eight_schools_noncentered,bucketed,history,256,512,10,1,64,0.47751933099500815,96.14310507103801,201.3386659566313,2,0,0.0,114951,114951,0,0,5,5
eight_schools_noncentered,eight_schools_noncentered,bucketed,hvp,64,512,10,1,64,0.11980008794478121,96.14310507103801,802.5295032784343,8,0,0.0,114951,114951,0,0,5,5
eight_schools_noncentered,eight_schools_noncentered,bucketed,hvp,128,512,10,1,64,0.24253345293730388,96.14310507103801,396.4117275644094,4,0,0.0,114951,114951,0,0,5,5
eight_schools_noncentered,eight_schools_noncentered,bucketed,hvp,256,512,10,1,64,0.4842775963964657,96.14310507103801,198.52891355380416,2,0,0.0,114951,114951,0,0,5,5
eight_schools_noncentered,eight_schools_noncentered,bucketed,hybrid,64,512,10,1,64,0.1203512497175758,96.14310507103801,798.8542312327772,8,0,0.0,114951,114951,0,0,5,5
eight_schools_noncentered,eight_schools_noncentered,bucketed,hybrid,128,512,10,1,64,0.236807621564931,96.14310507103801,405.9966669809073,4,0,0.0,114951,114951,0,0,5,5
eight_schools_noncentered,eight_schools_noncentered,bucketed,hybrid,256,512,10,1,64,0.45033959201072776,96.14310507103801,213.4902344290167,2,0,0.0,114951,114951,0,0,5,5
eight_schools_noncentered,eight_schools_noncentered,monolithic,monolithic,0,512,10,2,64,1.0,103.70154452882707,103.70154452882707,,0,0.0,113833,113833,0,0,5,5
eight_schools_noncentered,eight_schools_noncentered,bucketed,none,64,512,10,2,64,0.12519487188666176,103.70154452882707,828.3210243843496,8,0,0.0,113833,113833,0,0,5,5
eight_schools_noncentered,eight_schools_noncentered,bucketed,none,128,512,10,2,64,0.23976774859143396,103.70154452882707,432.50831330753863,4,0,0.0,113833,113833,0,0,5,5
eight_schools_noncentered,eight_schools_noncentered,bucketed,none,256,512,10,2,64,0.49285631432703303,103.70154452882707,210.40928464196622,2,0,0.0,113833,113833,0,0,5,5
eight_schools_noncentered,eight_schools_noncentered,bucketed,random,64,512,10,2,64,0.1258129263562857,103.70154452882707,824.2519074324518,8,0,0.0,113833,113833,0,0,5,5
eight_schools_noncentered,eight_schools_noncentered,bucketed,random,128,512,10,2,64,0.2545969086909304,103.70154452882707,407.3165894355625,4,0,0.0,113833,113833,0,0,5,5
eight_schools_noncentered,eight_schools_noncentered,bucketed,random,256,512,10,2,64,0.5235467236428836,103.70154452882707,198.07505203597248,2,0,0.0,113833,113833,0,0,5,5
eight_schools_noncentered,eight_schools_noncentered,bucketed,history,64,512,10,2,64,0.12828021284944144,103.70154452882707,808.3986004181206,8,0,0.0,113833,113833,0,0,5,5
eight_schools_noncentered,eight_schools_noncentered,bucketed,history,128,512,10,2,64,0.25635965870198607,103.70154452882707,404.5158472042531,4,0,0.0,113833,113833,0,0,5,5
eight_schools_noncentered,eight_schools_noncentered,bucketed,history,256,512,10,2,64,0.5296097292768935,103.70154452882707,195.80747632868588,2,0,0.0,113833,113833,0,0,5,5
eight_schools_noncentered,eight_schools_noncentered,bucketed,hvp,64,512,10,2,64,0.1292888707625197,103.70154452882707,802.0918112844229,8,0,0.0,113833,113833,0,0,5,5
eight_schools_noncentered,eight_schools_noncentered,bucketed,hvp,128,512,10,2,64,0.25528558852303157,103.70154452882707,406.21777801401913,4,0,0.0,113833,113833,0,0,5,5
eight_schools_noncentered,eight_schools_noncentered,bucketed,hvp,256,512,10,2,64,0.5005688509364247,103.70154452882707,207.16739432513714,2,0,0.0,113833,113833,0,0,5,5
eight_schools_noncentered,eight_schools_noncentered,bucketed,hybrid,64,512,10,2,64,0.12997141355933864,103.70154452882707,797.8796389829367,8,0,0.0,113833,113833,0,0,5,5
eight_schools_noncentered,eight_schools_noncentered,bucketed,hybrid,128,512,10,2,64,0.25717601919844524,103.70154452882707,403.23178207688034,4,0,0.0,113833,113833,0,0,5,5
eight_schools_noncentered,eight_schools_noncentered,bucketed,hybrid,256,512,10,2,64,0.5155913934170433,103.70154452882707,201.13125597685575,2,0,0.0,113833,113833,0,0,5,5
funnel_ablation,funnel,monolithic,monolithic,0,2048,128,0,16,1.0,20.478786563500762,20.478786563500762,,0,0.0,97469,97469,0,0,5,5
funnel_ablation,funnel,bucketed,none,128,2048,128,0,16,0.07822254757808206,20.478786563500762,261.8015802036971,16,0,0.0,97469,97469,0,0,5,5
funnel_ablation,funnel,bucketed,none,256,2048,128,0,16,0.14660857469527258,20.478786563500762,139.68341623991728,8,0,0.0,97469,97469,0,0,5,5
funnel_ablation,funnel,bucketed,none,512,2048,128,0,16,0.28702290156483684,20.478786563500762,71.34896362572908,4,0,0.0,97469,97469,0,0,5,5
funnel_ablation,funnel,bucketed,none,1024,2048,128,0,16,0.5412361727593982,20.478786563500762,37.83706188574433,2,0,0.0,97469,97469,0,0,5,5
funnel_ablation,funnel,bucketed,random,128,2048,128,0,16,0.076616566670597,20.478786563500762,267.2892750669271,16,0,0.0,97469,97469,0,0,5,5
funnel_ablation,funnel,bucketed,random,256,2048,128,0,16,0.16068213688726934,20.478786563500762,127.44905538484454,8,0,0.0,97469,97469,0,0,5,5
funnel_ablation,funnel,bucketed,random,512,2048,128,0,16,0.31792435581248313,20.478786563500762,64.41402235813439,4,0,0.0,97469,97469,0,0,5,5
funnel_ablation,funnel,bucketed,random,1024,2048,128,0,16,0.6319927579083238,20.478786563500762,32.40351460874081,2,0,0.0,97469,97469,0,0,5,5
funnel_ablation,funnel,bucketed,history,128,2048,128,0,16,0.07860931802431892,20.478786563500762,260.5134744606912,16,0,0.0,97469,97469,0,0,5,5
funnel_ablation,funnel,bucketed,history,256,2048,128,0,16,0.15429508952388857,20.478786563500762,132.72481079399586,8,0,0.0,97469,97469,0,0,5,5
funnel_ablation,funnel,bucketed,history,512,2048,128,0,16,0.3035826110269209,20.478786563500762,67.4570473395288,4,0,0.0,97469,97469,0,0,5,5
funnel_ablation,funnel,bucketed,history,1024,2048,128,0,16,0.6025891334067601,20.478786563500762,33.984659576788545,2,0,0.0,97469,97469,0,0,5,5
funnel_ablation,funnel,bucketed,hvp,128,2048,128,0,16,0.07497964605712802,20.478786563500762,273.124609682709,16,0,0.0,97469,97469,0,0,5,5
funnel_ablation,funnel,bucketed,hvp,256,2048,128,0,16,0.1577720078645709,20.478786563500762,129.79987287148833,8,0,0.0,97469,97469,0,0,5,5
funnel_ablation,funnel,bucketed,hvp,512,2048,128,0,16,0.3068221980636992,20.478786563500762,66.74480103701353,4,0,0.0,97469,97469,0,0,5,5
funnel_ablation,funnel,bucketed,hvp,1024,2048,128,0,16,0.6153243176103413,20.478786563500762,33.281289195641875,2,0,0.0,97469,97469,0,0,5,5
funnel_ablation,funnel,bucketed,hybrid,128,2048,128,0,16,0.07580106042741791,20.478786563500762,270.1649086177349,16,0,0.0,97469,97469,0,0,5,5
funnel_ablation,funnel,bucketed,hybrid,256,2048,128,0,16,0.15530867445677546,20.478786563500762,131.85861404798925,8,0,0.0,97469,97469,0,0,5,5
funnel_ablation,funnel,bucketed,hybrid,512,2048,128,0,16,0.30936856258171513,20.478786563500762,66.19543496146798,4,0,0.0,97469,97469,0,0,5,5
funnel_ablation,funnel,bucketed,hybrid,1024,2048,128,0,16,0.6169865900552159,20.478786563500762,33.19162343814969,2,0,0.0,97469,97469,0,0,5,5
funnel_ablation,funnel,monolithic,monolithic,0,2048,128,1,16,1.0,16.47373702004552,16.47373702004552,,0,0.0,97738,97738,0,0,5,5
funnel_ablation,funnel,bucketed,none,128,2048,128,1,16,0.06320256732542581,16.47373702004552,260.6498077083379,16,0,0.0,97738,97738,0,0,5,5
funnel_ablation,funnel,bucketed,none,256,2048,128,1,16,0.12561276646301534,16.47373702004552,131.1469963118434,8,0,0.0,97738,97738,0,0,5,5
funnel_ablation,funnel,bucketed,none,512,2048,128,1,16,0.2494830767037031,16.47373702004552,66.03148092329502,4,0,0.0,97738,97738,0,0,5,5
funnel_ablation,funnel,bucketed,none,1024,2048,128,1,16,0.5004614535187983,16.47373702004552,32.91709462180734,2,0,0.0,97738,97738,0,0,5,5
funnel_ablation,funnel,bucketed,random,128,2048,128,1,16,0.062496199227261885,16.47373702004552,263.59582220576704,16,0,0.0,97738,97738,0,0,5,5
funnel_ablation,funnel,bucketed,random,256,2048,128,1,16,0.12543714557555194,16.47373702004552,131.3306113947183,8,0,0.0,97738,97738,0,0,5,5
funnel_ablation,funnel,bucketed,random,512,2048,128,1,16,0.24656153388894048,16.47373702004552,66.81389736756682,4,0,0.0,97738,97738,0,0,5,5
funnel_ablation,funnel,bucketed,random,1024,2048,128,1,16,0.48979467154912676,16.47373702004552,33.63396536745131,2,0,0.0,97738,97738,0,0,5,5
funnel_ablation,funnel,bucketed,history,128,2048,128,1,16,0.0627032062925473,16.47373702004552,262.7255924232304,16,0,0.0,97738,97738,0,0,5,5
funnel_ablation,funnel,bucketed,history,256,2048,128,1,16,0.12629617698975393,16.47373702004552,130.43733716011047,8,0,0.0,97738,97738,0,0,5,5
funnel_ablation,funnel,bucketed,history,512,2048,128,1,16,0.2510430964057057,16.47373702004552,65.62115133181214,4,0,0.0,97738,97738,0,0,5,5
funnel_ablation,funnel,bucketed,history,1024,2048,128,1,16,0.5036158441938812,16.47373702004552,32.71091886796057,2,0,0.0,97738,97738,0,0,5,5
funnel_ablation,funnel,bucketed,hvp,128,2048,128,1,16,0.06325976926746767,16.47373702004552,260.4141180217266,16,0,0.0,97738,97738,0,0,5,5
funnel_ablation,funnel,bucketed,hvp,256,2048,128,1,16,0.12412789047883006,16.47373702004552,132.71583812870085,8,0,0.0,97738,97738,0,0,5,5
funnel_ablation,funnel,bucketed,hvp,512,2048,128,1,16,0.25117239636941113,16.47373702004552,65.58737049996853,4,0,0.0,97738,97738,0,0,5,5
funnel_ablation,funnel,bucketed,hvp,1024,2048,128,1,16,0.4929832683909101,16.47373702004552,33.41642217151821,2,0,0.0,97738,97738,0,0,5,5
funnel_ablation,funnel,bucketed,hybrid,128,2048,128,1,16,0.061327926910938496,16.47373702004552,268.61721649207175,16,0,0.0,97738,97738,0,0,5,5
funnel_ablation,funnel,bucketed,hybrid,256,2048,128,1,16,0.122205857261305,16.47373702004552,134.80317056179047,8,0,0.0,97738,97738,0,0,5,5
funnel_ablation,funnel,bucketed,hybrid,512,2048,128,1,16,0.2410620643470808,16.47373702004552,68.33815625309944,4,0,0.0,97738,97738,0,0,5,5
funnel_ablation,funnel,bucketed,hybrid,1024,2048,128,1,16,0.4736913596432044,16.47373702004552,34.77736438438296,2,0,0.0,97738,97738,0,0,5,5
funnel_ablation,funnel,monolithic,monolithic,0,2048,128,2,16,1.0,16.74364141561091,16.74364141561091,,0,0.0,97150,97150,0,0,5,5
funnel_ablation,funnel,bucketed,none,128,2048,128,2,16,0.06330294712612858,16.74364141561091,264.5001879967749,16,0,0.0,97150,97150,0,0,5,5
funnel_ablation,funnel,bucketed,none,256,2048,128,2,16,0.12766531576366896,16.74364141561091,131.15262603200972,8,0,0.0,97150,97150,0,0,5,5
funnel_ablation,funnel,bucketed,none,512,2048,128,2,16,0.25548129130826835,16.74364141561091,65.53764203190804,4,0,0.0,97150,97150,0,0,5,5
funnel_ablation,funnel,bucketed,none,1024,2048,128,2,16,0.5093753041436625,16.74364141561091,32.870932845398784,2,0,0.0,97150,97150,0,0,5,5
funnel_ablation,funnel,bucketed,random,128,2048,128,2,16,0.0629867544777892,16.74364141561091,265.82797533273697,16,0,0.0,97150,97150,0,0,5,5
funnel_ablation,funnel,bucketed,random,256,2048,128,2,16,0.12686744113873352,16.74364141561091,131.977450363338,8,0,0.0,97150,97150,0,0,5,5
funnel_ablation,funnel,bucketed,random,512,2048,128,2,16,0.25674507405847175,16.74364141561091,65.2150444444269,4,0,0.0,97150,97150,0,0,5,5
funnel_ablation,funnel,bucketed,random,1024,2048,128,2,16,0.5082381966109798,16.74364141561091,32.944476678967476,2,0,0.0,97150,97150,0,0,5,5
funnel_ablation,funnel,bucketed,history,128,2048,128,2,16,0.06298132640648055,16.74364141561091,265.85088582523167,16,0,0.0,97150,97150,0,0,5,5
funnel_ablation,funnel,bucketed,history,256,2048,128,2,16,0.12808124324030914,16.74364141561091,130.72672463208437,8,0,0.0,97150,97150,0,0,5,5
funnel_ablation,funnel,bucketed,history,512,2048,128,2,16,0.25333923224310984,16.74364141561091,66.091782419011,4,0,0.0,97150,97150,0,0,5,5
funnel_ablation,funnel,bucketed,history,1024,2048,128,2,16,0.5024365398422226,16.74364141561091,33.32488799653947,2,0,0.0,97150,97150,0,0,5,5
funnel_ablation,funnel,bucketed,hvp,128,2048,128,2,16,0.06396449724835132,16.74364141561091,261.7646059282124,16,0,0.0,97150,97150,0,0,5,5
funnel_ablation,funnel,bucketed,hvp,256,2048,128,2,16,0.12166564708000982,16.74364141561091,137.62012381851673,8,0,0.0,97150,97150,0,0,5,5
funnel_ablation,funnel,bucketed,hvp,512,2048,128,2,16,0.24111005737815835,16.74364141561091,69.44397756643593,4,0,0.0,97150,97150,0,0,5,5
funnel_ablation,funnel,bucketed,hvp,1024,2048,128,2,16,0.480321854926758,16.74364141561091,34.85921209678054,2,0,0.0,97150,97150,0,0,5,5
funnel_ablation,funnel,bucketed,hybrid,128,2048,128,2,16,0.06334487461803284,16.74364141561091,264.32511732913554,16,0,0.0,97150,97150,0,0,5,5
funnel_ablation,funnel,bucketed,hybrid,256,2048,128,2,16,0.12778800813013977,16.74364141561091,131.02670321427286,8,0,0.0,97150,97150,0,0,5,5
funnel_ablation,funnel,bucketed,hybrid,512,2048,128,2,16,0.2555952456057291,16.74364141561091,65.50842280313373,4,0,0.0,97150,97150,0,0,5,5
funnel_ablation,funnel,bucketed,hybrid,1024,2048,128,2,16,0.5111035659417843,16.74364141561091,32.759782031178474,2,0,0.0,97150,97150,0,0,5,5
gaussian_process,gaussian_process,monolithic,monolithic,0,512,3,0,128,1.0,283.93092183800036,283.93092183800036,,0,0.0,223874,223874,0,0,5,5
gaussian_process,gaussian_process,bucketed,none,64,512,3,0,128,0.12553511496388553,283.93092183800036,2261.764940588,8,0,0.0,223874,223901,0,0,5,5
gaussian_process,gaussian_process,bucketed,none,128,512,3,0,128,0.2484591299894631,283.93092183800036,1142.7671096249978,4,0,0.0,223874,223881,0,0,5,5
gaussian_process,gaussian_process,bucketed,none,256,512,3,0,128,0.49519614231570386,283.93092183800036,573.3706254459976,2,0,0.0,223874,223900,0,0,5,5
gaussian_process,gaussian_process,bucketed,random,64,512,3,0,128,0.12608235268236379,283.93092183800036,2251.948157671999,8,0,0.0,223874,223901,0,0,5,5
gaussian_process,gaussian_process,bucketed,random,128,512,3,0,128,0.248621130263132,283.93092183800036,1142.0224883440023,4,0,0.0,223874,223881,0,0,5,5
gaussian_process,gaussian_process,bucketed,random,256,512,3,0,128,0.49994023603295284,283.93092183800036,567.9297271429969,2,0,0.0,223874,223900,0,0,5,5
gaussian_process,gaussian_process,bucketed,history,64,512,3,0,128,0.12759463393239032,283.93092183800036,2225.2575448309944,8,0,0.0,223874,223901,0,0,5,5
gaussian_process,gaussian_process,bucketed,history,128,512,3,0,128,0.2509627905837782,283.93092183800036,1131.366610873003,4,0,0.0,223874,223881,0,0,5,5
gaussian_process,gaussian_process,bucketed,history,256,512,3,0,128,0.50232560533351,283.93092183800036,565.2328267229968,2,0,0.0,223874,223900,0,0,5,5
gaussian_process,gaussian_process,bucketed,hvp,64,512,3,0,128,0.12544175487309916,283.93092183800036,2263.4482603119977,8,0,0.0,223874,223901,0,0,5,5
gaussian_process,gaussian_process,bucketed,hvp,128,512,3,0,128,0.25078077087906275,283.93092183800036,1132.1877703889986,4,0,0.0,223874,223881,0,0,5,5
gaussian_process,gaussian_process,bucketed,hvp,256,512,3,0,128,0.5003013903011516,283.93092183800036,567.519753777,2,0,0.0,223874,223900,0,0,5,5
gaussian_process,gaussian_process,bucketed,hybrid,64,512,3,0,128,0.12543201584289018,283.93092183800036,2263.624003249999,8,0,0.0,223874,223901,0,0,5,5
gaussian_process,gaussian_process,bucketed,hybrid,128,512,3,0,128,0.2503429502361116,283.93092183800036,1134.1678348450005,4,0,0.0,223874,223881,0,0,5,5
gaussian_process,gaussian_process,bucketed,hybrid,256,512,3,0,128,0.5013844628642758,283.93092183800036,566.2938181529971,2,0,0.0,223874,223900,0,0,5,5
gaussian_process,gaussian_process,monolithic,monolithic,0,512,3,1,128,1.0,278.77478139400046,278.77478139400046,,0,0.0,227261,227261,0,0,5,5
gaussian_process,gaussian_process,bucketed,none,64,512,3,1,128,0.12386949486534328,278.77478139400046,2250.552338951995,8,0,0.0,227261,227261,0,0,5,5
gaussian_process,gaussian_process,bucketed,none,128,512,3,1,128,0.24755399372793988,278.77478139400046,1126.1170833720098,4,0,0.0,227261,227261,0,0,5,5
gaussian_process,gaussian_process,bucketed,none,256,512,3,1,128,0.49195909209655253,278.77478139400046,566.6625251420046,2,0,0.0,227261,227260,0,0,5,5
gaussian_process,gaussian_process,bucketed,random,64,512,3,1,128,0.12265560280421436,278.77478139400046,2272.8254969239933,8,0,0.0,227261,227261,0,0,5,5
gaussian_process,gaussian_process,bucketed,random,128,512,3,1,128,0.16615885681672973,278.77478139400046,1677.7605884799996,4,0,0.0,227261,227261,0,0,5,5
gaussian_process,gaussian_process,bucketed,random,256,512,3,1,128,0.33177558894783,278.77478139400046,840.2510331700032,2,0,0.0,227261,227260,0,0,5,5
gaussian_process,gaussian_process,bucketed,history,64,512,3,1,128,0.07595860358083521,278.77478139400046,3670.088288252009,8,0,0.0,227261,227261,0,0,5,5
gaussian_process,gaussian_process,bucketed,history,128,512,3,1,128,0.18416723234326274,278.77478139400046,1513.7045708239893,4,0,0.0,227261,227261,0,0,5,5
gaussian_process,gaussian_process,bucketed,history,256,512,3,1,128,0.4839250054636389,278.77478139400046,576.0702138690103,2,0,0.0,227261,227260,0,0,5,5
gaussian_process,gaussian_process,bucketed,hvp,64,512,3,1,128,0.10402387887442102,278.77478139400046,2679.9114242850046,8,0,0.0,227261,227261,0,0,5,5
gaussian_process,gaussian_process,bucketed,hvp,128,512,3,1,128,0.24237989136777854,278.77478139400046,1150.156392186007,4,0,0.0,227261,227261,0,0,5,5
gaussian_process,gaussian_process,bucketed,hvp,256,512,3,1,128,0.481332747689205,278.77478139400046,579.172688192004,2,0,0.0,227261,227260,0,0,5,5
gaussian_process,gaussian_process,bucketed,hybrid,64,512,3,1,128,0.1199041063867176,278.77478139400046,2324.981101938989,8,0,0.0,227261,227261,0,0,5,5
gaussian_process,gaussian_process,bucketed,hybrid,128,512,3,1,128,0.24619250871212986,278.77478139400046,1132.3446958330023,4,0,0.0,227261,227261,0,0,5,5
gaussian_process,gaussian_process,bucketed,hybrid,256,512,3,1,128,0.4860112165088923,278.77478139400046,573.597423113999,2,0,0.0,227261,227260,0,0,5,5
gaussian_process,gaussian_process,monolithic,monolithic,0,512,3,2,128,1.0,285.23817973599944,285.23817973599944,,0,0.0,226589,226589,0,0,5,5
gaussian_process,gaussian_process,bucketed,none,64,512,3,2,128,0.1273102398706628,285.23817973599944,2240.496758358,8,0,0.0,226589,226574,0,0,5,5
gaussian_process,gaussian_process,bucketed,none,128,512,3,2,128,0.25269363860330246,285.23817973599944,1128.790504235003,4,0,0.0,226589,226573,0,0,5,5
gaussian_process,gaussian_process,bucketed,none,256,512,3,2,128,0.5010680715104127,285.23817973599944,569.260337974003,2,0,0.0,226589,226573,0,0,5,5
gaussian_process,gaussian_process,bucketed,random,64,512,3,2,128,0.12413167212583964,285.23817973599944,2297.8678595969977,8,0,0.0,226589,226574,0,0,5,5
gaussian_process,gaussian_process,bucketed,random,128,512,3,2,128,0.2512384868296716,285.23817973599944,1135.3283620489965,4,0,0.0,226589,226573,0,0,5,5
gaussian_process,gaussian_process,bucketed,random,256,512,3,2,128,0.505059975905053,285.23817973599944,564.7610053139942,2,0,0.0,226589,226573,0,0,5,5
gaussian_process,gaussian_process,bucketed,history,64,512,3,2,128,0.12552115064457336,285.23817973599944,2272.4312059860094,8,0,0.0,226589,226574,0,0,5,5
gaussian_process,gaussian_process,bucketed,history,128,512,3,2,128,0.25596418772273394,285.23817973599944,1114.3675303709897,4,0,0.0,226589,226573,0,0,5,5
gaussian_process,gaussian_process,bucketed,history,256,512,3,2,128,0.5120395442096102,285.23817973599944,557.0627951719944,2,0,0.0,226589,226573,0,0,5,5
gaussian_process,gaussian_process,bucketed,hvp,64,512,3,2,128,0.12701051812097286,285.23817973599944,2245.7839236930013,8,0,0.0,226589,226574,0,0,5,5
gaussian_process,gaussian_process,bucketed,hvp,128,512,3,2,128,0.2537416341281785,285.23817973599944,1124.1284100500052,4,0,0.0,226589,226573,0,0,5,5
gaussian_process,gaussian_process,bucketed,hvp,256,512,3,2,128,0.5044181913777832,285.23817973599944,565.4795655899943,2,0,0.0,226589,226573,0,0,5,5
gaussian_process,gaussian_process,bucketed,hybrid,64,512,3,2,128,0.12586204751578212,285.23817973599944,2266.2763348119915,8,0,0.0,226589,226574,0,0,5,5
gaussian_process,gaussian_process,bucketed,hybrid,128,512,3,2,128,0.24808214759548314,285.23817973599944,1149.7730993570003,4,0,0.0,226589,226573,0,0,5,5
gaussian_process,gaussian_process,bucketed,hybrid,256,512,3,2,128,0.4831304458859234,285.23817973599944,590.3957868209982,2,0,0.0,226589,226573,0,0,5,5
hierarchical_logistic,hierarchical_logistic,monolithic,monolithic,0,512,34,0,128,1.0,301.3336353420018,301.3336353420018,,0,0.0,225558,225558,0,0,5,5
hierarchical_logistic,hierarchical_logistic,bucketed,none,64,512,34,0,128,0.12359036885803033,301.3336353420018,2438.1643822759943,8,0,0.0,225558,225575,0,0,5,5
hierarchical_logistic,hierarchical_logistic,bucketed,none,128,512,34,0,128,0.2447603835010761,301.3336353420018,1231.137290404993,4,0,0.0,225558,225575,0,0,5,5
hierarchical_logistic,hierarchical_logistic,bucketed,none,256,512,34,0,128,0.4808860666367407,301.3336353420018,626.6216807849996,2,0,0.0,225558,225574,0,0,5,5
hierarchical_logistic,hierarchical_logistic,bucketed,random,64,512,34,0,128,0.12035709607084177,301.3336353420018,2503.6632253459975,8,0,0.0,225558,225559,0,0,5,5
hierarchical_logistic,hierarchical_logistic,bucketed,random,128,512,34,0,128,0.24299897730875888,301.3336353420018,1240.0613314479997,4,0,0.0,225558,225575,0,0,5,5
hierarchical_logistic,hierarchical_logistic,bucketed,random,256,512,34,0,128,0.4856146408818361,301.3336353420018,620.5200790379895,2,0,0.0,225558,225575,0,0,5,5
hierarchical_logistic,hierarchical_logistic,bucketed,history,64,512,34,0,128,0.12139421131080852,301.3336353420018,2482.2735127829947,8,0,0.0,225558,225559,0,0,5,5
hierarchical_logistic,hierarchical_logistic,bucketed,history,128,512,34,0,128,0.24537624664872212,301.3336353420018,1228.047292504998,4,0,0.0,225558,225575,0,0,5,5
hierarchical_logistic,hierarchical_logistic,bucketed,history,256,512,34,0,128,0.4903283224027788,301.3336353420018,614.5548229100095,2,0,0.0,225558,225575,0,0,5,5
hierarchical_logistic,hierarchical_logistic,bucketed,hvp,64,512,34,0,128,0.12298435187755224,301.3336353420018,2450.178666973996,8,0,0.0,225558,225575,0,0,5,5
hierarchical_logistic,hierarchical_logistic,bucketed,hvp,128,512,34,0,128,0.24345957945385818,301.3336353420018,1237.7152544909914,4,0,0.0,225558,225575,0,0,5,5
hierarchical_logistic,hierarchical_logistic,bucketed,hvp,256,512,34,0,128,0.4837440143454512,301.3336353420018,622.919615346007,2,0,0.0,225558,225574,0,0,5,5
hierarchical_logistic,hierarchical_logistic,bucketed,hybrid,64,512,34,0,128,0.12225023664835079,301.3336353420018,2464.892041140003,8,0,0.0,225558,225559,0,0,5,5
hierarchical_logistic,hierarchical_logistic,bucketed,hybrid,128,512,34,0,128,0.2414830049740791,301.3336353420018,1247.846138797002,4,0,0.0,225558,225559,0,0,5,5
hierarchical_logistic,hierarchical_logistic,bucketed,hybrid,256,512,34,0,128,0.4832666529097545,301.3336353420018,623.5349232720037,2,0,0.0,225558,225575,0,0,5,5
hierarchical_logistic,hierarchical_logistic,monolithic,monolithic,0,512,34,1,128,1.0,307.332834825007,307.332834825007,,0,0.0,229264,229264,0,0,5,5
hierarchical_logistic,hierarchical_logistic,bucketed,none,64,512,34,1,128,0.12466134542110609,307.332834825007,2465.3418731109996,8,0,0.0,229264,229264,0,0,5,5
hierarchical_logistic,hierarchical_logistic,bucketed,none,128,512,34,1,128,0.2503187863827395,307.332834825007,1227.7657592790201,4,0,0.0,229264,229265,0,0,5,5
hierarchical_logistic,hierarchical_logistic,bucketed,none,256,512,34,1,128,0.49751121194505576,307.332834825007,617.7405201049987,2,0,0.0,229264,229264,0,0,5,5
hierarchical_logistic,hierarchical_logistic,bucketed,random,64,512,34,1,128,0.12481015150254149,307.332834825007,2462.4025459880068,8,0,0.0,229264,229264,0,0,5,5
hierarchical_logistic,hierarchical_logistic,bucketed,random,128,512,34,1,128,0.2495459440895289,307.332834825007,1231.5681424769864,4,0,0.0,229264,229265,0,0,5,5
hierarchical_logistic,hierarchical_logistic,bucketed,random,256,512,34,1,128,0.4988413419154554,307.332834825007,616.0933527379821,2,0,0.0,229264,229265,0,0,5,5
hierarchical_logistic,hierarchical_logistic,bucketed,history,64,512,34,1,128,0.12479124699201725,307.332834825007,2462.775573070976,8,0,0.0,229264,229264,0,0,5,5
hierarchical_logistic,hierarchical_logistic,bucketed,history,128,512,34,1,128,0.24979615772420488,307.332834825007,1230.3345160509925,4,0,0.0,229264,229265,0,0,5,5
hierarchical_logistic,hierarchical_logistic,bucketed,history,256,512,34,1,128,0.49764511061000843,307.332834825007,617.5743080209941,2,0,0.0,229264,229265,0,0,5,5
hierarchical_logistic,hierarchical_logistic,bucketed,hvp,64,512,34,1,128,0.12500701189916175,307.332834825007,2458.5247671780235,8,0,0.0,229264,229264,0,0,5,5
hierarchical_logistic,hierarchical_logistic,bucketed,hvp,128,512,34,1,128,0.24850459699571079,307.332834825007,1236.728972181998,4,0,0.0,229264,229265,0,0,5,5
hierarchical_logistic,hierarchical_logistic,bucketed,hvp,256,512,34,1,128,0.49040939417576784,307.332834825007,626.686271663988,2,0,0.0,229264,229264,0,0,5,5
hierarchical_logistic,hierarchical_logistic,bucketed,hybrid,64,512,34,1,128,0.12502654943121175,307.332834825007,2458.1405807260016,8,0,0.0,229264,229264,0,0,5,5
hierarchical_logistic,hierarchical_logistic,bucketed,hybrid,128,512,34,1,128,0.24882158335017937,307.332834825007,1235.1534408190055,4,0,0.0,229264,229265,0,0,5,5
hierarchical_logistic,hierarchical_logistic,bucketed,hybrid,256,512,34,1,128,0.49265242128617465,307.332834825007,623.832993701013,2,0,0.0,229264,229264,0,0,5,5
hierarchical_logistic,hierarchical_logistic,monolithic,monolithic,0,512,34,2,128,1.0,304.9818573179946,304.9818573179946,,0,0.0,228295,228295,0,0,5,5
hierarchical_logistic,hierarchical_logistic,bucketed,none,64,512,34,2,128,0.1241156406798087,304.9818573179946,2457.2395199149905,8,0,0.0,228295,228293,0,0,5,5
hierarchical_logistic,hierarchical_logistic,bucketed,none,128,512,34,2,128,0.2495601564493276,304.9818573179946,1222.077520936,4,0,0.0,228295,228293,0,0,5,5
hierarchical_logistic,hierarchical_logistic,bucketed,none,256,512,34,2,128,0.49406973320386205,304.9818573179946,617.2850446439988,2,0,0.0,228295,228293,0,0,5,5
hierarchical_logistic,hierarchical_logistic,bucketed,random,64,512,34,2,128,0.12403532111562168,304.9818573179946,2458.8307151129993,8,0,0.0,228295,228293,0,0,5,5
hierarchical_logistic,hierarchical_logistic,bucketed,random,128,512,34,2,128,0.24751445949699072,304.9818573179946,1232.1779419989907,4,0,0.0,228295,228293,0,0,5,5
hierarchical_logistic,hierarchical_logistic,bucketed,random,256,512,34,2,128,0.4953244152729937,304.9818573179946,615.7214300649939,2,0,0.0,228295,228293,0,0,5,5
hierarchical_logistic,hierarchical_logistic,bucketed,history,64,512,34,2,128,0.12380628711977903,304.9818573179946,2463.379400295991,8,0,0.0,228295,228293,0,0,5,5
hierarchical_logistic,hierarchical_logistic,bucketed,history,128,512,34,2,128,0.24757019053241305,304.9818573179946,1231.9005638849922,4,0,0.0,228295,228293,0,0,5,5
hierarchical_logistic,hierarchical_logistic,bucketed,history,256,512,34,2,128,0.494266851958757,304.9818573179946,617.0388649559754,2,0,0.0,228295,228293,0,0,5,5
hierarchical_logistic,hierarchical_logistic,bucketed,hvp,64,512,34,2,128,0.12369077732983444,304.9818573179946,2465.6798502019956,8,0,0.0,228295,228293,0,0,5,5
hierarchical_logistic,hierarchical_logistic,bucketed,hvp,128,512,34,2,128,0.2463781316005941,304.9818573179946,1237.8609064720222,4,0,0.0,228295,228277,0,0,5,5
hierarchical_logistic,hierarchical_logistic,bucketed,hvp,256,512,34,2,128,0.488762217091864,304.9818573179946,623.9882025510015,2,0,0.0,228295,228293,0,0,5,5
hierarchical_logistic,hierarchical_logistic,bucketed,hybrid,64,512,34,2,128,0.12398548241729479,304.9818573179946,2459.8190963319794,8,0,0.0,228295,228293,0,0,5,5
hierarchical_logistic,hierarchical_logistic,bucketed,hybrid,128,512,34,2,128,0.24794167704419473,304.9818573179946,1230.0548296429915,4,0,0.0,228295,228293,0,0,5,5
hierarchical_logistic,hierarchical_logistic,bucketed,hybrid,256,512,34,2,128,0.4911996105788251,304.9818573179946,620.8918955750123,2,0,0.0,228295,228293,0,0,5,5
stochastic_volatility,stochastic_volatility,monolithic,monolithic,0,512,128,0,128,1.0,170.14367872100007,170.14367872100007,,0,0.0,225779,225779,0,0,5,5
stochastic_volatility,stochastic_volatility,bucketed,none,64,512,128,0,128,0.10125261338321652,170.14367872100007,1680.388021957,8,0,0.0,225779,225779,0,0,5,5
stochastic_volatility,stochastic_volatility,bucketed,none,128,512,128,0,128,0.11977959364672937,170.14367872100007,1420.472999957,4,0,0.0,225779,225779,0,0,5,5
stochastic_volatility,stochastic_volatility,bucketed,none,256,512,128,0,128,0.2616564593167563,170.14367872100007,650.2559851390001,2,0,0.0,225779,225779,0,0,5,5
stochastic_volatility,stochastic_volatility,bucketed,random,64,512,128,0,128,0.06729197931665414,170.14367872100007,2528.4392055159997,8,0,0.0,225779,225779,0,0,5,5
stochastic_volatility,stochastic_volatility,bucketed,random,128,512,128,0,128,0.14248412048383535,170.14367872100007,1194.123795292,4,0,0.0,225779,225779,0,0,5,5
stochastic_volatility,stochastic_volatility,bucketed,random,256,512,128,0,128,0.3164323981167892,170.14367872100007,537.6936108109994,2,0,0.0,225779,225779,0,0,5,5
stochastic_volatility,stochastic_volatility,bucketed,history,64,512,128,0,128,0.08939075811736079,170.14367872100007,1903.369904276,8,0,0.0,225779,225779,0,0,5,5
stochastic_volatility,stochastic_volatility,bucketed,history,128,512,128,0,128,0.17086196271769008,170.14367872100007,995.7961152660009,4,0,0.0,225779,225779,0,0,5,5
stochastic_volatility,stochastic_volatility,bucketed,history,256,512,128,0,128,0.31905650852127293,170.14367872100007,533.2712988980002,2,0,0.0,225779,225779,0,0,5,5
stochastic_volatility,stochastic_volatility,bucketed,hvp,64,512,128,0,128,0.09590099559008543,170.14367872100007,1774.1596703359992,8,0,0.0,225779,225779,0,0,5,5
stochastic_volatility,stochastic_volatility,bucketed,hvp,128,512,128,0,128,0.23837181830061854,170.14367872100007,713.774304085,4,0,0.0,225779,225779,0,0,5,5
stochastic_volatility,stochastic_volatility,bucketed,hvp,256,512,128,0,128,0.46247830987706606,170.14367872100007,367.89547766299984,2,0,0.0,225779,225779,0,0,5,5
stochastic_volatility,stochastic_volatility,bucketed,hybrid,64,512,128,0,128,0.1183726025178443,170.14367872100007,1437.3569145389993,8,0,0.0,225779,225779,0,0,5,5
stochastic_volatility,stochastic_volatility,bucketed,hybrid,128,512,128,0,128,0.23511445241924603,170.14367872100007,723.6632073029996,4,0,0.0,225779,225779,0,0,5,5
stochastic_volatility,stochastic_volatility,bucketed,hybrid,256,512,128,0,128,0.4716748521121421,170.14367872100007,360.7223873799994,2,0,0.0,225779,225779,0,0,5,5
stochastic_volatility,stochastic_volatility,monolithic,monolithic,0,512,128,1,128,1.0,178.4418136600034,178.4418136600034,,0,0.0,229392,229392,0,0,5,5
stochastic_volatility,stochastic_volatility,bucketed,none,64,512,128,1,128,0.12420999671650619,178.4418136600034,1436.6139471630013,8,0,0.0,229392,229392,0,0,5,5
stochastic_volatility,stochastic_volatility,bucketed,none,128,512,128,1,128,0.2513223965888668,178.4418136600034,710.0115870369991,4,0,0.0,229392,229392,0,0,5,5
stochastic_volatility,stochastic_volatility,bucketed,none,256,512,128,1,128,0.4976666104966352,178.4418136600034,358.55693328899724,2,0,0.0,229392,229392,0,0,5,5
stochastic_volatility,stochastic_volatility,bucketed,random,64,512,128,1,128,0.12481921182126988,178.4418136600034,1429.6021506329998,8,0,0.0,229392,229392,0,0,5,5
stochastic_volatility,stochastic_volatility,bucketed,random,128,512,128,1,128,0.2359883578653392,178.4418136600034,756.1466814470004,4,0,0.0,229392,229392,0,0,5,5
stochastic_volatility,stochastic_volatility,bucketed,random,256,512,128,1,128,0.46596845243629575,178.4418136600034,382.9482719849984,2,0,0.0,229392,229392,0,0,5,5
stochastic_volatility,stochastic_volatility,bucketed,history,64,512,128,1,128,0.11718936621437438,178.4418136600034,1522.6792278540015,8,0,0.0,229392,229392,0,0,5,5
stochastic_volatility,stochastic_volatility,bucketed,history,128,512,128,1,128,0.24746311368825905,178.4418136600034,721.0844921509997,4,0,0.0,229392,229392,0,0,5,5
stochastic_volatility,stochastic_volatility,bucketed,history,256,512,128,1,128,0.49441561885097735,178.4418136600034,360.9145966599972,2,0,0.0,229392,229392,0,0,5,5
stochastic_volatility,stochastic_volatility,bucketed,hvp,64,512,128,1,128,0.1244680854673812,178.4418136600034,1433.6350799479987,8,0,0.0,229392,229392,0,0,5,5
stochastic_volatility,stochastic_volatility,bucketed,hvp,128,512,128,1,128,0.2465907631388527,178.4418136600034,723.6354330089998,4,0,0.0,229392,229392,0,0,5,5
stochastic_volatility,stochastic_volatility,bucketed,hvp,256,512,128,1,128,0.4914435555488946,178.4418136600034,363.09727057200143,2,0,0.0,229392,229392,0,0,5,5
stochastic_volatility,stochastic_volatility,bucketed,hybrid,64,512,128,1,128,0.12425952007476666,178.4418136600034,1436.0413878360014,8,0,0.0,229392,229392,0,0,5,5
stochastic_volatility,stochastic_volatility,bucketed,hybrid,128,512,128,1,128,0.2467126860444713,178.4418136600034,723.2778197219995,4,0,0.0,229392,229392,0,0,5,5
stochastic_volatility,stochastic_volatility,bucketed,hybrid,256,512,128,1,128,0.48164612116147393,178.4418136600034,370.48323617700225,2,0,0.0,229392,229392,0,0,5,5
stochastic_volatility,stochastic_volatility,monolithic,monolithic,0,512,128,2,128,1.0,179.34998739799994,179.34998739799994,,0,0.0,228456,228456,0,0,5,5
stochastic_volatility,stochastic_volatility,bucketed,none,64,512,128,2,128,0.1241772707773679,179.34998739799994,1444.3060817430014,8,0,0.0,228456,228456,0,0,5,5
stochastic_volatility,stochastic_volatility,bucketed,none,128,512,128,2,128,0.2511489940777171,179.34998739799994,714.1178807290016,4,0,0.0,228456,228456,0,0,5,5
stochastic_volatility,stochastic_volatility,bucketed,none,256,512,128,2,128,0.4980863724846826,179.34998739799994,360.07808545999796,2,0,0.0,228456,228456,0,0,5,5
stochastic_volatility,stochastic_volatility,bucketed,random,64,512,128,2,128,0.1246537327496231,179.34998739799994,1438.7855336690045,8,0,0.0,228456,228456,0,0,5,5
stochastic_volatility,stochastic_volatility,bucketed,random,128,512,128,2,128,0.24721737052634263,179.34998739799994,725.474860508999,4,0,0.0,228456,228456,0,0,5,5
stochastic_volatility,stochastic_volatility,bucketed,random,256,512,128,2,128,0.49249872412678647,179.34998739799994,364.1633543639982,2,0,0.0,228456,228456,0,0,5,5
stochastic_volatility,stochastic_volatility,bucketed,history,64,512,128,2,128,0.12283545254331228,179.34998739799994,1460.0832551560015,8,0,0.0,228456,228456,0,0,5,5
stochastic_volatility,stochastic_volatility,bucketed,history,128,512,128,2,128,0.24366697636496515,179.34998739799994,736.0455244019977,4,0,0.0,228456,228456,0,0,5,5
stochastic_volatility,stochastic_volatility,bucketed,history,256,512,128,2,128,0.47657743714170353,179.34998739799994,376.3291616860006,2,0,0.0,228456,228456,0,0,5,5
stochastic_volatility,stochastic_volatility,bucketed,hvp,64,512,128,2,128,0.12453220549903675,179.34998739799994,1440.189601391001,8,0,0.0,228456,228456,0,0,5,5
stochastic_volatility,stochastic_volatility,bucketed,hvp,128,512,128,2,128,0.24906110981553062,179.34998739799994,720.1043451980004,4,0,0.0,228456,228456,0,0,5,5
stochastic_volatility,stochastic_volatility,bucketed,hvp,256,512,128,2,128,0.494961750372394,179.34998739799994,362.35120645799907,2,0,0.0,228456,228456,0,0,5,5
stochastic_volatility,stochastic_volatility,bucketed,hybrid,64,512,128,2,128,0.12399459266862876,179.34998739799994,1446.4339414970018,8,0,0.0,228456,228456,0,0,5,5
stochastic_volatility,stochastic_volatility,bucketed,hybrid,128,512,128,2,128,0.24989597677778927,179.34998739799994,717.698578866999,4,0,0.0,228456,228456,0,0,5,5
stochastic_volatility,stochastic_volatility,bucketed,hybrid,256,512,128,2,128,0.49402640960688926,179.34998739799994,363.03724641100416,2,0,0.0,228456,228456,0,0,5,5
